Key,Value
AccountIdentity.AgeCheck.Label.AgeBandOver13,13+
AccountIdentity.AgeCheck.Label.AgeBandOver13Checked,Edad comprobada 13+
AccountIdentity.AgeCheck.Label.AgeBandOver18,18+
AccountIdentity.AgeCheck.Label.AgeBandOver18Checked,Edad comprobada 18+
AccountIdentity.AgeCheck.Label.AgeBandUnder13,<13
AccountIdentity.AgeCheck.Label.AgeGroup13To15,13-15 años
AccountIdentity.AgeCheck.Label.AgeGroup16To17,16-17 años
AccountIdentity.AgeCheck.Label.AgeGroup18To20,18-20 años
AccountIdentity.AgeCheck.Label.AgeGroup18To24,De 18 a 24
AccountIdentity.AgeCheck.Label.AgeGroup9To12,9-12 años
AccountIdentity.AgeCheck.Label.AgeGroupOver21,Más de 21 años
AccountIdentity.AgeCheck.Label.AgeGroupOver25,Mayor de 25
AccountIdentity.AgeCheck.Label.AgeGroupUnder9,5-8
Amp.AccountSettingsUpsell.Email.Button.Cancel,Cancelar
Amp.AccountSettingsUpsell.Email.Button.Settings,Configuración
Amp.AccountSettingsUpsell.Email.Modal.ContentText,"Verifica tu correo electrónico para acceder a esta experiencia.

1. Ve a Información de la cuenta en Configuración
2. Selecciona Añadir correo electrónico
3. Completa el proceso
"
Amp.AccountSettingsUpsell.Email.Modal.Title,Verificación de correo electrónico obligatoria
Amp.AccountSettingsUpsell.Phone.Button.Cancel,
Amp.AccountSettingsUpsell.Phone.Button.Settings,
Amp.AccountSettingsUpsell.Phone.Modal.ContentText,"Verifica tu télefono para acceder a esta experiencia.

1. Ve a Información de la cuenta en Configuración
2. Selecciona Añadir teléfono
3. Completa el proceso"
Amp.AccountSettingsUpsell.Phone.Modal.Title,Verificación de número de teléfono obligatoria
Amp.ErrorScreen.BodyText,Error al recuperar tu estado de acceso
Amp.ErrorScreen.Cancel,
Amp.ErrorScreen.Retry,Reintentar
Amp.ErrorScreen.Title,Algo salió mal
Amp.ErrorScreen.UserMismatchBody,Este código QR es para una cuenta diferente. Cambia de cuenta y vuelve a escanear para continuar.
Amp.ErrorScreen.UserMismatchTitle,Cuenta incorrecta
Amp.FAEUpsell.Modal.ExternalLink.ButtonCancel,
Amp.FAEUpsell.Modal.ExternalLink.ButtonStart,Empezar estimación de edad
Amp.FAEUpsell.Modal.ExternalLink.Text,Esto desbloquea más juegos y funciones como el chat.
Amp.FAEUpsell.Modal.ExternalLink.Title,Verifiquemos tu edad
Amp.FAEUpsell.Modal.Failed.ButtonClose,Cerrar
Amp.FAEUpsell.Modal.Failed.ButtonRetry,
Amp.FAEUpsell.Modal.Failed.Text,Algo salió mal. Inténtalo más tarde.
Amp.FAEUpsell.Modal.Failed.Title,Error de verificación de edad
Amp.FAEUpsell.Modal.Loading.ButtonCancel,
Amp.FAEUpsell.Modal.Loading.Text,"Esto puede tardar unos instantes. Si cancelas, es posible que no se verifique tu edad."
Amp.FAEUpsell.Modal.Loading.Title,Verificando tu edad
Amp.FAEUpsell.Modal.QRCode.Description,Accede a más juegos y funciones al completar una verificación de edad. Escanea este código QR con tu teléfono o tableta.
Amp.FAEUpsell.Modal.QRCode.Footer,¿No se escanea? Descarga la app de Roblox en tu dispositivo móvil y dirígete a Configuración > Información de la cuenta.
Amp.FAEUpsell.Modal.QRCode.Title,Completa una verificación de edad con la app móvil
Amp.IDVErrorScreen.Close,
Amp.IDVErrorScreen.Declined,"Lo sentimos, se rechazó la verificación por razones de seguridad. Si quieres intentarlo de nuevo, vuelve en unos días."
Amp.IDVErrorScreen.Retry,Algo salió mal. Actualiza la página inténtalo de nuevo.
Amp.IDVErrorScreen.Timeout,"Lo sentimos, el proceso de verificación tardó demasiado. Actualiza la página e inténtelo de nuevo."
Amp.IDVErrorScreen.Title,Error en la verificación
Amp.IDVUpsell.Button.Cancel,
Amp.IDVUpsell.Button.StartVerification,Empezar verificación
Amp.IDVUpsell.Directions.IDBody,"Licencia de conducir, pasaporte, documento de identidad, permiso de residencia"
Amp.IDVUpsell.Directions.IDHeader,Prepara un documento de identificación válido
Amp.IDVUpsell.Directions.PhoneBody,Necesitas un smartphone para poder continuar
Amp.IDVUpsell.Directions.PhoneHeader,Usa un smartphone
Amp.IDVUpsell.Modal.Disclaimer,Ten en cuenta que estás a punto de iniciar el proceso de verificación de identidad con nuestro proveedor de servicios externo. La información recolectada por medio de este proceso solo será usada para proporcionar seguridad a tu cuenta y/o habilitar funciones de Roblox.
Amp.IDVUpsell.Modal.PrivacyLinkText,Aviso de privacidad biométrica de Roblox
Amp.IDVUpsell.Modal.QRHeaderText,Escanea el código QR para comenzar
Amp.IDVUpsell.Modal.Title,Verificación de edad obligatoria
Amp.IDVUpsell.PrivacyPageHeader,Política de privacidad
Amp.Upsell.Action.AskNow,Preguntar ahora
Amp.Upsell.Description.PrologueEnablePurchase,"Debido a las restricciones regionales, necesita permiso parental para realizar esta compra."
Amp.Upsell.Description.PrologueJoinExperience,"Para unirte a esta experiencia, necesitas permiso parental."
Amp.Upsell.Description.PrologueTextVpc,Necesitas el permiso parental.
Amp.Upsell.Description.PrologueUnblockUser,"Para desbloquear a {displayName}, necesitas permiso parental"
Amp.Upsell.Message.EmailSent,Enviamos un correo electrónico a {parentEmail}
Amp.Upsell.Message.EmailSentPluralParent,Enviamos un correo electrónico al correo de tu padre o madre vinculado
Amp.Upsell.Title.AskYourParent,Pregunta a tus padres
Amp.Upsell.Title.RequestSent,Solicitud enviada
Application.ConnectionError.Action.Ok,Aceptar
Application.ConnectionError.ErrorCode,Código de error: {errorCode}
Application.Logout.Action.Logout,Cerrar sesión
Application.Logout.Message.Confirmation,¿Quieres cerrar la sesión?
Application.Logout.Title.Logout,
Application.Settings.AccountSettingsTitle,Configuración de la cuenta
Application.Settings.AppSettingsTitle,Configuración de la aplicación
Application.Settings.DeviceSettings.Title,Configuración del dispositivo
Application.Settings.VR.Comfort.Description,Reduce el mareo por movimiento al ajustar el movimiento y el campo de visión.
Application.Settings.VR.Comfort.Profile.Description,Elige uno de los preajustes o selecciona “Personalizado” para configurar manualmente cada opción de comodidad.
Application.Settings.VR.Comfort.Profile.Option.Comfort,Comodidad
Application.Settings.VR.Comfort.Profile.Option.Custom,Personalizado
Application.Settings.VR.Comfort.Profile.Option.Default,Predeterminado
Application.Settings.VR.Comfort.Profile.Option.Expert,Experto
Application.Settings.VR.Comfort.Profile.Title,Perfil de comodidad
Application.Settings.VR.Comfort.SafetyBubbleMode.Description,Decide quién puede acercarse a ti sin desvanecerse
Application.Settings.VR.Comfort.SafetyBubbleMode.Option.Anyone,Todos
Application.Settings.VR.Comfort.SafetyBubbleMode.Option.NoOne,Nadie
Application.Settings.VR.Comfort.SafetyBubbleMode.Option.OnlyFriends,Solo amistades
Application.Settings.VR.Comfort.SafetyBubbleMode.Title,Burbuja de seguridad
Application.Settings.VR.Comfort.SteppedRotationEnabled.Description,Configuración de locomoción que gira la vista en ángulos fijos e incrementales en lugar de un movimiento continuo.
Application.Settings.VR.Comfort.SteppedRotationEnabled.Title,Rotación escalonada
Application.Settings.VR.Comfort.ThirdPersonFixedCamEnabled.Description,Ayuda a prevenir los mareos por el movimiento suave de la cámara. La cámara se mantiene fija mientras te mueves y luego se coloca instantáneamente detrás de ti. Solo funciona en tercera persona.
Application.Settings.VR.Comfort.ThirdPersonFixedCamEnabled.Title,Cámara de comodidad en tercera persona
Application.Settings.VR.Comfort.Title,Ajustes de comodidad
Application.Settings.VR.Comfort.VignetteEnabled.Description,Configuración de comodidad que reduce tu campo de visión durante el movimiento para prevenir o aliviar el mareo por movimiento.
Application.Settings.VR.Comfort.VignetteEnabled.Title,Viñeta de comodidad
Application.Settings.VRAccountSettingsExplanation,"Para acceder a Privacidad, Controles de seguridad y más visita el sitio web o un dispositivo complementario."
Application.Settings.VRAccountSettingsSubtitle,Visitar el sitio web o el dispositivo complementario
Application.Settings.VolumeSliderDescription,"Controla el nivel general de sonido de Roblox, incluidos los efectos del menú, el sonido del juego y el chat de voz."
Authentication.AccountPicker.Button.CreateAccount,Crear cuenta
Authentication.AccountPicker.Button.SignIntoAnotherAccount,Iniciar sesión en otra cuenta
Authentication.AccountPicker.Label.AllAccounts,Todas las cuentas
Authentication.AccountPicker.Label.Manage,Gestionar
Authentication.AccountPicker.Label.ManageAccounts,Gestionar cuentas
Authentication.AccountPicker.Label.RemoveAccount,¿Eliminar cuenta?
Authentication.AccountPicker.Label.RemoveAccountCancel,
Authentication.AccountPicker.Label.RemoveAccountDescription,"Ya no verás esta cuenta en este dispositivo, a menos que inicies sesión de nuevo."
Authentication.AccountPicker.Label.RemoveAccountRemove,Eliminar
Authentication.AccountPicker.Label.SignedOut,Sesión cerrada
Authentication.AccountRecovery.Action.AddAPasskey,"Sí, agregar una nueva clave de acceso"
Authentication.AccountRecovery.Action.Continue,Continuar
Authentication.AccountRecovery.Action.Delete,
Authentication.AccountRecovery.Action.DeleteAll,Eliminar cambios
Authentication.AccountRecovery.Action.DontDeleteCredentials,Guardar todo
Authentication.AccountRecovery.Action.Next,Siguiente
Authentication.AccountRecovery.Action.Ok,
Authentication.AccountRecovery.Action.ResetPassword,Restablecer contraseña
Authentication.AccountRecovery.Action.Save,Guardar
Authentication.AccountRecovery.Action.SendCode,Envíame un código
Authentication.AccountRecovery.Action.SkipAddingPasskey,"No, omitir este paso"
Authentication.AccountRecovery.Action.UpdatePassword,Actualizar contraseña
Authentication.AccountRecovery.Action.UseAnotherMethod,Usar otro método
Authentication.AccountRecovery.Action.UseBackupCode,Usar código de respaldo
Authentication.AccountRecovery.Action.UseEmail,Usar correo electrónico
Authentication.AccountRecovery.Action.UseEmailInstead,Utilizar el correo electrónico en su lugar
Authentication.AccountRecovery.Action.UsePhone,Usar teléfono
Authentication.AccountRecovery.Action.UsePhoneInstead,O número de teléfono
Authentication.AccountRecovery.Action.UseUsernameEmailInstead,Utilizar nombre de usuario o correo electrónico en su lugar
Authentication.AccountRecovery.Description.AccountSecuredConfirmation,Se eliminaron todos los cambios.
Authentication.AccountRecovery.Description.CannotRecoverAccount,"Por tu seguridad, se requiere un segundo método de verificación distinto para recuperar tu cuenta habilitada para la verificación en 2 pasos. Esta cuenta no tiene un método de respaldo disponible para una recuperación segura. Intenta recuperar el acceso a tu método principal de 2SV o usa un código de respaldo para omitir el desafío de 2SV."
Authentication.AccountRecovery.Description.ChooseAccount,Elige la cuenta que quieres recuperar.
Authentication.AccountRecovery.Description.CreateNewPassword,Crea una contraseña segura que sea diferente de la anterior.
Authentication.AccountRecovery.Description.CreateNewPasswordAddEmail,Crea una nueva contraseña y añade un correo electrónico para ayudar a proteger tu cuenta en el futuro.
Authentication.AccountRecovery.Description.DeviceDoesNotSupportPasskey,"Estás inscrito en el Programa de protección mejorada. Para mantener tu cuenta segura, necesitarás una clave de acceso o una clave de seguridad para iniciar sesión. Este dispositivo no es compatible con las claves de acceso, por lo que iniciar sesión en este dispositivo podría ser un desafío. En el futuro, puedes usar el inicio de sesión rápido para usar otro dispositivo conectado para iniciar sesión."
Authentication.AccountRecovery.Description.EmailCodeSent,"Acabamos de enviar un código de verificación de 6 dígitos a la dirección de correo electrónico proporcionada, si esta está asociada con una cuenta. Revisa todas tus carpetas, incluida la del correo no deseado."
Authentication.AccountRecovery.Description.EmailCodeSentForUser,"Acabamos de enviar un código de verificación de 6 dígitos a la dirección de correo electrónico proporcionada, si esta está asociada con tu cuenta. Revisa todas tus carpetas, incluida la del correo no deseado."
Authentication.AccountRecovery.Description.EmailUnavailableInfo,"Es posible que algunos correos electrónicos no estén disponibles porque se modificaron debido a un cambio de edad. Sin embargo, aún se pueden utilizar para la recuperación de la cuenta."
Authentication.AccountRecovery.Description.EnhancedProtectionAddPasskey,"Estás inscrito en el Programa de protección mejorada. Para mantener tu cuenta segura, necesitarás una clave de acceso o una clave de seguridad para iniciar sesión.{lineBreak}{lineBreak}Si estás en tu dispositivo personal, te recomendamos que configures una nueva clave de acceso ahora. Esto facilita el inicio de sesión en este dispositivo en el futuro. Si estás en un dispositivo compartido o público, omite este paso."
Authentication.AccountRecovery.Description.EnterABackupCode,"Ahora, ingresa un código de respaldo que hayas guardado."
Authentication.AccountRecovery.Description.EnterContactMethodAssociatedWithYourAccount,"Ingresa un correo electrónico o un número de teléfono que puede estar asociado a tu cuenta. Si has realizado una compra antes, puedes probar tu correo electrónico de facturación."
Authentication.AccountRecovery.Description.EnterEmailAddress,"Ahora, ingresa una dirección de correo electrónico. Puede ser uno que hayas utilizado para comprar algo en Roblox."
Authentication.AccountRecovery.Description.EnterPhoneBackupCodeOrAnotherEmail,"Ahora, ingresa un número de teléfono, un código de respaldo u otra dirección de correo electrónico. Puede ser un correo electrónico que hayas utilizado para comprar algo en Roblox."
Authentication.AccountRecovery.Description.EnterPhoneNumberSecondMethod,"Ahora, ingresa un número de teléfono que esté asociado con tu cuenta."
Authentication.AccountRecovery.Description.EnterPhoneOrAnotherEmail,"Ahora, ingresa un número de teléfono u otra dirección de correo electrónico. Este podría ser un correo electrónico que hayas utilizado para comprar algo en Roblox."
Authentication.AccountRecovery.Description.InvalidateCredentialInfo,Encontramos un cambio de seguridad que es posible que no hayas realizado. Elimínalo si no lo reconoces
Authentication.AccountRecovery.Description.InvalidateCredentialsIntro,Encontramos cambios de seguridad que es posible que no hayas realizado. Elimina los que no reconozcas.
Authentication.AccountRecovery.Description.InvalidateCredentialsWarning,Conservar cambios no reconocidos puede poner en riesgo tu cuenta. La eliminación de los cambios no puede revertirse.
Authentication.AccountRecovery.Description.KeepTwoStepMethodDynamic,Activaste {twoStepMethod} en tu cuenta. Consérvalo si aún puedes acceder a él. Te lo pediremos cuando vuelvas a iniciar sesión.
Authentication.AccountRecovery.Description.NoChangesMade,Mantén tu cuenta protegida agregando una capa adicional de seguridad.
Authentication.AccountRecovery.Description.PhoneCodeSent,"Si existe una cuenta de Roblox para este número de teléfono, recibirás un código de verificación. Revisa tu SMS o WhatsApp."
Authentication.AccountRecovery.Description.PhoneCodeSentForUser,"Acabamos de enviar un código de verificación de 6 dígitos al número de teléfono que proporcionaste, si este está asociado con tu cuenta. El código puede enviarse por WhatsApp o SMS."
Authentication.AccountRecovery.Description.PlatformNotSupported,"La recuperación de la cuenta no es compatible con esta plataforma o dispositivo. Selecciona Aceptar para cerrar esta ventana y volver a la página de inicio de sesión. Recupera tu cuenta en otro dispositivo. Luego, elige Inicio de sesión rápido y sigue las instrucciones para iniciar sesión de forma segura desde el otro dispositivo que ya esté conectado."
Authentication.AccountRecovery.Description.SaveTwoStepMethod,Consérvalo si aún puedes acceder a él. Te pediremos que lo uses cuando vuelvas a iniciar sesión.
Authentication.AccountRecovery.Description.SendCodeContactMethodConfirmation,Te enviaremos un código de verificación de 6 dígitos al método de contacto proporcionado si está asociado con una cuenta Roblox.
Authentication.AccountRecovery.Description.SomethingWentWrongVerifyAgain,Algo salió mal. Presiona “Continuar” para volver a intentarlo.
Authentication.AccountRecovery.Description.TrustedLocationResetPassword,"Hola {username}, estás accediendo a tu cuenta desde una ubicación de confianza. Restablece tu contraseña ahora para recuperar el acceso a tu cuenta de Roblox."
Authentication.AccountRecovery.Description.TrustedLocationResetPasswordSkip2SV,"Hola, {username}. Estás accediendo a tu cuenta desde una ubicación de confianza. Puedes omitir la verificación en 2 pasos y restablecer tu contraseña ahora para completar la recuperación."
Authentication.AccountRecovery.Description.TrustedLocationSkip2SV,"Hola, {username}. Estás accediendo a tu cuenta desde una ubicación de confianza. Puedes omitir la verificación en 2 pasos y completar la recuperación."
Authentication.AccountRecovery.Description.UpdateEmailConfirmation,Nos dimos cuenta de que usaste un correo electrónico diferente para recuperar tu cuenta. Actualizaremos tu dirección de correo electrónico a {email}
Authentication.AccountRecovery.Description.VerifyAgain,Verifica que eres tú antes de recuperar tu cuenta habilitada para la verificación en 2 pasos. Presiona “Continuar” para activar nuevamente el desafío de verificación en 2 pasos.
Authentication.AccountRecovery.Heading.AccountSecuredConfirmation,Tu cuenta está protegida
Authentication.AccountRecovery.Heading.BackupCodesGenerated,Códigos de respaldo generados
Authentication.AccountRecovery.Heading.BillingEmailAdded,Correo electrónico de facturación añadido
Authentication.AccountRecovery.Heading.CannotRecoverAccount,No podemos recuperar tu cuenta
Authentication.AccountRecovery.Heading.ChooseVerificationMethod,Elegir método de verificación
Authentication.AccountRecovery.Heading.EmailAdded,Correo electrónico añadido
Authentication.AccountRecovery.Heading.EnhancedProtectionPostRecoveryPasskey,¿Es este su dispositivo personal?
Authentication.AccountRecovery.Heading.EnhancedProtectionProgramPostRecoveryNoPasskey,Es posible que experimentes comportamientos limitados en este dispositivo porque no admite la clave de acceso
Authentication.AccountRecovery.Heading.EnrolledInEnhancedProtection,Inscrito en el Programa de protección mejorada
Authentication.AccountRecovery.Heading.EnterSecondMethod,Ingresa un segundo método de verificación
Authentication.AccountRecovery.Heading.InvalidateCredential,Cambio en tu cuenta
Authentication.AccountRecovery.Heading.InvalidateCredentials,Cambios en tu cuenta
Authentication.AccountRecovery.Heading.NoChangesMade,No se realizaron cambios
Authentication.AccountRecovery.Heading.PasskeyAdded,Clave de acceso añadida
Authentication.AccountRecovery.Heading.PhoneNumberAdded,Número de teléfono añadido
Authentication.AccountRecovery.Heading.ResetPassword,
Authentication.AccountRecovery.Heading.RobloxAccountRecovery,Recuperación de la cuenta Roblox
Authentication.AccountRecovery.Heading.SaveTwoStepMethod,¿Conservamos el método de verificación en dos pasos actual?
Authentication.AccountRecovery.Heading.TwoStepMethodAdded,{value} añadido
Authentication.AccountRecovery.Heading.UpdateEmail,Actualiza tu correo electrónico
Authentication.AccountRecovery.Heading.UseAnotherDevice,Usa otro dispositivo
Authentication.AccountRecovery.Label.AddEmail,Añadir un correo electrónico
Authentication.AccountRecovery.Label.Authenticator2sv,verificación de dos pasos con aplicación de autenticación
Authentication.AccountRecovery.Label.Authenticator2svCapitalized,Autenticador de dos pasos
Authentication.AccountRecovery.Label.BackupCode,Código de respaldo
Authentication.AccountRecovery.Label.ConfirmNewPasswordV2,Confirmar nueva contraseña
Authentication.AccountRecovery.Label.Email2sv,verificación de dos pasos con correo electrónico
Authentication.AccountRecovery.Label.Email2svCapitalized,Verificación de dos pasos con correo electrónico
Authentication.AccountRecovery.Label.EmailUnavailable,correo electrónico no disponible
Authentication.AccountRecovery.Label.EnterCode,Ingresa el código
Authentication.AccountRecovery.Label.NewPasswordV2,Nueva contraseña
Authentication.AccountRecovery.Label.Or,o
Authentication.AccountRecovery.Label.PreviousContactMethodVerification,Verificado: {contactMethod}
Authentication.AccountRecovery.Label.ResendCode,Reenviar código
Authentication.AccountRecovery.Label.ResendCodeTimer,Reenviar código en {timeLeft} s
Authentication.AccountRecovery.Label.SecurityKey2sv,verificación de dos pasos con clave de seguridad
Authentication.AccountRecovery.Label.SecurityKey2svCapitalized,Verificación de dos pasos con clave de seguridad
Authentication.AccountRecovery.Label.UsernameEmail,Nombre de usuario o correo
Authentication.AccountRecovery.LabelEmail,Correo electrónico
Authentication.AccountRecovery.LabelPhone,Teléfono
Authentication.AccountRecovery.LabelTwoStepVerification,Verificación en dos pasos
Authentication.AccountRecovery.Message.Error.AccountNotFound,Cuenta no encontrada.
Authentication.AccountRecovery.Message.Error.InvalidCode,Código no válido.
Authentication.AccountRecovery.Message.Error.InvalidEmail,Correo electrónico no válido.
Authentication.AccountRecovery.Message.Error.InvalidPassword,Contraseña no válida.
Authentication.AccountRecovery.Message.Error.TooManyRequests,Demasiadas peticiones. Inténtalo de nuevo más tarde.
Authentication.AccountRecovery.Message.Error.TryADifferentOne,Prueba con uno diferente.
Authentication.AccountRecovery.MessagePasswordsDoNotMatch,La contraseña no coincide.
Authentication.AccountRecovery.MessageUnknownError,Error desconocido
Authentication.AccountSwitch.Action.AddAccount,Añadir cuenta
Authentication.AccountSwitch.Action.AddAnAccount,Añadir una cuenta
Authentication.AccountSwitch.Action.Continue,
Authentication.AccountSwitch.Action.CreateNewAccount,Crear cuenta nueva
Authentication.AccountSwitch.Action.LogoutAllAccounts,Cerrar sesión de todas las cuentas
Authentication.AccountSwitch.Action.RemoveAllAccounts,¿Eliminar todas las cuentas?
Authentication.AccountSwitch.Action.SignInToExistingAccount,Iniciar sesión en una cuenta existente
Authentication.AccountSwitch.Action.SwitchAccount,Cambiar cuentas
Authentication.AccountSwitch.Description.AccountLimit.2,"Alcanzaste el límite de cuentas. Para añadir una nueva, primero elimina una existente."
Authentication.AccountSwitch.Description.ContinueSignOutOthers,"Si continúas como {username}, se cerrarán tus otras cuentas."
Authentication.AccountSwitch.Description.LogoutConfirmation,Necesitarás cerrar sesión en tus otras cuentas de Roblox en este dispositivo antes de añadir una cuenta nueva
Authentication.AccountSwitch.Description.PleaseTryAgainLater,Inténtalo de nuevo más tarde
Authentication.AccountSwitch.Description.RemoveAllAccounts,"Una vez que cierres sesión, todas las cuentas se eliminarán de este dispositivo."
Authentication.AccountSwitch.Description.RemoveCurrentAccount,"Si lo haces, ya no verás esta cuenta en este dispositivo, a menos que inicies sesión de nuevo. Volverás a la página de inicio."
Authentication.AccountSwitch.Description.TryLoggingInDirectly.2,Intenta iniciar sesión directamente
Authentication.AccountSwitch.Header.CantSwitchAccountsSentenceCase,No se puede cambiar de cuenta
Authentication.AccountSwitch.Header.LogoutAllAccounts,Cerrar la sesión de todas las cuentas
Authentication.AccountSwitch.Header.RemoveCurrentAccount,¿Eliminar la cuenta actual?
Authentication.AccountSwitch.Header.SignOutOtherAccounts,¿Cerrar sesión en otras cuentas?
Authentication.AccountSwitch.Header.SwitchAccountSentenceCase,
Authentication.AccountSwitch.Heading.SwitchAccount,
Authentication.AccountSwitch.Label.AccountLimitReached.2,"Para añadir una cuenta, cierra la sesión de una primero."
Authentication.CrossDevice.Action.CancelLogin,
Authentication.CrossDevice.Action.ConfirmLogin,Confirmar inicio de sesión
Authentication.CrossDevice.Action.Done,Hecho
Authentication.CrossDevice.Action.Enter,Ingresar
Authentication.CrossDevice.Action.GoBack,Atrás
Authentication.CrossDevice.Action.Next,
Authentication.CrossDevice.Action.TryAgain,Intentar de nuevo
Authentication.CrossDevice.Description.ConfirmOnSignedInDevice,Confirma en el dispositivo donde hayas iniciado sesión para continuar.
Authentication.CrossDevice.Description.QuickSignInInstructionsModal,"En el dispositivo donde iniciaste sesión, escanea el código QR o ve a <b>Más > Inicio de sesión rápido</b> e ingresa el código que aparece a continuación."
Authentication.CrossDevice.Description.SigningInAs,Iniciando sesión como {identifier}
Authentication.CrossDevice.EnterCodeInstruction,"luego, ingresa este código"
Authentication.CrossDevice.GoToInstruction,En tu equipo de escritorio o teléfono ve a:
Authentication.CrossDevice.Heading.LoginAnotherDevice,Iniciar sesión en otro dispositivo
Authentication.CrossDevice.Heading.LoginCode,Código de inicio de sesión rápido
Authentication.CrossDevice.Heading.LoginWarning,"Para iniciar sesión, asegúrate de:"
Authentication.CrossDevice.Heading.QuickLogin,Inicio de sesión rápido
Authentication.CrossDevice.Heading.SignInWithQrCode,Inicia sesión con código QR
Authentication.CrossDevice.Heading.SigninAnotherDevice,
Authentication.CrossDevice.Heading.WaitingForConfirmation,Esperando confirmación
Authentication.CrossDevice.Heading.Warning,¡Advertencia!
Authentication.CrossDevice.Label.CodeHeader,Opción 2
Authentication.CrossDevice.Label.CodeNotVerified,El código de inicio de sesión rápido no se verificó.
Authentication.CrossDevice.Label.Confirm,Confirmar
Authentication.CrossDevice.Label.ConfirmAndLoginAs,Confirmando el inicio de sesión como %s en tu otro dispositivo
Authentication.CrossDevice.Label.ConfirmOnDevice,Confirma el inicio de sesión en tu dispositivo
Authentication.CrossDevice.Label.ConfirmationMessage1,Estás a punto de iniciar sesión en: %s
Authentication.CrossDevice.Label.ConfirmationMessage2,"Este nuevo dispositivo tendrá acceso a tu cuenta, a tus Robux y a tu inventario."
Authentication.CrossDevice.Label.ConfirmationMessage3,Confirma que eres tú.
Authentication.CrossDevice.Label.Continue,
Authentication.CrossDevice.Label.DevicePrompt,Ingresa este código en el dispositivo donde iniciaste sesión y empieza a explorar
Authentication.CrossDevice.Label.EnterCodeTextBox,
Authentication.CrossDevice.Label.EnterOtherDeviceCode,Ingresa un código de otro dispositivo
Authentication.CrossDevice.Label.InvalidLocationError,No pudimos hacer coincidir tu ubicación con el dispositivo que intentaba conectarse. Inténtalo de nuevo utilizando la misma red.
Authentication.CrossDevice.Label.LogginInAs,Iniciando sesión como %s
Authentication.CrossDevice.Label.LoginInstructions,"En el dispositivo donde iniciaste sesión, ve a:"
Authentication.CrossDevice.Label.LoginInstructionsV2,Abre tu aplicación de Roblox y ve a:
Authentication.CrossDevice.Label.LoginLocation,<b>Configuración de la cuenta > Inicio de sesión rápido</b> para ingresar tu código.
Authentication.CrossDevice.Label.LoginLocationV2,"<b>Página ""Más"" > Inicio de sesión rápido</b> para ingresar tu código."
Authentication.CrossDevice.Label.NotAvailableOnNetwork,La función no está disponible en esta red. Inténtalo de nuevo más tarde
Authentication.CrossDevice.Label.OK,
Authentication.CrossDevice.Label.QrCodeError,"Estamos teniendo problemas para mostrar un código QR. Actualiza esta página, o sigue las instrucciones a continuación para iniciar sesión en otro dispositivo."
Authentication.CrossDevice.Label.QrCodeLogin,Código QR de inicio de sesión
Authentication.CrossDevice.Label.QrHeader,Opción 1
Authentication.CrossDevice.Label.QrInstructions,Escanea este código QR desde la cámara de tu dispositivo conectado.
Authentication.CrossDevice.Label.QuestCDLShortLinkInstruction,Ve a <b>roblox.com/quest</b> en tu equipo de escritorio o teléfono para ingresar este código y completar el inicio de sesión.
Authentication.CrossDevice.Label.QuickSignInWarning,"Por tu seguridad, ingresa únicamente los códigos que hayas generado desde tu nuevo dispositivo."
Authentication.CrossDevice.Label.SigninInstructionHeading,Para iniciar sesión como {username} en un dispositivo nuevo:
Authentication.CrossDevice.Label.SigninInstructionOne,"1. En tu nuevo dispositivo, abre la página de inicio de sesión."
Authentication.CrossDevice.Label.SigninInstructionThree,3. Ingresa el código en el campo de abajo.
Authentication.CrossDevice.Label.SigninInstructionTwo,2. Selecciona Inicio de sesión rápido para obtener un código.
Authentication.CrossDevice.Label.Warning1,• ingresar solo los códigos que solicitaste;
Authentication.CrossDevice.Label.Warning2,• no ingresar nunca el código de otro usuario.
Authentication.CrossDevice.Response.InvalidCode,El código ingresado no es válido. Asegúrate de que esté escrito correctamente.
Authentication.CrossDevice.Response.LoginFail,Error al iniciar sesión
Authentication.CrossDevice.Response.LoginSuccess,Inicio de sesión correcto
Authentication.Login.Action.ConnectionError.RetryReady,Reintentarlo
Authentication.Login.Action.ConnectionError.RetryWait,Volver a intentar: {WaitTime}
Authentication.Login.Action.Continue,
Authentication.Login.Action.DownloadNow,Descarga ahora
Authentication.Login.Action.EmailACode,Enviar un código por correo electrónico
Authentication.Login.Action.EmailMeCode,Recibir código por correo electrónico
Authentication.Login.Action.EmailOtpWaitTime,Reenviar código en {WaitTime} s
Authentication.Login.Action.ForgotPasswordOrUsernameQuestionCapitalized,¿Olvidaste la contraseña o el nombre de usuario?
Authentication.Login.Action.ForgotUsername,¿Olvidaste el nombre de usuario?
Authentication.Login.Action.ForgotUsernameOrPassword,¿Olvidaste el nombre de usuario o la contraseña?
Authentication.Login.Action.LogInEmailOneTimeCode,Envíame un código de un solo uso
Authentication.Login.Action.NeedHelp,¿Necesitas ayuda?
Authentication.Login.Action.Next,
Authentication.Login.Action.QQLogin,Inicio de sesión QQ
Authentication.Login.Action.QuickSignIn,
Authentication.Login.Action.ResendCode,
Authentication.Login.Action.SendCodeSentenceCase,Enviar código
Authentication.Login.Action.SendVerificationEmail,Enviar correo de verificación
Authentication.Login.Action.SignIn,Iniciar sesión
Authentication.Login.Action.SignInSentenceCase,
Authentication.Login.Action.SignInWithQrCode,
Authentication.Login.Action.UsePasskey,Usar llave de acceso
Authentication.Login.Action.WeChatLogin,Inicio de sesión de WeChat
Authentication.Login.Button.CloseAndSwitchPlatformAccount,Sal de Roblox para cambiar la cuenta de {platformAccountName}
Authentication.Login.Button.UseDifferentRobloxAccount,Usar una cuenta Roblox diferente
Authentication.Login.Description.AccountSelectorHelp,Todas sus cuentas asociadas están enumeradas aquí.
Authentication.Login.Description.DownloadNewVersion,Esta versión de Roblox no está disponible para tu cuenta. Descarga la versión correcta para continuar.
Authentication.Login.Description.EnterOneTimeCodeHelpV2,Ingresa el código que te acabamos de enviar a {email}
Authentication.Login.Description.GetOneTimeCodeHelp,Ingresa el correo electrónico verificado en tu cuenta para recibir un código de un solo uso.
Authentication.Login.Description.PasskeyDescription,"Tu cuenta tiene una llave de acceso, un método de inicio de sesión más seguro que la contraseña. Puedes usar tu huella digital, cara o bloqueo de pantalla para iniciar sesión en este dispositivo."
Authentication.Login.Description.PasskeyLoginIncompatibleDevice,"No podemos determinar si tu dispositivo es compatible con la llave de acceso. Inténtalo de nuevo o toca ""Problemas al iniciar sesión"" para recuperar tu cuenta con un correo electrónico o número de teléfono."
Authentication.Login.Description.PasskeyMobileOnly,Las llaves de acceso solo están disponibles en dispositivos móviles. Elige otra forma de iniciar sesión.
Authentication.Login.Description.SigningInWith,Iniciando sesión con <b>{identifier}</b>
Authentication.Login.Description.UsernameHandle,@<b>{username}</b>
Authentication.Login.Description.VerificationCodeSentTo,"Si existe una cuenta de Roblox, recibirás un código de verificación en {email}"
Authentication.Login.Error.PasskeyOnlyAccount,Tu cuenta solo tiene una llave de acceso configurada para iniciar sesión. Intenta iniciar sesión con tu llave o recupera la cuenta.
Authentication.Login.Error.PlatformAccountConnectionFailure,No se puede verificar la cuenta de la plataforma. Inténtalo de nuevo más tarde.
Authentication.Login.Heading.EnterYourCode,
Authentication.Login.Heading.IncompatibleAccounts,Cuentas incompatibles
Authentication.Login.Heading.Login,
Authentication.Login.Heading.LoginRoblox,Iniciar sesión en Roblox
Authentication.Login.Heading.LoginRobloxAccountSwitching,
Authentication.Login.Heading.NewAppAvailable,Descarga la nueva aplicación de Roblox
Authentication.Login.Heading.SignIn,
Authentication.Login.Heading.SignInAnotherWay,Inicia sesión de otra manera
Authentication.Login.Heading.SignInToRoblox,Inicia sesión en Roblox
Authentication.Login.Heading.SignInWithRoblox,Inicia sesión con Roblox
Authentication.Login.Label.AccountSelectorTitle,Seleccionar cuenta para iniciar sesión
Authentication.Login.Label.AgedUpUsername,Añade un @nombredeusuario único
Authentication.Login.Label.ConnectionError.RetryDisabled,"Lo sentimos, hubo un problema al conectar a nuestros servidores.

No se puede reintentar en este momento. Inténtalo de nuevo más tarde."
Authentication.Login.Label.ConnectionError.RetryReady,"Lo sentimos, hubo un problema al conectar a nuestros servidores.

Inténtalo de nuevo."
Authentication.Login.Label.ConnectionError.RetryWait,"Lo sentimos, hubo un problema al conectar a nuestros servidores.

Espera un momento e inténtalo de nuevo."
Authentication.Login.Label.ConnectionError.Title,Error de conexión
Authentication.Login.Label.Email,
Authentication.Login.Label.EmailAddress,Dirección de correo electrónico
Authentication.Login.Label.EmailNeedsVerification,Tu correo electrónico necesita verificación
Authentication.Login.Label.EmailOrPhone,Correo electrónico o teléfono
Authentication.Login.Label.EnterCode,
Authentication.Login.Label.EnterEmail,Ingresar correo electrónico
Authentication.Login.Label.EnterHere,Ingresar aquí
Authentication.Login.Label.EnterOneTimeCode,Ingresar código de un solo uso
Authentication.Login.Label.EnterOneTimeCodeLoginHelp,Ingresa el código que te acabamos de enviar al correo electrónico
Authentication.Login.Label.EnterPassword,Ingresa la contraseña
Authentication.Login.Label.EnterYourPassword,Ingresa tu contraseña
Authentication.Login.Label.ForgotPassword,¿Olvidaste la contraseña?
Authentication.Login.Label.ForgotYourPassword,
Authentication.Login.Label.GetOneTimeCode,Obtener un código de un solo uso
Authentication.Login.Label.LearnMore,Más información
Authentication.Login.Label.LinkAccountWarning,"Tu cuenta de Roblox se enlazará a tu cuenta para acceder a {platform} y la próxima vez que te unas, ¡se te conectará automáticamente! Puedes desenlazarla desde Configuración en cualquier momento. Puede haber un periodo de espera antes de enlazar una nueva cuenta."
Authentication.Login.Label.PasskeyIncompatible,Llave de acceso incompatible
Authentication.Login.Label.Password,Contraseña
Authentication.Login.Label.Phone,
Authentication.Login.Label.QQUserCancel,Cerraste la sesión QQ. Vuelve a iniciar sesión en QQ.
Authentication.Login.Label.SelectAnAccount,Selecciona una cuenta
Authentication.Login.Label.TroubleSigningIn,¿Problemas al iniciar sesión?
Authentication.Login.Label.UnverifiedEmailInstructions,"Para iniciar sesión con tu correo electrónico, primero debes verificarlo. También puedes iniciar sesión con tu nombre de usuario."
Authentication.Login.Label.Username,Nombre de usuario
Authentication.Login.Label.UsernameEmailOrPhoneNumber,"Nombre de usuario, correo o número de teléfono"
Authentication.Login.Label.UsernameEmailPhone,Usuario/correo/teléfono
Authentication.Login.Label.UsernameOrEmail,Nombre de usuario o correo electrónico
Authentication.Login.Label.UsernameOrPhone,Nombre de usuario o teléfono
Authentication.Login.Label.VerificationCode,Código de verificación
Authentication.Login.Label.WeChatUserCancel,Cerraste sesión de WeChat. Vuelve a iniciarla.
Authentication.Login.Label.WeChatVersionNotSupported,Esta versión de WeChat no es compatible
Authentication.Login.LinkIllegalChildAccountLinking,Esta cuenta de Roblox no se pudo vincular a una cuenta infantil de Xbox. Inténtalo con otra cuenta o revisa tu configuración.
Authentication.Login.QrCodeLoginTitle,Escanear el código QR para iniciar sesión
Authentication.Login.Response.AccountNotFound,No se encontró la cuenta. Inténtalo de nuevo más tarde.
Authentication.Login.Response.AlreadyLinked,Esta cuenta de Roblox ya está vinculada a una cuenta diferente en {platform}. Intenta iniciar sesión con una cuenta Roblox diferente.
Authentication.Login.Response.EnterEmailForLoginCode,"Para iniciar sesión, ingresa tu dirección de correo electrónico en su lugar"
Authentication.Login.Response.ErrorUseCorporateNetwork,Debes conectarte a la red de la empresa para iniciar sesión.
Authentication.Login.Response.IncorrectEmailOrPassword,Correo electrónico o contraseña incorrectos.
Authentication.Login.Response.IncorrectOtpCode,El código es incorrecto. Compruébalo y vuelve a intentarlo.
Authentication.Login.Response.IncorrectPhoneOrPassword,Número de teléfono o contraseña incorrectos.
Authentication.Login.Response.IncorrectUsernamePassword,Nombre de usuario o contraseña incorrectos.
Authentication.Login.Response.InvalidEmail,Dirección de correo electrónico no válida.
Authentication.Login.Response.InvalidPasskeyCredential,"No se puede iniciar sesión con esta llave. Para recuperar el acceso, ve a ""Olvidé la contraseña o el nombre de usuario."""
Authentication.Login.Response.MoreThanOneUsername,Tu correo electrónico está asociado a más de un nombre de usuario. Inicia sesión con tu nombre de usuario.
Authentication.Login.Response.NoLoginMethods,No hay métodos de inicio de sesión disponibles para esta cuenta. Intenta recuperar la cuenta o ponte en contacto con Soporte.
Authentication.Login.Response.PlatformAlreadyLinked,Esta cuenta de {platform} ya está vinculada a otra cuenta de Roblox. Inicia sesión con la cuenta de Roblox vinculada.
Authentication.Login.Response.RelinkingFreeze,Esta cuenta de Roblox se vinculó a otra cuenta en {platform} en los últimos 90 días. Intenta iniciar sesión con una cuenta Roblox diferente.
Authentication.Login.Response.Require2FA,La verificación de 2 pasos no es compatible con la consola. Sigue las instrucciones de la derecha para iniciar sesión de forma segura.
Authentication.Login.Response.Require2FAGeneric,La verificación obligatoria adicional no es compatible con este dispositivo. Sigue las instrucciones de la derecha para iniciar sesión de forma segura.
Authentication.Login.Response.ServiceUnavailable,Servicio no disponible. Inténtalo de nuevo más tarde.
Authentication.Login.Response.SomethingWentWrong,Algo salió mal. Inténtalo de nuevo más tarde.
Authentication.Login.Response.TencentLoginFailurePleaseTryAgain,Error al iniciar sesión. Inténtalo de nuevo.
Authentication.Login.Response.TooManyAttemptsPleaseWait,Demasiados intentos. Espera un poco.
Authentication.Login.Response.UnableToSignIn,No se puede iniciar sesión.
Authentication.Login.Response.UnknownError,
Authentication.Login.Response.UnknownErrorLoginWithDifferentMethod,Algo salió mal. Intenta otra forma de iniciar sesión.
Authentication.Login.Response.UnverifiedEmailLoginWithUsername,Tu correo electrónico no se ha verificado. Inicia sesión con tu nombre de usuario.
Authentication.Login.WeChat.AntiAddictionText,"Boicotea experiencias con contenido inapropiado y di no a la piratería. Protégete y no dejes que te engañen. Visitar experiencias es bueno, pero visitarlas por demasiado tiempo puede perjudicar tu salud. Gestiona bien tu tiempo libre para poder vivir una vida saludable."
Authentication.Login.WeChat.NotInstalled,WeChat no está instalado
Authentication.OneTimePasscode.Action.ChangeEmailV2,Cambiar correo electrónico
Authentication.OneTimePasscode.Action.Continue,
Authentication.OneTimePasscode.Action.GetHelp,Obtén ayuda
Authentication.OneTimePasscode.Action.Resend,Reenviar
Authentication.OneTimePasscode.Description.DidntReceiveCode,¿No has recibido el código?
Authentication.OneTimePasscode.Description.ReviewAndConsentToTerms,Revise y acepte los siguientes términos en nombre de su hijo(a). Puede optar por aceptar o no aceptar los términos individuales. Su hijo(a) puede seguir usando Roblox si no acepta los términos opcionales. 
Authentication.OneTimePasscode.Description.SendVerificationCode,Enviaremos a tus padres un código de verificación para que puedan ayudarte a registrarte
Authentication.OneTimePasscode.Label.CodeSent,Código enviado
Authentication.OneTimePasscode.Label.ConsentNeeded,Se necesita consentimiento
Authentication.OneTimePasscode.Label.ParentConsentNeeded,Se necesita el consentimiento de uno de los padres
Authentication.OneTimePasscode.Label.SixDigitCode,Código de 6 dígitos
Authentication.Passkey.Action.Continue,
Authentication.Passkey.Action.CreatePasskey,Crear llave de acceso
Authentication.Passkey.Action.KeepUsingPassword,"No, seguir usando la contraseña"
Authentication.Passkey.Action.TryAgainLaterAcknowledgement,Tal vez más tarde
Authentication.Passkey.Action.TryAgainNowAcknowledgement,Prueba ahora
Authentication.Passkey.Description.Benefits,La llave de acceso es una forma más segura y rápida de iniciar sesión porque no puede ser reutilizada o adivinada por otros
Authentication.Passkey.Description.DataPolicy,Roblox no almacena tus datos biométricos
Authentication.Passkey.Description.Error,No pudimos registrar tu llave de acceso. Inténtalo de nuevo.
Authentication.Passkey.Description.Purpose,"Inicia sesión en Roblox con FaceID, huella digital o el PIN que usas para desbloquear tu dispositivo"
Authentication.Passkey.Description.UpsellRegistrationSuccess,"Ahora puedes usar FaceID, huella digital o el PIN del dispositivo para iniciar sesión en Roblox."
Authentication.Passkey.Label.UpsellErrorTitle,Inténtalo otra vez
Authentication.Passkey.Label.UpsellTitle,Iniciar sesión más rápido con una llave de acceso
Authentication.Passkey.Label.UpsellToastPageTitle,¡Éxito! Contraseña creada
Authentication.Passkey.Label.UpsellToastTitle,¡Llave de acceso creada correctamente!
Authentication.ResetPassword.Response.ResetPasswordStarted,Debes restablecer la contraseña antes de continuar.
Authentication.SignUp.Action.Cancel,
Authentication.SignUp.Action.Continue,
Authentication.SignUp.Action.CreateAPasskey,
Authentication.SignUp.Action.CreateAccount,
Authentication.SignUp.Action.CreateAccountSentenceCase,
Authentication.SignUp.Action.EnableFaceId,Activar Face ID
Authentication.SignUp.Action.ExitModalLeave,Salir
Authentication.SignUp.Action.IUnderstand,Entiendo
Authentication.SignUp.Action.NextWord,
Authentication.SignUp.Action.SetupLater,Configurar más tarde
Authentication.SignUp.Action.StartOver,Empezar de nuevo
Authentication.SignUp.Action.UseEmail,Usar dirección de correo electrónico
Authentication.SignUp.Action.UsePhoneNumber,Usar número de teléfono
Authentication.SignUp.Button.OKCaptialized,
Authentication.SignUp.Button.RetryLogIn,Volver a iniciar sesión
Authentication.SignUp.Description.AccountAlreadyLinked,Tu cuenta {platformAccountName} ya está vinculada a una cuenta de Roblox. Intenta iniciar sesión de nuevo.
Authentication.SignUp.Description.AgreeToTermsWithGuardian.NoParameters,"Acepto los Términos de uso de Roblox (incluido el arbitraje) y reconozco su Política de privacidad. Si soy menor de 18 años, acepto que mis padres o tutores me permiten crear esta cuenta y aceptan los Términos de uso."
Authentication.SignUp.Description.BirthdayHelp,Esta información nos ayuda a saber qué contenido mostrarte. No será visible para otros.
Authentication.SignUp.Description.BirthdayHelp3,Esto nos ayuda a mostrarte contenido relevante y no se comparte con nadie.
Authentication.SignUp.Description.BirthdayValuePropC,Esta información nos ayuda a saber qué contenido mostrarte. No será visible para otros
Authentication.SignUp.Description.ClickNextAgreeToTerms,"Al seleccionar Siguiente, aceptas los Términos de uso, que incluyen la cláusula de arbitraje, y reconoces la Política de privacidad."
Authentication.SignUp.Description.CreateAPassword,Crea una contraseña para tu cuenta de Roblox
Authentication.SignUp.Description.CreateAccountPasskeyEmphasisDescription,"Las claves de acceso te permiten iniciar sesión rápidamente con tu Face ID, huella digital o el PIN que utilizas para desbloquear el dispositivo."
Authentication.SignUp.Description.CreatePasskeyOrOTP,Crea una clave de acceso para tu cuenta de Roblox o agrega un correo electrónico para iniciar sesión con una contraseña de un solo uso.
Authentication.SignUp.Description.EnsureNeverLoseAccount,Esto garantiza que nunca pierdas el acceso a tu cuenta de Roblox.
Authentication.SignUp.Description.EnterParentEmail,Ingresa el correo electrónico de uno de tus padres para recibir un código de verificación.
Authentication.SignUp.Description.FaceIdPromo,Face ID es la forma más segura y sencilla de iniciar sesión en Roblox.
Authentication.SignUp.Description.GenderHelp2,Esto nos ayuda a elegir un avatar relevante para ti.
Authentication.SignUp.Description.OneMoreStep,Un paso más
Authentication.SignUp.Description.Or,O
Authentication.SignUp.Description.ParentEmailDisclaimer,"Te pedimos el correo electrónico de tu padre o madre con el fin de recuperar la cuenta, de conformidad con la Política de privacidad de Roblox."
Authentication.SignUp.Description.PasskeyTryAgain,"Lo sentimos, algo salió mal al registrar tu llave de acceso. Intenta registrarte de nuevo con un nombre de usuario diferente."
Authentication.SignUp.Description.RobloxNotAvailableInRegion,Roblox no está disponible temporalmente en tu región.
Authentication.SignUp.Description.SecureAccountWithPasskeyText,Protege tu cuenta con una clave de acceso para iniciar sesión rápidamente con tu teléfono en el futuro o agrega una contraseña para iniciar sesión manualmente.
Authentication.SignUp.Description.SignUpAgreement.FullCopy.Continue,"Al hacer clic en Continuar, aceptas nuestros Términos de uso (incluido el arbitraje) y reconoces nuestra Política de privacidad. Si eres menor de 18 años, aceptas que tus padres o tutores te permiten crear esta cuenta y aceptan nuestros Términos de uso."
Authentication.SignUp.Description.SignUpAgreement.FullCopy.CreateAccount,"Al hacer clic en Crear cuenta, aceptas nuestros Términos de uso (incluido el arbitraje) y reconoces nuestra Política de privacidad. Si eres menor de 18 años, aceptas que tus padres o tutores te permiten crear esta cuenta y aceptan nuestros Términos de uso."
Authentication.SignUp.Description.SignUpAgreement.ShortCopy,Acepto los Términos de uso de Roblox (incluido el arbitraje) y reconozco su Política de privacidad.
Authentication.SignUp.Description.SignupAgreement.FullCopy.CreateAccount,
Authentication.SignUp.Description.ThisKeepYourAccountSecure,Esto mantendrá tu cuenta de Roblox segura.
Authentication.SignUp.Description.Try,Probar
Authentication.SignUp.Description.UnderAgeAlert,No cumples con el requisito de edad mínima para jugar Roblox.
Authentication.SignUp.Description.UsernameHelp,Así es como la gente te verá en Roblox. Recuerda tu nombre de usuario para iniciar sesión en el futuro.
Authentication.SignUp.Description.UsernameHelpV2,Así es como iniciarás sesión y te mostrarás a los demás. Asegúrate de que sea fácil de recordar.
Authentication.SignUp.Description.UsernameRule1,Usa de 3 a 20 caracteres
Authentication.SignUp.Description.UsernameRule2,"Solo se permiten letras (a-z), números (0-9) y guión bajo (_)"
Authentication.SignUp.Description.VerificationLinkingText,"Tu cuenta Roblox se vinculará a tu cuenta en {platform}. Puedes desvincularla en cualquier momento desde la pantalla de Configuración. Puede haber un tiempo de enfriamiento antes de poder vincularla a otra cuenta en {platform}. Al hacer clic en Regístrate, aceptas los Términos de uso, incluida la cláusula de arbitraje, y la Política de privacidad."
Authentication.SignUp.Description.VerificationLinkingText.VariableButtonName,"Tu cuenta Roblox se vinculará a tu cuenta en {platform}. Puedes desvincularla en cualquier momento desde la pantalla de Configuración. Puede haber un tiempo de enfriamiento antes de poder vincularla a otra cuenta en {platform}. Al hacer clic en {ctaButton}, aceptas los Términos de uso, incluida la cláusula de arbitraje, y la Política de privacidad."
Authentication.SignUp.Description.VerificationPage,"Al hacer clic en Regístrate, aceptas los Términos de uso, que incluyen la cláusula compromisoria, y reconoces la Política de privacidad."
Authentication.SignUp.Description.VerificationPage.CreateAccount,"Al hacer clic en Crear cuenta, aceptas los Términos de uso, que incluyen la cláusula de arbitraje, y reconoces la Política de privacidad."
Authentication.SignUp.Description.VerificationPageMultiStep,"Al hacer clic en Continuar, aceptas los Términos de uso, que incluyen la cláusula de arbitraje, y reconoces la Política de privacidad."
Authentication.SignUp.Description.VerifiedParentalConsentModal.EnterContinue,"Al ingresar el código y hacer clic en Continuar, usted está dando consentimiento a su hijo(a) para acceder a Roblox."
Authentication.SignUp.Header.CreatePassword,"Hola, {username}: crea una contraseña"
Authentication.SignUp.Header.CreatePasswordOrPasskey,"Hola, {username}: crea una contraseña o una llave de acceso"
Authentication.SignUp.Header.CreatedAccountChooseSignin,Creamos tu cuenta. Elige cómo iniciarás sesión.
Authentication.SignUp.Header.GenderPage6,"¡Ah, una última cosa! Selecciona tu género (opcional)"
Authentication.SignUp.Header.PleaseTryAgain,
Authentication.SignUp.Header.UsernamePage4,"A continuación, crea un nombre de usuario"
Authentication.SignUp.Header.WhatIsYourBirthday,¿Cuál es tu fecha de nacimiento?
Authentication.SignUp.Heading.CannotSignUp,No es posible registrarse
Authentication.SignUp.Heading.CountryCodeSelector,Selecciona el país
Authentication.SignUp.Heading.PasswordPage,Crear una contraseña
Authentication.SignUp.Heading.PickAUsername,Elige un nombre de usuario
Authentication.SignUp.Heading.RetryLogIn,
Authentication.SignUp.Heading.SecureWithFaceId,Protege tu cuenta con Face ID
Authentication.SignUp.Heading.UserGreetingWithName,"Hola, {username}"
Authentication.SignUp.Heading.UserGreetingWithNameAndPasskeyPassword,"Hola, {username}. Crea una clave de acceso o una contraseña"
Authentication.SignUp.Heading.WhatsYourBirthday,
Authentication.SignUp.Label.Age,Edad
Authentication.SignUp.Label.Birthday,Fecha de nacimiento
Authentication.SignUp.Label.BirthdayHeaderB,"Primero, selecciona tu fecha de nacimiento"
Authentication.SignUp.Label.BirthdayPickerWithDateAndAge,{date} ({yearsOld} años)
Authentication.SignUp.Label.BirthdayWithAge,Fecha de nacimiento ({yearsOld} años)
Authentication.SignUp.Label.ConfirmBirthday,Confirma tu fecha de nacimiento
Authentication.SignUp.Label.Continue,
Authentication.SignUp.Label.Day,Día
Authentication.SignUp.Label.EmailAddress,
Authentication.SignUp.Label.EnterYourEmail,Ingresa tu correo electrónico
Authentication.SignUp.Label.EnterYourParentsEmail,Ingresa el correo electrónico de tu padre o madre
Authentication.SignUp.Label.Error.MinimumAge5,Las nuevas cuentas deben tener más de cinco años
Authentication.SignUp.Label.Error.UsernameAlreadyInUse,El nombre de usuario ya está en uso
Authentication.SignUp.Label.Error.UsernameContainsBoundingUnderscore,El nombre de usuario no debe comenzar o terminar con _
Authentication.SignUp.Label.Error.UsernameContainsInvalidCharacter,"El nombre de usuario debe contener solo letras, números y _"
Authentication.SignUp.Label.Error.UsernameContainsMultipleUnderscores,El nombre de usuario no puede tener más de un _
Authentication.SignUp.Label.Error.UsernameContainsPII,El nombre de usuario no debe contener información privada
Authentication.SignUp.Label.Error.UsernameInappropriate,El nombre de usuario no es adecuado para Roblox
Authentication.SignUp.Label.Error.UsernameLengthTooShortOrTooLong,El nombre de usuario debe tener entre 3 y 20 caracteres
Authentication.SignUp.Label.ErrorsWithPassword,Hay errores en la contraseña.
Authentication.SignUp.Label.ErrorsWithUsername,Hay errores en el nombre de usuario.
Authentication.SignUp.Label.ExitModalSubtitle,"Tu cuenta casi está lista. Si te vas, perderás tu progreso."
Authentication.SignUp.Label.ExitModalTitle,¿Salir de la creación de cuenta?
Authentication.SignUp.Label.FullDateString,{Day} de {Month} de {Year}
Authentication.SignUp.Label.Gender,Sexo
Authentication.SignUp.Label.GenderFemale,Mujer
Authentication.SignUp.Label.GenderMale,Hombre
Authentication.SignUp.Label.Girl,Niña
Authentication.SignUp.Label.MaybeTryOneOfThese,Tal vez prueba uno de estos
Authentication.SignUp.Label.Month,Mes
Authentication.SignUp.Label.NewPasswordError1,La contraseña debe tener al menos 8 caracteres
Authentication.SignUp.Label.NewPasswordError2,La contraseña y el nombre de usuario no pueden coincidir
Authentication.SignUp.Label.NewPasswordError3,No debería ser una contraseña sencilla
Authentication.SignUp.Label.OptionalGender,Género (opcional)
Authentication.SignUp.Label.OptionalGenderShort,Opcional
Authentication.SignUp.Label.ParentEmailAddress,Dirección de correo electrónico de un progenitor
Authentication.SignUp.Label.PasswordError1,Contiene un mínimo de 8 caracteres
Authentication.SignUp.Label.PasswordError2,No coincide con tu nombre de usuario
Authentication.SignUp.Label.PasswordError2.V2,No coincide con el nombre de usuario
Authentication.SignUp.Label.PasswordError3,No es una contraseña sencilla
Authentication.SignUp.Label.PasswordError3.V2,No es cualquier contraseña
Authentication.SignUp.Label.PasswordErrorLengthNew,La contraseña debe tener entre 8 y 200 caracteres
Authentication.SignUp.Label.PasswordErrorSimple,La contraseña no debe ser demasiado simple
Authentication.SignUp.Label.PasswordPlaceholder,Por lo menos 8 caracteres
Authentication.SignUp.Label.PhoneNumber,Número de teléfono
Authentication.SignUp.Label.SelectBirthdaySentenceCase,Selecciona fecha de nacimiento
Authentication.SignUp.Label.SelectYourBirthday,Selecciona tu fecha de nacimiento
Authentication.SignUp.Label.SetUpPasskey,o configura una clave de acceso
Authentication.SignUp.Label.SignUp,Regístrate
Authentication.SignUp.Label.Skip,Saltar
Authentication.SignUp.Label.Use8CharPassword,Usa 8 caracteres o más
Authentication.SignUp.Label.UsernameError1,"Solo puede contener letras, números y _"
Authentication.SignUp.Label.UsernameError2,Entre 3 y 20 caracteres
Authentication.SignUp.Label.UsernameError3,No está en uso
Authentication.SignUp.Label.UsernameError4,Es adecuado para Roblox
Authentication.SignUp.Label.UsernameError5,No empieza ni termina con _
Authentication.SignUp.Label.UsernameError6,Solo puede contener un _
Authentication.SignUp.Label.UsernameError7,No contiene información personal
Authentication.SignUp.Label.WhensYourBirthday,
Authentication.SignUp.Label.Year,Año
Authentication.SignUp.Label.YearsOld,({yearsOld} años)
Authentication.SignUp.Labely.Boy,Niño
Authentication.SignUp.Message.Username.NoRealNameUse,No utilices tu nombre real
Authentication.SignUp.PasswordErrorLength,Tiene entre 8 y 200 caracteres
Authentication.SignUp.Response.AgedUpDisplayNameSetFirst,Antes debes determinar el nombre.
Authentication.SignUp.Response.BirthdayMustBeSetFirst,Antes debes determinar tu fecha de nacimiento.
Authentication.SignUp.Response.ErrorTryAgain,
Authentication.SignUp.Response.InvalidBirthday,Fecha de nacimiento no válida.
Authentication.SignUp.Response.InvalidEmail,
Authentication.SignUp.Response.InvalidPhoneNumber,Número de teléfono no válido.
Authentication.SignUp.Response.PasswordComplexity,Crea una contraseña más complicada.
Authentication.SignUp.Response.PhoneNumberAlreadyLinked,El número ya está asociado a otra cuenta.
Authentication.SignUp.Response.UsernameMustBeSetFirst,Antes debes determinar el nombre de usuario.
Authentication.SignUp.Title,"Hola, {username}, crea una contraseña"
Authentication.TwoStepVerification.Action.Approve,Aprobar
Authentication.TwoStepVerification.Action.ChangePassword,Cambiar contraseña
Authentication.TwoStepVerification.Action.Deny,Denegar
Authentication.TwoStepVerification.Action.GoToSecurity,
Authentication.TwoStepVerification.Action.Okay,
Authentication.TwoStepVerification.CrossDevice.Authentication,¿Estás intentando autenticarte en otro dispositivo?
Authentication.TwoStepVerification.CrossDevice.BirthdateChange,¿Estás intentando cambiar tu fecha de nacimiento en otro dispositivo?
Authentication.TwoStepVerification.CrossDevice.Deactivation,¿Estás intentando desactivar tu cuenta desde otro dispositivo?
Authentication.TwoStepVerification.CrossDevice.LimitedResale,¿Estás intentando revender un objeto limitado en otro dispositivo?
Authentication.TwoStepVerification.CrossDevice.PrivacyChange,¿Estás intentando cambiar tu configuración de privacidad de intercambio en otro dispositivo?
Authentication.TwoStepVerification.CrossDevice.Reactivation,¿Estás intentando reactivar tu cuenta desde otro dispositivo?
Authentication.TwoStepVerification.CrossDevice.RecoveryCodes,¿Estás intentando generar códigos de recuperación en otro dispositivo?
Authentication.TwoStepVerification.CrossDevice.Resale,¿Estás intentando revender un objeto en otro dispositivo?
Authentication.TwoStepVerification.CrossDevice.Spend,¿Estás intentando gastar Robux en otro dispositivo?
Authentication.TwoStepVerification.CrossDevice.Trade,¿Estás intentando intercambiar en otro dispositivo?
Authentication.TwoStepVerification.Description.LoginToNewDevice,¿Estás intentando iniciar sesión en un nuevo dispositivo?
Authentication.TwoStepVerification.Description.PostLoginActionConfirmation,¿Estás intentando realizar una acción en otro dispositivo?
Authentication.TwoStepVerification.Header.AttemptDenied,Intento denegado
Authentication.TwoStepVerification.Header.AttemptExpired,Intento caducado
Authentication.TwoStepVerification.Header.LoginAttemptExpired,Intento de inicio de sesión caducado
Authentication.TwoStepVerification.Label.AlreadyReviewed,Revisado desde otro dispositivo
Authentication.TwoStepVerification.Label.AttemptReviewed,Intento revisado
Authentication.TwoStepVerification.Label.CodeInputPlaceholderText,Introduce el código de {codeLength} dígitos
Authentication.TwoStepVerification.Label.DateTimeLabel,Fecha y hora
Authentication.TwoStepVerification.Label.DeviceTypeLabel,Tipo de dispositivo
Authentication.TwoStepVerification.Label.DidNotReceive,
Authentication.TwoStepVerification.Label.Expired,Tu intento caducó.
Authentication.TwoStepVerification.Label.IPAddressLabel,Dirección IP
Authentication.TwoStepVerification.Label.InvalidCode,El código no es válido.
Authentication.TwoStepVerification.Label.Location,"{city}, {subdivision}, {country}"
Authentication.TwoStepVerification.Label.LocationLabel,Ubicación
Authentication.TwoStepVerification.Label.LocationWithoutCity,"{subdivision}, {country}"
Authentication.TwoStepVerification.Label.LocationWithoutCountry,"{city}, {subdivision}"
Authentication.TwoStepVerification.Label.LocationWithoutSubdivision,"{city}, {country}"
Authentication.TwoStepVerification.Label.LoginExpired,Tu intento de inicio de sesión en la cuenta caducó
Authentication.TwoStepVerification.Label.NeedHelpMessage,¿Necesitas ayuda? Visita nuestro Centro de ayuda
Authentication.TwoStepVerification.Label.PasswordChangeRecommended,Te recomendamos que cambies la contraseña para proteger tu cuenta.
Authentication.TwoStepVerification.Label.Resend,
Authentication.TwoStepVerification.Label.SomeoneMightHavePassword,Parece que alguien tiene tu contraseña.
Authentication.TwoStepVerification.Label.TwoStepRequired,"Para realizar transacciones adicionales, se requiere activar la verificación en dos pasos. Ve a Configuración > Seguridad para completar la verificación en dos pasos."
Authentication.TwoStepVerification.Label.TwoStepRequiredLogout,"Se requiere la verificación en dos pasos para realizar transacciones adicionales. Ve a Configuración > Seguridad para completar la verificación en dos pasos. Si activas la verificación en dos pasos, saldrás de la sesión actual."
Authentication.TwoStepVerification.Label.TwoStepVerification,
Authentication.TwoStepVerification.Label.UnknownDevice,Tipo de dispositivo desconocido
Authentication.TwoStepVerification.Label.UnknownIPAddress,Dirección IP desconocida
Authentication.TwoStepVerification.Label.UnknownLocation,Ubicación regional desconocida
Authentication.TwoStepVerification.Response.DefaultError,Se produjo un error. Inténtalo de nuevo.
Authentication.TwoStepVerification.Response.TooManyAttempts,Demasiados intentos. Inténtalo de nuevo más tarde.
Authentication.TwoStepVerification.Title.VerificationRequired,Verificación obligatoria
AvatarGeneration.SelfieConsent.AgreeButton,
AvatarGeneration.SelfieConsent.BodyTextLink,"Al cargar una imagen, afirmas que tienes derecho a usarla y das tu consentimiento para que Roblox recopile, use y comparta una representación generada por IA con los creadores para avatares."
AvatarGeneration.SelfieConsent.CancelButton,
AvatarGeneration.SelfieConsent.PrivacyLinkText,
AvatarGeneration.SelfieConsent.Title,Usar imagen para generar mi avatar.
Common.AlertsAndOptions.Title.Warning,Advertencia
Common.GameSorts.Label.BlendedSerpPeopleAlsoJoin,Las personas también se unen a
Common.GameSorts.Label.Favorites,Favoritas
Common.Presence.Label.InExperience,En la experiencia
Common.Presence.Label.Invisible,Invisible
Common.Presence.Label.Offline,Sin conexión
Common.Presence.Label.Online,En línea
Common.Presence.Label.RobloxStudio,Roblox Studio
Common.UGCValidation.ErrorLabel.AQSFail_AnimationTooLong,La animación es demasiado larga ({duration} segundos). Las animaciones de emote deben tener una duración máxima de {maxLength} segundos.
Common.UGCValidation.ErrorLabel.AQSFail_AnimationTooShort,La animación es demasiado corta ({duration} segundos). Las animaciones de emote deben tener una duración superior a {minLength} segundos.
Common.UGCValidation.ErrorLabel.AQSFail_MeshIslandML,Tu cuerpo contiene pequeños componentes de malla desconectados (islas de malla). Elimina la geometría flotante y asegúrate de que todas las partes de la malla estén conectadas correctamente.
Common.UGCValidation.ErrorLabel.AQSFail_TooManyDisconnectedComponents,"Calidad del activo: {partName} tiene {num_disconnected_components} componentes desconectados, lo que excede el máximo de {max_disconnected_components}."
Common.UGCValidation.ErrorLabel.AQSInputDataError,La puntuación de calidad no se puede calcular correctamente debido a que los datos de entrada son incorrectos o están incompletos. Verifica tu modelo o presenta un informe de errores.
Common.UGCValidation.ErrorLabel.AQSInternalError,"No se puede generar la puntuación debido a un error de calidad de los recursos. Verifica que los datos de entrada sean correctos y vuelve a intentarlo, o envía un informe de errores."
Common.UGCValidation.ErrorLabel.AQSWarn_CageMeshDistance,"Advertencia de calidad del recurso: la puntuación de la distancia de la jaula a la malla es de {score}. La distancia máxima entre la jaula exterior y la malla es de {max_distance}, el {negative_sdf_percent}% de los vértices de la jaula exterior están dentro de la malla de renderizado."
Common.UGCValidation.ErrorLabel.AQSWarn_CageMeshDistanceAvatar,"Advertencia de calidad del recurso: la puntuación de la distancia de la jaula de cuerpo es de {score}. La distancia máxima entre la jaula de cuerpo y la malla es de {max_distance}, el {negative_sdf_percent}% de los vértices de la jaula de cuerpo están dentro de la malla de cuerpo."
Common.UGCValidation.ErrorLabel.AQSWarn_CageMeshDistanceHead,"Advertencia de calidad del recurso: la puntuación de la distancia de la jaula de cabeza es de {score}. La distancia máxima entre la jaula de cabeza y la malla es de {max_distance}, el {negative_sdf_percent}% de los vértices de la jaula de cabeza están dentro de la malla de cabeza."
Common.UGCValidation.ErrorLabel.AQSWarn_CageRelevancy,Advertencia de calidad del recurso: la puntuación de relevancia de la jaula es de {score}. El {irrelevant_percent}% de los vértices modificados de la jaula exterior no cubren el accesorio.
Common.UGCValidation.ErrorLabel.AQSWarn_CageUV,Advertencia de calidad del recurso: la puntuación UV de la jaula es de {score} para {cage_name}. Cantidad incorrecta de UV: {incorrect_uv_count}.
Common.UGCValidation.ErrorLabel.AQSWarn_DegenTriangles,Calidad del recurso: {partName} tiene un {degenerate_triangle_percent}% de triángulos degenerados (puntuación: {score}).
Common.UGCValidation.ErrorLabel.AQSWarn_DynamicHead,Advertencia de calidad del recurso: la puntuación de la expresión de la cabeza dinámica es de {score}.
Common.UGCValidation.ErrorLabel.AQSWarn_JointNumber,"Calidad del recurso: la configuración de articulaciones obtuvo una puntuación de {score} (articulaciones: {joint_number}, mano izquierda: {left_hand_joint_number}, mano derecha: {right_hand_joint_number})."
Common.UGCValidation.ErrorLabel.AQSWarn_MeshIslandVolume,Calidad del activo: {partName} tiene {num_small_volume_islands} islas pequeñas desconectadas de {num_disconnected_components} componentes (puntuación: {score}).
Common.UGCValidation.ErrorLabel.AQSWarn_MeshManifold,Calidad del recurso: {partName} tiene problemas de geometría en la malla (puntuación: {score}).
Common.UGCValidation.ErrorLabel.AQSWarn_MeshNotWatertight,Calidad del activo: la malla de {partName} no es hermética ({boundary_edges_percent}% de bordes límite).
Common.UGCValidation.ErrorLabel.AQSWarn_MeshOutsideOuterCage,Advertencia de calidad del recurso: la puntuación de contención de la malla es de {score}. El {mesh_outside_outer_cage_percent}% de los vértices de la malla están fuera de la jaula exterior.
Common.UGCValidation.ErrorLabel.AQSWarn_MissingData,No se pudo calcular la puntuación de calidad del recurso de {measureName} porque los datos de entrada no estaban completos o no eran válidos. Esto no impide que lo subas.
Common.UGCValidation.ErrorLabel.AQSWarn_TextureComplexity,Calidad del recurso: la textura {textureName} tiene baja complejidad (puntuación: {score}).
Common.UGCValidation.ErrorLabel.AQSWarn_TextureResolution,Calidad del recurso: la textura {textureName} tiene una resolución de {texture_width}x{texture_height} (puntuación: {score}).
Common.UGCValidation.ErrorLabel.AQSWarn_TriangleIntersection,Calidad del recurso: {partName} tiene un {intersecting_tri_face_percent}% de triángulos con caras intersectantes (puntuación: {score}).
Common.UGCValidation.ErrorLabel.AQSWarn_UVBound,Calidad del recurso: {partName} tiene un {uv_outside_bound_vert_percent}% de vértices UV fuera de los límites (puntuación: {score}).
Common.UGCValidation.ErrorLabel.AQSWarn_VertexSimilarity,Calidad del recurso: {partName} tiene un {similar_vertex_percent}% de vértices similares (puntuación: {score}).
Common.UGCValidation.ErrorLabel.AccessoryAttachmentOutOfBounds,El accesorio “{AttachmentName}” en “{PartName}” debe colocarse cerca de la superficie de la malla. La posición actual [{CurrentPosition}] está fuera de la región válida. Muévelo más cerca de [{ClosestValidPosition}].
Common.UGCValidation.ErrorLabel.AccessorySkinning_ExtraJoint,"La piel de la manija está aplicada a la articulación {jointName}, la cual no forma parte del esquema permitido. Solo se permiten las articulaciones R15 estándar y las articulaciones de transferencia de piel."
Common.UGCValidation.ErrorLabel.AccessorySkinning_MissingTransferJoint,"{assetType} debe usar la transferencia de recubrimiento, pero te falta la articulación necesaria {requiredJointName}."
Common.UGCValidation.ErrorLabel.AccessorySkinning_NotLeaderOrFollower,"La piel de la manija está aplicada a la articulación {jointName}, pero la piel de este activo debe aplicarse automáticamente. Solo puedes aplicar la piel a {validJointNameList}."
Common.UGCValidation.ErrorLabel.AccessorySkinning_RequiredSkinningTransfer,{assetType} debe usar la transferencia de skinning; configura WrapLayer.AutoSkin como EnabledOverride.
Common.UGCValidation.ErrorLabel.AccessorySkinning_RigidIsSkinned,El accesorio rígido tiene datos de revestimiento que no son compatibles. Asegúrate de que los huesos no se importen con la malla.
Common.UGCValidation.ErrorLabel.AccessorySkinning_TransferJointWithoutAutoSkin,"La manija contiene la articulación {jointName}, la cual solo se permite cuando WrapLayer.AutoSkin está configurado como EnabledOverride."
Common.UGCValidation.ErrorLabel.AccessorySkinning_WeightNotFull,Los vértices con skinning aplicado a las articulaciones de transferencia deben tener una ponderación completa.
Common.UGCValidation.ErrorLabel.AnimationPack_DuplicateAnimationId,El paquete de animaciones contiene un ID de animación duplicado “{animationId}” utilizado por varios clips: {instancePaths}. Cada clip de animación debe hacer referencia a un recurso de animación único.
Common.UGCValidation.ErrorLabel.AnimationPack_InvalidR15AnimChildren,Al paquete de animaciones le falta(n) el(los) tipo(s) de animación esperado(s): {missingAnimationTypes}. Cada tipo de animación debe tener una carpeta R15Anim que contenga exactamente los elementos secundarios StringValue esperados.
Common.UGCValidation.ErrorLabel.Animation_WeightNotPositive,"La animación “{animationName}” tiene un valor de peso de {weight}, pero el peso debe ser mayor que 0. Corrige la animación."
Common.UGCValidation.ErrorLabel.AssetSchemaMissingItem,No se pudo encontrar la {ExpectedClass} nombrada {ExpectedName} dentro de {ParentPath}.
Common.UGCValidation.ErrorLabel.AssetSchemaUnexpectedItems,Las siguientes instancias no son parte del esquema aprobado y deben ser removidas: {UnexpectedDescendantPaths}
Common.UGCValidation.ErrorLabel.AssetSchemaWrongRootClass,"El recurso subido debe ser un {ExpectedClass}, pero es un {RootClass}."
Common.UGCValidation.ErrorLabel.AssetSchemaWrongRootName,"El recurso subido debe ser nombrado {ExpectedClass}, pero fue nombrado como {RootClass}."
Common.UGCValidation.ErrorLabel.ContentNotEditable,{InstanceFullName}.{FieldName} todavía tiene contenido editable sin guardar. Guárdalo como un recurso antes de publicarlo e inténtalo de nuevo.
Common.UGCValidation.ErrorLabel.CurveAnim_BodyPartHasPosition,La parte del cuerpo “{bodyPartName}” en CurveAnimation tiene una pista de posición (traslación). Las partes del cuerpo de la animación solo se pueden rotar; las pistas de posición no están permitidas. Elimina la pista de posición de esta parte del cuerpo.
Common.UGCValidation.ErrorLabel.CurveAnim_BodyPartTranslationExceedsThreshold,La parte del cuerpo “{bodyPartName}” en CurveAnimation se desplaza {distance} studs desde su posición inicial. La traslación máxima permitida es de {maxDistance} studs. Reduce el movimiento posicional de la parte del cuerpo.
Common.UGCValidation.ErrorLabel.CurveAnim_BodyPartWithBoneHasPosition,"CurveAnimation contiene huesos HRD/DRD y la parte del cuerpo “{bodyPartName}” tiene una pista de posición (traslación). Cuando hay huesos en la animación, ninguna parte del cuerpo puede tener traslación para evitar la separación de articulaciones. Elimina todas las pistas de posición de las partes del cuerpo."
Common.UGCValidation.ErrorLabel.CurveAnim_BonePositionNotAllowed,El hueso {boneName} en CurveAnimation tiene una pista de posición (traslación). Los huesos HRD/DRD solo se pueden rotar; las pistas de posición causan separación de articulaciones y no están permitidas. Elimina la animación de posición de este hueso.
Common.UGCValidation.ErrorLabel.CurveAnim_BoneTranslationExceedsThreshold,El hueso “{boneName}” en CurveAnimation se desplaza {distance} studs desde su posición inicial. La traslación máxima permitida es de {maxDistance} studs. Reduce el movimiento posicional del hueso.
Common.UGCValidation.ErrorLabel.CurveAnim_BonesNotAllowed,CurveAnimation contiene carpetas de huesos HRD/DRD que aún no son compatibles. Elimina todas las subcarpetas de huesos antes de cargar.
Common.UGCValidation.ErrorLabel.CurveAnim_BoundsExceeded,"En CurveAnimation, las partes del cuerpo no pueden estar a menos de {minHeight} studs ni a más de {maxDistance} studs de la HumanoidRootPart. Corrige la animación."
Common.UGCValidation.ErrorLabel.CurveAnim_ChildrenOnMarkerOrRig,Los elementos secundarios MarkerCurves y AnimationRigData de CurveAnimation no pueden tener elementos secundarios.
Common.UGCValidation.ErrorLabel.CurveAnim_ContainsScripts,"La jerarquía de CurveAnimation contiene Scripts, LocalScripts o ModuleScripts. Elimínalos."
Common.UGCValidation.ErrorLabel.CurveAnim_FetchFailed,Error al cargar los datos de CurveAnimation. Es posible que el recurso de animación no sea válido o no se pueda acceder a él.
Common.UGCValidation.ErrorLabel.CurveAnim_InvalidBodyPartHierarchy,CurveAnimation contiene la carpeta de parte del cuerpo {folderName} que tiene una jerarquía no válida (tiene elementos secundarios que no están permitidos o que están configurados incorrectamente).
Common.UGCValidation.ErrorLabel.CurveAnim_InvalidBoneName,"La carpeta “{boneName}” en CurveAnimation no es un nombre de hueso HRD/DRD reconocido. Las subcarpetas de animación deben ser partes del cuerpo R15 válidas o nombres de huesos reconocidos (por ejemplo, HeadBase, Spine, Chest, LeftClavicle, RightClavicle, LeftToeBase, RightToeBase o huesos de los dedos, como LeftHandIndex1)."
Common.UGCValidation.ErrorLabel.CurveAnim_InvalidCurveData,CurveAnimation contiene Curves con un Time o Value no válidos. Corrige la animación.
Common.UGCValidation.ErrorLabel.CurveAnim_InvalidInstanceTypes,La jerarquía de CurveAnimation solo puede contener {allowedTypes}. Elimina cualquier otro tipo de instancia.
Common.UGCValidation.ErrorLabel.CurveAnim_InvalidLength,CurveAnimation debe tener una duración de entre {minLength} y {maxLength} segundos. Corrige la animación.
Common.UGCValidation.ErrorLabel.CurveAnim_InvalidMarkerData,"CurveAnimation contiene MarkerCurves con un Time o Value no válidos, o el Value es demasiado largo. Corrige la animación."
Common.UGCValidation.ErrorLabel.CurveAnim_InvalidNumericalData,CurveAnimation contiene curvas con datos numéricos no válidos. Corrige la animación.
Common.UGCValidation.ErrorLabel.CurveAnim_InvalidRigData,AnimationRigData no superó la validación interna. Asegúrate de que AnimationRigData esté configurado correctamente.
Common.UGCValidation.ErrorLabel.CurveAnim_InvalidRigDataR15Plus,AnimationRigData no superó la validación interna R15+. Asegúrate de que AnimationRigData esté configurado correctamente para las animaciones de huesos.
Common.UGCValidation.ErrorLabel.CurveAnim_InvalidTags,CurveAnimation solo puede contener una única etiqueta de marca de tiempo. Elimina todas las demás etiquetas.
Common.UGCValidation.ErrorLabel.CurveAnim_JointRotationExceeded,"En CurveAnimation, en el segundo {time}, la articulación {bodyPart} tiene un ángulo de rotación de {rotation} grados respecto a la postura de reposo. El máximo permitido es de {maxRotation} grados. Corrige la animación."
Common.UGCValidation.ErrorLabel.CurveAnim_KeysTooClose,CurveAnimation contiene la curva {curvePath} claves demasiado cercanas en el tiempo para una animación de {maxFPS} fps como máximo. Corrige la animación.
Common.UGCValidation.ErrorLabel.CurveAnim_LoopingNotEnabled,CurveAnimation '{animationName}' no tiene habilitado Loop. Las animaciones subidas al mercado deben estar en bucle. Habilita la propiedad Loop.
Common.UGCValidation.ErrorLabel.CurveAnim_MultipleBodyRoots,CurveAnimation contiene más de una carpeta secundaria de parte del cuerpo o de HumanoidRootPart. Asegúrate de que solo haya una carpeta secundaria con el nombre de una parte del cuerpo o de HumanoidRootPart.
Common.UGCValidation.ErrorLabel.CurveAnim_MultipleRigData,CurveAnimation contiene más de un elemento secundario de AnimationRigData. Asegúrate de que solo haya un elemento secundario de AnimationRigData.
Common.UGCValidation.ErrorLabel.CurveAnim_NegativeKeyTime,CurveAnimation contiene la curva {curvePath} con una clave con tiempo negativo. Corrige la animación.
Common.UGCValidation.ErrorLabel.CurveAnim_NoBodyRoot,CurveAnimation no contiene ninguna carpeta secundaria de parte del cuerpo o de HumanoidRootPart. Asegúrate de que haya una (y solo una) carpeta secundaria con el nombre de una parte del cuerpo o de HumanoidRootPart.
Common.UGCValidation.ErrorLabel.CurveAnim_NoJointManipulation,CurveAnimation no contiene ninguna manipulación de articulaciones.
Common.UGCValidation.ErrorLabel.CurveAnim_NoRigData,CurveAnimation no contiene ningún elemento secundario de AnimationRigData. Asegúrate de que haya un (y solo un) elemento secundario de AnimationRigData.
Common.UGCValidation.ErrorLabel.CurveAnim_NotCurveAnimation,La animación a la que se hace referencia no es una CurveAnimation. Asegúrate de que la animación se haya subido correctamente.
Common.UGCValidation.ErrorLabel.CurveAnim_PartTooFar,"En CurveAnimation, en el segundo {time}, la parte del cuerpo {bodyPart} se encuentra a {distance} studs de la HumanoidRootPart. Las partes del cuerpo no pueden estar a más de {maxDistance} studs de la HumanoidRootPart. Corrige la animación."
Common.UGCValidation.ErrorLabel.CurveAnim_PartTooLow,"En CurveAnimation, en el segundo {time}, la parte del cuerpo {bodyPart} se encuentra a una altura de {height} studs de la HumanoidRootPart. Las partes del cuerpo no pueden estar a menos de {minHeight} studs de la HumanoidRootPart. Corrige la animación."
Common.UGCValidation.ErrorLabel.CurveAnim_PositionSeparation,CurveAnimation contiene una separación posicional de las partes del cuerpo. Solo LowerTorso puede cambiar de posición. Todas las demás partes del cuerpo solo pueden cambiar de orientación. {bodyPart} se mueve más de {maxMovement} studs de su hueso padre. Corrige la animación.
Common.UGCValidation.ErrorLabel.CurveAnim_RotationTooFast,"En CurveAnimation, en el segundo {time}, la parte del cuerpo {bodyPart} se mueve a una velocidad de rotación de {speed} grados por segundo. {maxSpeed} es la velocidad máxima en grados por segundo. Corrige la animación."
Common.UGCValidation.ErrorLabel.CurveAnim_SpeedTooFast,"En CurveAnimation, en el segundo{time}, la parte del cuerpo {bodyPart} se mueve a una velocidad de {speed} studs por segundo. {maxSpeed} es la velocidad máxima en studs por segundo. Corrige la animación."
Common.UGCValidation.ErrorLabel.CurveAnim_SpeedTooFastLegacy,"En CurveAnimation, la parte del cuerpo {bodyPart} se mueve más de {maxMovement} studs entre fotogramas. Corrige la animación."
Common.UGCValidation.ErrorLabel.CurveAnim_TooManyDescendants,CurveAnimation tiene {count} descendientes. El máximo permitido es {maxAllowed}. Reduce el número de descendientes.
Common.UGCValidation.ErrorLabel.CurveAnim_TooManyKeys,CurveAnimation contiene Curves con demasiadas claves. {maxAllowed} es el máximo por Curve. Corrige la animación.
Common.UGCValidation.ErrorLabel.CurveAnim_TooManyMarkerCurves,CurveAnimation contiene más de {maxAllowed} MarkerCurve(s). Asegúrate de que no haya más de {maxAllowed} MarkerCurve(s) secundario(s).
Common.UGCValidation.ErrorLabel.CurveAnim_TooManyMarkers,CurveAnimation contiene una MarkerCurve con {count} marcadores. {maxAllowed} es el máximo por MarkerCurve. Corrige la animación.
Common.UGCValidation.ErrorLabel.CurveAnim_UnexpectedChild,CurveAnimation contiene un elemento secundario inesperado: {childName}
Common.UGCValidation.ErrorLabel.DynamicHeadCageMisaligned,Las cabezas dinámicas en el mercado deben estar correctamente enjauladas para que los vértices de los ojos y la boca en la jaula se alineen con los vértices de la malla. Mejora tu enjaulamiento y su alineación con la malla.
Common.UGCValidation.ErrorLabel.DynamicHeadHappyNotShown,No se puede detectar la expresión de sonrisa en la cabeza dinámica. Ajusta los puntos de referencia de la jaula de la boca para que coincidan con la ubicación de la boca en la cabeza y asegúrate de que pueda mostrar la expresión de sonrisa.
Common.UGCValidation.ErrorLabel.DynamicHeadLeftEyeNotClose,No se puede detectar la expresión de cierre del ojo izquierdo en la cabeza dinámica. Ajusta los puntos de referencia de la jaula del ojo izquierdo para que coincidan con la ubicación del ojo en la cabeza y asegúrate de que pueda cerrarse.
Common.UGCValidation.ErrorLabel.DynamicHeadMISSINGCAGE,Las cabezas dinámicas en el mercado no tienen jaulas de cabeza. Crea una jaula de cabeza para la cabeza dinámica.
Common.UGCValidation.ErrorLabel.DynamicHeadMouthNotOpen,No se puede detectar la expresión de boca abierta en la cabeza dinámica. Ajusta los puntos de referencia de la jaula de la boca para que coincidan con la ubicación de la boca en la cabeza y asegúrate de que pueda abrirse.
Common.UGCValidation.ErrorLabel.DynamicHeadNOFACS,"Las cabezas dinámicas en el mercado deben estar animadas, pero esta cabeza no tiene datos del Sistema de Codificación Facial."
Common.UGCValidation.ErrorLabel.DynamicHeadRightEyeNotClose,No se puede detectar la expresión de cierre del ojo derecho en la cabeza dinámica. Ajusta los puntos de referencia de la jaula del ojo derecho para que coincidan con la ubicación del ojo en la cabeza y asegúrate de que pueda cerrarse.
Common.UGCValidation.ErrorLabel.DynamicHeadSadNotShown,No se puede detectar la expresión de mueca en la cabeza dinámica. Ajusta los puntos de referencia de la jaula de la boca para que coincidan con la ubicación de la boca en la cabeza y asegúrate de que pueda mostrar la expresión de mueca.
Common.UGCValidation.ErrorLabel.EmissiveMap_NotAllowed,Este recurso utiliza mapas emisivos que solo están disponibles para los creadores del Programa de creadores de confianza. Elimina todo el contenido de mapas emisivos o únete al programa antes de subirlo.
Common.UGCValidation.ErrorLabel.EmoteAnimation_InvalidMaxPartTranslationAttribute,A la animación publicada le falta un valor válido de traslación máxima de la parte. Vuelve a publicar la animación.
Common.UGCValidation.ErrorLabel.EmoteAnimation_InvalidUGCAttribute,A la animación publicada le falta un marcador de emote UGC válido. Vuelve a publicar la animación.
Common.UGCValidation.ErrorLabel.EmoteAnimation_MaxPartTranslationCalcFailed,No se pudo calcular la traslación máxima de la parte a partir de los datos de la animación publicada. Vuelve a publicar la animación.
Common.UGCValidation.ErrorLabel.EmoteAnimation_MaxPartTranslationMismatch,"La animación publicada especifica una traslación máxima de la parte de {taggedTranslation} studs, pero sus datos de animación calculan {calculatedTranslation} studs. Vuelve a publicar la animación."
Common.UGCValidation.ErrorLabel.FaceControlsOverrideFACSNotEmpty,La propiedad InternalOverrideFACSData en FaceControls debe estar vacía al cargar.
Common.UGCValidation.ErrorLabel.FacsExpandsHead,"Se detectó que FACs agrandó tu cabeza al {modPercent}%, pero alterar la cabeza va en contra de la política del mercado para las animaciones faciales."
Common.UGCValidation.ErrorLabel.FacsShrinksHead,"Se detectó que FACs redujo tu cabeza al {modPercent}%, pero alterar la cabeza va en contra de la política del mercado para las animaciones faciales."
Common.UGCValidation.ErrorLabel.FailureWithoutReason,La validación falló por un motivo desconocido. Vuelve a intentarlo o envía un informe de error si el problema persiste.
Common.UGCValidation.ErrorLabel.FolderStructureMismatch,El formato de carga no coincide con la estructura de carpetas esperada. Inténtalo de nuevo o envía un informe de error.
Common.UGCValidation.ErrorLabel.HeadNotDynamic,"Las cabezas dinámicas del mercado deben configurarse para animar correctamente los movimientos faciales básicos, pero nuestra detección no observó ningún cambio sustancial."
Common.UGCValidation.ErrorLabel.HrdBone_OutOfBounds,"La articulación {bonePath} está demasiado alejada de la MeshPart {partName}, colócalas más cerca del límite del tamaño de la MeshPart."
Common.UGCValidation.ErrorLabel.HrdBone_TooCloseToParent,La articulación {bonePath} está demasiado cerca de su hueso padre. Ajusta ligeramente la posición de la articulación.
Common.UGCValidation.ErrorLabel.HrdBone_TransformNotIdentity,"La articulación {bonePath} tiene una propiedad de transformación, pero aún no está activada para cargas en el mercado. Restablécela al CFrame identidad.
"
Common.UGCValidation.ErrorLabel.HrdCheck_BoneNotMappedInHRD,"El hueso {boneName} está permitido, pero debes mapearlo explícitamente en HumanoidRigDescription o DigitRigDescription."
Common.UGCValidation.ErrorLabel.HrdCheck_BoneWithoutHrd,"Se encontró Hueso en {bonePath}, pero debes usar HumanoidRigDescription para usar Huesos."
Common.UGCValidation.ErrorLabel.HrdCheck_DrdInvalidSide,"La DigitsRigDescription dentro de {partName} debería ser para el lado {expectedSide}, pero el valor de la propiedad es {foundSide}."
Common.UGCValidation.ErrorLabel.HrdCheck_DrdWithoutHrd,No puedes incluir un DigitsRigDescription sin un HumanoidRigDescription
Common.UGCValidation.ErrorLabel.HrdCheck_DuplicateInstance,"La instancia {instName} aparece más de una vez, pero solo puede existir una vez dentro de una jerarquía de huesos."
Common.UGCValidation.ErrorLabel.HrdCheck_ImproperParent,"La instancia {instName} está debajo de {parentName}, pero, según tus huesos existentes, debería estar debajo de {expectedParentName}."
Common.UGCValidation.ErrorLabel.HrdCheck_TempR15BonesUploadNotAllowed,HumanoidRigDescription y los huesos adicionales aún no están activados para las cargas de cuerpos.
Common.UGCValidation.ErrorLabel.HrdCheck_UndefinedInstanceInBoneTree,"La instancia {instName} de la clase {className} se encuentra en un árbol de huesos, pero no forma parte del esquema R15plus definido."
Common.UGCValidation.ErrorLabel.HrdImproperJointMapping,La articulación opcional {jointName} está asignada incorrectamente en el HRD. Debe asignarse a un hueso llamado {boneName}.
Common.UGCValidation.ErrorLabel.HrdMissingStandardJoint,"La articulación {jointName} es una articulación R15 estándar, pero la conexión del rig no está conectado al HRD. Asegúrate de que el HRD de tu avatar esté vinculado a un AttachmentConstraint en lugar de a un Motor6d."
Common.UGCValidation.ErrorLabel.HrdProperties_MinAboveMax,"{jointName} tiene un rango establecido en el HRD, pero un componente del valor mínimo es mayor que el del valor máximo, así que no es un rango válido."
Common.UGCValidation.ErrorLabel.HrdProperties_OriginOutsideBounds,HumanoidRigDescription tiene un originOffset fuera de los límites. El originOffset no debe tener rotación y debe estar entre {valueMin} y {valueMax}.
Common.UGCValidation.ErrorLabel.HrdProperties_PropertyOutOfRange,{jointName} {propertyName} está configurado en el HRD/DRD con el valor {currentValue}. El rango permitido es de {valueMin} a {valueMax}.
Common.UGCValidation.ErrorLabel.HrdProperties_UncontainedJoint,"La instancia dentro de {jointName} hace referencia a la propiedad HRD {foundMeshName}, pero esta no está en la lista incluida. Si publicas desde Studio y solo tienes el HRD/DRD a nivel de avatar, envía un informe de error."
Common.UGCValidation.ErrorLabel.HrdTposePosition,La articulación {jointName} tiene una posición de TposeAdjustment fuera de los límites aceptables. Reduce el desplazamiento para que esté dentro de +-({offsetLimit}).
Common.UGCValidation.ErrorLabel.HrdTposeRotation,La articulación {jointName} tiene un TposeAdjustment que se desvía más de {degLimit} grados de la orientación recomendada {expectedOrientation}.
Common.UGCValidation.ErrorLabel.InstanceTagsFound,"Las siguientes instancias tienen etiquetas, pero los recursos del mercado no pueden tener ninguna etiqueta: {ProblematicDescendantPaths}"
Common.UGCValidation.ErrorLabel.InternalError,"Tu recurso no se pudo validar correctamente debido a un error interno. Si este problema persiste, crea un informe de error. ValidationJobId: {ValidationJobId}"
Common.UGCValidation.ErrorLabel.JointRotAtt_Moved,"{instPath} es una rotación jointRotation, pero puede que las cargas en el mercado aún no ajusten esta instancia. Restablece la orientación a {expectedPosition}."
Common.UGCValidation.ErrorLabel.JointRotAtt_MultipleAttachments,La instancia {parentPath} no puede tener más de 1 elemento secundario JointRotation.
Common.UGCValidation.ErrorLabel.JointRotAtt_Rotated,"{instPath} es una rotación jointRotation, pero puede que las cargas en el mercado aún no ajusten esta instancia. Restablece la orientación a {expectedOrientation}."
Common.UGCValidation.ErrorLabel.JointRotAtt_UnrecognizedParent,"La instancia {parentPath} tiene un elemento secundario JointRotation, pero este no forma parte del esquema R15plus permitido."
Common.UGCValidation.ErrorLabel.JointRotAtt_WrongInstanceClass,"La instancia {instPath} se llama JointRotation, pero JointRotation está reservado para los archivos adjuntos que están subordinados a otro archivo adjunto."
Common.UGCValidation.ErrorLabel.LCDeformTooLarge,La ropa en capas supera el tamaño máximo permitido de {maxSize} al colocarse en el avatar.
Common.UGCValidation.ErrorLabel.LeaderVertsNearCageIslands,Las pestañas tienen vértices con skinning a RBX_Leader que están demasiado alejados de los puntos de referencia de los ojos en la malla interna. Asegúrate de que todos los vértices con skinning a RBX_Leader estén colocados más cerca de la zona de los ojos de la malla interna.
Common.UGCValidation.ErrorLabel.MeasureCageMeshDistanceAvatar_CageInsideMesh,La jaula de cuerpo se cruza con la malla de cuerpo. El {negtiveSDFPercent}% de los vértices de la jaula de cuerpo están dentro de la malla de cuerpo.
Common.UGCValidation.ErrorLabel.MeasureCageMeshDistanceAvatar_CageTooFar,"La jaula de cabeza está demasiado lejos de la malla de cabeza. La distancia máxima entre ambas es de {max_sdf}, lo cual supera el límite permitido de {max_sdf_threshold}."
Common.UGCValidation.ErrorLabel.MeasureCageMeshDistanceHead_CageInsideMesh,La jaula de cabeza se cruza con la malla de cabeza. El {negtiveSDFPercent}% de los vértices de la jaula de cabeza están dentro de la malla de cabeza.
Common.UGCValidation.ErrorLabel.MeasureCageMeshDistanceHead_CageTooFar,
Common.UGCValidation.ErrorLabel.MeasureCageMeshDistance_CageInsideMesh,La jaula exterior se cruza con la malla de renderizado. El {negtiveSDFPercent}% de los vértices de la jaula exterior están dentro de la malla de renderizado.
Common.UGCValidation.ErrorLabel.MeasureCageMeshDistance_CageTooFar,"La jaula exterior está demasiado lejos de la malla de renderizado. La distancia máxima entre ambas es de {max_sdf}, lo cual supera el límite permitido de {max_sdf_threshold}."
Common.UGCValidation.ErrorLabel.MeasureCageRelevancy,El {outer_cage_face_irrelevant_percent}% de los vértices de la caja exterior modificada no cubren el accesorio. Asegúrate de mover la caja exterior únicamente cuando sea necesario.
Common.UGCValidation.ErrorLabel.MeasureCageUV,Hay {incorrect_uv_count} valores UV en la jaula {cage_name} que son incorrectos o no pertenecen a la plantilla. Corrige los valores UV de la jaula.
Common.UGCValidation.ErrorLabel.MeasureMeshOutsideOuterCage,El {mesh_outside_outer_cage_percent}% de los vértices de la malla del accesorio están fuera de su jaula exterior. Realiza los ajustes necesarios para que una mayor parte del accesorio quede entre las jaulas.
Common.UGCValidation.ErrorLabel.MeshPartBounds_TooLarge,"La malla {partName} tiene un tamaño de eje {axis} de studs '{currentSize}', superior al tamaño máximo permitido de studs '{maxSize}' para una pieza individual. Redimensiona la escala de la malla"
Common.UGCValidation.ErrorLabel.MeshPartBounds_TooSmall,"La malla {partName} tiene un tamaño de eje {axis} de studs '{currentSize}', menor que el tamaño mínimo permitido de studs '{minSize}' para una pieza individual. Redimensiona la escala de la malla."
Common.UGCValidation.ErrorLabel.MissingRequiredAttachment,El archivo adjunto {attName} debe existir exactamente una vez dentro de los elementos descendientes de {partName}.
Common.UGCValidation.ErrorLabel.NoAttributes,'{RootInstanceName}' (o sus descendientes) contienen atributos. Debes eliminar los atributos de lo siguiente: {InstanceNameList}
Common.UGCValidation.ErrorLabel.PropertiesNotSensible,{ClassName} “{InstancePath}” tiene propiedades no válidas: {ProblematicProperties}. Se excedió un límite de bytes mostrado (un límite de 0 significa que la propiedad debe estar vacía); cualquier otra propiedad contiene valores NaN/Inf o excede su límite de tamaño predeterminado.
Common.UGCValidation.ErrorLabel.RigAttachmentOutOfBounds,El accesorio de rig “{AttachmentName}” en “{PartName}” debe colocarse cerca del límite de la articulación donde esta parte del cuerpo se conecta con otra adyacente. La posición actual [{CurrentPosition}] está demasiado lejos del plano de conexión. Muévelo más cerca de [{ClosestValidPosition}].
Common.UGCValidation.ErrorLabel.SelectionCountNotOne,"Para subir un recurso a Roblox, debes seleccionar exactamente 1 instancia y el tipo de carga asociado."
Common.UGCValidation.ErrorLabel.SerializedAssetTooLarge,Este activo es demasiado grande para subirse ({sizeBytes} bytes exceden el máximo de {maxSizeBytes} bytes). Reduce su tamaño e inténtalo de nuevo.
Common.UGCValidation.ErrorLabel.TagsFoundOnSingleInstance,La instancia {ProblematicDescendantPath} no debe tener etiquetas.
Common.UGCValidation.ErrorLabel.TestWorkflowMessageV2,Cadena de error de la segunda prueba utilizada para verificar el flujo de trabajo de sincronización de traducción Hub-first de extremo a extremo.
Common.UGCValidation.ErrorLabel.UnallowedFacsJoints,"La parte de malla de la cabeza tiene animaciones faciales para {jointName}, que no se pueden usar en FACs. Cambia el nombre de esta articulación y luego vuelve a importar tu cabeza."
Common.UGCValidation.ErrorLabel.UnallowedJointSkinned,"La parte del cuerpo {partName} tiene la piel aplicada a la articulación virtual {jointName}, la cual no forma parte del esquema R15plus."
Common.VerifiedParentalConsent.Action.Cancel,
Common.VerifiedParentalConsent.Action.Close,
Common.VerifiedParentalConsent.Action.GoToSettings,Ir a Configuración
Common.VerifiedParentalConsent.Description.SpendingRestrictionWithSettings,"Debido a las restricciones regionales, necesitas permiso parental para realizar una compra. Pide permiso a tus padres en Configuración > Gasto."
Common.VerifiedParentalConsent.Description.SpendingRestrictionWithoutSettings,"Debido a las restricciones regionales, necesitas permiso parental para realizar una compra. Visita la web o un dispositivo complementario para pedir permiso a tus padres en Configuración > Gasto."
Common.VerifiedParentalConsent.Label.AskParent,
Common.VisitGame.Label.Play,Unirse
CommonUI.Controls.Action.Accept,
CommonUI.Controls.Action.Apply,Aplicar
CommonUI.Controls.Action.Back,Volver
CommonUI.Controls.Action.Cancel,
CommonUI.Controls.Action.CloseRoblox,Cerrar Roblox
CommonUI.Controls.Action.Confirm,
CommonUI.Controls.Action.Done,
CommonUI.Controls.Action.Next,
CommonUI.Controls.Action.OK,
CommonUI.Controls.Action.Refresh,Actualizar
CommonUI.Controls.Action.ResetAll,Restablecer todo
CommonUI.Controls.Action.Search,Buscar
CommonUI.Controls.Action.ShowMore,Mostrar más
CommonUI.Controls.Action.Submit,Enviar
CommonUI.Controls.Action.Yes,Sí
CommonUI.Controls.Birthdaypicker.Label.Date,Fecha
CommonUI.Controls.Input.Optional,{inputLabel} (opcional)
CommonUI.Controls.Label.April,Abril
CommonUI.Controls.Label.AprilAbbreviated,Abr.
CommonUI.Controls.Label.August,Agosto
CommonUI.Controls.Label.AugustAbbreviated,Ago.
CommonUI.Controls.Label.Day,
CommonUI.Controls.Label.December,Diciembre
CommonUI.Controls.Label.DecemberAbbreviated,Dic.
CommonUI.Controls.Label.February,Febrero
CommonUI.Controls.Label.FebruaryAbbreviated,Feb.
CommonUI.Controls.Label.ForceUpdateBody,Roblox tiene que reiniciar para actualizarse. Vuelve a lanzar Roblox.
CommonUI.Controls.Label.ForceUpdateTitle,Se requiere actualización
CommonUI.Controls.Label.Friday,Viernes
CommonUI.Controls.Label.FridayAbbreviated,Vie
CommonUI.Controls.Label.InvalidDateFormat,Formato de fecha no válido
CommonUI.Controls.Label.January,Enero
CommonUI.Controls.Label.JanuaryAbbreviated,Ene.
CommonUI.Controls.Label.July,Julio
CommonUI.Controls.Label.June,Junio
CommonUI.Controls.Label.LastWeek,La semana pasada
CommonUI.Controls.Label.LastYear,El año pasado
CommonUI.Controls.Label.March,Marzo
CommonUI.Controls.Label.MarchAbbreviated,Mar.
CommonUI.Controls.Label.May,Mayo
CommonUI.Controls.Label.Monday,Lunes
CommonUI.Controls.Label.MondayAbbreviated,Lun
CommonUI.Controls.Label.Month,
CommonUI.Controls.Label.November,Noviembre
CommonUI.Controls.Label.NovemberAbbreviated,Nov.
CommonUI.Controls.Label.October,Octubre
CommonUI.Controls.Label.OctoberAbbreviated,Oct.
CommonUI.Controls.Label.PageCount,{current:int} de {total:int}
CommonUI.Controls.Label.Saturday,Sábado
CommonUI.Controls.Label.SaturdayAbbreviated,Sáb
CommonUI.Controls.Label.SelectDate,Selecciona fecha
CommonUI.Controls.Label.SelectTheTime,Selecciona la hora
CommonUI.Controls.Label.September,Septiembre
CommonUI.Controls.Label.SeptemberAbbreviated,Sept.
CommonUI.Controls.Label.Sunday,Domingo
CommonUI.Controls.Label.SundayAbbreviated,Dom
CommonUI.Controls.Label.ThisMonth,Este mes
CommonUI.Controls.Label.ThisWeek,Esta semana
CommonUI.Controls.Label.ThisYear,Este año
CommonUI.Controls.Label.Thursday,Jueves
CommonUI.Controls.Label.ThursdayAbbreviated,Jue
CommonUI.Controls.Label.Today,Hoy
CommonUI.Controls.Label.Tuesday,Martes
CommonUI.Controls.Label.TuesdayAbbreviated,Mar
CommonUI.Controls.Label.Wednesday,Miércoles
CommonUI.Controls.Label.WednesdayAbbreviated,Mié
CommonUI.Controls.Label.Year,
CommonUI.Controls.NoResultsFound,Sin resultados
CommonUI.Features.Action.ClassicUnlockGetTheme,Obtener el tema
CommonUI.Features.Action.ClassicUnlockManage,Administrar
CommonUI.Features.Action.Close,
CommonUI.Features.Action.Go,Ir
CommonUI.Features.Action.LessLowercase,menos
CommonUI.Features.Action.MoreLowercase,más
CommonUI.Features.Action.Send,
CommonUI.Features.Heading.ClassicUnlock,¡Celebra los 20 años de Roblox!
CommonUI.Features.Heading.GameDetails,Detalles de la experiencia
CommonUI.Features.Label.About,Acerca de Roblox
CommonUI.Features.Label.AboutUs,Quiénes somos
CommonUI.Features.Label.AcceptConnection,Aceptar conexión
CommonUI.Features.Label.AcceptFriend,Aceptar amistad
CommonUI.Features.Label.AddConnection,Añadir conexión
CommonUI.Features.Label.AddConnections,Añadir conexiones
CommonUI.Features.Label.AddFriend,Añadir amigo
CommonUI.Features.Label.AdjustScreen,Ajustar pantalla
CommonUI.Features.Label.AppInformation,Información de la app
CommonUI.Features.Label.Avatar,Avatar
CommonUI.Features.Label.Badges,Insignias
CommonUI.Features.Label.Blog,Blog
CommonUI.Features.Label.Careers,Empleo
CommonUI.Features.Label.Catalog,Catálogo de Roblox
CommonUI.Features.Label.ChannelWithChannelName,Canal: {channelName}
CommonUI.Features.Label.Charts,Destacadas
CommonUI.Features.Label.Chat,Chat
CommonUI.Features.Label.ClassicUnlockDescription,Disfruta del look clásico por tiempo limitado
CommonUI.Features.Label.ClassicUnlockManagementSnackbar,Administra el tema clásico en la configuración
CommonUI.Features.Label.ClientCoreScriptVersion,Client-CoreScript-Version: {clientCoreScriptVersion}
CommonUI.Features.Label.Connect,Conectar
CommonUI.Features.Label.Connection,Conexión
CommonUI.Features.Label.Connections,Conexiones
CommonUI.Features.Label.ControllerBar.HoldPrefix,Presiona
CommonUI.Features.Label.ControllerBar.Search,
CommonUI.Features.Label.ControllerBar.ToPlaySuffix,para jugar
CommonUI.Features.Label.CreateGames,Crear
CommonUI.Features.Label.CreationCenter,Centro de creación
CommonUI.Features.Label.DevSubs,Suscripciones
CommonUI.Features.Label.Discover,Descubrir
CommonUI.Features.Label.ForYou,Para ti
CommonUI.Features.Label.Friends,Amigos
CommonUI.Features.Label.Game,Experiencias
CommonUI.Features.Label.Games,Juegos
CommonUI.Features.Label.GiftCards,Comprar tarjetas regalo
CommonUI.Features.Label.Groups,Comunidades
CommonUI.Features.Label.Help,Ayuda
CommonUI.Features.Label.HelpAndSafety,Ayuda y seguridad
CommonUI.Features.Label.Home,Inicio
CommonUI.Features.Label.Inventory,Inventario
CommonUI.Features.Label.InviteConnections,Invitar conexiones
CommonUI.Features.Label.JoinConnections,Unirse a conexiones
CommonUI.Features.Label.Learn,Aprende
CommonUI.Features.Label.Licensing,Licencias
CommonUI.Features.Label.LuobuRiderTerms,Términos Rider de Luobu
CommonUI.Features.Label.LuobuThirdPartyDataUse,Third party share list
CommonUI.Features.Label.Me,Yo
CommonUI.Features.Label.Messages,Mensajes
CommonUI.Features.Label.Moments,Momentos
CommonUI.Features.Label.More,Más
CommonUI.Features.Label.MoreEvents,¡Más eventos próximamente!
CommonUI.Features.Label.Newsroom,Sala de prensa
CommonUI.Features.Label.OfficialStore,Tienda oficial
CommonUI.Features.Label.Parents,Padres
CommonUI.Features.Label.Players,Gente
CommonUI.Features.Label.Premium,Premium
CommonUI.Features.Label.Privacy,Privacidad
CommonUI.Features.Label.PrivacyGuidelinesChildren,Directrices de privacidad para menores
CommonUI.Features.Label.PrivacyPolicy,
CommonUI.Features.Label.Profile,Perfil
CommonUI.Features.Label.RM,
CommonUI.Features.Label.Redeem,Canjear códigos
CommonUI.Features.Label.RemoveConnection,Eliminar conexión
CommonUI.Features.Label.ReportLogs,Reportar registros
CommonUI.Features.Label.ReportLogsSentenceCase,Registros de reportes
CommonUI.Features.Label.Settings,
CommonUI.Features.Label.Startup,
CommonUI.Features.Label.SupportCenter,Historial de soporte de la experiencia
CommonUI.Features.Label.TencentNotice,Aviso
CommonUI.Features.Label.Terms,Términos
CommonUI.Features.Label.TermsOfService,Términos de servicio
CommonUI.Features.Label.TermsOfUse,Términos de uso
CommonUI.Features.Label.Thanks,Gracias
CommonUI.Features.Label.TheHunt,Eventos de Roblox
CommonUI.Features.Label.Trades,Intercambios
CommonUI.Features.Label.Unchecked,Sin verificar
CommonUI.Features.Label.VNGMigrationBody,"Para seguir usando Roblox en tu región, descarga la nueva aplicación Roblox-VNG e inicia sesión con tu nombre de usuario de Roblox."
CommonUI.Features.Label.VNGMigrationBodyPC,"Para seguir usando Roblox en tu región, descarga la nueva aplicación Roblox - VN e inicia sesión con tu nombre de usuario de Roblox."
CommonUI.Features.Label.VNGMigrationGoButton,Ir a la aplicación Roblox-VNG
CommonUI.Features.Label.VNGMigrationGoButtonPC,Ir a la aplicación Roblox - VN
CommonUI.Features.Label.VNGMigrationTip,"Sugerencia: Selecciona ""Inicio de sesión rápido"" en la aplicación Roblox-VNG para acceder más fácilmente."
CommonUI.Features.Label.VNGMigrationTitle,¡Roblox es ahora Roblox-VNG!
CommonUI.Features.Label.VNGMigrationTitlePC,¡Roblox ahora es Roblox - VN!
CommonUI.Features.Label.VRFTUX,Tutorial de RV
CommonUI.Features.Label.Version,Versión
CommonUI.Features.Label.VersionWithNumber,Versión: {versionNumber}
CommonUI.Features.Label.X,Roblox Plus
CommonUI.Features.Label.sGroups,
CommonUI.Features.Labels.ConnectTo,Conectar a
CommonUI.Features.Labels.OrYouCan,O puedes
CommonUI.Features.Labels.Retry,
CommonUI.Features.Labels.ServerCommunicationError,Se produjo un error al comunicarse con los servidores de Roblox.
CommonUI.Features.Labels.With,Con
CommonUI.Features.NavBar.Build,Construir
CommonUI.Features.Prompt.ReportLogsQuestion,¿Enviar tu archivo de registro local a Backtrace?
CommonUI.Features.Prompt.ReportLogsResult,Reporte enviado.
CommonUI.Features.StudioCTA.Tooltip.Body,Descarga Studio gratuitamente.
CommonUI.Features.StudioCTA.Tooltip.Title,Empieza a construir en Roblox
CommonUI.Messages.Action.Apply,
CommonUI.Messages.Action.Dismiss,Descartar
CommonUI.Messages.Action.OK,
CommonUI.Messages.Action.Reset,Restablecer
CommonUI.Messages.Action.View,Ver
CommonUI.Messages.Label.ActionNotAvailableOnCurrentDevice,Esta acción no es compatible con el dispositivo actual. Inténtalo con otro.
CommonUI.Messages.Label.ActionNotAvailableOnVRHeadsetDevice,Esta acción aún no es compatible con dispositivos que requieren cascos. Inténtalo en otro dispositivo.
CommonUI.Messages.Label.AgeBlock,Esta cuenta no es elegible debido a restricciones de edad.
CommonUI.Messages.Label.Alert,Alerta
CommonUI.Messages.Label.FeatureNotAvailableForAccount,Tu cuenta no es elegible para esta función.
CommonUI.Messages.Label.OR,
CommonUI.Messages.Label.Password,
CommonUI.Messages.Label.ToExitFullscreen,Para salir de la pantalla completa
CommonUI.Messages.Message.NoLicenses,Sin licencias
CommonUI.Messages.Response.NoResults,
CommonUI.Messages.Response.PageError,Error al cargar la página
CommonUI.Messages.Response.SomethingWentWrong,Algo salió mal.
CommonUI.Messages.SystemMessage.AndroidDeprecationBodyPhase1,"En un futuro próximo, Roblox no será compatible con Android 6 y 7. Actualiza tu dispositivo a Android 8 o superior para seguir jugando."
CommonUI.Messages.SystemMessage.AndroidDeprecationBodyPhase2,"A partir del {date}, Roblox ya no será compatible con Android 6 y 7. Actualiza tu dispositivo a Android 8 o superior para continuar jugando."
CommonUI.Messages.SystemMessage.AndroidDeprecationBodyPhase2Fallback,"A partir del 19 de abril de 2025, Roblox ya no será compatible con Android 6 y 7. Actualiza tu dispositivo a Android 8 o superior para continuar jugando."
CommonUI.Messages.SystemMessage.AndroidDeprecationBodyPhase3,Roblox ya no es compatible con Android 6 y 7. Actualiza tu dispositivo a Android 8 o superior para continuar jugando.
CommonUI.Messages.SystemMessage.AndroidDeprecationSystemRequirementsLinkLabel,Requisitos del sistema móvil
CommonUI.Messages.SystemMessage.AndroidDeprecationTitlePhase1,Acción obligatoria: Actualiza tu dispositivo
CommonUI.Messages.SystemMessage.AndroidDeprecationTitlePhase2,
CommonUI.Messages.SystemMessage.AndroidDeprecationTitlePhase3,
CommonUI.Messages.SystemMessage.DeprecationMobileSystemRequirementsLinkLabel,
CommonUI.Messages.SystemMessage.DeprecationTitle,
CommonUI.Messages.SystemMessage.IosDeprecationBodyPhase1,"En un futuro próximo, Roblox no será compatible con iOS 13. Actualiza tu dispositivo a iOS 14 o superior para seguir jugando."
CommonUI.Messages.SystemMessage.IosDeprecationBodyPhase2Fallback,"A partir del 5 de junio de 2026, Roblox no será compatible con iOS 13. Actualiza tu dispositivo a iOS 14 o superior para seguir jugando."
CommonUI.Messages.SystemMessage.IosDeprecationBodyPhase3,Roblox ya no es compatible con iOS 13. Actualiza tu dispositivo a iOS 14 o superior para seguir jugando.
CommonUI.Messages.SystemMessage.PS4onPS5DeprecationBody,Instala y juega el nuevo Roblox para PlayStation®5. Roblox para PlayStation®4 no estará disponible para los jugadores de PlayStation®5 a partir del {date}.
CommonUI.Messages.SystemMessage.PS4onPS5DeprecationTitle,Roblox ya está disponible para PlayStation®5
CommonUI.Messages.SystemMessage.PS4onPS5HardDeprecationBody,"La versión de Roblox para PlayStation®4 ya no es compatible con PlayStation®5. Para seguir jugando, descarga la nueva aplicación Roblox para PlayStation®5."
CommonUI.UserAgreements.Popup.Agree,Acepto
CommonUI.UserAgreements.Popup.Agree2,
CommonUI.UserAgreements.Popup.Agreement.Optional,
CommonUI.UserAgreements.Popup.Agreement.OptionalPersonalInformationPolicy,Recopilación y tratamiento de datos personales opcionales
CommonUI.UserAgreements.Popup.Agreement.PersonalInformationPolicy,Recopilación y tratamiento de datos personales obligatorios
CommonUI.UserAgreements.Popup.Agreement.PrivacyPolicy,
CommonUI.UserAgreements.Popup.Agreement.Required,Obligatorio
CommonUI.UserAgreements.Popup.Agreement.StudioTermsForVNGSKU,"Términos de Studio. Estos términos entre tú y Roblox Corporation se aplicarán cuando crees o subas contenido usando Roblox Studio, un servicio separado proporcionado por Roblox Corporation"
CommonUI.UserAgreements.Popup.Agreement.TermsOfService,
CommonUI.UserAgreements.Popup.Agreement.ThirdPartyPersonalInformationPolicy,Provisión de información personal por terceros
CommonUI.UserAgreements.Popup.Agreement.TransferPersonalInformationPolicy,Transferencia de información personal en el extranjero
CommonUI.UserAgreements.Popup.CheckboxMessage,He revisado y acepto todos los términos y condiciones a continuación
CommonUI.UserAgreements.Popup.ContactCustomerSupport,Contacta con Atención al cliente
CommonUI.UserAgreements.Popup.ConvertToVNCheckboxMessage,Acepto todos los términos y las condiciones a continuación
CommonUI.UserAgreements.Popup.ConvertToVNMessage,"Al hacer clic en el botón de Aceptar de abajo, estás cambiando tu país a Vietnam, translandándote a la aplicación Roblox–VNG y este cambio no se puede revertir. Tu uso de la aplicación Roblox-VNG está sujeto a los siguientes términos que reemplazan cualquier término anterior con Roblox Corporation. Revisa y da tu consentimiento a lo siguiente:"
CommonUI.UserAgreements.Popup.DefaultAgreementTitle,Acuerdo actualizado
CommonUI.UserAgreements.Popup.FailAndRetryMessage,"Lo sentimos, hubo un problema al intentar aceptar los Términos de uso. Vuelve a intentarlo."
CommonUI.UserAgreements.Popup.KISAMessage,Please review and consent to the following terms. You may choose to agree or disagree to individual terms. You may still use Roblox if you do not agree to the optional terms.
CommonUI.UserAgreements.Popup.Message,"Para continuar usando Roblox, selecciona Acepto para aceptar nuestros Términos de uso actualizados abajo. Si eres menor de edad, muestra este mensaje a tu padre, madre o tutor. Se han realizado cambios en los siguientes documentos:"
CommonUI.UserAgreements.Popup.PromotionalEmailsCheckbox,"Opcional: También me gustaría suscribirme para recibir correos electrónicos de Roblox sobre lanzamientos más recientes, promociones de tiempo limitado y más."
CommonUI.UserAgreements.Popup.SignupMessage,"Al hacer clic en Aceptar, aceptas los Términos de uso y reconoces la Política de privacidad."
CommonUI.UserAgreements.Popup.Title,Acuerdos actualizados
CommonUI.UserAgreements.Popup.TitleOnWebview,
CommonUI.UserAgreements.Popup.TransferCurrency.Message,"Tienes un saldo de tarjeta de regalo en otra moneda. Para continuar, contacta con Servicio al cliente para transferir monedas."
CommonUI.UserAgreements.Popup.TransferCurrency.Title,Saldo existente de la tarjeta de regalo
CommonUI.UserAgreements.Popup.VNSignupCheckboxMessage,He leído y acepto todos los términos y las condiciones a continuación
CommonUI.UserAgreements.Popup.VNSignupMessage,"Al hacer clic en Aceptar, aceptas los Términos de uso, los Términos de Studio y la Política de privacidad:"
CoreScripts.Ads.Label.SponsoredAds,Patrocinado
CoreScripts.Ads.Label.SponsoredAdsDisclosureStatic,"Las experiencias patrocinadas las pagan los creadores. Para los usuarios de la UE, pueden mostrarse basándose en información general como tu tipo de dispositivo, ubicación y datos demográficos. Fuera de la UE, los anuncios pueden mostrarse en base a información adicional."
CoreScripts.BulkPurchasePrompt.CompletedPrompt.SuccessHeading,Compra finalizada
CoreScripts.Feedback.FeedbackBar.ExitFeedbackButton,
CoreScripts.InGameMenu.Actions.Continue,
CoreScripts.InGameMenu.Cancel,
CoreScripts.InGameMenu.Controls.RobloxMenu,Menú de Roblox
CoreScripts.InGameMenu.GameSettings.PartyVoiceVolume,Volumen de la voz de Equipo
CoreScripts.InGameMenu.GameSettings.UINavToggle,Alternar navegación de interfaz
CoreScripts.InGameMenu.GameSettings.Volume,Volumen
CoreScripts.InGameMenu.Leave,
CoreScripts.InGameMenu.PageTitle.InviteFriends,Invitar amistades
CoreScripts.InGameMenu.Traversal.HistoryDescription,Únete a juegos visitados anteriormente
CoreScripts.InGameMenu.Traversal.LeaveBody,Estás a punto de abandonar este juego y regresar a {PREVIOUS_EXPERIENCE}.
CoreScripts.InGameMenu.Traversal.LeaveHeader,¿Quieres salir?
CoreScripts.PremiumModal.Title.Error,Error
CoreScripts.PublishAssetPrompt.ResultModalOk,
CoreScripts.PublishAvatarPrompt.PurchaseCompleteDescription,Puedes encontrar el objeto en tu inventario una vez finalizado en proceso.
CoreScripts.PurchasePrompt.Button.OK,
CoreScripts.PurchasePrompt.Button.Settings,
CoreScripts.PurchasePrompt.CancelPurchase.Cancel,
CoreScripts.PurchasePrompt.ItemType.Bundle,Paquete
CoreScripts.PurchasePrompt.ProductType.Product,Artículos
CoreScripts.PurchasePrompt.PurchaseDetails.ScaryModalOne,"Esta compra requiere el intercambio de dinero real. 

Certifico que soy mayor de 18 años y que soy el padre, la madre o tutor del propietario de la cuenta. Autorizo esta compra y acepto los Términos de uso."
CoreScripts.PurchasePrompt.PurchaseDetails.ScaryModalParental,Ya has gastado mucho dinero en Roblox este mes. El recibo de esta compra y de todas las posteriores se enviará al correo electrónico de uno de los padres verificado en esta cuenta. 
CoreScripts.PurchasePrompt.PurchaseDetails.ScaryModalTwo,"Ya has gastado mucho dinero en Roblox este mes. ¿Quieres continuar? Esta compra requiere el intercambio de moneda real. Debe ser el padre, la madre o tutor del propietario quien autorice la transacción."
CoreScripts.PurchasePrompt.PurchaseFailed.AlreadyOwn,Ya tienes este objeto. No se te cobró.
CoreScripts.PurchasePrompt.PurchaseFailed.CannotGetBalance,No se puede recuperar tu saldo en este momento. No se te cobró. Inténtalo de nuevo más tarde.
CoreScripts.PurchasePrompt.PurchaseFailed.CannotGetItemPrice,No se pudo recuperar el precio de este objeto en este momento. No se te cobró. Inténtalo de nuevo más tarde.
CoreScripts.PurchasePrompt.PurchaseFailed.Enable2SV,
CoreScripts.PurchasePrompt.PurchaseFailed.Enable2SVLogout,
CoreScripts.PurchasePrompt.PurchaseFailed.InvalidFunds,No se realizó la compra porque la cuenta no tiene suficientes Robux. No se te cobró.
CoreScripts.PurchasePrompt.PurchaseFailed.Limited,No hay más copias disponibles de este objeto de edición limitada. Intenta comprarlo de otro usuario en www.roblox.com. No se te cobró.
CoreScripts.PurchasePrompt.PurchaseFailed.NotEnoughRobux,No tienes suficientes Robux para comprar este objeto. Visita la página www.roblox.com para obtener más Robux.
CoreScripts.PurchasePrompt.PurchaseFailed.NotEnoughRobuxNoUpsell,No tienes suficientes Robux para comprar este objeto. 
CoreScripts.PurchasePrompt.PurchaseFailed.NotEnoughRobuxXbox,No tienes suficientes Robux para comprar este objeto. Sal de la experiencia y dirígete a la pantalla de Robux para obtener más.
CoreScripts.PurchasePrompt.PurchaseFailed.NotForSale,Este objeto no está en venta en este momento. No se te cobró.
CoreScripts.PurchasePrompt.PurchaseFailed.NotForSaleHere,Este objeto no se puede vender en la experiencia. No se te cobró.
CoreScripts.PurchasePrompt.PurchaseFailed.PremiumOnly,Necesitas Roblox Premium para comprar este objeto.
CoreScripts.PurchasePrompt.PurchaseFailed.PurchaseDisabled,La compra no se realizó porque las compras dentro de las experiencias están desactivadas temporalmente. No se te cobró. Inténtalo de nuevo más tarde.
CoreScripts.PurchasePrompt.PurchaseFailed.ThirdPartyDisabled,Se desactivó la venta de objetos de terceros para este lugar. No se te cobró.
CoreScripts.PurchasePrompt.PurchaseFailed.Under13,Tu cuenta es para menores de 13 años. No se permite la compra de este objeto. No se te cobró.
CoreScripts.PurchasePrompt.PurchaseFailed.UnknownFailure,La compra de {ITEM_NAME} no se realizó porque algo salió mal. No se te cobró. Inténtalo de nuevo más tarde.
CoreScripts.PurchasePrompt.PurchaseFailed.UnknownFailureNoItemName,La compra no se realizó porque algo salió mal. No se te cobró. Inténtalo de nuevo más tarde.
CoreScripts.PurchasePrompt.PurchaseMessage.Succeeded,¡La compra de {ITEM_NAME} se realizó correctamente!
CoreScripts.PurchasePrompt.Title.BuyItem,Comprar objeto
CoreScripts.PurchasePrompt.Title.VerificationRequired,
CoreScripts.TextChat.Action.SendQuickWords,Enviar palabras rápidas
CoreScripts.TextChat.ChannelTabs.Friends,Amistades
CoreScripts.TextChat.ChannelTabs.Global2,Global
CoreScripts.TextChat.ChannelTabs.Here,Aquí
CoreScripts.TextChat.ChannelTabs.System,Sistema
CoreScripts.TextChat.ChannelTabs.Team,Equipo
CoreScripts.TextChat.ChatCommands.Mute.Description,/mute <speaker>: silenciar el micrófono de un usuario.
CoreScripts.TextChat.ChatCommands.Unmute.Description,/unmute <speaker>: reactivar el micrófono de un usuario.
CoreScripts.TextChat.ChatTranslation.ChatWindow.SystemMessageNew,Roblox traduce automáticamente los idiomas compatibles en el chat
CoreScripts.TextChat.ChatTranslation.FTUX.TitleNew,La traducción del chat está activada para los idiomas compatibles
CoreScripts.TextChat.ChatWindow.ChatDisabled.AskForPermission,Aquí solo puedes ver los mensajes del sistema. Pídele permiso a tus padres para chatear en la configuración de comunicación.
CoreScripts.TextChat.ChatWindow.ChatDisabled.AskForPermissionToAgeCheck,Aquí solo puedes ver los mensajes del sistema. Pídele permiso a tus padres para verificar la edad en la configuración de comunicación.
CoreScripts.TextChat.ChatWindow.ChatDisabled.CheckAgeInAccountInfo,Aquí solo puedes ver los mensajes del sistema. Desbloquea el chat con una verificación de edad en Configuración > Información de la cuenta.
CoreScripts.TextChat.ChatWindow.ChatDisabled.CheckAgeInSettings,"Aquí solo puedes ver los mensajes del sistema. Para chatear, obtén una verificación de edad en la configuración de comunicación."
CoreScripts.TextChat.ChatWindow.ChatDisabled.DontMissMessages,"No te pierdas ningún mensaje: para activar el chat, verifica tu edad."
CoreScripts.TextChat.ChatWindow.ChatDisabled.GetAnAgeCheck,Aquí solo puedes ver los mensajes del sistema. Verifica tu edad para chatear.
CoreScripts.TextChat.ChatWindow.ChatDisabled.OnlyViewSystemMessages,Aquí solo puedes ver los mensajes del sistema.
CoreScripts.TextChat.ChatWindow.ChatDisabled.RegionUnavailable,Aquí solo puedes ver los mensajes del sistema. El chat no está disponible en tu región.
CoreScripts.TextChat.ChatWindow.ChatDisabled.SettingOff,Aquí solo puedes ver los mensajes del sistema. Actualiza tu configuración de comunicación para activar el chat.
CoreScripts.TextChat.ChatWindow.ChatEnabled.ChatInRegion,Puedes ver los mensajes del sistema y chatear con los usuarios de tu región.
CoreScripts.TextChat.ChatWindow.ChatEnabled.ChatWithAgeGroupAAndTF,Solo las personas de grupos de edad similares y tus amigos de confianza pueden chatear contigo.
CoreScripts.TextChat.ChatWindow.ChatEnabled.ChatWithAgeGroupAndTC,Solo las personas de grupos de edad similares y tus Conexiones de confianza pueden chatear contigo.
CoreScripts.TextChat.ChatWindow.ChatEnabled.ChatWithOnlinePlayers.BelowThreshold,¡Saluda a quienes están jugando!
CoreScripts.TextChat.ChatWindow.ChatEnabled.ChatWithOnlinePlayers.Local.WithCount,{RBX_COUNT} jugadores más están en el chat. ¡Salúdalos!
CoreScripts.TextChat.ChatWindow.ChatEnabled.ChatWithOnlinePlayers.V3,👋 ¡Saluda a todos los que están jugando!
CoreScripts.TextChat.ChatWindow.ChatEnabled.ChatWithTF,Solo tus Amigos de confianza pueden chatear contigo.
CoreScripts.TextChat.ChatWindow.ChatEnabled.Global2,Chatea con más personas en este juego. Solo las personas de grupos de edad similares pueden chatear contigo.
CoreScripts.TextChat.ChatWindow.ChatWithOnlinePlayers.Local.Friendly,✨ ¡Únete a la diversión! Saluda a todos los que están jugando.
CoreScripts.TextChat.ChatWindow.ChatWithOnlinePlayers.Local.WithCount,👋 {RBX_COUNT} jugadores están en el chat. ¡Salúdalos!
CoreScripts.TextChat.ChatWindow.HandFreeTranscriptionFTUX,Mantén presionado para usar manos libres
CoreScripts.TextChat.ChatWindow.RephrasedLabel,reformulado
CoreScripts.TextChat.ChatWindow.RephrasedReason.Description,Roblox reformula los mensajes que infringen las normas de seguridad.
CoreScripts.TextChat.ChatWindow.RewrittenLabel,reescrito
CoreScripts.TextChat.ChatWindow.SummarySystemMessage,Roblox genera automáticamente resúmenes de los mensajes de los jugadores.
CoreScripts.TextChat.ChatWindow.Transcribing,Transcribiendo...
CoreScripts.TextChat.ChatWindow.TranscriptionFailed,¡No entendimos! Inténtalo de nuevo.
CoreScripts.TextChat.ChatWindow.TranscriptionLanguageUnsupported,Todavía no hay soporte en ese idioma.
CoreScripts.TextChat.ChatWindow.TranscriptionNoMicAccessToastBody,"Para usar tu micrófono, ve a la configuración de tu dispositivo y otorga permiso a Roblox para usar el micrófono."
CoreScripts.TextChat.ChatWindow.TranscriptionNoMicAccessToastHeader,No se puede acceder al micrófono
CoreScripts.TextChat.ChatWindow.TranscriptionU13MicAccessToastBody,"Para enviar mensajes con tu voz, procesaremos tu audio y lo eliminaremos de inmediato, de acuerdo con nuestra política de privacidad."
CoreScripts.TextChat.ChatWindow.TranscriptionU13MicAccessToastHeader,Activaste el chat de voz a texto
CoreScripts.TextChat.ChatWindow.TrustedLabel,De confianza
CoreScripts.TextChat.ChatWindows.RewrittenReasonLabel,Roblox reescribe los mensajes que infringen las normas de seguridad.
CoreScripts.TextChat.Clear.Help.Description,/clear o /cls: borrar mensajes en la ventana de chat 
CoreScripts.TextChat.Description.AskYourParentForPermissionToChat,Pídele permiso a tus padres para chatear en Privacidad > Configuración de comunicación.
CoreScripts.TextChat.Description.RobloxSummarizesMessagesFromAllPlayers,Roblox resume los mensajes de jugadores de todas las edades.
CoreScripts.TextChat.Description.TurnOnChatInSettings,Activa el chat en Privacidad > Configuración de comunicación.
CoreScripts.TextChat.Description.UnlockChatPrivacyCommunications,Desbloquea el chat con una verificación de edad en Privacidad > Configuración de comunicación.
CoreScripts.TextChat.Description.UnlockChatWithAnAgeCheck,Desbloquea el chat con una verificación de edad.
CoreScripts.TextChat.Emote.Error.DoesNotExist,El emote no existe.
CoreScripts.TextChat.Emote.Error.NotEnabled,No puedes usar ese emote aquí.
CoreScripts.TextChat.Emote.Error.NotEquipped,No tienes ese emote equipado.
CoreScripts.TextChat.Emote.Error.NotOwnedGeneric,No tienes este emote.
CoreScripts.TextChat.EnableChatButton.Label.UnlockChat,Desbloquear chat
CoreScripts.TextChat.Help.FirstLine,Estos son los comandos básicos del chat:
CoreScripts.TextChat.InputBar.Hint.Gamepad,Usa el botón {CHAT_BUTTON} en el menú para chatear
CoreScripts.TextChat.InputBar.Hint.GamepadConnected,"Presiona ""{CONFIRM_KEY}"" para escribir"
CoreScripts.TextChat.InputBar.Hint.GamepadConnectedConfirm,
CoreScripts.TextChat.InputBar.Hint.MouseKeyboard,"Para chatear, haz clic aquí o presiona la tecla {KEY}."
CoreScripts.TextChat.InputBar.Hint.PrivacySettingsDisabled,Tu configuración de chat te impide enviar y recibir mensajes.
CoreScripts.TextChat.InputBar.Hint.Touch,Toca aquí para chatear
CoreScripts.TextChat.MessageStatus.Warning.Floodchecked,Debes esperar antes de enviar otro mensaje.
CoreScripts.TextChat.MessageStatus.Warning.InvalidPrivacySettings,
CoreScripts.TextChat.MessageStatus.Warning.MessageTooLong,Tu mensaje supera la longitud máxima permitida.
CoreScripts.TextChat.MessageStatus.Warning.ModerateChatOff,Vista de solo lectura desactivada.
CoreScripts.TextChat.MessageStatus.Warning.ModerateChatOn,Vista de solo lectura activada. Algunos mensajes son de solo lectura según los permisos de tu rol.
CoreScripts.TextChat.MessageStatus.Warning.ModerationTimeout,Actualmente no puedes enviar chats. Nadie verá tus mensajes.
CoreScripts.TextChat.MessageStatus.Warning.TextFilterFailed,El filtro del chat está experimentando problemas en este momento y es posible que los mensajes tarden un poco en aparecer.
CoreScripts.TextChat.MessageStatus.Warning.Unknown,No se pudo enviar tu mensaje.
CoreScripts.TextChat.Mute.Error.CannotMuteSelf,No puedes silenciarte.
CoreScripts.TextChat.Mute.Error.MultipleMatches,Los siguientes usuarios tienen este nombre de visualización: {RBX_LIST_NAMES}
CoreScripts.TextChat.Mute.Error.TargetDoesNotExist,"El usuario ""{RBX_NAME}"" no existe."
CoreScripts.TextChat.Mute.Success,Se silenció al usuario {RBX_NAME}.
CoreScripts.TextChat.Notification.WhisperChat.Created,Estás chateando en privado con {RBX_NAME}.
CoreScripts.TextChat.Online.Help.Description3,/online: número de usuarios con los que puedes chatear en este canal.
CoreScripts.TextChat.Online.Success.Plural,{RBX_COUNT} jugadores están actualmente conectados y pueden chatear
CoreScripts.TextChat.Online.Success.Plural2,{RBX_COUNT} jugadores más están conectados y pueden chatear.
CoreScripts.TextChat.Online.Success.Singular,{RBX_COUNT} jugador está actualmente conectado y puede chatear
CoreScripts.TextChat.Online.Success.Singular3,{RBX_COUNT} jugador más está conectado y puede chatear.
CoreScripts.TextChat.TeamChat.Error.NotOnTeam,No puedes chatear con el equipo si no formas parte de uno.
CoreScripts.TextChat.TeamChat.PrefixText,[Equipo]
CoreScripts.TextChat.Toast.ModerateChatOff.Subtitle,Solo puedes chatear con personas de grupos de edad similares y con tus Conexiones de confianza.
CoreScripts.TextChat.Toast.ModerateChatOff.Subtitle.FriendsRename,Solo puedes chatear con personas de grupos de edad similares y con tus amigos de confianza.
CoreScripts.TextChat.Toast.ModerateChatOff.Title,Vista de solo lectura desactivada
CoreScripts.TextChat.Toast.ModerateChatOn.Subtitle,Algunos mensajes son de solo lectura de acuerdo a los permisos de tu rol.
CoreScripts.TextChat.Toast.ModerateChatOn.Title,Vista de solo lectura activada
CoreScripts.TextChat.Tooltip.Global.Body,Chatea con personas aquí o con más personas en este juego.
CoreScripts.TextChat.Tooltip.Global.Header,Chatea con más personas
CoreScripts.TextChat.Tooltip.QuickWords.Body,Coordínate con jugadores de todas las edades.
CoreScripts.TextChat.Tooltip.QuickWords.Header,Juega en equipo con palabras rápidas
CoreScripts.TextChat.Unmute.Success,Se canceló el silencio al usuario {RBX_NAME}.
CoreScripts.TextChat.Version.Success,{RBX_VERSION}
CoreScripts.TextChat.Whisper.Error.CannotChat,No puedes chatear con esta persona.
CoreScripts.TextChat.WhisperChat.PrefixText.Incoming,[De {RBX_NAME}]
CoreScripts.TextChat.WhisperChat.PrefixText.Outgoing,[Para {RBX_NAME}]
CoreScripts.TopBar.Back,
CoreScripts.TopBar.Chat,
CoreScripts.TopBar.LoadingScreen.AutoTranslate,Traducido automáticamente
CoreScripts.TopBar.Music,Música
CoreScripts.TopBar.MusicLoading,No hay audio
CoreScripts.TopBar.MusicNotVerified,El audio no está verificado
CoreScripts.TopBar.Traversal.History,Historia
Feature.AbuseReportDialog.Label.GeneralError,
Feature.Accessibility.Action.ScrollDown,Ir hacia abajo
Feature.Accessibility.Action.ScrollUp,Ir hacia arriba
Feature.Accessibility.AppTheme.CategoryCalm,Tranquilo
Feature.Accessibility.AppTheme.CategoryDynamic,Dinámico
Feature.Accessibility.AppTheme.CategorySpecial,Especial
Feature.Accessibility.AppTheme.CircuitRush,Circuit Rush
Feature.Accessibility.AppTheme.Classic,Clásico
Feature.Accessibility.AppTheme.CosmicDust,Polvo cósmico
Feature.Accessibility.AppTheme.Default,
Feature.Accessibility.AppTheme.ElectricLime,Lima eléctrico
Feature.Accessibility.AppTheme.HyperPlum,Hiperciruela
Feature.Accessibility.AppTheme.InfernoBlast,Inferno Blast
Feature.Accessibility.AppTheme.KineticEnergy,Energía cinética
Feature.Accessibility.AppTheme.LavaGlow,Brillo de lava
Feature.Accessibility.AppTheme.NebulaDrift,Nebula Drift
Feature.Accessibility.AppTheme.NitroFrost,Nitro Frost
Feature.Accessibility.AppTheme.PixelPop,Pop de píxeles
Feature.Accessibility.AppTheme.PolarFreeze,Congelación polar
Feature.Accessibility.AppTheme.QuantumPulse,Quantum Pulse
Feature.Accessibility.AppTheme.StarBurst,Explosión de estrellas
Feature.Accessibility.AppTheme.SuperCharge,Supercarga
Feature.Accessibility.Description.AppThemeMode,Selecciona un modo de la app. Tus demás dispositivos no se verán afectados.
Feature.Accessibility.Description.DeviceAppTheme,Selecciona un tema de la app. Esto se reflejará en todos los tipos de dispositivos.
Feature.Accessibility.Description.DeviceAppThemeExclusive,Explora los temas exclusivos de Plus para personalizar tu experiencia. Pruébalos ahora y suscríbete para guardar tu selección.
Feature.Accessibility.Description.DeviceAppThemeUpsell,
Feature.Accessibility.Description.DeviceLevelTheme,Elige un tema para este dispositivo. (Nota: Esto no cambiará cómo se ve Roblox en tus otros dispositivos.)
Feature.Accessibility.Description.Haptics,Controla la vibración total de la aplicación Roblox
Feature.Accessibility.Description.LaunchAtStartup,Abrir Roblox de forma automática al iniciar mi computadora
Feature.Accessibility.Description.Main,"Estos ajustes solo se aplican a este dispositivo. También puedes cambiar gráficos, movimientos y accesibilidad desde el menú Configuración en una experiencia."
Feature.Accessibility.Description.MinimizeToTray,"Al cerrar la ventana, envía a Roblox a la bandeja del sistema en lugar de salir por completo"
Feature.Accessibility.Description.PreferredTextSize,Ajusta el tamaño del texto en Roblox según tus preferencias
Feature.Accessibility.Description.PreferredTransparency,Mejora el contraste ajustando la transparencia en algunos fondos
Feature.Accessibility.Description.ReducedMotion,Detener o reducir los efectos de movimiento
Feature.Accessibility.Description.SkyStyle,Elige un estilo de cielo para el entorno de inicio
Feature.Accessibility.Description.UiNavigationKeyBind,Usa la tecla {uiNavigationKey} para ingresar y salir del modo de navegación de la interfaz de usuario
Feature.Accessibility.Description.VREnvironmentSetting,Elige un entorno para la pantalla de inicio
Feature.Accessibility.DeviceLevelTheme.Dark,Oscuro
Feature.Accessibility.DeviceLevelTheme.Light,Claro
Feature.Accessibility.DeviceLevelTheme.System,
Feature.Accessibility.Header.Haptics,Hápticas
Feature.Accessibility.Header.ShowInMenuBar,Mostrar en la barra de menú
Feature.Accessibility.Heading.AppThemeMode,Modo
Feature.Accessibility.Heading.DeviceAppTheme,Tema de la app
Feature.Accessibility.Heading.DeviceLevelTheme,Tema a nivel de dispositivo
Feature.Accessibility.Heading.DevicePreferences,Preferencias del dispositivo
Feature.Accessibility.Heading.DevicePreferencesV2,
Feature.Accessibility.Heading.ExclusiveThemes,Temas exclusivos
Feature.Accessibility.Heading.LaunchAtLogin,Abrir al iniciar sesión
Feature.Accessibility.Heading.LaunchAtStartup,Abrir al encender
Feature.Accessibility.Heading.MinimizeToTray,Minimizar a la bandeja al cerrar
Feature.Accessibility.Heading.PreferredTextSize,Tamaño del texto
Feature.Accessibility.Heading.PreferredTransparency,Transparencia del fondo
Feature.Accessibility.Heading.ReducedMotion,Reducir movimiento
Feature.Accessibility.Heading.SkyStyle,Estilo de cielo
Feature.Accessibility.Heading.UiNavigationKeyBind,Interruptor de navegación de la interfaz
Feature.Accessibility.Heading.VREnvironmentSetting,Entorno de RV
Feature.Accessibility.Label.AppThemeBadgeNew,Nuevo
Feature.Accessibility.Label.AppThemeUnlockBanner,Desbloquea temas de la app con Plus
Feature.Accessibility.PreferredTextSize.Default,
Feature.Accessibility.PreferredTextSize.Largest,Más grande
Feature.Accessibility.PreferredTransparency.Opaque,Opaco
Feature.Accessibility.PreferredTransparency.Transparent,Transparente
Feature.Accessibility.SkyStyle.Day,
Feature.Accessibility.SkyStyle.Night,Noche
Feature.Accessibility.VREnvironmentSetting.Dark,
Feature.Accessibility.VREnvironmentSetting.Light,Iluminado
Feature.Accessibility.VREnvironmentSetting.System,
Feature.AccountLock.Action.Continue,
Feature.AccountLock.Action.Ok,
Feature.AccountLock.Action.Signout,
Feature.AccountLock.Content.AccountMismatchDialog,
Feature.AccountLock.Content.ErrorDialog,No pudimos desbloquear tu cuenta. Haz clic en {continue} para intentarlo de nuevo.
Feature.AccountLock.Content.LockedDialog,Detectamos actividad sospechosa en esta cuenta. Puedes desbloquear tu cuenta confirmando que eres un humano.
Feature.AccountLock.Content.RateLimitDialog,Has alcanzado el límite de intentos de desbloqueo permitidos. Puedes intentarlo de nuevo una vez que el límite se reinicie.
Feature.AccountLock.Title.AccountLocked,Cuenta bloqueada
Feature.AccountLock.Title.RateLimit,Inténtalo de nuevo en {hh}:{mm} horas
Feature.AccountLock.Title.TryAgain,Intenta desbloquearla de nuevo
Feature.AccountLock.Title.WrongAccount,
Feature.AccountReactivation.Content.AccountDeactivatedMessage,Tu cuenta está desactivada en este momento.
Feature.AccountReactivation.Heading.AccountDeactivated,Cuenta desactivada
Feature.AccountReactivation.Label.DefaultError,Se produjo un error. Inténtalo de nuevo más tarde.
Feature.AccountReactivation.Label.Reactivate,Reactivar
Feature.AccountSecurityPrompt.Action.AbortDismissForeverAddEmail,Añadir correo electrónico
Feature.AccountSecurityPrompt.Action.AuthenticatorUpsellNextButtonMessage,
Feature.AccountSecurityPrompt.Action.ContinueChangePassword,
Feature.AccountSecurityPrompt.Action.DismissForever,No mostrar esto durante 30 días
Feature.AccountSecurityPrompt.Action.DismissTemporary,Descartar por ahora
Feature.AccountSecurityPrompt.Action.SecureAccount,Proteger mi cuenta
Feature.AccountSecurityPrompt.Action.SetUpAuthenticatorAccountRestoresPolicyUpsell,Configurar Autenticador
Feature.AccountSecurityPrompt.Action.SetUpEmail2SV,Configurar
Feature.AccountSecurityPrompt.Action.SubmitChangePassword,
Feature.AccountSecurityPrompt.Action.UnlockAccountPin,Desbloquear cuenta
Feature.AccountSecurityPrompt.Description.AccountRestoresPolicyUpdateV3Short,"Si tu cuenta se ve afectada, es poco probable que Roblox pueda restaurarla."
Feature.AccountSecurityPrompt.Description.AccountRestoresPolicyUpsellMessageBody,"Activa la Verificación en dos pasos con el Autenticador. Puedes hacerlo yendo a {linkStartSettings}Configuración de la cuenta{linkEndSettings}. Si tu cuenta se ve afectada, es poco probable que Roblox pueda restaurarla o recuperar su valor, incluyendo objetos perdidos y moneda virtual."
Feature.AccountSecurityPrompt.Description.AccountRestoresPolicyWithDate,"A partir de {date}, debes activar la verificación en 2 pasos a través del autenticador para poder restaurar la cuenta si la hackean."
Feature.AccountSecurityPrompt.Description.AreYouSureDismissForeverChangePassword,"Es posible que alguien esté usando tu cuenta sin permiso. Para protegerla, cambia tu contraseña."
Feature.AccountSecurityPrompt.Description.AuthenticatorSetupPromptClickHere,Tu seguridad es importante para nosotros: {styleTagStart}Haz clic aquí{styleTagEnd} para configurar el Authenticator.
Feature.AccountSecurityPrompt.Description.AuthenticatorSetupPromptNewShort,"Te recomendamos que actives la verificación en dos pasos a través de una aplicación de autenticación para mantener tu cuenta segura. Si tu cuenta se ve comprometida, el Servicio de Atención al Cliente evaluará las medidas de seguridad habilitadas mientras intenta ayudarte a recuperar lo que perdiste. Obtén más información en nuestra página de {linkStart}Ayuda{linkEnd}."
Feature.AccountSecurityPrompt.Description.ChangeYourPassword,"Para proteger tu cuenta, cambia la contraseña."
Feature.AccountSecurityPrompt.Description.ChangeYourPasswordClickHereStyled,"Para mantener tu cuenta segura, {styleTagStart}haz clic aquí{styleTagEnd} para cambiar la contraseña."
Feature.AccountSecurityPrompt.Description.ChangeYourPasswordSuccess,Cambiaste correctamente tu contraseña.
Feature.AccountSecurityPrompt.Description.Email2SVUpsellMessageBody,Protege tu cuenta y objetos de valor con los códigos de seguridad enviados a tu correo electrónico. ¡Activa la Verificación en dos pasos por correo electrónico hoy!
Feature.AccountSecurityPrompt.Description.EnterYourAccountPin,Introduce un PIN de la cuenta y cambia la contraseña.
Feature.AccountSecurityPrompt.Description.NoChangeForceReset,"Si no lo cambia, su contraseña se restablecerá automáticamente en {boldStart}{days} días{boldEnd}."
Feature.AccountSecurityPrompt.Description.NoChangeForceResetSingular,"Si no cambias tu contraseña, esta se restablecerá automáticamente en {boldStart}1 día{boldEnd}"
Feature.AccountSecurityPrompt.Description.UnusualActivity,Detectamos actividad inusual en tu cuenta.
Feature.AccountSecurityPrompt.Header.AccountPinExpired,PIN de la cuenta caducado
Feature.AccountSecurityPrompt.Header.AccountPinRequired,Ingresa el PIN de la cuenta
Feature.AccountSecurityPrompt.Header.AccountRestoresPolicyUpdate,Actualización de políticas de restauración de cuenta
Feature.AccountSecurityPrompt.Header.AccountRestoresPolicyUpdateV3,Asegúrate de que la Verificación en dos pasos con el Autenticador esté activada
Feature.AccountSecurityPrompt.Header.AccountRestoresPolicyUpsell,¡Protege tu cuenta!
Feature.AccountSecurityPrompt.Header.AreYouSure,¿Quieres proceder?
Feature.AccountSecurityPrompt.Header.AuthenticatorUpsellDownloadAuthenticator,Descargar autenticador
Feature.AccountSecurityPrompt.Header.AuthenticatorUpsellWelcomeMessage,¡Mantén tu cuenta segura!
Feature.AccountSecurityPrompt.Header.ChangeYourPassword,Cambia tu contraseña
Feature.AccountSecurityPrompt.Header.CreateAStrongPassword,Crea una contraseña segura
Feature.AccountSecurityPrompt.Header.Email2SVUpsell,Aumenta la seguridad de tu cuenta.
Feature.AccountSecurityPrompt.Header.KeepYourAccountSafeShort,Mantén tu cuenta segura con el autenticador
Feature.AccountSecurityPrompt.Header.Success,
Feature.AccountSecurityPrompt.Header.UnusualActivityDetected,¡Se detectó actividad inusual!
Feature.AccountSecurityPrompt.Header.YourPasswordMightBeStolen,¡Pueden robarte la contraseña!
Feature.AccountSecurityPrompt.Label.AccountPin,PIN de la cuenta
Feature.AccountSecurityPrompt.Label.AuthenticatorUpsellBadActorHeadline,Mantén a los malos actores a raya
Feature.AccountSecurityPrompt.Label.AuthenticatorUpsellBadActorMessage,"Aunque se roben la contraseña o el correo electrónico, no podrán iniciar sesión en tu cuenta."
Feature.AccountSecurityPrompt.Label.AuthenticatorUpsellDownloadInstruction,Descarga una aplicación de autenticación en tu dispositivo. Te sugerimos las siguientes:
Feature.AccountSecurityPrompt.Label.AuthenticatorUpsellGoogleOption,Autenticador de Google
Feature.AccountSecurityPrompt.Label.AuthenticatorUpsellMicrosoftOption,Autenticador de Microsoft
Feature.AccountSecurityPrompt.Label.AuthenticatorUpsellProtectRobuxHeadline,"Protege tus experiencias, Robux y más"
Feature.AccountSecurityPrompt.Label.AuthenticatorUpsellProtectRobuxMessage,"Añade un nivel de seguridad adicional para que no pierdas el acceso a tus experiencias, objetos limitados y más."
Feature.AccountSecurityPrompt.Label.AuthenticatorUpsellSetupAuthenticatorButtonMessage,Configurar autenticador
Feature.AccountSecurityPrompt.Label.AuthenticatorUpsellTwilioOption,Authy de Twilio
Feature.AccountSecurityPrompt.Label.AuthenticatorUpsellTwoFactorHeadline,Dos verificaciones son mejor que una
Feature.AccountSecurityPrompt.Label.AuthenticatorUpsellTwoFactorMessage,Introduce la contraseña y los códigos únicos de otro dispositivo para iniciar sesión y realizar compras de alto valor.
Feature.AccountSecurityPrompt.Label.ConfirmNewPassword,Confirmar contraseña nueva
Feature.AccountSecurityPrompt.Label.CurrentPassword,Contraseña actual
Feature.AccountSecurityPrompt.Label.IForgotMyPassword,Olvidé mi contraseña
Feature.AccountSecurityPrompt.Label.NewPassword,Contraseña nueva
Feature.AccountSecurityPrompt.Label.TimeRemaining,Tiempo restante
Feature.AccountSecurityPrompt.Label.UseAUniquePassword,Utiliza una contraseña que no esté en uso en otras aplicaciones
Feature.AccountSecurityPrompt.Message.Error.Input.PasswordsDoNotMatch,La contraseña nueva no coincide con la confirmación.
Feature.AccountSecurityPrompt.Message.Error.Password.Default,Se produjo un error desconocido.
Feature.AccountSecurityPrompt.Message.Error.Password.Flooded,
Feature.AccountSecurityPrompt.Message.Error.Password.InvalidCurrentPassword,La contraseña actual es incorrecta.
Feature.AccountSecurityPrompt.Message.Error.Password.InvalidPassword,La contraseña nueva no cumple con los requisitos de seguridad.
Feature.AccountSecurityPrompt.Message.Error.Password.PinLocked,La cuenta está bloqueada con un PIN.
Feature.AccountSecurityPrompt.Message.Error.PasswordValidation.DumbStrings,
Feature.AccountSecurityPrompt.Message.Error.PasswordValidation.ForbiddenPassword,Esta contraseña no está permitida. Elige una distinta.
Feature.AccountSecurityPrompt.Message.Error.PasswordValidation.PasswordSameAsUsername,La contraseña no puede coincidir con tu nombre de usuario.
Feature.AccountSecurityPrompt.Message.Error.PasswordValidation.ShortPassword,La contraseña debe tener al menos 8 caracteres.
Feature.AccountSecurityPrompt.Message.Error.PasswordValidation.WeakPassword,"La contraseña debe tener un mínimo de 8 caracteres e incluir por lo menos 2 dígitos, 4 letras y 1 símbolo."
Feature.AccountSecurityPrompt.Message.Error.Pin.AccountLocked,Tu cuenta está bloqueada.
Feature.AccountSecurityPrompt.Message.Error.Pin.Default,
Feature.AccountSecurityPrompt.Message.Error.Pin.Flooded,
Feature.AccountSecurityPrompt.Message.Error.Pin.IncorrectPin,PIN incorrecto.
Feature.AccountSecurityPrompt.Message.Error.Pin.NoAccountPin,No existe un PIN para esta cuenta.
Feature.AccountSecurityPrompt.Message.Error.PromptAssignments.Default,
Feature.AccountSettings.Action.Verify,Verificar
Feature.AccountSettings.Description.AddPhoneNumber,"Añade un número de teléfono para ayudarte a iniciar sesión, conectar con amigos y más."
Feature.AccountSettings.Description.NotShownPublicly,Tu número de teléfono nunca se mostrará públicamente.
Feature.AccountSettings.Example.Facebook,ej.: www.facebook.com/Roblox
Feature.AccountSettings.Example.Guilded,ej.: guilded.gg/roblox
Feature.AccountSettings.Example.Twitch,ej.: www.twitch.tv/roblox/profile
Feature.AccountSettings.Example.Twitter,ej.: @Roblox
Feature.AccountSettings.Example.YouTube,ej.: www.youtube.com/user/roblox
Feature.AccountSettings.Heading.Communication,Comunicación
Feature.AccountSettings.Heading.SocialNetworks,Redes sociales
Feature.AccountSettings.Heading.Tab.AccountInfo,Información de la cuenta
Feature.AccountSettings.Heading.Tab.AccountInfoV2,
Feature.AccountSettings.Heading.Tab.AppPermissions,Permisos de la aplicación
Feature.AccountSettings.Heading.Tab.Billing,Métodos de pago
Feature.AccountSettings.Heading.Tab.BillingV2,
Feature.AccountSettings.Heading.Tab.Notifications,Notificaciones
Feature.AccountSettings.Heading.Tab.ParentalControls,Controles parentales
Feature.AccountSettings.Heading.Tab.ParentalControlsV2,
Feature.AccountSettings.Heading.Tab.Privacy,
Feature.AccountSettings.Heading.Tab.PrivacyContentRestrictions,Restricciones de privacidad y contenido
Feature.AccountSettings.Heading.Tab.Robux,Robux
Feature.AccountSettings.Heading.Tab.Security,Seguridad
Feature.AccountSettings.Heading.Tab.Spending,Gasto
Feature.AccountSettings.Heading.Tab.Subscriptions,
Feature.AccountSettings.Label.Discord,Discord
Feature.AccountSettings.Label.DropDown.Everyone,
Feature.AccountSettings.Label.DropDown.FollowersV3,"Amigos, siguiendo, seguidores"
Feature.AccountSettings.Label.DropDown.FollowingV2,"Amigos, personas a las que sigo"
Feature.AccountSettings.Label.DropDown.Friends,
Feature.AccountSettings.Label.DropDown.NoOne,
Feature.AccountSettings.Label.Facebook,Facebook
Feature.AccountSettings.Label.Guilded,Guilded
Feature.AccountSettings.Label.SocialLinksVisibility,Visible para
Feature.AccountSettings.Label.TencentReputation,Crédito de juego de Tencent
Feature.AccountSettings.Label.Twitch,Twitch
Feature.AccountSettings.Label.X,X
Feature.AccountSettings.Label.YouTube,YouTube
Feature.AccountSettings.Message.Error.InvalidFacebookUrl,La URL del perfil de Facebook no es válida.
Feature.AccountSettings.Message.Error.InvalidGuildedUrl,La URL del perfil de Guilded no es válida.
Feature.AccountSettings.Message.Error.InvalidTwitchUrl,La URL del perfil de Twitch no es válida.
Feature.AccountSettings.Message.Error.InvalidXUrl,El nombre de usuario de X no es válido.
Feature.AccountSettings.Message.Error.InvalidYouTubeUrl,La URL de YouTube no es válida.
Feature.AddFriends.Action.FriendAdded,Amistad añadida
Feature.AddFriends.Action.IgnoreAll,Ignorar todas
Feature.AddFriends.Action.IgnoreAllAltCase,Ignorar todos
Feature.AddFriends.Action.IgnoreConnectionRequest,Ignorar solicitud de conexión
Feature.AddFriends.Action.IgnoreFriendRequest,Ignorar solicitud de amistad
Feature.AddFriends.Action.IgnoreTrustedFriendRequest,Ignorar solicitud de amistad de confianza
Feature.AddFriends.Action.RequestIgnored,Solicitud ignorada
Feature.AddFriends.Description.CameraPermissionWarning,"El acceso a la cámara está desactivado. Para escanear un código QR, permite el acceso a la cámara en Configuración > Aplicaciones > Roblox"
Feature.AddFriends.Heading.AddFriends,Añadir amigos
Feature.AddFriends.Heading.FindPeople,Encuentra personas
Feature.AddFriends.Label.AddFriendsTooltip,Comienza encontrando a tus amigos para que puedan explorar Roblox juntos.
Feature.AddFriends.Label.AgedUpSearchForFriendsPrompt,Encuentra gente en Roblox buscando por su nombre de usuario o nombre.
Feature.AddFriends.Label.ConnectWithContacts,Invita a contactos o conecta con amigos que ya están en Roblox.
Feature.AddFriends.Label.ConnectionRequests,Solicitudes de conexión
Feature.AddFriends.Label.ContactsTile,Contactos
Feature.AddFriends.Label.DeclineAllBackgrounded,Ignorar todas las solicitudes de amistad. Esto puede tardar un minuto.
Feature.AddFriends.Label.EmptyState,¿Con quién explorarás Roblox? ¡Añade conexiones para hacer más en Roblox!
Feature.AddFriends.Label.EmptyState.FriendsRename,¿Con quién explorarás Roblox? Añade amigos para más diversión.
Feature.AddFriends.Label.EmptyStatePrompt,¿Con quién explorarás Roblox? Busca a personas para añadirlas a tus contactos o conecta con quienes ya conoces.
Feature.AddFriends.Label.FriendRequests,Solicitudes de amistad
Feature.AddFriends.Label.InputPlaceholder.SearchForPeople,Buscar personas
Feature.AddFriends.Label.InputPlaceholder.SearchForPeopleAltCapitalization,
Feature.AddFriends.Label.MyQRTile,Mi QR
Feature.AddFriends.Label.MyQrCode,Mi código QR
Feature.AddFriends.Label.QRCodeTitle,Código QR
Feature.AddFriends.Label.SchoolTile,Compañeros de clase
Feature.AddFriends.Label.SearchForFriendsPrompt,Busca personas en Roblox a través de su nombre de usuario o de su nombre de visualización.
Feature.AddFriends.Label.ShareQRCodeAddConnection,Comparte tu código QR para añadir a gente que conoces
Feature.AddFriends.Label.SyncContactsInvitePeople,Sincroniza tus contactos para encontrar e invitar a amigos
Feature.AddFriends.Label.SyncWithContacts,
Feature.AddFriends.Label.TrustedConnectionRequests,Solicitudes de conexión de confianza
Feature.AddFriends.Label.TrustedFriendRequests,Solicitudes de amistad de confianza
Feature.AddFriends.Text.EmptyState,¿Con quién explorarás Roblox?{lineBreak}¡Añade conexiones para hacer más en Roblox!
Feature.AddFriends.Text.EmptyState.FriendsRename,¿Con quién explorarás Roblox?{lineBreak}¡Añade amigos para hacer más en Roblox!
Feature.AddFriends.Title.AddConnectionsToolTip,Roblox es mejor con conexiones
Feature.AddFriends.Title.AddFriendsToolTip,¡Roblox es mejor si lo disfrutas con tus amigos!
Feature.AddFriends.Title.AddFriendsTooltipTitle,
Feature.AddFriends.Title.CameraPermission,Permisos de la cámara
Feature.AddFriends.Title.ConnectWithContacts,Añadir de Contactos
Feature.AddFriends.Title.ShareQRCode,Añadir de Código QR
Feature.AgeGuidelines.DisplayName.StrongLanguage,Lenguaje soez
Feature.AgeGuidelines.Label.CreatorEnabled,Creador habilitado
Feature.AgeVerificationUpsell.Body.AgeSettingsRedirect,Accede a más contenido y funciones.
Feature.AgeVerificationUpsell.Button.Cancel,
Feature.AgeVerificationUpsell.Button.Continue,
Feature.AgeVerificationUpsell.Button.Settings,Verificar mi edad
Feature.AgeVerificationUpsell.Modal.ContentText,"Verifica tu edad para acceder a esta experiencia.

1. Ve a Información de la cuenta > Verificar mi edad
2. Completa el proceso de verificación
"
Feature.AgeVerificationUpsell.Modal.Title,
Feature.AgeVerificationUpsell.Title.AgeSettingsRedirect,Haz una verificación de edad en la configuración
Feature.AppealsPortal.Action.FinalAppeal,Enviar apelación final
Feature.AppealsPortal.Action.OK,
Feature.AppealsPortal.Action.Send,
Feature.AppealsPortal.Action.SendAppeal,Enviar apelación
Feature.AppealsPortal.Description,No hay más detalles disponibles sobre esta infracción.
Feature.AppealsPortal.Description.AppealAccepted.Multiple,"Revisamos tu apelación por las infracciones {violationsList} y {singleViolation}, y determinamos que tu actividad no infringió las reglas que se explican en nuestras Normas de la comunidad. Por lo tanto, no habrá consecuencias para tu cuenta. Esto nos ayudará a mejorar nuestras evaluaciones. ¡Muchas gracias!"
Feature.AppealsPortal.Description.AppealAccepted.None,"Revisamos tu apelación y determinamos que tu actividad no infringió las reglas que se explican en nuestras Normas de la comunidad. Por lo tanto, no habrá consecuencias para tu cuenta. Esto nos ayudará a mejorar nuestras evaluaciones. ¡Muchas gracias!"
Feature.AppealsPortal.Description.AppealAccepted.V2,"Revisamos cuidadosamente tu apelación por {violations} y encontramos que tu actividad cumple con las normas explicadas en nuestras Normas de la comunidad, así que no habrá consecuencias en tu cuenta. Esto nos ayudará a mejorar nuestras revisiones, ¡gracias!"
Feature.AppealsPortal.Description.AppealDenied.Multiple,Revisamos cuidadosamente tu apelación por {violationsList} y {singleViolation} y seguimos considerando que tu actividad no cumple con las normas explicadas en nuestras Normas de la comunidad. Entendemos que esta decisión puede resultar decepcionante y agradecemos el tiempo que dedicaste a enviar una apelación.
Feature.AppealsPortal.Description.AppealDenied.None,"Revisamos cuidadosamente tu apelación y seguimos considerando que tu actividad infringe las reglas que se explican en nuestras Normas de la comunidad. Aunque entendemos que esta decisión puede ser decepcionante, agradecemos el tiempo que dedicaste a enviar una apelación."
Feature.AppealsPortal.Description.AppealDenied.Singular,Revisamos cuidadosamente tu apelación por {singleViolation} y seguimos considerando que tu actividad no cumple con las normas explicadas en nuestras Normas de la comunidad. Entendemos que esta decisión puede resultar decepcionante y agradecemos el tiempo que dedicaste a enviar una apelación.
Feature.AppealsPortal.Description.AppealDenied.V2,Revisamos cuidadosamente tu apelación por {violations} y seguimos considerando que tu actividad no cumple con las normas explicadas en nuestras Normas de la comunidad. Gracias por enviar una apelación.
Feature.AppealsPortal.Description.AppealDisclosures,Más acerca de las apelaciones: {link}aprende más y revisa las divulgaciones.{linkEnd}
Feature.AppealsPortal.Description.AppealIneligible,Ya no eres elegible para apelar esta decisión. Verifica tu identidad e inténtalo de nuevo.
Feature.AppealsPortal.Description.AppealReceived,"Te informaremos de nuestra decisión en breve. Estimamos que la respuesta se producirá en un plazo de 5 días hábiles, dependiendo de la complejidad del asunto. Gracias por enviar una apelación."
Feature.AppealsPortal.Description.AppealReceived.Plural,"Te informaremos de nuestra decisión en breve. Estimamos que la respuesta se producirá en un plazo de {number} días hábiles, dependiendo de la complejidad del asunto. Gracias por enviar una apelación."
Feature.AppealsPortal.Description.AppealReceived.Singular,"Te informaremos de nuestra decisión en breve. Estimamos que la respuesta se producirá en un plazo de 1 día hábil, dependiendo de la complejidad del asunto. Gracias por enviar una apelación."
Feature.AppealsPortal.Description.AppealRequiresIdv,"Debes verificar tu identidad para apelar esta decisión. Si ya verificaste tu identificación, es posible que la utilicemos."
Feature.AppealsPortal.Description.AppealSubmitted,IGNORE - NOT NEEDED
Feature.AppealsPortal.Description.AppealSubmittedComplexity,"El tiempo real depende de muchos factores, incluyendo la complejidad de las cuestiones planteadas y la cantidad de información relevante que incluiste."
Feature.AppealsPortal.Description.AppealSubmittedDecisionTime,Estimamos una decisión en un plazo de 5 días laborales.
Feature.AppealsPortal.Description.AppealSubmittedDecisionTime.Plural,Estimamos tener una decisión dentro de {number} días hábiles.
Feature.AppealsPortal.Description.AppealSubmittedDecisionTime.Singular,Estimamos tener una decisión dentro de 1 día hábil.
Feature.AppealsPortal.Description.AppealSubmittedUpdate,Enviaremos una actualización con nuestra decisión y cualquier acción tomada a la dirección de correo electrónico proporcionada.
Feature.AppealsPortal.Description.AppealSubmittedUpdate.OptOut,"Enviaremos una actualización con nuestra decisión y cualquier acción tomada a la dirección de correo electrónico proporcionada, a menos que nos informaste que no quieres recibit más comunicación sobre este asunto."
Feature.AppealsPortal.Description.AppealsPortal,Mira las infracciones pasadas y gestiona tus apelaciones. Todo el contenido y comportamiento deben adherir a las {link}Normas de la comunidad de Roblox{linkEnd}
Feature.AppealsPortal.Description.DetailsUnavailable,
Feature.AppealsPortal.Description.IssueClosed,Cerramos este problema porque decidiste familiarizarte con una de nuestras reglas para evitar una suspensión.
Feature.AppealsPortal.Description.MatchEmail,Los correos electrónicos deben coincidir.
Feature.AppealsPortal.Description.MiscAppeal,Dinos si crees que cometimos un error.
Feature.AppealsPortal.Description.MiscAppealLink,Apelar una decisión que no ves aquí
Feature.AppealsPortal.Description.NoCommunications,Decidiste no recibir ninguna comunicación sobre esta apelación
Feature.AppealsPortal.Description.OneAppeal,"Al seleccionar Enviar, confirmas que esta información es cierta y que solo estás enviando una apelación sobre esta decisión."
Feature.AppealsPortal.Description.OtherWarning,"Para asegurar la revisión, usa la opción ""Otro"" solo cuando tu apelación no se categorice en ninguna otra opción. Cerraremos las apelaciones categorizadas de forma incorrecta."
Feature.AppealsPortal.Description.RequestAppealReview.V3,Las revisiones se basan en las {link}Normas de la comunidad de Roblox{linkEnd}.
Feature.AppealsPortal.Description.RequiredField,Este campo es obligatorio.
Feature.AppealsPortal.Description.VerifyIdentityToAppeal,Esto nos ayuda a determinar si esta cuenta debe estar vinculada a la cuenta bloqueada.
Feature.AppealsPortal.Description.ViolationInactive,Cerramos este problema porque no es necesario tomar ninguna medida adicional.
Feature.AppealsPortal.Header.AppealAccepted,Aceptamos la apelación que enviaste
Feature.AppealsPortal.Header.AppealDenied,Rechazamos la apelación que enviaste
Feature.AppealsPortal.Header.AppealReceived,Recibimos la apelación que enviaste
Feature.AppealsPortal.Header.RequestAppeal,Solicitar apelación
Feature.AppealsPortal.Header.ViolationInactive,Infracción resuelta
Feature.AppealsPortal.Heading.ActivityReviewed,Actividad que revisamos
Feature.AppealsPortal.Heading.AppealDecision,Apelar una decisión
Feature.AppealsPortal.Heading.AppealSubmitted,Recibimos tu apelación
Feature.AppealsPortal.Heading.AppealTimeline,Cronograma de la apelación
Feature.AppealsPortal.Heading.AppealUnavailable,Apelación no disponible
Feature.AppealsPortal.Heading.MiscAppeal,
Feature.AppealsPortal.Heading.VerifyIdentityToAppeal,Verifiquemos tu identidad para que puedas enviar una apelación
Feature.AppealsPortal.Heading.ViolationsAndAppeals,Infracciones y apelaciones
Feature.AppealsPortal.Label.AccessoryDescription,Descripción del accesorio
Feature.AppealsPortal.Label.Account,Cuenta
Feature.AppealsPortal.Label.ActivityReviewed,
Feature.AppealsPortal.Label.Ad,Anuncio
Feature.AppealsPortal.Label.AdId,ID del anuncio
Feature.AppealsPortal.Label.AltAccount,Cuenta alternativa
Feature.AppealsPortal.Label.AppealComment,Comentario que enviaste:
Feature.AppealsPortal.Label.AppealMessageCharacterCount,{current} de {max} caracteres
Feature.AppealsPortal.Label.AppealReason,¿Por qué estás apelando?
Feature.AppealsPortal.Label.AppealReason.Placeholder,Dinos por qué crees que deberíamos cambiar nuestra decisión.
Feature.AppealsPortal.Label.AssetId,ID del recurso
Feature.AppealsPortal.Label.AssetName,Nombre del recurso
Feature.AppealsPortal.Label.AudioStartTime,Hora de inicio del audio
Feature.AppealsPortal.Label.AvatarItem,Objeto de avatar
Feature.AppealsPortal.Label.Billing,Facturación
Feature.AppealsPortal.Label.BundleDescription,Descripción del paquete
Feature.AppealsPortal.Label.BundleId,ID del paquete
Feature.AppealsPortal.Label.BundleName,Nombre del paquete
Feature.AppealsPortal.Label.ChatEvidenceId,ID de evidencia de chat
Feature.AppealsPortal.Label.Cheating,Trampa
Feature.AppealsPortal.Label.ContentMaturity,Envío del cuestionario sobre madurez del contenido
Feature.AppealsPortal.Label.DecisionCategory,¿Qué tipo de decisión quieres apelar?
Feature.AppealsPortal.Label.DisplayName,Nombre de visualización
Feature.AppealsPortal.Label.DropdownPlaceholder,Seleccionar uno
Feature.AppealsPortal.Label.EmailConfirmation,Confirma tu correo
Feature.AppealsPortal.Label.EmailInput,Tu correo electrónico
Feature.AppealsPortal.Label.EmailOptOutCheckbox,Marca la casilla si no quieres recibir más comunicación sobre esta apelación.
Feature.AppealsPortal.Label.Experience.ContentMaturity,Experiencia que poseo: madurez de contenidos
Feature.AppealsPortal.Label.Experience.Suspension,Experiencia que poseo: suspensión
Feature.AppealsPortal.Label.ExperienceIOwnContentMaturity,Experiencia que poseo - Madurez del contenido
Feature.AppealsPortal.Label.ExperienceIOwnSuspension,Experiencia que poseo - Suspensión
Feature.AppealsPortal.Label.ExperienceLinkPrompt,Ingresa el enlace a tu experiencia
Feature.AppealsPortal.Label.ExploitDetected,Se detectó un exploit del dispositivo
Feature.AppealsPortal.Label.Group,Grupo
Feature.AppealsPortal.Label.ID,ID
Feature.AppealsPortal.Label.IDArg,ID: {id}
Feature.AppealsPortal.Label.ImageOrOtherAsset,Imagen u otro recurso
Feature.AppealsPortal.Label.ImmersiveBrandedAd,Anuncio integrado
Feature.AppealsPortal.Label.ImmersiveBrandedAdPlacementId,ID de la ubicación del anuncio integrado
Feature.AppealsPortal.Label.Location,
Feature.AppealsPortal.Label.LookDescription,Descripción del avatar compartido
Feature.AppealsPortal.Label.LookId,ID de avatar compartido
Feature.AppealsPortal.Label.LookName,Nombre de avatar compartido
Feature.AppealsPortal.Label.PlaceIDPrompt,¿Qué es la identificación de lugar?
Feature.AppealsPortal.Label.PlaceId,ID del lugar
Feature.AppealsPortal.Label.PlaceName,Nombre del lugar
Feature.AppealsPortal.Label.ProfileDescription,Descripción del perfil
Feature.AppealsPortal.Label.Reason,Motivo
Feature.AppealsPortal.Label.ReportAndAppeals,
Feature.AppealsPortal.Label.Type.Asset,Recurso
Feature.AppealsPortal.Label.Type.Audio,Audio
Feature.AppealsPortal.Label.Type.Avatar,
Feature.AppealsPortal.Label.Type.AvatarAccessory,Accesorio de avatar
Feature.AppealsPortal.Label.Type.AvatarAccessoryText,Nombre y descripción del accesorio de avatar
Feature.AppealsPortal.Label.Type.Bundle,
Feature.AppealsPortal.Label.Type.BundleText,Nombre y descripción del paquete
Feature.AppealsPortal.Label.Type.Chat,
Feature.AppealsPortal.Label.Type.CommerceProduct,Producto comercial
Feature.AppealsPortal.Label.Type.ContentMaturity,Experiencia
Feature.AppealsPortal.Label.Type.Experience,
Feature.AppealsPortal.Label.Type.Game,Juego
Feature.AppealsPortal.Label.Type.Image,Imagen
Feature.AppealsPortal.Label.Type.Look,Avatar compartido
Feature.AppealsPortal.Label.Type.LookText,Nombre y descripción del avatar compartido
Feature.AppealsPortal.Label.Type.Mesh,Malla
Feature.AppealsPortal.Label.Type.Model,Modelo
Feature.AppealsPortal.Label.Type.Plugin,Plugin
Feature.AppealsPortal.Label.Type.Post,Publicar
Feature.AppealsPortal.Label.Type.Screenshot,Captura
Feature.AppealsPortal.Label.Type.UserProfile,Perfil de usuario
Feature.AppealsPortal.Label.Type.Video,Video
Feature.AppealsPortal.Label.Type.Voice,Chat de voz
Feature.AppealsPortal.Label.TypeBrokeRules.Generic,Tu comportamiento infringió las reglas
Feature.AppealsPortal.Label.TypeLower.Account,cuenta
Feature.AppealsPortal.Label.TypeLower.Ad,anuncio
Feature.AppealsPortal.Label.TypeLower.AltAccount,cuenta alterna
Feature.AppealsPortal.Label.TypeLower.Asset,recurso
Feature.AppealsPortal.Label.TypeLower.Audio,audio
Feature.AppealsPortal.Label.TypeLower.Avatar,avatar
Feature.AppealsPortal.Label.TypeLower.AvatarAccessory,accesorio de avatar
Feature.AppealsPortal.Label.TypeLower.AvatarAccessoryText,nombre y descripción del accesorio de avatar
Feature.AppealsPortal.Label.TypeLower.Behavior,comportamiento
Feature.AppealsPortal.Label.TypeLower.Bundle,paquete
Feature.AppealsPortal.Label.TypeLower.BundleText,nombre y descripción del paquete
Feature.AppealsPortal.Label.TypeLower.Chat,chat
Feature.AppealsPortal.Label.TypeLower.CommerceProduct,producto comercial
Feature.AppealsPortal.Label.TypeLower.ContentMaturity,experiencia
Feature.AppealsPortal.Label.TypeLower.Experience,
Feature.AppealsPortal.Label.TypeLower.Game,juego
Feature.AppealsPortal.Label.TypeLower.Image,imagen
Feature.AppealsPortal.Label.TypeLower.ImmersiveBrandedAd,anuncio integrado
Feature.AppealsPortal.Label.TypeLower.Look,avatar compartido
Feature.AppealsPortal.Label.TypeLower.LookText,nombre y descripción del avatar compartido
Feature.AppealsPortal.Label.TypeLower.Mesh,malla
Feature.AppealsPortal.Label.TypeLower.Model,modelo
Feature.AppealsPortal.Label.TypeLower.PlaceId,
Feature.AppealsPortal.Label.TypeLower.Plugin,plugin
Feature.AppealsPortal.Label.TypeLower.Post,publicar
Feature.AppealsPortal.Label.TypeLower.Screenshot,captura
Feature.AppealsPortal.Label.TypeLower.UserProfile,perfil de usuario
Feature.AppealsPortal.Label.TypeLower.Video,video
Feature.AppealsPortal.Label.TypeLower.Voice,chat de voz
Feature.AppealsPortal.Label.TypePlural.Asset,recursos
Feature.AppealsPortal.Label.TypePlural.Audio,
Feature.AppealsPortal.Label.TypePlural.Avatar,avatares
Feature.AppealsPortal.Label.TypePlural.AvatarAccessory,
Feature.AppealsPortal.Label.TypePlural.AvatarAccessoryText,nombres y descripciones de los accesorios de avatar
Feature.AppealsPortal.Label.TypePlural.Bundle,paquetes
Feature.AppealsPortal.Label.TypePlural.BundleText,nombres y descripciones de los paquetes
Feature.AppealsPortal.Label.TypePlural.Chat,chats de texto
Feature.AppealsPortal.Label.TypePlural.CommerceProduct,productos comerciales
Feature.AppealsPortal.Label.TypePlural.Experience,experiencias
Feature.AppealsPortal.Label.TypePlural.Game,
Feature.AppealsPortal.Label.TypePlural.Image,imágenes
Feature.AppealsPortal.Label.TypePlural.Look,avatares compartidos
Feature.AppealsPortal.Label.TypePlural.LookText,nombres y descripciones de los avatares compartidos
Feature.AppealsPortal.Label.TypePlural.Mesh,mallas
Feature.AppealsPortal.Label.TypePlural.Model,modelos
Feature.AppealsPortal.Label.TypePlural.Plugin,plugins
Feature.AppealsPortal.Label.TypePlural.Screenshot,capturas
Feature.AppealsPortal.Label.TypePlural.Video,videos
Feature.AppealsPortal.Label.TypePlural.Voice,chats de voz
Feature.AppealsPortal.Label.UploadTime,Tiempo de carga
Feature.AppealsPortal.Label.Username,
Feature.AppealsPortal.Label.ViolativeExperienceDescription,Descripción de la experiencia infractora
Feature.AppealsPortal.Label.ViolativeExperienceName,Nombre de la experiencia infractora
Feature.Avatar.Action.AddNewMakeupLook,Agregar nuevo aspecto
Feature.Avatar.Action.Cancel,
Feature.Avatar.Action.CancelSelection,Cancelar selección
Feature.Avatar.Action.Clear,
Feature.Avatar.Action.ComposerPost,
Feature.Avatar.Action.ComposerPreviewAndPost,Vista previa y publicación
Feature.Avatar.Action.CreateSet,
Feature.Avatar.Action.CreateSetFirstRun,Crear conjunto
Feature.Avatar.Action.Default,
Feature.Avatar.Action.DefaultView,Vista predeterminada
Feature.Avatar.Action.Delete,
Feature.Avatar.Action.DeleteAvatars,Eliminar avatares
Feature.Avatar.Action.DeleteSet,Eliminar conjunto
Feature.Avatar.Action.Discard,
Feature.Avatar.Action.EditProfilePicture,Editar foto de perfil
Feature.Avatar.Action.GoBack,
Feature.Avatar.Action.GotIt,Entendido
Feature.Avatar.Action.Keep,
Feature.Avatar.Action.Leave,
Feature.Avatar.Action.ManageCharacters,Gestionar personajes
Feature.Avatar.Action.ManageMakeupLooks,Administrar estilos
Feature.Avatar.Action.Marketplace,Mercado
Feature.Avatar.Action.MyPublishedAvatars,Mis avatares publicados
Feature.Avatar.Action.MySharedAvatars,
Feature.Avatar.Action.Next,
Feature.Avatar.Action.NotNow,Ahora no
Feature.Avatar.Action.Pan,Hacer una panorámica
Feature.Avatar.Action.Posting,Publicando
Feature.Avatar.Action.Remove,
Feature.Avatar.Action.RemoveAll,Eliminar todo
Feature.Avatar.Action.RemoveFromSet,Eliminar del conjunto
Feature.Avatar.Action.Rename,Renombrar
Feature.Avatar.Action.RenameSet,Renombrar conjunto
Feature.Avatar.Action.Reset,
Feature.Avatar.Action.RestoreLastSaved,Restaurar último avatar guardado
Feature.Avatar.Action.Revert,Revertir
Feature.Avatar.Action.Rotate,Girar
Feature.Avatar.Action.Save,
Feature.Avatar.Action.SaveAsNew,Guardar como nuevo
Feature.Avatar.Action.Select,Seleccionar
Feature.Avatar.Action.SelectMultipleItems,Seleccionar varios elementos
Feature.Avatar.Action.SelectSlot,Elegir espacio
Feature.Avatar.Action.Share,Compartir
Feature.Avatar.Action.ShareAvatar,Publicar avatar
Feature.Avatar.Action.ShareCurrentAvatar,Publicar avatar actual
Feature.Avatar.Action.Shop,Tienda
Feature.Avatar.Action.ShopForMore,Consigue más
Feature.Avatar.Action.ShowMore,
Feature.Avatar.Action.SlotEmote,Insertar emote en el espacio
Feature.Avatar.Action.Stay,Quedarse
Feature.Avatar.Action.Switch,Cambiar
Feature.Avatar.Action.TryOn,
Feature.Avatar.Action.Unequip,Quitar
Feature.Avatar.Action.Unselect,Anular selección
Feature.Avatar.Action.UnslotEmote,Quitar emote del espacio
Feature.Avatar.Action.Update,
Feature.Avatar.Action.UpdateExistingCharacter,Actualizar personaje existente
Feature.Avatar.Action.UpdateExistingMakeupLook,Actualizar el aspecto existente
Feature.Avatar.Action.UpdateMakeupLook,Actualizar estilo
Feature.Avatar.Action.Zoom,Hacer zoom
Feature.Avatar.AvatarWidgetTitle,Explora los estilos
Feature.Avatar.BackgroundGeneration.Action.Cancel,
Feature.Avatar.BackgroundGeneration.Action.DeleteBackground,
Feature.Avatar.BackgroundGeneration.Action.DiscardDialogCancel,
Feature.Avatar.BackgroundGeneration.Action.DiscardDialogConfirm,
Feature.Avatar.BackgroundGeneration.Action.Okay,
Feature.Avatar.BackgroundGeneration.Action.Publish,
Feature.Avatar.BackgroundGeneration.Action.Upload,Subir
Feature.Avatar.BackgroundGeneration.Action.View,
Feature.Avatar.BackgroundGeneration.Action.ViewExclusiveBackgrounds,
Feature.Avatar.BackgroundGeneration.Description.CreateBackgroundsWithPlus,Crea fondos con Plus.
Feature.Avatar.BackgroundGeneration.Description.DiscardDialog,"Tu fondo aún no se ha publicado. Si sales ahora, lo perderás."
Feature.Avatar.BackgroundGeneration.Description.ReadyToUse,Tu creación está lista para usarse.
Feature.Avatar.BackgroundGeneration.Description.ReviewBeforePublish,"Este fondo se generó con IA. Al publicarlo, confirmas que cumple con las Normas de la comunidad de Roblox y que no utiliza contenido sobre el que no tengas derechos. Se revisará antes de que aparezca en tu inventario y los artículos publicados no se pueden editar."
Feature.Avatar.BackgroundGeneration.Description.ReviewBeforeUpload,"Este fondo se generó con IA. Al subirlo, confirmas que cumple con las Normas de la comunidad de Roblox y que no utiliza contenido sobre el que no tengas derechos. Se revisará antes de que aparezca en tu inventario. No se pueden editar los objetos una vez que los hayas subido."
Feature.Avatar.BackgroundGeneration.Description.UnlockExclusiveBackgrounds,Desbloquea fondos exclusivos gratuitos con Plus.
Feature.Avatar.BackgroundGeneration.Description.ViewExclusiveBackgrounds,Descubre tus fondos exclusivos gratuitos de Plus.
Feature.Avatar.BackgroundGeneration.Error.CouldntPublish,El objeto no cumplía con las Normas de la comunidad
Feature.Avatar.BackgroundGeneration.Error.LimitReached,Alcanzaste tu límite de uso. Inténtalo de nuevo más tarde para seguir personalizando.
Feature.Avatar.BackgroundGeneration.Error.LimitReachedDay,Alcanzaste tu límite de uso. Inténtalo de nuevo mañana para seguir personalizando.
Feature.Avatar.BackgroundGeneration.Error.LimitReachedHour,Alcanzaste tu límite de uso. Inténtalo de nuevo en 1 hora para seguir personalizando.
Feature.Avatar.BackgroundGeneration.Error.LimitReachedMinute,Alcanzaste tu límite de uso. Inténtalo de nuevo en 1 minuto para seguir personalizando.
Feature.Avatar.BackgroundGeneration.Error.Moderation,Esa indicación no cumple con nuestras pautas. Intenta describir otra cosa.
Feature.Avatar.BackgroundGeneration.Error.ModerationFailed,"Este fondo no cumple con las Normas de la comunidad de Roblox, por lo que no se añadió a tu inventario. Intenta generar uno nuevo."
Feature.Avatar.BackgroundGeneration.Error.System,Algo salió mal al generar tu fondo. Inténtalo de nuevo.
Feature.Avatar.BackgroundGeneration.Label.CharacterCount,{count}/{max}
Feature.Avatar.BackgroundGeneration.Label.Description,Descripción
Feature.Avatar.BackgroundGeneration.Label.ExclusiveWithPlus,Exclusivo con Plus
Feature.Avatar.BackgroundGeneration.Label.Name,Nombre
Feature.Avatar.BackgroundGeneration.PromptPlaceholder,Describe tu fondo…
Feature.Avatar.BackgroundGeneration.Status.Generating,Generando tu fondo…
Feature.Avatar.BackgroundGeneration.Status.Preparing,Preparando tu fondo…
Feature.Avatar.BackgroundGeneration.Title,Crear fondo
Feature.Avatar.BackgroundGeneration.Title.DiscardDialog,¿Salir sin publicar?
Feature.Avatar.BackgroundGeneration.Title.PublishBackground,
Feature.Avatar.BackgroundGeneration.Title.PublishToInventory,Publicar en el inventario
Feature.Avatar.BackgroundGeneration.Title.UploadBackground,
Feature.Avatar.BackgroundGeneration.Title.UploadToInventory,Subir al inventario
Feature.Avatar.BackgroundGeneration.Tooltip.CreateBackground,¡Crea fondos gratis con Plus!
Feature.Avatar.BackgroundGeneration.Tooltip.PublishBackground,Publicar en tu inventario
Feature.Avatar.Backgrounds.Title,Fondos
Feature.Avatar.ColorAdjustmentPage.AdjustmentNotAvailableForBody,El ajuste no está disponible para este tipo de cuerpo.
Feature.Avatar.ColorAdjustmentPage.Label.SelectDefaultColors,Volver al color del cuerpo predeterminado
Feature.Avatar.ColorAdjustmentPage.Title,Color de piel
Feature.Avatar.ComposerPosting,
Feature.Avatar.Description.MakeupIntroFtux,Crea tu propio look único con infinitas combinaciones de maquillaje.
Feature.Avatar.EmoteAlreadyAssigned,Este emote ya tiene un espacio asignado
Feature.Avatar.Feature.Avatar.BackgroundGeneration.Title,
Feature.Avatar.Feature.DisplayName.ErrorMessage.SomethingWentWrong,
Feature.Avatar.Generic.Error,
Feature.Avatar.GetInspired,Inspírate
Feature.Avatar.Header.Post,
Feature.Avatar.Heading.AccessoryAdjustmentTitle,Ajuste de accesorios
Feature.Avatar.Heading.Active,Activo
Feature.Avatar.Heading.All,
Feature.Avatar.Heading.Animations,Animaciones
Feature.Avatar.Heading.AvatarLooksWidget,Avatares
Feature.Avatar.Heading.BodyParts,Partes del cuerpo
Feature.Avatar.Heading.Clothing,Ropa
Feature.Avatar.Heading.DeleteAssets,Eliminar recursos
Feature.Avatar.Heading.DeleteCharacter,¿Eliminar personaje?
Feature.Avatar.Heading.DuplicateCharacter,Personaje duplicado
Feature.Avatar.Heading.Emotes,Emotes
Feature.Avatar.Heading.Expired,Vencida
Feature.Avatar.Heading.Filter,Filtrar
Feature.Avatar.Heading.Filters,Filtros
Feature.Avatar.Heading.LooksAvatarSaved,¡Avatar guardado!
Feature.Avatar.Heading.LooksCharacterSaved,¡Personaje guardado!
Feature.Avatar.Heading.LooksPurchaseFailed,Error en la compra
Feature.Avatar.Heading.LooksPurchasePartialSuccess,Compra parcial
Feature.Avatar.Heading.MakeupLookSaved,¡Estilo de maquillaje guardado!
Feature.Avatar.Heading.Manage,
Feature.Avatar.Heading.MySharedAvatarsTitle,
Feature.Avatar.Heading.Outfits,Conjuntos
Feature.Avatar.Heading.RenameCharacter,Renombrar personaje
Feature.Avatar.Heading.SaveCostume,Guardar personaje
Feature.Avatar.Heading.SelectToUpdate,Seleccionar para actualizar
Feature.Avatar.Heading.SetLimitReached,Se alcanzó el límite de conjuntos
Feature.Avatar.Heading.SetNameDuplicate,Nombre duplicado
Feature.Avatar.Heading.SetNameNotAllowed,Nombre no permitido
Feature.Avatar.Heading.SetUpdateFailed,No se pudo actualizar el conjunto
Feature.Avatar.Heading.SharePublicAvatar,Comparte tu avatar
Feature.Avatar.Heading.SortBy,Ordenar por
Feature.Avatar.Heading.UsedName,Nombre utilizado
Feature.Avatar.Heading.WearConfirmation,Poner objeto
Feature.Avatar.HeroWidget.BundleTitle,Korblox Pactbreaker
Feature.Avatar.HeroWidget.CapsuleDescription,Tres nuevas versiones de los originales de Roblox
Feature.Avatar.HeroWidget.CapsulePoolDescription,Tres objetos nuevos para causar sensación
Feature.Avatar.HeroWidget.CapsulePoolTitle,Fiesta en la alberca
Feature.Avatar.HeroWidget.CapsuleTitle,Clásicos reinventados
Feature.Avatar.ItemDidNotMeetRobloxCommunityStandards.BodyText,"El objeto ""{item}"" de la categoría {category} fue eliminado porque va en contra de las Normas de la comunidad de Roblox.{lineBreak}Visita la página de infracciones y apelaciones para obtener más información o para solicitar otra revisión."
Feature.Avatar.ItemDidNotMeetRobloxCommunityStandards.TitleText,El objeto no cumple con las Normas de la comunidad de Roblox
Feature.Avatar.ItemsRemovedFromAvatar.TitleText,Objeto eliminado del avatar
Feature.Avatar.Label,
Feature.Avatar.Label.AbyssBlue,Azul abismo
Feature.Avatar.Label.AbyssBlueDark,Azul abismo (oscuro)
Feature.Avatar.Label.AbyssBlueLight,Azul abismo (claro)
Feature.Avatar.Label.Accessory,Accesorio
Feature.Avatar.Label.AccessoryAdjustment.Entry.Tooltip,Ajusta tus accesorios.
Feature.Avatar.Label.AccessoryAdjustment.Items.Tooltip,Selecciona el objeto a ajustar
Feature.Avatar.Label.AccessoryCannotBeAdjustedWarning,El ajuste no está disponible para este tipo de objeto.
Feature.Avatar.Label.Add,Añadir
Feature.Avatar.Label.AddEdit,Agregar/Editar
Feature.Avatar.Label.AddManage,Añadir/administrar
Feature.Avatar.Label.AddManage2,
Feature.Avatar.Label.AllAvatarSets,
Feature.Avatar.Label.AllFolders,
Feature.Avatar.Label.AllHeads,Todas las cabezas
Feature.Avatar.Label.AnimationFullSet,Conjunto completo
Feature.Avatar.Label.AvatarAdjustment,Ajuste del avatar
Feature.Avatar.Label.AvatarBackground,Fondo de avatar
Feature.Avatar.Label.Avatars,
Feature.Avatar.Label.Back,Traseros
Feature.Avatar.Label.Backgrounds,
Feature.Avatar.Label.Blocky,Bloque
Feature.Avatar.Label.BodyColorAdvancedView,Avanzado
Feature.Avatar.Label.BodyColorAllLimbs,Todas
Feature.Avatar.Label.BodyColorHead,Cabeza
Feature.Avatar.Label.BodyColorLeftArm,Brazo izquierdo
Feature.Avatar.Label.BodyColorLeftLeg,Pierna izquierda
Feature.Avatar.Label.BodyColorRightArm,Brazo derecho
Feature.Avatar.Label.BodyColorRightLeg,Pierna derecha
Feature.Avatar.Label.BodyColorStandardView,Estándar
Feature.Avatar.Label.BodyColorTorso,Torso
Feature.Avatar.Label.BodyParts,Partes del cuerpo: {bodyPart}
Feature.Avatar.Label.BodySize,Tamaño del cuerpo
Feature.Avatar.Label.BodyType,Tipo de cuerpo
Feature.Avatar.Label.Bodysuits,Trajes completos
Feature.Avatar.Label.Bottom,Inferior
Feature.Avatar.Label.Bottoms,Pantalones y similares
Feature.Avatar.Label.Build,Complexión
Feature.Avatar.Label.BuyAvatarQuestion,¿Quieres comprar este avatar?
Feature.Avatar.Label.BuyLookQuestion,¿Quieres comprar este conjunto?
Feature.Avatar.Label.BuyMakeupQuestion,¿Te gustaría comprar este estilo de maquillaje?
Feature.Avatar.Label.BuyOutfitLuobuMultiple,Please moderate your entertainment and make rational consumption. Would you like to buy [{numItems}] items?
Feature.Avatar.Label.BuyOutfitLuobuSingle,Please moderate your entertainment and make rational consumption. Would you like to buy [1] item?
Feature.Avatar.Label.BuyOutfitMultiple,¿Quieres comprar [{numItems}] objetos?
Feature.Avatar.Label.BuyOutfitSingle,¿Quieres comprar [1] objeto?
Feature.Avatar.Label.By,De
Feature.Avatar.Label.ClassicFaces,Caras clásicas
Feature.Avatar.Label.ClassicHeads,Cabezas clásicas
Feature.Avatar.Label.ClassicPants,Pantalones clásicos
Feature.Avatar.Label.ClassicShirts,Camisas clásicas
Feature.Avatar.Label.ClassicTShirts,Camisetas clásicas
Feature.Avatar.Label.ClearByCategory,Eliminar {category}
Feature.Avatar.Label.Climb,Escalada
Feature.Avatar.Label.ClimbAnimations,Animaciones de escalada
Feature.Avatar.Label.CostumeWarning,"Los nombres solo pueden contener letras, números y espacios"
Feature.Avatar.Label.CountSelected,{itemCount} seleccionado(s)
Feature.Avatar.Label.Creations,Creaciones
Feature.Avatar.Label.CurrentlyWearing,Ropa actual
Feature.Avatar.Label.DefaultBody,Cuerpo por defecto
Feature.Avatar.Label.DeleteSetBody,Eliminar este conjunto no eliminará los atuendos que contiene.
Feature.Avatar.Label.Details,Detalles ({quantity})
Feature.Avatar.Label.DetailsButton,Detalles
Feature.Avatar.Label.DressesAndSkirts,Vestidos y faldas
Feature.Avatar.Label.DuplicateMakeupLookDialog,Ya agregaste este atuendo como {lookName}. ¿Quieres agregarlo de nuevo?
Feature.Avatar.Label.DynamicHead,Cabeza dinámica
Feature.Avatar.Label.DynamicHeads,Cabezas dinámicas
Feature.Avatar.Label.Emote,Emote
Feature.Avatar.Label.EnterCostumeName,Ponle un nombre a tu nuevo personaje
Feature.Avatar.Label.EnterNewCostumeName,Ponle un nombre nuevo a este personaje
Feature.Avatar.Label.EyeMakeup,Ojos
Feature.Avatar.Label.Eyebrows,Cejas
Feature.Avatar.Label.Eyelashes,Pestañas
Feature.Avatar.Label.Face,Cara
Feature.Avatar.Label.FaceMakeup,
Feature.Avatar.Label.FacialAnimation,Animación facial
Feature.Avatar.Label.Fall,Caída
Feature.Avatar.Label.FallAnimations,Animaciones de caída
Feature.Avatar.Label.Front,Frontales
Feature.Avatar.Label.FullBody,Cuerpo entero
Feature.Avatar.Label.FullMasks,Máscaras completas
Feature.Avatar.Label.FullPair,Par completo
Feature.Avatar.Label.Gear,Equipamiento
Feature.Avatar.Label.GenericSetError,Algo salió mal. Inténtalo de nuevo.
Feature.Avatar.Label.GetLookQuestion,¿Quieres conseguir este conjunto gratis?
Feature.Avatar.Label.GetOutfitMultiple,¿Quieres obtener [{numItems}] objetos gratis?
Feature.Avatar.Label.GetOutfitOne,¿Quieres obtener [1] objeto gratis?
Feature.Avatar.Label.Hair,Pelo
Feature.Avatar.Label.HandAndArm,Mano y brazo
Feature.Avatar.Label.Hat,Sombrero
Feature.Avatar.Label.Head,
Feature.Avatar.Label.HeadBody,Cabeza y cuerpo
Feature.Avatar.Label.HeadRefinement.Adjust.Title,Ajuste de cabeza
Feature.Avatar.Label.HeadRefinement.Adjust.Tooltip,¡Ajusta la cabeza aquí!
Feature.Avatar.Label.HeadRefinement.CombinedCategories.Tooltip,Todos las clásicas están ahora bajo Cabezas
Feature.Avatar.Label.HeadRefinement.DH.Title,Formas clásicas
Feature.Avatar.Label.HeadRefinement.Description,Elige un estilo de cabeza para usar con tu cara clásica.
Feature.Avatar.Label.HeadRefinement.Description.Unsupported,El ajuste no está disponible para este estilo de cabeza.
Feature.Avatar.Label.HeadRefinement.FacialAnimation,
Feature.Avatar.Label.HeadRefinement.Title,Forma de cabeza
Feature.Avatar.Label.HeadSize,Tamaño de la cabeza
Feature.Avatar.Label.Heads,Cabezas
Feature.Avatar.Label.Idle,Inactividad
Feature.Avatar.Label.IdleAnimations,Animaciones de inactividad
Feature.Avatar.Label.Jacket,Saco
Feature.Avatar.Label.Jackets,Abrigos y similares
Feature.Avatar.Label.Jump,Salto
Feature.Avatar.Label.JumpAnimations,Animaciones de salto
Feature.Avatar.Label.LayeredClothingR15Warning,Cambia tu tipo de cuerpo a R15 para equipar esta prenda.
Feature.Avatar.Label.LayeredClothingSwitchR6Warning,"Los personajes R6 tienen limitaciones. Si cambias a R6, se eliminarán todos los objetos no compatibles."
Feature.Avatar.Label.LeftArm,
Feature.Avatar.Label.LeftArms,Brazos izquierdos
Feature.Avatar.Label.LeftInitial,Izq.
Feature.Avatar.Label.LeftLeg,
Feature.Avatar.Label.LeftLegs,Piernas izquierdas
Feature.Avatar.Label.LeftShoe,Zapato izquierdo
Feature.Avatar.Label.LeftShoes,Zapatos izquierdos
Feature.Avatar.Label.LipMakeup,Labios
Feature.Avatar.Label.LoadingSets,Cargando conjuntos
Feature.Avatar.Label.Looks,Estilos
Feature.Avatar.Label.Makeup,Maquillaje
Feature.Avatar.Label.MakeupLayer,Capa {layerIndex}
Feature.Avatar.Label.MakeupLooks,Estilos de maquillaje
Feature.Avatar.Label.ManageItems,Administrar objetos
Feature.Avatar.Label.Message.BlockingSavePrompt,"Si no lo guardas ahora, perderás todos los cambios."
Feature.Avatar.Label.Message.DeleteAvatars,Esta acción no se puede deshacer.
Feature.Avatar.Label.Message.DuplicateAvatar,Parece que ya guardaste un personaje similar:
Feature.Avatar.Label.ModerationFailed,La moderación falló
Feature.Avatar.Label.Mood,Estado de ánimo
Feature.Avatar.Label.MultiNoLongerAvailableInCollection,Los siguientes recursos ya no estarán disponibles en esta colección:
Feature.Avatar.Label.MyPostedAvatars.Tooltip,Los avatares publicados se publicarán en el Mercado
Feature.Avatar.Label.Name,
Feature.Avatar.Label.Neck,Cuello
Feature.Avatar.Label.Newest,Más nuevo
Feature.Avatar.Label.NoExpiredItems,No hay {itemType} vencidos
Feature.Avatar.Label.NoItems,No tienes {itemType}
Feature.Avatar.Label.NoLongerAvailableInCollection,Ya no estarán disponibles en esta colección
Feature.Avatar.Label.NoSets,Aún no hay conjuntos
Feature.Avatar.Label.Outerwear,Abrigos
Feature.Avatar.Label.OutfitIncomplete,No se realizó la compra del conjunto que creaste y no se mostrará en la experiencia
Feature.Avatar.Label.OutfitPurchaseFailure,"Lo sentimos, no se realizaron [{numItems}] compras."
Feature.Avatar.Label.OutfitPurchaseSuccess,¡[{numItems}] objetos comprados!
Feature.Avatar.Label.PPEEmoteR15Warning,Cambia tu tipo de cuerpo a R15 para activar los emotes y posar tu avatar.
Feature.Avatar.Label.PPEFinalBody,Ambas vistas se usarán como foto de perfil en toda la aplicación.
Feature.Avatar.Label.PPEFinalHeader,Vista previa
Feature.Avatar.Label.PPEFinalSubheader,¡Se ve muy bien!
Feature.Avatar.Label.PPEFinishedToast,Foto de perfil cambiada
Feature.Avatar.Label.PPEPositionCameraHeader,Posicionar cámara
Feature.Avatar.Label.PPEViewCloseupButton,Ver foto de la cara
Feature.Avatar.Label.PPEViewFullButton,Ver avatar completo
Feature.Avatar.Label.Pants,Pantalones
Feature.Avatar.Label.PantsClassic,
Feature.Avatar.Label.Photobooth,Cabina de fotos
Feature.Avatar.Label.ProfileFrames,Fotograma
Feature.Avatar.Label.ProfileFramesUnlockBanner,Desbloquea marcos con Plus
Feature.Avatar.Label.Props,Accesorios
Feature.Avatar.Label.Purchased,Comprados
Feature.Avatar.Label.QuickMenuCustomizeTitle,Opciones de personalización
Feature.Avatar.Label.QuickMenuLandingPageTitle,Opciones de avatar
Feature.Avatar.Label.R15,R15
Feature.Avatar.Label.R6,R6
Feature.Avatar.Label.R6R15,R6/R15
Feature.Avatar.Label.RecentlyWorn,Vestido recientemente
Feature.Avatar.Label.RemoveFromSetBody,Estos avatares se eliminarán de este conjunto. No se borrarán.
Feature.Avatar.Label.Replace,Reemplazar
Feature.Avatar.Label.ResetToNewCharacter,Estás pasando a un nuevo personaje. ¿Quieres cambiar todos los objetos del conjunto o guardarlos?
Feature.Avatar.Label.Right,Der.
Feature.Avatar.Label.RightArm,
Feature.Avatar.Label.RightArms,Brazos derechos
Feature.Avatar.Label.RightInitial,
Feature.Avatar.Label.RightLeg,
Feature.Avatar.Label.RightLegs,Piernas derechas
Feature.Avatar.Label.RightShoe,Zapato derecho
Feature.Avatar.Label.RightShoes,Zapatos derechos
Feature.Avatar.Label.Run,Carrera
Feature.Avatar.Label.RunAnimations,Animaciones de carrera
Feature.Avatar.Label.SavedSimilarCharacter,Parece que ya guardaste un personaje similar.
Feature.Avatar.Label.SavedSimilarCharacterNoName,Parece que ya guardaste un personaje similar a este
Feature.Avatar.Label.Scenes,Escenas
Feature.Avatar.Label.SearchLandingPage.Title.RecentSearches,Búsquedas recientes
Feature.Avatar.Label.SearchLandingPage.Title.RecentlyViewedItems,Visto recientemente
Feature.Avatar.Label.SearchLandingPage.Title.RecentlyViewedSearchItems,Sigue comprando
Feature.Avatar.Label.SelectItem,Seleccionar objeto
Feature.Avatar.Label.SetAvatarCount,{itemCount} avatares
Feature.Avatar.Label.SetLimitReachedBody,Solo puedes tener hasta {setLimit} conjuntos. Elimina uno para hacer espacio
Feature.Avatar.Label.SetNameDuplicateBody,"Ya tienes un conjunto con este nombre, elige uno diferente"
Feature.Avatar.Label.SetNameNotAllowedBody,Elige otro nombre
Feature.Avatar.Label.SharePublicAvatar.Tooltip,Publicar avatares en el Mercado
Feature.Avatar.Label.Shirt,Camisa
Feature.Avatar.Label.ShirtClassic,Camisa clásica
Feature.Avatar.Label.Shirts,Camisas
Feature.Avatar.Label.ShoeL,Zapato (Izq.)
Feature.Avatar.Label.ShoeR,Zapato (Der.)
Feature.Avatar.Label.Shoes,Zapatos
Feature.Avatar.Label.Shorts,Pantalones cortos
Feature.Avatar.Label.Shoulder,Hombro
Feature.Avatar.Label.Skin,Piel
Feature.Avatar.Label.Sweater,Suéter
Feature.Avatar.Label.Sweaters,Suéteres
Feature.Avatar.Label.Swim,Nado
Feature.Avatar.Label.SwimAnimations,Animaciones de nado
Feature.Avatar.Label.SwitchToR15,Cambiar a R15
Feature.Avatar.Label.TShirt,Camiseta
Feature.Avatar.Label.TShirtClassic,Camiseta clásica
Feature.Avatar.Label.Title.AccessoryAdjustment,
Feature.Avatar.Label.Title.AddNewAvatar,Añadir como Avatar nuevo
Feature.Avatar.Label.Title.AddToMyAvatars,Añadir a mis avatares
Feature.Avatar.Label.Title.AddToMyMakeupLooks,Agregar a mis estilos de maquillaje
Feature.Avatar.Label.Title.AvatarName,Ingresar nombre de avatar
Feature.Avatar.Label.Title.AvatarSwitcher,Mis avatares
Feature.Avatar.Label.Title.BlockingSavePrompt,¿Guardar avatar?
Feature.Avatar.Label.Title.BodyShape,Forma del cuerpo
Feature.Avatar.Label.Title.ClothingLayering,Capas de ropa
Feature.Avatar.Label.Title.DeleteMultipleAvatars,¿Eliminar {count} avatares?
Feature.Avatar.Label.Title.DeleteSingleAvatar,¿Eliminar avatar?
Feature.Avatar.Label.Title.DuplicateAvatar,Duplicar avatar
Feature.Avatar.Label.Title.Emotes,
Feature.Avatar.Label.Title.HeadAdjustment,
Feature.Avatar.Label.Title.Inventory,
Feature.Avatar.Label.Title.MakeupLayering,Capas de maquillaje
Feature.Avatar.Label.Title.ManageAvatars,Administrar avatares
Feature.Avatar.Label.Title.MyInventory,Mi inventario
Feature.Avatar.Label.Title.ProfilePhoto,Foto de perfil
Feature.Avatar.Label.Title.ReplaceAvatar,Reemplazar avatar
Feature.Avatar.Label.Title.Save,
Feature.Avatar.Label.Title.SaveToMyAvatars,Guardar en mis avatares
Feature.Avatar.Label.Title.UpdateAvatar,Reemplazar avatar actual
Feature.Avatar.Label.Title.WearAfterPurchase,Vestir después de la compra
Feature.Avatar.Label.Title.WearAndSaveAfterPurchase,Vestir y guardar después de la compra
Feature.Avatar.Label.Top,Superior
Feature.Avatar.Label.Torso,
Feature.Avatar.Label.Torsos,Torsos
Feature.Avatar.Label.TropicalRunway,Pasarela tropical
Feature.Avatar.Label.TryOnFail,Error al probar un objeto. Inténtalo de nuevo más tarde.
Feature.Avatar.Label.TryOnManagerDescriptor,Total: {numItems} objetos
Feature.Avatar.Label.Unavailable,No disponible
Feature.Avatar.Label.UsedNameLong,Parece que ya utilizaste este nombre. ¿Lo quieres guardar de todos modos?
Feature.Avatar.Label.Waist,Cintura
Feature.Avatar.Label.Walk,Marcha
Feature.Avatar.Label.WalkAnimations,Animaciones de marcha
Feature.Avatar.Label.WholeBody,
Feature.Avatar.Message.AddAvatarAgain,Ya añadiste este avatar como '{prevAvatar}'. ¿Quieres añadirlo de nuevo?
Feature.Avatar.Message.AdjustAndFit,Ajusta y coloca tus objetos
Feature.Avatar.Message.AlreadyAcquired,Ya compraste este objeto.
Feature.Avatar.Message.AvatarAdded,Se añadió '{avatarName}'
Feature.Avatar.Message.AvatarDeleted,Avatar eliminado
Feature.Avatar.Message.AvatarRenamed,Avatar renombrado
Feature.Avatar.Message.AvatarUpdated,Se actualizó '{avatarName}'
Feature.Avatar.Message.BulkDeleteMakeupLook,{count} estilos de maquillaje eliminados
Feature.Avatar.Message.CameraFacialAnimationPaused,La cámara está temporalmente desactivada al activar los Emotes
Feature.Avatar.Message.ClassicHeadAndR6CameraWarning,Las Cabezas clásicas y los avatares R6 no son compatibles con la Animación facial
Feature.Avatar.Message.ClearAccessories,Esto eliminará todos los accesorios que llevas puestos.
Feature.Avatar.Message.ClearAnimations,Esto eliminará todas las animaciones que llevas puestas.
Feature.Avatar.Message.ClearBody,Esto eliminará todo lo que llevas puesto bajo Cuerpo.
Feature.Avatar.Message.ClearClothes,Esto eliminará toda la ropa que llevas puesta.
Feature.Avatar.Message.ClearMakeupConfirmation,Esto eliminará todos los artículos de maquillaje
Feature.Avatar.Message.DeepLinkEquipFailed,El objeto que estás intentando equipar ya no está disponible
Feature.Avatar.Message.EnhancedAvatarHeads,Las cabezas clásicas ahora admiten animaciones faciales. Encuentra todas tus cabezas en la sección Cabezas y ajusta la forma de la cabeza y las animaciones faciales en Ajuste de la cabeza.
Feature.Avatar.Message.EquipCostumeConfirmation,No has guardado este personaje. ¿Quieres cambiar de personaje?
Feature.Avatar.Message.ErrorNotAuthorized,El usuario no está autorizado para realizar esta acción
Feature.Avatar.Message.FTUXSelfieViewClosedTooltip,Puedes encontrar la cámara y controles de vista en primera persona aquí
Feature.Avatar.Message.FTUXSelfieViewOpenedTooltip,Usa la cámara para hacer que tu avatar sonría y se mueva como tú
Feature.Avatar.Message.FaceNotVisible,La cara seleccionada no es visible en esta cabeza.
Feature.Avatar.Message.FailedAvatarRename,Error al renombrar el avatar
Feature.Avatar.Message.FailedDeleteCostume,Error al eliminar el conjunto
Feature.Avatar.Message.FailedRenameCostume,Error al cambiar el nombre del conjunto
Feature.Avatar.Message.FailedToLoadAvatar,Error al cargar el avatar
Feature.Avatar.Message.FailedUpdateOutfit,Error al actualizar el conjunto
Feature.Avatar.Message.FailedWritePPE,Error al actualizar la foto de perfil
Feature.Avatar.Message.HatLimitTooltip,Puedes ponerte hasta tres sombreros.
Feature.Avatar.Message.InvalidAssetsEquipped,Algunos objetos que se equiparon ya no están disponibles.
Feature.Avatar.Message.InvalidItem,Este objeto no existe.
Feature.Avatar.Message.InvalidName,Nombre no válido
Feature.Avatar.Message.LCSortClassicWarning,Los objectos clásicos no se pueden editar
Feature.Avatar.Message.LCSortEntry,Cambiar orden de ropa
Feature.Avatar.Message.LCSortListTooltip,Arrastra y suelta la miniatura de la prenda para cambiar el orden de las capas
Feature.Avatar.Message.LCSortNoEquipped,No hay prendas 3D equipadas. Equípalas para editarlas.
Feature.Avatar.Message.LCSortResetBody,Tu cambio se descartará. ¿Quieres continuar?
Feature.Avatar.Message.LCSortUnequipBody,¿Quieres desequipar el objeto?
Feature.Avatar.Message.LayeredMakeupSortNoEquipped,No hay objetos de maquillaje equipados. Equipa el objeto para editar.
Feature.Avatar.Message.LeaveAccessoryAdjustmentWarning,No has aplicado tus ajustes. ¿Realmente quieres salir?
Feature.Avatar.Message.LeavingComposerWithoutSave,Los cambios que realizaste no se guardarán si sales.
Feature.Avatar.Message.LooksAvatarSaved,Siempre puedes editar el nombre de tu avatar en la personalización
Feature.Avatar.Message.LooksCharacterSaved,Siempre puedes editar el nombre de tu personaje en la personalización
Feature.Avatar.Message.LooksPurchaseFailedNetworkError,Error de red. Inténtelo de nuevo más tarde
Feature.Avatar.Message.LooksPurchasePartialSuccessGenericPP,"{numSuccessItems} objetos se compraron correctamente, mientras que {numFailureItems} fallaron"
Feature.Avatar.Message.LooksPurchasePartialSuccessGenericPS,"{numSuccessItems} objetos se compraron correctamente, mientras que {numFailureItems} falló"
Feature.Avatar.Message.LooksPurchasePartialSuccessGenericSP,"{numSuccessItems} objeto se compró correctamente, mientras que {numFailureItems} fallaron"
Feature.Avatar.Message.LooksPurchasePartialSuccessGenericSS,"{numSuccessItems} objeto se compró correctamente, mientras que {numFailureItems} falló"
Feature.Avatar.Message.LooksPurchaseSuccessPlural,{numItems} objetos comprados.
Feature.Avatar.Message.LooksPurchaseSuccessSingular,{numItems} objeto comprado.
Feature.Avatar.Message.MakeupLookAdded,Estilo de maquillaje agregado
Feature.Avatar.Message.MakeupLookRenamed,Estilo de maquillaje renombrado
Feature.Avatar.Message.MakeupLookSaved,Siempre puedes editar el nombre de tu estilo de maquillaje en la personalización
Feature.Avatar.Message.MakeupLookUpdated,Estilo de maquillaje actualizado
Feature.Avatar.Message.MakeupSortNoEquipped,No hay objetos de maquillaje equipados. Equipa el objeto para editar
Feature.Avatar.Message.MakeupSortResetBody,Tu ajuste se descartará. ¿Quieres proceder?
Feature.Avatar.Message.MakeupSortUnequipBody,
Feature.Avatar.Message.ModerationFailed,Uno o más avatares no cumplieron nuestras directrices de la comunidad.
Feature.Avatar.Message.MultiAvatarDeleted,Avatares eliminados
Feature.Avatar.Message.NewControlLocationFullBody,Los cuerpos completos (anteriormente Personajes comprados) se encuentran ahora en bajo Cuerpo completo.
Feature.Avatar.Message.NewControlLocationProfile,La foto de perfil se encuentra ahora en el menú Más
Feature.Avatar.Message.NewCustomize,"Ahora es más rápido y fácil darle un look diferente a tu avatar. Algunas cosas se trasladaron, así que explora para ver qué hay de nuevo."
Feature.Avatar.Message.NoAccessoriesEquipped,No hay accesorios ajustables disponibles.
Feature.Avatar.Message.OutfitCleared,Conjunto despejado
Feature.Avatar.Message.PostToMarketplaceTooltip,Tu publicación será pública en el Mercado
Feature.Avatar.Message.R15AnimationsPrompt,Cambia tu tipo de cuerpo a R15 para activar las animaciones.
Feature.Avatar.Message.R15EmotesPrompt,Cambia tu tipo de cuerpo a R15 para para activar los emotes.
Feature.Avatar.Message.R15StylesPrompt,Cambia tu tipo de cuerpo a R15 para personalizar tus estilos de cuerpo.
Feature.Avatar.Message.ReachedMaxOutfits,Llegaste a la cantidad máxima de conjuntos.
Feature.Avatar.Message.RenameCostumeSuccess,¡Nombre cambiado!
Feature.Avatar.Message.ResetAdjustment,
Feature.Avatar.Message.RestoredLastSaved,Se restauró el último guardado
Feature.Avatar.Message.RevertToDefault,¿Cambiar tu imagen de perfil a la apariencia predeterminada?
Feature.Avatar.Message.SaveFailure,No se pudo guardar tu avatar. Inténtalo de nuevo más tarde.
Feature.Avatar.Message.SaveSuccess,Avatar guardado
Feature.Avatar.Message.SaveSuccessWithInvalidAssets,Avatar guardado. Algunos elementos se eliminaron porque no están disponibles en este momento.
Feature.Avatar.Message.SaveThrottled,Espera unos segundos antes de volver a guardar
Feature.Avatar.Message.SelectEmote,Selecciona un emote para hacer una pose
Feature.Avatar.Message.ShareAvatarWithCommunity,Publica tus avatares en el Mercado
Feature.Avatar.Message.ShareAvatarWithCommunityDisclaimer,Los enlaces serán accesibles una vez que la moderación haya finalizado
Feature.Avatar.Message.SharePublicAvatar,Comparte tu avatar en las redes sociales para aumentar el alcance y mostrar tu creatividad
Feature.Avatar.Message.TryOnCameraHeadWarning,Las Cabezas clásicas no son compatibles con la Animación facial
Feature.Avatar.Message.UnknownErrorCreatingMakeupLook,Se produjo un error desconocido. No se creó el estilo de maquillaje.
Feature.Avatar.Message.UnknownErrorCreatingOutfit,Se produjo un error desconocido. Conjunto no creado.
Feature.Avatar.Message.UpdateOutfitSuccess,¡Actualizado!
Feature.Avatar.Message.UpdateRequired,"Actualización oblogatoria. Para ver este elemento, actualiza a la última versión de Roblox."
Feature.Avatar.Placeholder.NameYourAvatar,Nombra tu avatar
Feature.Avatar.Placeholder.WriteAvatarCaption,Describe tu avatar (opcional)
Feature.Avatar.RevokedItems.BodyText,"El objeto ""{item}"" de la categoría {category} fue eliminado de este avatar guardado, así que te reembolsamos el monto original que pagaste.{lineBreak}Revisa tu bandeja de entrada para más detalles."
Feature.Avatar.RevokedItems.BodyTextMultiple,"Los siguientes objetos fueron eliminados de este avatar guardado, así que te reembolsamos el monto original que pagaste.{lineBreak}{items}{lineBreak}Revisa tu bandeja de entrada para más detalles."
Feature.Avatar.RevokedItems.ViewInbox,Ver bandeja de entrada
Feature.Avatar.SetNameDuplicate,
Feature.Avatar.Text.MakeupLayeringTooltip,Organiza tus capas de maquillaje
Feature.Avatar.Title.AvatarRefinement,Refinamiento de avatar
Feature.Avatar.Title.BulkDeleteMakeupLooks,¿Quieres eliminar {count} estilos de maquillaje?
Feature.Avatar.Title.BuyAvatar,Comprar avatar
Feature.Avatar.Title.BuyMakeup,Comprar estilo de maquillaje
Feature.Avatar.Title.BuyOutfit,Comprar conjunto
Feature.Avatar.Title.ClearAccessoriesConfirmation,¿Eliminar todos los accesorios?
Feature.Avatar.Title.ClearAnimationsConfirmation,¿Eliminar todas las animaciones?
Feature.Avatar.Title.ClearBodyConfirmation,¿Eliminar cuerpo?
Feature.Avatar.Title.ClearClothesConfirmation,¿Eliminar toda la ropa?
Feature.Avatar.Title.ClearMakeupConfirmation,¿Borrar todo el maquillaje?
Feature.Avatar.Title.CreateSet,
Feature.Avatar.Title.DeleteSet,
Feature.Avatar.Title.DuplicateMakeupLook,Duplicar estilo
Feature.Avatar.Title.EnhancedAvatarHeads,Cabezas de avatar mejoradas
Feature.Avatar.Title.FindYourStyle,Encuentra tu estilo
Feature.Avatar.Title.GetOutfit,Obtener conjunto
Feature.Avatar.Title.LCSortPage,Ordenar ropa
Feature.Avatar.Title.LCSortReset,Restablecer a predeterminado
Feature.Avatar.Title.LCSortUnequip,Quitar el objeto
Feature.Avatar.Title.LayeredMakeupSortPage,
Feature.Avatar.Title.LooksWidget,Atuendos inspiradores
Feature.Avatar.Title.MakeupIntroFtux,Presentamos el maquillaje
Feature.Avatar.Title.MakeupSortPage,
Feature.Avatar.Title.MakeupSortReset,
Feature.Avatar.Title.MakeupSortUnequip,
Feature.Avatar.Title.Move,Mover
Feature.Avatar.Title.NameAvatarOutfit,
Feature.Avatar.Title.NewCustomizeLook,La personalización tiene un nuevo look.
Feature.Avatar.Title.NewToMarketplaceItemWidget,Nuevo en el Mercado
Feature.Avatar.Title.OutfitIncomplete,Conjunto incompleto
Feature.Avatar.Title.Preview,
Feature.Avatar.Title.RemoveFromSet,
Feature.Avatar.Title.RenameMakeupLook,Renombrar estilo de maquillaje
Feature.Avatar.Title.RenameSet,
Feature.Avatar.Title.ResetToDefault,
Feature.Avatar.Title.ResetToNewCharacter,Nuevo personaje
Feature.Avatar.Title.RevertToDefault,Revertir a predeterminado
Feature.Avatar.Title.SaveMakeupLook,Nombra a tu look
Feature.Avatar.Title.SavedAvatarsLocation,Tus avatares guardados están aquí
Feature.Avatar.Title.SelectEmoteForAvatar,Selecciona un emote para que tu avatar haga una pose
Feature.Avatar.Title.SelectMakeupLookForUpdate,Seleccionar un estilo de maquillaje
Feature.Avatar.Title.SelectMakeupLooks,Elegir estilos
Feature.Avatar.Title.SelectSet,Elegir conjunto
Feature.Avatar.Title.SingleDeleteOutfit,¿Quieres eliminar {outfitName}?
Feature.Avatar.Title.TrendingItemWidget,Objetos populares
Feature.Avatar.Title.TrendingLooksWidget,Estilos en tendencia
Feature.Avatar.Title.UnsavedChanges,Cambios sin guardar
Feature.Avatar.Title.UpdateMakeupLook,¿Quieres cambiar de estilo?
Feature.Avatar.Title.YourTryOns,Tus accesorios de prueba
Feature.Avatar.Toast.AvatarCaptionExceedMaximum,Las leyendas tienen un límite de 1000 caracteres
Feature.Avatar.Toast.AvatarPostSuccessfully,Publicado correctamente
Feature.Avatar.Toast.AvatarTitleExceedMaximum,Los títulos tienen un límite de 50 caracteres
Feature.Avatar.Toast.ComposeWithoutClothing,El avatar debe llevar al menos un objeto de Ropa o Accesorio
Feature.Avatar.Toast.MaxOutfitsSelected,Solo puedes elegir hasta {maxSelectCount}
Feature.Avatar.Toast.PostWithParticleEffect,Los efectos de las partículas serán visibles en la miniatura final después de que la publiques
Feature.Avatar.Tooltip.CustomizeOverhaulSubcategories,Toca aquí para cambiar las categorías
Feature.Avatar.UnavailableItems.BodyText,"El objeto ""{item}"" de la categoría {category} está bajo revisión y no está disponible por el momento.{lineBreak}Si el objeto se elimina de Roblox, recibirás un reembolso en el plazo de una semana."
Feature.Avatar.UnavailableItems.BodyTextMultiple,"Los siguientes objetos están bajo revisión y no están disponibles por el momento.{lineBreak}{items}{lineBreak}Si el objeto se elimina de Roblox, recibirás un reembolso en el plazo de una semana."
Feature.Avatar.UnavailableItems.ConfirmText,
Feature.Avatar.UnavailableItems.TitleText,Objeto no disponible
Feature.Avatar.tooltip.ExpiredItemsFilter,Buscar objetos de opciones por tiempo vencidos
Feature.AvatarBundleReceivedInteractiveAlert.Action.Ok,
Feature.AvatarBundleReceivedInteractiveAlert.Action.TakeALook,Echa un vistazo
Feature.AvatarBundleReceivedInteractiveAlert.BodyText.AddedToInventory,"{avatarName} se añadió a tu inventario.
Lo puedes encontrar en {fontColorSpanStart}Avatar > Personalizar > Personajes > Comprado{fontColorSpanEnd}"
Feature.AvatarBundleReceivedInteractiveAlert.BodyText.AddedToInventoryWithPath,"{avatarName} se añadió a tu inventario.
Puedes encontrarlo en {fontColorSpanStart}{inventoryPath}{fontColorSpanEnd}"
Feature.AvatarBundleReceivedInteractiveAlert.BodyText.BackAccessoriesInventoryPath,Avatar > Personalizar > Accesorios > Espalda
Feature.AvatarBundleReceivedInteractiveAlert.BodyText.HeadAccessoriesInventoryPath,Avatar > Personalizar > Accesorios > Cabeza
Feature.AvatarBundleReceivedInteractiveAlert.BodyText.UnknownAddedToInventory,"Un avatar se añadió a tu inventario.
Lo puedes encontrar en {fontColorSpanStart}Avatar > Personalizar > Personajes > Comprado{fontColorSpanEnd}"
Feature.AvatarBundleReceivedInteractiveAlert.Title.ItemsAcquired,Objetos recibidos
Feature.BiometricChallenge.Action.Cancel,
Feature.BiometricChallenge.Action.Continue,
Feature.BiometricChallenge.Content.LivenessHostedPrompt,Abre tu navegador externo y tómate una selfie rápida para confirmar que eres humano.
Feature.BiometricChallenge.Content.Loading,Cargando...
Feature.BiometricChallenge.Content.QRHelpFull,{prompt} Descarga la aplicación de Roblox en tu dispositivo móvil y vuelve a intentarlo desde ahí.
Feature.BiometricChallenge.Content.QRHelpPrompt,¿No vas a escanear el código?
Feature.BiometricChallenge.Content.ScanQR,Escanea este código QR con tu teléfono o tableta para desbloquear tu cuenta.
Feature.BiometricChallenge.Title.ConfirmHuman,Confirme que es humano
Feature.BiometricChallenge.Title.QRHandoff,Confirma que eres humano con la aplicación móvil
Feature.BlockingModal.Action.Block,Bloquear
Feature.BlockingModal.Action.BlockAndReport,Bloquear y denunciar
Feature.BlockingModal.Action.Cancel,
Feature.BlockingModal.Heading.BlockUser,¿Bloquear a {DisplayName}?
Feature.BlockingModal.Message.BlockConfirmation,"Bloquear a este usuario lo eliminará como conexión o seguidor. No podrá enviarte mensajes, solicitudes ni invitaciones.<br /><br />El usuario no recibirá una notificación de que fue bloqueado."
Feature.BlockingModal.Message.BlockConfirmation.FriendsRename,"Bloquear a este usuario lo eliminará como amistad o seguidor. No podrá enviarte mensajes, solicitudes ni invitaciones.<br /><br />No se le notificará que fue bloqueado."
Feature.Build.Action.Add,
Feature.Build.Action.AddFriends,Añadir amistades
Feature.Build.Action.AddPlaytester,Añadir probador de juego
Feature.Build.Action.AddPlaytesters,Añadir evaluadores de juego
Feature.Build.Action.AddToPlaytest,Añadir a la prueba de jugabilidad
Feature.Build.Action.Approve,
Feature.Build.Action.Archive,Archivar
Feature.Build.Action.ArchiveGame,Archivar juego
Feature.Build.Action.Build,
Feature.Build.Action.Buy,Comprar
Feature.Build.Action.BuyRobux,Compra Robux
Feature.Build.Action.Cancel,
Feature.Build.Action.CopyText,Copiar texto
Feature.Build.Action.Create,
Feature.Build.Action.CreateDeveloperProduct,
Feature.Build.Action.Delete,
Feature.Build.Action.Dismiss,
Feature.Build.Action.DontAskAgain,No volver a preguntar
Feature.Build.Action.DontShowAgain,No volver a mostrar
Feature.Build.Action.EarnRobux,Gana Robux
Feature.Build.Action.Edit,Editar
Feature.Build.Action.HideAutosaved,Ocultar guardado automático
Feature.Build.Action.ManageLimit,Administrar límite
Feature.Build.Action.Next,
Feature.Build.Action.NotNow,
Feature.Build.Action.NotifyMe,Notificarme
Feature.Build.Action.OK,
Feature.Build.Action.OpenSettings,Abrir Configuración
Feature.Build.Action.Play,Jugar
Feature.Build.Action.Playtest,Prueba de juego
Feature.Build.Action.Preview,
Feature.Build.Action.Publish,
Feature.Build.Action.PublishLatest,Publicar la más reciente
Feature.Build.Action.Reject,Rechazar
Feature.Build.Action.Restore,Restaurar
Feature.Build.Action.Resume,Currículum
Feature.Build.Action.Retry,
Feature.Build.Action.Revert,
Feature.Build.Action.Save,
Feature.Build.Action.SetDailyLimit,Establecer un límite diario
Feature.Build.Action.SetLimit,Establecer límite
Feature.Build.Action.Settings,
Feature.Build.Action.Share,
Feature.Build.Action.ShareLink,Compartir enlace
Feature.Build.Action.ShowMore,
Feature.Build.Action.Stats,Estadísticas
Feature.Build.Action.Submit,
Feature.Build.Action.UpdateRating,Actualizar la clasificación
Feature.Build.Action.UpdateWithChanges,Actualización con cambios
Feature.Build.Action.View,
Feature.Build.Action.ViewUsage,Ver uso
Feature.Build.Analytics.AnalyzeChatPrompt,¿Cuál es mi {analyzeName} de los últimos {days} días?
Feature.Build.Analytics.AnalyzeName.Arppu,ingresos promedio por usuario de pago
Feature.Build.Analytics.AnalyzeName.D1Retention,retención del día 1
Feature.Build.Analytics.AnalyzeName.DailyActiveUsers,usuarios activos diarios
Feature.Build.Analytics.AnalyzeName.PayerConversion,conversión de usuario de pago
Feature.Build.Analytics.AnalyzeName.PlaythroughRate,tasa de finalización
Feature.Build.Analytics.AnalyzeName.TotalPlaytime,tiempo de reproducción total
Feature.Build.Analytics.Description.Arppu,Los ingresos promedio por usuario de pago dividen el total de Robux obtenido por el número de jugadores de pago. Muestra cuánto gasta cada comprador en promedio.
Feature.Build.Analytics.Description.D1Retention,La retención del día 1 mide cuántos jugadores que juegan por primera vez regresan un día después. Es una señal temprana de qué tan atractiva es tu experiencia.
Feature.Build.Analytics.Description.DailyActiveUsers,Los usuarios activos diarios cuentan los jugadores distintos que iniciaron tu experiencia cada día. Haz un seguimiento para ver cuántas personas siguen regresando y para detectar el crecimiento o la disminución.
Feature.Build.Analytics.Description.PayerConversion,La conversión de usuario de pago es el porcentaje de jugadores que gastaron Robux en tu experiencia. Utilízala para medir qué tan bien tu monetización convierte a los jugadores en compradores.
Feature.Build.Analytics.Description.PlaythroughRate,La tasa de juego completo es el porcentaje de visitas que completaron una sesión de juego completa. Las tasas más altas sugieren que los jugadores encuentran que tu experiencia es fácil de iniciar y que vale la pena terminarla.
Feature.Build.Analytics.Description.TotalPlaytime,El tiempo de juego total suma el tiempo que todos los jugadores pasaron en tu experiencia durante el periodo. El aumento del tiempo de juego suele indicar sesiones más atractivas.
Feature.Build.Analytics.DurationHours,{number} horas
Feature.Build.Analytics.KeyStats,Estadísticas clave
Feature.Build.Analytics.LastMonth,Último mes
Feature.Build.Analytics.LastWeek,
Feature.Build.Analytics.Likes,Me gusta
Feature.Build.Analytics.Month.Apr,abr.
Feature.Build.Analytics.Month.Aug,ago.
Feature.Build.Analytics.Month.Dec,dic.
Feature.Build.Analytics.Month.Feb,feb.
Feature.Build.Analytics.Month.Jan,ene.
Feature.Build.Analytics.Month.Jul,jul.
Feature.Build.Analytics.Month.Jun,jun.
Feature.Build.Analytics.Month.Mar,mar.
Feature.Build.Analytics.Month.May,may.
Feature.Build.Analytics.Month.Nov,nov.
Feature.Build.Analytics.Month.Oct,oct.
Feature.Build.Analytics.Month.Sep,sept.
Feature.Build.Analytics.NoData,No hay datos disponibles
Feature.Build.Analytics.Overview,Resumen
Feature.Build.Analytics.Percent,{number}%
Feature.Build.Analytics.Players,Jugadores
Feature.Build.Analytics.Sheet.Analyze,Analiza
Feature.Build.Analytics.Sheet.ViewInOverview,Ver en el resumen
Feature.Build.Analytics.Summary.Arppu,Promedio de Robux obtenidos por jugador de pago.
Feature.Build.Analytics.Summary.D1Retention,Porcentaje de nuevos jugadores que regresan al día siguiente.
Feature.Build.Analytics.Summary.DailyActiveUsers,Jugadores únicos que se unieron durante el periodo seleccionado.
Feature.Build.Analytics.Summary.PayerConversion,Porcentaje de jugadores que hicieron una compra.
Feature.Build.Analytics.Summary.PlaythroughRate,Porcentaje de sesiones que llegaron a una finalización completa.
Feature.Build.Analytics.Summary.TotalPlaytime,Total de horas que los jugadores pasaron en tu experiencia.
Feature.Build.Analytics.Title.Arppu,Ingresos promedio por usuario de pago
Feature.Build.Analytics.Title.ConcurrentUsers,Total de jugadores
Feature.Build.Analytics.Title.D1Retention,Retención del D1
Feature.Build.Analytics.Title.DailyActiveUsers,Usuarios activos diarios
Feature.Build.Analytics.Title.PayerConversion,Conversión de usuario de pago
Feature.Build.Analytics.Title.PlaythroughRate,Tasa de finalización
Feature.Build.Analytics.Title.TotalPlaytime,Tiempo de reproducción total
Feature.Build.Analytics.Visits,Visitas
Feature.Build.Content.NewGame,Juego nuevo
Feature.Build.Description.ActivateDeveloperProduct,Poner el producto {PRODUCT_ID} del desarrollador a la venta.
Feature.Build.Description.AdCampaignModerationReview,Todas las campañas publicitarias son revisadas por la moderación de Roblox. Este proceso puede tardar hasta 24 horas.
Feature.Build.Description.AdCampaignSheetRunDates,Se publica del {startDate} al {endDate}
Feature.Build.Description.AdvertisingAgreement,"Al continuar, aceptas los {advertisingTermsStart}Términos publicitarios{advertisingTermsEnd} y las {advertisingStandardsStart}Normas publicitarias de Roblox{advertisingStandardsEnd}."
Feature.Build.Description.ArchiveRemoval,"Si archivas este juego, se eliminará de la compilación. Aún podrás acceder a él y restaurarlo desde Creator Hub o Roblox Studio."
Feature.Build.Description.AutoBuyUsage,Usa tus Robux para comprar automáticamente más uso de la compilación a medida que creas. Puedes establecer un límite de gasto diario en cualquier momento.
Feature.Build.Description.BoostAudienceForPlays,Aumenta tu público para obtener más reproducciones.
Feature.Build.Description.BuildIdeaGame,Convierte tus ideas en un juego
Feature.Build.Description.BuildReplyNotif,Recibe una notificación cuando la compilación tenga una respuesta para ti.
Feature.Build.Description.BuyRobuxToCreate,Compra más Robux para seguir creando o espera a que tu uso gratuito de la compilación se restablezca mañana.
Feature.Build.Description.BuyUsageOrWait,Compra más uso de la compilación con Robux o espera a que se restablezca tu límite diario.
Feature.Build.Description.CampaignRunDates,Tu campaña se ejecutará del {startDate} al {endDate}
Feature.Build.Description.ChoosePlaytesters,Elige amistades para que te ayuden con la prueba de juego.
Feature.Build.Description.CreateDeveloperProduct,"Crea ""{NAME}"" por {PRICE} Robux, fuera de venta."
Feature.Build.Description.DeactivateDeveloperProduct,Retira el producto {PRODUCT_ID} del desarrollador de la venta.
Feature.Build.Description.EarnedRobuxAppliedFirst,"Si has ganado Robux, estos se aplicarán primero al costo de la campaña publicitaria."
Feature.Build.Description.EnableBuildNotifs,Activa las notificaciones en la configuración de tu dispositivo para recibir actualizaciones de la compilación.
Feature.Build.Description.FriendsLinkOnly,Solo tus amistades pueden acceder a este enlace. Cambia la configuración de público de tu juego si quieres que más gente juegue.
Feature.Build.Description.GameCreationDone,Terminé de crear y publicar tu juego. Puedes abrirlo para la prueba de juego.
Feature.Build.Description.GameSavedPlaytest,Terminé de crear tu juego y guardé una nueva versión. Puedes abrirlo para realizar la prueba de juego.
Feature.Build.Description.HubSettings,Gestiona toda la configuración en el Centro de creación
Feature.Build.Description.InviteFriendLimit,Elige hasta {MAX_INVITES} amistades y luego comparte el enlace al juego.
Feature.Build.Description.MakeAudienceAvail,Publica tu experiencia para que esté disponible para este público.
Feature.Build.Description.ManageAppearance,Gestiona cómo se muestra tu juego a otras personas.
Feature.Build.Description.ManageDeveloperProduct,Administra el producto del desarrollador.
Feature.Build.Description.NoMonetizationProducts,Describe un artículo que quieras crear para comenzar a ganar Robux en tu juego
Feature.Build.Description.PlayAfterPublish,Elige quién puede jugar después de que publiques esta experiencia.
Feature.Build.Description.PlaytestLatest,Estás probando tu última versión. Publícala cuando tengas todo listo para compartirla.
Feature.Build.Description.PlaytestLocked,Puedes comenzar la prueba de juego después de crear tu primer juego.
Feature.Build.Description.PlaytesterAccess,Añade amistades como evaluadores de juego o cambia la configuración de público de tu juego para permitir que más personas jueguen.
Feature.Build.Description.PrivateShare,Cambia la configuración de público de tu juego para compartirlo.
Feature.Build.Description.PromoteGameWithAdCampaign,Aumenta tu público con una campaña publicitaria de {durationDays} días y haz que descubran tu juego.
Feature.Build.Description.RaiseLimitOrWait,Aumenta tu límite diario de Robux para seguir creando o espera a que se restablezca mañana.
Feature.Build.Description.RatingAgreement,"Al publicar, aceptas que esta valoración de contenido es precisa."
Feature.Build.Description.RestoreLatest,Esta versión se convertirá en su última versión publicada.
Feature.Build.Description.RevertToVersion,Confirma para revertir el último cambio y volver a {VERSION}.
Feature.Build.Description.ShareLatest,Comparte lo que ha cambiado en tu última versión.
Feature.Build.Description.UpdateDeveloperProduct,Actualizar producto del desarrollador {PRODUCT_ID}.
Feature.Build.Description.VersionChanges,Dile a los jugadores qué cambió en esta versión.
Feature.Build.Error.DeveloperProductDescriptionTooLong,La descripción debe tener 1000 caracteres o menos.
Feature.Build.Error.DeveloperProductNameRequired,Ingresa un nombre para el producto.
Feature.Build.Error.DeveloperProductNameTooLong,El nombre debe tener 50 caracteres o menos.
Feature.Build.Error.DeveloperProductPriceInvalid,"El precio debe ser un número entero de 1 a 1,000,000,000 Robux."
Feature.Build.Error.DeveloperProductTextModerated,La moderación de Roblox cambió el texto de este producto. Prueba con otras palabras.
Feature.Build.Header.AccessSharing,Acceso y uso compartido
Feature.Build.Header.AllVersions,Todas las versiones
Feature.Build.Header.ContentMaturity,Madurez de contenido
Feature.Build.Header.CustomAnswer,Respuesta personalizada
Feature.Build.Header.GameDetails,Detalles del juego
Feature.Build.Header.Overview,
Feature.Build.Header.PastCampaigns,Campañas anteriores
Feature.Build.Header.UpdateDetails,Actualizar detalles
Feature.Build.Label.Access,Acceso
Feature.Build.Label.AdClicks,Clics en anuncios
Feature.Build.Label.AdViews,Vistas del anuncio
Feature.Build.Label.AdditionalUsage,Uso adicional de la compilación
Feature.Build.Label.AdditionalUsed,Se usó {USED} de {LIMIT}
Feature.Build.Label.AdsManager,Gestor de anuncios
Feature.Build.Label.All,
Feature.Build.Label.AmountAvailable,{AMOUNT} disponible
Feature.Build.Label.Autosaved,Guardado automático
Feature.Build.Label.Available,disponible
Feature.Build.Label.AvailableForPurchase,Disponible para su compra
Feature.Build.Label.BackToBuild,Volver a Crear
Feature.Build.Label.Building,Construyendo…
Feature.Build.Label.CaptureLibrary,Biblioteca de capturas
Feature.Build.Label.CaptureSelectionCount,{SELECTED_COUNT} de {MAX_SELECTIONS} seleccionados
Feature.Build.Label.ContentRating,Clasificación de contenido
Feature.Build.Label.Created,Creado el
Feature.Build.Label.CreatedDate,"{DAY} {MONTH}, {YEAR}"
Feature.Build.Label.CreatorHub,
Feature.Build.Label.DateRange,{startDate} — {endDate}
Feature.Build.Label.DefaultDeveloperProduct,Producto {PRODUCT_ID}
Feature.Build.Label.DefaultDeveloperProductName,producto del desarrollador
Feature.Build.Label.Deleted,Eliminado
Feature.Build.Label.DescribeIdea,Describe una idea
Feature.Build.Label.Description,
Feature.Build.Label.DeveloperProductDescription,Descripción: {DESCRIPTION}
Feature.Build.Label.DeveloperProductName,"Nombre: ""{NAME}"""
Feature.Build.Label.DeveloperProductPrice,Precio: {PRICE} Robux
Feature.Build.Label.DeveloperProductPriceUnavailable,?
Feature.Build.Label.Done,Listo
Feature.Build.Label.EasyPerformanceReport,Informe de rendimiento sencillo
Feature.Build.Label.Error,
Feature.Build.Label.Free,Gratis
Feature.Build.Label.FreeBuildUsage,Uso gratuito de la compilación
Feature.Build.Label.Friends,
Feature.Build.Label.FriendsOnly,Solo amigos
Feature.Build.Label.GamePlays,Reproducciones del juego
Feature.Build.Label.GetMoreBuildUsage,Obtener más uso de la compilación
Feature.Build.Label.Hi,Hola
Feature.Build.Label.IconThumbnails,Ícono y miniaturas
Feature.Build.Label.Images2D,Imágenes 2D
Feature.Build.Label.InProgress,En curso
Feature.Build.Label.InputNeeded,Se necesita una entrada
Feature.Build.Label.InviteCount,{COUNT}/{MAX_INVITES}
Feature.Build.Label.Limited,Limitado
Feature.Build.Label.Live,En vivo
Feature.Build.Label.Loading,Cargando…
Feature.Build.Label.MaximizeForGamePlays,Maximizar para las reproducciones del juego
Feature.Build.Label.Models3D,Modelos 3D
Feature.Build.Label.Name,
Feature.Build.Label.NoLimit,Sin límite
Feature.Build.Label.NotStarted,No iniciado
Feature.Build.Label.OffSale,Fuera de venta
Feature.Build.Label.OnSale,En venta
Feature.Build.Label.Pending,Pendiente
Feature.Build.Label.PercentUsed,Se usó {PERCENT}%
Feature.Build.Label.PlayTime,Tiempo de juego
Feature.Build.Label.PreviouslyPublished,Publicado anteriormente
Feature.Build.Label.Price,Precio
Feature.Build.Label.PriceUnavailable,--
Feature.Build.Label.Pricing,
Feature.Build.Label.Private,Privada
Feature.Build.Label.Public,Público
Feature.Build.Label.PubliclyUnavailable,No disponible públicamente
Feature.Build.Label.Published,Publicada
Feature.Build.Label.Purchased,Comprado
Feature.Build.Label.Ready,
Feature.Build.Label.RegionalPricing,Precio regional
Feature.Build.Label.ResetsDaily,Se restablece diariamente
Feature.Build.Label.RestoredVersion,Se restauró {VERSION}
Feature.Build.Label.RobuxUsage,{USED}/{LIMIT}
Feature.Build.Label.Search,
Feature.Build.Label.SearchAssets,Buscar recursos
Feature.Build.Label.SearchGames,Buscar juegos
Feature.Build.Label.SearchTasks,Buscar tareas
Feature.Build.Label.SelectOption,Elige una opción
Feature.Build.Label.ShareAddedFriends,Comparte con las amistades que añadiste
Feature.Build.Label.Shared,Compartido
Feature.Build.Label.Sounds,Sonidos
Feature.Build.Label.TargetAllRobloxPlayers,Dirígete a todos los jugadores de Roblox
Feature.Build.Label.Thinking,Pensando
Feature.Build.Label.Title,Título
Feature.Build.Label.TitleDescription,Título y descripción
Feature.Build.Label.Tool,herramienta
Feature.Build.Label.ToolAssetDone,Recurso insertado
Feature.Build.Label.ToolAssetFailed,No se pudo insertar el recurso
Feature.Build.Label.ToolAssetRunning,Insertando recurso
Feature.Build.Label.ToolAssetSearchDone,Se buscó en la biblioteca de recursos
Feature.Build.Label.ToolAssetSearchFailed,No se pudo buscar en la biblioteca de recursos
Feature.Build.Label.ToolAssetSearchRunning,Buscando en la biblioteca de recursos
Feature.Build.Label.ToolClientDMDone,Se buscó en el DataModel del cliente
Feature.Build.Label.ToolClientDMFailed,No se pudo buscar en el DataModel del cliente
Feature.Build.Label.ToolClientDMRunning,Buscando en el DataModel del cliente
Feature.Build.Label.ToolGameInfoDone,Se actualizó la información del juego
Feature.Build.Label.ToolGameInfoFailed,No se pudo actualizar la información del juego
Feature.Build.Label.ToolGameInfoRunning,Actualizando la información del juego
Feature.Build.Label.ToolGameSaveDone,Se guardó el juego
Feature.Build.Label.ToolGameSaveFailed,No se pudo guardar el juego
Feature.Build.Label.ToolGameSaveRunning,Guardando el juego
Feature.Build.Label.ToolImageDone,Imagen generada
Feature.Build.Label.ToolImageFailed,No se pudo generar la imagen
Feature.Build.Label.ToolImageRunning,Generando imagen
Feature.Build.Label.ToolInspectDone,Instancia de cliente inspeccionada
Feature.Build.Label.ToolInspectFailed,No se pudo inspeccionar la instancia de cliente
Feature.Build.Label.ToolInspectRunning,Inspeccionando instancia de cliente
Feature.Build.Label.ToolLogsDone,Registros solicitados
Feature.Build.Label.ToolLogsFailed,No se pudieron solicitar los registros
Feature.Build.Label.ToolLogsRunning,Solicitando registros
Feature.Build.Label.ToolLuauDone,Se ejecutó Luau
Feature.Build.Label.ToolLuauFailed,No se pudo ejecutar Luau
Feature.Build.Label.ToolLuauRunning,Ejecutando Luau
Feature.Build.Label.ToolModelDone,Se generó un modelo 3D
Feature.Build.Label.ToolModelFailed,No se pudo generar el modelo 3D
Feature.Build.Label.ToolModelRunning,Generando un modelo 3D
Feature.Build.Label.ToolPlanPresentDone,Se presentó el plan
Feature.Build.Label.ToolPlanPresentFailed,No se pudo presentar el plan
Feature.Build.Label.ToolPlanPresentRunning,Presentando el plan
Feature.Build.Label.ToolPlanUpdateDone,Se actualizó el plan
Feature.Build.Label.ToolPlanUpdateFailed,No se pudo actualizar el plan
Feature.Build.Label.ToolPlanUpdateRunning,Actualizando el plan
Feature.Build.Label.ToolPrimitiveDone,Se generó una forma básica
Feature.Build.Label.ToolPrimitiveFailed,No se pudo generar una forma básica
Feature.Build.Label.ToolPrimitiveRunning,Generando una forma básica
Feature.Build.Label.ToolQuestionDone,Se hizo una pregunta
Feature.Build.Label.ToolQuestionFailed,No se pudo hacer una pregunta
Feature.Build.Label.ToolQuestionRunning,Haciendo una pregunta
Feature.Build.Label.ToolReqUpdateDone,Se actualizaron los requisitos
Feature.Build.Label.ToolReqUpdateFailed,No se pudieron actualizar los requisitos
Feature.Build.Label.ToolReqUpdateRunning,Actualizando los requisitos
Feature.Build.Label.ToolScriptDone,Se ejecutó un script
Feature.Build.Label.ToolScriptFailed,No se pudo ejecutar un script
Feature.Build.Label.ToolScriptRunning,Ejecutando script
Feature.Build.Label.ToolSkillLoadDone,Se cargó la habilidad
Feature.Build.Label.ToolSkillLoadFailed,No se pudo cargar la habilidad
Feature.Build.Label.ToolSkillLoadRunning,Cargando habilidad
Feature.Build.Label.ToolSkillsDone,Habilidades disponibles enumeradas
Feature.Build.Label.ToolSkillsFailed,No se pudieron enumerar las habilidades disponibles
Feature.Build.Label.ToolSkillsRunning,Enumerando las habilidades disponibles
Feature.Build.Label.ToolTasksPlanDone,Tareas planificadas
Feature.Build.Label.ToolTasksPlanFailed,No se pudieron planificar las tareas
Feature.Build.Label.ToolTasksPlanRunning,Planificando tus tareas
Feature.Build.Label.ToolThumbnailDone,Se estableció miniatura del juego
Feature.Build.Label.ToolThumbnailFailed,No se pudo establecer la miniatura del juego
Feature.Build.Label.ToolThumbnailRunning,Estableciendo la miniatura del juego
Feature.Build.Label.UniverseNumber,Universo {UNIVERSE_ID}
Feature.Build.Label.Unknown,Desconocido
Feature.Build.Label.UnlimitedUsed,Se utilizaron {USED} • Sin límite
Feature.Build.Label.UpdateTitleDesc,Actualizar título y descripción
Feature.Build.Label.Updated,Actualizado
Feature.Build.Label.Usage,Uso
Feature.Build.Label.UsageUsed,Se usó {USED}
Feature.Build.Label.UsernameHandle,@{USERNAME}
Feature.Build.Label.Version,
Feature.Build.Label.VersionCompact,v{VERSION_NUMBER}
Feature.Build.Label.VersionDate,{VERSION} · {CREATED_DATE}
Feature.Build.Label.VersionPadded,v0{VERSION_NUMBER}
Feature.Build.Label.VersionTitleDesc,Título y descripción de la versión
Feature.Build.Label.Video,
Feature.Build.Message.AccountRequirements,Tu cuenta no cumple los requisitos para usar la compilación.
Feature.Build.Message.AccountTooNew,Tu cuenta es demasiado nueva para publicar. Inténtalo de nuevo cuando tenga 2 días.
Feature.Build.Message.AdCampaignCreateFailed,No se pudo crear tu campaña. Inténtalo de nuevo.
Feature.Build.Message.AdCampaignCreated,Campaña de anuncios creada
Feature.Build.Message.AdPerformanceLoadFailed,No se pudo cargar el rendimiento del anuncio
Feature.Build.Message.AdsPromotionBannerSubtitle,Aumenta tu público de forma gratuita
Feature.Build.Message.AdsPromotionBannerTitle,Te quedan {promotionCount} promociones gratuitas
Feature.Build.Message.AdsPromotionBannerTitleSingular,Te queda 1 promoción gratuita
Feature.Build.Message.AdsStatsEmpty,Aumenta tu público con una campaña publicitaria para que descubran tu juego
Feature.Build.Message.AdsStatsEmptyFree,Aumenta tu público con una campaña publicitaria gratuita para que descubran tu juego
Feature.Build.Message.AllFriendsAdded,Añadiste a todas tus amistades como evaluadores de juego.
Feature.Build.Message.AnswerBuildQuestion,Responde la pregunta de la compilación a continuación.
Feature.Build.Message.AssetDetailsUnavailable,Los detalles del recurso no están disponibles.
Feature.Build.Message.AssetsLoadFailed,No se pueden cargar los recursos.
Feature.Build.Message.AudienceIneligible,No es elegible para este público
Feature.Build.Message.BuildAccountBlocked,"Por el momento, la compilación no está disponible en tu cuenta."
Feature.Build.Message.BuildBusy,La compilación se está procesando. Espera un minuto e inténtalo de nuevo.
Feature.Build.Message.BuildConnectFailed,No se pudo conectar la compilación. Inténtalo de nuevo.
Feature.Build.Message.BuildInternalError,La compilación encontró un problema. Inténtalo de nuevo.
Feature.Build.Message.BuildResponseFailed,La compilación no pudo responder. Inténtalo de nuevo.
Feature.Build.Message.BuildStillWorking,"Estamos trabajando en ello. Puedes salir de la aplicación, jugar Roblox o comenzar otro proyecto mientras esperas."
Feature.Build.Message.BuildStopped,Detuviste la compilación.
Feature.Build.Message.BuildTemporarilyDown,La compilación no está disponible temporalmente. Inténtalo de nuevo en un minuto.
Feature.Build.Message.CompletedTasks,{COUNT} tareas completadas
Feature.Build.Message.ConversationGone,Esta conversación ya no está disponible. Inicia una nueva.
Feature.Build.Message.ConversationNotFound,No se pudo encontrar esta conversación. Inicia una nueva.
Feature.Build.Message.CreateGameToUseBuild,Crea un juego nuevo para empezar a usar la compilación.
Feature.Build.Message.CreatedRevertedVer,Se creó una versión revertida.
Feature.Build.Message.ErrorCodeText,({ERROR_CODE}) {ERROR_TEXT}
Feature.Build.Message.ExpandAudience,Amplía la elegibilidad de tu público en el Centro de creación
Feature.Build.Message.ExperiencesLoadFailed,No se pudieron cargar las experiencias
Feature.Build.Message.FailedTitle,Falló {TITLE}
Feature.Build.Message.FinishedTitle,Finalizado {TITLE}
Feature.Build.Message.FriendsLoadFailed,No se pudieron cargar las amistades. Inténtalo de nuevo.
Feature.Build.Message.GameNotCreated,Tu juego no fue creado. Inténtalo de nuevo.
Feature.Build.Message.GamePublishFailed,No pudimos publicar tu juego. Inténtalo de nuevo.
Feature.Build.Message.GameShared,Se compartió el juego
Feature.Build.Message.GameSharedWith,Se compartió el juego con {DISPLAY_NAME} 
Feature.Build.Message.HiDisplayName,"Hola, {DISPLAY_NAME}:"
Feature.Build.Message.ImageUploadFailed,No pudimos cargar tus imágenes. Inténtalo de nuevo.
Feature.Build.Message.InvalidMessage,Algo salió mal con tu mensaje. Edítalo e inténtalo de nuevo.
Feature.Build.Message.InvitesLoadFailed,No se pudieron cargar las invitaciones
Feature.Build.Message.LimitBelowSpend,El límite no puede ser inferior a los {ALREADY_SPENT} Robux que ya se gastaron hoy.
Feature.Build.Message.LinkCopied,Enlace copiado al portapapeles
Feature.Build.Message.LoadingVersions,Cargando el historial de versiones…
Feature.Build.Message.NoAssetsFound,No se encontraron recursos.
Feature.Build.Message.NoCapturesAvailable,No hay capturas disponibles
Feature.Build.Message.NoDescriptionProvided,No se proporcionó la descripción.
Feature.Build.Message.NoFriendsToAdd,"Aún no tienes amistades. Primero, busca personas para añadir a Roblox."
Feature.Build.Message.NoResults,
Feature.Build.Message.NoVersionHistory,Aún no hay historial de versiones.
Feature.Build.Message.OneTaskCompleted,1 tarea completada
Feature.Build.Message.OutOfBuildUsage,Ya no puedes usar la compilación. Consulta tus opciones para usar Robux y seguir creando.
Feature.Build.Message.PlaytestersAdded,{INVITED_COUNT} de {MAX_INVITES} evaluadores de juego añadidos
Feature.Build.Message.PublicPublishFailed,"Tu juego se publicó, pero no se pudo hacer público. Inténtalo de nuevo."
Feature.Build.Message.PublishExpandAudience,Publica para ampliar tu público
Feature.Build.Message.PublishNotReverted,Tu publicación no se revirtió. Inténtalo de nuevo.
Feature.Build.Message.PublishPromotionUpsell,¡Felicidades por publicar tu juego! Tienes {promotionCount} promociones gratuitas disponibles para conseguir más jugadores en Roblox.
Feature.Build.Message.PublishPromotionUpsellSingular,¡Felicidades por publicar tu juego! Tienes 1 promoción gratuita disponible para conseguir más jugadores en Roblox.
Feature.Build.Message.PublishReverted,Se revirtió la publicación.
Feature.Build.Message.QuestionnaireNeeded,Este juego se editó fuera de la compilación. Completa el cuestionario de contenido para publicarlo.
Feature.Build.Message.ReadyToPlay,¡Tu juego está listo para jugar en Roblox!
Feature.Build.Message.ResetHours,Se restablecerá en {HOURS} horas
Feature.Build.Message.ResetOneHour,Se restablecerá en 1 hora
Feature.Build.Message.RestoreVersionFailed,No se pudo restaurar esta versión. Inténtalo de nuevo.
Feature.Build.Message.RevertVersionFail,No se creó una versión revertida. Inténtalo de nuevo.
Feature.Build.Message.RunningTitle,Se está ejecutando {title}
Feature.Build.Message.SafetyPolicy,Este mensaje va en contra de nuestra política de seguridad. Edítalo e inténtalo de nuevo.
Feature.Build.Message.SaveChangesFailed,No se pudieron guardar los cambios. Inténtalo de nuevo.
Feature.Build.Message.ShareExperience,Compartir {EXPERIENCE_NAME}
Feature.Build.Message.ShareLinkFailed,No se pudieron crear los enlaces para compartir. Inténtalo de nuevo.
Feature.Build.Message.SignedOut,Cerraste sesión. Inicia sesión e inténtalo de nuevo.
Feature.Build.Message.TasksCompleted,{NUM_COMPLETED_TASKS} tareas completadas
Feature.Build.Message.ThinkingSeconds,Pensando durante {SECONDS} s
Feature.Build.Message.TryAgain,Inténtalo de nuevo.
Feature.Build.Message.TurnToPortrait,Pon tu dispositivo en modo vertical para seguir trabajando en tu juego.
Feature.Build.Message.VersionHistoryLoad,No se pudo cargar el historial de la versión.
Feature.Build.Message.WhatToCreate,¿Qué quieres crear hoy?
Feature.Build.Message.WorkedMinutesSeconds,"Trabajó durante {MINUTES} min, {REM_SECONDS} s"
Feature.Build.Message.WorkedSeconds,Trabajó durante {SECONDS} s
Feature.Build.Message.WorkingOnTasks,Trabajando en tus tareas
Feature.Build.Notification.Message.Continue,Reanuda tu chat de la compilación para continuar.
Feature.Build.Notification.Message.Review,Reanuda tu chat de la compilación para revisar el resultado.
Feature.Build.Notification.Title.Finished,Compilación finalizada
Feature.Build.Notification.Title.NeedInput,La compilación necesita tu participación
Feature.Build.Placeholder.DescribeProduct,Describe lo que quieres vender
Feature.Build.Placeholder.DescribeProductUpdate,Describe una actualización
Feature.Build.Prompt.CreateDeveloperProduct,"Ayúdame a crear un producto de desarrollador, integrarlo en el juego, verificar y publicar los cambios y ponerlo a la venta."
Feature.Build.Title.AdCampaignActive,La campaña de anuncios está activa
Feature.Build.Title.AdCampaignDuration,Campaña publicitaria de {durationDays} días
Feature.Build.Title.AddFriendsToPlaytest,Añade amistades para que te ayuden con la prueba de jugabilidad
Feature.Build.Title.AddImages,Añadir imágenes
Feature.Build.Title.AdsStatsEmpty,Iniciar una campaña
Feature.Build.Title.AdsStatsEmptyFree,Inicia tu primera campaña
Feature.Build.Title.ArchiveThisGame,¿Quieres archivar este juego?
Feature.Build.Title.AssetLibrary,Biblioteca
Feature.Build.Title.Audience,
Feature.Build.Title.BuildQuestion,La compilación tiene una pregunta
Feature.Build.Title.BuildQuestions,La compilación tiene algunas preguntas
Feature.Build.Title.BuildUnavailable,La compilación no está disponible
Feature.Build.Title.BuildUsage,Uso de la compilación
Feature.Build.Title.ChangesNotLive,Tus cambios aún no están activos
Feature.Build.Title.ChatBuildUnavailable,La compilación no está disponible.
Feature.Build.Title.Content,Contenido
Feature.Build.Title.DailyRobuxReached,Se alcanzó el límite diario de Robux
Feature.Build.Title.DeveloperProduct,Producto del desarrollador
Feature.Build.Title.EditDeveloperProduct,Editar producto
Feature.Build.Title.ExperienceAudience,Público de la experiencia
Feature.Build.Title.FreeUsageReached,Se alcanzó el límite de uso gratuito de la compilación
Feature.Build.Title.FriendsOnlyPlay,Solo las amistades pueden jugar
Feature.Build.Title.GameCreationDone,Se completó la creación del juego
Feature.Build.Title.GamePrivate,Este juego es un servidor privado
Feature.Build.Title.GenericError,
Feature.Build.Title.GetUsers,Obtener usuarios
Feature.Build.Title.NoMonetizationProducts,Comienza a ganar en tu juego
Feature.Build.Title.NoRobuxForUsage,No quedan Robux para el uso de la compilación
Feature.Build.Title.Playtesters,Evaluadores de juego
Feature.Build.Title.PlaytestersOnlyPlay,Solo los evaluadores de juego pueden jugar
Feature.Build.Title.PromoteGame,Promociona tu juego
Feature.Build.Title.PromoteGameFree,Promociona tu juego gratis
Feature.Build.Title.PushNotifications,Notificaciones push
Feature.Build.Title.RevertLastChange,¿Revertir el último cambio?
Feature.Build.Title.Tasks,Tareas
Feature.Build.Title.TurnActivity,Actividad de giro
Feature.Build.Title.VersionHistory,Historial de la versión
Feature.Build.Title.VersionInfo,Información de la versión
Feature.Build.Title.VersionInformation,
Feature.Build.Title.VersionNumber,Versión {VERSION}
Feature.Build.Title.Versions,Versiones
Feature.Build.Title.WhatsIncluded,¿Qué incluye?
Feature.BuyRobux.Heading.Banner,Comprar Robux
Feature.Call.Error.Description.Generic,
Feature.Captures.Action.NoThanks,"No, gracias"
Feature.Captures.Action.Share,
Feature.Captures.Action.ShareYourCapture,Comparte tu captura
Feature.Captures.Body.ShareCapturePrompt,¿Quieres compartir tu captura?
Feature.Captures.Description.AllowPhotoAccessInfo,"Para guardar tus capturas, Roblox necesita acceso a la cámara de tu dispositivo."
Feature.Captures.Title.AllowPhotoAccessInfo,Permitir acceso a Fotos
Feature.Captures.Title.ShareCapturePrompt,Compartir captura
Feature.Captures.Toast.CaptureSaved,Captura guardada
Feature.Captures.Toast.CaptureSavedToDevice,Guardada en el dispositivo
Feature.Catalog.Action.Buy,
Feature.Catalog.Action.Cancel,
Feature.Catalog.Action.Checkout.GoToCustomize,Ir a Personalizar
Feature.Catalog.Action.Checkout.ManageInCustomize,Gestionar en Personalizar
Feature.Catalog.Action.Checkout.UnavailableItems,
Feature.Catalog.Action.Checkout.Wear,Vestir
Feature.Catalog.Action.CheckoutPlural,Ver carrito ({count})
Feature.Catalog.Action.CheckoutSingular,Pagar 1 objeto
Feature.Catalog.Action.CloseDetails,Cerrar detalles
Feature.Catalog.Action.CopyLink,Copiar enlace
Feature.Catalog.Action.Customize,Personalizar
Feature.Catalog.Action.Delete,
Feature.Catalog.Action.DeleteAvatar,Eliminar avatar
Feature.Catalog.Action.DescribeAvatar,
Feature.Catalog.Action.Favorite,Añadir a favorito
Feature.Catalog.Action.Favorites.BrowseMarketplace,Explorar Mercado
Feature.Catalog.Action.GoBack,
Feature.Catalog.Action.ItemOptions,Opciones del objeto
Feature.Catalog.Action.LoadMore,Cargar más
Feature.Catalog.Action.Next,
Feature.Catalog.Action.OpenDetails,Abrir detalles
Feature.Catalog.Action.Owned,{count} propio
Feature.Catalog.Action.Post,
Feature.Catalog.Action.PreviewAndPost,
Feature.Catalog.Action.Remove,
Feature.Catalog.Action.RemoveFavorite,Favorito
Feature.Catalog.Action.Rent,Alquilar
Feature.Catalog.Action.Replace,
Feature.Catalog.Action.Report,Denunciar
Feature.Catalog.Action.Sell,Vender
Feature.Catalog.Action.ShareVia,Compartir a través de...
Feature.Catalog.Action.Submit,
Feature.Catalog.Action.Try,
Feature.Catalog.Action.Upgrade,Mejorar
Feature.Catalog.Action.ViewDetailsPage,Ver Página de detalles
Feature.Catalog.Action.ViewExperienceDetails,Ver detalles de la experiencia
Feature.Catalog.Action.ViewTerms,Ver términos
Feature.Catalog.ActionSeeAll,Ver todo
Feature.Catalog.AvatarWidgetTitle,
Feature.Catalog.Checkout.Title.PurchasedFailedPlural,{count} objetos no se pudieron comprar
Feature.Catalog.Checkout.WearAfterPurchase,
Feature.Catalog.Description.AttributionAlertBody,Saldrás de esta área y te unirás a {experienceName}.
Feature.Catalog.Feature.Catalog.Label.ClassicShirt,
Feature.Catalog.Feature.Catalog.Label.ClassicTShirt,
Feature.Catalog.Feature.Catalog.Label.TotalItems,Total: {itemCount} objetos
Feature.Catalog.Feature.Catalog.Label.TotalItemsParenthesis,Total ({itemCount} objetos)
Feature.Catalog.Header.Checkout,Pagar
Feature.Catalog.Header.InvalidOutfit,Atuendo no válido
Feature.Catalog.Header.PostAvatar,
Feature.Catalog.Heading.AvailableItems,Objetos disponibles
Feature.Catalog.Heading.BuyItem,
Feature.Catalog.Heading.FreeItemConfirmation,Obtener objeto
Feature.Catalog.Heading.GoToExperience,¿Unirse a la experiencia?
Feature.Catalog.Heading.HoldingPolicy,Política de retención
Feature.Catalog.Heading.InExperienceOnly,Disponible en la Experiencia
Feature.Catalog.Heading.InsufficientFunds,Robux insuficientes
Feature.Catalog.Heading.ItemInfo,Información del objeto
Feature.Catalog.Heading.ItemRemoved,Objeto eliminado
Feature.Catalog.Heading.ItemsOnSale,Objetos en venta
Feature.Catalog.Heading.NotForSale,
Feature.Catalog.Heading.Overview,
Feature.Catalog.Heading.PremiumOnly,Solo Roblox Plus
Feature.Catalog.Heading.QuantityLimitReached,Límite de creador alcanzado
Feature.Catalog.Heading.QuickMenu,Menú rápido
Feature.Catalog.Heading.Resellers,Revendedores
Feature.Catalog.Heading.SellItem,Vender objeto
Feature.Catalog.Heading.Sellers,Vendedores
Feature.Catalog.Heading.SetPrice,Fijar precio
Feature.Catalog.Heading.ShowBodyParts,Mostrar partes del cuerpo
Feature.Catalog.Heading.ShowHeadType,Mostrar tipo de cabeza
Feature.Catalog.Heading.ShowShoes,Mostrar zapatos
Feature.Catalog.Heading.TakeOffSale,Retirar de la venta
Feature.Catalog.HeroWidget.BundleTitle,Korblox Pactbreaker ya está aquí
Feature.Catalog.HeroWidget.CapsuleDescription,
Feature.Catalog.HeroWidget.CapsulePoolDescription,
Feature.Catalog.HeroWidget.CapsulePoolTitle,
Feature.Catalog.HeroWidget.CapsuleTitle,
Feature.Catalog.Label.Adjustable,Ajustable
Feature.Catalog.Label.AdvancedMaterials,Materiales avanzados
Feature.Catalog.Label.AllItems,Todos los objetos
Feature.Catalog.Label.AlreadyOwned,Ya tienes este objeto
Feature.Catalog.Label.Animation,
Feature.Catalog.Label.Attributes,Atributos
Feature.Catalog.Label.Attribution,Hecho en
Feature.Catalog.Label.AvailableForSale,
Feature.Catalog.Label.AvailableToPremiumMembers,Disponible porque tienes Premium
Feature.Catalog.Label.Avatar,
Feature.Catalog.Label.AvatarEmoteSelection,Selecciona un emote para hacer una pose.
Feature.Catalog.Label.AvatarTitle,Nombre de avatar
Feature.Catalog.Label.Avatars,
Feature.Catalog.Label.AveragePrice,Precio medio
Feature.Catalog.Label.AveragePriceColon,Precio promedio:
Feature.Catalog.Label.BackAccessories,Accesorios traseros
Feature.Catalog.Label.Backgrounds,
Feature.Catalog.Label.Bestselling,Superventas
Feature.Catalog.Label.Body,Cuerpo
Feature.Catalog.Label.Bundle,
Feature.Catalog.Label.Bundles,Paquetes
Feature.Catalog.Label.BuyConfirmation,¿Quieres comprar {itemName} de {creatorName}?
Feature.Catalog.Label.BuyConfirmationIncludingWarning,Limita tus horas de entretenimiento y tus gastos. ¿Quieres comprarle el recurso {itemName} a {creatorName}?
Feature.Catalog.Label.BuyItems,Comprar objetos
Feature.Catalog.Label.BuyPrice,Precio de compra:
Feature.Catalog.Label.BuyRobux,
Feature.Catalog.Label.Category,Categoría
Feature.Catalog.Label.CategoryType,Tipo
Feature.Catalog.Label.Characters,Personajes
Feature.Catalog.Label.Checkout.CheckoutButtonFtuxTooltip,Ver y eliminar objetos que estás probando aquí
Feature.Catalog.Label.Checkout.ClearAllItemsOnAvatarBody,Esto eliminará todos los objetos que no posees y que llevas en tu avatar.
Feature.Catalog.Label.Checkout.DontWarnAgainText,No avisarme de nuevo
Feature.Catalog.Label.Checkout.GoToCustomizeBody,Solo puedes vestir o quitar objetos en posesión en la vista Personalizar.
Feature.Catalog.Label.Checkout.InExperienceOnly,Solo en la experiencia
Feature.Catalog.Label.Checkout.ItemReplacedOnAvatarBody,Solo puedes llevar un objeto por categoría. Un objeto nuevo siempre sustituirá al que llevas puesto actualmente.
Feature.Catalog.Label.Checkout.LimitReached,Límite alcanzado
Feature.Catalog.Label.Checkout.OffSale,
Feature.Catalog.Label.Checkout.OutOfStock,Agotado
Feature.Catalog.Label.Checkout.PriceChanged,Cambio de precio
Feature.Catalog.Label.Checkout.SoldOut,
Feature.Catalog.Label.Checkout.Unavailable,
Feature.Catalog.Label.Checkout.WearAvatarReplaceAllItemsBody,Usar este avatar reemplazará todos los objetos que estás usando actualmente.
Feature.Catalog.Label.ClassicShirt,
Feature.Catalog.Label.ClassicTShirt,
Feature.Catalog.Label.Clothing,
Feature.Catalog.Label.CreatorName,Nombre del creador
Feature.Catalog.Label.CurrentBalance,Saldo actual:
Feature.Catalog.Label.CustomizeAvatar,Personalizar el avatar
Feature.Catalog.Label.DeleteAvatarConfirmationPromptMessage,No puedes deshacer esta acción si se elimina.
Feature.Catalog.Label.Details,
Feature.Catalog.Label.DynamicHeads,
Feature.Catalog.Label.Emissive,Emisivo
Feature.Catalog.Label.EmissiveInfo,"Un objeto con un material emisivo emite su propia luz, por lo que permanece brillante y visible incluso en entornos oscuros."
Feature.Catalog.Label.Emotes,
Feature.Catalog.Label.EyeMakeup,
Feature.Catalog.Label.Eyebrow,
Feature.Catalog.Label.EyebrowMakeup,
Feature.Catalog.Label.Eyebrows,
Feature.Catalog.Label.Eyelash,
Feature.Catalog.Label.EyelashMakeup,
Feature.Catalog.Label.Eyelashes,
Feature.Catalog.Label.FaceAccessories,Accesorios para la cara
Feature.Catalog.Label.FaceMakeup,
Feature.Catalog.Label.Favorites,Favoritos
Feature.Catalog.Label.Fee,{feePercentage}% de la comisión:
Feature.Catalog.Label.Filter.Creator,Creador
Feature.Catalog.Label.Filter.Curator,Editor de contenidos
Feature.Catalog.Label.Filter.Filters,
Feature.Catalog.Label.Filter.Hide,Ocultar
Feature.Catalog.Label.Filter.PriceMax,Máx.
Feature.Catalog.Label.Filter.PriceMin,Mín.
Feature.Catalog.Label.Filter.SalesType,Tipo de venta
Feature.Catalog.Label.Filter.Show,Mostrar
Feature.Catalog.Label.Filter.Sorts,Categorías
Feature.Catalog.Label.Filter.TotalValue,Valor total
Feature.Catalog.Label.Filter.UnavailableItems,Objetos no disponibles
Feature.Catalog.Label.FreeItemConfirmation,¿Quieres comprar el objeto gratis {itemName} de {creatorName}?
Feature.Catalog.Label.FreeUpperCase,GRATIS
Feature.Catalog.Label.FromPrice,De {itemPrice}
Feature.Catalog.Label.FrontAccessories,Accesorios frontales
Feature.Catalog.Label.FullBodies,Cuerpo completo
Feature.Catalog.Label.FullBody,
Feature.Catalog.Label.Gear,
Feature.Catalog.Label.Get,Obtener
Feature.Catalog.Label.GetPremiumAndPrice,Obtén Premium y cómpralo por 
Feature.Catalog.Label.HD,HD
Feature.Catalog.Label.Hair,
Feature.Catalog.Label.HeadShape,
Feature.Catalog.Label.HighDefinitionInfo,"Los elementos en HD se crean con un alto nivel de artesanía en los detalles, los materiales y el ajuste."
Feature.Catalog.Label.Holding,Retención
Feature.Catalog.Label.InExperienceOnly,La venta original de este objeto solo está disponible en la experiencia.
Feature.Catalog.Label.InMultipleExperiences,En {NUM_EXPERIENCES} experiencias
Feature.Catalog.Label.InSingleExperience,
Feature.Catalog.Label.InSpecificExperience,En {EXPERIENCE_NAME}
Feature.Catalog.Label.IncludedParts,Partes incluidas
Feature.Catalog.Label.InsufficientFunds,No tienes suficientes Robux para comprar este objeto.
Feature.Catalog.Label.ItemCount,{itemCount} objeto
Feature.Catalog.Label.ItemExperienceLimitReached,Alcanzaste el límite de compra establecido por el creador para este objeto. No podrás comprar más. ¿Todavía te gustaría ingresar en [{EXPERIENCE_NAME}]?
Feature.Catalog.Label.ItemExperienceLimitReachedTitle,Límite de compra alcanzado
Feature.Catalog.Label.ItemExperienceSoldOut,La copia original se agotó en la experiencia. ¿Todavía te gustaría entrar en [{EXPERIENCE_NAME}]?
Feature.Catalog.Label.ItemExperienceSoldOutTitle,Objeto agotado
Feature.Catalog.Label.ItemInAHold,¿Objeto en retención?
Feature.Catalog.Label.ItemOwnedCount,Objetos en posesión ({itemCount})
Feature.Catalog.Label.ItemsCount,{itemCount} objetos
Feature.Catalog.Label.LeftArm,
Feature.Catalog.Label.Limited,Limitados
Feature.Catalog.Label.LimitedU,Limit. único
Feature.Catalog.Label.LipMakeup,
Feature.Catalog.Label.Makeup,
Feature.Catalog.Label.Makeup.MakeupMax6LayersPromptBody,"Las nuevas capas de maquillaje siempre aparecerán en la parte superior, reemplazando la capa inferior hasta que liberes un espacio."
Feature.Catalog.Label.MakeupCartDescriptionText,"Puedes agregar hasta 6 ojos, labios y rostros, junto con 1 pestaña y 1 ceja"
Feature.Catalog.Label.MakeupLooks,
Feature.Catalog.Label.MarketplaceToAvatarPage,Saldrás de Mercado para personalizar su avatar.
Feature.Catalog.Label.MaxPerUser,Máx. por usuario
Feature.Catalog.Label.MinimumAmount,La cantidad mínima debe ser mayor de 0.
Feature.Catalog.Label.MinimumAmountCustom,La cantidad mínima debe ser superior a {minimumAmount}.
Feature.Catalog.Label.MostFavorited,Más favoritos
Feature.Catalog.Label.MostPopular,Más populares
Feature.Catalog.Label.NA,
Feature.Catalog.Label.NeckAccessories,Accesorios para el cuello
Feature.Catalog.Label.New,
Feature.Catalog.Label.NewCollectibles,¡Nuevos coleccionables!
Feature.Catalog.Label.No,No
Feature.Catalog.Label.NoLongerAvailable,Este objeto ya no está disponible
Feature.Catalog.Label.NoSellersWarning,"Lo sentimos, nadie está vendiendo este objeto"
Feature.Catalog.Label.None,Ninguno
Feature.Catalog.Label.NotAvailable,El objeto no está disponible en este momento
Feature.Catalog.Label.OfferApplied,Oferta aplicada
Feature.Catalog.Label.OnSale,
Feature.Catalog.Label.OriginalPrice,Precio original
Feature.Catalog.Label.OutOfStock,
Feature.Catalog.Label.Owned,Tienes
Feature.Catalog.Label.PBR,Materiales
Feature.Catalog.Label.PBR.false,Básica
Feature.Catalog.Label.PBR.true,Avanzada
Feature.Catalog.Label.PBRInfo,"Los objetos de avatar con materiales avanzados utilizan el PBR para parecer más natural, con luz y sombras que cambian y brillan como hacen en la vida real."
Feature.Catalog.Label.PBRInfoTitle,Renderización basada en la física (PBR)
Feature.Catalog.Label.ParticleEffects,Efectos de partículas
Feature.Catalog.Label.ParticleEffectsInfo,"Un objeto con efectos de partículas emite imágenes animadas, lo que hace que se sienta dinámico y vivo."
Feature.Catalog.Label.Placement,Colocación
Feature.Catalog.Label.PrePremiumPrice,(Precio del objeto:
Feature.Catalog.Label.Premium,
Feature.Catalog.Label.PremiumDiscount,Ahorras el {percent}% con Premium
Feature.Catalog.Label.PremiumOnly,Disponible solo para usuarios Premium
Feature.Catalog.Label.Price,
Feature.Catalog.Label.PriceColon,Precio:
Feature.Catalog.Label.PriceFromResale,{itemPrice} para la reventa
Feature.Catalog.Label.PriceHighToLow,Precio de mayor a menor
Feature.Catalog.Label.PriceLowToHigh,Precio de menor a mayor
Feature.Catalog.Label.PriceRange,Rango de precio
Feature.Catalog.Label.PriceUnavailable,
Feature.Catalog.Label.PurchaseConfirmation,¿Quieres comprar {itemName} de {creatorName} por {itemPrice}?
Feature.Catalog.Label.Purchased,¡Comprado!
Feature.Catalog.Label.QuantityLimitReached,El creador tiene límites sobre cuántas copias puede comprar un solo usuario.
Feature.Catalog.Label.QuantitySold,Cantidad vendida
Feature.Catalog.Label.QuickMenuMarketplaceTitle,Opciones de Mercado
Feature.Catalog.Label.RecentlyCreated,Creado recientemente
Feature.Catalog.Label.RecentlyPublished,Publicado recientemente
Feature.Catalog.Label.Recommendations,También te puede gustar
Feature.Catalog.Label.Redeemed,¡Canjeado exitosamente!
Feature.Catalog.Label.Relevance,Relevancia
Feature.Catalog.Label.RentOption,Opción de alquilar
Feature.Catalog.Label.RentOptionInfo,Prueba este objeto durante 3 días a un precio más bajo. Tu temporizador comienza después de la compra.
Feature.Catalog.Label.ReportItem,Denunciar objeto
Feature.Catalog.Label.ResaleFeePolicy,Política de cuota de reventa
Feature.Catalog.Label.Resellable,Revendible
Feature.Catalog.Label.RobuxFee,Monto después del {feePercentage}% de cuota:
Feature.Catalog.Label.Sale,Venta
Feature.Catalog.Label.SalePrice,Precio de venta:
Feature.Catalog.Label.SaveAsCharacter,Guardar como Personaje
Feature.Catalog.Label.SaveOptions,Guardar opciones
Feature.Catalog.Label.Search,
Feature.Catalog.Label.SearchSuggestions,Es posible que estés buscando
Feature.Catalog.Label.SellCut,Tú ganas:
Feature.Catalog.Label.SellPageUpsell,La venta solo está disponible para usuarios con una suscripción a Roblox Plus.
Feature.Catalog.Label.SellSuccess,Objeto a la venta
Feature.Catalog.Label.SerialNumberColon,Número de serie:
Feature.Catalog.Label.ShoulderAccessories,Accesorios para el hombro
Feature.Catalog.Label.SoldOut,
Feature.Catalog.Label.SupportsHeadShapes,Admite formas de cabeza
Feature.Catalog.Label.TakeOffResaleConfirmation,¿Quieres dejar de ofrecer este objeto para la reventa?
Feature.Catalog.Label.TimedOptions,Opciones por tiempo
Feature.Catalog.Label.Timer.Day.Plural,Quedan {number} días
Feature.Catalog.Label.Timer.Day.Singular,Queda 1 día
Feature.Catalog.Label.Timer.Hour.Plural,Quedan {number} horas
Feature.Catalog.Label.Timer.Hour.Singular,Falta 1 hora
Feature.Catalog.Label.Timer.Minute.Plural,Quedan {number} minutos
Feature.Catalog.Label.Timer.Minute.Singular,Falta 1 minuto
Feature.Catalog.Label.Timer.Second.Plural,Quedan {number} segundos
Feature.Catalog.Label.Timer.Second.Singular,Falta 1 segundo
Feature.Catalog.Label.Tops,Camisas y similares
Feature.Catalog.Label.Torso,
Feature.Catalog.Label.TotalItemsParenthesis,
Feature.Catalog.Label.TotalUnformatted,Total
Feature.Catalog.Label.Tradable,Intercambiable
Feature.Catalog.Label.Trending,Tendencias
Feature.Catalog.Label.TryOns,Accesorios de prueba
Feature.Catalog.Label.TryOnsMultiple,Accesorios de prueba ({numItems})
Feature.Catalog.Label.Unlimited,Ilimitado
Feature.Catalog.Label.Username,Usuario
Feature.Catalog.Label.UsingBundleParts,Usar {count} partes del paquete
Feature.Catalog.Label.WaistAccessories,Accesorios para la cintura
Feature.Catalog.Label.WearAfterPurchase,
Feature.Catalog.Label.WearAvatarAfterPurchase,
Feature.Catalog.Label.WearOutfitAfterPurchase,Vestir conjunto después de la compra
Feature.Catalog.Label.Yes,
Feature.Catalog.LabelAccessories,
Feature.Catalog.LabelAccessoryHats,Sombreros
Feature.Catalog.LabelAllCreators,Todos los creadores
Feature.Catalog.LabelAllHeads,
Feature.Catalog.LabelAllTime,Todos los tiempos
Feature.Catalog.LabelAnyPrice,Cualquier precio
Feature.Catalog.LabelClassicHeads,
Feature.Catalog.LabelCollectibles,Coleccionables
Feature.Catalog.LabelContentDeleted,Contenido eliminado
Feature.Catalog.LabelFree,
Feature.Catalog.LabelNoResellers,Sin reventa
Feature.Catalog.LabelOffSale,Fuera de oferta
Feature.Catalog.LabelPants,
Feature.Catalog.LabelPastDay,Día anterior
Feature.Catalog.LabelPastWeek,Semana pasada
Feature.Catalog.LabelShirts,
Feature.Catalog.LabelTShirts,Camisetas
Feature.Catalog.Message.AvatarModerated,Este avatar no cumplió con las normas de nuestra comunidad. Intenta publicar uno diferente
Feature.Catalog.Message.AvatarModerationModerated,No cumplió con las Normas de la comunidad
Feature.Catalog.Message.AvatarModerationPending,En revisión
Feature.Catalog.Message.AvatarNotAvailable,Este avatar ya no está disponible
Feature.Catalog.Message.AvatarSharePanel,Comparte tu avatar en las redes sociales para aumentar tu alcance y mostrar tu creatividad
Feature.Catalog.Message.AvatarUnderReview,Avatar en revisión. Lo puedes compartir una vez que se apruebe
Feature.Catalog.Message.BodyCategoryTooltip,Encuentra cabezas y pelo aquí
Feature.Catalog.Message.CannotBeResold,Este objeto no se puede revender
Feature.Catalog.Message.CaptionLimit,
Feature.Catalog.Message.Checkout.PurchaseFailed,"Para continuar, revisa o elimina los objetos"
Feature.Catalog.Message.Checkout.UnavailableItems,No se pueden comprar uno o más objetos. Quítalos antes de continuar.
Feature.Catalog.Message.CollectiblesInfo,"Los objetos coleccionables pueden revenderse entre usuarios después de un periodo de retención, incluso si las existencias originales no están agotadas. Los suscriptores Premium pueden publicar objetos de colección para su reventa."
Feature.Catalog.Message.FTUXFavoritePillTooltip,Agrega esto a tus favoritos
Feature.Catalog.Message.Favorites.CategoryEmpty,Aún no has guardado nada en esta categoría.
Feature.Catalog.Message.Favorites.Empty,Aún no has guardado nada.
Feature.Catalog.Message.HighDefinitionCategoryTooltip,Descubre los objetos mejor elaborados en Roblox
Feature.Catalog.Message.HoldingPolicyL1,Las compras procedentes de las reventas se retienen hasta {days} día(s). El objeto solo puede revenderse después de que este periodo de retención termine. Solo los usuarios Premium pueden revender objetos.
Feature.Catalog.Message.HoldingPolicyL2,"Después de la compra, las ventas originales se retienen hasta {purchaseDays} día(s). El objeto solo puede revenderse después de que finalice este periodo de retención y las reventas se retienen hasta {resaleDays} día(s). Solo los usuarios Premium pueden revender objetos."
Feature.Catalog.Message.MustWearClothing,
Feature.Catalog.Message.ParticleEffectsWarning,
Feature.Catalog.Message.PriceCouldBeDifferent,El tipo de artículo determina las reglas de precios de un artículo
Feature.Catalog.Message.ReportCatalogItemPhrase,Puedes enviar un informe a nuestro equipo de moderación. Revisaremos su contenido y tomaremos las medidas necesarias.
Feature.Catalog.Message.ResaleFeePolicy,"Las ganancias de todas las transacciones en Mercado, incluyendo las reventas, se comparten entre Roblox y los usuarios involucrados en la transacción. En caso de una reventa, cuando un usuario acepte un precio, el {yourSharePercent}% de Robux que se pague irá a ti como revendedor. El otro {robloxFeePercent}% irá a Roblox y a otros usuarios, como el creador del objeto."
Feature.Catalog.Message.SuccessfullyPosted,
Feature.Catalog.Message.TitleLimit,
Feature.Catalog.RFYFeedTitle,Continuar navegando
Feature.Catalog.RFYWidgetTitle,Recomendaciones para ti
Feature.Catalog.Response.GenericError,
Feature.Catalog.Response.NoItemsFound,No se han encontrado objetos.
Feature.Catalog.Response.PlacedOnSaleSuccess,Puesto a la venta correctamente
Feature.Catalog.Response.ReportSubmitted,Reporte enviado. Nuestro equipo lo revisará en breve.
Feature.Catalog.Response.TakenOffSaleSuccess,Retirado de la venta correctamente
Feature.Catalog.Search.LandingPage.Empty,"Buscar por colores, tipos, temas, etc"
Feature.Catalog.Search.Placeholder,"Buscar objetos, atuendos"
Feature.Catalog.Text.OfferAppliedToHighestItem,Oferta aplicada al objeto más alto
Feature.Catalog.Title.AvatarSharePanel,Tu avatar está listo para compartir
Feature.Catalog.Title.Checkout,Proceder al pago
Feature.Catalog.Title.Checkout.ClearAllItemsOnAvatarTitle,¿Eliminar todos los objetos?
Feature.Catalog.Title.Checkout.GoToCustomizeTitle,Ve a Personalizar para editar
Feature.Catalog.Title.Checkout.ItemRemovedSingular,
Feature.Catalog.Title.Checkout.ItemReplacedOnAvatarTitle,Objeto reemplazado
Feature.Catalog.Title.Checkout.ItemsPurchased,{count} objetos comprados
Feature.Catalog.Title.Checkout.OfferFailedToFetch,No se pudieron obtener las ofertas disponibles. Inténtalo de nuevo más tarde.
Feature.Catalog.Title.Checkout.OfferFailedToUpdate,No se pudo activar o desactivar la oferta. Inténtalo de nuevo más tarde.
Feature.Catalog.Title.Checkout.PurchaseFailedPlural,
Feature.Catalog.Title.Checkout.PurchaseFailedSingular,1 objeto no se pudo comprar
Feature.Catalog.Title.Checkout.TryOnMultipleItemsFtuxBody,"A medida que toques, los objetos se apilarán en tu avatar para que puedas construir un aspecto completo. Solo puedes usar uno por categoría."
Feature.Catalog.Title.Checkout.TryOnMultipleItemsFtuxTitle,Prueba varios objetos a la vez
Feature.Catalog.Title.Checkout.UnavailableItems,
Feature.Catalog.Title.Checkout.WearAvatarReplaceAllItemsTitle,¿Usar avatar?
Feature.Catalog.Title.CheckoutPlural,Pagar {count} objetos
Feature.Catalog.Title.CheckoutSingular,
Feature.Catalog.Title.Makeup.MakeupMax6LayersPromptTitle,¿Reemplazar la capa inferior?
Feature.Catalog.Title.RentalFtuxText,Renta un objeto para probarlo durante 3 días
Feature.Catalog.Toast.AddedToFavorites,Agregado a favoritos
Feature.Catalog.Toast.AvatarPriceChangedBecauseOfOwned,El precio cambió porque tienes {number} objetos
Feature.Catalog.Toast.AvatarUnderReview,"Avatar en revisión
Puedes compartir tu avatar después de que se revise"
Feature.Catalog.Toast.FavoritedLook,¡Avatar añadido a favoritos!
Feature.Catalog.Toast.LinkCopied,
Feature.Catalog.Toast.RemovedFromFavorites,Eliminado de favoritos
Feature.Catalog.Toast.UnfavoritedLook,Avatar eliminado de tus favoritos
Feature.Catalog.TrustedConnection.Label.Trusted,
Feature.Chat.Action.Add,
Feature.Chat.Action.Cancel,
Feature.Chat.Action.Confirm,
Feature.Chat.Action.Continue,
Feature.Chat.Action.Copy,Copiar
Feature.Chat.Action.Create,
Feature.Chat.Action.Delete,
Feature.Chat.Action.Edit,
Feature.Chat.Action.GroupOSADoNotJoin,No unirse
Feature.Chat.Action.GroupOSAJoin,
Feature.Chat.Action.LearnMore,Aprende más
Feature.Chat.Action.Leave,
Feature.Chat.Action.MuteVoice,Silenciar voz
Feature.Chat.Action.Remove,
Feature.Chat.Action.RemoveFromGroup,Eliminar del grupo
Feature.Chat.Action.RemoveUser,Eliminar usuario
Feature.Chat.Action.Reply,Responder
Feature.Chat.Action.Report,
Feature.Chat.Action.ReportUser,Denunciar usuario
Feature.Chat.Action.Save,
Feature.Chat.Action.Send,
Feature.Chat.Action.StartChatWithFriends,Chatear
Feature.Chat.Action.Stay,
Feature.Chat.Action.Translate,Traducir
Feature.Chat.Action.UnmuteVoice,Reactivar voz
Feature.Chat.Action.ViewAssetDetails,Ver detalles
Feature.Chat.Description.ConversationInviteGroupCreatedOn,El grupo se creó el {creation_date}
Feature.Chat.Description.CreateUnfilteredChatCell,"Se invitarán a todos los miembros de esta comunidad, pero algunos no son elegibles para unirse."
Feature.Chat.Description.CreateUnfilteredChatDialog,"Con funciones de chat ampliadas, puedes chatear sin filtros.

Todos los miembros de este grupo serán invitados, pero algunos no son elegibles para unirse."
Feature.Chat.Description.CreateUnfilteredChatWithVoice,"Con funciones de chat ampliadas, puedes chatear sin filtros y usuar el chat de voz.

Todos los miembros de este grupo serán invitados, pero algunos no son elegibles para unirse."
Feature.Chat.Description.ExpressiveChatLearnMore,"Las funciones del Chat expresivo incluyen Chat sin filtros y Voz de Equipo.

El acceso al Chat expresivo está limitado hasta que todos los miembros cumplan los requisitos y tu chat se actualice."
Feature.Chat.Description.InlineContextCardDescription,Ten cuidado al chatear con desconocidos. No compartas información personal ni cambies a otra app de chat. Puedes bloquear o denunciar a cualquier persona desde su perfil.
Feature.Chat.Description.NameGroup,Ponle nombre a tu grupo
Feature.Chat.Description.NameGroupChat,
Feature.Chat.Description.OSAContextCardDescription,Tu seguridad importa. ¿No te sientes a gusto? Puedes bloquear o denunciar a esta persona en cualquier momento desde su perfil.
Feature.Chat.Description.OSAGroupDescriptionWithLinker,Tu seguridad es importante. Puedes bloquear o denunciar a una persona en cualquier momento desde su perfil. <a href='{osaViewDetailsUrl}'>Ver detalles.</a>
Feature.Chat.Description.SnoozeDescription,Puedes desactivar la función de Posponer en el menú de la experiencia
Feature.Chat.Drawer.Join,
Feature.Chat.Drawer.PinGame,Anclar
Feature.Chat.Drawer.PlayGame,Unirse a la experiencia
Feature.Chat.Drawer.ViewDetails,
Feature.Chat.Heading.ChatWithConnections,Chatea con tus conexiones
Feature.Chat.Heading.ChatWithFriends,Chatear con amigos
Feature.Chat.Heading.CreateUnfilteredChatDialog,¿Crear un nuevo grupo con funciones de chat ampliadas?
Feature.Chat.Heading.ExpressiveChat,Chat expresivo
Feature.Chat.Heading.FailedToLeaveGroup,Error al salir del grupo
Feature.Chat.Heading.FailedToRemoveUser,Error al eliminar usuario
Feature.Chat.Heading.FirstConversationWith,Primera conversación con {displayName}
Feature.Chat.Heading.FirstConversationWithThisUser,Primera conversación con esta persona
Feature.Chat.Heading.FirstInteractionWith,Primera interacción con {displayName}
Feature.Chat.Heading.FirstInteractionWithThisPerson,Primera interacción con esta persona
Feature.Chat.Heading.LeaveGroup,Salir del grupo
Feature.Chat.Heading.PartyWithConnections,Forma un equipo con tus conexiones
Feature.Chat.Heading.PartyWithFriends,Formar equipo con amigos
Feature.Chat.Heading.SafeChattingWithThisUser,Ten cuidado al chatear con esta persona
Feature.Chat.Heading.SafeChattingWithUsername,Ten cuidado al chatear con {displayName}
Feature.Chat.Heading.ShareGameToChat,Comparte experiencias en el chat
Feature.Chat.Heading.UserInvitedYouToJoin,{combinedName} te invitó a unirte
Feature.Chat.Heading.UserInvitedYouToJoinAGroup,{combinedName} te invitó a unirte a un grupo
Feature.Chat.Heading.YouWereInvitedToGroup,Te invitaron a unirte al grupo
Feature.Chat.Label.AddConnections,
Feature.Chat.Label.AddFriends,
Feature.Chat.Label.Available,Disponible
Feature.Chat.Label.Blocked,Bloqueada
Feature.Chat.Label.ByBuilder,De {USERNAME}
Feature.Chat.Label.ChatDetails,Detalles del chat
Feature.Chat.Label.ChatDisabled,Chat desactivado
Feature.Chat.Label.ChatGroupName,Nombre del grupo de chat
Feature.Chat.Label.ChatInputPlaceholder,Di algo
Feature.Chat.Label.ContentLoadingFailed,No pudimos cargar este contenido
Feature.Chat.Label.CreateUnfilteredChat,Crear grupo con funciones de chat ampliadas
Feature.Chat.Label.Details,
Feature.Chat.Label.ExpandedChatFeatures,Funciones de chat expresivas
Feature.Chat.Label.General,General
Feature.Chat.Label.Group.ThemRepliedToOther,{DISPLAY_NAME_1} respondió a {DISPLAY_NAME_2}
Feature.Chat.Label.Group.ThemRepliedToThem,{DISPLAY_NAME} respondió a sí mismo(a)
Feature.Chat.Label.Group.ThemRepliedToYou,{DISPLAY_NAME} te respondió
Feature.Chat.Label.Group.YouRepliedToThem,Respondiste a {DISPLAY_NAME}
Feature.Chat.Label.GroupName,Nombre del grupo
Feature.Chat.Label.HoverToReplyTooltip,Pasa el cursor para responder
Feature.Chat.Label.Loading,
Feature.Chat.Label.LongPressToReplyTooltip,Mantén presionado para responder
Feature.Chat.Label.Members,Miembros
Feature.Chat.Label.MessageNotAvailable,Este mensaje no está disponible
Feature.Chat.Label.MuteInGameChatToastNotifications,Silenciar las notificaciones de chat en el juego
Feature.Chat.Label.MuteInGamePartyToastNotifications,Silenciar las notificaciones de grupo en el juego
Feature.Chat.Label.New,
Feature.Chat.Label.NoChatFound,No se encontraron chats
Feature.Chat.Label.NoDescriptionYet,Aún sin descripción.
Feature.Chat.Label.NotImplementedMessageType,No se puede mostrar este mensaje.
Feature.Chat.Label.NotSet,Sin conf.
Feature.Chat.Label.OneToOne.ThemRepliedToThem,Respondió a sí mismos(as)
Feature.Chat.Label.OneToOne.ThemRepliedToYou,Te respondió
Feature.Chat.Label.OneToOne.YouRepliedToThem,Respondiste
Feature.Chat.Label.Pending,
Feature.Chat.Label.PrivacySettings,Configuración de privacidad
Feature.Chat.Label.ReplyChatInputPlaceholder,Responder a {DISPLAY_NAME}
Feature.Chat.Label.ReplyToYourselfChatInputPlaceholder,Respondiéndote a ti mismo(a)
Feature.Chat.Label.ReplyingToOthers,{DISPLAY_NAME} dijo...
Feature.Chat.Label.ReplyingToYourself,Tú dijiste...
Feature.Chat.Label.SearchConnections,Buscar conexiones
Feature.Chat.Label.SearchForFriendsAndChat,Buscar conversaciones
Feature.Chat.Label.SearchFriends,Buscar amigos
Feature.Chat.Label.SearchWord,
Feature.Chat.Label.Sent,Enviado
Feature.Chat.Label.SnoozeChatNotifications,Silenciar notificaciones de chat en la experiencia:
Feature.Chat.Label.SnoozePartyNotifications,Silenciar notificaciones de Equipo en la experiencia para
Feature.Chat.Label.SwipeToReplyTooltip,Desliza para responder
Feature.Chat.Label.TimestampDaysAbbreviatedPlural,{num_days} d
Feature.Chat.Label.TimestampHoursAbbreviatedPlural,{num_hours} h
Feature.Chat.Label.TimestampMinutesAbbreviatedPlural,{num_minutes} min
Feature.Chat.Label.TimestampNow,Ahora
Feature.Chat.Label.TimestampOneDayAbbreviated,1 d
Feature.Chat.Label.TimestampOneHourAbbreviated,1 h
Feature.Chat.Label.TimestampOneMinuteAbbreviated,1 min
Feature.Chat.Label.TimestampOneWeekAbbreviated,1 sem.
Feature.Chat.Label.TimestampWeeksAbbreviatedPlural,{num_weeks} sems.
Feature.Chat.Label.Unavailable,
Feature.Chat.Label.UnfilteredChat,Chat sin filtros
Feature.Chat.Label.UnknownUser,usuario desconocido
Feature.Chat.Label.User,
Feature.Chat.Label.ViewProfile,Ver perfil
Feature.Chat.Label.YouRepliedToYou,Te respondiste a ti mismo(a)
Feature.Chat.Message.AddConnectionsLimit,Puedes añadir hasta {connectionsNum} conexiones en un grupo de chat.
Feature.Chat.Message.AddConnectionsPartyLimit,Puedes añadir hasta {connectionsNum} conexiones para formar un equipo.
Feature.Chat.Message.AddConnectionsPartyLimitSingular,Solo puedes formar un equipo con 1 conexión debido a tu configuración de privacidad.
Feature.Chat.Message.AddFriendsLimit,Puedes tener hasta {connectionsNum} amigos en un grupo de chat.
Feature.Chat.Message.AddFriendsPartyLimit,Puedes agregar hasta {connectionsNum} amigos al Equipo.
Feature.Chat.Message.AddFriendsPartyLimitSingular,Solo puedes formar equipo con 1 amigo debido a tu configuración de privacidad.
Feature.Chat.Message.CannotBeDisplayedThirdPerson,{displayName} envió un mensaje que no se puede mostrar
Feature.Chat.Message.ChatIsDisabledByPrivacySetting,El chat está desactivado. Puedes activarlo en tu configuración de privacidad.
Feature.Chat.Message.ChatUnavailableRegion,En este momento el chat no está disponible en tu región.
Feature.Chat.Message.ChatUnavailableWithUser,"En este momento, el chat no está disponible para este usuario."
Feature.Chat.Message.Default,No todos los miembros del chat pueden ver tu mensaje.
Feature.Chat.Message.EnableChat,"Para chatear con tus conexiones, activa el chat en Configuración de privacidad."
Feature.Chat.Message.EnableChat.FriendsRename,"Para chatear con tus amigos, activa el chat en la configuración de privacidad."
Feature.Chat.Message.EnableParty,"Para formar un equipo con tus conexiones, activa Equipo en tu configuración de privacidad."
Feature.Chat.Message.EnableParty.FriendsRename,"Para formar Equipo con amigos, activa Equipo en Configuración de privacidad."
Feature.Chat.Message.FailedToLeaveGroup,No se te pudo eliminar de la conversación {CONVERSATION_TITLE}.
Feature.Chat.Message.FailedToLeaveGroup.V2,No se te pudo eliminar del grupo {CONVERSATION_TITLE}.
Feature.Chat.Message.FailedToRemoveUser,No se pudo eliminar al usuario {USERNAME} de la conversación {CONVERSATION_TITLE}.
Feature.Chat.Message.FailedToRemoveUser.V2,No se pudo eliminar al usuario {USERNAME} del grupo {CONVERSATION_TITLE}.
Feature.Chat.Message.FailedToRenameConversation,No se pudo cambiar el nombre de la conversación de {EXISTING_NAME} a {NEW_NAME}.
Feature.Chat.Message.FailedToRenameConversation.V2,No se pudo cambiar el nombre del grupo de {EXISTING_NAME} a {NEW_NAME}.
Feature.Chat.Message.GroupConnectionLimitSingular,Solo puedes añadir 1 conexión para chatear.
Feature.Chat.Message.GroupFriendLimitSingular,Solo puedes añadir 1 amigo con quien chatear.
Feature.Chat.Message.LeaveGroup,No podrás seguir chateando en este grupo.
Feature.Chat.Message.LeaveGroup.V2,¿Realmente quieres salir del grupo?
Feature.Chat.Message.MakeConnectionsToChat,Añade conexiones en Roblox y empieza a chatear juntos
Feature.Chat.Message.MakeConnectionsToParty,Añade conexiones para formar un Equipo juntos
Feature.Chat.Message.MakeFriendsToChat,Haz amistades en Roblox y empieza a chatear juntos
Feature.Chat.Message.MakeFriendsToParty,¡Haz amigos en Roblox para formar Equipo!
Feature.Chat.Message.MessageContentModerated,Tu mensaje ha sido moderado y no se ha enviado.
Feature.Chat.Message.MessageUnavailable,Mensaje no disponible
Feature.Chat.Message.OneUserTyping,{DISPLAY_NAME} está escribiendo...
Feature.Chat.Message.PartyUnavailableRegion,En este momento Equipo no está disponible en tu región.
Feature.Chat.Message.PartyUnavailableWithUser,En este momento Equipo no está disponible con este usuario.
Feature.Chat.Message.RemoveUser,¿Quieres eliminar a {USERNAME} del grupo de chat?
Feature.Chat.Message.RemoveUser.V2,¿Realmente quieres eliminar a {USERNAME} del grupo?
Feature.Chat.Message.RemovedFromConversation,Te eliminaron del grupo.
Feature.Chat.Message.SeveralUsersTyping,Varios usuarios están escribiendo...
Feature.Chat.Message.TurnOnChat,
Feature.Chat.Message.TurnOnParty,
Feature.Chat.Message.TwoUsersTyping,{DISPLAY_NAME_1} y {DISPLAY_NAME_2} están escribiendo...
Feature.Chat.PresetChat.Disclaimer,Quick Words permite a los jugadores de todas las edades coordinar el juego.
Feature.Chat.Response.ChatNameFullyModerated,Se ha moderado el nombre del grupo de chat.
Feature.Chat.Response.ChatNameFullyModerated.V2,Se moderó el nombre del grupo.
Feature.Chat.Response.Failed,Falla
Feature.Chat.Response.NetworkError,Error de red
Feature.Chat.Response.Sending,Enviando
Feature.Chat.RobloxConnectUnavailableWithUser,"En este momento, Roblox Connect no está disponible para este usuario."
Feature.Chat.ShareGameToChat.Favorites,
Feature.Chat.ShareGameToChat.FriendActivity,Actividad de amigos
Feature.Chat.ShareGameToChat.NoFavoriteGames,No hay favoritas
Feature.Chat.ShareGameToChat.NoFriendActivity,No tienes actividad de amigos
Feature.Chat.ShareGameToChat.NoPopularGames,No hay experiencias populares disponibles
Feature.Chat.ShareGameToChat.NoRecentGames,No hay recientes
Feature.Chat.ShareGameToChat.Popular,Populares
Feature.Chat.ShareGameToChat.Recent,Recientes
Feature.Chat.Text.NoConnections,"Aún no has añadido ninguna conexión. Para empezar, búscalas y añádelas en Roblox."
Feature.Chat.Text.NoFriends,"Aún no has añadido ningún amigo. Para empezar, encuentra y añade tus amigos en Roblox."
Feature.Chat.Title.MuteChatNotifications,Silenciar las notificaciones de chat de las amistades durante el juego
Feature.Chat.Title.NewChat,Nuevo chat
Feature.Chat.Toast.Error.InvalidUserSelected,Hay una o más personas en esta lista que no se pueden añadir
Feature.CommunityLinks.Description.CommunityDefault,Únete a la comunidad oficial de Guilded de {experienceName} para ver anuncios y más.
Feature.CommunityLinks.Heading.CommunityTitle,Únete a la comunidad
Feature.CommunityLinks.Label.ViewButton,
Feature.ContactMethodUpsell.Action.AddPhoneNumber,Añadir número de teléfono
Feature.ContactMethodUpsell.Action.Continue,
Feature.ContactMethodUpsell.Action.LearnMore,
Feature.ContactMethodUpsell.Action.SecureYourAccount,Protege tu cuenta
Feature.ContactMethodUpsell.Description.HomePageUpsellCardAddPhoneText,"Añade un número de teléfono para no perder el acceso a amigos, avatares y Robux."
Feature.ContactMethodUpsell.Label.AddEmail,
Feature.ContactMethodUpsell.Label.AddPhone,Añadir teléfono
Feature.ContactMethodUpsell.Label.PleaseAddEmail,Ingresa una dirección de correo electrónico para añadir tu cuenta.
Feature.ContactMethodUpsell.Label.RecoverYourAccount,Recupera fácilmente tu cuenta en caso de que pierdas la contraseña.
Feature.ContactMethodUpsell.Title.HomePageUpsellCardLockOutTitle,No pierdas el acceso a tu cuenta
Feature.ContactUpsell.Action.AddEmailInstead,Añadir correo electrónico en su lugar
Feature.ContactUpsell.Action.Continue,
Feature.ContactUpsell.Header.UnlockVoiceChat,Desbloquear Chat de voz
Feature.ContactUpsell.Heading.LetFriendsFindYou,Deja que tus amigos te encuentren
Feature.Contacts.Action.Invite,Invitar
Feature.Contacts.Action.Search,Buscar contactos
Feature.Contacts.Description.AddFromContactsDescription,"Agrega contactos para conectarte en Roblox. Si ambos usuarios tienen más de 13 años, se convertirán en Conexiones de confianza."
Feature.Contacts.Description.AddFromContactsTrustedFriends,"Añade contactos para conectarte en Roblox. Si ambos usuarios tienen más de 13 años, se convertirán en Amigos de confianza."
Feature.Contacts.Description.ContactsList,¿Con quién te gustaría explorar Roblox? Envía un enlace de invitación para hacer amistad en Roblox.
Feature.Contacts.Description.ContactsListDescription,"Para desbloquear más diversión, añade Conexiones o envía una solicitud de conexión a tus contactos."
Feature.Contacts.Description.ContactsMixedList,"¿Con quién te gustaría explorar Roblox? Añade amigos en Roblox, o envíales un enlace de solicitud de amistad."
Feature.Contacts.Description.ContactsProfileView,Tu contacto {contactName} está en Roblox. Podrás ver su perfil completo cuando entablen una amistad.
Feature.Contacts.FindFriendsBanner.Button,
Feature.Contacts.FindFriendsBanner.Description,Comprueba quienes de tus amigos están en Roblox añadiendo un número de teléfono.
Feature.Contacts.FindFriendsBanner.DescriptionPV,Los contactos que están en Roblox aparecerán aquí cuando estén disponibles.
Feature.Contacts.FindFriendsBanner.DescriptionV2,Ayúdanos a conectarte con tus amigos añadiendo un número de teléfono.
Feature.Contacts.Heading.HelpFriendsFindYou,Ayuda a tus amigos a encontrarte
Feature.Contacts.Heading.LetFriendsFindYou,
Feature.Contacts.Heading.SettingSaved,Configuración guardada.
Feature.Contacts.Label.DiscoverabilityOptIn,Recomiéndame a usuarios de Roblox basándote en mi número de teléfono.
Feature.Contacts.Label.FindContacts,
Feature.Contacts.Label.Invite,Invitar a Roblox
Feature.Contacts.Label.OnRoblox,En Roblox
Feature.Contacts.Message.AddFriends,
Feature.Contacts.Message.ContactDiscoverable,"Para ayudarte a hacer amigos, los usuarios de Roblox con tu número de teléfono en sus contactos podrán añadirte y ver tu nombre tal y como aparece en su dispositivo."
Feature.Contacts.Message.ContactsSyncWarning,Tus contactos se sincronizarán regularmente y se almacenarán las coincidencias con otros usuarios de Roblox para ayudarte a encontrar amigos. Administra esto en cualquier momento en la configuración del dispositivo.
Feature.Contacts.Message.InviteToRoblox,"Agrégame como amistad en Roblox para que podamos crear, compartir y explorar experiencias juntos."
Feature.Contacts.Message.NoResults,Sin resultados.
Feature.ContentFeed.Action.Delete,Eliminar publicación
Feature.ContentFeed.Action.Report,
Feature.ContentFeed.Body.PostsNotFound,Publicación no disponible
Feature.ContentFeed.Label.NotRated,Sin valoración
Feature.ContentFeed.Label.Rating,Valoración {rating}%
Feature.ContentFeed.Timestamp.DaysAgo,Hace {numDays} día(s)
Feature.ContentFeed.Timestamp.HoursAgo,Hace {numHours} h
Feature.ContentFeed.Timestamp.MinutesAgo,Hace {numMinutes} min
Feature.ContentFeed.Timestamp.Now,ahora
Feature.ContentFeed.Timestamp.WeeksAgo,Hace {numWeeks} semana(s)
Feature.DevSubs.Action.CancelSubscription,Cancelar suscripción
Feature.DevSubs.Action.RenewSubscription,Renovar suscripción
Feature.DevSubs.Label.ActiveSubscriptions,Suscripciones activas
Feature.DevSubs.Label.DiscontinueDate,Fecha de suspensión: {date}
Feature.DevSubs.Label.ExpirationDate,Fecha de vencimiento: {date}
Feature.DevSubs.Label.InactiveSubscriptions,Suscripciones inactivas
Feature.DevSubs.Label.RenewalDate,Fecha de renovación: {date}
Feature.DevSubs.Message.ConfirmCancellation,¿Quieres cancelar la suscripción?
Feature.DevSubs.UserManagement.MonthlyPrice,{robuxAmount} al mes
Feature.DeveloperProducts.Heading.Products,Productos
Feature.DeveloperProducts.Heading.Success,
Feature.DeveloperProducts.Message.BackToStore,Volver a Tienda
Feature.DeveloperProducts.Message.OK,
Feature.DeveloperProducts.Message.PurchaseSucceed,"Compraste ""{productName}"". Tu compra se canjeará después de unirte a la experiencia."
Feature.DisplayName.ErrorMessage.AgedUpNameContainPII,El nombre puede contener información privada
Feature.DisplayName.ErrorMessage.AgedUpNameHasChanged,Tu nombre ya cambió en los últimos 7 días
Feature.DisplayName.ErrorMessage.AgedUpNameInappropriate,El nombre es inadecuado para Roblox
Feature.DisplayName.ErrorMessage.AgedUpNameNotAvailable,El nombre no está disponible
Feature.DisplayName.ErrorMessage.AgedUpNameTooLong,El nombre debe tener 20 caracteres como máximo
Feature.DisplayName.ErrorMessage.AgedUpNameTooShort,El nombre debe tener al menos 3 caracteres
Feature.DisplayName.ErrorMessage.AgedUpNameUnsupportedChars,El nombre contiene caracteres no admitidos
Feature.DisplayName.ErrorMessage.NameContainPII,El nombre de visualización podría contener información privada
Feature.DisplayName.ErrorMessage.NameHasChanged,El nombre de visualización ya se cambió en los últimos 7 días
Feature.DisplayName.ErrorMessage.NameInappropriate,El nombre de visualización es inadecuado para Roblox
Feature.DisplayName.ErrorMessage.NameMoreThanOneCharacterKind,Los nombres no pueden tener más de un tipo de carácter
Feature.DisplayName.ErrorMessage.NameNotAvailable,Nombre de visualización no disponible
Feature.DisplayName.ErrorMessage.NameTooLong,El nombre de visualización debe tener un máximo de 20 caracteres
Feature.DisplayName.ErrorMessage.NameTooShort,El nombre de visualización debe tener al menos 3 caracteres
Feature.DisplayName.ErrorMessage.NameUnsupportedChars,El nombre de visualización contiene caracteres no compatibles
Feature.DisplayName.ErrorMessage.SomethingWentWrong,
Feature.DisplayName.Label.AgedUpNameField,
Feature.DisplayName.Label.ErrorsWithAgedUpDisplayName,Hay errores en el nombre.
Feature.DisplayName.Label.GeneratedUserName,Se sugiere este @nombredeusuario único en base a tu nombre y se puede editar. Lo usarás para iniciar sesión.
Feature.DisplayName.Label.MixedCharactersError,contiene solo un conjunto de caracteres
Feature.DisplayName.Label.ModeratedCheck,se moderó
Feature.DisplayName.Label.SignUpAgedUpDisplayName,Elige un nombre para tu perfil de Roblox
Feature.DisplayName.Label.ValidCharacters,contiene solo caracteres válidos
Feature.DisplayName.Label.ValidationFailed,Error desconocido. Inténtalo de nuevo o salta este paso para registrarte sin un nombre
Feature.Durables.BottomBar.BuyButton,
Feature.Durables.BottomBar.RentalDuration,Por {num} día
Feature.Durables.BottomBar.RentalDurationPlural,Por {num} días
Feature.Durables.BottomBar.Repurchase.ExpiredItemsPlural,{number} objetos vencidos
Feature.Durables.BottomBar.Repurchase.ExpiredItemsSingular,{number} objeto vencido
Feature.Durables.FTUX.Tooltip,Elige cuántos días quieres tener el objeto. El temporizador comienza después de la compra.
Feature.Durables.Filter.All,
Feature.Durables.Filter.TimedOptions,Solo opciones por tiempo
Feature.Durables.Filter.Title,
Feature.Durables.InfoModal.Description,Puedes elegir cuánto tiempo conservar un objeto. El ícono del reloj muestra las opciones basadas en el tiempo que ofrecen más flexibilidad a precios más bajos.
Feature.Durables.InfoModal.Title,Presentamos las opciones por tiempo
Feature.Durables.ItemDetails.BottomBar.BuyButton.Days,Comprar {num} días
Feature.Durables.ItemDetails.BottomBar.BuyButton.Permanent,Comprar permanente
Feature.Durables.ItemDetails.WearTimeOptions.Button.Infinite,Permanente
Feature.Durables.ItemDetails.WearTimeOptions.Button.XDay,{num} día
Feature.Durables.ItemDetails.WearTimeOptions.Button.XDays,{num} días
Feature.Durables.ItemDetails.WearTimeOptions.Title,Opciones
Feature.Durables.Label.ItemExpires,El objeto caduca
Feature.Durables.PartiallyExpiredItems.BodyText,Algunos objetos de este avatar guardado vencieron y fueron eliminados.
Feature.Durables.PartiallyExpiredItems.TitleText,Objetos vencidos
Feature.Durables.PurchaseModal.SuccessMessage,{itemName} se extendió por {number} días.
Feature.Durables.TimeRemaining.Days,{number} d
Feature.Durables.TimeRemaining.Hours,{number} h
Feature.Durables.TimeRemaining.Minutes,{number} min
Feature.Durables.UnifiedBuyModal.Subtitle.TimedOptionText,{days} días (comienza después de la compra)
Feature.DynamicUI.Translation.Reporting.IllegalContentEUBody,"Para denunciar contenido ilegal según lo estipulado por la Ley de Servicios Digitales de la UE, visita https://www.roblox.com/illegal-content-reporting"
Feature.EmptyStatePage.Message.NoInternet,Sin conexión a internet
Feature.EnhancedVideo.Label.Ad,
Feature.ExperienceDetails.Action.ExitFullScreen,Salir de la pantalla completa
Feature.ExperienceDetails.Action.FullScreen,Pantalla completa
Feature.ExperienceDetails.Action.Mute,Silenciar
Feature.ExperienceDetails.Action.Unmute,Dejar de silenciar
Feature.ExperienceDetails.AskYourParentModal.Action.AskNow,Pregunta ahora
Feature.ExperienceDetails.AskYourParentModal.Action.Cancel,
Feature.ExperienceDetails.AskYourParentModal.Label.Body,"Para unirte a esta experiencia, necesita el permiso parental."
Feature.ExperienceDetails.AskYourParentModal.Label.Title,
Feature.ExperienceDetails.AskYourParentToAllowGameModal.Label.Body,Necesitas permiso de tus padres para unirte a este juego.
Feature.ExperienceDetails.Body.DescriptionTitle,
Feature.ExperienceDetails.Body.NotesTitle,Notas
Feature.ExperienceDetails.Body.StatsInfoTitle,Estadísticas e información
Feature.ExperienceDetails.Description.MadeWithBuild,Los juegos de Build son generados por IA
Feature.ExperienceDetails.Label.MadeByCreator,Creado por {creatorName}
Feature.ExperienceDetails.Label.MadeByCreatorWithBuild,Creado por {creatorName} con Build
Feature.ExperienceDetails.Label.NotPlayable,No jugable
Feature.ExperienceDetails.Notes.InExperiencePurchase,"Es posible que exista la opción de comprar objetos que podrán canjearse por otros o funciones con Robux (“tokens de la experiencia”). Estos tokens de la experiencia sirven exclusivamente para el disfrute dentro de la misma, no pueden utilizarse fuera de ella y no constituyen instrumentos de pago anticipado. La compra de tokens de la experiencia es definitiva y bajo ninguna circunstancia se realizarán reembolsos. Otros objetos y funciones que puedan canjearse por tokens de la experiencia podrán ser modificados según lo requiera el creador y a su discreción."
Feature.ExperienceDetails.PlayButtonMessage.AgreeToNotice,Estoy de acuerdo con las notas al jugar esta experiencia
Feature.ExperienceDetails.PlayButtonText.ActionNeeded,Únete
Feature.ExperienceDetails.PlayButtonText.Buy,
Feature.ExperienceDetails.PlayButtonText.Play,
Feature.ExperienceDetails.PlayButtonText.PlayDemo,Jugar la demo
Feature.ExperienceDetails.PlayButtonText.Unavailable,
Feature.ExperienceDetails.PlayButtonText.Unlock,Desbloquear
Feature.ExperienceDetails.RestrictedUnplayableModal.Action.Ok,
Feature.ExperienceDetails.RestrictedUnplayableModal.Label.Body,Solo los adultos de 18 años o mayores tienen acceso a experiencias restringidas.
Feature.ExperienceDetails.RestrictedUnplayableModal.Label.Title,Contenido restringido
Feature.ExperienceDetails.UnplayableError.AccountRestricted,Esta experiencia no es accesible debido a tu configuración de madurez de contenido
Feature.ExperienceDetails.UnplayableError.ComplianceBlocked,Esta experiencia no está disponible en este momento
Feature.ExperienceDetails.UnplayableError.ContextualPlayabilityAgeGated,Esta experiencia no es accesible debido a restricciones de edad
Feature.ExperienceDetails.UnplayableError.ContextualPlayabilityAgeGatedByDescriptor,
Feature.ExperienceDetails.UnplayableError.ContextualPlayabilityAgeRecommendationParentalControls,"Para unirte a esta experiencia, actualiza tu configuración de madurez de contenido."
Feature.ExperienceDetails.UnplayableError.ContextualPlayabilityExperienceBlockedParentalControls,"Tu padre o madre bloqueó esta experiencia. Para unirte, solicita permiso parental en Configuración."
Feature.ExperienceDetails.UnplayableError.ContextualPlayabilityRegionalAvailability,Esta experiencia no está disponible en tu región en este momento
Feature.ExperienceDetails.UnplayableError.ContextualPlayabilityRegionalCompliance,
Feature.ExperienceDetails.UnplayableError.ContextualPlayabilityUnrated,Esta experiencia no es accesible porque no está clasificada
Feature.ExperienceDetails.UnplayableError.DeviceRestrictedCustom,Esta experiencia no está disponible en {device}
Feature.ExperienceDetails.UnplayableError.DeviceRestrictedDefault,Esta experiencia no está disponible en tu dispositivo
Feature.ExperienceDetails.UnplayableError.FiatPurchaseDeviceRestricted,Esta experiencia no se puede comprar en este dispositivo
Feature.ExperienceDetails.UnplayableError.GameUnapproved,
Feature.ExperienceDetails.UnplayableError.IncorrectConfiguration,
Feature.ExperienceDetails.UnplayableError.InsufficientPermissionFriendsOnly,No tienes acceso a esta experiencia en este momento
Feature.ExperienceDetails.UnplayableError.InsufficientPermissionGroupOnly,
Feature.ExperienceDetails.UnplayableError.PlaceHasNoPublishedVersion,
Feature.ExperienceDetails.UnplayableError.TemporarilyUnavailable,
Feature.ExperienceDetails.UnplayableError.UnderReview,Se está revisando la experiencia
Feature.ExperienceDetails.UnplayableError.UniverseRootPlaceIsPrivate,Esta experiencia es privada
Feature.ExperienceDetails.UnplayableError.UnplayableOther,
Feature.ExperienceDetails.UpdateMaturitySettingModal.Action.Cancel,
Feature.ExperienceDetails.UpdateMaturitySettingModal.Action.GoToSettings,
Feature.ExperienceDetails.UpdateMaturitySettingModal.Console.Action.Ok,
Feature.ExperienceDetails.UpdateMaturitySettingModal.Console.Label.Body,"Para unirte a esta experiencia, actualiza tu configuración de madurez de contenido en la web o en un dispositivo complementario."
Feature.ExperienceDetails.UpdateMaturitySettingModal.Console.Label.Title,Contenido no accesible
Feature.ExperienceDetails.UpdateMaturitySettingModal.Label.Body,"Para acceder a esta experiencia, primero actualiza tu configuración de madurez de contenido."
Feature.ExperienceDetails.UpdateMaturitySettingModal.Label.Title,
Feature.FAE.Action.Continue,
Feature.FAE.Action.Unlock,
Feature.FAE.Action.UnlockChat,
Feature.FAE.CheckIfYouCanJoinGame,Veamos si puedes unirte a este juego.
Feature.FAE.Label.ChatWithFriends,Chatea con amistades
Feature.FAE.Label.DayLeft,
Feature.FAE.Label.DaysLeft,Quedan {daysLeft} días
Feature.FAE.Label.GetASecureAgeCheckToUnlockChatAndAddTrustedFriends,Completa una verificación de edad segura para desbloquear el chat y agregar amigos de confianza.
Feature.FAE.Label.LetsCheckYourAge,
Feature.FAE.Label.LetsCheckYourAgeSoYouCanUseChat,Vamos a comprobar tu edad para que puedas usar el chat
Feature.FAE.Label.ModalBodyInApp,"Tomar una selfie nos ayuda a identificar tu edad, y solo la utilizaremos para esta verificación de edad. Este es un paso clave en nuestros esfuerzos por hacer de Roblox un lugar más seguro para todos."
Feature.FAE.Label.ModalBodyInAppV3,Tómate una selfie. Solo la usaremos para estimar tu edad. Esto ayuda a hacer el chat más seguro para ti y para todos.
Feature.FAE.Label.ModalBodyTFUnlock,"Para añadir amigos de confianza, primero completa una verificación de edad."
Feature.FAE.Label.ThisAllowsYouToChatSafelyItOnlyTakesAMoment,Esto te permite chatear de forma segura. Solo toma un momento.
Feature.FAE.Label.ThisHelpsYouToChatSafelyItOnlyTakesAMoment,Esto te ayuda a chatear de forma segura. Solo toma un momento.
Feature.FAE.Label.ToKeepChattingLetsCheckYourAge,Vamos a verificar tu edad para que puedas seguir chateando.
Feature.FAE.Label.YouNeedAnAgeCheckToUseChatThisMakesChatSafer,Necesitas una verificación de edad para usar el chat. Esto hace el chat más seguro para ti y para todos.
Feature.FAE.Label.YoullSoonNeedAnAgeCheckToChat,Pronto necesitarás comprobar tu edad para usar el chat
Feature.FAE.Label.YourSafetyMattersLetsCheckYourAge,Tu seguridad importa. Vamos a comprobar tu edad
Feature.FaceChat.Subtitle.FeatureDisabled,La animación facial no está disponible temporalmente. Inténtalo de nuevo más tarde.
Feature.FaceChat.Subtitle.UnableToAccessCamera,"Para animar tu avatar usando la cámara, ve a Configuración del sistema operativo para permitir que Roblox use la cámara"
Feature.Favorites.Label.Favorite,Favorita
Feature.Favorites.Label.Favorited,
Feature.FlyoutSidePanel.Action.ContinuePlaying,Seguir jugando
Feature.FlyoutSidePanel.Label.TooltipBody,"Tu perfil, contenido y configuración se movieron a una nueva ubicación."
Feature.FlyoutSidePanel.Label.TooltipTitle,<b>{itemName}</b> se movió
Feature.Friends.Action.AcceptFriend,
Feature.Friends.Action.AccountDeleted,Cuenta eliminada
Feature.Friends.Action.Add,
Feature.Friends.Action.Block,
Feature.Friends.Action.Close,
Feature.Friends.Action.ConnectionAdded,Conexión añadida
Feature.Friends.Action.ConnectionRequestSent,Solicitud de conexión enviada
Feature.Friends.Action.EditProfile,Editar perfil
Feature.Friends.Action.FindFriends,
Feature.Friends.Action.FriendAdded,
Feature.Friends.Action.FriendRemoved,Amistad eliminada
Feature.Friends.Action.FriendRequestSent,Solicitud de amistad enviada
Feature.Friends.Action.GetStarted,Primeros pasos
Feature.Friends.Action.GoToAddFriends,Ir a Añadir amigos
Feature.Friends.Action.InviteFriends,Invita a contactos a hacer amistad en Roblox.
Feature.Friends.Action.InviteProviderFriends,Invitar a amigos de {provider}
Feature.Friends.Action.PendingRequest,Solicitud pendiente
Feature.Friends.Action.ShareQR,Compartir código QR
Feature.Friends.Action.ShowMore,
Feature.Friends.Action.Unblock,
Feature.Friends.Action.Unfriend,Cancelar amistad
Feature.Friends.Action.ViewMore,Ver más
Feature.Friends.Action.ViewPlatformProfile,Ver tarjeta del jugador
Feature.Friends.Button.AddViaLink,Agregar mediante enlace
Feature.Friends.Button.GotIt,
Feature.Friends.Description.ContactsModal,¡Tus contactos están en Roblox! Envíales una solicitud de amistad para ver sus avatares y perfiles completos. Ve a la página Añadir amigos para ver más personas que conoces.
Feature.Friends.Description.DoMoreWithTrustedConnections,Haz más en Roblox con conexiones de confianza. Solo agrega personas que conozcas y en las que confíes.
Feature.Friends.Description.DoMoreWithTrustedFriends,Haz más en Roblox con amigos de confianza. Solo agrega personas que conozcas y en las que confíes.
Feature.Friends.Description.FoundFromContactImporter,Enviado desde el importador de contactos
Feature.Friends.Description.FromContacts,De contactos
Feature.Friends.Description.FromContactsV2,{contactName} desde contactos
Feature.Friends.Description.FromQrCode,Desde el código QR
Feature.Friends.Description.NoMutualFriends,Sin amistades en común
Feature.Friends.Description.NotAFriend,No es amistad
Feature.Friends.Description.TrustedConnectionExpiredLink,Pídele a tu Conexión que envíe el enlace de nuevo. Haz clic en el enlace en un plazo de 30 días.
Feature.Friends.Description.TrustedConnectionsUnavailable,La función Conexiones de confianza aún no está disponible en tu región.
Feature.Friends.Description.TrustedFriendsExpiredLink,Pídele a tu amigo que te envíe el enlace de nuevo. Haz clic en el enlace en un plazo de 30 días.
Feature.Friends.Description.TrustedFriendsInvalidLink,Asegúrate de haber iniciado sesión con la cuenta correcta y vuelve a intentarlo.
Feature.Friends.Description.TrustedFriendsRequestModalBody,Solo añade personas que conozcas y en las que confíes. Puedes gestionar esta amistad en cualquier momento desde su perfil.
Feature.Friends.Description.TrustedFriendsUnavailable,La función Amigos de confianza aún no está disponible en tu región.
Feature.Friends.Description.YouCanDoMoreWithTrustedFriends,Puedes hacer más en Roblox con amigos de confianza. Gestiona esta amistad en cualquier momento desde su perfil.
Feature.Friends.Error.AlreadyFriendError,Este usuario ya es una amistad.
Feature.Friends.Error.DefaultFriendingError,No se puede enviar la solicitud de amistad. Inténtalo de nuevo más tarde.
Feature.Friends.Error.InvalidNicknameError,Este usuario tiene un apodo no válido.
Feature.Friends.Error.InvalidTargetUserError,Este usuario no es válido o no existe.
Feature.Friends.Error.MaxFriendsError,Llegaste al número máximo de amistades.
Feature.Friends.Error.ParentalControlUnblockError,Tu padre o madre bloqueó a este usuario. Pídeles que desbloqueen a este usuario en Configuración.
Feature.Friends.Error.TargetAlreadyBlockedError,Este usuario ya está bloqueado.
Feature.Friends.Error.UnauthorizedError,No tienes autorización para realizar esta operación.
Feature.Friends.Error.UnblockTargetBlockedOnPlatform,Este usuario está bloqueado en otra plataforma.
Feature.Friends.Error.UnblockTargetNotBlockedError,Este usuario no está bloqueado. ¡Todo está en orden!
Feature.Friends.Error.UserBannedError,Tienes prohibido realizar esta operación.
Feature.Friends.Error.UserBlockedError,Estás bloqueado para realizar esta operación.
Feature.Friends.Error.UserNotPassedCaptcha,No has superado el captcha.
Feature.Friends.Feature.Friends.Heading.AddFriends,
Feature.Friends.FriendingTooltipBody,Algunas solicitudes de amistad pueden provenir de usuarios que te encuentran por tu número de teléfono. Asegúrate de conocer a esas personas antes de hacerse amigos.
Feature.Friends.Heading.Activities,Actividades
Feature.Friends.Heading.FilterBy,Filtrar por
Feature.Friends.Heading.Friends,
Feature.Friends.Heading.MyConnections,Mis amistades
Feature.Friends.Label.AddConnectionVPC,"Para agregar esta conexión de confianza, necesitas permiso parental."
Feature.Friends.Label.AddConnectionsHint,Las conexiones hacen que Roblox sea más divertido.
Feature.Friends.Label.AddConnectionsHintBody,Añade a personas que ya conoces o descubre nuevas conexiones
Feature.Friends.Label.AddFriendVPC,"Para añadir a este amigo de confianza, necesitas permiso parental."
Feature.Friends.Label.All,
Feature.Friends.Label.AllowContactsAccess,Permite el acceso a tus contactos para conectar con amigos en Roblox.
Feature.Friends.Label.Ask,Pedir permiso
Feature.Friends.Label.AskYourParent,"Pregunta a tu padre, madre o tutor"
Feature.Friends.Label.Cancel,
Feature.Friends.Label.ConnectWithFriends,Conectar con amigos
Feature.Friends.Label.ConnectedNumDays,Conectados hace {num} días
Feature.Friends.Label.ConnectedNumMonths,Amistades por {num} meses
Feature.Friends.Label.ConnectedNumYears,Conectados hace {num} años
Feature.Friends.Label.ConnectedOneDay,Amistades por 1 día
Feature.Friends.Label.ConnectedOneMonth,Amistades por 1 mes
Feature.Friends.Label.ConnectedOneYear,Amistades por 1 año
Feature.Friends.Label.ConnectionOwns,1 conexión lo posee
Feature.Friends.Label.ConnectionRecentlyPlayed,<b>1 Conexión</b> lo jugó recientemente
Feature.Friends.Label.ConnectionRemoved,Conexión eliminada
Feature.Friends.Label.ConnectionRequest,Solicitud de conexión
Feature.Friends.Label.ConnectionsCount,Conexiones ({connectionCount})
Feature.Friends.Label.ConnectionsOwn,{numberOfConnections} conexiones lo poseen
Feature.Friends.Label.ConnectionsPlayed,Conexiones que lo han jugado: {numberOfConnections}
Feature.Friends.Label.ConnectionsRecentlyPlayed,<b>{numberOfConnections} Conexiones</b> lo jugaron recientemente
Feature.Friends.Label.ContactsCaption,Roblox sincroniza regularmente tus contactos para ayudarte a ti y a tus amistades a encontrarse en Roblox. Roblox sincronizará regularmente tus contactos y almacenará con qué usuarios coincides. Puedes cambiar esta función en cualquier momento en Configuración de la cuenta.
Feature.Friends.Label.FAEEligibleBanner.Body,
Feature.Friends.Label.FewestInteractions,Menor número de interacciones
Feature.Friends.Label.FindFriendsHintBody,Conecta con personas que ya conoces o encuentra nuevas.
Feature.Friends.Label.Followed,Siguiendo
Feature.Friends.Label.Follower,Seguidor(a)
Feature.Friends.Label.Followers,Seguidores
Feature.Friends.Label.Following,
Feature.Friends.Label.FollowsYou,Te sigue
Feature.Friends.Label.Frequent,Jugado juntos
Feature.Friends.Label.Friend,Amigo(a)
Feature.Friends.Label.FriendInvite,Te invitó a hacer amistad en Roblox
Feature.Friends.Label.FriendOwns,1 amigo lo tiene
Feature.Friends.Label.FriendRecentlyPlayed,<b>1 amigo lo jugó</b> recientemente
Feature.Friends.Label.FriendRequest,Solicitud de amistad
Feature.Friends.Label.FriendingTooltip,Consejos para hacer amigos
Feature.Friends.Label.Friends,
Feature.Friends.Label.FriendsAreNowConnections,¡Amigos ahora es Conexiones!
Feature.Friends.Label.FriendsHintBold,¡Juguemos!
Feature.Friends.Label.FriendsHintPlain,Empieza por agregar una amistad.
Feature.Friends.Label.FriendsOwn,{numberOfConnections} amigos lo tienen
Feature.Friends.Label.FriendsPlayed,{numberOfConnections} lo han jugado
Feature.Friends.Label.FriendsRecentlyPlayed,<b>{numberOfConnections} amigos</b> lo jugaron recientemente
Feature.Friends.Label.InGame,
Feature.Friends.Label.IntroducingConnections,Presentamos las Conexiones
Feature.Friends.Label.JoinedInYear,Se unió en {year}
Feature.Friends.Label.ManageFriendsList,Gestiona tu lista de amigos
Feature.Friends.Label.ManageFriendsListCaption,Revisa las amistades con las que has interactuado el menor número de veces para mantener actualizada tu lista de amigos.
Feature.Friends.Label.MultipleMutuals,{numConnections} conexiones en común
Feature.Friends.Label.MutualConnection,1 conexión en común
Feature.Friends.Label.MutualConnectionTitle,1 conexión mutua
Feature.Friends.Label.MutualConnections,
Feature.Friends.Label.MutualConnectionsTitle,{numConnections} conexiones mutuas
Feature.Friends.Label.MutualFriendTitle,1 amistad en común
Feature.Friends.Label.MutualFriends,Amigos en común
Feature.Friends.Label.MutualFriendsTitle,{numConnections} amigos en común
Feature.Friends.Label.MyProfile,Mi perfil
Feature.Friends.Label.NewConnection,Nueva conexión
Feature.Friends.Label.NewFriend,Amigo nuevo
Feature.Friends.Label.NewFriendRequestsMax,{maxRequestsCount}+
Feature.Friends.Label.NoFriendsYet,{name} aún no tiene amistades.
Feature.Friends.Label.NowTrusted,{username} ahora es una amistad de confianza
Feature.Friends.Label.OneMutual,
Feature.Friends.Label.PYMK,Personas que quizás conozcas
Feature.Friends.Label.Pending,
Feature.Friends.Label.PlayedByUser,Jugado por <b>{name}</b>
Feature.Friends.Label.PlayedByUserAndOneOther,Jugado por <b>{name}</b> y <b>otra Conexión</b>
Feature.Friends.Label.PlayedByUserAndOneOther.FriendsRename,Jugado por <b>{name}</b> y <b>otro amigo</b>
Feature.Friends.Label.PlayedByUserAndOthers,Jugado por <b>{name}</b> y <b>otras {numOfOthers} Conexiones</b>
Feature.Friends.Label.PlayedByUserAndOthers.FriendsRename,Jugado por <b>{name}</b> y <b>otros {numOfOthers} amigos</b>
Feature.Friends.Label.RenameInfoText,"Los amigos en Roblox se llaman ahora Conexiones. Añade a gente que conoces como Conexión para ver fácilmente quién está conectado, formar un Equipo y jugar juntos. <br><br><br><br>A partir de ahora, los usuarios de 13 años o más que cumplan los requisitos de edad pueden desbloquear funciones de chat expresivas con conexiones elegibles. Mantente al tanto porque pronto se lanzarán aún más funciones."
Feature.Friends.Label.Request,Solicitud
Feature.Friends.Label.SearchFriends,
Feature.Friends.Label.SearchPeople,
Feature.Friends.Label.SentFromWithContext,Enviada desde {gameName}
Feature.Friends.Label.SingularMutualFriend,amistad mutua
Feature.Friends.Label.Suggested,Sugeridas
Feature.Friends.Label.Unfollowed,Dejaste de seguir
Feature.Friends.Label.UnlockVoice,Desbloquear voz
Feature.Friends.Label.YouAreFollowing,Estás siguiendo
Feature.Friends.Label.YourLinkedParent,"Tu padre, madre o tutor vinculado"
Feature.Friends.LinkText.LearnMore,
Feature.Friends.Message.DiscoverableSettings,¿Quieres que te recomendemos a otros usuarios de Roblox que tienen tu número de teléfono?
Feature.Friends.Message.EmptyState,"Cuando tus contactos estén disponibles, podrás encontrarlos en Añadir amigos."
Feature.Friends.Message.FloodLimitExceededError,Estás llevando a cabo esta acción demasiado a menudo. Espera un minuto e inténtalo de nuevo.
Feature.Friends.Message.FriendAdded,
Feature.Friends.Message.NameFromContacts,"Al usar Roblox, los usuarios con tu número de teléfono podrán ver tu nombre tal y como se guarda en sus dispositivos."
Feature.Friends.Message.RevokedContacts,"Para usar esta función, ve a Roblox en Configuración de la aplicación de tu dispositivo y activa los contactos."
Feature.Friends.Message.UploadContactsFailure,Error al cargar el contenido. Inténtalo de nuevo más tarde desde la página Añadir amigos.
Feature.Friends.Message.ViewAndConnectHint,Ver solicitudes de conexión y añadir personas que ya conoces
Feature.Friends.Message.ViewAndConnectTooltip,Revisa las solicitudes de amistad y conecta con los amigos que ya conoces.
Feature.Friends.Mutual,Mutua
Feature.Friends.Mutuals,Mutuas
Feature.Friends.OneMutualConnection,es una conexión en común
Feature.Friends.OneMutualFriend,es una amistad en común
Feature.Friends.OneOtherMutualConnection,otra conexión en común
Feature.Friends.OneOtherMutualFriend,otra amistad en común
Feature.Friends.PluralMutualConnections,son conexiones en común
Feature.Friends.PluralMutualFriends,son amistades en común
Feature.Friends.PluralOtherMutualConnections,otras conexiones en común
Feature.Friends.PluralOtherMutualFriends,otras amistades en común
Feature.Friends.Subtitle.ConnectionsEducation,"Es más fácil jugar y chatear con tus conexiones. Puedes eliminar la conexión, bloquearla o reportarla en cualquier momento."
Feature.Friends.Subtitle.FriendsEducation,"It’s easier to play and chat with friends. You can unfriend, block, or report at any time."
Feature.Friends.TCEducation.Banner.Text,"Añade conexiones de confianza por código QR o desde Contactos para desbloquear Chat sin filtros, Voz de Equipo y más."
Feature.Friends.TCEducation.Modal.TextIntro,"Roblox es más divertido con las personas que conoces. Los usuarios con edad verificada que añadas a través del código QR o Contactos se convertirán en Conexiones de confianza, desbloqueando beneficios adicionales, como:"
Feature.Friends.TCEducation.Modal.TextIntro.EighteenPlus,"Como usuario de 18 años o mayor comprobado, puedes hacer más con las conexiones con edad comprobada 18+ y tus Conexiones de confianza."
Feature.Friends.TCEducation.Modal.TextOutro,Pronto estarán disponibles nuevas formas de añadir a otras personas como Conexiones de confianza. Controla quién puede contactarte gestionando tus conexiones.
Feature.Friends.TCEducation.Modal.TextOutro.EighteenPlus,"Cuando añadas a otro usuario cuya edad haya sido comprobada mediante un código QR o Contactos, este se convertirá en una Conexión de confianza. Próximamente habrá más opciones disponibles."
Feature.Friends.TCEducation.Title,Añade a gente que conoces
Feature.Friends.TCFeature.AndMore,y más por venir
Feature.Friends.TCFeature.ChatWithoutFilters,
Feature.Friends.TCFeature.PartyVoice,Voz de Equipo
Feature.Friends.TFEducation.Banner.Text,"Agrega amigos de confianza por código QR o desde Contactos para desbloquear Chat sin filtros, Voz de equipo, y más."
Feature.Friends.TFEducation.Modal.TextIntro,"Roblox es más divertido con las personas que conoces. Los usuarios con edad verificada que agregues a través del código QR o Contactos se convertirán en amigos de confianza, y desbloquearás beneficios adicionales, como:"
Feature.Friends.TFEducation.Modal.TextIntro.EighteenPlus,"Como usuario de 18 años o más con edad verificada, puedes hacer más cosas con amigos de 18 años o más con edad verificada y con tus amigos de confianza."
Feature.Friends.TFEducation.Modal.TextOutro,Pronto podrás agregar amigos de confianza de nuevas formas. Gestiona tu lista de amigos para controlar quién puede contactarte.
Feature.Friends.TFEducation.Modal.TextOutro.EighteenPlus,"Cuando añadas a otro usuario cuya edad haya sido verificada mediante un código QR o Contactos, este se convertirá en un amigo de confianza. Próximamente habrá más opciones disponibles."
Feature.Friends.Text.IsPlaying,está jugando
Feature.Friends.Text.NoConnections,"Aún no has añadido ninguna conexión. Para empezar, busca y añade conexiones."
Feature.Friends.Text.NoFriends,"Aún no has añadido ninguna amistad. Para empezar, encuentra y añade tus amigos en Roblox."
Feature.Friends.Title.TrustedFriendsExpiredLink,El enlace venció
Feature.Friends.Title.TrustedFriendsInvalidLink,El enlace no es válido
Feature.Friends.TrustedConnection.AcceptTrustedRequest,Aceptar conexión de confianza
Feature.Friends.TrustedConnection.Action.RemoveTrustedConnection,Eliminar conexión de confianza
Feature.Friends.TrustedConnection.Label.AddTrustedConnection,Añadir Conexión de confianza
Feature.Friends.TrustedConnection.Label.Trusted,Confiable
Feature.Friends.TrustedConnection.Toast.TrustedConnectionRemoved,Conexión de confianza eliminada
Feature.Friends.TrustedFriend.AcceptTrustedRequest,Aceptar como amistad de confianza
Feature.Friends.TrustedFriend.Action.RemoveTrustedFriend,Eliminar de amistad de confianza
Feature.Friends.TrustedFriend.AddBack.Header,Solicitud de amigo de confianza
Feature.Friends.TrustedFriend.Info.Modal.Header,Nuevo amigo de confianza
Feature.Friends.TrustedFriend.Label.AddTrustedFriend,Agregar como amistad de confianza
Feature.Friends.TrustedFriend.Label.AddTrustedFriends,Añadir amigos de confianza
Feature.Friends.TrustedFriend.Label.AddTrustedFriendsAltCapitalization,
Feature.Friends.TrustedFriend.Toast.IsATrustedFriendNow,{name} ahora es una amistad de confianza
Feature.Friends.TrustedFriend.Toast.TrustedFriendRemoved,Amistad de confianza eliminada
Feature.Friends.TrustedFriend.Toast.TrustedFriendRequestSent,Solicitud para ser amistad de confianza enviada
Feature.FriendsActivityFeed.Label.ScreenTitleNoUsername,Actividad reciente
Feature.FriendsActivityFeed.Label.ScreenTitleWithUsername,Actividad reciente de {username}
Feature.FriendsActivityFeed.Label.ViewRecentActivity,Ver Actividad reciente
Feature.FriendsActivityFeed.Timestamp.DaysAbbreviatedPlural,
Feature.FriendsActivityFeed.Timestamp.HoursAbbreviatedPlural,{num_hours} h
Feature.FriendsActivityFeed.Timestamp.MinutesAbbreviatedPlural,
Feature.FriendsActivityFeed.Timestamp.Now,
Feature.FriendsActivityFeed.Timestamp.OneDayAbbreviated,
Feature.FriendsActivityFeed.Timestamp.OneHourAbbreviated,
Feature.FriendsActivityFeed.Timestamp.OneMinuteAbbreviated,
Feature.FriendsActivityFeed.Timestamp.OneWeekAbbreviated,
Feature.FriendsActivityFeed.Timestamp.WeeksAbbreviatedPlural,{num_weeks} sem
Feature.FriendsMenu.Label.SearchForConnections,
Feature.FriendsMenu.Label.SelectedConnectionsCount,{numerator}/{denominator} conexiones seleccionadas
Feature.FriendsMenu.Label.SelectedConnectionsCountNoLimit,{selectedCount} conexiones seleccionadas
Feature.FriendsMenu.Label.SelectedFriendsCount,{numerator}/{denominator} amigos seleccionados
Feature.FriendsMenu.Label.SelectedFriendsCountNoLimit,{selectedCount} amigos seleccionados
Feature.GameDetails.Action.BuyRobux,
Feature.GameDetails.Action.Continue,
Feature.GameDetails.Action.CopyLink,
Feature.GameDetails.Action.CreatePrivateGame,Crear servidor privado
Feature.GameDetails.Action.GameDetails,
Feature.GameDetails.Action.GiveFeedback,Envía tus comentarios
Feature.GameDetails.Action.InviteFriends,Invitar amigos
Feature.GameDetails.Action.JoinFriendsInGame,Unirse a amigos
Feature.GameDetails.Action.NotInterested,No me interesa
Feature.GameDetails.Action.PauseVideo,Pausar video
Feature.GameDetails.Action.PlayVideo,Reproducir video
Feature.GameDetails.Action.Refund,Solicitar reembolso
Feature.GameDetails.Action.Report,
Feature.GameDetails.Action.ReportAd,Reportar anuncio
Feature.GameDetails.Action.Undo,Deshacer
Feature.GameDetails.Action.Unlock,
Feature.GameDetails.Action.WhyThisAd,¿Por qué veo este anuncio?
Feature.GameDetails.Heading.FeaturedSongs,Las mejores pistas en {experienceName}
Feature.GameDetails.Heading.Media,Medios
Feature.GameDetails.Heading.PurchaseGame,Desbloquea esta experiencia
Feature.GameDetails.Heading.Recommended,Recomendadas
Feature.GameDetails.Label.Age,
Feature.GameDetails.Label.By,
Feature.GameDetails.Label.Camera,Cámara
Feature.GameDetails.Label.ChatFeatures,Funciones de chat
Feature.GameDetails.Label.Community,Comunidad
Feature.GameDetails.Label.ContainsStrongLanguagePillWarning,Contiene lenguaje soez
Feature.GameDetails.Label.ContentMaturity,Maduridad del contenido
Feature.GameDetails.Label.Created,Creada
Feature.GameDetails.Label.Developer,Desarrollador
Feature.GameDetails.Label.DontLikeGame,No me gusta este juego
Feature.GameDetails.Label.DontLikeImage,No me gusta esta imagen
Feature.GameDetails.Label.Follow,Seguir
Feature.GameDetails.Label.FriendsSeparator,", "
Feature.GameDetails.Label.Genre,Género
Feature.GameDetails.Label.GenreAdventure,Aventura
Feature.GameDetails.Label.GenreAll,
Feature.GameDetails.Label.GenreBuilding,Construcción
Feature.GameDetails.Label.GenreComedy,Comedia
Feature.GameDetails.Label.GenreFPS,FPS
Feature.GameDetails.Label.GenreFighting,Lucha
Feature.GameDetails.Label.GenreInProgress,"Actualmente, se muestra el género asignado por Roblox a esta experiencia. Te mantendremos al tanto de cómo diseñamos un sistema de géneros mejorado."
Feature.GameDetails.Label.GenreMedieval,Medieval
Feature.GameDetails.Label.GenreMilitary,Militar
Feature.GameDetails.Label.GenreNaval,Naval
Feature.GameDetails.Label.GenreRPG,RPG
Feature.GameDetails.Label.GenreSciFi,Ciencia-ficción
Feature.GameDetails.Label.GenreUnderConstruction,Los géneros de experiencia están actualmente en construcción y no están disponibles por ahora. Regresa aquí a medida que diseñamos un sistema de géneros mejorado.
Feature.GameDetails.Label.GenreWestern,Western
Feature.GameDetails.Label.Group,
Feature.GameDetails.Label.InappropriateContent,Contenido inapropiado
Feature.GameDetails.Label.LabelGenreHorror,Terror
Feature.GameDetails.Label.LabelGenreSports,Deporte
Feature.GameDetails.Label.LabelGenreTownAndCity,Pueblo y ciudad
Feature.GameDetails.Label.LearnMore,
Feature.GameDetails.Label.LowercaseNumberPlaying,{numActivePlayers} activo
Feature.GameDetails.Label.Maturity,Madurez
Feature.GameDetails.Label.MaxPlayers,Tamaño del servidor
Feature.GameDetails.Label.Microphone,Micrófono
Feature.GameDetails.Label.NineAndOver,Edad 9+
Feature.GameDetails.Label.No,
Feature.GameDetails.Label.None,Ninguna
Feature.GameDetails.Label.NotSupported,No compatible
Feature.GameDetails.Label.PassesAndGear,Pases y equipamiento
Feature.GameDetails.Label.Playing,Activos
Feature.GameDetails.Label.ProvideFeedbackTitle,Enviar comentarios
Feature.GameDetails.Label.Rating,Clasificación
Feature.GameDetails.Label.ReportAbuse,Denunciar abuso
Feature.GameDetails.Label.Servers,Servidores
Feature.GameDetails.Label.SomethingElse,Otra cosa
Feature.GameDetails.Label.Store,
Feature.GameDetails.Label.Subgenre,Subgénero
Feature.GameDetails.Label.Supported,Compatible
Feature.GameDetails.Label.TellUsMorePlaceholder,Cuéntanos más
Feature.GameDetails.Label.TooRepetitive,Muy repetitiva
Feature.GameDetails.Label.Unavailable,
Feature.GameDetails.Label.Updated,Actualizada
Feature.GameDetails.Label.Upvoted,Votada positivamente
Feature.GameDetails.Label.Visits,
Feature.GameDetails.Label.VoiceChat,
Feature.GameDetails.Label.VoiceEnabled,Voz activada
Feature.GameDetails.Label.Votes,{votes} votos
Feature.GameDetails.Label.WhyThisAd,
Feature.GameDetails.Label.Yes,
Feature.GameDetails.Message.AdPreferences,Preferencias de anuncios
Feature.GameDetails.Message.AnonymousFeedbackTermsOfUse,Las respuestas se comparten de forma anónima y se tratan como Comentarios según los {underlineStart}Términos de uso de Roblox{underlineEnd}.
Feature.GameDetails.Message.BuyMoreRobuxToPurchaseGameV2,Necesitas {shortfallPrice} Robux más para desbloquear el acceso a {gameName}. ¿Quieres comprar más Robux?
Feature.GameDetails.Message.ExternalLinkWarning,"Al hacer clic en Continuar, serás redirigido a un sitio web que no pertenece y no es operado por Roblox. Puede que se rija por términos y políticas de privacidad diferentes."
Feature.GameDetails.Message.HelpImproveExperience,Ayúdanos a mejorar tu experiencia
Feature.GameDetails.Message.HidingExperienceQuestion,¿Por qué estás ocultando esta experiencia?
Feature.GameDetails.Message.LeavingRobloxTitle,Abandonando Roblox
Feature.GameDetails.Message.PurchaseGame,¿Desbloquear accesso a {gameName} por R${X}?
Feature.GameDetails.Message.PurchaseGameV2,¿Desbloquear accesso a {gameName} por {X} Robux?
Feature.GameDetails.Message.SponsoredDisclosure.Error,No se pudo mostrar la información del patrocinio debido a un error temporal.
Feature.GameDetails.Message.SponsoredDisclosure.O18NonPersonalizedNoLink,"Estás viendo este contenido patrocinado basado en factores no personalizados, como la información del dispositivo, ubicación y edad, para ofrecerte contenido apropiado. El creador de la experiencia es {CreatorName}. El patrocinio fue pagado por {PayerName}. Para obtener más información, visita la página Privacidad y madurez de contenido en Configuración en tu cuenta, aquí:"
Feature.GameDetails.Message.SponsoredDisclosure.O18PersonalizedNoLink,"Estás viendo este contenido patrocinado basado en diferentes factores, como tu ubicación, información del dispositivo, edad y comportamiento en la plataforma, para ofrecerte contenido relevante. El creador de la experiencia es {CreatorName}. El patrocinio fue pagado por {PayerName}. Para obtener más información, visita la página Privacidad y madurez de contenido en Configuración en tu cuenta, aquí:"
Feature.GameDetails.Message.SponsoredDisclosure.U18,"Estás viendo este contenido patrocinado basado en factores no personalizados, como la información del dispositivo, ubicación y edad, para ofrecerte contenido apropiado. El creador de la experiencia es {CreatorName}. El patrocinio fue pagado por {PayerName}."
Feature.GameDetails.Message.SponsoredDisclosureNoUniverse.O18NonPersonalNoLink,"Estás viendo este contenido patrocinado basado en factores no personalizados, como la información del dispositivo, ubicación y edad, para ofrecerte contenido apropiado. El patrocinio fue pagado por {PayerName}. Para obtener más información, visita la página Privacidad y madurez de contenido en Configuración en tu cuenta, aquí:"
Feature.GameDetails.Message.SponsoredDisclosureNoUniverse.O18PersonalizedNoLink,"Estás viendo este contenido patrocinado basado en diferentes factores, como tu ubicación, información del dispositivo, edad y comportamiento en la plataforma, para ofrecerte contenido relevante. El patrocinio fue pagado por {PayerName}. Para obtener más información, visita la página Privacidad y madurez de contenido en Configuración en tu cuenta, aquí:"
Feature.GameDetails.Message.SponsoredDisclosureNoUniverse.U18,"Estás viendo este contenido patrocinado basado en factores no personalizados, como la información del dispositivo, ubicación y edad, para ofrecerte contenido apropiado. El patrocinio fue pagado por {PayerName}."
Feature.GameDetails.Message.SuggestLessOften,Lo sugeriremos con menos frecuencia
Feature.GameDetails.RatingPercentOnly,Valoración de {percentRating}%
Feature.GameDetails.Toast.LinkCopied,
Feature.GameFollows.LabelNotifications,Notificar
Feature.GameFollows.TooltipFollowLimitReached,Límite alcanzado. Deja de seguir otras experiencias para poder seguir esta.
Feature.GameFollows.TooltipNotificationsButtonDescription,Activa las notificaciones para que no te pierdas ninguna actividad
Feature.GameFollows.TooltipNotificationsLimitReached,Límite alcanzado. Desactiva las notificaciones de otras experiencias primero para seguir esta.
Feature.GameFollows.TooltipTurnedOffNotifications,Notificaciones desactivadas para {experienceName}
Feature.GameFollows.TooltipTurnedOnNotifications,Notificaciones activadas para {experienceName}
Feature.GamePage.Action.BackToTop,Volver arriba
Feature.GamePage.Label.Ad,
Feature.GamePage.Label.Sponsored,Patrocinadas
Feature.GamePage.Label.SponsoredDisclosure,"Los objetos patrocinados los pagan los creadores. Para los usuarios de la UE, pueden mostrarse basándose en información general como tu tipo de dispositivo, ubicación y datos demográficos. Fuera de la UE, los anuncios pueden mostrarse en base a información adicional."
Feature.GamePage.LabelCancelField,
Feature.GamePage.LabelNoSearchResults,
Feature.GamePage.LabelSearchInsteadForPlayersNamed,Buscar entre las personas mencionadas
Feature.GamePage.LabelShowingResultsFor,Resultados de
Feature.GamePage.QuickLaunch.LaunchError.ContextualPlayabilityUnverifiedSeventeenPlusUser,Esta experiencia no está disponible debido a tu estado de verificación de edad.
Feature.GamePage.QuickLaunch.LaunchError.GuestProhibited,Los invitados no pueden unirse a esta experiencia.
Feature.GamePage.QuickLaunch.LaunchError.PurchaseRequired,Se necesita pagar para unirse a esta experiencia.
Feature.GamePage.QuickLaunch.LaunchError.RequestFailed,Error al solicitar la red
Feature.GamePage.QuickLaunch.LaunchError.TemporarilyUnavailable,No puedes unirte a la experiencia en este momento.
Feature.GamePass.Heading.PassesForThisGame,Pases
Feature.GamepadDisconnect.Label.Message,"El mando para el usuario ""%s"" se desconectó. Presiona '%s' en el mando con el que te gustaría continuar."
Feature.GamepadDisconnect.Label.MessageGeneric,"Se desconectó el mando para el usuario ""%s"". Vuelve a conectarlo."
Feature.GamepadDisconnect.Label.Title,Falta el mando
Feature.Groups.Action.Cancel,
Feature.Groups.Action.CancelRequest,Cancelar la solicitud
Feature.Groups.Action.Close,
Feature.Groups.Action.Continue,
Feature.Groups.Action.CreateGroup,Crear comunidad
Feature.Groups.Action.Follow,
Feature.Groups.Action.JoinGroup,Unirse a la comunidad
Feature.Groups.Action.LeaveGroup,Abandonar comunidad
Feature.Groups.Action.MakePrimary,Convertir en grupo principal
Feature.Groups.Action.More,
Feature.Groups.Action.NotNow,
Feature.Groups.Action.RemovePrimary,Eliminar grupo principal
Feature.Groups.Action.SeeAll,
Feature.Groups.Action.Unfollow,Dejar de seguir
Feature.Groups.Action.ViewGroup,Ver comunidad
Feature.Groups.Description.JoinGroupPending,Tu solicitud de ingreso está pendiente de revisión por parte de la comunidad.
Feature.Groups.Description.NotEligibleToJoin,Tu cuenta no puede unirse a esta comunidad.
Feature.Groups.Description.PremiumMaxGroups,Te uniste al número máximo de comunidades.
Feature.Groups.Description.RequiresAccountTenureTooltipOneDay,Debes tener una cuenta con al menos 1 día de antigüedad antes de unirte a esta comunidad.
Feature.Groups.Description.RequiresAccountTenureTooltipOneMonth,Debes tener una cuenta con al menos 30 días de antigüedad antes de unirte a esta comunidad.
Feature.Groups.Description.RequiresAccountTenureTooltipOneWeek,Debes tener una cuenta con al menos 7 días de antigüedad antes de unirte a esta comunidad.
Feature.Groups.Description.RequiresAccountTenureTooltipThreeDays,Debes tener una cuenta con al menos 3 días de antigüedad antes de unirte a esta comunidad.
Feature.Groups.Description.RequiresAccountTenureTooltipThreeMonths,Debes tener una cuenta con al menos 90 días de antigüedad antes de unirte a esta comunidad.
Feature.Groups.Heading.Community,
Feature.Groups.Heading.Followers,
Feature.Groups.Heading.Groups,
Feature.Groups.Heading.Members,
Feature.Groups.Heading.MyGroups,Mis comunidades
Feature.Groups.Heading.Primary,Principal
Feature.Groups.Heading.SocialLinksNew,Enlaces de redes sociales
Feature.Groups.Heading.SocialMedia,
Feature.Groups.Heading.VerificationRequired,Verificación de cuenta obligatoria
Feature.Groups.Heading.Videos,Videos
Feature.Groups.Label.ByOwnerWithFormat,De {ownerName}
Feature.Groups.Label.Follower,seguidor
Feature.Groups.Label.FollowerCapital,Seguidor
Feature.Groups.Label.FollowerCapitalPlural,
Feature.Groups.Label.FollowerPlural,seguidores
Feature.Groups.Label.GroupClosed,Comunidad cerrada
Feature.Groups.Label.GroupLocked,Se bloqueó esta comunidad
Feature.Groups.Label.Member,Miembro
Feature.Groups.Label.MemberCapitalPlural,
Feature.Groups.Label.MemberLowerCase,miembro
Feature.Groups.Label.MemberLowerCasePlural,miembros
Feature.Groups.Label.Owned,En posesión
Feature.Groups.Label.PreviousNames,Nombres anteriores
Feature.Groups.Label.SearchMyGroups,Buscar mis comunidades
Feature.Groups.Message.BannedFromGroup,Te banearon de esta comunidad.
Feature.Groups.Message.GroupClosed,No puedes unirte a una comunidad cerrada.
Feature.Groups.Message.LoadGroupListError,No se puede cargar la lista de la comunidad.
Feature.Groups.Message.NoGroupsFound,No se encontraron comunidades.
Feature.Groups.Message.NotInAnyGroups,No eres miembro de ninguna comunidad.
Feature.Groups.Message.PinLocked,No puede realizar esta acción con un PIN bloqueado. Desbloquea tu PIN en la página Configuración de la cuenta.
Feature.Groups.Modal.ContentTextHigh,"Verifica tu cuenta para unirte a esta comunidad.

1. Ve a Información de la cuenta > Verificar mi edad
2. Completa el proceso de verificación"
Feature.Groups.Modal.ContentTextLow,"Verifica tu cuenta para unirte a esta comunidad.

1. Ve a Información de la cuenta 
2. Elige una opción de verificación:
  - Añade un número de teléfono 
  - Añade un correo electrónico
  - Verifica mi edad
3. Completa el proceso de verificación"
Feature.Groups.Modal.ContentTextMedium,"Verifica tu cuenta para unirte a esta comunidad.

1. Ve a Información de la cuenta 
2. Elige una opción de verificación:
 - Añade un número de teléfono Y un correo electrónico
 - Verifica mi edad
3. Completa el proceso de verificación"
Feature.Groups.Notification.FailedToFollow,Error al seguir el perfil. Inténtalo de nuevo más tarde.
Feature.Groups.Notification.FailedToJoin,Error al unirte a la comunidad. Inténtalo de nuevo más tarde.
Feature.Groups.Notification.FailedToLoad,Error al cargar la comunidad. Inténtalo de nuevo más tarde.
Feature.Groups.Notification.Following,Sigues a {groupName}.
Feature.Groups.Notification.GroupDoesNotExist,La comunidad no existe.
Feature.Groups.Notification.GroupModerated,Esta comunidad está siendo moderada actualmente.
Feature.Groups.Notification.JoinRequestPending,Solicitaste unirte a {groupName}.
Feature.Groups.Notification.Joined,Ya eres parte de {groupName}.
Feature.Groups.Title.AlreadyFollowing,Ya sigues a {groupName}
Feature.Groups.Title.AlreadyMember,Ya eres miembro de {groupName}
Feature.Groups.Title.Follow,Sigue a {groupName}
Feature.Groups.Title.Join,Únete a {groupName}
Feature.Groups.Title.RequestedToJoin,Ya solicitaste unirte a {groupName}
Feature.Groups.Title.UnableToJoin,No puedes unirte a {groupName}
Feature.Home.ActionSeeAll,
Feature.Home.AddProviderFriendHintTitle,Toca aquí para añadir a amigos de {provider}.
Feature.Home.Button.Join,
Feature.Home.ClientCacheFallbackBanner.Action.Refresh,
Feature.Home.ClientCacheFallbackBanner.Label.Error,
Feature.Home.ClientCacheFallbackBanner.Label.ErrorRefreshingToastTitle,
Feature.Home.ClientCacheFallbackBanner.Label.RefreshPageToLoadContents,Actualiza la página para cargar el contenido
Feature.Home.Experiment.Reminders.BodyPositiveVariant,Recuerda mantener Roblox seguro y divertido para todos. Juega justo y trata a otros jugadores con respeto.
Feature.Home.Experiment.Reminders.BodyShared,"Recientemente, tu cuenta infringió las normas de Roblox sobre {policy_violation}."
Feature.Home.Experiment.Reminders.BodyWarningVariant,"Sigue las reglas en las Normas de la comunidad. Si no lo haces, tu cuenta recibirá más advertencias o suspensiones."
Feature.Home.Experiment.Reminders.Button,
Feature.Home.Experiment.Reminders.Title,Recuerda nuestras Normas de la comunidad
Feature.Home.Experiment.Reminders.ViolationAdvertising,Prácticas de publicidad y contenido prohibidas
Feature.Home.Experiment.Reminders.ViolationAskingForPII,Distribución de información personal
Feature.Home.Experiment.Reminders.ViolationBullyingAndHarassment,Bullying y acoso
Feature.Home.Experiment.Reminders.ViolationCheatingAndExploiting,Engaño
Feature.Home.Experiment.Reminders.ViolationContestsAndSweepstakes,Mercancías y actividades ilegales y reguladas
Feature.Home.Experiment.Reminders.ViolationDirectingUsersOffPlatform,Dirigir a los usuarios fuera de la plataforma
Feature.Home.Experiment.Reminders.ViolationDiscriminationAndHate,Discriminación y odio
Feature.Home.Experiment.Reminders.ViolationDisruptiveAudio,Uso inapropiado de los sistemas de Roblox
Feature.Home.Experiment.Reminders.ViolationDmca,Infracciones de la propiedad intectual
Feature.Home.Experiment.Reminders.ViolationEncouragingDangerousBehavior,"Suicidio, autolesión y comportamiento nocivo"
Feature.Home.Experiment.Reminders.ViolationExtortionAndBlackmail,"Amenazas, bullying y hostigamiento"
Feature.Home.Experiment.Reminders.ViolationIllegalAndRegulatedGoodsAndActivities,
Feature.Home.Experiment.Reminders.ViolationIpViolation,
Feature.Home.Experiment.Reminders.ViolationIrlDangerousActivities,"Suicidio, autolesión y comportamiento nocivo."
Feature.Home.Experiment.Reminders.ViolationMisleadingImpersonationMisrepresentation,
Feature.Home.Experiment.Reminders.ViolationMisusingRobloxSystems,
Feature.Home.Experiment.Reminders.ViolationOffPlatformSpeechAndBehavior,Discurso y comportamiento dañino fuera de la plataforma
Feature.Home.Experiment.Reminders.ViolationPoliticalContent,Contenido político
Feature.Home.Experiment.Reminders.ViolationPoliticalContent.V2,Figuras y entidades políticas
Feature.Home.Experiment.Reminders.ViolationProfanity,
Feature.Home.Experiment.Reminders.ViolationRealWorldTragedy,Eventos sensibles del mundo real
Feature.Home.Experiment.Reminders.ViolationRobloxEconomy,Infracciones de la economía de Roblox
Feature.Home.Experiment.Reminders.ViolationRomanticContent,Contenido romántico
Feature.Home.Experiment.Reminders.ViolationScams,Estafas
Feature.Home.Experiment.Reminders.ViolationSexualContent,Contenido sexual
Feature.Home.Experiment.Reminders.ViolationSharingYourOwnPii,
Feature.Home.Experiment.Reminders.ViolationSpam,Spam
Feature.Home.Experiment.Reminders.ViolationTerrorismExtremism,Terrorismo y extremismo violento
Feature.Home.Experiment.Reminders.ViolationThreatsOrAbuseOfRobloxEmployeesOrAffiliates,
Feature.Home.Experiment.Reminders.ViolationTrademark,
Feature.Home.Experiment.Reminders.ViolationViolentContentAndGore,Contenido violento y gore
Feature.Home.Experiment.Reminders.ViolationVirtualCasino,Casino virtual
Feature.Home.Experiment.TextFilterEducation.General.Body.Pii.Modified,"Para evitar perder el acceso al chat, no compartas tu información personal."
Feature.Home.Experiment.TextFilterEducation.General.Body.Pii.Warning,Tuvimos que modificar o bloquear algunos de tus mensajes. Recuerda no compartir tu información personal.
Feature.Home.Experiment.TextFilterEducation.General.Body.Respect.Modified,"Para evitar perder el acceso al chat, los mensajes que envíes siempre deben ser respetuosos."
Feature.Home.Experiment.TextFilterEducation.General.Body.Respect.Warning,Tuvimos que modificar o bloquear algunos de tus mensajes. Recuerda que todos los mensajes que envíes deben ser respetuosos.
Feature.Home.Experiment.TextFilterEducation.General.Body.Romance.Modified,"Para evitar perder el acceso al chat, evita los romances y las solicitudes de cita."
Feature.Home.Experiment.TextFilterEducation.General.Body.Romance.Warning,Tuvimos que modificar o bloquear algunos de tus mensajes. Recuerda evitar los romances y las solicitudes de cita.
Feature.Home.Experiment.TextFilterEducation.General.Body.Spam.Modified,"Para evitar perder el acceso al chat, envía cada mensaje solo una vez."
Feature.Home.Experiment.TextFilterEducation.General.Body.Spam.Warning,Tuvimos que modificar o bloquear algunos de tus mensajes. Recuerda solo enviar cada mensaje una vez.
Feature.Home.Experiment.TextFilterEducation.General.Title.Warning,Estás a punto de perder el chat
Feature.Home.Experiment.TextFilterEducation.Kids.Body.Pii,"Recuerda no compartir tu nombre, tu escuela ni el lugar donde vives."
Feature.Home.Experiment.TextFilterEducation.Kids.Body.Respect,Recuerda que siempre debes ser amable al platicar con alguien.
Feature.Home.Experiment.TextFilterEducation.Kids.Body.Spam,Recuerda solo enviar una vez cada mensaje.
Feature.Home.Experiment.TextFilterEducation.Kids.Title.Modified,Tuvimos que modificar o bloquear algunos de tus mensajes
Feature.Home.Experiment.TextFilterEducation.Kids.Title.Warning,Tu chat podría desaparecer
Feature.Home.Heading.JoinYourFriends,Únete a tus amigos
Feature.Home.HeadingFriends,Amigos ({friendCount})
Feature.Home.Label.HappeningNow,
Feature.Home.PeopleList.ChatWith,Chatea con {username}
Feature.Home.Robux,
Feature.InAppBugReporting.Message.AppVersion,Versión: {value}
Feature.InAppBugReporting.Message.CommentEmptyError,Los detalles no pueden estar vacíos
Feature.InAppBugReporting.Message.CommentLabel,Descripción del ticket
Feature.InAppBugReporting.Message.CommentPlaceholder,Danos detalles para ayudar a reproducir el problema.
Feature.InAppBugReporting.Message.CommentTooShortError,Los detalles deben tener al menos {minLength} caracteres
Feature.InAppBugReporting.Message.DeviceName,Dispositivo: {value}
Feature.InAppBugReporting.Message.MinCharacterCount,Mínimo {currentCount}/{minCount} caracteres
Feature.InAppBugReporting.Message.Screen,Pantalla: {value}
Feature.InAppBugReporting.Message.ScreenshotAnnotation,Captura de pantalla adjunta
Feature.InAppBugReporting.Message.SystemVersion,OS: {value}
Feature.InAppBugReporting.Message.Title,
Feature.InAppBugReporting.Message.ToastFailure,Error al enviar el comentario
Feature.InAppBugReporting.Message.ToastSuccess,Comentarios enviados correctamente
Feature.InExperienceIntervention.Action.LetUsKnow,Déjanos saber
Feature.InExperienceIntervention.Action.Understand,
Feature.InExperienceIntervention.Description.BeRespectful,"En el futuro, sigue las normas y respeta a los demás."
Feature.InExperienceIntervention.Description.CannotSend,No puedes enviar mensajes en el chat de texto por {number} minutos.
Feature.InExperienceIntervention.Description.CannotSend1Day,No puedes enviar mensajes de chat de texto por 1 día.
Feature.InExperienceIntervention.Description.CannotSend1Hour,No puedes enviar mensajes de chat de texto por 1 hora.
Feature.InExperienceIntervention.Description.CannotSend1Min,No puedes enviar mensajes de chat de texto por 1 minuto.
Feature.InExperienceIntervention.Description.CannotSendDays,No puedes enviar mensajes en el chat de texto por {number} días.
Feature.InExperienceIntervention.Description.CannotSendHours,No puedes enviar mensajes de chat de texto por {number} horas.
Feature.InExperienceIntervention.Description.CantUsePartyChat,"No puedes enviar mensajes en este momento. Si vuelves a infringir las reglas, puedes perder el acceso a la cuenta."
Feature.InExperienceIntervention.Description.ChatDisabled,"Debido a las repetidas infracciones a las Normas de la comunidad de Roblox, desactivamos temporalmente el envío de mensajes en el chat."
Feature.InExperienceIntervention.Description.ChatIncludes,Tu chat de texto incluye:
Feature.InExperienceIntervention.Description.ChatSuspension.Day.Expired,"Terminó tu suspensión de {number} días del chat. Si vuelves a infringir las normas, puedes perder el acceso a la cuenta."
Feature.InExperienceIntervention.Description.ChatSuspension.Days,"No podrás utilizar el chat durante otros {number} días porque uno o varios de tus mensajes infligen las normas. Si vuelves a infringir las normas, puedes perder el acceso a la cuenta."
Feature.InExperienceIntervention.Description.ChatSuspension.Hour.Expired,"Terminó tu suspensión de {number} horas del chat. Si vuelves a infringir las normas, puedes perder el acceso a la cuenta."
Feature.InExperienceIntervention.Description.ChatSuspension.Hours,"No podrás utilizar el chat durante otras {number} horas porque uno o varios de tus mensajes infligen las normas. Si vuelves a infringir las normas, puedes perder el acceso a la cuenta."
Feature.InExperienceIntervention.Description.ChatSuspension.Minute.Expired,"Terminó tu suspensión de {number} minutos del chat. Si vuelves a infringir las normas, puedes perder el acceso a la cuenta."
Feature.InExperienceIntervention.Description.ChatSuspension.Minutes,"No podrás utilizar el chat durante otros {number} minutos porque uno o varios de tus mensajes infligen las normas. Si vuelves a infringir las normas, puedes perder el acceso a la cuenta."
Feature.InExperienceIntervention.Description.Disclaimer,¿Cometimos un error? {startLink}Déjanos saber{endLink}
Feature.InExperienceIntervention.Description.FeedbackHelps,Tus comentarios ayudan a mejorar nuestros sistemas.
Feature.InExperienceIntervention.Description.LoseAccess,"Si esto vuelve a ocurrir, puedes perder el acceso a tu cuenta."
Feature.InExperienceIntervention.Description.MayLoseAccess,"Si vuelves a incumplir las reglas, puedes perder el acceso a tu cuenta."
Feature.InExperienceIntervention.Description.Mistake,¿Cometimos un error?
Feature.InExperienceIntervention.Description.PartyChatMayBeSuspended,No se permite compartir información personal en Roblox. Tu chat se puede suspender si vuelves a infringir las reglas.
Feature.InExperienceIntervention.Description.TextChatMayBeSuspended,El uso del chat de texto puede suspenderse si rompes las reglas nuevamente.
Feature.InExperienceIntervention.Heading.CannotChat,No puedes enviar chats por {number} minutos
Feature.InExperienceIntervention.Heading.ChatBreaksRules,Tu chat de texto incumple las reglas
Feature.InExperienceIntervention.Heading.ChatSuspended,Uso del chat suspendido por {number} minutos
Feature.InExperienceIntervention.Heading.ChatSuspension.1Day,Suspensión en el chat por 1 día
Feature.InExperienceIntervention.Heading.ChatSuspension.1Hour,Suspensión en el chat por 1 hora
Feature.InExperienceIntervention.Heading.ChatSuspension.1Minute,Suspensión en el chat por 1 minuto
Feature.InExperienceIntervention.Heading.ChatSuspension.Expired,Ya puedes usar el chat de nuevo
Feature.InExperienceIntervention.Heading.ChatSuspension.MultiHour,Suspensión en el chat por {number} horas
Feature.InExperienceIntervention.Heading.ChatSuspension.MultiMinute,Suspensión en el chat por {number} minutos
Feature.InExperienceIntervention.Heading.ChatSuspension.Plural,Suspensión en el chat por {number} días
Feature.InExperienceIntervention.Heading.DontSharePersonalInformation,No compartas información personal
Feature.InExperienceIntervention.Heading.PartyChatSuspended,Chat suspendido por {remainingTime}
Feature.InExperienceIntervention.Heading.TakeALook,Echaremos un vistazo
Feature.InExperienceIntervention.Heading.TextChatSuspension,Suspensión de chat de texto
Feature.InExperienceIntervention.Label.Complete,Completar
Feature.InExperienceIntervention.Label.EndsOn,Termina el:
Feature.InExperienceIntervention.Label.Player,{username}: {evidence}
Feature.InExperienceIntervention.Label.TimeLeft.Day.Plural,
Feature.InExperienceIntervention.Label.TimeLeft.Day.Singular,
Feature.InExperienceIntervention.Label.TimeLeft.Hours,Quedan {time}
Feature.InExperienceShop.Label.EndTime,Termina en {timeRemaining}
Feature.InExperienceShop.Label.Timer.Day.Plural,{number} días
Feature.InExperienceShop.Label.Timer.Day.Singular,1 día
Feature.InExperienceShop.Label.Timer.Hour.Plural,
Feature.InExperienceShop.Label.Timer.Hour.Singular,1 hora
Feature.InExperienceShop.Label.Timer.Minute.Plural,
Feature.InExperienceShop.Label.Timer.Minute.Singular,1 minuto
Feature.InExperienceShop.Label.Timer.Second.Plural,
Feature.InExperienceShop.Label.Timer.Second.Singular,1 segundo
Feature.Item.Label.DeleteFromInventoryConfirmUndercaseDelete,"¿Confirmas que quieres eliminar este objeto de tu inventario para siempre? Si cambias de opinión, tendrás que volver a obtenerlo en una experiencia."
Feature.Item.Label.DeleteItemUndercase,Eliminar objeto
Feature.Landing.Action.PlayNow,
Feature.Landing.Action.SignInWithRoblox,
Feature.Landing.Description.ContinuedTermsDisclaimer,"Al continuar, aceptas nuestros {startTermsTag}Términos{endTermsTag}, incluido el arbitraje, y reconoces nuestra {startPrivacyTag}Política de privacidad{endPrivacyTag}. Si eres menor de 18 años, tu padre, madre o tutor debe autorizar tu cuenta y aceptar nuestros Términos."
Feature.Landing.Label.BrazilContentDescriptorInappropriateLanguage,Lenguaje inapropiado
Feature.Landing.Label.BrazilContentDescriptorViolence,Violencia
Feature.Landing.Label.BrazilContentRatingLogoTitle,CLASIFICACIÓN: 12 AÑOS
Feature.Landing.Label.BrazilContentRatingLogoTitleSixteen,CLASIFICACIÓN: 16 AÑOS
Feature.Landing.Label.BrazilInteractiveElementDescriptorInGamePurchases,Compras en el juego (incluye objetos aleatorios)
Feature.Landing.Label.BrazilInteractiveElementDescriptorUsersInteract,Interacción entre usuarios
Feature.Landing.Label.InvitedBy,Invitatión enviada por {name}
Feature.LegallySensitiveContent.Action.FriendDiscovery.NotNow,
Feature.LegallySensitiveContent.Action.FriendDiscovery.TurnOn,Activar
Feature.LegallySensitiveContent.Description.PhoneNumberDiscoverabilityUpsellConsent.FRnm,Ayuda a las personas que tienen tu número de teléfono a agregarte como amistad en Roblox.
Feature.LegallySensitiveContent.Heading.TurnOnFriendDiscovery,Activar descubrimiento de amigos
Feature.LocaleRestriction.Description.RobloxUnavailable,
Feature.LocaleRestriction.Label.LearnMore,
Feature.LocaleRestriction.Title.RobloxUnavailable,Roblox no está disponible
Feature.MarketplaceFAEUpsell.ActionBar.InfoText.PostFAE,"Verificación de edad completada, obtén tu artículo gratis"
Feature.MarketplaceFAEUpsell.ActionBar.InfoText.PreFAE,Objeto gratuito con una verificación de edad
Feature.MarketplaceFAEUpsell.ActionBar.PrimaryButton.Text,
Feature.MarketplaceFAEUpsell.Message.AgeCheckCompleteItem,Verificación de edad completada. {itemName} estará en tu inventario pronto.
Feature.Moderation.Link.SupportForm,Formulario de soporte
Feature.Moments.Action.AddMusic,Agregar música
Feature.Moments.Action.AddSticker,Añadir calcomanía
Feature.Moments.Action.AddText,Agregar texto
Feature.Moments.Action.AddVoice,Agregar voz
Feature.Moments.Action.Back,
Feature.Moments.Action.Cancel,
Feature.Moments.Action.Continue,
Feature.Moments.Action.Delete,
Feature.Moments.Action.Done,
Feature.Moments.Action.Expand,Ampliar
Feature.Moments.Action.GenerateText,Generar texto
Feature.Moments.Action.GenerateTextFeedbackNotHelpful,No es útil
Feature.Moments.Action.GenerateTextFeedbackPolicy,Inadecuado o infractor
Feature.Moments.Action.Hide,Ocultar detalles
Feature.Moments.Action.HowToCapture,Cómo capturar
Feature.Moments.Action.Join,
Feature.Moments.Action.Leave,
Feature.Moments.Action.Minimize,Minimizar
Feature.Moments.Action.Ok,
Feature.Moments.Action.Play,
Feature.Moments.Action.Post,
Feature.Moments.Action.Report,
Feature.Moments.Action.Retry,
Feature.Moments.Action.Return,Regresar a Galería
Feature.Moments.Action.ReturnToEditing,Volver a Editar
Feature.Moments.Action.ShowDetails,Mostrar detalles
Feature.Moments.Action.ShowMore,
Feature.Moments.Action.TrimVideo,Recortar video
Feature.Moments.Description.CommunityStandards,Consulta las Normas de la comunidad para obtener más información sobre lo que puedes y no puedes decir.
Feature.Moments.Description.EmptyCapturesLibrary,Aquí es donde aparecerán tus Capturas.
Feature.Moments.Description.GenerateTextFeedbackDisclosure,Generado con IA. Revísalo antes de publicarlo: tú eres responsable de que publicas.
Feature.Moments.Description.HowToCaptureStep1,Únete a una experiencia con Capturas habilitadas y selecciona el menú de tres barras horizontales.
Feature.Moments.Description.HowToCaptureStep2,Habilita los controles de Captura
Feature.Moments.Description.HowToCaptureStep3,Captura fotos y videos del juego
Feature.Moments.Description.LeaveMomentsCreation,"Perderás todos tus cambios, pero aún podrás encontrar esta captura en tu galería de <b>Capturas</b>."
Feature.Moments.Description.NoMusicResults,No se encontró música
Feature.Moments.Description.NonInfiniteScrollEndBody,Llegaste a un punto de pausa en Momentos. Toca abajo para seguir viendo.
Feature.Moments.Description.PublishMoment,Describe tu Momento
Feature.Moments.Description.TooManyUploads,Hoy subiste demasiados videos. Inténtalo de nuevo mañana.
Feature.Moments.Disclaimer.EveryoneMoments,Todas las personas que participan en Momentos pueden ver lo que se publica
Feature.Moments.Label.All,
Feature.Moments.Label.AttemptingJoinExperience,Intentando unirte a {placeName}. Esto puede tardar unos segundos.
Feature.Moments.Label.CaptureLibrary,Tu biblioteca de Capturas
Feature.Moments.Label.DeleteMomentBody,No puedes recuperar un Momento una vez que se elimina.
Feature.Moments.Label.DeleteMomentTitle,¿Eliminar Momento?
Feature.Moments.Label.Error,
Feature.Moments.Label.FeedEndBody,Vuelve más tarde o crea tu propio Momento.
Feature.Moments.Label.FeedEndTitle,Estás al día
Feature.Moments.Label.FeedFailedToLoad,No se pudo cargar el feed
Feature.Moments.Label.FeedMyMoments,Mis Momentos
Feature.Moments.Label.FeedTrending,
Feature.Moments.Label.HowToUseCaptureTitle,Cómo usar las Capturas
Feature.Moments.Label.LinkCopied,Enlace copiado.
Feature.Moments.Label.LinkCopyFailed,Error al copiar el enlace.
Feature.Moments.Label.ModeratedRodeoBody,"Eliminamos este Momento porque va en contra de nuestras Normas de la comunidad. Para que tus Momentos sigan siendo visibles, asegúrate de conocer y seguir las reglas."
Feature.Moments.Label.MomentDeletedBody,
Feature.Moments.Label.MomentDeletedTitle,
Feature.Moments.Label.MomentFailedToPostBody,
Feature.Moments.Label.MomentFailedToPostTitle,No se pudo publicar el Momento
Feature.Moments.Label.MomentPublishedBody,Tu momento se publicó correctamente.
Feature.Moments.Label.MomentPublishedTitle,Momento publicado
Feature.Moments.Label.MomentUnavailable,Momento no disponible
Feature.Moments.Label.MomentUnavailableDefault,Este Momento no está disponible.
Feature.Moments.Label.MomentsExperienceName,
Feature.Moments.Label.Music,
Feature.Moments.Label.NonInfiniteScrollEndTitle,Estás al día por ahora
Feature.Moments.Label.Photos,Fotos
Feature.Moments.Label.PostDeleted,Momento eliminado
Feature.Moments.Label.PostRemovedBody,El Momento que publicaste va en contra de nuestras Normas de la comunidad.
Feature.Moments.Label.PublishingRodeoBody,Esto no tomará mucho tiempo.
Feature.Moments.Label.Reactions,Reacciones
Feature.Moments.Label.ReportReason.BreaksRules,Esta publicación infringe las reglas
Feature.Moments.Label.ReportReason.IntellectualProperty,Esta publicación infringe mi propiedad intelectual
Feature.Moments.Label.ReportSubmittedBody,Gracias por tu opinión.
Feature.Moments.Label.ReportSubmittedTitle,Reporte enviado
Feature.Moments.Label.RobloxPartnerContent,Contenido de socios de Roblox
Feature.Moments.Label.RodeoPublishingTitle,Publicación de tu Momento
Feature.Moments.Label.Search,
Feature.Moments.Label.ShareLinkTitle,Momentos en Roblox
Feature.Moments.Label.StayFriendlyModeration,Mantengamos un ambiente amigable
Feature.Moments.Label.TextGenerateInProgressBody,Espera a que aparezca el texto generado por IA antes de editar la superposición manualmente.
Feature.Moments.Label.TextGenerateInProgressTitle,Generación en curso
Feature.Moments.Label.TextGenerateOverrideBody,La generación reemplazará tu superposición de texto y descripción actuales.
Feature.Moments.Label.TextGenerateOverrideTitle,El texto será reemplazado
Feature.Moments.Label.TextGeneratedBody,Superposición de texto generada por IA y descripción añadida
Feature.Moments.Label.TextGeneratedTitle,Texto generado
Feature.Moments.Label.TextGenerationFailedBody,No se pudo generar el texto. Inténtalo de nuevo.
Feature.Moments.Label.TextGenerationFailedTitle,Error en la generación
Feature.Moments.Label.TextGenerationFilteredBody,"No se puede realizar la generación de este video capturado, contenido filtrado."
Feature.Moments.Label.TextGenerationFilteredTitle,Generación filtrada
Feature.Moments.Label.Tone,Tono
Feature.Moments.Label.Tone.Cinematic,Cinemática
Feature.Moments.Label.Tone.Funny,Divertido
Feature.Moments.Label.Tone.Hype,Emocionante
Feature.Moments.Label.Tone.Neutral,Neutro
Feature.Moments.Label.Videos,
Feature.Moments.Title.GenerateTextFeedbackReason,¿Qué salió mal?
Feature.Moments.Title.GenerateTextOptions,
Feature.Moments.Title.LeaveMomentCreation,¿Salir de la creación de Momento?
Feature.Moments.Title.MomentRemoved,
Feature.Moments.Title.ReportPost,Reportar publicación
Feature.MusicPlayer.Action.GoToSongDetails,Ir a detalles de la canción
Feature.MusicPlayer.Action.Report,
Feature.NotApproved.Action.Continue,
Feature.NotApproved.Action.LogOut,Cerrar cesión
Feature.NotApproved.Action.ReactivateAccount,Reactivar mi cuenta
Feature.NotApproved.Action.ReportMistake,Reportar un error
Feature.NotApproved.Action.RuleConfirmation,Estoy de acuerdo de que conozco y sigo las normas.
Feature.NotApproved.Action.UserAgree,
Feature.NotApproved.Action.ViewLess,Ver menos
Feature.NotApproved.Action.ViewMore,
Feature.NotApproved.Action.ViewRules,Ver reglas
Feature.NotApproved.Action.ViewRulesUGCAvatarGuidelines,Ver las reglas sobre las directrices para avatares UGC
Feature.NotApproved.Description.AppealViaSupport,"Para apelar esta decisión, {link}ponte en contacto con Soporte.{linkEnd}"
Feature.NotApproved.Description.AppealWithPortal,"Para solicitar una apelación, visita {startLink}Infracciones y apelaciones{endLink}."
Feature.NotApproved.Description.AppealsProcess,"Para obtener más información sobre el proceso de apelación, visita {startLink}Apela moderación de tu contenido{endLink}."
Feature.NotApproved.Description.AutomatedDetectionAutomatedDecision,Esta infracción de la política se detectó por medios automatizados y utilizamos estos mismos medios al tomar la decisión
Feature.NotApproved.Description.AutomatedDetectionAutomatedDecision.V2,Utilizamos sistemas automatizados para detectar esta infracción y tomar una decisión.
Feature.NotApproved.Description.AutomatedDetectionManualDecision,Esta infracción de la política se detectó por medios automatizados
Feature.NotApproved.Description.AutomatedDetectionManualDecision.V2,Utilizamos sistemas automatizados para detectar esta infracción.
Feature.NotApproved.Description.AvatarBrokeRules,"Cambia tu avatar. Pronto, los jugadores con avatares que infrinjan nuestras Normas de la comunidad serán suspendidos de este juego."
Feature.NotApproved.Description.AvatarViolation,THIS CAN BE DELETED
Feature.NotApproved.Description.Ban,Se desactivó tu cuenta. La puedes reactivar después del {date}.
Feature.NotApproved.Description.Ban.V2,Tu cuenta se suspendió debido a tu historial de infracciones. Puedes reactivarla después de {date}.
Feature.NotApproved.Description.BannedDescription.Kids,Ya no puedes usar esta cuenta.
Feature.NotApproved.Description.Behavior,Tu comportamiento
Feature.NotApproved.Description.BrokeRulesBanned,Baneamos tu cuenta debido al incumplimiento repetido o grave de las reglas.
Feature.NotApproved.Description.BrokeRulesGeneric,Tu comportamiento rompió las reglas de nuestra comunidad.
Feature.NotApproved.Description.BrokeRulesPolicy,Tu comportamiento rompió las reglas de {policy}.
Feature.NotApproved.Description.BrokeRulesPolicy.V2,Tu comportamiento infringió las reglas de {policy}.
Feature.NotApproved.Description.BrokeRulesSpecific,rompió las reglas de {policies}.
Feature.NotApproved.Description.BrokeRulesType,Una de tus {type} rompió las reglas de nuestra comunidad.
Feature.NotApproved.Description.BrokeRulesTypePolicy,Una de tus {type} rompió las reglas de {policy}.
Feature.NotApproved.Description.BrokeRulesTypePolicy.V2,Una de tus {type} infringió las reglas de {policy}.
Feature.NotApproved.Description.CommunityStandards,Sigue las {startLink}Directrices de la comunidad de Roblox{endLink} para que los usuarios de todas las edades se diviertan en Roblox.
Feature.NotApproved.Description.Delete,Se cerró tu cuenta.
Feature.NotApproved.Description.FollowTheRules,Asegúrate de conocer las reglas y de seguirlas.
Feature.NotApproved.Description.Foreshadow,Podemos darte una suspensión más larga —o incluso banear tu cuenta— si sigue incumpliendo las reglas.
Feature.NotApproved.Description.Foreshadow.Kids,"Si infringes más reglas, es posible que te suspendamos por más tiempo o te expulsemos de Roblox."
Feature.NotApproved.Description.LinkedAccounts,Las consecuencias se basan en tu comportamiento en todas las cuentas vinculadas.
Feature.NotApproved.Description.ManualDetectionAutomatedDecision,Utilizamos la automatización al tomar esta decisión
Feature.NotApproved.Description.ManualDetectionAutomatedDecision.V2,Utilizamos sistemas automatizados para tomar esta decisión.
Feature.NotApproved.Description.Mistake,Puedes apelar o pedirnos que revisemos la decisión aquí.
Feature.NotApproved.Description.Mistake.Kids,¿Cometimos un error? Puedes apelar.
Feature.NotApproved.Description.Mistake.V2,¿Nos equivocamos? Puedes apelar o pedirnos que revisemos la decisión aquí.
Feature.NotApproved.Description.Mistake.V3,"Si crees que cometimos un error, puedes apelar esta decisión."
Feature.NotApproved.Description.PluralViolation,Uno de tus {type}
Feature.NotApproved.Description.ReactivationNotice,Selecciona “Continuar” para revisar nuestras reglas y podrás jugar de inmediato.
Feature.NotApproved.Description.ReviewProcess,Revisamos tu actividad utilizando tanto la tecnología como las personas.
Feature.NotApproved.Description.RuleExplanation.Bullets.Bullying.Kids,"Sé amable: no molestes a otras personas. 
No amenaces con lastimar a nadie. 
Protege la información privada de las personas."
Feature.NotApproved.Description.RuleExplanation.Bullets.MisusingRobloxSystems,"Fingir ser alguien que no eres.
Denunciar a los usuarios por cosas que no sucedieron.
Mentir para engañar a la gente para que haga algo.
Intentar entrar en las cuentas de otras personas.
Crear una nueva cuenta de Roblox para evitar las reglas que mantienen Roblox seguro."
Feature.NotApproved.Description.RuleExplanation.Bullets.PII,"Nombres, direcciones, números de teléfono, correos electrónicos
Nombres de usuario en otras cuentas 
Contraseñas"
Feature.NotApproved.Description.RuleExplanation.Bullets.RealLifeEvents,"Actos de violencia que lastimaron a muchas personas o causaron grandes daños
Accidentes terribles o desastres naturales, como terremotos, huracanes y tornados
Delitos impactantes en las noticias
Eventos de la vida real en los que grupos de personas son tratados de manera cruel o injusta"
Feature.NotApproved.Description.RuleExplanation.Bullets.SSHAndIllegalRegAct,"Formas de lastimarte o a los demás.
Desafíos físicos peligrosos, como las tendencias en línea en el mundo real.
Cosas que son ilegales o peligrosas, como el alcohol y las drogas.
Apuestas, juegos de azar o juegos de azar con premios.
Instrucciones para fabricar armas en el mundo real."
Feature.NotApproved.Description.RuleExplanation.Bullets.SexualContent.Kids,"En Roblox nos tratamos como amistades.
No coqueteamos, no nos besamos ni tenemos citas.
Nuestros avatares usan ropa que no deja ver demasiado."
Feature.NotApproved.Description.RuleExplanation.Bullets.SharingPII.Kids,"Contraseñas
Nombres reales, direcciones, números de teléfono o correos electrónicos
Nombres de usuario de otras cuentas
Fotos de personas"
Feature.NotApproved.Description.RuleExplanation.BullyingHarassmentDiscrimination,"Nunca está bien decir cosas malas a alguien o sobre otra persona. Esto incluye amenazar con dañarlos, como compartir su información privada o lastimarlos en la vida real. 
Además, está en contra de las reglas ser malo con alguien o excluirle por su persona, sus creencias o su origen."
Feature.NotApproved.Description.RuleExplanation.Dating,"Al chatear, mantén un tono amigable y no coquetees. No se permiten comportamientos románticos como besos o citas. También es importante que la ropa del avatar no sea demasiado reveladora."
Feature.NotApproved.Description.RuleExplanation.DirectingUsersOffPlatform,"Está en contra de las reglas compartir enlaces en el chat a otros sitios web o decirle a la gente cómo encontrar tu perfil en otras aplicaciones o redes sociales. Si alguien te dice que vayas a otro sitio web, no debes hacerlo. Mantén tus conversaciones y juegos en Roblox.
Tampoco está bien comprar, vender o intercambiar artículos de Robux o Roblox fuera de Roblox."
Feature.NotApproved.Description.RuleExplanation.MisusingRobloxSystems,"Está en contra de las reglas engañar, mentir o compartir formas de hacerlo en Roblox. Por ejemplo:"
Feature.NotApproved.Description.RuleExplanation.PII,"Para mantener la seguridad de todas las personas y sus cuentas, está en contra de las reglas solicitar o compartir información privada, como:"
Feature.NotApproved.Description.RuleExplanation.RealLifeEvents,"Está en contra de las reglas ser irrespetuoso con respecto a momentos específicos que ocurrieron en el mundo real. Esto incluye recrear o burlarse de eventos o de las personas involucradas en ellos, especialmente cuando son tristes o aterradores para muchas personas.
Por ejemplo:"
Feature.NotApproved.Description.RuleExplanation.SSHAndIllegalRegulatedActivities,"Nunca es aceptable crear contenido, chatear o bromear sobre cosas peligrosas o dañinas, como:"
Feature.NotApproved.Description.RuleExplanation.SharingPII.Kids,No compartas:
Feature.NotApproved.Description.RuleExplanation.Spam,Nunca está bien enviar mensajes con las mismas palabras una y otra vez.
Feature.NotApproved.Description.RuleExplanation.Swearing,"Nunca está bien usar palabras obscenas. Esto incluye el uso de faltas de ortografía, símbolos u otros métodos para tratar de evitar los sistemas de detección."
Feature.NotApproved.Description.RuleExplanation.ViolentContentAndGore,"Está en contra de las reglas mostrar violencia realista o cualquier cosa que haga parecer que una persona, animal o personaje está gravemente herido física o emocionalmente."
Feature.NotApproved.Description.RuleImportance.Bullets.SharingPII.Kids,"Puede ser difícil saber en quién confiar en línea.
Gente desconocida pueden usar tu información para encontrarte.
Compartir contraseñas permite que otras personas roben tu cuenta o tus Robux."
Feature.NotApproved.Description.RuleImportance.Bullying.Kids,Ser cruel lastima a otros jugadores. La amabilidad hace que Roblox siga siendo divertido para todos.
Feature.NotApproved.Description.RuleImportance.BullyingHarassmentDiscrimination,"Para que nuestra comunidad siga siendo divertida para todos, no usamos palabras ni acciones que hagan que alguien se sienta inseguro o incómodo. Roblox es para todas las razas, etnias, identidades de género, habilidades, orientaciones sexuales y religiones."
Feature.NotApproved.Description.RuleImportance.Dating,Mantener los chats y avatares enfocados en las amistades ayuda a garantizar que todas las personas se sientan cómodas.
Feature.NotApproved.Description.RuleImportance.DirectingUsersOffPlatform,"Roblox tiene protecciones de seguridad para tratar de mantener seguros los chats y las interacciones. Los enlaces pueden llevarte a sitios web falsos que se parecen a Roblox para robar tu cuenta y tus objetos. Los sitios también pueden incluir imágenes o videos inapropiados. Si intercambias Robux u objetos fuera de Roblox, la gente puede mentir y no darte lo que te prometieron."
Feature.NotApproved.Description.RuleImportance.MisuingRobloxSystems,"Roblox es y seguirá siendo un lugar divertido para todos si seguimos las reglas y jugamos honestamente, para que nadie tenga una ventaja injusta."
Feature.NotApproved.Description.RuleImportance.MisusingRobloxSystems,"Roblox se mantiene un lugar divertido para todos cuando todos seguimos las reglas y jugamos honestamente, para que nadie tenga una ventaja injusta."
Feature.NotApproved.Description.RuleImportance.PII,"Si un extraño descubre quién eres en la vida real, puede intentar contactarte fuera de Roblox. Esto puede ser peligroso porque es difícil saber en línea si alguien es bueno o malo. Por eso, nunca compartimos contraseñas. Alguien podría robar tu cuenta y todo lo que has ganado."
Feature.NotApproved.Description.RuleImportance.RealLifeEvents,"Para alguien que pasó por estas cosas, ver cómo se recrean o se hace burla sobre estas situaciones puede resultar muy molesto."
Feature.NotApproved.Description.RuleImportance.SSHAndIllegalRegulatedActivities,"Compartir contenido sobre lastimarse a sí mismo o a los demás no es seguro. Si estás pasando por un momento difícil, es importante que hables con un adulto de confianza. Cosas como compartir acrobacias peligrosas pueden inspirar a otros a probarlas y lastimarse gravemente. Al no compartir estas cosas, ayudas a mantenerte a ti mismo y a todos en Roblox a salvo."
Feature.NotApproved.Description.RuleImportance.SexualContent.Kids,Los chats y avatares amistosos hacen que Roblox sea divertido para todos.
Feature.NotApproved.Description.RuleImportance.Spam,El spam dificulta seguir las conversaciones e interrumpe la diversión.
Feature.NotApproved.Description.RuleImportance.Swearing,"Roblox es para todos, incluidos niñas y niños pequeños. Debemos usar palabras respetuosas y acogedoras para toda nuestra comunidad."
Feature.NotApproved.Description.RuleImportance.ViolentContentAndGore,Nuestra comunidad incluye niños pequeños y ver violencia extrema puede asustarlos y alterarlos.
Feature.NotApproved.Description.SecondChance.Details,Puedes volver a jugar ahora. No podrás apelar esta decisión más tarde.
Feature.NotApproved.Description.SecondChance.Second,Puedes evitar una suspensión esta vez porque te has comportado de manera responsable en el pasado.
Feature.NotApproved.Description.SuspendedUntil,Tu suspensión durará hasta el {date} a las {time}.
Feature.NotApproved.Description.Violation,Nuestros moderadores determinaron que tu comportamiento en Roblox infringió nuestros {startLink}Términos de uso{endLink}.
Feature.NotApproved.Description.WarningDescription.Kids,"Infringiste una regla. Si esto continúa, es posible que te suspendamos."
Feature.NotApproved.Heading.AccountBanned,Cuenta baneada
Feature.NotApproved.Heading.AccountDeleted,
Feature.NotApproved.Heading.AccountTerminated,Cuenta cancelada
Feature.NotApproved.Heading.Banned,Baneado
Feature.NotApproved.Heading.BannedMultipleDays,Baneo de {number} días
Feature.NotApproved.Heading.BannedMultipleHours,Baneo de {number} horas
Feature.NotApproved.Heading.BannedMultipleMinutes,Baneo de {number} minutos
Feature.NotApproved.Heading.BannedMultipleSeconds,Baneo de {number} segundos
Feature.NotApproved.Heading.BannedOneDayOnly,Baneo de 1 día
Feature.NotApproved.Heading.BannedOneHour,Baneo de 1 hora
Feature.NotApproved.Heading.BannedOneMinute,Baneo de 1 minuto
Feature.NotApproved.Heading.BannedOneSecond,Baneo de 1 segundo
Feature.NotApproved.Heading.Error,
Feature.NotApproved.Heading.ReactivationNotice,Vuelve a jugar
Feature.NotApproved.Heading.RecentlyChecked,Lo que verificamos recientemente
Feature.NotApproved.Heading.RuleExplanation.Bullying.Kids,Trata a la gente con respeto
Feature.NotApproved.Heading.RuleExplanation.BullyingHarassmentDiscrimination,Haz que todos se sientan bienvenidos
Feature.NotApproved.Heading.RuleExplanation.Dating,Mantente en la zona de amigos
Feature.NotApproved.Heading.RuleExplanation.DirectingUsersOffPlatform,Quédate en Roblox
Feature.NotApproved.Heading.RuleExplanation.MisusingRobloxSystems,Juega de forma justa y honesta
Feature.NotApproved.Heading.RuleExplanation.PII,Protege la información privada
Feature.NotApproved.Heading.RuleExplanation.RealLifeEvents,Ten consideración con los eventos de la vida real
Feature.NotApproved.Heading.RuleExplanation.SSHAndIllegalRegulatedActivities,Mantén la mente y el cuerpo sanos
Feature.NotApproved.Heading.RuleExplanation.SexualContent.Kids,Sé amable
Feature.NotApproved.Heading.RuleExplanation.SharingPII.Kids,Mantén tu información privada
Feature.NotApproved.Heading.RuleExplanation.Spam,Deja que las conversaciones fluyan
Feature.NotApproved.Heading.RuleExplanation.Swearing,Usa palabras amables y respetuosas
Feature.NotApproved.Heading.RuleExplanation.ViolentContentAndGore,Mantén la calma y sigue jugando
Feature.NotApproved.Heading.RuleImportance,¿Por qué es importante?
Feature.NotApproved.Heading.RuleImportance.Kids,
Feature.NotApproved.Heading.SecondChance,Aprende esta regla y vuelve a jugar de inmediato
Feature.NotApproved.Heading.SecondChance.Details,¿Quieres evitar la suspensión esta vez?
Feature.NotApproved.Heading.Suspended,Suspendido
Feature.NotApproved.Heading.Suspended14Days,Suspensión de 14 días
Feature.NotApproved.Heading.Suspended1Year,Suspensión de 1 año
Feature.NotApproved.Heading.SuspendedOneDay,Suspensión de 1 día
Feature.NotApproved.Heading.SuspendedOneHour,Suspensión de 1 hora
Feature.NotApproved.Heading.SuspendedSevenDays,Suspensión de 7 días
Feature.NotApproved.Heading.SuspendedSixHours,Suspensión de 6 horas
Feature.NotApproved.Heading.SuspendedSixMonths,Suspensión de 6 meses
Feature.NotApproved.Heading.SuspendedSixtyDays,Suspensión de 60 días
Feature.NotApproved.Heading.SuspendedThirtyDays,Suspendido por 30 días
Feature.NotApproved.Heading.SuspendedThreeDays,Suspensión de 3 días
Feature.NotApproved.Heading.Warning,
Feature.NotApproved.Heading.WhatNext,¿Qué sucede después?
Feature.NotApproved.Heading.Why,¿Por qué?
Feature.NotApproved.Label.AbuseType.AccountTheft,Robo de cuenta
Feature.NotApproved.Label.AbuseType.AdultContent,Contenido para adultos
Feature.NotApproved.Label.AbuseType.Advertisement,Publicidad
Feature.NotApproved.Label.AbuseType.Advertising,
Feature.NotApproved.Label.AbuseType.AssetOwnership,Propiedad del recurso
Feature.NotApproved.Label.AbuseType.Billing,
Feature.NotApproved.Label.AbuseType.BlockedContent,Contenido bloqueado
Feature.NotApproved.Label.AbuseType.Bullying.Kids,Abuso
Feature.NotApproved.Label.AbuseType.Bullying.Note.Kids,Encontramos palabras hirientes en tu actividad.
Feature.NotApproved.Label.AbuseType.Chargeback,Contracargo
Feature.NotApproved.Label.AbuseType.CheatandExploits,Trampas y vulnerabilidad de seguridad
Feature.NotApproved.Label.AbuseType.ChildEndangerment,Peligros para menores
Feature.NotApproved.Label.AbuseType.ChildEndangerment.V2,Explotación de menores
Feature.NotApproved.Label.AbuseType.ChildEndangerment.V3,Contenido/comportamiento dañino
Feature.NotApproved.Label.AbuseType.ClickbaitAds,Anuncios de clickbait
Feature.NotApproved.Label.AbuseType.Commerce,Comercio
Feature.NotApproved.Label.AbuseType.CompromisedAccount,Cuenta comprometida
Feature.NotApproved.Label.AbuseType.ContestsandSweepstakes,Concursos y sorteos
Feature.NotApproved.Label.AbuseType.CopyrightDMCA,Marcas registradas o DMCA
Feature.NotApproved.Label.AbuseType.DMCA,DMCA
Feature.NotApproved.Label.AbuseType.DMCAEarlyLegalStrike,"Sanción jurídica anticipada de la Ley de Derechos de Autor de la Era Digital (DMCA, por sus siglas en inglés)"
Feature.NotApproved.Label.AbuseType.DMCAFinalLegalStrike,"Sanción jurídica final de la Ley de Derechos de Autor de la Era Digital (DMCA, por sus siglas en inglés)"
Feature.NotApproved.Label.AbuseType.Dating,Solicitud de cita
Feature.NotApproved.Label.AbuseType.DatingImagery,Imágenes de citas amorosas
Feature.NotApproved.Label.AbuseType.DatingandRomanticContent,Citas y contenido romántico
Feature.NotApproved.Label.AbuseType.Depressive,Depresivo
Feature.NotApproved.Label.AbuseType.DerogatoryHarrassment,Lenguaje despectivo o acoso
Feature.NotApproved.Label.AbuseType.DirectingUsersOffPlatform,Dirigir usuarios fuera de la plataforma
Feature.NotApproved.Label.AbuseType.DirectingUsersOffPlatform.V2,
Feature.NotApproved.Label.AbuseType.Discriminatory,Discriminatorio
Feature.NotApproved.Label.AbuseType.DiscriminatoryContent,Contenido discriminatorio
Feature.NotApproved.Label.AbuseType.DiscriminatoryorNaziContent,Contenido nazi o discriminatorio
Feature.NotApproved.Label.AbuseType.DisruptiveAudio,Audio perturbador
Feature.NotApproved.Label.AbuseType.DistortedAudio,Audio distorsionado
Feature.NotApproved.Label.AbuseType.DrugandAlcoholReferences,Referencias a drogas y alcohol
Feature.NotApproved.Label.AbuseType.DrugsAlcohol,"Drogas, alcohol"
Feature.NotApproved.Label.AbuseType.EncouragingDangerousBehavior,Conductas que alientan a comportamientos peligrosos
Feature.NotApproved.Label.AbuseType.ExplicitNudityPorn,Desnudez explícita o pornografía
Feature.NotApproved.Label.AbuseType.ExplicitSexualReferencesandInnuendo,Referencias sexuales explícitas e insinuaciones
Feature.NotApproved.Label.AbuseType.Exploiting,Explotación
Feature.NotApproved.Label.AbuseType.ExtortionandBlackmail,Extorsión y chantaje
Feature.NotApproved.Label.AbuseType.GangImages,Imágenes de pandillas
Feature.NotApproved.Label.AbuseType.Grooming,Grooming
Feature.NotApproved.Label.AbuseType.Harassment,Acoso
Feature.NotApproved.Label.AbuseType.HiddenMessageClothing,Ropa con mensaje oculto
Feature.NotApproved.Label.AbuseType.IllegalandRegulatedContent,Contenido ilegal y regulado
Feature.NotApproved.Label.AbuseType.IllicitSubstance,Sustancias ilícitas
Feature.NotApproved.Label.AbuseType.Impersonation,Suplantación
Feature.NotApproved.Label.AbuseType.Inappropriate,Inadecuado
Feature.NotApproved.Label.AbuseType.InappropriateContent,Contenido inadecuado
Feature.NotApproved.Label.AbuseType.IpViolation,Infracción de la propiedad intelectual
Feature.NotApproved.Label.AbuseType.IrlDangerousActivities,Actividades riesgosas en la vida real
Feature.NotApproved.Label.AbuseType.LoudEarbleeders,Gritos
Feature.NotApproved.Label.AbuseType.Malicious,Malicioso
Feature.NotApproved.Label.AbuseType.MinorSwearing,Palabrotas leves
Feature.NotApproved.Label.AbuseType.Misleading,Engañoso
Feature.NotApproved.Label.AbuseType.MisusingRobloxSystems,Mal uso de los sistemas de Roblox
Feature.NotApproved.Label.AbuseType.Nazis,Nazi
Feature.NotApproved.Label.AbuseType.None,
Feature.NotApproved.Label.AbuseType.NoneoftheAbove,Ninguno de los anteriores
Feature.NotApproved.Label.AbuseType.NotRelatedtoRoblox,No relacionado con Roblox
Feature.NotApproved.Label.AbuseType.OffPlatformSpeechandBehavior,Discursos y conductas fuera de la plataforma
Feature.NotApproved.Label.AbuseType.OffSiteLinks,Enlaces fuera del sitio
Feature.NotApproved.Label.AbuseType.Other,Otro
Feature.NotApproved.Label.AbuseType.PersonalAttackHarassmentBullying,"Ataques personales, acoso o bullying"
Feature.NotApproved.Label.AbuseType.PhishingScam,Phishing o estafa
Feature.NotApproved.Label.AbuseType.PlayersScreamingintoMicrophone,Jugadores que gritan en el micrófono
Feature.NotApproved.Label.AbuseType.PoliticalContent,
Feature.NotApproved.Label.AbuseType.PoliticalContent.V2,
Feature.NotApproved.Label.AbuseType.Politics,Política
Feature.NotApproved.Label.AbuseType.PornographicSounds,Sonidos pornográficos
Feature.NotApproved.Label.AbuseType.Privacy,
Feature.NotApproved.Label.AbuseType.PrivacyAskingforPII,Privacidad: Solicitar información de identificación personal (IIP)
Feature.NotApproved.Label.AbuseType.PrivacyGivingPII,Privacidad: Proporcionar información de identificación personal (IIP)
Feature.NotApproved.Label.AbuseType.Profanity,
Feature.NotApproved.Label.AbuseType.RMT,Transacciones con dinero real
Feature.NotApproved.Label.AbuseType.RealInfo,Información de la vida real
Feature.NotApproved.Label.AbuseType.RealLifeThreats,Amenazas de la vida real
Feature.NotApproved.Label.AbuseType.RealLifeTragedy,Tragedia de la vida real
Feature.NotApproved.Label.AbuseType.RealLifeTragedy.V2,
Feature.NotApproved.Label.AbuseType.RedArmbandsNotNazis,Brazalete rojo (no Nazi)
Feature.NotApproved.Label.AbuseType.RobloxEconomy,Economía de Roblox
Feature.NotApproved.Label.AbuseType.Scamming,Estafa
Feature.NotApproved.Label.AbuseType.SeekingSexualContent,Buscar contenido sexual
Feature.NotApproved.Label.AbuseType.SexualAdultContent,Contenido sexual o para adultos
Feature.NotApproved.Label.AbuseType.SexualContent,
Feature.NotApproved.Label.AbuseType.SexualContent.Kids,
Feature.NotApproved.Label.AbuseType.SexualContent.Note.Kids,"Encontramos palabras o imágenes que no son apropiadas para niños, como fotos de desnudos o contenido romántico."
Feature.NotApproved.Label.AbuseType.SharingPII.Kids,Compartir información privada
Feature.NotApproved.Label.AbuseType.SharingPII.Note.Kids,"Encontramos datos como nombres, números de teléfono o fotos de personas reales."
Feature.NotApproved.Label.AbuseType.Shock,Conmoción
Feature.NotApproved.Label.AbuseType.Spam,
Feature.NotApproved.Label.AbuseType.SuggestiveSexualizedImagery,Imágenes que sugieren sexo o sexualizadas
Feature.NotApproved.Label.AbuseType.SuicideSelfHarm,Suicidio o autolesión
Feature.NotApproved.Label.AbuseType.Swearing,Palabrotas
Feature.NotApproved.Label.AbuseType.TerrorismExtremism,Terrorismo o extremismo
Feature.NotApproved.Label.AbuseType.TextFilterProfanity,Filtro de texto o lenguaje vulgar
Feature.NotApproved.Label.AbuseType.Threats,Amenazas
Feature.NotApproved.Label.AbuseType.ThreatsOrAbuseOfRobloxEmployeesOrAffiliates,Amenazas o acoso a los empleados o afiliados de Roblox
Feature.NotApproved.Label.AbuseType.Trademark,Infracción de marca registrada
Feature.NotApproved.Label.AbuseType.UnclassifiedMild,Lenguaje moderado sin clasificar
Feature.NotApproved.Label.AbuseType.ViolentContentAndGore,Contenido violento y derramamiento de sangre
Feature.NotApproved.Label.AbuseType.VirtualCasino,
Feature.NotApproved.Label.AbuseType.VirtualCasino.Note,"Roblox no permite el uso de terceros para comprar, vender o intercambiar Robux, códigos promocionales falsos que parezcan proceder de Roblox Corporation o el uso inapropiado del sistema de pago de la comunidad."
Feature.NotApproved.Label.ChargebackNextSteps,¿Qué hago después?
Feature.NotApproved.Label.CommunityStandards,Normas de la comunidad
Feature.NotApproved.Label.ConsoleDeviceNoticeUA,Inicia sesión en Roblox.com en un dispositivo diferente para reactivar tu cuenta.
Feature.NotApproved.Label.Days,
Feature.NotApproved.Label.Decision,Decisión
Feature.NotApproved.Label.DecisionMethod,Método de decisión
Feature.NotApproved.Label.DecisionMethod.V2,Cómo revisamos esto
Feature.NotApproved.Label.EmailReactivationNoticeUA,Verifica tu dirección de correo electrónico para reactivar esta cuenta. 
Feature.NotApproved.Label.EmailVerificationButtonText,Verificar correo electrónico
Feature.NotApproved.Label.EmailVerificationNotice,Tu cuenta se suspendió por cargos no autorizados. Debes verificar tu dirección de correo electrónico para desbloquear la cuenta.
Feature.NotApproved.Label.Evidence.VoiceRecording,Conversación por chat de voz el {date} a la(s) {time} en {experienceName}
Feature.NotApproved.Label.ExploitDetected,Se detectó un exploit
Feature.NotApproved.Label.Hours,{hours}:{minutes} min
Feature.NotApproved.Label.LatestActivity,Última actividad que revisamos
Feature.NotApproved.Label.LoadingImage,Cargando imagen
Feature.NotApproved.Label.LogoutProgress,Cierre de sesión en curso
Feature.NotApproved.Label.MenuContent,Contenido del menú
Feature.NotApproved.Label.MessageToUser.AltConsequence.V2,Esta cuenta está vinculada a una cuenta bloqueada por una infracción grave de nuestras Normas de la comunidad. La infracción se puede apelar a través de la cuenta bloqueada.
Feature.NotApproved.Label.MessageToUser.AltConsequence.V3,"Esta cuenta está vinculada a una cuenta (@{account}) bloqueada por una infracción grave de nuestras Normas de la comunidad. Solo la cuenta bloqueada puede apelar la infracción. 

Si las dos cuentas no deberían estar vinculadas entre sí, envía una apelación desde esta cuenta en Infracciones y apelaciones."
Feature.NotApproved.Label.Mistake,
Feature.NotApproved.Label.ModeratorMessage, Nota del moderador
Feature.NotApproved.Label.ModeratorNote,Nota del moderador
Feature.NotApproved.Label.OffensiveItem,Objeto ofensivo
Feature.NotApproved.Label.OffensiveItem.V2,
Feature.NotApproved.Label.OpenMenu,Abrir el menú
Feature.NotApproved.Label.PageProgress,Barra de progreso de la página
Feature.NotApproved.Label.ParentReactivationNoticeUA,"Tu padre, madre o tutor legal necesita ayudarte a reactivar esta cuenta."
Feature.NotApproved.Label.ParentVerificationButtonText,Preguntar a mis padres
Feature.NotApproved.Label.ParentVerificationNotice,Tu cuenta se suspendió por cargos no autorizados. Unos de tus padres o tutores debe aceptar desbloquear tu cuenta para luego aprobar que realices ciertas acciones en Roblox.
Feature.NotApproved.Label.Reason,
Feature.NotApproved.Label.RecentViolation,Infracción reciente
Feature.NotApproved.Label.ReviewDate,Fecha de revisión
Feature.NotApproved.Label.Reviewed,Revisado
Feature.NotApproved.Label.RuleAcknowledgment,Marca la casilla para confirmar que lo entiendes.
Feature.NotApproved.Label.RuleBreakingAddsUp,Las infracciones a las normas se acumulan
Feature.NotApproved.Label.RuleExplanation.Acknowledgement,Entiendo esta regla
Feature.NotApproved.Label.RuleViolationsAddUp,Las infracciones de las reglas se suman
Feature.NotApproved.Label.Sublabel.AccountUsernameOrDisplayNameReset,Nombre de usuario o nombre de visualización inadecuado
Feature.NotApproved.Label.Sublabel.AdvertisingAdFraud,Fraude publicitario
Feature.NotApproved.Label.Sublabel.AdvertisingAdTransparency,Transparencia de los anuncios
Feature.NotApproved.Label.Sublabel.AdvertisingAdTransparencyAdsDisclosure,Divulgación de anuncios
Feature.NotApproved.Label.Sublabel.AdvertisingAgeInappropriateContent,Contenido inapropiado para la edad
Feature.NotApproved.Label.Sublabel.AdvertisingBodyAlterations,Alteraciones de cuerpo
Feature.NotApproved.Label.Sublabel.AdvertisingCharitableCauses,Causas benéficas
Feature.NotApproved.Label.Sublabel.AdvertisingClothingUndergarmentsRestricted,Ropa interior y trajes de baño: restringida
Feature.NotApproved.Label.Sublabel.AdvertisingClothingUndergarmentsSports,Ropa interior y trajes de baño: deportes
Feature.NotApproved.Label.Sublabel.AdvertisingCryptocurrenciesAndNfts,Criptomonedas y NFT
Feature.NotApproved.Label.Sublabel.AdvertisingDirectingOffPlatformGeneral,
Feature.NotApproved.Label.Sublabel.AdvertisingDirectingOffPlatformPermittedUrls,Dirigir usuarios fuera de la plataforma: permitido
Feature.NotApproved.Label.Sublabel.AdvertisingDirectingUsersOffPlatform,
Feature.NotApproved.Label.Sublabel.AdvertisingEconomicOpportunity,Oportunidad económica
Feature.NotApproved.Label.Sublabel.AdvertisingEconomicOpportunityNetworking,Oportunidad económica: creación de redes y búsqueda de empleo
Feature.NotApproved.Label.Sublabel.AdvertisingEntertainmentFilmTvAdult,Entretenimiento de cine/televisión: adultos
Feature.NotApproved.Label.Sublabel.AdvertisingEntertainmentFilmTvTeens,Entretenimiento de cine/televisión: adolescentes
Feature.NotApproved.Label.Sublabel.AdvertisingEntertainmentFilmTvYoungTeens,Entretenimiento de cine/televisión: adolescentes jóvenes
Feature.NotApproved.Label.Sublabel.AdvertisingEntertainmentGamingAdult,Entretenimiento de videojuegos: adultos
Feature.NotApproved.Label.Sublabel.AdvertisingEntertainmentGamingTeens,Entretenimiento de videojuegos: adolescentes
Feature.NotApproved.Label.Sublabel.AdvertisingEntertainmentGamingYoungTeens,Entretenimiento de videojuegos: adolescentes jóvenes
Feature.NotApproved.Label.Sublabel.AdvertisingFinancialServices,Servicios financieros
Feature.NotApproved.Label.Sublabel.AdvertisingFinancialServicesAdults,Servicios financieros: adultos
Feature.NotApproved.Label.Sublabel.AdvertisingFinancialServicesOther,Servicios financieros: otros
Feature.NotApproved.Label.Sublabel.AdvertisingFinancialServicesTeens,Servicios financieros: adolescentes
Feature.NotApproved.Label.Sublabel.AdvertisingFoodAndBeverageFoodAndBeverages,Alimentos y bebidas: otros
Feature.NotApproved.Label.Sublabel.AdvertisingFoodAndBeverageHfssFoods,"Alimentos y bebidas: alimentos con alto contenido de grasas, azúcar y sal"
Feature.NotApproved.Label.Sublabel.AdvertisingFoodAndBeverageInfantFoods,Alimentos para bebés
Feature.NotApproved.Label.Sublabel.AdvertisingFuneralServices,Servicios funerarios
Feature.NotApproved.Label.Sublabel.AdvertisingHighRiskSports,Deportes de alto riesgo
Feature.NotApproved.Label.Sublabel.AdvertisingIllegalAndRegulatedGoods,Productos ilegales y regulados
Feature.NotApproved.Label.Sublabel.AdvertisingIllegalBodyAlterations,
Feature.NotApproved.Label.Sublabel.AdvertisingIllegalCosmetics,Mercancías reguladas: cosméticos
Feature.NotApproved.Label.Sublabel.AdvertisingIllegalCounterfeitingAndPiracy,Falsificación y piratería
Feature.NotApproved.Label.Sublabel.AdvertisingIllegalHealthDietAndMedical,"Salud, dieta y medicina"
Feature.NotApproved.Label.Sublabel.AdvertisingIllegalKitchenKnives,Mercancías reguladas: cuchillos de cocina
Feature.NotApproved.Label.Sublabel.AdvertisingIllegalMedicalDevices,Mercancías reguladas: dispositivos médicos
Feature.NotApproved.Label.Sublabel.AdvertisingIllegalOtcPharmaceuticals,Mercancías reguladas: productos farmacéuticos de venta libre
Feature.NotApproved.Label.Sublabel.AdvertisingIllegalOther,Mercancías reguladas: otros
Feature.NotApproved.Label.Sublabel.AdvertisingInvestigativeAndLegalServices,Servicios de investigación y jurídicos
Feature.NotApproved.Label.Sublabel.AdvertisingMaliciousSoftware,Software malicioso
Feature.NotApproved.Label.Sublabel.AdvertisingMartialArts,Artes marciales
Feature.NotApproved.Label.Sublabel.AdvertisingMatureMedia,Medios para adultos
Feature.NotApproved.Label.Sublabel.AdvertisingMisleadingReward,Recompensa engañosa
Feature.NotApproved.Label.Sublabel.AdvertisingMultiLevelMarketing,Marketing multinivel
Feature.NotApproved.Label.Sublabel.AdvertisingNoReward,Sin recompensa
Feature.NotApproved.Label.Sublabel.AdvertisingOnlineServicesLiveAi,Servicios en línea: IA en vivo
Feature.NotApproved.Label.Sublabel.AdvertisingOnlineServicesSocialCommerce,Servicios en línea: comercio en redes sociales
Feature.NotApproved.Label.Sublabel.AdvertisingParanormalAstrologicalAndOccult,"Paranormal, astrológico y ocultismo"
Feature.NotApproved.Label.Sublabel.AdvertisingPolitics,
Feature.NotApproved.Label.Sublabel.AdvertisingReligion,Religión
Feature.NotApproved.Label.Sublabel.AdvertisingToysHobbyAndLearning,"Juguetes, pasatiempos y aprendizaje"
Feature.NotApproved.Label.Sublabel.AdvertisingToysHobbyAndLearningAdults,"Juguetes, pasatiempos, aprendizaje: adultos"
Feature.NotApproved.Label.Sublabel.AdvertisingToysHobbyAndLearningOther,"Juguetes, pasatiempos, aprendizaje: otros"
Feature.NotApproved.Label.Sublabel.AdvertisingToysHobbyAndLearningTeens,"Juguetes, pasatiempos, aprendizaje: adolescentes"
Feature.NotApproved.Label.Sublabel.AdvertisingTravelAndEvents,Viajes y eventos
Feature.NotApproved.Label.Sublabel.AdvertisingUnauthorizedAdvertising,Publicidad no autorizada
Feature.NotApproved.Label.Sublabel.AdvertisingUnrequestedAd,Anuncio no solicitado
Feature.NotApproved.Label.Sublabel.CommerceAdultSexualProducts,Productos sexuales para adultos
Feature.NotApproved.Label.Sublabel.CommerceAlcoholAndAlcoholRelatedProducts,Alcohol y productos relacionados con el alcohol
Feature.NotApproved.Label.Sublabel.CommerceAnimalsPlantsAndRelatedProducts,"Animales, plantas y productos relacionados"
Feature.NotApproved.Label.Sublabel.CommerceAutomotiveProducts,Productos automotrices
Feature.NotApproved.Label.Sublabel.CommerceBabyPregnancyAndChildcareProducts,"Productos para bebé, embarazo y cuidado de niños"
Feature.NotApproved.Label.Sublabel.CommerceBeautyAndPersonalCare,Belleza y cuidado personal
Feature.NotApproved.Label.Sublabel.CommerceDigitalProducts,Productos digitales
Feature.NotApproved.Label.Sublabel.CommerceDocumentsFinancialInstrumentsAndEconomicOpportunity,"Documentos, instrumentos financieros y oportunidades económicas"
Feature.NotApproved.Label.Sublabel.CommerceElectronics,Electrónicos
Feature.NotApproved.Label.Sublabel.CommerceEvents,Eventos
Feature.NotApproved.Label.Sublabel.CommerceFoodAndBeverages,Alimentos y bebidas
Feature.NotApproved.Label.Sublabel.CommerceGambling,Apuestas
Feature.NotApproved.Label.Sublabel.CommerceGiftsCardsorDiscountCards,Tarjetas de regalo o tarjetas de descuento
Feature.NotApproved.Label.Sublabel.CommerceHazardousMaterial,Materiales peligrosos
Feature.NotApproved.Label.Sublabel.CommerceHealthcare,Salud
Feature.NotApproved.Label.Sublabel.CommerceHumanBodyPartsFluidsAndRelatedProducts,"Partes del cuerpo humano, fluidos y productos relacionados"
Feature.NotApproved.Label.Sublabel.CommerceIllegalProductsAndServices,Productos y servicios ilegales
Feature.NotApproved.Label.Sublabel.CommerceInsufficientProductDescription,Descripción del producto insuficiente
Feature.NotApproved.Label.Sublabel.CommerceMisleadingBundledDigitalItem,Objeto digital agrupado engañoso
Feature.NotApproved.Label.Sublabel.CommerceNoBundledDigitalItem,No hay objeto digital agrupado
Feature.NotApproved.Label.Sublabel.CommercePreOrder,Reservar
Feature.NotApproved.Label.Sublabel.CommercePreOwnedRecalledProducts,Productos preadquiridos/retirados del mercado
Feature.NotApproved.Label.Sublabel.CommerceSellerIntegrityViolation,Infracción de la integridad del vendedor
Feature.NotApproved.Label.Sublabel.CommerceServices,Servicios
Feature.NotApproved.Label.Sublabel.CommerceTobaccoAndEntheogens,Tobacco y enteógenos
Feature.NotApproved.Label.Sublabel.CommerceToysAndGames,Juguetes y juegos
Feature.NotApproved.Label.Sublabel.CommerceWeaponsFirearmsAndRelatedProducts,"Armas, armas de fuego y productos relacionados"
Feature.NotApproved.Label.Sublabel.ContentMaturityMissingDescriptor,Envío incorrecto del Cuestionario de madurez y cumplimiento
Feature.NotApproved.Label.Sublabel.ContentMaturityMissingModeratePlusDescriptor,
Feature.NotApproved.Label.Sublabel.ContentMaturityMissingSensitiveDescriptor,
Feature.NotApproved.Label.Sublabel.ContentMaturityMissingUnplayableDescriptor,
Feature.NotApproved.Label.Sublabel.ContentMaturityOffByMoreThanOneBucket,
Feature.NotApproved.Label.Sublabel.ContentMaturityOffByOneBucket,
Feature.NotApproved.Label.Sublabel.EconomicOpportunity,
Feature.NotApproved.Label.Sublabel.Emissive,
Feature.NotApproved.Label.Sublabel.ExperienceSpam,Publicación de spam
Feature.NotApproved.Label.Sublabel.FraudAbuseOfTheAffiliateSystem,Abuso del sistema de afiliados
Feature.NotApproved.Label.Sublabel.FraudAttemptedUnauthorizedPaymentMethodUse,Intento de uso de método de pago no autorizado
Feature.NotApproved.Label.Sublabel.FraudPaymentAbuse,Abuso de pagos
Feature.NotApproved.Label.Sublabel.FraudRepeatedRefundRequests,Solicitudes de reembolso repetidas
Feature.NotApproved.Label.Sublabel.FraudSuspiciousAccountPatterns,Patrones de cuenta sospechosos
Feature.NotApproved.Label.Sublabel.FraudSuspiciousRefundRequests,Solicitudes de reembolso sospechosas
Feature.NotApproved.Label.Sublabel.FraudUnauthorizedPurchase,Compra no autorizada
Feature.NotApproved.Label.Sublabel.FraudUseOfUnauthorizedOffPlatformTransactions,Uso de transacciones fuera de plataforma no autorizadas para contenido de Roblox
Feature.NotApproved.Label.Sublabel.FraudUseOfUnauthorizedPaymentMethod,Uso de método de pago no autorizado
Feature.NotApproved.Label.Sublabel.FraudVirtualEconomyAbuse,Abuso de la economía virtual
Feature.NotApproved.Label.Sublabel.RealLifeEvents,Eventos de la vida real
Feature.NotApproved.Label.Sublabel.RomanceOrSex,Romance o sexo
Feature.NotApproved.Label.Sublabel.TextScrubbed,Nombre o descripción de la experiencia inapropiados
Feature.NotApproved.Label.Sublabel.TextScrubbed.Note,"Detectamos que el nombre o la descripción de tu experiencia son inapropiados, así que los reemplazamos por un marcador de posición. Puedes crear un nuevo nombre y una nueva descripción en el Centro de creación o en Studio."
Feature.NotApproved.Label.Sublabel.UGCBundleAccessories,"Accesorios (cabello, colas, extremidades adicionales, etc.)"
Feature.NotApproved.Label.Sublabel.UGCBundleBakedInAssets,Recursos integrados
Feature.NotApproved.Label.Sublabel.UGCBundleClothing,
Feature.NotApproved.Label.Sublabel.UGCBundleHead,La cabeza no se anima
Feature.NotApproved.Label.Sublabel.UGCBundleInvisible,Partes del cuerpo invisibles
Feature.NotApproved.Label.Sublabel.UGCBundleMakeup,
Feature.NotApproved.Label.Sublabel.UGCBundleTattoos,Tatuajes
Feature.NotApproved.Label.Sublabel.UGCDuplicate,Contenido duplicado
Feature.NotApproved.Label.Sublabel.UGCMiscategorization,Categorización incorrecta
Feature.NotApproved.Label.Sublabel.UGCSpam,
Feature.NotApproved.Label.Suspension,Suspensión
Feature.NotApproved.Label.Violation,Infracción
Feature.NotApproved.Label.WhatHappened,¿Qué pasó?
Feature.NotApproved.SubHeading.RuleExplanation.BullyingHarassmentDiscrimination,No intimides ni discrimines
Feature.NotApproved.SubHeading.RuleExplanation.Dating,No hagas citas románticas
Feature.NotApproved.SubHeading.RuleExplanation.DirectingUsersOffPlatform,No compartas enlaces ni hagas intercambios fuera de Roblox
Feature.NotApproved.SubHeading.RuleExplanation.MisusingRobloxSystems,"No hagas trampa, no mientas ni engañes"
Feature.NotApproved.SubHeading.RuleExplanation.PII,No compartas información de contacto o de tu cuenta
Feature.NotApproved.SubHeading.RuleExplanation.RealLifeEvents,No recrees ni te burles de momentos perturbadores
Feature.NotApproved.SubHeading.RuleExplanation.SSHAndIllegalRegulatedActivities,No te comportes de forma peligrosa o dañina
Feature.NotApproved.SubHeading.RuleExplanation.Spam,El spam va en contra de las reglas
Feature.NotApproved.SubHeading.RuleExplanation.Swearing,No insultes
Feature.NotApproved.SubHeading.RuleExplanation.ViolentContentAndGore,No uses violencia extrema
Feature.NotApproved.Title.AvatarBrokeRules,Tu avatar infringió las reglas
Feature.Notifications.Action.PushUpsellAllow,Permitir
Feature.Notifications.Action.PushUpsellNotNow,
Feature.Notifications.Action.SnoozeFifteenMinutes,Por 15 minutos
Feature.Notifications.Action.SnoozeFourHours,Por 4 horas
Feature.Notifications.Action.SnoozeOneDay,Por 1 día
Feature.Notifications.Action.SnoozeOneHour,Por 1 hora
Feature.Notifications.Action.UntilITurnItBackOn,Hasta que yo las vuelva a activar
Feature.Notifications.Heading.PushUpsellChat,Manténganse conectados
Feature.Notifications.Heading.PushUpsellGeneric,¡No te pierdas nada!
Feature.Notifications.Heading.RemoveSnoozeFeedback,Las notificaciones para {title} no están silenciadas
Feature.Notifications.Heading.SnoozeFeedback,Notificaciones de {title} silenciadas por {duration}
Feature.Notifications.Heading.TurnOnNotifications,Activar notificaciones
Feature.Notifications.Label.GetUpdatesFromExperience,¿Quieres recibir actualizaciones de actividad de {experienceName} mientras estás ausente?
Feature.Notifications.Label.PushUpsellChat,"Permitir notificaciones push para obtener actualizaciones sobre chats, invitaciones de Equipo, sugerencias de contenido y más."
Feature.Notifications.Label.PushUpsellGeneric,"Recibe notificaciones de actividades como mensajes de chat, invitaciones, solicitudes de amistad y más."
Feature.Notifications.Label.ReceiveActivityUpdates,Recibe actualizaciones sobre la actividad mientras estás ausente
Feature.Notifications.Label.SecondsAbbreviated,s
Feature.Notifications.Response.NotificationsEnabled,Notificaciones activadas para esta experiencia
Feature.Notifications.Response.NotificationsEnabledForExperience,
Feature.Notifications.Webview.Title.ParentalControlsLaunch,Controles parentales actualizados
Feature.Notifications.Webview.Title.PolicyUpdate,Actualización de Política
Feature.Notifications.Webview.Title.SpendingSettings,Restricciones de gasto
Feature.PaidAccessPurchases.Webview.Title.Checkout,
Feature.PaidAccessRefunds.Webview.Title.RequestRefund,
Feature.Parents.Action.SendEmail,Enviar correo
Feature.Parents.Description.EnterParentEmail.ChildInstructions,Pide a tu padre o madre que te ayude con este paso. Enviaremos un correo electrónico a tu padre o madre para verificar su edad y vincular su cuenta con la tuya.
Feature.Parents.Description.EnterParentEmail.NoPC,"Padres: después de vincular la cuenta, podrán aprobar ciertas acciones de su hijo(a)."
Feature.Parents.Description.EnterParentEmail.PC,"Padres: después de vincular la cuenta, tendrán acceso a controles parentales y a información sobre el tiempo frente a la pantalla, los gastos y otros datos de su hijo(a)."
Feature.Parents.Description.EnterParentEmailV4,"Pide a tus padres que te ayuden con este paso.{lineBreak}Enviaremos un correo electrónico a tus padres para verificar su edad y vincularlos a tu cuenta.{lineBreak}Padres: después de vincular su cuenta, tendrán acceso a controles parentales, información sobre el tiempo en pantalla y amistades de su hijo(a) y más."
Feature.Parents.Description.EnterParentEmailWithoutParentalControl,"Pide a tus padres que te ayuden con este paso.{lineBreak}Enviaremos un correo electrónico a tus padres para verificar su edad y vincularlos a tu cuenta.{lineBreak}Padres: después de vincular su cuenta, podrán aprobar ciertas acción de su hijo(a)."
Feature.Parents.Description.ParentalEmailFooter,"Esta dirección de correo electrónico se asociará a su cuenta de Roblox con privilegios parentales. Para obtener más información sobre nuestras prácticas de datos, consulte la {linkStart}Política de privacidad{linkEnd}."
Feature.Parents.Label.Email,correo electrónico
Feature.Parents.Label.ParentEmail,Correo electrónico parental
Feature.Parents.Message.ConflictingPendingConsent,"Ya solicitaste permiso. Para enviar una nueva solicitud, primero cancela la vieja en Configuración."
Feature.Parents.Message.EmailIneligible,"Este correo electrónico no es elegible. Para solicitar el permiso parental en Roblox, use un correo electrónico diferente."
Feature.Parents.Message.InvalidEmail,Dirección de correo electrónico no válida
Feature.Parents.Message.RequestCreatedEmailNotSent,"Después de vincular tu cuenta de Roblox, tu padre o madre verá esta solicitud en los controles parentales."
Feature.Parents.Message.SomethingWentWrong,
Feature.Parents.Message.TooManyAttemptAskParent,"Demasiados intentos. Si ya solicitaste permiso, pide a tus padres que revisen su correo electrónico."
Feature.Parents.Message.TooManyAttempts,
Feature.Parents.Title.EnterParentEmail,Ingresar correo electrónico parental
Feature.Parents.Title.EnterParentEmailV2,
Feature.Parents.Title.SomethingWentWrong,
Feature.PlatformRestriction.Action.Continue,
Feature.PlatformRestriction.Action.Pending,
Feature.PlatformRestriction.Action.Signout,
Feature.PlatformRestriction.Content.NeedPermission,"Para usar Roblox, necesitas permiso parental."
Feature.PlatformRestriction.Title.AskParent,"Pide permiso a tu padre, madre o tutor"
Feature.PlayerSearchResults.Action.AddFriend,Añadir amistad
Feature.PlayerSearchResults.Label.FromSearch,Desde Búsqueda
Feature.PlayerSearchResults.Label.KeywordTooShort,Ingresa por lo menos 3 caracteres
Feature.PlayerSearchResults.Label.NewUsername,Nuevo nombre de usuario
Feature.PlayerSearchResults.Label.NoResultsFound,
Feature.PlayerSearchResults.Label.NoResultsTryAnotherWay,Prueba otra manera de encontrar amigos.
Feature.PlayerSearchResults.Label.Previously,Anteriormente
Feature.PlayerSearchResults.Label.ThisIsYou,Este eres tú
Feature.PlayerSearchResults.Label.You,Tú
Feature.PlayerSearchResults.Label.YouAreConnections,Están conectados
Feature.PlayerSearchResults.Label.YouAreFollowing,Lo sigues
Feature.PlayerSearchResults.Label.YouAreFriends,Son amigos
Feature.Profile.Action.AboutThisProfile,Acerca de este perfil
Feature.Profile.Action.Accept,
Feature.Profile.Action.AcceptFriends,
Feature.Profile.Action.Add,
Feature.Profile.Action.AllRequestsIgnored,Todas las solicitudes ignoradas
Feature.Profile.Action.Chat,
Feature.Profile.Action.CopyProfileLink,Copiar enlace de perfil
Feature.Profile.Action.EditAppearance,Editar aspecto
Feature.Profile.Action.EditAvatar,Editar avatar
Feature.Profile.Action.EditBackground,Editar fondo
Feature.Profile.Action.EditEmotes,Editar emotes
Feature.Profile.Action.EditLook,Editar estilo
Feature.Profile.Action.JoinGame,
Feature.Profile.Action.Pending,
Feature.Profile.Action.Save,
Feature.Profile.Action.ShareProfile,Compartir perfil
Feature.Profile.Action.ShareProfileLink,Compartir enlace de perfil
Feature.Profile.Action.SwitchAvatar,Cambiar avatar
Feature.Profile.Action.ToQRCode,
Feature.Profile.Action.UserBlocked,Usuario bloqueado
Feature.Profile.Action.ViewFullProfile,Ver perfil completo
Feature.Profile.Action.ViewProfile,
Feature.Profile.Description.AboutModalCaption,Deja que otros te conozcan mejor. Mantente a salvo; no compartas datos personales.
Feature.Profile.Description.InspectAndBuy,Haz clic para ver y comprar su atuendo.
Feature.Profile.Description.QrCodeDescription,Permite que otros escaneen tu código QR para conectarse contigo en Roblox. Los usuarios mayores de 13 años que se conecten a través del escaneo QR en vivo serán Amigos de confianza.
Feature.Profile.Description.QrCodeDescription.FriendsRename,Permite que otras personas escaneen tu código QR para conectarse contigo en Roblox. Los usuarios mayores de 13 años que se conecten mediante el escaneo en vivo del QR serán amigos de confianza.
Feature.Profile.Description.QrCodeScanning,Permite que otras personas escaneen tu código QR de Roblox con el escáner QR para añadirte rápidamente como amistad.
Feature.Profile.Description.RecognizeConnectionsByCustomName,Reconoce tus conexiones más fácilmente estableciendo un nombre personalizado. Los nombres importados de contactos y nombres personalizados solo son visibles para ti.
Feature.Profile.Description.RecognizeFriendsByCustomName,Reconoce a tus amigos más fácilmente estableciendo un nombre personalizado. Los nombres importados de contactos y nombres personalizados solo son visibles para ti.
Feature.Profile.Description.SaySomething,
Feature.Profile.Description.ScanQR,Deja que la gente que conoces escanee tu código QR para añadirte.
Feature.Profile.Description.SetCustomName,"Establece un nombre personalizado para <font weight=""medium"">{displayName}</font>."
Feature.Profile.Description.SetCustomNameNoDisplayName,Establecer un nombre personalizado.
Feature.Profile.Description.SocialNetworksCaptionEveryone,Actualmente visible para todos.
Feature.Profile.Description.SocialNetworksCaptionFollowers,"Actualmente visible para amigos, usuarios que sigues y seguidores."
Feature.Profile.Description.SocialNetworksCaptionFollowing,Actualmente visible para amigos y usuarios que sigues.
Feature.Profile.Description.SocialNetworksCaptionFriends,Actualmente visible para amigos.
Feature.Profile.Description.SocialNetworksCaptionNoOne,Actualmente no es visible para nadie.
Feature.Profile.Description.UsernameInsufficientFunds,Se necesitan {icon}{rbx} Robux más para cambiar el nombre de usuario. ¿Quieres comprar más Robux?
Feature.Profile.Description.UsernamePrice,1000
Feature.Profile.Header.BuyWholeLook,Comprar estilo completo
Feature.Profile.Header.InspectAndBuy,Avatar de {username}
Feature.Profile.Header.InspectAndBuy.BuySection,Total ({numberOfSelectedItems}/{totalNumberOfItems} objetos)
Feature.Profile.Header.InspectAndBuy.Tooltip,
Feature.Profile.Header.Inventory,
Feature.Profile.Header.Store,
Feature.Profile.Heading.AgedUpDisplayName,
Feature.Profile.Heading.AgedUpDisplayNameUpdated,Nombre actualizado.
Feature.Profile.Heading.DisplayName,
Feature.Profile.Heading.DisplayNameUpdated,Nombre de visualización actualizado
Feature.Profile.Heading.EditAgedUpDisplayName,Editar nombre
Feature.Profile.Heading.EditDisplayName,Editar nombre de visualización
Feature.Profile.Heading.InsufficientFunds,Fondos insuficientes
Feature.Profile.Heading.ProfileFrame,Marco del perfil
Feature.Profile.Heading.ProfilePictureSaved,Imagen de perfil guardada correctamente
Feature.Profile.Heading.ProfileQRCode,
Feature.Profile.Heading.Statistics,
Feature.Profile.Heading.Username,
Feature.Profile.Heading.UsernameUpdated,Nombre de usuario actualizado
Feature.Profile.Label.AboutDetailsHeading,Acerca de {name}
Feature.Profile.Label.AboutPlaceholder,Di algo...
Feature.Profile.Label.AddFriend,
Feature.Profile.Label.AgedUpDisplayNameCaption,"Este es el nombre público principal que otros usuarios verán en Roblox. Elige un nombre por el que te reconozcan tus amigos, como tu nombre real."
Feature.Profile.Label.AgedUpDisplayNameConnectionsCaption,"Este es el nombre público principal que otros usuarios verán en Roblox. Elige un nombre por el que la gente te reconozcan, como tu nombre real."
Feature.Profile.Label.AgedUpDisplayNameFailed,"No se puede guardar el nombre. Intenta con otro.
"
Feature.Profile.Label.AgedUpDisplayNameFriendsCaption,
Feature.Profile.Label.AgedUpDisplayNameModalCaption,"Solo puedes cambiar de nombre una vez cada 7 días.
"
Feature.Profile.Label.AgedUpDisplayNameTooShort,El nombre debe tener al menos 3 caracteres.
Feature.Profile.Label.Cancel,
Feature.Profile.Label.CustomName,Nombre personalizado
Feature.Profile.Label.CustomizeName,Personalizar nombre
Feature.Profile.Label.CustomizeNamePlaceholder,
Feature.Profile.Label.DisplayNameCaption,Este es el nombre público principal que otros usuarios verán en Roblox.
Feature.Profile.Label.DisplayNameFailed,El nombre de visualización no se puede guardar. Inténtalo de nuevo.
Feature.Profile.Label.DisplayNameModalCaption,El nombre de visualización solo se puede cambiar una vez cada 7 días.
Feature.Profile.Label.DisplayNameTooShort,El nombre de visualización debe tener al menos 3 caracteres.
Feature.Profile.Label.EditBackground,
Feature.Profile.Label.NoBioYet,Aún no hay biografía
Feature.Profile.Label.NoPreviousName,Sin nombres anteriores
Feature.Profile.Label.NoSocialLink,Aún no hay enlaces sociales
Feature.Profile.Label.PlayedTogetherInGameDescription,Jugaron juntos en {experience_name}
Feature.Profile.Label.PlayingExperience,jugando <b>{experienceName}</b>
Feature.Profile.Label.QRCodeFriendRequest,Enviado desde tu código QR
Feature.Profile.Label.RecentAgedUpDisplayName,"Tu nombre cambió recientemente. Solo puedes cambiar de nombre una vez cada 7 días.
"
Feature.Profile.Label.RecentDisplayName,Tu nombre de usuario se cambió recientemente. Solo puede cambiarse una vez cada 7 días.
Feature.Profile.Label.UnableToJoin,No se puede unirse
Feature.Profile.Label.UserIsPlayingExperience,<b>{userName}</b> está jugando <b>{experienceName}</b>
Feature.Profile.Label.UsernameDescription,Este es tu nombre único en Roblox. Cambiar tu nombre de usuario costará {icon}{price}.
Feature.Profile.Label.ViewDetails,
Feature.Profile.Message.BlockError,No se puede bloquear al usuario. Ya has bloqueado a demasiadas personas.
Feature.Profile.Message.FriendAdded,
Feature.Profile.Message.InvalidAliasError,El nombre no se puede guardar. Prueba con otro.
Feature.Profile.Message.NoExperienceAccess,No tienes acceso a la experiencia {name}.
Feature.Profile.Message.QRLoadFailed,Error al cargar
Feature.Profile.Message.QRNofificationRequest,te envió una solicitud de amistad desde tu código QR
Feature.Profile.Message.QRNotificationRequest,
Feature.Profile.Message.QRNotificationRequest.FriendsRename,
Feature.Profile.Title.QrScanner,Escáner QR
Feature.Profile.Tooltip.CurrencyTransfer.Body,Ahora puedes enviar Robux.
Feature.Profile.Tooltip.CustomNameProfile,Reconoce a tus amigos más fácilmente estableciendo un nombre personalizado.
Feature.Profile.Tooltip.DisplayName,Actualiza tu nombre para ayudar a tus amigos a reconocerte.
Feature.Profile.Tooltip.QrScanner,Escanea el código QR de tus amigos para agregarlos rápidamente en Roblox.
Feature.ProfileBadges.VerifiedBadgeInfo,"Esta insignia verifica que el(la) titular es una persona notable y auténtica, una marca o figura pública."
Feature.ProfileBadges.VerifiedBadgeInfoLink,
Feature.ProfileBadges.VerifiedBadgeInfoTitle,Insignia de verificación
Feature.ProfileBadges.action.close,
Feature.QualtricsSurveyPrompt.Action.Cancel,
Feature.QualtricsSurveyPrompt.Action.Close,"No, gracias."
Feature.QualtricsSurveyPrompt.Action.Continue,
Feature.QualtricsSurveyPrompt.Action.Done,
Feature.QualtricsSurveyPrompt.Action.Next,
Feature.QualtricsSurveyPrompt.Action.Retry,
Feature.QualtricsSurveyPrompt.Action.Send,
Feature.QualtricsSurveyPrompt.Description.Error,
Feature.QualtricsSurveyPrompt.Description.PromptText,"Hola, {DisplayName}: ¿Te gustaría ayudar Roblox a mejorar? Toma la encuesta para decirnos lo que piensas."
Feature.QualtricsSurveyPrompt.Description.TakeAQuickSurvey,Responde una encuesta rápida para ayudar a Roblox a mejorar.
Feature.QualtricsSurveyPrompt.Heading.GiveUsFeedback,Envíanos tus comentarios
Feature.QualtricsSurveyPrompt.Heading.Title,Ayuda Roblox a mejorar
Feature.QualtricsSurveyPrompt.Heading.WebviewName,Encuesta
Feature.QualtricsSurveyPrompt.Response.SurveySubmitted,¡Gracias por tus comentarios!
Feature.Reauthentication.Message.Error.Default,
Feature.ReportAbuse.Action.Close,
Feature.ReportAbuse.Action.Continue,
Feature.ReportAbuse.Action.ContinueReport,Continuar reportando
Feature.ReportAbuse.Action.EnterChatLineReporting,
Feature.ReportAbuse.Action.ErrorModalGoBack,
Feature.ReportAbuse.Action.ReturnToExperience,Volver a la experiencia
Feature.ReportAbuse.Action.Submit,
Feature.ReportAbuse.Action.TextMute,Bloquear chat de {name}
Feature.ReportAbuse.DSAIllegal.ReportLink,Denuncia contenidos ilegales en virtud de la Ley de Servicios Digitales de la UE.
Feature.ReportAbuse.DSAIllegal.ReportPageTitle,Denunciar contenido ilegal
Feature.ReportAbuse.Description.IpInfringementReportModal,<b>Guarda este código.</b> Lo necesitarás para completar tu <b>Solicitud de eliminación</b> utilizando las herramientas de <b>Propiedad intelectual</b> en el <b>Centro de creación</b> o por correo electrónico <i>(consulta los detalles en los Términos de uso)</i>. <b>Este código solo será válido durante 48 horas.</b>
Feature.ReportAbuse.Heading.ReportAbuse,
Feature.ReportAbuse.Label.CategoryBullyingV2,"Intimidación, acoso, discriminación"
Feature.ReportAbuse.Label.CategoryContent,"Conten. inadecuado: lugar, imagen, modelo"
Feature.ReportAbuse.Label.CategoryDating,
Feature.ReportAbuse.Label.CategoryInappropriate,"Lenguaje inadecuado, vulgar y contenido adulto"
Feature.ReportAbuse.Label.CategoryOther,Incumplimiento de otra norma
Feature.ReportAbuse.Label.CategoryPrivateInfo,Pedir o dar información privada
Feature.ReportAbuse.Label.CategoryScamming,"Exploits, trampas, estafa"
Feature.ReportAbuse.Label.CategoryTheft,"Robo de cuenta: phishing, hacking, comerciar"
Feature.ReportAbuse.Label.CategoryThreats,Amenazas en la vida real y de suicidio
Feature.ReportAbuse.Label.ChooseOne,Elige uno
Feature.ReportAbuse.Label.Confirmation.Subheading,Revisaremos tu informe pronto y tomaremos medidas si es necesario. Tus comentarios ayudan a mantener segura a nuestra comunidad.
Feature.ReportAbuse.Label.Confirmation.Title,Gracias por tu denuncia
Feature.ReportAbuse.Label.FinishChatReport,Termina tu reporte de chat
Feature.ReportAbuse.Label.GenericReportIllegalContentMessage,Reportar contenido ilegal o contenido dañino para niños
Feature.ReportAbuse.Label.Optional,
Feature.ReportAbuse.Label.PleaseSelectOne,Selecciona uno.
Feature.ReportAbuse.Label.Report,
Feature.ReportAbuse.Label.ReportSubmitted,
Feature.ReportAbuse.Label.SelectChatLine,Selecciona un chat para reportar
Feature.ReportAbuse.Label.SentInAnotherChat,Enviado a otro chat
Feature.ReportAbuse.Label.SentPrivately,Enviado en privado
Feature.ReportAbuse.Label.TakeItDownCopy,"Denuncia imágenes íntimas no consensuadas según se definen en el Título 47, Sección 223a, del Código de Estados Unidos."
Feature.ReportAbuse.Label.TellUsWhatHappened,Cuéntanos lo que pasó. (Opcional)
Feature.ReportAbuse.Label.TellUsWhatHappenedNoOptional,Cuéntanos lo que pasó:
Feature.ReportAbuse.Label.UserTextMuted,Bloqueamos chats de {name}
Feature.ReportAbuse.Label.UserTextMutedError,No pudimos bloquear chats de {name}
Feature.ReportAbuse.Label.WhatWasWrong,
Feature.ReportAbuse.Label.WhereDidItHappen,¿Dónde ocurrió?
Feature.ReportAbuse.Label.YourReportCode,Tu código de informe único:
Feature.ReportAbuse.Message.ChatLineReportingInfoText,"Tu reporte incluirá todos los mensajes en este canal, así como el que seleccionas."
Feature.ReportAbuse.Message.ErrorBEDUIFetchFailed,No se pudo cargar la denuncia. Vuelve a intentarlo.
Feature.ReportAbuse.Message.ErrorSubmit,Hubo un problema al enviar tu denuncia.
Feature.ReportAbuse.Message.ErrorSubmitFailure,No se pudo enviar la denuncia. Vuelve a intentarlo.
Feature.ReportAbuse.Message.Loading,
Feature.ReportAbuse.Message.OSACopy1,Revisaremos tu reporte y tomaremos las medidas apropiadas. No compartimos tu información con ningún usuario al que reportes.
Feature.ReportAbuse.Message.OSACopy2,"El usuario o el contenido que reportaste no se bloquearán automáticamente. Si quieres limitar tus interacciones con un usuario, puedes bloquearlo."
Feature.ReportAbuse.Message.OSACopy3,También puede reportar contenido ilegal en virtud de la Ley de Seguridad en Línea del Reino Unido.
Feature.ReportAbuse.Message.OSACopy4,Reportar contenido ilegal y/o contenido dañino para niños.
Feature.ReportAbuse.Message.OSACopyReadOnly,"Para reportar contenido ilegal y/o perjudicial para los niños, visita: https://www.roblox.com/illegal-content-reporting"
Feature.ReportAbuse.Message.Success,Se envió tu denuncia.
Feature.ReportAbuse.Message.ThankYouReport,Gracias. Utilizaremos tu reporte para hacer de Roblox un lugar divertido y seguro para todos.
Feature.ReportAbuse.Message.UserTextMuted,No recibirás ningún chat de texto de esas personas en esta experiencia.
Feature.ReportAbuse.Message.UserTextMutedErrorDoesNotExist,No pudimos encontrar {name}. Puede que ya hayan abandonado la experiencia.
Feature.ReportAbuse.Message.UserTextMutedErrorSelf,No puedes bloquear tus propios chats.
Feature.ReportAbuse.Message.UserTextMutedSystem,Se silenció el usuario ‘{name}’. '/reactivar {name}' para deshacer.
Feature.ReportAbuse.Problem.Bullying,Bullying
Feature.ReportAbuse.Problem.Cheating,
Feature.ReportAbuse.Problem.Dating,Cita o sexo
Feature.ReportAbuse.Problem.Hate,Odio
Feature.ReportAbuse.Problem.Links,Enlaces fuera de la plataforma
Feature.ReportAbuse.Problem.Personal,Información personal
Feature.ReportAbuse.Problem.Scamming,
Feature.ReportAbuse.Problem.Spamming,
Feature.ReportAbuse.Problem.Swearing,Lenguage soez
Feature.ReportAbuse.Problem.Violence,
Feature.ReportAbuse.ProblemDescription.Bullying,"Bullying, acoso o discurso de odio"
Feature.ReportAbuse.ProblemDescription.Cheating,Romper las reglas o explotar usando hacks o código
Feature.ReportAbuse.ProblemDescription.Dating,"Citas, romance o sexo"
Feature.ReportAbuse.ProblemDescription.Hate,"Odio, insultos o discriminación"
Feature.ReportAbuse.ProblemDescription.Links,Enlace a un sitio web o aplicación fuera de Roblox
Feature.ReportAbuse.ProblemDescription.Personal,Solicitar o proporcionar información personal
Feature.ReportAbuse.ProblemDescription.Scamming,"Scam, fraudes o intercambios falsos"
Feature.ReportAbuse.ProblemDescription.Spamming,Envío de spam o mensajes repetitivos
Feature.ReportAbuse.ProblemDescription.Swearing,"Palabrotas, maldiciones o blasfemias"
Feature.ReportAbuse.ProblemDescription.Violence,Violencia extrema o gore
Feature.ReportAbuse.Title.SelectInSceneContinueYourReport,Continúa con tu denuncia
Feature.ReportAbuse.Title.SelectInSceneIpReport,Gracias por iniciar tu denuncia de infracción de propiedad intelectual
Feature.RobloxSubscription.Action.Subscribe,Suscribirse
Feature.RobloxSubscription.Action.TryItForFree,Haz la prueba gratis
Feature.RobloxSubscription.Body.AlreadySubscribed,Tu suscripción Plus ya te ofrece beneficios en el juego.
Feature.RobloxSubscription.Body.GenericError,No pudimos completar esto en este momento. Inténtalo de nuevo.
Feature.RobloxSubscription.Body.UnsupportedPlatform,Esta suscripción no está disponible para su compra en este dispositivo.
Feature.RobloxSubscription.Description.AgeCheckTrial,Completa la verificación de edad y obtén 1 semana gratis de Roblox Plus como agradecimiento. No se necesita ninguna forma de pago para disfrutar de esta prueba gratuita.
Feature.RobloxSubscription.Description.Benefit.Customize,Personalizar con marcos de perfil y temas de la app
Feature.RobloxSubscription.Description.Benefit.DiscountV2,10% de descuento los primeros 60 días y luego 20% de descuento en objetos y avatares
Feature.RobloxSubscription.Description.ExclusiveBenefits,Más diversión por menos Robux. Suscríbete a Roblox Plus.
Feature.RobloxSubscription.Disclosure.BlackbirdTermsAgreement,"Al hacer clic en \u{201C}{ctaText}\u{201D}, aceptas los <a href=""{termsUrl}"">Términos de suscripción de Roblox</a>. Se te te hará el cargo automáticamente cada mes hasta que canceles la suscripción."
Feature.RobloxSubscription.Label.BlackbirdPSDiscount,Servidores privados gratis
Feature.RobloxSubscription.Label.BlackbirdPriceTag,{price}/{periodType}
Feature.RobloxSubscription.Label.BlackbirdTr,Enviar Robux gratis
Feature.RobloxSubscription.Label.BlackbirdUpsellBanner,Obtén un {discountPercentage}% de descuento con Roblox Plus
Feature.RobloxSubscription.Label.BlackbirdVTDiscountFirst,"{discountPercent}% de descuento en objetos dentro del juego, avatares y más"
Feature.RobloxSubscription.Label.BlackbirdVTDiscountSecond,{discountPercent}% de descuento en estos objetos después del {periodIndex} {periodType}
Feature.RobloxSubscription.Label.FreeTrialDisclosureShort,"Al hacer clic en “Continuar”, aceptas los {linkStart}Términos de suscripción de Roblox{linkEnd}."
Feature.RobloxSubscription.Label.FreeTrialDisclosureV2,"Al hacer clic en Haz la prueba gratis, aceptas los {linkStart}Términos de suscripción de Roblox.{linkEnd} Tu prueba gratuita finalizará en 1 mes y se te hará el cargo cada mes de forma automática hasta que canceles la suscripción."
Feature.RobloxSubscription.Label.FreeTrialText,Obtén una prueba gratuita
Feature.RobloxSubscription.Label.RobloxPlusPriceRowV2,{boldStart}1 mes gratis{boldEnd} y luego {price} cada {periodType}
Feature.RobloxSubscription.Label.month,mes
Feature.RobloxSubscription.Label.months,meses
Feature.RobloxSubscription.Title.AgeCheckTrial,Obtén 1 semana gratuita de Plus
Feature.RobloxSubscription.Title.AlreadySubscribed,Buenas noticias
Feature.RobloxSubscription.Title.GenericError,
Feature.RobloxSubscription.Title.GetBlackbird,Obtén Roblox Plus
Feature.RobloxSubscription.Title.UnsupportedPlatform,Roblox Plus no está disponible aquí
Feature.SafetyDashboard.Heading.AccountStatus.V2,"Estado de la cuenta, las infracciones y las apelaciones"
Feature.Schools.Action.AlreadyGraduated,Ya me gradué
Feature.Schools.Action.CantFindSchool,¿No encuentras tu escuela?
Feature.Schools.Action.Continue,
Feature.Schools.Action.LeaveSchool,Eliminar escuela
Feature.Schools.Action.Ok,
Feature.Schools.Action.PrivacyPolicy,
Feature.Schools.Action.Remove,
Feature.Schools.Action.ResendCode,
Feature.Schools.Action.Share,
Feature.Schools.Action.TermsOfService,
Feature.Schools.Action.UnidaysPrivacyPolicy,Política de privacidad de UNiDAYS
Feature.Schools.Action.UnidaysTermsOfService,Términos de servicio de UNiDAYS
Feature.Schools.Body.EnterCode,UNiDAYS envió un correo electrónico con tu código de un solo uso a {user_email}. Ingresa el código a continuación para confirmar tu escuela.
Feature.Schools.Body.UnidaysShare,Tu dirección de correo electrónico no será visible para otros usuarios.
Feature.Schools.Body.UnidaysTerms,"Nos asociamos con UNiDAYS para verificar la dirección de correo electrónico de tu escuela. Al hacer clic en “Continuar”, aceptas los términos de servicio y la política de privacidad de UNiDAYS."
Feature.Schools.Caption.AlumniGroupOnGraduate,"Una vez que te gradúes, formarás parte del grupo de exalumnos de {school}."
Feature.Schools.Caption.RemovedOnGraduate,"Una vez que te gradúes, se te eliminará de {school}."
Feature.Schools.Description.CantFindSchoolNotify,Te notificaremos cuando tu escuela esté en Roblox.
Feature.Schools.Description.CantVerifySchool,"Según la información que proporcionaste, no pudimos verificar tu escuela."
Feature.Schools.Description.ConnectWithFellowAlumni,Conecta con otros exalumnos
Feature.Schools.Description.FeatureAvailableBody,Encuentra amistades de tu escuela
Feature.Schools.Description.InviteFriendsExclusiveItem,Invita a otras personas a verificar su escuela. Obtén un objeto gratis cuando tu escuela se lance.
Feature.Schools.Description.InviteFriendsUnlockSooner,Ayuda a lanzar el grupo de exalumnos de tu escuela más rápido.
Feature.Schools.Description.InviteOthersToVerify,Invita a otras personas a verificar su escuela
Feature.Schools.Description.MoreVerifiedAlumniNeeded,Se necesitan más exalumnos verificados
Feature.Schools.Description.NotAvailableInRegion,La función escuela aún no está disponible.
Feature.Schools.Description.RemoveSchoolBody,Tendrás que verificar la dirección de correo electrónico de tu escuela para volver a unirte a ella. Se eliminarán todos los artículos de recompensa que hayas recibido.
Feature.Schools.Description.SchoolIsLiveBody,
Feature.Schools.Description.SchoolUnavailableBody,Esta escuela no está disponible actualmente en Roblox.
Feature.Schools.Description.UpsellDisclaimer,Tu escuela solo será visible para personas de la misma escuela. Puedes actualizarla o eliminarla en cualquier momento.
Feature.Schools.Description.UpsellTagline,"Descubre, conecta y juega con estudiantes verificados de tu escuela."
Feature.Schools.Description.WaitlistAlumniBody,Todo listo. Te notificaremos tan pronto como el grupo de exalumnos de tu escuela se lance.
Feature.Schools.Description.WaitlistBody,Eres miembro fundador. Invita a tus compañeros de clase a lanzar juntos tu escuela.
Feature.Schools.Error.AlreadyLinked,Esta dirección de correo electrónico ya está vinculada a otra cuenta
Feature.Schools.Error.InvalidEmail,Ingresa una dirección de correo electrónico válida de la escuela.
Feature.Schools.Error.InvalidPassCode,Este código es incorrecto.
Feature.Schools.Error.NotSchoolEmail,Utiliza una dirección de correo electrónico emitida por tu escuela
Feature.Schools.Error.OtpAlreadyUsed,Este código ya se usó.
Feature.Schools.Error.OtpExpired,Este código venció.
Feature.Schools.Error.OtpInvalidFormat,Este código tiene un formato no válido.
Feature.Schools.Error.OtpTooManyAttempts,Alcanzaste el límite máximo de intentos para hoy.
Feature.Schools.Error.SomethingWentWrong,
Feature.Schools.Error.UnidaysEmailNotFound,UNiDAYS no puede encontrar este correo electrónico.
Feature.Schools.Filter.AllYears,Todos los años
Feature.Schools.Filter.Apply,
Feature.Schools.Filter.GradYear,Año de graduación
Feature.Schools.GiftForYou,Un regalo para ti
Feature.Schools.Heading.AddSchool,Añadir escuela
Feature.Schools.Heading.AddSchoolNow,Únete a tus compañeros de clase
Feature.Schools.Heading.CantFindSchool,No podemos encontrar tu escuela
Feature.Schools.Heading.CantVerifySchool,No podemos verificar tu escuela
Feature.Schools.Heading.CheckYourEmail,Revisa tu correo
Feature.Schools.Heading.EnterSchoolEmail,Ingresa el correo electrónico de tu escuela
Feature.Schools.Heading.InviteYourClassmates,Invita a tus amistades de la escuela
Feature.Schools.Heading.InviteYourFriends,Invita a tus amistades
Feature.Schools.Heading.JoinClassmates,
Feature.Schools.Heading.MembersWithCount,{count} miembros
Feature.Schools.Heading.RemoveYourSchool,Eliminar tu escuela
Feature.Schools.Heading.SchoolIsLive,Tu escuela ya está abierta
Feature.Schools.Heading.SchoolUnavailable,Tu escuela no está disponible
Feature.Schools.Heading.SelectGraduationYear,Selecciona el año de graduación
Feature.Schools.Heading.ShareWithFriends,Comparte con amistades
Feature.Schools.Heading.ThanksForInterest,Gracias por tu interés
Feature.Schools.Heading.YouJoinedSchool,¡Te uniste a {school}!
Feature.Schools.Heading.YourFounderReward,Tu recompensa de fundador
Feature.Schools.Label.AlumniGroupLaunches,Lanzamiento del grupo de exalumnos
Feature.Schools.Label.Classmates,
Feature.Schools.Label.ConfirmSchool,Elegir escuela
Feature.Schools.Label.ConnectWithClassmates,Interactúa con tus compañeros de clase
Feature.Schools.Label.DidntGetCode,¿No recibiste un código?
Feature.Schools.Label.MoreToUnlockSchool,Necesitas {count} más para lanzar tu escuela
Feature.Schools.Label.ResendInSeconds,Reenviar en {time}
Feature.Schools.Label.SchoolLaunches,Lanzamiento de la escuela
Feature.Schools.Label.SchoolVerified,Tu verificación está completa
Feature.Schools.Label.Search,
Feature.Schools.Label.SuggestedEmail,¿Querías decir {email}?
Feature.Schools.Label.UnlockAlumniGroup,Grupo de exalumnos pendiente
Feature.Schools.Label.UpsellPerkFindFriends,
Feature.Schools.Label.UpsellPerkPlayAndChat,Mira quién está conectado y jueguen juntos fácilmente
Feature.Schools.Label.UpsellPerkTrends,Descubre lo que está de moda en tu escuela
Feature.Schools.Placeholder.Email,Correo electrónico de estudiante
Feature.Schools.Placeholder.SixDigitCode,Código de 6 dígitos
Feature.Schools.RewardGiftBody,Gracias por verificar tu escuela. Puedes encontrar tu nuevo objeto en Avatar > Accesorio > Espalda.
Feature.Screentime.Content.ScreentimeLimitDialog,Alcanzaste el límite de tiempo diario en pantalla. Vuelve mañana para acceder nuevamente a Roblox.
Feature.Screentime.Description.HeartbeatConsecutiveFailure,Error interno. Vuelve a iniciar sesión.
Feature.Screentime.Description.MoreScreentimeDescription,Esto extiende temporalmente el tiempo límite en pantalla
Feature.Screentime.Heading.ScreentimeLimitDialog,Límite de tiempo en pantalla alcanzado
Feature.Screentime.Label.FifteenMoreMinutes,15 minutos más
Feature.Screentime.Label.FiveMoreMinutes,5 minutos más
Feature.Screentime.Label.Options,Añadir más tiempo
Feature.SecurityFeedback.Header.NewLogin,Nueva alerta de actividad
Feature.Settings.Description.AccountSettingsScan,"Escanea el código QR usando la cámara de tu dispositivo complementario
para abrir la Configuración de la cuenta en la aplicación de Roblox."
Feature.Settings.Description.AccountSettingsWebsite,"Para acceder a Privacidad, Controles de seguridad y más
visita el sitio web o un dispositivo complementario."
Feature.Settings.Description.CrossPlatform,"Te unirás a experiencias con personas de todas las plataformas,
y verás a más personas en más experiencias."
Feature.Settings.Description.PlatformAccountSettingsSuccess,La Configuración de {platform} está configurada correctamente y todo está listo para que te unas.
Feature.Settings.Description.SwitchProfile,Puedes cambiar tu perfil de {platform} aquí.
Feature.Settings.Heading.AccountSettings,
Feature.Settings.Heading.PlatformAccountSettings,Configuración de {platform}
Feature.Settings.Heading.SwitchProfile,Cambiar perfil
Feature.Settings.Label.Allowed,Permitido
Feature.Settings.Label.CrossPlatform,Juego multiplataforma
Feature.Settings.Label.Disabled,Desactivado
Feature.Settings.Label.Disallowed,Rechazado
Feature.Settings.Label.Enabled,Activado
Feature.Settings.Label.Error,
Feature.Settings.Label.Loading,Cargando
Feature.Settings.Label.Multiplayer,Multijugador
Feature.Settings.Label.Open,Abierto
Feature.Settings.Label.Recommended,Recomendado
Feature.Settings.Label.SharedContent,Contenido compartido
Feature.Settings.Subheading.AccountSettingsScan,Escanear código QR
Feature.Settings.Subheading.AccountSettingsWebsite,Visitar sitio web
Feature.SettingsHub.Action.AllowInSettings,Permitir en configuración
Feature.SettingsHub.Action.CancelSearch,
Feature.SettingsHub.Action.InviteFriend,
Feature.SettingsHub.Action.NotNow,
Feature.SettingsHub.Action.Ok,
Feature.SettingsHub.Action.OpenSettings,
Feature.SettingsHub.Description.CameraPermissionRequestQRCode,Necesitamos acceso a tu cámara para que puedas escanear un código QR.
Feature.SettingsHub.Description.ContactsPermissionAndroid,"1. Selecciona Permiso
2. Selecciona Contactos
3. Permite que Roblox acceda a tus contactos"
Feature.SettingsHub.Description.ContactsPermissionAndroidDeeplinkNotSupported,"1. Ve a Configuración > Permiso
2. Selecciona Contactos
3. Permite que Roblox acceda a tus contactos"
Feature.SettingsHub.Description.ContactsPermissionIOS,"Para conectar con amigos, permite que Roblox acceda a tus contactos."
Feature.SettingsHub.Description.ContactsPermissionRequest,Necesitamos acceso a tus contactos para que puedas interactuar con tus amistades.
Feature.SettingsHub.Description.QRCodeCameraPermissionAndroid,"1. Selecciona Permiso
2. Selecciona Cámara
3. Permite que Roblox acceda a tu cámara"
Feature.SettingsHub.Description.QRCodeCameraPermissionAndroidDeeplinkNotSupported,"1. Ve a Configuración > Permiso
2. Selecciona Cámara
3. Permite que Roblox acceda a tu cámara"
Feature.SettingsHub.Description.QRCodeCameraPermissionIOS,"Para escanear el código QR, permite que Roblox acceda a tu cámara."
Feature.SettingsHub.Label.ConnectionsListLoadErrorMessage,No se puede cargar Conexiones. Inténtalo de nuevo más tarde.
Feature.SettingsHub.Label.FriendsListLoadErrorMessage,No se puede cargar amigos. Inténtalo de nuevo más tarde.
Feature.SettingsHub.Label.InviteSearchNoResults,
Feature.SettingsHub.Label.Invited,Invitado
Feature.SettingsHub.Label.Moderated,Moderado
Feature.SettingsHub.Label.NoConnectionsPageMessage,Añade conexiones para que puedan explorar juntos.
Feature.SettingsHub.Label.NoConnectionsScreen,Añade Conexiones para invitarlas a unirse a ti.
Feature.SettingsHub.Label.NoFriendsPageMessage,Agrega amigos para que puedan explorar juntos.
Feature.SettingsHub.Label.NoFriendsScreen,¡Haz amistades para invitarlas a unirse!
Feature.SettingsHub.Label.ReportComment,"En tus propias palabras, ayúdanos a entender lo que salió mal."
Feature.SettingsHub.Label.SearchForFriendsPlaceholder.FriendsRename,
Feature.SettingsHub.Label.Sending,
Feature.SettingsHub.Prompt.AllowAccessToCamera,¿Permitir el acceso a la cámara?
Feature.SettingsHub.Prompt.AllowAccessToContacts,¿Permitir el acceso a los contactos?
Feature.SettingsHub.Prompt.NeedCameraAccess,Se necesita acceso a Cámara
Feature.SettingsHub.Prompt.NeedContactsAccess,Se necesita acceso a Contactos
Feature.SettingsHub.Prompt.RestartOnMicAccessChange,Necesitas reiniciar la aplicación para que se apliquen los cambios de acceso al micrófono.
Feature.SettingsHub.Prompt.Subtitle.AllowMicrophoneAccess,"Para chatear con la voz con otros, permite que Roblox acceda a tu micrófono."
Feature.SocialShare.Action.CopyLink,
Feature.SocialShare.Action.Redirect,Redirigiendo...
Feature.SocialShare.Action.Share,
Feature.SocialShare.Description.InvalidLinkError,Este enlace no existe.
Feature.SocialShare.Description.InviteExpiredError,El enlace de la invitación caducó. ¿Todavía quieres unirte a {experienceName}?
Feature.SocialShare.Description.InviterNotHereError,La persona que te invitó salió de la experiencia. ¿Todavía quieres unirte a {experienceName}?
Feature.SocialShare.Label.Copied,Copiado
Feature.SocialShare.Label.CopyLinkToShareWithPeople,Copiar enlace para compartir con personas que conoces
Feature.SocialShare.Label.InvalidLinkError,Enlace no válido
Feature.SocialShare.Label.InviteExpiredError,El enlace de la invitación caducó
Feature.SocialShare.Label.InviterNotHereError,La persona que te invitó no está aquí
Feature.SocialShare.Response.Error,
Feature.SocialShare.Response.Error.Subtext,Inténtalo de nuevo más tarde.
Feature.SocialShare.ShareWithPeopleYouKnow,Comparte con gente que conoces
Feature.SocialTab.Label.AddFriendHint,Toca aquí para añadir amigos
Feature.SocialTab.Label.AddFriendHintBody,¡Roblox es más divertido con amigos!
Feature.SocialTab.Label.Connect,
Feature.SocialTab.Label.CreateAndExploreGroups,Crear y explorar comunidades
Feature.SocialTab.Label.Groups,
Feature.SongDetails.Action.Favorite,
Feature.SongDetails.Action.Report,
Feature.SongDetails.Action.ReportAudio,Denunciar audio
Feature.SongDetails.Body.DescriptionTitle,Acerca de la canción
Feature.SongDetails.Label.DateUploaded,Fecha de carga
Feature.SongDetails.Label.ExperiencesFeaturing,Experiencias reproduciendo canción
Feature.SongDetails.Label.ExperiencesFeaturingTrack,Experiencias reproduciendo {trackName}
Feature.SongDetails.Label.Genre,
Feature.SongDetails.Label.InappropriateAudio,Audio inapropiado
Feature.SongDetails.Label.InappropriateThumbnail,Miniatura inapropiada
Feature.SongDetails.Label.Length,Longitud
Feature.SongDetails.Label.MonthlyListeners,Escuchas mensuales
Feature.SongDetails.Label.SongPreview,Vista previa de la canción
Feature.SongDetails.Label.SongsAvailableBy,Canciones disponibles de {artistName}
Feature.SongDetails.Label.SongsBy,Canciones de {artistName}
Feature.SongDetails.Label.ThousandPlus,1000+
Feature.SongDetails.Label.Vendor,Vendedor
Feature.Squads.Action.Add,
Feature.Squads.Action.AddOthers,Añadir a otros
Feature.Squads.Action.ConnectToVoice,Conectar a la voz
Feature.Squads.Action.ContinueWithoutVoice,Continuar sin voz
Feature.Squads.Action.Delete,
Feature.Squads.Action.DisconnectFromVoice,Desconectar de la voz
Feature.Squads.Action.DontJoin,
Feature.Squads.Action.Edit,
Feature.Squads.Action.Invite,
Feature.Squads.Action.InviteAgain,Invitar de nuevo
Feature.Squads.Action.Join,
Feature.Squads.Action.JoinWithParty,Unirse con equipo
Feature.Squads.Action.JoinWithPrivateParty,Únete a un grupo privado
Feature.Squads.Action.Ok,
Feature.Squads.Action.Party,
Feature.Squads.Action.Remove,
Feature.Squads.Action.Retry,
Feature.Squads.Action.ScheduleAParty,Programa un equipo
Feature.Squads.Action.ScheduleParty,
Feature.Squads.Action.Start,Empezar
Feature.Squads.Action.Switch,
Feature.Squads.Action.TapToStartNewParty,Toca para formar un nuevo equipo
Feature.Squads.Action.View,
Feature.Squads.Action.VoiceErrorGeneral,
Feature.Squads.Action.VoiceErrorPartyNotVoiceEligible,
Feature.Squads.Action.VoiceErrorUserIneligible,
Feature.Squads.Action.WaitingForParty,Esperando equipo
Feature.Squads.Action.Yes,
Feature.Squads.Description.AddFriends,Los amigos que añades pueden ver todos los mensajes anteriores en este grupo
Feature.Squads.Description.AlreadyJoined,Ya te uniste a este Equipo
Feature.Squads.Description.DeleteScheduledSquad,¿En verdad quieres eliminar la reunión programada?
Feature.Squads.Description.DisconnectVoiceDueToLowMemory,Tu dispositivo tiene poca memoria. Desconecta la voz para evitar que Roblox se caiga. Permanecerás en el Equipo.
Feature.Squads.Description.FailedToJoin,Algo salió mal al unirse al equipo. Inténtalo de nuevo.
Feature.Squads.Description.Going,Asistirá
Feature.Squads.Description.Interested,Me interesa
Feature.Squads.Description.InviteConnectionsToParty,Invitar estas conexiones al Equipo también las invitará al grupo. Podrán ver el historial del chat.
Feature.Squads.Description.InviteFriendsToParty,Invitar a estos amigos al Equipo también los invitará al grupo. Podrán ver el historial del chat.
Feature.Squads.Description.Invited,Se invitó
Feature.Squads.Description.InvitedToExperience,"Alguien ya te está invitando a una experiencia. Cuando la invitación haya completado, puedes intentarlo de nuevo."
Feature.Squads.Description.JoinAnotherParty,Actualmente estás en un equipo activo. ¿Quieres salir de tu equipo actual y unirte a este?
Feature.Squads.Description.JoinWithLowMemory,"Tu dispositivo tiene poca memoria. Si te unes sin voz, evitarás que Roblox se caiga."
Feature.Squads.Description.LuckyRecommendationRevealed,Todo el grupo puede unirse
Feature.Squads.Description.LuckyRecommendationRolling,Cómo encontrar una buena opción para tu grupo
Feature.Squads.Description.LuckyRecommendationRow,¡Comencemos! 
Feature.Squads.Description.ManyPeopleActive,{userCount} personas activas
Feature.Squads.Description.NoResponse,Sin respuesta
Feature.Squads.Description.NotGoing,No asistiré
Feature.Squads.Description.OneOnOneExpandedChatFeaturesActivePartyError,Los chats de dos personas con funciones ampliadas no se pueden convertir en un chat grupal mientras un equipo esté activo.
Feature.Squads.Description.OnePersonActive,1 persona activa
Feature.Squads.Description.PartyEnded,El equipo terminó. ¿Quieres crear un nuevo equipo?
Feature.Squads.Description.PartyFull,Este equipo está lleno. ¿Intentar volver a unirse?
Feature.Squads.Description.PleaseTryAgain,
Feature.Squads.Description.RemoveFromChat,¿Realmente quieres eliminar a esta persona del grupo?
Feature.Squads.Description.RemoveFromParty,Se eliminará a {displayName} del chat de grupo.
Feature.Squads.Description.ScheduledPartyAlreadyExists,Ya hay un equipo programado para la hora seleccionada
Feature.Squads.Description.Title,
Feature.Squads.Description.User,
Feature.Squads.Description.YouAddedMoreThanTwoToChat,Añadiste {username} y {userCountMinusOne} personas más al grupo
Feature.Squads.Description.YouAddedToChat,Añadiste {username} al grupo
Feature.Squads.Description.YouAddedTwoToChat,Añadiste {username1} y {username2} al grupo
Feature.Squads.Description.YouHaveNoScheduledParties,No tienes fiestas próximas
Feature.Squads.Description.upsellInviteText,No hay respuestas. Puedes invitarlos de nuevo
Feature.Squads.Label.AddFriends,¿Añadir amigos?
Feature.Squads.Label.Audio,
Feature.Squads.Label.Connecting,Conectando
Feature.Squads.Label.DeleteScheduledParty,Eliminar reunión programada
Feature.Squads.Label.DeletedScheduledParty,Programación de equipo eliminada
Feature.Squads.Label.Error,
Feature.Squads.Label.Experience,
Feature.Squads.Label.FailedToJoin,No se puedes unirte al equipo
Feature.Squads.Label.FindExperiences,Buscar experiencias
Feature.Squads.Label.FindExperiencesPlayTogether,Encuentra experiencias para jugar juntos
Feature.Squads.Label.FriendJoinedYourParty,{combinedName} se unió a tu equipo.
Feature.Squads.Label.InviteConnectionsConfirmation,¿Quieres invitar estas conexiones al grupo?
Feature.Squads.Label.InviteFriendsConfirmation,¿Invitar a estos amigos al grupo?
Feature.Squads.Label.InvitedToExperience,Invitación a la experiencia
Feature.Squads.Label.JoinAnotherParty,Cambiar de equipo
Feature.Squads.Label.JoinExperiencesTogether,Unirse a experiencias juntos
Feature.Squads.Label.JoinParty,Unirse a Equipo
Feature.Squads.Label.LeaveParty,Salir del equipo
Feature.Squads.Label.Loading,
Feature.Squads.Label.LowMemory,Memoria baja
Feature.Squads.Label.LuckyRecommendationRevealed,Prueba este
Feature.Squads.Label.LuckyRecommendationRolling,Elegir un juego
Feature.Squads.Label.LuckyRecommendationRow,¿No sabes a qué jugar?
Feature.Squads.Label.MultiplePeopleJoinedYourParty,Varias personas se unieron a tu equipo.
Feature.Squads.Label.MuteMic,Silenciar micrófono
Feature.Squads.Label.Party,
Feature.Squads.Label.PartyCountStatus,{partyCount} en el equipo
Feature.Squads.Label.PartyEnded,El equipo terminó
Feature.Squads.Label.PartyEndedText,Equipo terminado
Feature.Squads.Label.PartyFull,El equipo está lleno
Feature.Squads.Label.PartyOperationFailed,Operación de equipo fallida
Feature.Squads.Label.PartyStartedText,Equipo formado
Feature.Squads.Label.PartyVolume,Volumen del Equipo
Feature.Squads.Label.RemoveFromChat,¿Eliminar del grupo?
Feature.Squads.Label.RemoveFromParty,Eliminar de Equipo
Feature.Squads.Label.ScheduledParty,Partida programada
Feature.Squads.Label.SoloPlay,Unirme por mi cuenta
Feature.Squads.Label.StartParty,Formar equipo
Feature.Squads.Label.StartTime,Hora de inicio
Feature.Squads.Label.ThisFieldIsRequired,Este campo es obligatorio
Feature.Squads.Label.TwoFriendsJoinedYourParty,{combinedName1} y {combinedName2} se unieron a tu equipo.
Feature.Squads.Label.UnmuteMic,Reactivar micrófono
Feature.Squads.Label.UpcomingParties,Próximos equipos
Feature.Squads.Label.UserDropdownMenuVoiceErrorUserIneligible,Actualmente no tienen acceso a la voz
Feature.Squads.Label.UsersParty,Equipo de {displayName}
Feature.Squads.Label.ViewChat,Ver chat
Feature.Squads.Label.ViewParty,Ver Equipo
Feature.Squads.Label.VoiceChats,Chats de voz
Feature.Squads.Label.VoiceErrorGeneral,No te conectaste a la voz
Feature.Squads.Label.VoiceErrorPartyNotVoiceEligible,La voz no está disponible en este equipo. Puedes crear un nuevo grupo con el chat de voz y filtros relajados.
Feature.Squads.Label.VoiceErrorUserIneligible,Actualmente no tienes acceso al chat de voz de Equipo
Feature.Squads.Label.Volume,
Feature.Squads.Label.WaitingForCombinedName,Esperando a que {combinedName} se una
Feature.Squads.Label.WaitingForOthers,Esperando a que otros se unan
Feature.Squads.Label.WillYouJoinScheduledParty,¿Te unirás al equipo de {displayName}?
Feature.Squads.Label.YouJoinedFriendParty,Te uniste al equipo de {combinedName}
Feature.Subscription.Action.ReportSubscription,Denunciar suscripción
Feature.Subscription.Action.SeeMore,
Feature.Subscription.Action.Subscribe,Subscribirse
Feature.Subscription.Action.SubscribePayAnotherWay,Otras formas de pago
Feature.Subscription.Action.SubscribeWithCreditDebitCard,Suscríbete con tarjeta de crédito/débito
Feature.Subscription.Action.SubscribeWithRobloxCredit,Suscríbete con crédito de Roblox
Feature.Subscription.Email.PricePerMonthLabel,{purchasePrice} al mes
Feature.Subscription.Error.GenericSubscribeError,Algo salió mal mientras intentabas suscribirte. Vuelve a intentarlo más tarde.
Feature.Subscription.Footer.PurchasePromptLegalText,"Al hacer clic en “Suscríbete”, aceptas los Términos de uso. Se te cobrará automáticamente cada mes hasta que canceles la suscripción."
Feature.Subscription.Heading.Subscriptions,
Feature.Subscription.Message.MonthlySpendRestrictionsMonthlyLimitExceed,Alcanzaste el límite de compra mensual establecido en Controles parentales. No podrás realizar una nueva compra hasta el próximo mes.
Feature.Subscription.Message.ReportSubmitted,
Feature.Subscription.Text.DisclaimerTextMonthly,Se renueva mensualmente. Cancela en cualquier momento.
Feature.Subscription.Text.PerMonth,al mes
Feature.Subscription.Text.Subscribed,Suscrito
Feature.Timeout.Label.OK,
Feature.Timeout.Prompt.BodyText,"Tu avatar se restableció para {rule}. Aún puedes usar el Mercado, pero los cambios en tu avatar no se guardarán hasta el {time}."
Feature.Timeout.Prompt.TitleText,Restablecimos tu avatar
Feature.Timeout.WarningBanner.DisabledMessage,Guardar avatar desactivado
Feature.Timeout.WarningBanner.DisabledUntilMessage,Guardar avatar desactivado hasta las {time}
Feature.Toast.Heading.PurchaseMessage.Success,Desbloqueado
Feature.Toast.Message.PurchaseMessage.SuccessV3,Desbloqueaste el acceso a {gameName} por {price} Robux.
Feature.Toast.NetworkingError.Forbidden,Permiso insuficiente.
Feature.Toast.NetworkingError.NotFound,Contenido no encontrado.
Feature.Toast.NetworkingError.ServiceUnavailable,
Feature.Toast.NetworkingError.SomethingIsWrong,Algo ha ido mal. Inténtalo de nuevo.
Feature.Toast.NetworkingError.Timeout,Se ha agotado el tiempo. Inténtalo de nuevo.
Feature.Toast.NetworkingError.TooManyRequests,El servidor está ocupado. Inténtalo de nuevo más tarde.
Feature.Toast.NetworkingError.UnableToConnect,No se puede conectar. Inténtalo de nuevo más tarde.
Feature.Toast.NetworkingError.Unauthorized,Ya no estás conectado. Inicia sesión de nuevo.
Feature.Toast.ScanQrCodeError.UnrecognizableQrCode,Código QR irreconocible. Inténtalo de nuevo.
Feature.Toast.Username.Copied,Nombre de usuario copiado al portapapeles.
Feature.Toast.VoteError.AssetNotVoteable,No se puede votar por esta experiencia.
Feature.Toast.VoteError.Default,Acción no disponible.
Feature.Toast.VoteError.FloodCheckThresholdMet,Estás votando demasiado rápido.
Feature.Toast.VoteError.PlayGame,Debes unirte a la experiencia para poder votarla.
Feature.UniversalFeatureRestrictions.AbuseVector.AgeVerification.DialogBody.Suspended,No puedes verificar tu edad en este momento porque infringiste reiteradamente nuestras Normas de la comunidad. Puedes volver a intentarlo al finalizar la restricción.
Feature.UniversalFeatureRestrictions.AbuseVector.AgeVerification.DialogTitle.Suspended,Verificación de edad suspendida
Feature.UniversalFeatureRestrictions.AbuseVector.RobloxKick.DialogBody.Banned,Te expulsaron de este juego debido a infracciones repetidas o graves de las reglas.
Feature.UniversalFeatureRestrictions.AbuseVector.RobloxKick.DialogBody.Suspended,No puedes jugar a este juego porque tu comportamiento infringió las reglas.
Feature.UniversalFeatureRestrictions.AbuseVector.RobloxKick.DialogTitle.Banned,Roblox te bloqueó de este juego
Feature.UniversalFeatureRestrictions.AbuseVector.RobloxKick.DialogTitle.Suspended.Day,Roblox te suspendió de este juego por 1 día
Feature.UniversalFeatureRestrictions.AbuseVector.RobloxKick.DialogTitle.Suspended.Days,Roblox te suspendió de este juego por {number} días
Feature.UniversalFeatureRestrictions.AbuseVector.RobloxKick.DialogTitle.Suspended.Hour,Roblox te suspendió de este juego por 1 hora
Feature.UniversalFeatureRestrictions.AbuseVector.RobloxKick.DialogTitle.Suspended.Hours,Roblox te suspendió de este juego por {number} horas
Feature.UniversalFeatureRestrictions.AbuseVector.RobloxKick.DialogTitle.Suspended.Minute,Roblox te suspendió de este juego por 1 minuto
Feature.UniversalFeatureRestrictions.AbuseVector.RobloxKick.DialogTitle.Suspended.Minutes,Roblox te suspendió de este juego por {number} minutos
Feature.VerificationUpsell.Action.AddPhone,
Feature.VerificationUpsell.Action.AddPhoneVoice,
Feature.VerificationUpsell.Action.ChangeEmail,
Feature.VerificationUpsell.Action.ChangeNumber,Cambiar número de teléfono
Feature.VerificationUpsell.Action.ChangePhoneNumber,
Feature.VerificationUpsell.Action.CodeResent,
Feature.VerificationUpsell.Action.Continue,
Feature.VerificationUpsell.Action.ContinueLogOut,Continuar para cerrar sesión
Feature.VerificationUpsell.Action.Edit,
Feature.VerificationUpsell.Action.EditPhoneNumber,Editar número de teléfono
Feature.VerificationUpsell.Action.EnableVoice,Activar chat de voz
Feature.VerificationUpsell.Action.GenericSkip,
Feature.VerificationUpsell.Action.Logout,Cerrar sesión de todos modos
Feature.VerificationUpsell.Action.Next,
Feature.VerificationUpsell.Action.NotNow,
Feature.VerificationUpsell.Action.NotNow.2,
Feature.VerificationUpsell.Action.Ok,
Feature.VerificationUpsell.Action.PrivacyPolicy,
Feature.VerificationUpsell.Action.ResendCode,
Feature.VerificationUpsell.Action.ResendConfirmationEmail,Reenviar correo electrónico
Feature.VerificationUpsell.Action.SendConfirmationEmail,Enviar correo de confirmación
Feature.VerificationUpsell.Action.TermsOfUse,
Feature.VerificationUpsell.Action.TurnOn,
Feature.VerificationUpsell.Action.UserEmail,
Feature.VerificationUpsell.Description.AddEmailTextOver13,"Para seguir realizando la compra, añade la dirección de tu correo electrónico."
Feature.VerificationUpsell.Description.AddEmailTextUnder13,"Para seguir realizando la compra, pídele a uno de tus padres que añada la dirección de su correo electrónico."
Feature.VerificationUpsell.Description.AddParentalEmail,"Añade un correo electrónico de recuperación parental para terminar de configurar tu cuenta y asegurarte de que no pierdas acceso al progreso de tu juego, tus objetos o Robux."
Feature.VerificationUpsell.Description.AddPhoneBody,Recibirás un código de verificación de un solo uso a través de WhatsApp o SMS. Pueden aplicarse tarifas de mensajes y datos.
Feature.VerificationUpsell.Description.AddPhoneBodyVoice,
Feature.VerificationUpsell.Description.EnterPassword,Ingresa una contraseña.
Feature.VerificationUpsell.Description.IDVerificationAddEmailText,"Antes de verificar la edad, ingresa tu correo electrónico. Este se utilizará como método de recuperación si pierdes el acceso a la cuenta."
Feature.VerificationUpsell.Description.LogoutAddEmailTextOver13,"Antes de cerrar sesión, añade la dirección de correo electrónico para que no pierdas acceso a tu cuenta."
Feature.VerificationUpsell.Description.LogoutAddEmailTextUnder13,"Antes de cerrar sesión, añade la dirección de correo electrónico de uno de tus padres para que no pierdas acceso a tu cuenta."
Feature.VerificationUpsell.Description.LogoutAddEmailTextUnder13V2,"Antes de cerrar sesión, añade la dirección de correo electrónico parental de recuperación para que no pierdas acceso a tu cuenta."
Feature.VerificationUpsell.Description.LogoutAddPhoneTextV2,"Añade un número de teléfono para la recuperación rápida de la cuenta. Si saltas este paso, puedes perder acceso a cualquier progreso del juego, objetos y Robux."
Feature.VerificationUpsell.Description.LogoutAddPhoneTextV3,"Añade un número de teléfono para recuperar tu cuenta más rápido. Tu teléfono puede ayudarte a iniciar sesión, conectar con amigos y más."
Feature.VerificationUpsell.Description.PhoneNumberNeverPublic,
Feature.VerificationUpsell.Description.ShortCodeLegalDisclaimerUA,"Al hacer clic en Continuar, envías tu número de teléfono y aceptas nuestros Términos de uso de SMS y nuestra Política de privacidad. Te enviaremos un código de verificación de un solo uso. Pueden aplicarse tarifas de mensajes y datos. Responde HELP para obtener asistencia."
Feature.VerificationUpsell.Description.VerificationCodeSmsFeesMayApply,
Feature.VerificationUpsell.Description.VerifyEmailBody,Haz clic en el enlace que encontrarás en el correo de confirmación enviado a {emailAddress}.
Feature.VerificationUpsell.Description.VoiceLegalConsent,"Doy mi consentimiento para que Roblox recopile, utilice y almacene mi grabaciones de voz para activar los servicios de voz con fines de moderación, seguridad y mejora de los servicios y de las herramientas de Roblox."
Feature.VerificationUpsell.Description.VoiceLegalConsent2,
Feature.VerificationUpsell.Description.VoiceLegalDisclaimer,"Al seleccionar Activar chat de voz, doy mi consentimiento para que Roblox recopile, utilice y almacene mi grabaciones de voz para activar los servicios de voz con fines de moderación, seguridad y mejora de los servicios y de las herramientas de Roblox."
Feature.VerificationUpsell.Description.VoiceLegalDisclaimer3,"Al seleccionar “Verificar”, doy mi consentimiento para que Roblox recopile, utilice y almacene mi grabaciones de voz para activar los servicios de voz con fines de moderación, seguridad y mejora de los servicios y de las herramientas de Roblox."
Feature.VerificationUpsell.Heading.AddEmail,"Antes que todo, verifica tu cuenta"
Feature.VerificationUpsell.Heading.FinishAccountSetup,Finalizar configuración de cuenta
Feature.VerificationUpsell.Heading.PhoneNumberVerified,¡Número de teléfono verificado!
Feature.VerificationUpsell.Heading.TryVoiceChat,Prueba el Chat de voz
Feature.VerificationUpsell.Heading.VerificationCode,Verificación del código
Feature.VerificationUpsell.Heading.VerifiedSuccessfully.V2,¡Verificado correctamente!
Feature.VerificationUpsell.Heading.VerifyEmail,
Feature.VerificationUpsell.Heading.VerifyOnLogout,¡No pierdas el acceso a tu cuenta!
Feature.VerificationUpsell.Heading.VerifyYourPhone,Verifica el teléfono
Feature.VerificationUpsell.Heading.VoiceChatEnabledMobile,¡Chat de voz activado! Pruébalo ahora en una experiencia.
Feature.VerificationUpsell.Heading.VoiceChatError,¡Teléfono añadido! Activa el Chat de voz en Configuración > Privacidad > Micrófono y entrada de cámara.
Feature.VerificationUpsell.Heading.VoiceChatJoinFailed,No te puedes unir al Chat de voz en este momento. Inténtalo de nuevo
Feature.VerificationUpsell.Heading.VoiceChatTurnedOn,El Chat de voz está activado
Feature.VerificationUpsell.Label.EmailInputPlaceholderOver13,
Feature.VerificationUpsell.Label.EmailInputPlaceholderUnder13,Correo electrónico de los padres
Feature.VerificationUpsell.Label.EmailInputPlaceholderUnder13V2,Correo parental de recuperación
Feature.VerificationUpsell.Label.EnterCode,Ingresa el código que se envió a {phoneNumber}
Feature.VerificationUpsell.Label.PasswordInputPlaceholder,Verificar contraseña de la cuenta
Feature.VerificationUpsell.Label.PhoneNumber,
Feature.VerificationUpsell.Label.SixDigitCode,
Feature.VerificationUpsell.Label.VerifyPhoneNumber,Verificar número de teléfono
Feature.VerificationUpsell.Label.Verifying,Verificando
Feature.VerificationUpsell.Message.Confirmation,Te enviaremos un mensaje de texto con el código de verificación a {phoneNumber}. Pueden aplicarse cargos de SMS.
Feature.VerificationUpsell.Message.InvalidEmailAddress,
Feature.VerificationUpsell.Message.InvalidSmsCode,
Feature.VerificationUpsell.Message.WrongPassword,Contraseña incorrecta. Inténtalo de nuevo.
Feature.VerificationUpsell.Response.ErrorPhoneFormatInvalid,El formato del número de teléfono no es válido. Compruébalo e inténtalo de nuevo.
Feature.VerificationUpsell.Response.ErrorTryAgain,
Feature.VerificationUpsell.Response.InvalidPhoneNumberError,Este número de teléfono no se puede usar. Ingresa un número de teléfono diferente.
Feature.VerificationUpsell.Response.PhoneHasTooManyAssociatedAccounts,Alcanzaste el número máximo de cuentas vinculadas a un número de teléfono.
Feature.VerificationUpsell.Response.TooManyAttemptsTryAgainLater,Demasiados intentos. Prueba de nuevo más tarde.
Feature.VirtualEvents.AttendanceBeforeEvent,Personas interesadas
Feature.VirtualEvents.AttendanceDuringEvent,Asistiendo ahora
Feature.VirtualEvents.DescriptionLabel,
Feature.VirtualEvents.EnableNotificationsModalBody,"Recibe noticias sobre eventos, incluso cuando no estés en Roblox."
Feature.VirtualEvents.EnableNotificationsModalTitle,Notificaciones push de eventos
Feature.VirtualEvents.EventCancelledText,Se canceló el evento.
Feature.VirtualEvents.EventNotFound,Evento no encontrado
Feature.VirtualEvents.EventsListTitle,
Feature.VirtualEvents.GetNotifiedButton,
Feature.VirtualEvents.GoHome,Ir a Inicio
Feature.VirtualEvents.HostedByLabel,Organizado por
Feature.VirtualEvents.Join,
Feature.VirtualEvents.JoinEvent,Unirse a Evento
Feature.VirtualEvents.Label.Challenge,Desafío
Feature.VirtualEvents.Label.DateAtTime,{date} a la(s) {time}
Feature.VirtualEvents.Label.EarlyAccess,Acceso anticipado
Feature.VirtualEvents.Label.Ended,Finalizado
Feature.VirtualEvents.Label.Expansion,Expansión
Feature.VirtualEvents.Label.Festival,Festival
Feature.VirtualEvents.Label.HappeningNow,
Feature.VirtualEvents.Label.InDays,En {number} días
Feature.VirtualEvents.Label.ItemDrop,Entrega de objeto
Feature.VirtualEvents.Label.MoreLevels,Más niveles
Feature.VirtualEvents.Label.NewContent,Nuevo contenido
Feature.VirtualEvents.Label.NewFeature,Nueva función
Feature.VirtualEvents.Label.NewLocation,Nueva ubicación
Feature.VirtualEvents.Label.NewMap,Nuevo mapa
Feature.VirtualEvents.Label.NewSeason,Nueva temporada
Feature.VirtualEvents.Label.Quest,Misión
Feature.VirtualEvents.Label.Rating,
Feature.VirtualEvents.Label.ReminderSetForEventTime,Recordatorio para {eventName} establecido para el {eventTime}.
Feature.VirtualEvents.Label.StartsInHours,En {number} horas
Feature.VirtualEvents.Label.StartsInMinutes,En {number} min
Feature.VirtualEvents.Label.StartsInOneDay,En 1 día
Feature.VirtualEvents.Label.StartsInOneHour,En 1 hora
Feature.VirtualEvents.Label.StartsNow,Empieza ahora
Feature.VirtualEvents.NotNowButton,
Feature.VirtualEvents.NotifyMe,Notifícame
Feature.VirtualEvents.ShareModalBody,Copia el siguiente enlace para invitar a personas a este evento o comparte el evento en el chat.
Feature.VirtualEvents.ShareModalCallToAction,Compartir por chat...
Feature.VirtualEvents.ShareModalLinkCopy,
Feature.VirtualEvents.ShareModalTitle,Compartir este evento
Feature.VirtualEvents.UnfollowEvent,Dejar de seguir evento
Features.Transfers.Action.BuyRobux,
Features.Transfers.Action.Continue,
Features.Transfers.Action.Ok,
Features.Transfers.Action.TurnOnTwoStepVerification,Activar verificación en dos pasos
Features.Transfers.Action.VPC.Ask,
Features.Transfers.Action.VPC.AskParentBodyReceive,"Para aceptar Robux, necesitas permiso parental."
Features.Transfers.Action.VPC.AskParentBodySend,"Para enviar Robux, necesitas permiso parental."
Features.Transfers.Action.VPC.AskParentTitle,
Features.Transfers.Body.DailyLimitExceededError,Superaste tu límite diario para enviar Robux. Inténtalo de nuevo más tarde.
Features.Transfers.Body.DailyLimitTwoStepVerificationUpsell,Alcanzaste tu límite diario para enviar Robux. Activa la verificación en dos pasos para comprobar si cumples con los requisitos para un límite más alto.
Features.Transfers.Body.ExpiredTransferError,Los Robux que envió @{username} vencieron por inactividad.
Features.Transfers.Body.GenericReceiveError,Tu cuenta no puede aceptar Robux en este momento.
Features.Transfers.Body.GenericSentError,Algo salió mal y los Robux no se enviaron. Verifica tu conexión y vuelve a intentarlo.
Features.Transfers.Body.MonthlyLimitExceededError,Superaste tu límite mensual para enviar Robux. Inténtalo de nuevo más tarde.
Features.Transfers.Body.MonthlyLimitTwoStepVerificationUpsell,Alcanzaste tu límite mensual para enviar Robux. Activa la verificación en dos pasos para comprobar si cumples con los requisitos para un límite más alto.
Features.Transfers.Body.ReceiverLimitHitError,Este usuario no puede recibir esta cantidad en este momento. Intenta enviar menos o inténtalo de nuevo más tarde.
Features.Transfers.Body.TransferAmountBelowMinimumError,Envía {minAmount} Robux o más.
Features.Transfers.Body.TransferAmountExceedsMaximumError,Puedes enviar hasta {maxAmount} Robux.
Features.Transfers.Body.UnableReceiveRobuxError,
Features.Transfers.Body.UnableSendRobuxError,Tu cuenta no puede enviar Robux en este momento.
Features.Transfers.Error.GreaterThanMaxAmount,Puedes enviar hasta {amount} Robux.
Features.Transfers.Error.InsufficientBalance,Compra {amount} Robux para completar esta transacción.
Features.Transfers.Error.LowerThanMinAmount,Envía {amount} Robux o más.
Features.Transfers.Label.ConnectedDays,{amount} días conectados
Features.Transfers.Label.ConnectedDaysSingular,
Features.Transfers.Label.ConnectedMonths,{amount} meses conectados
Features.Transfers.Label.ConnectedMonthsSingular,{amount} mes conectados
Features.Transfers.Label.ConnectedSince,Conectados por {year} años
Features.Transfers.Notification.ReceiveSuccess,Ya aceptaste los Robux
Features.Transfers.RobuxTransfer.Action.Edit,
Features.Transfers.RobuxTransfer.Action.Next,
Features.Transfers.RobuxTransfer.Action.Send,
Features.Transfers.RobuxTransfer.Action.TryAgain,Inténtalo de nuevo
Features.Transfers.RobuxTransfer.Disclaimer.AgeEstimationTransfer,"Necesitas una comprobación de edad o el consentimiento de tus padres para enviar Robux. Una vez que envíes Robux, no podrás cancelar la acción."
Features.Transfers.RobuxTransfer.Error.ReceiverNotAllowed,@{username} no puede recibir Robux en este momento.
Features.Transfers.RobuxTransfer.Heading.SendRobux,Enviar Robux
Features.Transfers.RobuxTransfer.Label.JoinedInYear,
Features.Transfers.RobuxTransfer.Label.MutualConnection,{amount} amistades en común
Features.Transfers.RobuxTransfer.Label.MutualConnectionSingular,{amount} amistad en común
Features.Transfers.RobuxTransfer.Label.NewConnection,Amistad nueva
Features.Transfers.RobuxTransfer.Label.RecipientWillGet,El destinatario recibirá {amount} Robux después de aplicar las comisiones.
Features.Transfers.RobuxTransfer.Label.RecipientWillGetInApp,El destinatario recibirá {amount} Robux.
Features.Transfers.RobuxTransfer.Label.RecipientWillGetInGame,El destinatario recibirá {amount} Robux después de aplicar las comisiones. Las transferencias dentro del juego incluyen una comisión del {commissionPercentage}% para el creador.
Features.Transfers.RobuxTransfer.SentInstantNoFee,Los Robux se envían al instante sin comisiones
Features.Transfers.RobuxTransfers.Label.SuccessNotification,Enviaste {amount} Robux
Features.Transfers.Title.UpsellSubscription,
Features.Transfers.Transfer.Block.RequireReceiverFAE,Vamos a verificar tu edad para que puedas aceptar Robux
Features.Transfers.Transfer.Block.RequireSenderFAE,Vamos a verificar tu edad para que puedas enviar Robux.
Features.Transfers.Transfer.Body.RequireFAE,Esto hace que enviar y recibir Robux sea seguro para ti y para todos.
Features.Transfers.Transfers.Label.ReceivedNotification, Recibiste {amount} Robux
IAPExperience.BuyRobux.Alert.SuccessfulMessage,¡La compra de Robux se realizó correctamente!
IAPExperience.BuyRobux.Banner.Text,"Con Robux, puedes comprar mejoras para tu avatar o habilidades especiales en las experiencias"
IAPExperience.BuyRobux.Banner.Title,Desbloquear Robux
IAPExperience.BuyRobux.Text.MoreRobux2,{robux} Robux adicionales
IAPExperience.InsufficientRobux.Action.BuyRobux,
IAPExperience.InsufficientRobux.Action.Cancel,
IAPExperience.InsufficientRobux.Action.RobuxStore,Ir a Tienda de Robux
IAPExperience.InsufficientRobux.Text.BuyRobux,Comprar {robux} para adquirir este objeto
IAPExperience.InsufficientRobux.Text.CurrentBalance,Saldo actual
IAPExperience.InsufficientRobux.Text.DontHaveEnough,No tienes suficiente Robux para comprar este objeto.
IAPExperience.InsufficientRobux.Text.MissingRobux,Robux faltantes
IAPExperience.InsufficientRobux.Text.YouNeed,Necesitas {robux} adicionales. Compra más paquetes de Robux y vuelve a la tienda.
IAPExperience.InsufficientRobux.Title.InsufficientRobux,
IAPExperience.LeaveRoblox.Action.Cancel,
IAPExperience.LeaveRoblox.Action.Continue,
IAPExperience.LeaveRoblox.Text.ExternalWebsiteWarning,"Al hacer clic en “Continuar”, se te redirigirá a un sitio web que no pertenece y no es operado por Roblox. Puede que se rija por términos y políticas de privacidad diferentes."
IAPExperience.LeaveRoblox.Title.LeavingRoblox,
IAPExperience.Loading.Text.PurchasingItem,Comprando el objeto...
IAPExperience.Loading.Text.PurchasingRobux,Comprando Robux...
IAPExperience.Loading.Text.WaitingForPurchase,Esperando compra...
IAPExperience.Loading.Text.WaitingForRobux,Esperando que se otorguen Robux...
IAPExperience.PremiumUpsell.Action.Subscribe,¡Suscríbete!
IAPExperience.PremiumUpsell.Body.RobuxDiscount,10% de bonificación al comprar Robux
IAPExperience.PremiumUpsell.Label.AvatarShopBenefits,acceso a objetos exclusivos y descuentos en la Tienda de avatares;
IAPExperience.PremiumUpsell.Label.Disclosure,Suscríbete por <b>{currencySymbol}{price}/mes. Cancela en cualquier momento.</b> Se aplican los Términos de uso y la Política de privacidad.
IAPExperience.PremiumUpsell.Label.PremiumBenefitListDesc,Con Roblox Premium obtendrás:
IAPExperience.PremiumUpsell.Label.PremiumOnlyBenefits,acceso a beneficios exclusivos para suscriptores Premium;
IAPExperience.PremiumUpsell.Label.PremiumPolicy,
IAPExperience.PremiumUpsell.Label.PremiumPrice,<b>{currencySymbol}{price}</b> al mes
IAPExperience.PremiumUpsell.Label.RobloxPremium,Roblox Premium
IAPExperience.PremiumUpsell.Label.RobuxPerMonth,{robux} por mes;
IAPExperience.PremiumUpsell.Label.ShortDisclosure,Se aplican los Términos de uso y la Política de privacidad de Roblox.
IAPExperience.PurchaseError.AlreadyPremium,"Parece que el desarrollador te está pidiendo que te suscribas a Roblox Premium, pero ya tiene la suscripción."
IAPExperience.PurchaseError.Text.AlreadyOwn,
IAPExperience.PurchaseError.Text.AlreadySubscribed,Puedes administrar tu suscripción desde Configuración > Suscripciones.
IAPExperience.PurchaseError.Text.EconomicRestrictionPromptTitle,No se puede completar esta acción
IAPExperience.PurchaseError.Text.EconomicRestrictionsDays,No puedes realizar esta compra debido a una infracción: {violation}. Inténtalo de nuevo en {day} días.
IAPExperience.PurchaseError.Text.EconomicRestrictionsDaysGeneral,No puedes realizar esta acción debido a una infracción: {violation}. Puedes intentarlo de nuevo en {day} días.
IAPExperience.PurchaseError.Text.EconomicRestrictionsHours,No puedes realizar esta compra debido a una infracción: {violation}. Inténtalo de nuevo en {hour} horas.
IAPExperience.PurchaseError.Text.EconomicRestrictionsHoursGeneral,No puedes realizar esta acción debido a una infracción: {violation}. Puedes intentarlo de nuevo en {hour} horas.
IAPExperience.PurchaseError.Text.FailedGrant,"Se recibió tu pago, pero todavía no has recibido tus Robux. Inténtalo de nuevo más tarde."
IAPExperience.PurchaseError.Text.FailedGrantUnknown,La compra del objeto no se realizó correctamente y los Robux no se han deducido de tu cuenta. Inténtalo de nuevo.
IAPExperience.PurchaseError.Text.FailedRobuxPurchase,Tu compra no se realizó y no se te cobró. Inténtalo de nuevo.
IAPExperience.PurchaseError.Text.Limited,Este objeto limitado no tiene más copias. No se te cobró.
IAPExperience.PurchaseError.Text.NotEnoughRobux,
IAPExperience.PurchaseError.Text.NotForSale,
IAPExperience.PurchaseError.Text.NotForSaleExperience,
IAPExperience.PurchaseError.Text.Ok,
IAPExperience.PurchaseError.Text.ParentalLimit,Tu transacción no puede completarse debido al límite de compras mensuales establecido por uno de los padres del propietario de la cuenta. No podrás realizar una nueva compra hasta el mes que viene a menos que se modifique la configuración en Controles parentales.
IAPExperience.PurchaseError.Text.ParentalRestrictionSubscription,Las suscripciones no están disponibles en cuentas con restricción de gastos mensuales
IAPExperience.PurchaseError.Text.PremiumOnly,
IAPExperience.PurchaseError.Text.PremiumPlatformUnavailable,La compra de Roblox Premium no es compatible con tu plataforma. Usa un equipo de escritorio para comprar Premium.
IAPExperience.PurchaseError.Text.PurchaseLimit,"Tu transacción no se puede completar porque has alcanzado el número límite de compras. Vuelve a intentarlo en 24 a 72 horas. Si esta no se procesa, es posible que tengas que esperar hasta el próximo mes para realizar una nueva compra. El número límite de compras no se puede cambiar o eliminar."
IAPExperience.PurchaseError.Text.RestrictedUser,No puedes acceder al contenido de esta experiencia.
IAPExperience.PurchaseError.Text.SubscriptionNotForSale,Esta suscripción no se puede comprar en este momento
IAPExperience.PurchaseError.Text.SubscriptionUnsupportedLocale,Esta suscripción no está disponible en tu país por el momento
IAPExperience.PurchaseError.Text.SubscriptionUnsupportedPlatform,Esta suscripción no se puede comprar aquí
IAPExperience.PurchaseError.Text.ThirdPartyDisabled,
IAPExperience.PurchaseError.Text.Under13,
IAPExperience.PurchaseError.Text.UnknownError,
IAPExperience.PurchaseError.Text.VpcRequired,"Puedes suscribirte a esta experiencia desde la página Pases y suscripciones o Tienda, con la ayuda de uno de tus padres."
IAPExperience.PurchaseError.Title.AlreadySubscribed,Ya te suscribiste
IAPExperience.PurchaseError.Title.CantSubscribe,No se puede suscribir
IAPExperience.PurchaseError.Title.Error,
IAPExperience.PurchaseError.Title.RobuxPurchaseFailed,No se puede obtener Robux
IAPExperience.PurchasePrompt.Action.Buy,
IAPExperience.PurchasePrompt.Action.Cancel,
IAPExperience.PurchasePrompt.Body.PurchaseCompleted,Compraste {ITEM_NAME} con éxito.
IAPExperience.PurchasePrompt.Body.PurchaseItemsSuccess,Compraste correctamente tus artículos.
IAPExperience.PurchasePrompt.BuyRobuxAndExperience,Comprar Robux y experiencia
IAPExperience.PurchasePrompt.BuyRobuxAndSubscription,Comprar Robux y suscripción
IAPExperience.PurchasePrompt.Header.BuyAvatar,
IAPExperience.PurchasePrompt.Header.BuyRobuxAndAvatar,Comprar Robux y avatar
IAPExperience.PurchasePrompt.Label.BlackbirdDiscount,Beneficio Plus ({discountPercentage}% de descuento)
IAPExperience.PurchasePrompt.Label.BlackbirdDiscountEligibleItems,Beneficio Plus ({discountPercentage}% de descuento en artículos elegibles)
IAPExperience.PurchasePrompt.Label.BlackbirdDiscountNoPercent,Beneficio de Plus
IAPExperience.PurchasePrompt.Label.BlackbirdSummary,Ahorro de {robuxIcon} {savingsAmount} con Plus
IAPExperience.PurchasePrompt.Label.GenericDiscount,Descuento ({discountPercentage}% de descuento)
IAPExperience.PurchasePrompt.Label.GenericDiscountNoPercent,Descuento
IAPExperience.PurchasePrompt.Label.Subtotal,Subtotal
IAPExperience.PurchasePrompt.Label.SubtotalWithItemCount,Subtotal ({itemCount} objetos)
IAPExperience.PurchasePrompt.Label.Total,
IAPExperience.PurchasePrompt.Label.TotalPriceV2,Precio total
IAPExperience.PurchasePrompt.Text.BuyItemQuestion,¿Quieres comprar {name}?
IAPExperience.PurchasePrompt.Text.BuyItemQuestionIncludingWarning,"Please moderate your entertainment and make rational consumption. Would you like to buy ""{name}""?"
IAPExperience.PurchasePrompt.Text.Loading,
IAPExperience.PurchasePrompt.Text.RemainingBalance,Tu saldo después de esta transacción será de
IAPExperience.PurchasePrompt.Text.RemainingBalanceV2,Tu saldo después de esta transacción será de {robux}
IAPExperience.PurchasePrompt.Text.TestPurchase,Esta es una compra de prueba; no se te cobrará por esta operación.
IAPExperience.PurchasePrompt.Title.BuyExperience,Comprar experiencia
IAPExperience.PurchasePrompt.Title.BuyGamepass,Comprar pases del juego
IAPExperience.PurchasePrompt.Title.BuyItem,
IAPExperience.PurchasePrompt.Title.BuyItemV2,
IAPExperience.PurchasePrompt.Title.BuyItems,
IAPExperience.PurchasePrompt.Title.BuyRobuxAndItem,Comprar Robux y objeto
IAPExperience.PurchasePrompt.Title.BuyRobuxAndItems,Comprar Robux y objetos
IAPExperience.PurchasePrompt.Title.BuyRobuxOnly,
IAPExperience.PurchasePrompt.Title.PurchaseCompleted,Compra completada
IAPExperience.PurchaseSuccess.Action.BackToGame,Volver al juego
IAPExperience.PurchaseSuccess.Action.BackToShop,
IAPExperience.PurchaseSuccess.Action.Equip,Equipar mi avatar
IAPExperience.PurchaseSuccess.Text.BalanceNow,Tu saldo actual es de {robux}.
IAPExperience.PurchaseSuccess.Text.YouOwn,¡Ahora tienes {name}!
IAPExperience.PurchaseSuccess.Title.PurchaseSucceeded,Compra realizada correctamente
IAPExperience.RobuxUpsell.Action.BuyRobux,
IAPExperience.RobuxUpsell.Action.BuyRobuxAndItem,
IAPExperience.RobuxUpsell.Action.Cancel,
IAPExperience.RobuxUpsell.Text.AdditionalRobux,Necesitas {robux} adicionales.
IAPExperience.RobuxUpsell.Text.BestValue,Mejor relación calidad-precio
IAPExperience.RobuxUpsell.Text.BetterValue,
IAPExperience.RobuxUpsell.Text.Bonus,Bonificación
IAPExperience.RobuxUpsell.Text.BonusBannerInfo,"Las compras en PC, web y con tarjetas de regalo obtienen hasta un 25% más de Robux con cada compra"
IAPExperience.RobuxUpsell.Text.BonusBannerV1,🎉 Bonificación de {robux} incluida por comprar en la PC.
IAPExperience.RobuxUpsell.Text.BuyRobuxQuestion,¿Quieres comprar
IAPExperience.RobuxUpsell.Text.DisclosurePayment,Se te cobrará con el método de pago que elegiste.
IAPExperience.RobuxUpsell.Text.DisclosureTerms,Se aplican los Términos de uso de Roblox.
IAPExperience.RobuxUpsell.Text.DisclosureTermsURL,Se aplican los {termsofuse} de Roblox.
IAPExperience.RobuxUpsell.Text.ForYou,
IAPExperience.RobuxUpsell.Text.LastPurchased,Última compra
IAPExperience.RobuxUpsell.Text.Loading,
IAPExperience.RobuxUpsell.Text.MoreRobux,Más Robux por el mismo precio
IAPExperience.RobuxUpsell.Text.NeedMoreRobux,Necesitas más Robux
IAPExperience.RobuxUpsell.Text.PopularItem,Popular
IAPExperience.RobuxUpsell.Text.PurchaseNotAvailableOnHeadSet,La compra de Robux aún no es compatible con dispositivos con cascos. Inténtalo en otro dispositivo.
IAPExperience.RobuxUpsell.Text.RemainingBalance,Los {robux} restantes se abonarán a tu saldo.
IAPExperience.RobuxUpsell.Text.TermsOfUse,
IAPExperience.RobuxUpsell.Text.VNGDisclosureTerms,Se aplican los Términos de uso de Roblox-VNG.
IAPExperience.RobuxUpsell.Text.VNGDisclosureTermsURL,Se aplican los {termsofuse} de Roblox-VNG.
IAPExperience.RobuxUpsell.Text.WouldYouBuy,¿Quieres comprar un paquete {robux}?
IAPExperience.RobuxUpsell.Title.InsufficientFunds,
IAPExperience.RobuxUpsell.Title.InsufficientRobux,
IAPExperience.SubscriptionPurchasePrompt.Label.GetSubscription,Obtener suscripción
IAPExperience.SubscriptionPurchasePrompt.Label.TestFlowDisclaimer,"Este cuadro de diálogo es una vista previa, que muestra cómo tus usuarios verán la descripción de la suscripción. No se te cobrará al hacer clic en Suscribirse."
IAPExperience.U13Confirm.Action.Cancel,
IAPExperience.U13Confirm.Action.Confirm,
IAPExperience.U13Confirm.Text.ParentalConsentWarningPaymentModal13To17,"Acepto que soy el padre, la madre o tutor legal del propietario de la cuenta. Autorizo esta compra y acepto los Términos de uso."
IAPExperience.U13Confirm.Text.U13MonthlyThreshold1Modal,
IAPExperience.U13Confirm.Text.U13MonthlyThreshold2Modal,Ya has gastado mucho dinero en Roblox este mes. El recibo de esta compra y de todas las compras posteriores se enviará al correo electrónico de uno de los padres verificado en esta cuenta. 
IAPExperience.U13Confirm.Text.U13PaymentModal,"Esta compra requiere el intercambio de dinero real. Certifico que soy mayor de 18 años y que soy el padre, la madre o tutor del propietario de la cuenta. Autorizo esta compra y acepto los Términos de uso."
IAPExperience.U13Confirm.Title.Warning,
InGame.CommonUI.Button.KeepPlaying,Sigue disfrutando
InGame.CommonUI.Button.Retry,
InGame.CommonUI.Label.FAQWebviewTitle,Preguntas frecuentes de voz
InGame.ConnectionError.Action.JoinNewServer,Unirse a un nuevo servidor
InGame.ConnectionError.Action.JoinTheLine,Unirse a la fila
InGame.ConnectionError.Action.Restart,Reiniciar
InGame.ConnectionError.Description.DontWantToWait,¿No quieres esperar?
InGame.ConnectionError.Description.FriendsServerIsFullJoiningNewServer,El servidor de tu amigo está lleno. Uniéndose a un nuevo servidor.
InGame.ConnectionError.Description.FriendsServerIsFullWaitingToJoin,El servidor de tu amigo está lleno. En espera para unirse.
InGame.ConnectionError.Description.WantToJoinYourFriend,¿Quieres unirte a tu amigo?
InGame.ConnectionError.Heading.VRDisconnected,Casco desconectado
InGame.ConnectionError.Joining,Uniéndose a un servidor
InGame.ConnectionError.Message.RestartApp,Reinicia la aplicación para seguir disfrutando de la experiencia.
InGame.ConnectionError.PlacelaunchGameEnded,Esta experiencia terminó o el servidor no está disponible debido a un error inesperado del sistema
InGame.ConnectionError.PlacelaunchHttpError,Se produjo un error HTTP. Cierra el cliente e inténtalo de nuevo.
InGame.ConnectionError.Queue,Tu posición en la fila: {POSITION}
InGame.EmotesMenu.ErrorMessageAnimationPlaying,No puedes usar los emotes durante esta acción.
InGame.EmotesMenu.ErrorMessageNotSupported,No puedes usar emotes aquí.
InGame.EmotesMenu.ErrorMessageSwitchToR15,Cambia tu avatar a R15 para usar los emotes.
InGame.EmotesMenu.ErrorMessageTemporarilyUnavailable,No puedes usar emotes en este momento.
InGame.InspectMenu.Action.Cancel,
InGame.InspectMenu.Action.Confirm,
InGame.InspectMenu.Action.LimitReached,Límite de objetos alcanzado
InGame.InspectMenu.Action.SoldOut,
InGame.InspectMenu.Action.TryOn,
InGame.InspectMenu.Label.Avatar,Avatar de {PLAYER_NAME}
InGame.InspectMenu.Label.OwnedItems,Objetos de propiedad ({QUANTITY})
InGame.InspectMenu.Label.VerifiedAvatar,Avatar de {PLAYER_NAME} {VERIFIED_BADGE}
InGame.UnknownNamespace.GameChat.FriendChatNotifier.JoinMessage,Tu amistad {RBX_NAME} se unió a la experiencia.
InGame.UnknownNamespace.GameChat_ChatCommandsTeller_MuteCommand,/mute <usuario>: silenciar a un usuario.
InGame.UnknownNamespace.GameChat_ChatCommandsTeller_TeamCommand,/team <message> o /t <message>: enviar un mensaje de chat a los miembros de tu equipo.
InGame.UnknownNamespace.GameChat_ChatCommandsTeller_UnMuteCommand,/unmute <speaker>: cancelar silencio de un usuario.
InGame.UnknownNamespace.GameChat_ChatCommandsTeller_WhisperCommand,/whisper <usuario> o /w <usuario>: abrir canal de mensajes privados con un usuario.
InGame.UnknownNamespace.GameChat_FriendChatNotifier_JoinMessage,Tu conexión {RBX_NAME} se unió a la experiencia.
InGame.UnknownNamespace.GameChat_PrivateMessaging_CannotWhisperToSelf,No puedes enviarte mensajes privados a ti mismo.
InGame.UnknownNamespace.GameChat_TeamChat_NowInTeam,"Ahora formas parte del equipo ""{RBX_NAME}""."
InstantApps.Shortcuts.Label.AddToHomeMenuItem,Añadir a la pantalla de Inicio
Luobu.Authentication.Login.Label.AntiAddictionText,N/A
Luobu.Authentication.Login.Label.NetworkLicense,
Luobu.Authentication.Message.UnknownErrorTryAgain,"Se produjo un error desconocido. Por favor, intente reiniciar la aplicación."
Luobu.Authentication.UserAgreementsPrompt.BodyText.Part1,
Luobu.Authentication.UserAgreementsPrompt.BodyText.Part2,
Luobu.Authentication.UserAgreementsPrompt.Button.Consent,
Luobu.Authentication.UserAgreementsPrompt.Button.Dissent,
Luobu.Authentication.UserAgreementsPrompt.Permissions.Camera.Description,
Luobu.Authentication.UserAgreementsPrompt.Permissions.Camera.Title,
Luobu.Authentication.UserAgreementsPrompt.Permissions.Description,
Luobu.Authentication.UserAgreementsPrompt.Permissions.Network.Description,
Luobu.Authentication.UserAgreementsPrompt.Permissions.Network.Title,
Luobu.Authentication.UserAgreementsPrompt.Permissions.Storage.Description,
Luobu.Authentication.UserAgreementsPrompt.Permissions.Storage.Title,
Luobu.Authentication.UserAgreementsPrompt.Title,
Luobu.Authentication.UserAgreementsSecondPrompt.BodyText.Part1,
Luobu.Authentication.UserAgreementsSecondPrompt.BodyText.Part2,
Luobu.Authentication.UserAgreementsSecondPrompt.Button.Acknowledge,
Luobu.Authentication.UserAgreementsSecondPrompt.Title,
MobilePlatform.TutorialUpsell.Action.BeginTutorial,Empezar tutorial
MobilePlatform.TutorialUpsell.Action.Skip,
MobilePlatform.TutorialUpsell.Label.StartWithATutorial,Empezar con un tutorial
MobilePlatform.TutorialUpsell.Label.TutorialDescription,Aprende paso a paso cómo navegar por experiencias en la plataforma.
Notifications.DesktopPushNotificationPrompts.Action.OK,
Notifications.DesktopPushNotificationPrompts.Description.EnablePrompt,Activa las notificaciones para obtener actualizaciones y mensajes de tus amigos. Puedes cambiar esto en cualquier momento en la configuración.
Notifications.DesktopPushNotificationPrompts.Description.MenuBarPrompt,Roblox se inicia cuando enciendes tu dispositivo y permanece en la barra del menú después de cerrarlo. Puedes cambiar esto en cualquier momento en la configuración.
Notifications.DesktopPushNotificationPrompts.Description.SystemTrayPrompt,Roblox se inicia cuando enciendes tu dispositivo y permanece en la bandeja después de cerrarlo. Puedes cambiar esto en cualquier momento en la configuración.
Notifications.DesktopPushNotificationPrompts.Heading.EnablePrompt,Mantente conectado en segundo plano
Notifications.DesktopPushNotificationPrompts.Heading.SystemTrayPrompt,Roblox está siempre a un clic de distancia
Notifications.DesktopPushNotificationPrompts.Label.GetNotifications,Obtener notificaciones
Notifications.NotificationStream.Bundle.ShowLess,Mostrar menos
Notifications.NotificationStream.Bundle.ShowMoreV2,{notificationCount} más
Notifications.NotificationStream.Label.AllCaughtUp,¡Ya estás al tanto de todo!
Notifications.NotificationStream.Label.Notifications,
Notifications.SafetyAvatarModeration.Description.NotificationTypeInExpWarnMsg,
Notifications.SafetyAvatarModeration.Label.NotificationTypeInExpWarn,
Notifications.SquadRegroupPrompt.ToastAction.Dismiss,
Notifications.SquadRegroupPrompt.ToastAction.Join,
Notifications.SquadRegroupPrompt.ToastLabel.ContinuePlayingTogether,Seguir jugando juntos
Notifications.SquadRegroupPrompt.ToastLabel.JoinANewServer,Únete a un nuevo servidor
Notifications.ToastNotifications.Label.LeaveExperienceConfirmation,¿Realmente quieres salir y unirte a otra experiencia?
Notifications.ToastNotifications.Title.LeavingExperience,Saliendo de la experiencia
PlayerFeedbacks.VoteForm.Message.Action.Report,
PlayerFeedbacks.VoteForm.Message.MaxLengthCharacters,Usa menos de {count} caracteres.
PlayerFeedbacks.VoteForm.Message.MinLengthCharacters,Usa más de {count} caracteres.
PlayerFeedbacks.VoteForm.Message.ReportAbuseInsteadLong,¿Hubo un problema de seguridad? <u>Denuncia abuso aquí</u>.
PlayerFeedbacks.VoteForm.Message.SubmitSuccess,
PlayerFeedbacks.VoteForm.PromptBanner.GiveFeedbackButton,
PlayerFeedbacks.VoteForm.PromptBanner.Message,Tu respuesta se compartirá anónimamente con el creador
PlayerFeedbacks.VoteForm.PromptBanner.Title,Ayuda a mejorar esta experiencia
PlayerFeedbacks.VoteForm.PromptBanner.TitleOnly,Ayuda al creador a mejorar esta experiencia
Purchasing.PurchaseDialog.Heading.PendingDeveloperProductLimitReached,No se puede comprar
Purchasing.PurchaseDialog.Message.PendingDeveloperProductLimitReached,Únete a la experiencia para canjear tus compras anteriores antes de comprar más productos.
Purchasing.PurchaseDialog.Message.PendingDeveloperProductOnHome,Únete para canjear tu compra
Purchasing.RobloxProducts.Label.RobuxBalance,Saldo: {var1} Robux
Roblox.ReferralRewards.AdditionalCreatorTerms,Términos adicionales del creador
Roblox.ReferralRewards.Expires,Se vence el
Roblox.ReferralRewards.ReferralProgramTerms,Términos del Programa de referidos
Roblox.ReferralRewards.RewardBannerBody,Invita a una amistad y {gameName} te dará {rewardName}. Se aplican términos.
Roblox.ReferralRewards.RewardBannerHeader,¡Obtén {rewardName}!
Roblox.ReferralRewards.RewardBannerModalCreatorSupport,Esta recompensa la otorga {creatorName}. Contacta al creador directamente para recibir ayuda y hacer preguntas.
Roblox.ReferralRewards.RewardBannerModalRewardDetails,Detalles de recompensa
Roblox.ReferralRewards.RewardBannerModalTitle,Recompensas por recomendaciones de amigos
Search.GlobalSearch.Action.LoadMore,
Search.GlobalSearch.Example.SearchCatalog,Buscar en catálogo
Search.GlobalSearch.Example.SearchGames,
Search.GlobalSearch.Example.SearchMarketplace,Buscar en Mercado
Search.GlobalSearch.TopResultsLabel,Mejores
Verification.Identity.Action.SkipVoiceChat,Unirse sin el chat de voz
Verification.Identity.Heading.LetsChat,¡Vamos a chatear!
Verification.Identity.Heading.V2LetsChat,
Verification.Identity.Heading.YourNewWayToChat,¡Tu nueva forma de chatear!
Verification.Identity.Label.AgeVerifyPrompt,Verifica tu edad para aprovechar Roblox al máximo
Verification.Identity.Label.ConnectingToMobile,Conectando a tu dispositivo móvil
Verification.Identity.Label.DontShowAgain,No mostrar
Verification.Identity.Label.EnableChatWithVoice,Activa tu micrófono para chatear con tu voz en esta experiencia.
Verification.Identity.Label.EnableMicrophone,Activar micrófono
Verification.Identity.Label.EnableVoiceChat,
Verification.Identity.Label.EnableVoiceChat1,Activa el chat de voz para hablar con otras personas en la experiencia.
Verification.Identity.Label.EnableVoiceChat2,Sigue nuestras <b>Directrices de la comunidad</b> al momento de hablar y denuncia un abuso si ocurre.
Verification.Identity.Label.HavingTroubleScanCode,¿Tienes problemas? Escanea el código QR arriba para reiniciar el proceso de verificación.
Verification.Identity.Label.JoinWithoutMicrophone,Unirse sin micrófono
Verification.Identity.Label.LearnMoreAboutVoiceRecording,Aprende más sobre la grabación de voz
Verification.Identity.Label.PleaseDoNotClose,No cierres esta ventana hasta completar el proceso de verificación.
Verification.Identity.Label.UpdatingRoblox,Actualizando tu perfil de Roblox
Verification.Identity.Label.UsesVoiceChat,"Esta experiencia utiliza el chat de voz. Al activar el chat de voz, se usará la entrada de tu micrófono en experiencias activadas por voz."
Verification.Identity.Label.V2ClickToConsent,"Doy mi consentimiento para que Roblox recopile, utilice y almacene mi grabaciones de voz para activar los servicios de voz con fines de moderación, seguridad y mejora de nuestros servicios y herramientas."
Verification.Identity.Label.V2EnableVoiceChat,Activar Chat de voz
Verification.Identity.Label.V2EnableVoiceChat1,Activa el Chat de voz para hablar con otras personas en la experiencia.
Verification.Identity.Label.V2JoinWithout,Únete sin Chat de voz
Verification.Identity.Label.VerificationWaitingForResults,Esperando resultados
Verification.Identity.Label.VerifyInBrowser,Completa el flujo de verificación en tu navegador móvil para continuar.
Verification.Identity.Label.VerifyingYou,Verificándote
Verification.Identity.Label.VoiceCollectionConsent,"Al hacer clic en Activar, doy mi consentimiento para que Roblox recopile, use y almacene mi grabación de voz con fines de moderación, seguridad y calidad, y para mejorar las herramientas de procesamiento de audio y seguridad."
Verification.Identity.Label.VoiceCollectionConsent2,
Xbox.Old.ActiveUserLostConnectionPhrase,"El usuario ""%s"" se desconectó. Presiona ""A"" en el mando con el que quieres continuar."
Xbox.Old.ActiveUserLostConnectionTitle,Se ha eliminado el usuario activo
Xbox.Old.AlertOccurredTitle,Se ha producido una alerta
Xbox.Old.CPPWelcomePhrase,"Ahora puedes unirte a Roblox en Xbox One con personas de cualquier plataforma, que incluye equipos de escritorio, teléfonos y tablets. De esta manera verás a más personas en más experiencias y podrás unirte a TODOS tus amigos, sin importar en qué dispositivo estén. Puedes actualizar las opciones de la experiencia en Configuración de cuenta."
Xbox.Old.CPPWelcomeTitle,¡Te damos la bienvenida al juego multiplataforma!
Xbox.Old.ControllerLostConnectionPhrase,"El mando del usuario ""%s"" no está conectado. Presiona ""A"" en el mando con el que quieres continuar."
Xbox.Old.ControllerLostConnectionTitle,Falta un mando
Xbox.Old.DefaultAlertPhrase,No se pudo conectar con Roblox. Inténtalo de nuevo más tarde.
Xbox.Old.PlatformLinkInfoMessage,Creamos una cuenta de Roblox nueva para ti. Todos tus progresos en la experiencia así como tus compras se guardarán en esta cuenta de Roblox. Ahora puedes iniciar sesión en cualquier plataforma y seguir desde donde lo dejaste.
Xbox.Old.PlatformLinkInfoTitle,¡Te damos la bienvenida a Roblox!
Xbox.Old.PlayMyPlaceMoreGamesPhrase,Inicia sesión en Roblox.com para crear más experiencias y editar tus creaciones existentes.
Xbox.Old.PlayMyPlaceMoreGamesTitle,Mis experiencias
Xbox.Old.ReauthInvalidSessionPhrase,Te desconectaste de todas las sesiones de Roblox en curso.
Xbox.Old.ReauthMaintenancePhrase,Sitio en mantenimiento. Regresaremos pronto.
Xbox.Old.ReauthMaintenanceTitle,En mantenimiento
Xbox.Old.ReauthRemovedPhrase,Detectamos un cambio del usuario activo. Inicia sesión de nuevo.
Xbox.Old.ReauthRemovedTitle,Cambio de usuario
Xbox.Old.ReauthSignedOutPhrase,Te desconectaste de tu cuenta de Xbox Live. Inicia sesión para continuar.
Xbox.Old.ReauthSignedOutTitle,Te has desconectado
Xbox.Old.ReauthUnknownPhrase,Se produjo un error y te desconectaste. Inicia sesión de nuevo para seguir disfrutando.
Xbox.Old.ReauthUnlinkPhrase,Desvinculaste correctamente tu cuenta de Roblox. Ahora puedes volver a iniciar sesión o registrar una cuenta de Roblox nueva.
Xbox.Old.ReauthUnlinkTitle,Se desvinculó la cuenta
Xbox.Old.ResizeScreenInputHint,Redimensionar pantalla
Xbox.Old.ResizeScreenPrompt,Usa el stick derecho para ajustar los extremos de la caja blanca justo hasta que desaparezcan de la pantalla.
Xbox.Old.ScreenSizeWord,Tamaño de pantalla
Xbox.Old.UnlockedUGCPhrase,"Ahora que te uniste a 5 experiencias promocionadas, puedes acceder a la selección completa de experiencias creadas por miembros de la comunidad como tú.

Ve a la pantalla Descubrir para ver todas las experiencias nuevas que desbloqueaste."
Xbox.Old.UnlockedUGCTitle,¡Se han desbloqueado todas las experiencias!
