Key,Value
AccountIdentity.AgeCheck.Label.AgeBandOver13,13+
AccountIdentity.AgeCheck.Label.AgeBandOver13Checked,13 ans et plus vérifié
AccountIdentity.AgeCheck.Label.AgeBandOver18,18+
AccountIdentity.AgeCheck.Label.AgeBandOver18Checked,18 ans et plus vérifié
AccountIdentity.AgeCheck.Label.AgeBandUnder13,<13
AccountIdentity.AgeCheck.Label.AgeGroup13To15,entre 13 et 15 ans
AccountIdentity.AgeCheck.Label.AgeGroup16To17,entre 16 et 17 ans
AccountIdentity.AgeCheck.Label.AgeGroup18To20,entre 18 et 20 ans
AccountIdentity.AgeCheck.Label.AgeGroup18To24,18 à 24 ans
AccountIdentity.AgeCheck.Label.AgeGroup9To12,entre 9 et 12 ans
AccountIdentity.AgeCheck.Label.AgeGroupOver21,21 ans et plus
AccountIdentity.AgeCheck.Label.AgeGroupOver25,Plus de 25 ans
AccountIdentity.AgeCheck.Label.AgeGroupUnder9,5 à 8 ans
Amp.AccountSettingsUpsell.Email.Button.Cancel,Annuler
Amp.AccountSettingsUpsell.Email.Button.Settings,Paramètres
Amp.AccountSettingsUpsell.Email.Modal.ContentText,"Prouver votre âge pour accéder à cette expérience.

1. Aller dans les informations du compte dans les paramètres
2. Choisir Ajouter le téléphone
3. Terminer le processus
"
Amp.AccountSettingsUpsell.Email.Modal.Title,Vérification d'email requise
Amp.AccountSettingsUpsell.Phone.Button.Cancel,
Amp.AccountSettingsUpsell.Phone.Button.Settings,
Amp.AccountSettingsUpsell.Phone.Modal.ContentText,"Vérifier votre téléphone pour accéder à cette expérience.

1. Aller dans les informations du compte dans les Paramètres
2. Choisir Ajouter le téléphone
3. Terminer le processus"
Amp.AccountSettingsUpsell.Phone.Modal.Title,Vérification du téléphone requise
Amp.ErrorScreen.BodyText,Impossible de récupérer ton statut d'accès
Amp.ErrorScreen.Cancel,
Amp.ErrorScreen.Retry,Réessayer
Amp.ErrorScreen.Title,Un problème est survenu
Amp.ErrorScreen.UserMismatchBody,Ce code QR correspond à un autre compte. Change de compte et scanne-le à nouveau pour continuer.
Amp.ErrorScreen.UserMismatchTitle,Compte incorrect
Amp.FAEUpsell.Modal.ExternalLink.ButtonCancel,
Amp.FAEUpsell.Modal.ExternalLink.ButtonStart,Continuer
Amp.FAEUpsell.Modal.ExternalLink.Text,Prouve ton âge pour débloquer le Chat sans filtres et le vocal Party.
Amp.FAEUpsell.Modal.ExternalLink.Title,Vérification d'âge requise
Amp.FAEUpsell.Modal.Failed.ButtonClose,Fermer
Amp.FAEUpsell.Modal.Failed.ButtonRetry,
Amp.FAEUpsell.Modal.Failed.Text,Une erreur est survenue. Réessayer plus tard.
Amp.FAEUpsell.Modal.Failed.Title,Erreur lors de la vérification de l'âge
Amp.FAEUpsell.Modal.Loading.ButtonCancel,
Amp.FAEUpsell.Modal.Loading.Text,"Cette opération peut prendre un certain temps. Si tu annules, ton âge risque de ne pas être vérifié."
Amp.FAEUpsell.Modal.Loading.Title,Vérification de l'âge
Amp.FAEUpsell.Modal.QRCode.Description,Débloque plus d'expériences et de fonctionnalités en faisant vérifier ton âge. Scanne ce code QR avec ton téléphone ou ta tablette.
Amp.FAEUpsell.Modal.QRCode.Footer,Scan impossible ? Télécharge l'application Roblox sur ton appareil mobile et accède à Paramètres > Infos sur le compte
Amp.FAEUpsell.Modal.QRCode.Title,Fais vérifier ton âge à l'aide de l'application mobile
Amp.IDVErrorScreen.Close,
Amp.IDVErrorScreen.Declined,"Désolé, votre vérification a été refusée pour des raisons de sécurité. Si vous voulez essayer à nouveau, veuillez vérifier dans quelques jours."
Amp.IDVErrorScreen.Retry,"Quelque chose s'est mal passé. Veuillez rafraîchir la page, essayez à nouveau."
Amp.IDVErrorScreen.Timeout,Le processus de vérification a pris trop de temps. Veuillez rafraîchir la page et réessayer.
Amp.IDVErrorScreen.Title,La vérification a échoué
Amp.IDVUpsell.Button.Cancel,
Amp.IDVUpsell.Button.StartVerification,Démarrer la vérification
Amp.IDVUpsell.Directions.IDBody,"Permis de conduire, passeport, carte d'identité, permis de résidence"
Amp.IDVUpsell.Directions.IDHeader,Préparer une pièce d'identité valide
Amp.IDVUpsell.Directions.PhoneBody,Vous avez besoin d'un smartphone pour continuer
Amp.IDVUpsell.Directions.PhoneHeader,Utiliser un smartphone
Amp.IDVUpsell.Modal.Disclaimer,Veuillez noter : Vous êtes sur le point de commencer le processus de vérification d'identité avec notre fournisseur de services tiers. Les informations collectées au cours de ce processus seront utilisées pour sécuriser votre compte et/ou activer des fonctions de Roblox.
Amp.IDVUpsell.Modal.PrivacyLinkText,Avis de confidentialité de Roblox Biometric
Amp.IDVUpsell.Modal.QRHeaderText,Scannez le code QR pour commencer
Amp.IDVUpsell.Modal.Title,Vérification de l'âge requise
Amp.IDVUpsell.PrivacyPageHeader,Politique de confidentialité
Amp.Upsell.Action.AskNow,Demander
Amp.Upsell.Description.PrologueEnablePurchase,"En raison de restrictions régionales, tu as besoin de l'autorisation des parents pour effectuer cet achat."
Amp.Upsell.Description.PrologueJoinExperience,"Pour rejoindre cette expérience, tu as besoin de la permission des parents."
Amp.Upsell.Description.PrologueTextVpc,Tu as besoin de l'autorisation des parents.
Amp.Upsell.Description.PrologueUnblockUser,"Pour débloquer {displayName}, tu as besoin d'une autorisation parentale"
Amp.Upsell.Message.EmailSent,Nous avons envoyé un email à {parentEmail}
Amp.Upsell.Message.EmailSentPluralParent,Nous avons envoyé à l'adresse email associée à tes parents
Amp.Upsell.Title.AskYourParent,Demande à tes parents
Amp.Upsell.Title.RequestSent,Demande envoyée
Application.ConnectionError.Action.Ok,Ok
Application.ConnectionError.ErrorCode,Code d'erreur : {errorCode}
Application.Logout.Action.Logout,Déconnexion
Application.Logout.Message.Confirmation,Veux-tu vraiment quitter ?
Application.Logout.Title.Logout,Quitter
Application.Settings.AccountSettingsTitle,Paramètres du compte
Application.Settings.AppSettingsTitle,Paramètres de l'application
Application.Settings.DeviceSettings.Title,Paramètres de l'appareil
Application.Settings.VR.Comfort.Description,Réduit le mal des transports en ajustant les mouvements et le champ de vision.
Application.Settings.VR.Comfort.Profile.Description,Choisis l'un des préréglages ou sélectionne « Personnalisé » pour définir manuellement chaque option de confort.
Application.Settings.VR.Comfort.Profile.Option.Comfort,Confort
Application.Settings.VR.Comfort.Profile.Option.Custom,Personnalisé
Application.Settings.VR.Comfort.Profile.Option.Default,Par défaut
Application.Settings.VR.Comfort.Profile.Option.Expert,Expert
Application.Settings.VR.Comfort.Profile.Title,Profil de confort
Application.Settings.VR.Comfort.SafetyBubbleMode.Description,Décide qui peut s'approcher de toi sans avoir à s'effacer
Application.Settings.VR.Comfort.SafetyBubbleMode.Option.Anyone,Tout le monde
Application.Settings.VR.Comfort.SafetyBubbleMode.Option.NoOne,Personne
Application.Settings.VR.Comfort.SafetyBubbleMode.Option.OnlyFriends,Seulement les amis
Application.Settings.VR.Comfort.SafetyBubbleMode.Title,Bulle de sécurité
Application.Settings.VR.Comfort.SteppedRotationEnabled.Description,Paramètre de locomotion qui fait tourner la vue selon des angles fixes et incrémentiels au lieu d'un mouvement continu.
Application.Settings.VR.Comfort.SteppedRotationEnabled.Title,Rotation progressive
Application.Settings.VR.Comfort.ThirdPersonFixedCamEnabled.Description,"Prévient le mal des transports causé par les mouvements fluides de la caméra. Celle-ci reste immobile pendant que tu te déplaces, puis se repositionne instantanément derrière toi. Fonctionne uniquement en vue à la troisième personne."
Application.Settings.VR.Comfort.ThirdPersonFixedCamEnabled.Title,Caméra confort à la 3e personne
Application.Settings.VR.Comfort.Title,Paramètres de confort
Application.Settings.VR.Comfort.VignetteEnabled.Description,Paramètre de confort qui réduit ton champ de vision pendant les mouvements pour prévenir ou atténuer le mal des transports.
Application.Settings.VR.Comfort.VignetteEnabled.Title,Vignette de confort
Application.Settings.VRAccountSettingsExplanation,"Pour accéder à votre confidentialité, aux contrôles de sécurité et à d'autres informations, consulter le site web ou un appareil associé."
Application.Settings.VRAccountSettingsSubtitle,Visiter le Web ou l'appareil compagnon
Application.Settings.VolumeSliderDescription,"Contrôle le niveau sonore général de Roblox, y compris les effets des menus, le son du jeu et le chat vocal."
Authentication.AccountPicker.Button.CreateAccount,Créer un compte
Authentication.AccountPicker.Button.SignIntoAnotherAccount,Se connecter à un autre compte
Authentication.AccountPicker.Label.AllAccounts,Tous les comptes
Authentication.AccountPicker.Label.Manage,Gérer
Authentication.AccountPicker.Label.ManageAccounts,Gérer les comptes
Authentication.AccountPicker.Label.RemoveAccount,Supprimer le compte ?
Authentication.AccountPicker.Label.RemoveAccountCancel,
Authentication.AccountPicker.Label.RemoveAccountDescription,"Tu ne verras plus ce compte sur cet appareil, à moins que tu ne te connectes à nouveau."
Authentication.AccountPicker.Label.RemoveAccountRemove,Supprimer
Authentication.AccountPicker.Label.SignedOut,
Authentication.AccountRecovery.Action.AddAPasskey,"Oui, ajouter un nouveau passkey"
Authentication.AccountRecovery.Action.Continue,
Authentication.AccountRecovery.Action.Delete,Retirer
Authentication.AccountRecovery.Action.DeleteAll,Supprimer les modifications
Authentication.AccountRecovery.Action.DontDeleteCredentials,Tout conserver
Authentication.AccountRecovery.Action.Next,Suivant
Authentication.AccountRecovery.Action.Ok,
Authentication.AccountRecovery.Action.ResetPassword,Réinitialiser le mot de passe 
Authentication.AccountRecovery.Action.Save,Garder
Authentication.AccountRecovery.Action.SendCode,M'envoyer un code
Authentication.AccountRecovery.Action.SkipAddingPasskey,"Non, ignorer cette étape"
Authentication.AccountRecovery.Action.UpdatePassword,Mettre à jour mot de passe
Authentication.AccountRecovery.Action.UseAnotherMethod,Employer une autre méthode
Authentication.AccountRecovery.Action.UseBackupCode,Utiliser un code de secours
Authentication.AccountRecovery.Action.UseEmail,E-mail
Authentication.AccountRecovery.Action.UseEmailInstead,Utiliser cette adresse e-mail
Authentication.AccountRecovery.Action.UsePhone,Utiliser le téléphone
Authentication.AccountRecovery.Action.UsePhoneInstead,Utiliser plutôt le téléphone
Authentication.AccountRecovery.Action.UseUsernameEmailInstead,Utiliser le nom d'utilisateur ou l'email à la place
Authentication.AccountRecovery.Description.AccountSecuredConfirmation,Toutes les modifications ont été supprimées.
Authentication.AccountRecovery.Description.CannotRecoverAccount,"Pour ta sécurité, une deuxième méthode de vérification distincte est nécessaire pour récupérer ton compte pour lequel la vérification en 2 étapes a été activée. Ce compte ne dispose pas d'une méthode de secours disponible permettant une récupération sécurisée. Essaie de retrouver l'accès à ta méthode principale de vérification en 2 étapes ou utilise un code de secours pour ignorer la procédure de vérification en 2 étapes."
Authentication.AccountRecovery.Description.ChooseAccount,Choisis le compte que tu veux récupérer.
Authentication.AccountRecovery.Description.CreateNewPassword,Crée un mot de passe fort et différent de ton ancien mot de passe.
Authentication.AccountRecovery.Description.CreateNewPasswordAddEmail,Crée un nouveau mot de passe et ajoute un email pour t'aider à protéger ton compte à l'avenir.
Authentication.AccountRecovery.Description.DeviceDoesNotSupportPasskey,"Tu as adhéré au programme de protection renforcée. Pour assurer la sécurité de ton compte, tu auras besoin d'un passkey ou d'une clé de sécurité pour te connecter. Cet appareil ne prend pas en charge les passkeys, la connexion à cet appareil peut donc s'avérer difficile. À l'avenir, tu peux utiliser la connexion rapide pour ouvrir ta session à l'aide d'un autre appareil connecté."
Authentication.AccountRecovery.Description.EmailCodeSent,"Si un compte Roblox est associé à cette adresse e-mail, tu recevras un code de vérification. Vérifie tous tes dossiers, y compris les spams."
Authentication.AccountRecovery.Description.EmailCodeSentForUser,"Nous venons d'envoyer un code de vérification à 6 chiffres à l'adresse e-mail que tu as fournie, si elle est associée à ton compte. Vérifie tous tes dossiers, y compris les spams."
Authentication.AccountRecovery.Description.EmailUnavailableInfo,"Certaines adresses e-mail peuvent apparaître comme indisponibles, car elles ont été modifiées à la suite d'un changement d'âge. Néanmoins, ton adresse reste utilisable pour récupérer ton compte."
Authentication.AccountRecovery.Description.EnhancedProtectionAddPasskey,"Tu as adhéré au programme de protection renforcée. Pour assurer la sécurité de ton compte, tu auras besoin d'un passkey ou d'une clé de sécurité pour te connecter.{lineBreak}{lineBreak}Si tu utilises ton appareil personnel, nous te recommandons de configurer un nouveau passkey dès maintenant. Cela facilitera la connexion sur cet appareil à l'avenir. Si tu utilises un appareil partagé ou public, ignore cette étape."
Authentication.AccountRecovery.Description.EnterABackupCode,"Maintenant, saisis le code de secours enregistré."
Authentication.AccountRecovery.Description.EnterContactMethodAssociatedWithYourAccount,"Saisis un email ou un numéro de téléphone qui peut être associé à ton compte. Si tu as déjà effectué un achat, tu peux essayer ton email de facturation."
Authentication.AccountRecovery.Description.EnterEmailAddress,"Maintenant, saisis une adresse e-mail. Il peut s'agir d'une adresse e-mail déjà utilisée lors d'un achat sur Roblox."
Authentication.AccountRecovery.Description.EnterPhoneBackupCodeOrAnotherEmail,"Maintenant, saisis un numéro de téléphone, un code de secours ou une adresse e-mail. Il peut s'agir d'une adresse déjà utilisée lors d'un achat sur Roblox."
Authentication.AccountRecovery.Description.EnterPhoneNumberSecondMethod,"Maintenant, saisis un numéro de téléphone associé à ton compte."
Authentication.AccountRecovery.Description.EnterPhoneOrAnotherEmail,"Maintenant, saisis un numéro de téléphone ou une autre adresse e-mail. Il peut s'agir d'une adresse e-mail déjà utilisée lors d'un achat sur Roblox."
Authentication.AccountRecovery.Description.InvalidateCredentialInfo,Un paramètre de sécurité a peut-être été modifié à ton insu. Supprime la modification que tu ne reconnais pas.
Authentication.AccountRecovery.Description.InvalidateCredentialsIntro,Des paramètres de sécurité ont peut-être été modifiés à ton insu. Supprime les modifications que tu ne reconnais pas.
Authentication.AccountRecovery.Description.InvalidateCredentialsWarning,Conserver des modifications que tu ne reconnais pas peut mettre ton compte en danger. Toute suppression est définitive.
Authentication.AccountRecovery.Description.KeepTwoStepMethodDynamic,Tu as activé {twoStepMethod} sur ton compte. Conserve cette méthode si tu peux toujours y accéder. Nous te la demanderons lorsque tu te reconnecteras.
Authentication.AccountRecovery.Description.NoChangesMade,Ajoute une protection supplémentaire pour mieux sécuriser ton compte.
Authentication.AccountRecovery.Description.PhoneCodeSent,"Si un compte Roblox est associé à ce numéro de téléphone, tu recevras un code de vérification. Vérifie tes SMS ou WhatsApp."
Authentication.AccountRecovery.Description.PhoneCodeSentForUser,"Nous venons d'envoyer un code de vérification à 6 chiffres au numéro de téléphone que tu as fourni, s'il est associé à ton compte. Le code peut être envoyé par WhatsApp ou par SMS."
Authentication.AccountRecovery.Description.PlatformNotSupported,"La récupération de compte n'est pas prise en charge sur cette plateforme ou cet appareil. Sélectionne OK pour fermer cette fenêtre et revenir à la page de connexion. Merci d'utiliser un autre appareil pour récupérer ton compte. Ensuite, choisis Connexion rapide et suis les instructions pour te connecter en toute sécurité avec l'autre appareil connecté."
Authentication.AccountRecovery.Description.SaveTwoStepMethod,Conserve-la si tu peux toujours y accéder. Nous te demanderons de l'utiliser lorsque tu te reconnecteras.
Authentication.AccountRecovery.Description.SendCodeContactMethodConfirmation,Nous enverrons un code de vérification à 6 chiffres à la méthode de contact que tu as fournie si elle est associée à un compte Roblox.
Authentication.AccountRecovery.Description.SomethingWentWrongVerifyAgain,Une erreur s'est produite. Appuie sur « Continuer » pour réessayer.
Authentication.AccountRecovery.Description.TrustedLocationResetPassword,"Salut {username}, tu accèdes à ton compte depuis un lieu de confiance. Réinitialise ton mot de passe maintenant pour retrouver l'accès à ton compte Roblox."
Authentication.AccountRecovery.Description.TrustedLocationResetPasswordSkip2SV,"Bonjour {username}, tu accèdes à ton compte depuis un lieu de confiance. Tu peux ignorer la vérification en 2 étapes et réinitialiser ton mot de passe maintenant pour terminer la récupération."
Authentication.AccountRecovery.Description.TrustedLocationSkip2SV,"Salut {username}, tu accèdes à ton compte depuis un lieu de confiance. Tu peux ignorer la vérification en 2 étapes et terminer la récupération."
Authentication.AccountRecovery.Description.UpdateEmailConfirmation,Nous avons remarqué que tu as utilisé un email différent pour récupérer ton compte. Nous allons mettre à jour ton adresse email pour qu'elle soit : {email}
Authentication.AccountRecovery.Description.VerifyAgain,Vérifie qu'il s'agit bien de toi avant de récupérer ton compte avec la vérification en 2 étapes activée. Appuie sur « Continuer » pour relancer la procédure de vérification en 2 étapes.
Authentication.AccountRecovery.Heading.AccountSecuredConfirmation,Ton compte est sécurisé
Authentication.AccountRecovery.Heading.BackupCodesGenerated,Codes de secours générés
Authentication.AccountRecovery.Heading.BillingEmailAdded,Adresse e-mail de facturation ajoutée
Authentication.AccountRecovery.Heading.CannotRecoverAccount,Nous ne pouvons pas récupérer ton compte
Authentication.AccountRecovery.Heading.ChooseVerificationMethod,Choisis une méthode de vérification.
Authentication.AccountRecovery.Heading.EmailAdded,Adresse e-mail ajoutée
Authentication.AccountRecovery.Heading.EnhancedProtectionPostRecoveryPasskey,S'agit-il de ton appareil personnel ?
Authentication.AccountRecovery.Heading.EnhancedProtectionProgramPostRecoveryNoPasskey,"Tu peux rencontrer des fonctionnalités limitées sur cet appareil, car il ne prend pas en charge le passkey"
Authentication.AccountRecovery.Heading.EnrolledInEnhancedProtection,Inscription au programme de protection renforcée effectuée
Authentication.AccountRecovery.Heading.EnterSecondMethod,Choisis une deuxième méthode de vérification
Authentication.AccountRecovery.Heading.InvalidateCredential,Modification apportée à ton compte
Authentication.AccountRecovery.Heading.InvalidateCredentials,Modifications apportées à ton compte
Authentication.AccountRecovery.Heading.NoChangesMade,Aucune modification effectuée
Authentication.AccountRecovery.Heading.PasskeyAdded,Passkey ajouté
Authentication.AccountRecovery.Heading.PhoneNumberAdded,Numéro de téléphone ajouté
Authentication.AccountRecovery.Heading.ResetPassword,Réinitialiser le mot de passe
Authentication.AccountRecovery.Heading.RobloxAccountRecovery,Récupération du compte Roblox
Authentication.AccountRecovery.Heading.SaveTwoStepMethod,Conserver la méthode de vérification en deux étapes existante ?
Authentication.AccountRecovery.Heading.TwoStepMethodAdded,Méthode {value} ajoutée
Authentication.AccountRecovery.Heading.UpdateEmail,Mettre à jour ton adresse e-mail
Authentication.AccountRecovery.Heading.UseAnotherDevice,Utiliser un autre appareil
Authentication.AccountRecovery.Label.AddEmail,Ajouter un e-mail
Authentication.AccountRecovery.Label.Authenticator2sv,appli authenticator 2sv
Authentication.AccountRecovery.Label.Authenticator2svCapitalized,Appli Authenticator 2SV
Authentication.AccountRecovery.Label.BackupCode,Code de secours
Authentication.AccountRecovery.Label.ConfirmNewPasswordV2,Confirmer le nouveau mot de passe
Authentication.AccountRecovery.Label.Email2sv,e-mail 2sv
Authentication.AccountRecovery.Label.Email2svCapitalized,Adresse e-mail 2SV
Authentication.AccountRecovery.Label.EmailUnavailable,Adresse e-mail indisponible
Authentication.AccountRecovery.Label.EnterCode,Entrer le code
Authentication.AccountRecovery.Label.NewPasswordV2,Nouveau mot de passe
Authentication.AccountRecovery.Label.Or,Ou
Authentication.AccountRecovery.Label.PreviousContactMethodVerification,{contactMethod} vérifié(e)
Authentication.AccountRecovery.Label.ResendCode,Renvoyer le code
Authentication.AccountRecovery.Label.ResendCodeTimer,Renvoyer le code dans {timeLeft}s
Authentication.AccountRecovery.Label.SecurityKey2sv,clé de sécurité 2sv
Authentication.AccountRecovery.Label.SecurityKey2svCapitalized,Clé de sécurité 2SV
Authentication.AccountRecovery.Label.UsernameEmail,Nom d'utilisateur/E-mail
Authentication.AccountRecovery.LabelEmail,Adresse e-mail
Authentication.AccountRecovery.LabelPhone,Téléphone
Authentication.AccountRecovery.LabelTwoStepVerification,Vérification en 2 étapes
Authentication.AccountRecovery.Message.Error.AccountNotFound,Compte non trouvé.
Authentication.AccountRecovery.Message.Error.InvalidCode,Code non valide.
Authentication.AccountRecovery.Message.Error.InvalidEmail,Courriel non-valide.
Authentication.AccountRecovery.Message.Error.InvalidPassword,Mot de passe invalide.
Authentication.AccountRecovery.Message.Error.TooManyRequests,Trop de tentatives. Veuillez réessayer plus tard.
Authentication.AccountRecovery.Message.Error.TryADifferentOne,Essaye une autre méthode.
Authentication.AccountRecovery.MessagePasswordsDoNotMatch,Les mots de passe ne correspondent pas.
Authentication.AccountRecovery.MessageUnknownError,Erreur inconnue
Authentication.AccountSwitch.Action.AddAccount,Ajouter un compte
Authentication.AccountSwitch.Action.AddAnAccount,
Authentication.AccountSwitch.Action.Continue,
Authentication.AccountSwitch.Action.CreateNewAccount,Créer un nouveau compte
Authentication.AccountSwitch.Action.LogoutAllAccounts,Déconnexion de tous les comptes
Authentication.AccountSwitch.Action.RemoveAllAccounts,Supprimer tous les comptes ?
Authentication.AccountSwitch.Action.SignInToExistingAccount,Se connecter à un compte existant
Authentication.AccountSwitch.Action.SwitchAccount,Changer de compte
Authentication.AccountSwitch.Description.AccountLimit.2,Tu as atteint ta limite de comptes. Retire un compte avant d'en ajouter un autre.
Authentication.AccountSwitch.Description.ContinueSignOutOthers,Continuer avec le compte {username} entraînera la déconnexion de tes autres comptes.
Authentication.AccountSwitch.Description.LogoutConfirmation,Vous devez vous déconnecter de vos autres comptes Roblox sur cet appareil avant d'ajouter un nouveau compte
Authentication.AccountSwitch.Description.PleaseTryAgainLater,Réessayer plus tard
Authentication.AccountSwitch.Description.RemoveAllAccounts,"Une fois que tu te déconnecteras, tous les comptes seront supprimés de cet appareil."
Authentication.AccountSwitch.Description.RemoveCurrentAccount,"Si tu confirmes ton choix, tu ne verras plus ce compte sur cet appareil, à moins que tu ne te connectes à nouveau. Tu seras redirigé vers la page d'accueil."
Authentication.AccountSwitch.Description.TryLoggingInDirectly.2,Essaie de te connecter directement
Authentication.AccountSwitch.Header.CantSwitchAccountsSentenceCase,Impossible de changer de compte
Authentication.AccountSwitch.Header.LogoutAllAccounts,
Authentication.AccountSwitch.Header.RemoveCurrentAccount,Supprimer le compte actuel ?
Authentication.AccountSwitch.Header.SignOutOtherAccounts,Se déconnecter des autres comptes ?
Authentication.AccountSwitch.Header.SwitchAccountSentenceCase,
Authentication.AccountSwitch.Heading.SwitchAccount,
Authentication.AccountSwitch.Label.AccountLimitReached.2,"Pour ajouter un compte, déconnecte-toi d'un premier."
Authentication.CrossDevice.Action.CancelLogin,
Authentication.CrossDevice.Action.ConfirmLogin,Confirmer la connexion
Authentication.CrossDevice.Action.Done,Terminé
Authentication.CrossDevice.Action.Enter,Entrer
Authentication.CrossDevice.Action.GoBack,Retour
Authentication.CrossDevice.Action.Next,
Authentication.CrossDevice.Action.TryAgain,
Authentication.CrossDevice.Description.ConfirmOnSignedInDevice,Confirme sur ton appareil connecté pour continuer.
Authentication.CrossDevice.Description.QuickSignInInstructionsModal,"Sur ton appareil déjà connecté, scanne le code QR ou accède à <b>Plus > Connexion rapide</b>, puis saisis le code ci-dessous."
Authentication.CrossDevice.Description.SigningInAs,Connexion en tant que {identifier}
Authentication.CrossDevice.EnterCodeInstruction,puis entre ce code
Authentication.CrossDevice.GoToInstruction,"Sur ton ordinateur ou ton téléphone, accède à :"
Authentication.CrossDevice.Heading.LoginAnotherDevice,Connexion dans un autre appareil
Authentication.CrossDevice.Heading.LoginCode,Code de connexion rapide
Authentication.CrossDevice.Heading.LoginWarning,"POUR TE CONNECTER, ASSURE-TOI QUE TU :"
Authentication.CrossDevice.Heading.QuickLogin,Connexion rapide
Authentication.CrossDevice.Heading.SignInWithQrCode,Se connecter avec un code QR
Authentication.CrossDevice.Heading.SigninAnotherDevice,Connexion depuis un nouvel appareil
Authentication.CrossDevice.Heading.WaitingForConfirmation,En attente de confirmation
Authentication.CrossDevice.Heading.Warning,AVERTISSEMENT !
Authentication.CrossDevice.Label.CodeHeader,Option 2
Authentication.CrossDevice.Label.CodeNotVerified,Le code de connexion rapide n'a pas été vérifié.
Authentication.CrossDevice.Label.Confirm,Confirmer
Authentication.CrossDevice.Label.ConfirmAndLoginAs,Confirmation de la connexion en tant que %s sur ton autre appareil
Authentication.CrossDevice.Label.ConfirmOnDevice,CONFIRMER CONNEXION SUR TON AUTRE APPAREIL
Authentication.CrossDevice.Label.ConfirmationMessage1,Tu es sur le point de t'inscrire : %s
Authentication.CrossDevice.Label.ConfirmationMessage2,"Ce nouvel appareil aura accès à ton compte, tes Robux et à ton inventaire."
Authentication.CrossDevice.Label.ConfirmationMessage3,Confirme que c'est bien toi.
Authentication.CrossDevice.Label.Continue,
Authentication.CrossDevice.Label.DevicePrompt,ALLER SUR TON APPAREIL CONNECTÉ POUR ENTRER CE CODE ET PARTIR EN EXPLORATION
Authentication.CrossDevice.Label.EnterCodeTextBox,Saisir le code
Authentication.CrossDevice.Label.EnterOtherDeviceCode,Entrer le code d'un autre appareil
Authentication.CrossDevice.Label.InvalidLocationError,Nous n'avons pas pu faire correspondre votre position à celle de l'appareil qui a essayé de se connecter. Réessayer sur le même réseau.
Authentication.CrossDevice.Label.LogginInAs,Connexion en %s
Authentication.CrossDevice.Label.LoginInstructions,"Sur ton appareil connecté, aller sur :"
Authentication.CrossDevice.Label.LoginInstructionsV2,Ouvrir ton application Roblox et aller à :
Authentication.CrossDevice.Label.LoginLocation,<b>Paramètres du compte > Connexion rapide</b> Entrer votre code.
Authentication.CrossDevice.Label.LoginLocationV2,<b>Plus sur la page > Connexion rapide</b> pour entrer ton code.
Authentication.CrossDevice.Label.NotAvailableOnNetwork,Cette fonction n'est pas disponible sur ce réseau. Réessayer plus tard
Authentication.CrossDevice.Label.OK,OK
Authentication.CrossDevice.Label.QrCodeError,Nous avons des problèmes pour afficher un code QR. Actualise cette page ou suis les instructions ci-dessous pour te connecter sur un autre appareil.
Authentication.CrossDevice.Label.QrCodeLogin,Code QR de connexion
Authentication.CrossDevice.Label.QrHeader,Option 1
Authentication.CrossDevice.Label.QrInstructions,Scanne ce code QR depuis l'appareil photo de ton appareil connecté.
Authentication.CrossDevice.Label.QuestCDLShortLinkInstruction,Rendez-vous sur <b>roblox.com/quest</b> sur votre ordinateur ou téléphone pour entrer ce code et compléter la connexion.
Authentication.CrossDevice.Label.QuickSignInWarning,"Pour ta sécurité, ne saisis que les codes générés depuis ton nouvel appareil."
Authentication.CrossDevice.Label.SigninInstructionHeading,Pour te connecter en tant que {username} :
Authentication.CrossDevice.Label.SigninInstructionOne,1. Ouvre la page de connexion sur ton nouvel appareil
Authentication.CrossDevice.Label.SigninInstructionThree,3. Saisis ce code dans le champ ci-dessous
Authentication.CrossDevice.Label.SigninInstructionTwo,2. Sélectionne Connexion rapide pour recevoir un code
Authentication.CrossDevice.Label.Warning1,• n'entres que les codes que tu as demandés
Authentication.CrossDevice.Label.Warning2,• n'as jamais entré le code d'un autre utilisateur
Authentication.CrossDevice.Response.InvalidCode,Le code que tu as rentré n'est pas valide. Vérifie si tu l'as saisi correctement.
Authentication.CrossDevice.Response.LoginFail,Échec de la connection
Authentication.CrossDevice.Response.LoginSuccess,Connexion réussie
Authentication.Login.Action.ConnectionError.RetryReady,
Authentication.Login.Action.ConnectionError.RetryWait,Réessayer dans: {WaitTime}
Authentication.Login.Action.Continue,
Authentication.Login.Action.DownloadNow,Télécharger
Authentication.Login.Action.EmailACode,Envoyer un code par e-mail
Authentication.Login.Action.EmailMeCode,Recevoir un code par e-mail
Authentication.Login.Action.EmailOtpWaitTime,Renvoyer le code dans {WaitTime}s
Authentication.Login.Action.ForgotPasswordOrUsernameQuestionCapitalized,Mot de passe ou nom d'utilisateur oublié ?
Authentication.Login.Action.ForgotUsername,Nom d'utilisateur oublié ?
Authentication.Login.Action.ForgotUsernameOrPassword,Nom d'utilisateur ou mot de passe oublié ?
Authentication.Login.Action.LogInEmailOneTimeCode,Envoyez-moi un code unique par email
Authentication.Login.Action.NeedHelp,Besoin d'aide?
Authentication.Login.Action.Next,
Authentication.Login.Action.QQLogin,Connexion QQ
Authentication.Login.Action.QuickSignIn,
Authentication.Login.Action.ResendCode,
Authentication.Login.Action.SendCodeSentenceCase,Envoyer le code
Authentication.Login.Action.SendVerificationEmail,Envoyer l'e-mail de vérification
Authentication.Login.Action.SignIn,Se connecter
Authentication.Login.Action.SignInSentenceCase,
Authentication.Login.Action.SignInWithQrCode,
Authentication.Login.Action.UsePasskey,Utiliser le passkey
Authentication.Login.Action.WeChatLogin,Connexion WeChat
Authentication.Login.Button.CloseAndSwitchPlatformAccount,Quitter Roblox pour changer de compte pour {platformAccountName}
Authentication.Login.Button.UseDifferentRobloxAccount,Utiliser un compte Roblox différent
Authentication.Login.Description.AccountSelectorHelp,Tous tes comptes associés sont listés ici.
Authentication.Login.Description.DownloadNewVersion,Cette version de Roblox n'est pas disponible pour ton compte. Télécharge la version requise pour continuer.
Authentication.Login.Description.EnterOneTimeCodeHelpV2,Entre le code que nous venons d'envoyer à : {email}
Authentication.Login.Description.GetOneTimeCodeHelp,Entre l'email vérifié sur ton compte pour recevoir un code unique.
Authentication.Login.Description.PasskeyDescription,"Ton compte dispose de passkey, une méthode de connexion plus sûre que le mot de passe. Tu peux utiliser ton empreinte digitale, ton visage ou le verrouillage de l'écran pour te connecter sur cet appareil."
Authentication.Login.Description.PasskeyLoginIncompatibleDevice,"Nous ne pouvons pas déterminer si ton appareil prend en charge le passkey. Essaie à nouveau, ou appuie sur « Problème de connexion » pour récupérer ton compte avec un email ou un numéro de téléphone."
Authentication.Login.Description.PasskeyMobileOnly,Les passkeys sont uniquement disponibles sur mobile. Choisis une autre méthode de connexion.
Authentication.Login.Description.SigningInWith,Connexion avec <b>{identifier}</b>
Authentication.Login.Description.UsernameHandle,@<b>{username}</b>
Authentication.Login.Description.VerificationCodeSentTo,"Si tu as déjà un compte Roblox, un code de vérification te sera envoyé à l'adresse {email} "
Authentication.Login.Error.PasskeyOnlyAccount,Ton compte n'a qu'un passkey configuré pour te connecter. Essaie de te connecter avec ton mot de passe ou de récupérer ton compte.
Authentication.Login.Error.PlatformAccountConnectionFailure,Impossible de vérifier le compte de la plateforme. Réessayer plus tard.
Authentication.Login.Heading.EnterYourCode,Saisis ton code
Authentication.Login.Heading.IncompatibleAccounts,Comptes incompatibles
Authentication.Login.Heading.Login,Connexion
Authentication.Login.Heading.LoginRoblox,Connexion à Roblox
Authentication.Login.Heading.LoginRobloxAccountSwitching,Se connecter au compte existant
Authentication.Login.Heading.NewAppAvailable,Télécharge la nouvelle application Roblox
Authentication.Login.Heading.SignIn,
Authentication.Login.Heading.SignInAnotherWay,Se connecter d'une autre manière
Authentication.Login.Heading.SignInToRoblox,Connecte-toi à Roblox
Authentication.Login.Heading.SignInWithRoblox,Se connecter avec Roblox
Authentication.Login.Label.AccountSelectorTitle,Sélectionner le compte pour te connecter
Authentication.Login.Label.AgedUpUsername,Ajouter un @nomdutilisateur unique
Authentication.Login.Label.ConnectionError.RetryDisabled,"Désolé, il y a un problème pour atteindre nos serveurs.

Réessayer est désactivé pour le moment. Recommencer plus tard."
Authentication.Login.Label.ConnectionError.RetryReady,"Désolé, il y a un problème pour atteindre nos serveurs.

Réessayer."
Authentication.Login.Label.ConnectionError.RetryWait,"Désolé, il y a un problème pour atteindre nos serveurs.

Patienter et réessayer."
Authentication.Login.Label.ConnectionError.Title,Erreur de connexion
Authentication.Login.Label.Email,
Authentication.Login.Label.EmailAddress,
Authentication.Login.Label.EmailNeedsVerification,Vous devez vérifier votre adresse e-mail
Authentication.Login.Label.EmailOrPhone,E-mail ou téléphone
Authentication.Login.Label.EnterCode,Saisis ton code ici
Authentication.Login.Label.EnterEmail,Saisis ton adresse e-mail
Authentication.Login.Label.EnterHere,Remplis ce champ
Authentication.Login.Label.EnterOneTimeCode,Entrer le code à usage unique
Authentication.Login.Label.EnterOneTimeCodeLoginHelp,Saisir le code que nous venons juste de t'envoyer par email
Authentication.Login.Label.EnterPassword,Saisis ton mot de passe
Authentication.Login.Label.EnterYourPassword,Entrer ton mot de passe
Authentication.Login.Label.ForgotPassword,Mot de passe oublié ?
Authentication.Login.Label.ForgotYourPassword,Mot de passe oublié ?
Authentication.Login.Label.GetOneTimeCode,Obtenir un code unique
Authentication.Login.Label.LearnMore,En savoir plus
Authentication.Login.Label.LinkAccountWarning,"Ton compte Roblox sera lié à ton compte sur {platform}, et la prochaine fois que tu te connecteras, tu seras connecté automatiquement ! Tu peux te déconnecter à tout moment depuis l'écran Paramètres. Il se peut qu'il y ait un temps d'attente avant que tu puisses te connecter à un nouveau compte."
Authentication.Login.Label.PasskeyIncompatible,Passkey incompatible
Authentication.Login.Label.Password,Mot de passe
Authentication.Login.Label.Phone,
Authentication.Login.Label.QQUserCancel,Tu n'es pas connecté à QQ. Connecte-toi à QQ.
Authentication.Login.Label.SelectAnAccount,Sélectionner un compte
Authentication.Login.Label.TroubleSigningIn,Problème lors de la connexion ?
Authentication.Login.Label.UnverifiedEmailInstructions,"Avant de vous connecter au moyen de votre adresse e-mail, celle-ci doit être vérifiée. Vous pouvez également vous connecter avec votre nom d'utilisateur."
Authentication.Login.Label.Username,Nom d'utilisateur
Authentication.Login.Label.UsernameEmailOrPhoneNumber,"Nom d'utilisateur, e-mail ou numéro de téléphone"
Authentication.Login.Label.UsernameEmailPhone,Identifiant/E-mail/Téléphone
Authentication.Login.Label.UsernameOrEmail,Nom d'utilisateur ou e-mail
Authentication.Login.Label.UsernameOrPhone,Nom d'utilisateur ou téléphone
Authentication.Login.Label.VerificationCode,Code de vérification
Authentication.Login.Label.WeChatUserCancel,Vous n'êtes pas connecté(e) à WeChat. Veuillez vous connecter.
Authentication.Login.Label.WeChatVersionNotSupported,Version de WeChat non prise en charge
Authentication.Login.LinkIllegalChildAccountLinking,Ce compte Roblox n'a pas pu être lié à un compte enfant Xbox. Veuillez essayer un autre compte ou vérifier vos paramètres.
Authentication.Login.QrCodeLoginTitle,Scanner le code QR pour se connecter
Authentication.Login.Response.AccountNotFound,Aucun compte n'a été trouvé. Veuillez réessayer.
Authentication.Login.Response.AlreadyLinked,Ce compte Roblox est déjà lié à un autre compte sur {platform}. Essaie de te connecter avec un autre compte Roblox.
Authentication.Login.Response.EnterEmailForLoginCode,"Pour te connecter, merci de saisir ton adresse e-mail à la place"
Authentication.Login.Response.ErrorUseCorporateNetwork,Tu dois être sur le réseau d'entreprise pour te connecter.
Authentication.Login.Response.IncorrectEmailOrPassword,Adresse e-mail ou mot de passe invalide.
Authentication.Login.Response.IncorrectOtpCode,Ton code est incorrect. Vérifier et réessayer.
Authentication.Login.Response.IncorrectPhoneOrPassword,Numéro de téléphone ou mot de passe invalide.
Authentication.Login.Response.IncorrectUsernamePassword,Nom d'utilisateur ou mot de passe incorrect.
Authentication.Login.Response.InvalidEmail,Adresse e-mail invalide.
Authentication.Login.Response.InvalidPasskeyCredential,"Impossible de se connecter avec ce mot de passe. Pour regagner l'accès, allez dans ""Mot de passe oublié ou Nom d'utilisateur""."
Authentication.Login.Response.MoreThanOneUsername,Ton adresse e-mail est associée à plus d'un nom d'utilisateur. Connecte-toi avec ton nom d'utilisateur.
Authentication.Login.Response.NoLoginMethods,Aucune méthode de connexion disponible pour ce compte. Essaie de récupérer ton compte ou de contacter le support.
Authentication.Login.Response.PlatformAlreadyLinked,Ce compte {platform} est déjà associé à un autre compte Roblox. Connecte-toi avec ce dernier.
Authentication.Login.Response.RelinkingFreeze,Ce compte Roblox a été lié à un autre compte sur {platform} au cours des 90 derniers jours. Essaie de te connecter avec un autre compte Roblox.
Authentication.Login.Response.Require2FA,La vérification en 2 étapes n'est pas prise en charge sur la console. Suivre les instructions à droite pour vous connecter en toute sécurité.
Authentication.Login.Response.Require2FAGeneric,La vérification supplémentaire requise n'est pas prise en charge sur cet appareil. Suivre les instructions à droite pour te connecter en toute sécurité.
Authentication.Login.Response.ServiceUnavailable,Le service est indisponible. Réessaye plus tard.
Authentication.Login.Response.SomethingWentWrong,Un problème est survenu. Réessaye plus tard.
Authentication.Login.Response.TencentLoginFailurePleaseTryAgain,Échec de la connexion. Veuillez réessayer.
Authentication.Login.Response.TooManyAttemptsPleaseWait,Trop de tentatives. Veuillez patienter un moment.
Authentication.Login.Response.UnableToSignIn,Impossible de se connecter.
Authentication.Login.Response.UnknownError,
Authentication.Login.Response.UnknownErrorLoginWithDifferentMethod,Une erreur est survenue. Essaie un autre moyen de te connecter.
Authentication.Login.Response.UnverifiedEmailLoginWithUsername,Votre adresse e-mail n'a pas été confirmée. Veuillez vous connecter avec votre nom d'utilisateur.
Authentication.Login.WeChat.AntiAddictionText,"Boycotte les mauvaises expériences, refuse les expériences pirates. Sois conscient de te défendre et d'être déçu. Visiter des expériences est bon pour ton cerveau, mais trop de visites d'expériences peut nuire à ta santé. Gère bien ton temps et adopte un mode de vie sain."
Authentication.Login.WeChat.NotInstalled,WeChat n'est pas installé
Authentication.OneTimePasscode.Action.ChangeEmailV2,Changer d'adresse e-mail
Authentication.OneTimePasscode.Action.Continue,
Authentication.OneTimePasscode.Action.GetHelp,Obtenir de l'aide
Authentication.OneTimePasscode.Action.Resend,Renvoyer
Authentication.OneTimePasscode.Description.DidntReceiveCode,Code non reçu ?
Authentication.OneTimePasscode.Description.ReviewAndConsentToTerms,Prendre connaissance des conditions suivantes et les accepter au nom de votre enfant. Vous pouvez choisir d'accepter ou de refuser les conditions individuelles. Votre enfant peut continuer à utiliser Roblox si vous n'acceptez pas les conditions facultatives. 
Authentication.OneTimePasscode.Description.SendVerificationCode,Nous enverrons à tes parents un code de vérification pour qu'ils puissent t'aider à t'inscrire
Authentication.OneTimePasscode.Label.CodeSent,Code envoyé
Authentication.OneTimePasscode.Label.ConsentNeeded,Consentement requis
Authentication.OneTimePasscode.Label.ParentConsentNeeded,Consentement parental nécessaire
Authentication.OneTimePasscode.Label.SixDigitCode,Code à 6 chiffres
Authentication.Passkey.Action.Continue,
Authentication.Passkey.Action.CreatePasskey,Créer un passkey
Authentication.Passkey.Action.KeepUsingPassword,"Non, continuer à utiliser le mot de passe"
Authentication.Passkey.Action.TryAgainLaterAcknowledgement,Peut-être plus tard
Authentication.Passkey.Action.TryAgainNowAcknowledgement,Essayer maintenant
Authentication.Passkey.Description.Benefits,Le passkey est un moyen plus sûr et plus rapide de se connecter car il ne peut pas être réutilisé ou deviné par d'autres
Authentication.Passkey.Description.DataPolicy,Roblox ne stocke pas tes données biométriques
Authentication.Passkey.Description.Error,Nous n'avons pas pu enregistrer ton mot de passe. Veuillez réessayer.
Authentication.Passkey.Description.Purpose,"Connecte-toi à Roblox avec ton identifiant facial, ton empreinte digitale ou le code PIN que tu utilises pour déverrouiller ton appareil"
Authentication.Passkey.Description.UpsellRegistrationSuccess,"Tu peux désormais utiliser ton identifiant facial, ton empreinte digitale ou le code PIN de ton appareil pour te connecter à Roblox."
Authentication.Passkey.Label.UpsellErrorTitle,
Authentication.Passkey.Label.UpsellTitle,Connecte-toi plus rapidement avec un mot de passe
Authentication.Passkey.Label.UpsellToastPageTitle,Succès ! Passkey créé
Authentication.Passkey.Label.UpsellToastTitle,Passkey créé avec succès !
Authentication.ResetPassword.Response.ResetPasswordStarted,Vous devez réinitialiser votre mot de passe avant de continuer.
Authentication.SignUp.Action.Cancel,
Authentication.SignUp.Action.Continue,
Authentication.SignUp.Action.CreateAPasskey,
Authentication.SignUp.Action.CreateAccount,
Authentication.SignUp.Action.CreateAccountSentenceCase,
Authentication.SignUp.Action.EnableFaceId,Activer Face ID
Authentication.SignUp.Action.ExitModalLeave,
Authentication.SignUp.Action.IUnderstand,Je comprends
Authentication.SignUp.Action.NextWord,
Authentication.SignUp.Action.SetupLater,Configurer plus tard
Authentication.SignUp.Action.StartOver,Recommencer
Authentication.SignUp.Action.UseEmail,Utiliser une adresse e-mail
Authentication.SignUp.Action.UsePhoneNumber,Utiliser un numéro de téléphone
Authentication.SignUp.Button.OKCaptialized,
Authentication.SignUp.Button.RetryLogIn,Réessayer de te connecter
Authentication.SignUp.Description.AccountAlreadyLinked,Ton compte sur {platformAccountName} est déjà lié à un compte Roblox. Essaie de te connecter à nouveau.
Authentication.SignUp.Description.AgreeToTermsWithGuardian.NoParameters,"J'accepte les conditions d'utilisation de Roblox (y compris l'arbitrage) et je reconnais sa politique de confidentialité. Si j'ai moins de 18 ans, j'accepte que mon parent/tuteur me permette de créer ce compte et accepte les conditions d'utilisation."
Authentication.SignUp.Description.BirthdayHelp,Cela nous permet de savoir quel contenu te montrer. Il ne sera pas visible pour les autres.
Authentication.SignUp.Description.BirthdayHelp3,Ces informations nous aident à te présenter un contenu pertinent et ne sont pas partagées avec d'autres personnes.
Authentication.SignUp.Description.BirthdayValuePropC,Cela nous permet de savoir quel contenu te montrer. Il ne sera pas visible pour les autres
Authentication.SignUp.Description.ClickNextAgreeToTerms,"En sélectionnant Suivant, tu acceptes les conditions d'utilisation, y compris la clause d'arbitrage, et tu reconnais la politique de confidentialité."
Authentication.SignUp.Description.CreateAPassword,Créer un mot de passe pour ton compte
Authentication.SignUp.Description.CreateAccountPasskeyEmphasisDescription,"Les passkeys te permettent de te connecter rapidement avec ton identifiant facial, ton empreinte digitale ou le code PIN que tu utilises pour déverrouiller ton appareil."
Authentication.SignUp.Description.CreatePasskeyOrOTP,Crée un passkey pour ton compte Roblox ou ajoute une adresse e-mail pour te connecter avec un mot de passe à usage unique.
Authentication.SignUp.Description.EnsureNeverLoseAccount,Cela garantit que tu ne perdras jamais l'accès à ton compte Roblox.
Authentication.SignUp.Description.EnterParentEmail,Entre l'adresse e-mail de ton parent pour recevoir un code de vérification.
Authentication.SignUp.Description.FaceIdPromo,Face ID est la méthode la plus sécurisée et la plus simple pour te connecter à Roblox.
Authentication.SignUp.Description.GenderHelp2,Cela nous aide à choisir un avatar pertinent pour toi.
Authentication.SignUp.Description.OneMoreStep,Une étape de plus
Authentication.SignUp.Description.Or,OU
Authentication.SignUp.Description.ParentEmailDisclaimer,"Nous demandons l'adresse e-mail de ton parent à des fins de récupération de compte, conformément à la Politique de confidentialité de Roblox"
Authentication.SignUp.Description.PasskeyTryAgain,"Désolé, une erreur s'est produite lors de l'enregistrement de ton passkey. Essaie de t'inscrire à nouveau avec un autre nom d'utilisateur."
Authentication.SignUp.Description.RobloxNotAvailableInRegion,Roblox est temporairement indisponible dans votre région.
Authentication.SignUp.Description.SecureAccountWithPasskeyText,"Sécurise ton compte avec un passkey pour te connecter rapidement avec ton téléphone à l'avenir, ou ajoute un mot de passe pour te connecter manuellement."
Authentication.SignUp.Description.SignUpAgreement.FullCopy.Continue,"En cliquant sur Continuer, vous acceptez nos conditions d'utilisation (y compris l'arbitrage) et reconnaissez notre politique de confidentialité. Si vous avez moins de 18 ans, vous acceptez que votre parent/tuteur vous autorise à créer ce compte et acceptez nos conditions d'utilisation."
Authentication.SignUp.Description.SignUpAgreement.FullCopy.CreateAccount,"En cliquant sur Créer un compte, vous acceptez nos conditions d'utilisation (y compris l'arbitrage) et reconnaissez notre politique de confidentialité. Si vous avez moins de 18 ans, vous acceptez que votre parent/tuteur vous autorise à créer ce compte et acceptez nos conditions d'utilisation."
Authentication.SignUp.Description.SignUpAgreement.ShortCopy,J'accepte les conditions d'utilisation de Roblox (y compris l'arbitrage) et je reconnais sa politique de confidentialité.
Authentication.SignUp.Description.SignupAgreement.FullCopy.CreateAccount,
Authentication.SignUp.Description.ThisKeepYourAccountSecure,Cela permettra de sécuriser ton compte Roblox.
Authentication.SignUp.Description.Try,Essayer
Authentication.SignUp.Description.UnderAgeAlert,Tu n'as pas l'âge minimum requis pour jouer à Roblox.
Authentication.SignUp.Description.UsernameHelp,C'est ainsi que les gens te verront sur Roblox. Souviens-toi de ton nom d'utilisateur pour te connecter ultérieurement.
Authentication.SignUp.Description.UsernameHelpV2,"Voici comment tu te connectes et te présente aux autres, alors assure-toi que ce soit facile à retenir."
Authentication.SignUp.Description.UsernameRule1,Utiliser 3 à 20 caractères
Authentication.SignUp.Description.UsernameRule2,"Ne sont autorisés que les lettres (a-z), les chiffres (0-9) et le tiret bas (_)"
Authentication.SignUp.Description.VerificationLinkingText,"Ton compte Roblox sera lié à ton compte sur {platform}. Tu peux le dissocier à tout moment à partir de l'écran Paramètres. Il se peut qu'il y ait un temps de ralentissement avant de pouvoir établir un lien avec un autre compte sur {platform}. En cliquant sur S'inscrire, tu acceptes les conditions d'utilisation, y compris la clause d'arbitrage, et tu reconnais la politique de protection de la vie privée."
Authentication.SignUp.Description.VerificationLinkingText.VariableButtonName,"Ton compte Roblox sera lié à ton compte sur {platform}. Tu peux le dissocier à tout moment à partir de l'écran Paramètres. Il peut y avoir un temps de ralentissement avant de pouvoir établir un lien avec un autre compte sur {platform}. En cliquant sur {ctaButton}, tu acceptes les conditions d'utilisation, y compris la clause d'arbitrage, et tu reconnais la politique de confidentialité."
Authentication.SignUp.Description.VerificationPage,"En cliquant sur S'inscrire, tu acceptes les Conditions d'utilisation y compris la clause d'arbitrage et tu reconnais la Politique de confidentialité."
Authentication.SignUp.Description.VerificationPage.CreateAccount,"En cliquant sur Créer un compte, tu acceptes les conditions d'utilisation, y compris la clause d'arbitrage, et tu connais la politique de confidentialité."
Authentication.SignUp.Description.VerificationPageMultiStep,"En cliquant sur Continuer, tu acceptes les conditions d'utilisation, y compris la clause d'arbitrage, et tu reconnais la politique de confidentialité."
Authentication.SignUp.Description.VerifiedParentalConsentModal.EnterContinue,"En entrant le code et en cliquant sur Continuer, tu consens à ce que ton enfant accède à Roblox."
Authentication.SignUp.Header.CreatePassword,"Salut {username}, crée un mot de passe"
Authentication.SignUp.Header.CreatePasswordOrPasskey,"Salut {username}, crée un mot de passe ou un passkey"
Authentication.SignUp.Header.CreatedAccountChooseSignin,Nous avons créé ton compte. Choisis comment tu vas te connecter.
Authentication.SignUp.Header.GenderPage6,Une dernière chose ! Sélectionne ton sexe (facultatif)
Authentication.SignUp.Header.PleaseTryAgain,
Authentication.SignUp.Header.UsernamePage4,"Ensuite, créer un nom d'utilisateur"
Authentication.SignUp.Header.WhatIsYourBirthday,Quelle est ta date de naissance ?
Authentication.SignUp.Heading.CannotSignUp,Impossible de s'inscrire
Authentication.SignUp.Heading.CountryCodeSelector,Sélectionner le pays
Authentication.SignUp.Heading.PasswordPage,Crée un mot de passe
Authentication.SignUp.Heading.PickAUsername,Choisir un nom d'utilisateur
Authentication.SignUp.Heading.RetryLogIn,
Authentication.SignUp.Heading.SecureWithFaceId,Sécurise ton compte avec Face ID
Authentication.SignUp.Heading.UserGreetingWithName,Bonjour {username}
Authentication.SignUp.Heading.UserGreetingWithNameAndPasskeyPassword,"Salut {username}, crée un passkey ou un mot de passe"
Authentication.SignUp.Heading.WhatsYourBirthday,Quelle est votre date d'anniversaire ?
Authentication.SignUp.Label.Age,Âge
Authentication.SignUp.Label.Birthday,Date anniversaire
Authentication.SignUp.Label.BirthdayHeaderB,"Tout d'abord, sélectionne ta date de naissance"
Authentication.SignUp.Label.BirthdayPickerWithDateAndAge,{date} ({yearsOld} ans)
Authentication.SignUp.Label.BirthdayWithAge,Date de naissance ({yearsOld} ans)
Authentication.SignUp.Label.ConfirmBirthday,Confirmer la date d'anniversaire
Authentication.SignUp.Label.Continue,
Authentication.SignUp.Label.Day,Jour
Authentication.SignUp.Label.EmailAddress,
Authentication.SignUp.Label.EnterYourEmail,Saisissez votre adresse e-mail
Authentication.SignUp.Label.EnterYourParentsEmail,Saisis l'adresse e-mail de ton parent
Authentication.SignUp.Label.Error.MinimumAge5,Les nouveaux comptes doivent avoir plus de cinq ans
Authentication.SignUp.Label.Error.UsernameAlreadyInUse,Ce nom d'utilisateur est déjà utilisé
Authentication.SignUp.Label.Error.UsernameContainsBoundingUnderscore,Le nom d'utilisateur ne doit pas commencer ou se terminer par _
Authentication.SignUp.Label.Error.UsernameContainsInvalidCharacter,"Le nom d'utilisateur ne doit contenir que des lettres, des chiffres et _"
Authentication.SignUp.Label.Error.UsernameContainsMultipleUnderscores,Le nom d'utilisateur ne peut pas avoir plus d'un _
Authentication.SignUp.Label.Error.UsernameContainsPII,Le nom d'utilisateur ne doit pas contenir d'informations privées
Authentication.SignUp.Label.Error.UsernameInappropriate,Nom d'utilisateur inapproprié pour Roblox
Authentication.SignUp.Label.Error.UsernameLengthTooShortOrTooLong,Le nom d'utilisateur doit comporter entre 3 et 20 caractères
Authentication.SignUp.Label.ErrorsWithPassword,Le mot de passe comporte des erreurs.
Authentication.SignUp.Label.ErrorsWithUsername,Le nom d'utilisateur comporte des erreurs.
Authentication.SignUp.Label.ExitModalSubtitle,"La création de ton compte est presque terminée. Si tu quittes cette étape, ta progression sera perdue."
Authentication.SignUp.Label.ExitModalTitle,Quitter la création de compte ?
Authentication.SignUp.Label.FullDateString,{Day}.{Month}.{Year}
Authentication.SignUp.Label.Gender,Genre
Authentication.SignUp.Label.GenderFemale,Femme
Authentication.SignUp.Label.GenderMale,Homme
Authentication.SignUp.Label.Girl,Fille
Authentication.SignUp.Label.MaybeTryOneOfThese,Essaie peut-être l'un de ceux-ci
Authentication.SignUp.Label.Month,Mois
Authentication.SignUp.Label.NewPasswordError1,Le mot de passe doit comporter au moins 8 caractères
Authentication.SignUp.Label.NewPasswordError2,Le mot de passe ne doit pas correspondre au nom d'utilisateur
Authentication.SignUp.Label.NewPasswordError3,Il ne doit pas s'agir d'un mot de passe simple
Authentication.SignUp.Label.OptionalGender,Genre (Facultatif)
Authentication.SignUp.Label.OptionalGenderShort,Optionnel
Authentication.SignUp.Label.ParentEmailAddress,Adresse e-mail parentale
Authentication.SignUp.Label.PasswordError1,Doit compter au moins 8 caractères.
Authentication.SignUp.Label.PasswordError2,N'est pas similaire à ton nom de compte
Authentication.SignUp.Label.PasswordError2.V2,Ne correspond pas au nom d'utilisateur
Authentication.SignUp.Label.PasswordError3,N'est pas un mot de passe simple
Authentication.SignUp.Label.PasswordError3.V2,Ce mot de passe est robuste
Authentication.SignUp.Label.PasswordErrorLengthNew,Le mot de passe doit comporter entre 8 et 200 caractères
Authentication.SignUp.Label.PasswordErrorSimple,Ton mot de passe ne doit pas être trop simple.
Authentication.SignUp.Label.PasswordPlaceholder,Au moins 8 caractères
Authentication.SignUp.Label.PhoneNumber,Numéro de téléphone
Authentication.SignUp.Label.SelectBirthdaySentenceCase,Sélectionner la date d'anniversaire
Authentication.SignUp.Label.SelectYourBirthday,Sélectionner ta date de naissance
Authentication.SignUp.Label.SetUpPasskey,Ou configurer un passkey
Authentication.SignUp.Label.SignUp,S'inscrire
Authentication.SignUp.Label.Skip,Passer
Authentication.SignUp.Label.Use8CharPassword,Utiliser 8 caractères ou plus
Authentication.SignUp.Label.UsernameError1,"Uniquement des lettres, des nombres et _"
Authentication.SignUp.Label.UsernameError2,Entre 3 et 20 caractères
Authentication.SignUp.Label.UsernameError3,N'est pas déjà utilisé
Authentication.SignUp.Label.UsernameError4,est approprié pour Roblox
Authentication.SignUp.Label.UsernameError5,Ne commence ni ne se termine par _
Authentication.SignUp.Label.UsernameError6,A au plus un seul _
Authentication.SignUp.Label.UsernameError7,Aucune information personnelle
Authentication.SignUp.Label.WhensYourBirthday,Quelle est votre date de naissance ?
Authentication.SignUp.Label.Year,Année
Authentication.SignUp.Label.YearsOld,({yearsOld} ans)
Authentication.SignUp.Labely.Boy,Garçon
Authentication.SignUp.Message.Username.NoRealNameUse,Veuillez ne pas utiliser votre vrai nom
Authentication.SignUp.PasswordErrorLength,Comporte entre 8 et 200 caractères
Authentication.SignUp.Response.AgedUpDisplayNameSetFirst,Le nom doit d'abord être défini.
Authentication.SignUp.Response.BirthdayMustBeSetFirst,La date anniversaire doit d'abord être saisie.
Authentication.SignUp.Response.ErrorTryAgain,Un problème est survenu. Veuillez réessayer plus tard.
Authentication.SignUp.Response.InvalidBirthday,Date d'anniversaire invalide.
Authentication.SignUp.Response.InvalidEmail,
Authentication.SignUp.Response.InvalidPhoneNumber,Numéro de téléphone non valide.
Authentication.SignUp.Response.PasswordComplexity,Veuillez créer un mot de passe plus complexe.
Authentication.SignUp.Response.PhoneNumberAlreadyLinked,Le numéro est déjà associé à un autre compte.
Authentication.SignUp.Response.UsernameMustBeSetFirst,Le nom d'utilisateur doit être défini en premier.
Authentication.SignUp.Title,
Authentication.TwoStepVerification.Action.Approve,Approuver
Authentication.TwoStepVerification.Action.ChangePassword,Changer de mot de passe
Authentication.TwoStepVerification.Action.Deny,Refuser
Authentication.TwoStepVerification.Action.GoToSecurity,
Authentication.TwoStepVerification.Action.Okay,
Authentication.TwoStepVerification.CrossDevice.Authentication,Essaies-tu de t'authentifier sur un autre appareil ?
Authentication.TwoStepVerification.CrossDevice.BirthdateChange,Essaies-tu de modifier ta date de naissance sur un autre appareil ?
Authentication.TwoStepVerification.CrossDevice.Deactivation,Essaies-tu de désactiver ton compte à partir d'un autre appareil ?
Authentication.TwoStepVerification.CrossDevice.LimitedResale,Essaies-tu de revendre un item limité sur un autre appareil ?
Authentication.TwoStepVerification.CrossDevice.PrivacyChange,Essaies-tu de modifier les paramètres de confidentialité de ton commerce sur un autre appareil ?
Authentication.TwoStepVerification.CrossDevice.Reactivation,Essaies-tu de réactiver ton compte à partir d'un autre appareil ?
Authentication.TwoStepVerification.CrossDevice.RecoveryCodes,Essaies-tu de générer des codes de récupération sur un autre appareil ?
Authentication.TwoStepVerification.CrossDevice.Resale,Essaies-tu de revendre un item sur un autre appareil ?
Authentication.TwoStepVerification.CrossDevice.Spend,Essaies-tu de dépenser des Robux sur un autre appareil ?
Authentication.TwoStepVerification.CrossDevice.Trade,Essaies-tu de faire du commerce sur un autre appareil ?
Authentication.TwoStepVerification.Description.LoginToNewDevice,Essaies-tu de te connecter à un nouvel appareil ?
Authentication.TwoStepVerification.Description.PostLoginActionConfirmation,Essaies-tu d'effectuer une action sur un autre appareil ?
Authentication.TwoStepVerification.Header.AttemptDenied,Tentative refusée
Authentication.TwoStepVerification.Header.AttemptExpired,Tentative expirée
Authentication.TwoStepVerification.Header.LoginAttemptExpired,Tentative de connexion expirée
Authentication.TwoStepVerification.Label.AlreadyReviewed,Revu à partir d'un autre appareil
Authentication.TwoStepVerification.Label.AttemptReviewed,Tentative revue
Authentication.TwoStepVerification.Label.CodeInputPlaceholderText,Saisir le code à {codeLength} chiffres{codeLength}
Authentication.TwoStepVerification.Label.DateTimeLabel,"Date, heure"
Authentication.TwoStepVerification.Label.DeviceTypeLabel,Type d'appareil
Authentication.TwoStepVerification.Label.DidNotReceive,
Authentication.TwoStepVerification.Label.Expired,Ta tentative a expiré.
Authentication.TwoStepVerification.Label.IPAddressLabel,Adresse IP
Authentication.TwoStepVerification.Label.InvalidCode,Code invalide
Authentication.TwoStepVerification.Label.Location,"{city}, {subdivision}, {country}"
Authentication.TwoStepVerification.Label.LocationLabel,Lieu
Authentication.TwoStepVerification.Label.LocationWithoutCity,"{subdivision}, {country}"
Authentication.TwoStepVerification.Label.LocationWithoutCountry,"{city}, {subdivision}"
Authentication.TwoStepVerification.Label.LocationWithoutSubdivision,"{city}, {country}"
Authentication.TwoStepVerification.Label.LoginExpired,Ta tentative de connexion à ton compte a expiré
Authentication.TwoStepVerification.Label.NeedHelpMessage,Besoin d'aide ? Visitez notre centre d'assistance
Authentication.TwoStepVerification.Label.PasswordChangeRecommended,Nous te recommandons de changer ton mot de passe pour aider à sécuriser ton compte.
Authentication.TwoStepVerification.Label.Resend,
Authentication.TwoStepVerification.Label.SomeoneMightHavePassword,Il semble que quelqu'un ait ton mot de passe.
Authentication.TwoStepVerification.Label.TwoStepRequired,Une vérification en deux étapes est nécessaire pour effectuer d'autres transactions. Allez dans Paramètres > Sécurité pour effectuer la vérification en deux étapes.
Authentication.TwoStepVerification.Label.TwoStepRequiredLogout,La vérification en deux étapes est nécessaire pour effectuer d'autres transactions. Aller dans Paramètres > Sécurité pour effectuer la vérification en deux étapes. L'activation de la vérification en deux étapes te déconnectera de ta session actuelle.
Authentication.TwoStepVerification.Label.TwoStepVerification,
Authentication.TwoStepVerification.Label.UnknownDevice,Type d'appareil inconnu
Authentication.TwoStepVerification.Label.UnknownIPAddress,Adresse IP inconnue
Authentication.TwoStepVerification.Label.UnknownLocation,Localisation régionale inconnue
Authentication.TwoStepVerification.Response.DefaultError,Une erreur est survenue. Réessayer.
Authentication.TwoStepVerification.Response.TooManyAttempts,
Authentication.TwoStepVerification.Title.VerificationRequired,Vérification requise
AvatarGeneration.SelfieConsent.AgreeButton,Accepter
AvatarGeneration.SelfieConsent.BodyTextLink,"En important une image, tu affirmes avoir le droit de l'utiliser et tu consens à ce que Roblox collecte, utilise et partage un rendu de l'IA générative avec les créateurs pour la création d'avatars."
AvatarGeneration.SelfieConsent.CancelButton,
AvatarGeneration.SelfieConsent.PrivacyLinkText,
AvatarGeneration.SelfieConsent.Title,Utiliser l'image pour générer mon avatar.
Common.AlertsAndOptions.Title.Warning,Avertissement
Common.GameSorts.Label.BlendedSerpPeopleAlsoJoin,Les utilisateurs ont aussi rejoint
Common.GameSorts.Label.Favorites,Favoris
Common.Presence.Label.InExperience,Dans l'expérience
Common.Presence.Label.Invisible,Invisible
Common.Presence.Label.Offline,Déconnecté
Common.Presence.Label.Online,Connecté
Common.Presence.Label.RobloxStudio,Roblox Studio
Common.UGCValidation.ErrorLabel.AQSFail_AnimationTooLong,L'animation est trop longue ({duration} secondes). Les animations d'emotes doivent durer au maximum {maxLength} secondes.
Common.UGCValidation.ErrorLabel.AQSFail_AnimationTooShort,L'animation est trop courte ({duration} secondes). Les animations d'emotes doivent durer plus de {minLength} secondes.
Common.UGCValidation.ErrorLabel.AQSFail_MeshIslandML,Ton corps contient de petits éléments de maillage déconnectés (îles de maillage). Supprime la géométrie flottante et vérifie que toutes les parties du maillage sont correctement connectées.
Common.UGCValidation.ErrorLabel.AQSFail_TooManyDisconnectedComponents,"Qualité du contenu : {partName} a {num_disconnected_components} composants déconnectés, ce qui dépasse le maximum de {max_disconnected_components}."
Common.UGCValidation.ErrorLabel.AQSInputDataError,"Le score de qualité ne peut pas être calculé correctement, car les données d'entrée sont incorrectes ou incomplètes. Vérifie ta modélisation ou signale un bug"
Common.UGCValidation.ErrorLabel.AQSInternalError,"Impossible de générer le score en raison d'une erreur liée à la qualité du contenu. Vérifie l'exactitude des données, puis réessaie. Sinon, tu peux signaler un bug."
Common.UGCValidation.ErrorLabel.AQSWarn_CageMeshDistance,"Avertissement relatif à la qualité du contenu : le score de distance entre la cage et le maillage est de {score}. La distance maximale entre la cage extérieure et le maillage est de {max_distance}, {negative_sdf_percent} % des sommets de la cage extérieure se trouvent à l'intérieur du maillage de rendu."
Common.UGCValidation.ErrorLabel.AQSWarn_CageMeshDistanceAvatar,"Avertissement relatif à la qualité du contenu : le score de distance de la cage du corps est de {score}. La distance maximale entre la cage de corps et le maillage est de {max_distance}, {negative_sdf_percent} % des sommets de la cage de corps se trouvent à l'intérieur du maillage de corps."
Common.UGCValidation.ErrorLabel.AQSWarn_CageMeshDistanceHead,"Avertissement relatif à la qualité du contenu : le score de distance de la cage de tête est de {score}. La distance maximale entre la cage de tête et le maillage est de {max_distance}, {negative_sdf_percent} % des sommets de la cage de tête se trouvent à l'intérieur du maillage de tête."
Common.UGCValidation.ErrorLabel.AQSWarn_CageRelevancy,Avertissement relatif à la qualité du contenu : le score de pertinence de la cage est de {score}. {irrelevant_percent} % des sommets de la cage extérieure modifiés ne couvrent pas l'accessoire.
Common.UGCValidation.ErrorLabel.AQSWarn_CageUV,Avertissement relatif à la qualité du contenu : le score UV de la cage est de {score} pour {cage_name}. Nombre d'UV incorrect : {incorrect_uv_count}.
Common.UGCValidation.ErrorLabel.AQSWarn_DegenTriangles,Qualité du contenu : {partName} a {degenerate_triangle_percent} % de triangles dégénérés (score : {score}).
Common.UGCValidation.ErrorLabel.AQSWarn_DynamicHead,Avertissement relatif à la qualité du contenu : le score d'expression de la tête dynamique est de {score}.
Common.UGCValidation.ErrorLabel.AQSWarn_JointNumber,"Qualité du contenu : la configuration des articulations a obtenu un score de {score} (articulations : {joint_number}, main gauche : {left_hand_joint_number}, main droite : {right_hand_joint_number})."
Common.UGCValidation.ErrorLabel.AQSWarn_MeshIslandVolume,Qualité du contenu : {partName} a {num_small_volume_islands} petites îles déconnectées sur {num_disconnected_components} composants (score : {score}).
Common.UGCValidation.ErrorLabel.AQSWarn_MeshManifold,Qualité du contenu : {partName} a des problèmes de maillage manifold (score : {score}).
Common.UGCValidation.ErrorLabel.AQSWarn_MeshNotWatertight,Qualité du contenu : le maillage {partName} n'est pas étanche ({boundary_edges_percent} % d'arêtes de bordure).
Common.UGCValidation.ErrorLabel.AQSWarn_MeshOutsideOuterCage,Avertissement relatif à la qualité du contenu : le score de confinement du maillage est de {score}. {mesh_outside_outer_cage_percent} % des sommets du maillage se trouvent en dehors de la cage extérieure.
Common.UGCValidation.ErrorLabel.AQSWarn_MissingData,"Le score de qualité du contenu pour {measureName} n'a pas pu être calculé, car les données d'entrée étaient incomplètes ou invalides. Cela ne bloque pas l'importation."
Common.UGCValidation.ErrorLabel.AQSWarn_TextureComplexity,Qualité du contenu : la texture {textureName} a une faible complexité (score : {score}).
Common.UGCValidation.ErrorLabel.AQSWarn_TextureResolution,Qualité du contenu : la texture {textureName} a une résolution de {texture_width}x{texture_height} (score : {score}).
Common.UGCValidation.ErrorLabel.AQSWarn_TriangleIntersection,Qualité du contenu : {partName} a {intersecting_tri_face_percent} % de faces triangulaires qui se croisent (score : {score}).
Common.UGCValidation.ErrorLabel.AQSWarn_UVBound,Qualité du contenu : {partName} a {uv_outside_bound_vert_percent} % de sommets UV en dehors des limites (score : {score}).
Common.UGCValidation.ErrorLabel.AQSWarn_VertexSimilarity,Qualité du contenu : {partName} a {similar_vertex_percent} % de sommets similaires (score : {score}).
Common.UGCValidation.ErrorLabel.AccessoryAttachmentOutOfBounds,L'attachement d'accessoire « {AttachmentName} » dans « {PartName} » doit être placé près de la surface du maillage. La position actuelle [{CurrentPosition}] est en dehors de la zone valide. Rapproche-le de [{ClosestValidPosition}].
Common.UGCValidation.ErrorLabel.AccessorySkinning_ExtraJoint,"Le contrôleur est associé via skinning à l'articulation {jointName}, qui ne fait pas partie du schéma autorisé. Seules les articulations R15 standard et les articulations de transfert via skinning sont autorisées."
Common.UGCValidation.ErrorLabel.AccessorySkinning_MissingTransferJoint,"{assetType} doit utiliser le transfert via skinning, mais il te manque l'articulation requise : {requiredJointName}."
Common.UGCValidation.ErrorLabel.AccessorySkinning_NotLeaderOrFollower,"Le contrôleur est associé via skinning à l'articulation {jointName}, mais ce contenu doit faire l'objet d'un skinning automatique. Tu ne peux effectuer de skinning que vers {validJointNameList}."
Common.UGCValidation.ErrorLabel.AccessorySkinning_RequiredSkinningTransfer,{assetType} doit utiliser le transfert via skinning ; définis WrapLayer.AutoSkin sur EnabledOverride.
Common.UGCValidation.ErrorLabel.AccessorySkinning_RigidIsSkinned,L'accessoire rigide contient des données de skinning qui ne sont pas prises en charge. Assure-toi que les os ne sont pas importés avec le maillage
Common.UGCValidation.ErrorLabel.AccessorySkinning_TransferJointWithoutAutoSkin,"Le contrôleur contient l'articulation {jointName}, qui n'est autorisée que lorsque WrapLayer.AutoSkin est défini sur EnabledOverride."
Common.UGCValidation.ErrorLabel.AccessorySkinning_WeightNotFull,Les sommets associés via skinning aux articulations de transfert doivent être entièrement pondérés.
Common.UGCValidation.ErrorLabel.AnimationPack_DuplicateAnimationId,Le pack d'animations contient un identifiant d'animation en double « {animationId} » utilisé par plusieurs clips : {instancePaths}. Chaque clip d'animation doit faire référence à un élément d'animation unique.
Common.UGCValidation.ErrorLabel.AnimationPack_InvalidR15AnimChildren,Le pack d'animations ne contient pas le(s) type(s) d'animation attendu(s) : {missingAnimationTypes}. Chaque type d'animation doit contenir un dossier R15Anim comprenant précisément les enfants StringValue attendus.
Common.UGCValidation.ErrorLabel.Animation_WeightNotPositive,"L'animation « {animationName} » a une valeur Weight de {weight}, mais celle-ci doit être supérieure à 0. Corrige l'animation."
Common.UGCValidation.ErrorLabel.AssetSchemaMissingItem,Impossible de trouver l'élément de catégorie « {ExpectedClass} » appelé « {ExpectedName} » dans l'emplacement « {ParentPath} ».
Common.UGCValidation.ErrorLabel.AssetSchemaUnexpectedItems,Les instances suivantes ne font pas partie du schéma approuvé et doivent être retirées : {UnexpectedDescendantPaths}
Common.UGCValidation.ErrorLabel.AssetSchemaWrongRootClass,"L'élément importé devrait appartenir à la catégorie « {ExpectedClass} », mais il appartient à la catégorie « {RootClass} »."
Common.UGCValidation.ErrorLabel.AssetSchemaWrongRootName,"L'élément importé devrait être nommé « {ExpectedClass} », mais il est nommé « {RootClass} »."
Common.UGCValidation.ErrorLabel.ContentNotEditable,"{InstanceFullName}. {FieldName} contient encore du contenu modifiable non enregistré. Enregistre-le en tant qu'élément avant de publier, puis réessaie."
Common.UGCValidation.ErrorLabel.CurveAnim_BodyPartHasPosition,La partie du corps « {bodyPartName} » dans CurveAnimation possède une piste de position (translation). Les parties du corps d'animation ne peuvent être que pivotées ; les pistes de position ne sont pas autorisées. Supprime la piste de position de cette partie du corps.
Common.UGCValidation.ErrorLabel.CurveAnim_BodyPartTranslationExceedsThreshold,La partie du corps « {bodyPartName} » dans CurveAnimation se déplace de {distance} studs depuis sa position de départ. La translation maximale autorisée est de {maxDistance} studs. Réduis le mouvement de positionnement de la partie du corps.
Common.UGCValidation.ErrorLabel.CurveAnim_BodyPartWithBoneHasPosition,"CurveAnimation contient des os HRD/DRD et la partie du corps « {bodyPartName} » a une piste Position (translation). Lorsque des os sont présents dans l'animation, aucune partie du corps ne peut être translatée pour éviter la séparation des articulations. Supprime toutes les pistes Position des parties du corps."
Common.UGCValidation.ErrorLabel.CurveAnim_BonePositionNotAllowed,L'os {boneName} dans CurveAnimation possède une piste de position (translation). Les os HRD/DRD ne peuvent être que pivotés ; les pistes de position provoquent une séparation des articulations et ne sont pas autorisées. Supprime l'animation de position de cet os.
Common.UGCValidation.ErrorLabel.CurveAnim_BoneTranslationExceedsThreshold,L'os « {boneName} » dans CurveAnimation se déplace de {distance} studs depuis sa position de départ. La translation maximale autorisée est de {maxDistance} studs. Réduis le mouvement de positionnement de l'os.
Common.UGCValidation.ErrorLabel.CurveAnim_BonesNotAllowed,CurveAnimation contient des dossiers d'os HRD/DRD qui ne sont pas encore pris en charge. Supprime tous les sous-dossiers d'os avant l'importation.
Common.UGCValidation.ErrorLabel.CurveAnim_BoundsExceeded,"Dans une CurveAnimation, les parties du corps ne peuvent pas se trouver à moins de {minHeight} studs ou à plus de {maxDistance} studs de la HumanoidRootPart. Merci de corriger l'animation."
Common.UGCValidation.ErrorLabel.CurveAnim_ChildrenOnMarkerOrRig,les enfants MarkerCurves et AnimationRigData de CurveAnimation ne peuvent pas avoir d'enfants.
Common.UGCValidation.ErrorLabel.CurveAnim_ContainsScripts,"La hiérarchie CurveAnimation contient des Scripts, des LocalScripts ou des ModuleScripts. Supprime-les."
Common.UGCValidation.ErrorLabel.CurveAnim_FetchFailed,Impossible de charger les données CurveAnimation. L'élément d'animation peut être invalide ou inaccessible.
Common.UGCValidation.ErrorLabel.CurveAnim_InvalidBodyPartHierarchy,CurveAnimation contient le dossier de partie du corps {folderName} présentant une hiérarchie invalide (il contient des enfants non autorisés ou mal configurés)
Common.UGCValidation.ErrorLabel.CurveAnim_InvalidBoneName,"Le dossier « {boneName} » dans CurveAnimation n'est pas un nom d'os HRD/DRD reconnu. Les sous-dossiers d'animation doivent être soit des parties du corps R15 valides, soit des noms d'os reconnus (par exemple : HeadBase, Spine, Chest, LeftClavicle, RightClavicle, LeftToeBase, RightToeBase ou des os de doigts tels que LeftHandIndex1)."
Common.UGCValidation.ErrorLabel.CurveAnim_InvalidCurveData,CurveAnimation contient des Curves avec un Time ou une Value invalide. Merci de corriger l'animation.
Common.UGCValidation.ErrorLabel.CurveAnim_InvalidInstanceTypes,La hiérarchie CurveAnimation ne peut contenir que {allowedTypes} types. Supprime tout autre type d'instance.
Common.UGCValidation.ErrorLabel.CurveAnim_InvalidLength,CurveAnimation doit durer entre {minLength} et {maxLength} secondes. Merci de corriger l'animation.
Common.UGCValidation.ErrorLabel.CurveAnim_InvalidMarkerData,"CurveAnimation contient des MarkerCurves avec un Time ou une Value invalide, ou la Value est trop longue. Merci de corriger l'animation."
Common.UGCValidation.ErrorLabel.CurveAnim_InvalidNumericalData,CurveAnimation contient des Curves avec des données numériques invalides. Merci de corriger l'animation.
Common.UGCValidation.ErrorLabel.CurveAnim_InvalidRigData,Échec de la validation interne du AnimationRigData. Veille à ce que l'AnimationRigData soit configurée correctement.
Common.UGCValidation.ErrorLabel.CurveAnim_InvalidRigDataR15Plus,Échec de la validation interne R15+ du AnimationRigData. Veille à ce que l'AnimationRigData soit correctement configuré pour les animations de squelette.
Common.UGCValidation.ErrorLabel.CurveAnim_InvalidTags,CurveAnimation ne peut contenir qu'un seul tag d'horodatage. Supprime tous les autres tags.
Common.UGCValidation.ErrorLabel.CurveAnim_JointRotationExceeded,"Dans CurveAnimation, à {time} secondes, l'articulation {bodyPart} a un angle de rotation de {rotation} degrés par rapport à la pose de repos. Le maximum autorisé est de {maxRotation} degrés. Corrige l'animation."
Common.UGCValidation.ErrorLabel.CurveAnim_KeysTooClose,CurveAnimation contient une Curve {curvePath} avec des clés trop rapprochées dans le temps pour une animation d'au maximum {maxFPS} images/s. Merci de corriger l'animation.
Common.UGCValidation.ErrorLabel.CurveAnim_LoopingNotEnabled,La propriété Loop de « CurveAnimation{animationName} » n'est pas activée. Les animations importées sur le Marketplace doivent être jouées en boucle. Activez la propriété Loop.
Common.UGCValidation.ErrorLabel.CurveAnim_MultipleBodyRoots,CurveAnimation contient plusieurs dossiers enfants nommés d'après une partie du corps ou HumanoidRoot. Veille à ce qu'un seul dossier enfant porte le nom d'une partie du corps ou HumanoidRootPart.
Common.UGCValidation.ErrorLabel.CurveAnim_MultipleRigData,CurveAnimation contient plus d'un enfant AnimationRigData. Veille à ce qu'il n'y ait qu'un seul enfant AnimationRigData.
Common.UGCValidation.ErrorLabel.CurveAnim_NegativeKeyTime,CurveAnimation contient une Curve {curvePath} avec une clé dont le Time est négatif. Merci de corriger l'animation.
Common.UGCValidation.ErrorLabel.CurveAnim_NoBodyRoot,CurveAnimation ne contient aucun dossier enfant nommé d'après une partie du corps ou HumanoidRootPart. Veille à ce qu'un seul dossier enfant porte le nom d'une partie du corps ou HumanoidRootPart.
Common.UGCValidation.ErrorLabel.CurveAnim_NoJointManipulation,CurveAnimation ne contient aucune manipulation d'articulation.
Common.UGCValidation.ErrorLabel.CurveAnim_NoRigData,CurveAnimation ne contient aucun enfant AnimationRigData. Veille à ce qu'il n'y ait qu'un seul enfant AnimationRigData.
Common.UGCValidation.ErrorLabel.CurveAnim_NotCurveAnimation,L'animation référencée n'est pas une CurveAnimation. Assurez-vous que l'animation a été importée correctement.
Common.UGCValidation.ErrorLabel.CurveAnim_PartTooFar,"Dans CurveAnimation, à {time} secondes, la partie du corps {bodyPart} se trouve à {distance} studs de la HumanoidRootPart. Les parties du corps ne peuvent pas se trouver à plus de {maxDistance} studs de la HumanoidRootPart. Merci de corriger l'animation."
Common.UGCValidation.ErrorLabel.CurveAnim_PartTooLow,"Dans CurveAnimation, à {time} secondes, la partie du corps {bodyPart} se trouve à une hauteur de {height} studs par rapport à la HumanoidRootPart. Les parties du corps ne peuvent pas se trouver à moins de {minHeight} studs de la HumanoidRootPart. Merci de corriger l'animation."
Common.UGCValidation.ErrorLabel.CurveAnim_PositionSeparation,CurveAnimation contient une séparation positionnelle des parties du corps. Seul le LowerTorso peut changer de position. Toutes les autres parties du corps ne peuvent changer que d'orientation. {bodyPart} se déplace de plus de {maxMovement} studs par rapport à son parent. Merci de corriger l'animation.
Common.UGCValidation.ErrorLabel.CurveAnim_RotationTooFast,"Dans CurveAnimation, à {time} secondes, la partie du corps {bodyPart} se déplace à une vitesse de rotation de {speed} degrés/seconde. La vitesse maximale en degrés/seconde est de {maxSpeed}. Merci de corriger l'animation."
Common.UGCValidation.ErrorLabel.CurveAnim_SpeedTooFast,"Dans CurveAnimation, à {time} secondes, la partie du corps {bodyPart} se déplace à une vitesse de {speed} studs/seconde. La vitesse maximale en studs/seconde est de {maxSpeed}. Merci de corriger l'animation."
Common.UGCValidation.ErrorLabel.CurveAnim_SpeedTooFastLegacy,"Dans CurveAnimation, la partie du corps {bodyPart} se déplace de plus de {maxMovement} studs entre les images. Merci de corriger l'animation."
Common.UGCValidation.ErrorLabel.CurveAnim_TooManyDescendants,CurveAnimation a {count} descendants. Le maximum autorisé est de {maxAllowed}. Réduis le nombre de descendants.
Common.UGCValidation.ErrorLabel.CurveAnim_TooManyKeys,CurveAnimation contient des Curves avec trop de clés. Le maximum par Curve est de {maxAllowed}. Merci de corriger l'animation.
Common.UGCValidation.ErrorLabel.CurveAnim_TooManyMarkerCurves,CurveAnimation contient plus de {maxAllowed} descendants MarkerCurve. Veille à ce qu'il n'en contienne pas plus de {maxAllowed}.
Common.UGCValidation.ErrorLabel.CurveAnim_TooManyMarkers,CurveAnimation contient un MarkerCurve avec {count} marqueurs. Le maximum par MarkerCurve est de {maxAllowed}. Merci de corriger l'animation.
Common.UGCValidation.ErrorLabel.CurveAnim_UnexpectedChild,CurveAnimation contient un enfant inattendu : {childName}
Common.UGCValidation.ErrorLabel.DynamicHeadCageMisaligned,Les têtes dynamiques du Marketplace doivent être correctement placées afin que les sommets des yeux et de la bouche sur la cage soient alignés avec les sommets du maillage. Améliore ta cage et son alignement avec le maillage.
Common.UGCValidation.ErrorLabel.DynamicHeadHappyNotShown,Impossible de détecter le sourire pour la tête dynamique. Ajuste les points de repère de la cage pour que la bouche soit correctement positionnée et puisse sourire.
Common.UGCValidation.ErrorLabel.DynamicHeadLeftEyeNotClose,Impossible de détecter la fermeture de l'œil gauche pour la tête dynamique. Ajuste les points de repère de la cage pour que l'œil gauche soit correctement positionné et puisse se fermer.
Common.UGCValidation.ErrorLabel.DynamicHeadMISSINGCAGE,Les têtes dynamiques disponibles sur la Marketplace n'ont pas de cage de tête. Crées-en une pour cette tête dynamique.
Common.UGCValidation.ErrorLabel.DynamicHeadMouthNotOpen,Impossible de détecter l'ouverture de la bouche pour la tête dynamique. Ajuste les points de repère de la cage pour que la bouche soit correctement positionnée et puisse s'ouvrir.
Common.UGCValidation.ErrorLabel.DynamicHeadNOFACS,"Les têtes dynamiques du Marketplace doivent être animées, mais cette tête ne contient pas de données relatives au système de codage facial."
Common.UGCValidation.ErrorLabel.DynamicHeadRightEyeNotClose,Impossible de détecter la fermeture de l'œil droit pour la tête dynamique. Ajuste les points de repère de la cage pour que l'œil droit soit correctement positionné et puisse se fermer.
Common.UGCValidation.ErrorLabel.DynamicHeadSadNotShown,Impossible de détecter le froncement de sourcils pour la tête dynamique. Ajuste les points de repère de la cage pour que la bouche soit correctement positionnée et puisse froncer.
Common.UGCValidation.ErrorLabel.EmissiveMap_NotAllowed,Ce contenu utilise des cartes émissives qui ne sont disponibles que pour les créateurs du programme des créateurs de confiance. Supprime tout contenu de cartes émissives ou rejoins le programme avant de l'importer.
Common.UGCValidation.ErrorLabel.EmoteAnimation_InvalidMaxPartTranslationAttribute,Il manque une valeur de translation maximale valide à l'animation publiée. Republie l'animation.
Common.UGCValidation.ErrorLabel.EmoteAnimation_InvalidUGCAttribute,Il manque un marqueur d'emote UGC valide à l'animation publiée. Republie l'animation.
Common.UGCValidation.ErrorLabel.EmoteAnimation_MaxPartTranslationCalcFailed,La translation maximale n'a pas pu être calculée à partir des données de l'animation publiée. Republie l'animation.
Common.UGCValidation.ErrorLabel.EmoteAnimation_MaxPartTranslationMismatch,"L'animation publiée spécifie une translation maximale de {taggedTranslation} studs, mais ses données d'animation donnent une valeur de {calculatedTranslation} studs. Republie l'animation."
Common.UGCValidation.ErrorLabel.FaceControlsOverrideFACSNotEmpty,La propriété InternalOverrideFACSData sur FaceControls doit être vide lors de l'importation.
Common.UGCValidation.ErrorLabel.FacsExpandsHead,"Nous avons détecté que le système de codage facial est en train d'agrandir la tête à {modPercent} %, alors la modification de la tête est contraire à la politique de la marketplace relative aux animations faciales."
Common.UGCValidation.ErrorLabel.FacsShrinksHead,"Nous avons détecté que le système de codage facial est en train de réduire la tête à {modPercent} %, alors que la modification de la tête est contraire à la politique de la marketplace relative aux animations faciales."
Common.UGCValidation.ErrorLabel.FailureWithoutReason,La validation a échoué pour une raison inconnue. Réessayez ou signalez un bug si le problème persiste.
Common.UGCValidation.ErrorLabel.FolderStructureMismatch,Le format d'importation ne correspond pas à la structure de dossiers attendue. Réessaie ou signale un bug.
Common.UGCValidation.ErrorLabel.HeadNotDynamic,"Les têtes dynamiques du Marketplace doivent être configurées correctement pour les animations faciales de base, mais notre système n'a détecté aucun changement significatif."
Common.UGCValidation.ErrorLabel.HrdBone_OutOfBounds,L'os {bonePath} est trop éloigné de la partie de maillage {partName}. Merci de le rapprocher des limites de la taille de la partie de maillage.
Common.UGCValidation.ErrorLabel.HrdBone_TooCloseToParent,L'os {bonePath} est trop proche de son parent. Ajuste légèrement sa position.
Common.UGCValidation.ErrorLabel.HrdBone_TransformNotIdentity,"L'os {bonePath} possède une propriété de transformation, mais celle-ci n'est pas encore activée pour les importations sur le Marketplace. Réinitialise-la à l'identité CFrame."
Common.UGCValidation.ErrorLabel.HrdCheck_BoneNotMappedInHRD,"L'os {boneName} est autorisé, mais tu dois le mapper explicitement dans HumanoidRigDescription ou DigitRigDescription."
Common.UGCValidation.ErrorLabel.HrdCheck_BoneWithoutHrd,"Os trouvé à {bonePath}, mais tu dois utiliser HumanoidRigDescription pour utiliser des os."
Common.UGCValidation.ErrorLabel.HrdCheck_DrdInvalidSide,"La DigitsRigDescription à l'intérieur de cette partie, {partName}, devrait correspondre au côté {expectedSide}, mais la valeur de la propriété est {foundSide}."
Common.UGCValidation.ErrorLabel.HrdCheck_DrdWithoutHrd,Vous ne pouvez pas inclure une DigitsRigDescription sans une HumanoidRigDescription
Common.UGCValidation.ErrorLabel.HrdCheck_DuplicateInstance,"L'instance {instName} apparaît plus d'une fois, mais ne peut exister qu'une seule fois au sein d'une hiérarchie d'os."
Common.UGCValidation.ErrorLabel.HrdCheck_ImproperParent,"L'instance {instName} se trouve sous {parentName}, mais d'après tes os existants, elle devrait se trouver sous {expectedParentName}."
Common.UGCValidation.ErrorLabel.HrdCheck_TempR15BonesUploadNotAllowed,HumanoidRigDescription et les os supplémentaires ne sont pas encore activés pour les importations de corps.
Common.UGCValidation.ErrorLabel.HrdCheck_UndefinedInstanceInBoneTree,"L'instance {instName} de la classe {className} se trouve dans une arborescence d'os, mais ne fait pas partie du schéma R15plus défini."
Common.UGCValidation.ErrorLabel.HrdImproperJointMapping,L'articulation facultative {jointName} est incorrectement mappée dans la HRD. Elle doit être mappée à un os nommé {boneName}.
Common.UGCValidation.ErrorLabel.HrdMissingStandardJoint,"L'articulation {jointName} est une articulation R15 standard, mais le point d'attache à la plateforme n'est pas connecté à la HRD. Assure-toi que la HRD sous ton avatar est liée à une AttachmentConstraint plutôt qu'à Motor6d."
Common.UGCValidation.ErrorLabel.HrdProperties_MinAboveMax,"{jointName} a une plage définie dans la HRD, mais un composant de la plage minimale est supérieur à la plage maximale, ce qui n'est pas une plage valide."
Common.UGCValidation.ErrorLabel.HrdProperties_OriginOutsideBounds,HumanoidRigDescription a un originOffset en dehors des limites. OriginOffset ne doit avoir aucune rotation et doit se situer entre {valueMin} et {valueMax}.
Common.UGCValidation.ErrorLabel.HrdProperties_PropertyOutOfRange,{jointName} {propertyName} est défini dans HRD/DRD sur {currentValue}. La plage acceptable va de {valueMin} à {valueMax}.
Common.UGCValidation.ErrorLabel.HrdProperties_UncontainedJoint,"La propriété HRD {jointName} est référencée par l'instance au sein de {foundMeshName}, mais elle ne fait pas partie de la liste contenue. Si tu publies depuis Studio et que tu ne dispose du HRD/DRD qu'au niveau de l'avatar, signale un bug."
Common.UGCValidation.ErrorLabel.HrdTposePosition,L'articulation {jointName} a une position TposeAdjustment en dehors des limites acceptables. Réduis le décalage pour qu'il se situe entre +-({offsetLimit}).
Common.UGCValidation.ErrorLabel.HrdTposeRotation,L'articulation {jointName} a un TposeAdjustment qui s'écarte de plus de {degLimit} degrés de l'orientation recommandée ({expectedOrientation}).
Common.UGCValidation.ErrorLabel.InstanceTagsFound,"Les instances suivantes ont des étiquettes, mais les éléments du Marketplace ne peuvent pas en avoir : {ProblematicDescendantPaths}"
Common.UGCValidation.ErrorLabel.InternalError,"Ton élément n'a pas pu être validé correctement en raison d'une erreur interne. Si ce problème persiste, crée un rapport de bogue. ValidationJobId : {ValidationJobId}"
Common.UGCValidation.ErrorLabel.JointRotAtt_Moved,"{instPath} est une jointRotation déplacée, mais il se peut que les importations du Marketplace n'ajustent pas encore cette instance. Réinitialise la position à {expectedPosition}."
Common.UGCValidation.ErrorLabel.JointRotAtt_MultipleAttachments,L'instance {parentPath} ne peut pas avoir plus d'un enfant JointRotation.
Common.UGCValidation.ErrorLabel.JointRotAtt_Rotated,"{instPath} est une jointRotation pivotée, mais il se peut que les importations du Marketplace n'ajustent pas encore cette instance. Réinitialise l'orientation à {expectedOrientation}."
Common.UGCValidation.ErrorLabel.JointRotAtt_UnrecognizedParent,"L'instance {parentPath} possède un enfant JointRotation, mais celui-ci ne fait pas partie du schéma R15plus autorisé."
Common.UGCValidation.ErrorLabel.JointRotAtt_WrongInstanceClass,L'instance {instPath} est appelée JointRotation. Celle-ci est réservée aux enfants d'un point d'attache.
Common.UGCValidation.ErrorLabel.LCDeformTooLarge,Tes vêtements superposés se déforment au-delà de la taille acceptable de {maxSize} lorsqu'ils sont placés sur un avatar.
Common.UGCValidation.ErrorLabel.LeaderVertsNearCageIslands,Les sommets des cils liés associés à RBX_Leader sont trop éloignés des repères oculaires de la cage interne. Assure-toi qu'ils soient positionnés plus près de l'œil dans la cage interne.
Common.UGCValidation.ErrorLabel.MeasureCageMeshDistanceAvatar_CageInsideMesh,La cage de corps présente une intersection avec le maillage de corps. {negtiveSDFPercent} % de ses sommets se trouvent à l'intérieur du maillage.
Common.UGCValidation.ErrorLabel.MeasureCageMeshDistanceAvatar_CageTooFar,"La cage de corps est trop éloignée du maillage de corps. La distance maximale autorisée est {max_sdf}, ce qui dépasse le seuil limite ({max_sdf_threshold})."
Common.UGCValidation.ErrorLabel.MeasureCageMeshDistanceHead_CageInsideMesh,La cage de tête présente une intersection avec le maillage de tête. {negtiveSDFPercent} % de ses sommets se trouvent à l'intérieur du maillage.
Common.UGCValidation.ErrorLabel.MeasureCageMeshDistanceHead_CageTooFar,"La cage de tête est trop éloignée du maillage de tête. La distance maximale autorisée est {max_sdf}, ce qui dépasse le seuil limite ({max_sdf_threshold})."
Common.UGCValidation.ErrorLabel.MeasureCageMeshDistance_CageInsideMesh,La cage extérieure présente une intersection avec le maillage de rendu. {negtiveSDFPercent} % de ses sommets se trouvent à l'intérieur du maillage.
Common.UGCValidation.ErrorLabel.MeasureCageMeshDistance_CageTooFar,"La cage extérieure est trop éloignée du maillage de rendu. La distance maximale autorisée est {max_sdf}, ce qui dépasse le seuil limite ({max_sdf_threshold})."
Common.UGCValidation.ErrorLabel.MeasureCageRelevancy,{outer_cage_face_irrelevant_percent} % des sommets de la cage extérieure modifiés ne couvrent pas l'accessoire. Assure-toi de la déplacer uniquement là où cela est nécessaire.
Common.UGCValidation.ErrorLabel.MeasureCageUV,"Dans la cage {cage_name}, {incorrect_uv_count} valeurs UV sont incorrectes ou n'appartiennent pas au modèle. Apporte les corrections nécessaires."
Common.UGCValidation.ErrorLabel.MeasureMeshOutsideOuterCage,{mesh_outside_outer_cage_percent} % des sommets du maillage de l'accessoire se trouvent en dehors de sa cage extérieure. Procède à des ajustements pour qu'une plus grande partie de l'accessoire soit placée entre les cages.
Common.UGCValidation.ErrorLabel.MeshPartBounds_TooLarge,La taille de l'axe {axis} du maillage {partName} (« {currentSize} » studs) est supérieure à la taille maximale autorisée pour une pièce individuelle (« {maxSize} » studs). Réduis le maillage.
Common.UGCValidation.ErrorLabel.MeshPartBounds_TooSmall,La taille de l'axe {axis} du maillage {partName} (« {currentSize} » studs) est inférieure à la taille minimale (« {minSize} ») autorisée pour une pièce individuelle. Agrandis le maillage.
Common.UGCValidation.ErrorLabel.MissingRequiredAttachment,Le point d'attache {attName} doit absolument exister une fois parmi les descendants de {partName}.
Common.UGCValidation.ErrorLabel.NoAttributes,« {RootInstanceName} » ou ses descendants contiennent des attributs. Tu dois supprimer les attributs des éléments suivants : {InstanceNameList}
Common.UGCValidation.ErrorLabel.PropertiesNotSensible,{ClassName} « {InstancePath} » possède des propriétés non valides : {ProblematicProperties}. Une des limites d'octets affichées a été dépassée (une limite de 0 signifie que la propriété doit être vide) ; toute autre propriété contient des valeurs NaN/Inf ou dépasse sa limite de taille par défaut.
Common.UGCValidation.ErrorLabel.RigAttachmentOutOfBounds,L'attachement de plateforme « {AttachmentName} » dans « {PartName} » doit être placé près de la limite de l'articulation où cette partie du corps se connecte à une partie adjacente. La position actuelle [{CurrentPosition}] est trop éloignée du plan de connexion. Rapproche-le de [{ClosestValidPosition}].
Common.UGCValidation.ErrorLabel.SelectionCountNotOne,"Pour importer un contenu sur Roblox, tu dois sélectionner exactement 1 instance et le type d'importation associé."
Common.UGCValidation.ErrorLabel.SerializedAssetTooLarge,"Cet élément est trop volumineux pour être importé ({sizeBytes} octets au-dessus de la taille maximale autorisée de {maxSizeBytes} octets). Réduis sa taille, puis réessaie."
Common.UGCValidation.ErrorLabel.TagsFoundOnSingleInstance,L'instance {ProblematicDescendantPath} ne doit pas avoir d'étiquettes.
Common.UGCValidation.ErrorLabel.TestWorkflowMessageV2,Chaîne d'erreur du deuxième test utilisée pour vérifier de bout en bout le flux de travail de synchronisation de la traduction centré sur le Hub.
Common.UGCValidation.ErrorLabel.UnallowedFacsJoints,"La partie maillée de la tête possède des animations faciales pour {jointName}, qui ne peuvent pas être utilisées dans le système FACs (Système de codage facial). Veuillez renommer cette articulation puis réimporter votre tête."
Common.UGCValidation.ErrorLabel.UnallowedJointSkinned,"La partie du corps {partName} est associée à l'articulation virtuelle {jointName}, qui ne fait pas partie du schéma R15plus."
Common.VerifiedParentalConsent.Action.Cancel,
Common.VerifiedParentalConsent.Action.Close,
Common.VerifiedParentalConsent.Action.GoToSettings,Aller dans Paramètres
Common.VerifiedParentalConsent.Description.SpendingRestrictionWithSettings,"En raison de restrictions régionales, tu as besoin de l'autorisation d'un parent pour faire un achat. Demande à un parent l'autorisation dans Paramètres > Dépenses."
Common.VerifiedParentalConsent.Description.SpendingRestrictionWithoutSettings,"En raison de restrictions régionales, il vous faut l'autorisation de tes parents pour effectuer un achat. Rendez-vous sur le web ou sur un appareil complémentaire pour demander l'autorisation à tes parents dans Paramètres > Dépenses."
Common.VerifiedParentalConsent.Label.AskParent,
Common.VisitGame.Label.Play,Rejoindre
CommonUI.Controls.Action.Accept,
CommonUI.Controls.Action.Apply,Appliquer
CommonUI.Controls.Action.Back,
CommonUI.Controls.Action.Cancel,
CommonUI.Controls.Action.CloseRoblox,Fermer Roblox
CommonUI.Controls.Action.Confirm,
CommonUI.Controls.Action.Done,
CommonUI.Controls.Action.Next,
CommonUI.Controls.Action.OK,
CommonUI.Controls.Action.Refresh,Rafraîchir
CommonUI.Controls.Action.ResetAll,Tout réinitialiser
CommonUI.Controls.Action.Search,Rechercher
CommonUI.Controls.Action.ShowMore,Afficher plus
CommonUI.Controls.Action.Submit,Soumettre
CommonUI.Controls.Action.Yes,Oui
CommonUI.Controls.Birthdaypicker.Label.Date,Date
CommonUI.Controls.Input.Optional,{inputLabel} (facultatif)
CommonUI.Controls.Label.April,Avril
CommonUI.Controls.Label.AprilAbbreviated,Avr.
CommonUI.Controls.Label.August,Août
CommonUI.Controls.Label.AugustAbbreviated,
CommonUI.Controls.Label.Day,
CommonUI.Controls.Label.December,Décembre
CommonUI.Controls.Label.DecemberAbbreviated,Déc.
CommonUI.Controls.Label.February,Février
CommonUI.Controls.Label.FebruaryAbbreviated,Fév.
CommonUI.Controls.Label.ForceUpdateBody,Il est nécessaire de redémarrer Roblox pour la mise à jour. Relancer Roblox.
CommonUI.Controls.Label.ForceUpdateTitle,Mise à jour exigée
CommonUI.Controls.Label.Friday,ven.
CommonUI.Controls.Label.FridayAbbreviated,
CommonUI.Controls.Label.InvalidDateFormat,Format de date invalide
CommonUI.Controls.Label.January,Janvier
CommonUI.Controls.Label.JanuaryAbbreviated,Jan.
CommonUI.Controls.Label.July,Juillet
CommonUI.Controls.Label.June,Juin
CommonUI.Controls.Label.LastWeek,La semaine dernière
CommonUI.Controls.Label.LastYear,L'année dernière
CommonUI.Controls.Label.March,Mars
CommonUI.Controls.Label.MarchAbbreviated,
CommonUI.Controls.Label.May,Mai
CommonUI.Controls.Label.Monday,lundi
CommonUI.Controls.Label.MondayAbbreviated,lun.
CommonUI.Controls.Label.Month,
CommonUI.Controls.Label.November,Novembre
CommonUI.Controls.Label.NovemberAbbreviated,Nov.
CommonUI.Controls.Label.October,Octobre
CommonUI.Controls.Label.OctoberAbbreviated,Oct.
CommonUI.Controls.Label.PageCount,{current:int} sur {total:int}
CommonUI.Controls.Label.Saturday,samedi
CommonUI.Controls.Label.SaturdayAbbreviated,sam.
CommonUI.Controls.Label.SelectDate,Choisir la date
CommonUI.Controls.Label.SelectTheTime,Sélectionner une heure
CommonUI.Controls.Label.September,Septembre
CommonUI.Controls.Label.SeptemberAbbreviated,Sept.
CommonUI.Controls.Label.Sunday,dimanche
CommonUI.Controls.Label.SundayAbbreviated,dim
CommonUI.Controls.Label.ThisMonth,Ce mois-ci
CommonUI.Controls.Label.ThisWeek,Cette semaine
CommonUI.Controls.Label.ThisYear,Cette année
CommonUI.Controls.Label.Thursday,jeudi
CommonUI.Controls.Label.ThursdayAbbreviated,jeu.
CommonUI.Controls.Label.Today,Aujourd'hui
CommonUI.Controls.Label.Tuesday,mardi
CommonUI.Controls.Label.TuesdayAbbreviated,mar.
CommonUI.Controls.Label.Wednesday,mercredi
CommonUI.Controls.Label.WednesdayAbbreviated,mer.
CommonUI.Controls.Label.Year,
CommonUI.Controls.NoResultsFound,Aucun résultat trouvé
CommonUI.Features.Action.Close,
CommonUI.Features.Action.Go,Aller
CommonUI.Features.Action.LessLowercase,moins
CommonUI.Features.Action.MoreLowercase,plus
CommonUI.Features.Action.Send,Envoyer
CommonUI.Features.Heading.GameDetails,Détails de l'expérience
CommonUI.Features.Label.About,À propos de
CommonUI.Features.Label.AboutUs,À propos
CommonUI.Features.Label.AcceptConnection,Accepter connexion
CommonUI.Features.Label.AcceptFriend,Accepter un(e) ami(e)
CommonUI.Features.Label.AddConnection,Ajouter une connexion
CommonUI.Features.Label.AddConnections,Ajouter des connexions
CommonUI.Features.Label.AddFriend,Ajouter un(e) ami(e)
CommonUI.Features.Label.AdjustScreen,Ajuster l'écran
CommonUI.Features.Label.AppInformation,Informations sur l'appli
CommonUI.Features.Label.Avatar,Avatar
CommonUI.Features.Label.Badges,Badges
CommonUI.Features.Label.Blog,Blog
CommonUI.Features.Label.Careers,Carrières
CommonUI.Features.Label.Catalog,Catalogue Roblox
CommonUI.Features.Label.ChannelWithChannelName,Chaîne: {channelName}
CommonUI.Features.Label.Charts,Charts
CommonUI.Features.Label.Chat,Chat
CommonUI.Features.Label.ClientCoreScriptVersion,Version-Client-CoreScript-: {clientCoreScriptVersion}
CommonUI.Features.Label.Connect,Amis
CommonUI.Features.Label.Connection,
CommonUI.Features.Label.Connections,Connexions
CommonUI.Features.Label.ControllerBar.HoldPrefix,Maintenir enfoncé
CommonUI.Features.Label.ControllerBar.Search,
CommonUI.Features.Label.ControllerBar.ToPlaySuffix,pour jouer
CommonUI.Features.Label.CreateGames,Créer
CommonUI.Features.Label.CreationCenter,Centre de création
CommonUI.Features.Label.DevSubs,Abonnements
CommonUI.Features.Label.Discover,Découvrir
CommonUI.Features.Label.ForYou,Pour toi
CommonUI.Features.Label.Friends,
CommonUI.Features.Label.Game,Expériences
CommonUI.Features.Label.Games,Jeux
CommonUI.Features.Label.GiftCards,Acheter des cartes-cadeaux
CommonUI.Features.Label.Groups,Communautés
CommonUI.Features.Label.Help,Aide
CommonUI.Features.Label.HelpAndSafety,Aide et sécurité
CommonUI.Features.Label.Home,Accueil
CommonUI.Features.Label.Inventory,Inventaire
CommonUI.Features.Label.InviteConnections,Inviter des connexions
CommonUI.Features.Label.JoinConnections,Rejoindre des connexions
CommonUI.Features.Label.Learn,Apprendre
CommonUI.Features.Label.Licensing,Octroi de licences
CommonUI.Features.Label.LuobuRiderTerms,Conditions Luobu Rider
CommonUI.Features.Label.LuobuThirdPartyDataUse,Liste d'actions de tiers
CommonUI.Features.Label.Me,Moi
CommonUI.Features.Label.Messages,Messages
CommonUI.Features.Label.Moments,Moments
CommonUI.Features.Label.More,Plus
CommonUI.Features.Label.MoreEvents,Plus d'événements bientôt !
CommonUI.Features.Label.Newsroom,Salle de presse
CommonUI.Features.Label.OfficialStore,Boutique officielle
CommonUI.Features.Label.Parents,Parents
CommonUI.Features.Label.Players,Quelqu'un sur Roblox
CommonUI.Features.Label.Premium,Premium
CommonUI.Features.Label.Privacy,Confidentialité
CommonUI.Features.Label.PrivacyGuidelinesChildren,Directives sur la protection de la vie privée des enfants
CommonUI.Features.Label.PrivacyPolicy,
CommonUI.Features.Label.Profile,Profil
CommonUI.Features.Label.RM,
CommonUI.Features.Label.Redeem,Activer des codes
CommonUI.Features.Label.RemoveConnection,Retirer un·e ami·e
CommonUI.Features.Label.ReportLogs,Rapport de Logs
CommonUI.Features.Label.ReportLogsSentenceCase,Envoyer les logs
CommonUI.Features.Label.Settings,
CommonUI.Features.Label.Startup,Démarrage
CommonUI.Features.Label.SupportCenter,Historique d'assistance de l'expérience
CommonUI.Features.Label.TencentNotice,
CommonUI.Features.Label.Terms,Conditions
CommonUI.Features.Label.TermsOfService,Conditions d'utilisation
CommonUI.Features.Label.TermsOfUse,
CommonUI.Features.Label.Thanks,Merci
CommonUI.Features.Label.TheHunt,Événements Roblox
CommonUI.Features.Label.Trades,Échanges
CommonUI.Features.Label.Unchecked,Non vérifié
CommonUI.Features.Label.VNGMigrationBody,"Pour continuer à utiliser Roblox dans ta région, télécharge la nouvelle application Roblox-VNG et connecte-toi avec ton nom d'utilisateur Roblox."
CommonUI.Features.Label.VNGMigrationBodyPC,"Pour continuer à utiliser Roblox dans ta région, télécharge la nouvelle application Roblox - VN et connecte-toi avec ton nom d'utilisateur Roblox."
CommonUI.Features.Label.VNGMigrationGoButton,Accéder à l'application Roblox-VNG
CommonUI.Features.Label.VNGMigrationGoButtonPC,Accéder à l'application Roblox - VN
CommonUI.Features.Label.VNGMigrationTip,Astuce Pro : Sélectionne « Connexion Rapide » dans l'application Roblox-VNG pour faciliter la connexion.
CommonUI.Features.Label.VNGMigrationTitle,Roblox est maintenant Roblox-VNG !
CommonUI.Features.Label.VNGMigrationTitlePC,Roblox est maintenant Roblox - VN !
CommonUI.Features.Label.VRFTUX,Tutoriel RV
CommonUI.Features.Label.Version,Version
CommonUI.Features.Label.VersionWithNumber,Version: {versionNumber}
CommonUI.Features.Label.X,Roblox Plus
CommonUI.Features.Label.sGroups,
CommonUI.Features.Labels.ConnectTo,Connexion via
CommonUI.Features.Labels.OrYouCan,Ou tu peux
CommonUI.Features.Labels.Retry,
CommonUI.Features.Labels.ServerCommunicationError,Une erreur s'est produite lors de la communication avec les serveurs Roblox.
CommonUI.Features.Labels.With,Avec
CommonUI.Features.NavBar.Build,Construire
CommonUI.Features.Prompt.ReportLogsQuestion,Envoyer ton fichier journal local à Backtrace ?
CommonUI.Features.Prompt.ReportLogsResult,Rapport envoyé.
CommonUI.Features.StudioCTA.Tooltip.Body,Télécharge Studio GRATUITEMENT !
CommonUI.Features.StudioCTA.Tooltip.Title,Commence à créer sur Roblox
CommonUI.Messages.Action.Apply,
CommonUI.Messages.Action.Dismiss,Rejeter
CommonUI.Messages.Action.OK,
CommonUI.Messages.Action.Reset,Réinitialiser
CommonUI.Messages.Action.View,Afficher
CommonUI.Messages.Label.ActionNotAvailableOnCurrentDevice,Cette action n'est pas encore prise en charge par l'appareil actuel. Essayer sur un autre appareil.
CommonUI.Messages.Label.ActionNotAvailableOnVRHeadsetDevice,Cette action n'est pas encore prise en charge sur les appareils écouteurs. Veuillez essayer sur un autre appareil.
CommonUI.Messages.Label.AgeBlock,Ce compte n'est pas admissible en raison des restrictions d'âge.
CommonUI.Messages.Label.Alert,Alerte
CommonUI.Messages.Label.FeatureNotAvailableForAccount,Votre compte n'est pas éligible à cette fonctionnalité.
CommonUI.Messages.Label.OR,
CommonUI.Messages.Label.Password,
CommonUI.Messages.Label.ToExitFullscreen,Pour quitter le plein écran
CommonUI.Messages.Message.NoLicenses,Aucune licence
CommonUI.Messages.Response.NoResults,Aucun résultat
CommonUI.Messages.Response.PageError,Erreur téléchargement page
CommonUI.Messages.Response.SomethingWentWrong,Quelque chose s'est mal passé
CommonUI.Messages.SystemMessage.AndroidDeprecationBodyPhase1,"Dans un futur proche, Roblox ne supportera plus Android 6 et 7. Mettre à jour ton appareil vers Android 8 ou une version plus récente pour continuer à jouer."
CommonUI.Messages.SystemMessage.AndroidDeprecationBodyPhase2,"À partir de {date}, Roblox ne supportera plus Android 6 et 7. Mettre à jour ton appareil vers Android 8 ou une version plus récente pour continuer à jouer."
CommonUI.Messages.SystemMessage.AndroidDeprecationBodyPhase2Fallback,"À partir du 19 juillet 2025, Roblox ne prendra plus en charge Android 6 et 7. Mettre à jour ton appareil vers Android 8 ou une version plus récente pour continuer à jouer."
CommonUI.Messages.SystemMessage.AndroidDeprecationBodyPhase3,Roblox ne prend plus en charge Android 6 et 7. Mettre à jour ton appareil vers Android 8 ou une version plus récente pour continuer à jouer.
CommonUI.Messages.SystemMessage.AndroidDeprecationSystemRequirementsLinkLabel,Exigences du système mobile
CommonUI.Messages.SystemMessage.AndroidDeprecationTitlePhase1,Action requise : Mettre à jour ton appareil
CommonUI.Messages.SystemMessage.AndroidDeprecationTitlePhase2,
CommonUI.Messages.SystemMessage.AndroidDeprecationTitlePhase3,
CommonUI.Messages.SystemMessage.DeprecationMobileSystemRequirementsLinkLabel,
CommonUI.Messages.SystemMessage.DeprecationTitle,
CommonUI.Messages.SystemMessage.IosDeprecationBodyPhase1,"Bientôt, Roblox ne prendra plus en charge iOS 13. Pour continuer à jouer, mets ton appareil à jour vers iOS 14 ou une version plus récente."
CommonUI.Messages.SystemMessage.IosDeprecationBodyPhase2Fallback,"À compter du 5 juin 2026, Roblox ne prendra plus en charge iOS 13. Pour continuer à jouer, mets ton appareil à jour vers iOS 14 ou une version plus récente."
CommonUI.Messages.SystemMessage.IosDeprecationBodyPhase3,"Roblox ne prend plus en charge iOS 13. Pour continuer à jouer, mets ton appareil à jour vers iOS 14 ou une version plus récente."
CommonUI.Messages.SystemMessage.PS4onPS5DeprecationBody,"Télécharge la nouvelle version de Roblox pour PlayStation®5 et joue dessus. À partir du {date}, Roblox pour PlayStation®4 ne sera plus disponible sur PlayStation®5."
CommonUI.Messages.SystemMessage.PS4onPS5DeprecationTitle,Roblox est maintenant disponible pour PlayStation®5
CommonUI.Messages.SystemMessage.PS4onPS5HardDeprecationBody,"La version PlayStation®4 de Roblox n'est plus prise en charge sur PlayStation®5. Pour continuer à jouer, télécharge la nouvelle application Roblox pour PlayStation®5."
CommonUI.UserAgreements.Popup.Agree,J'accepte
CommonUI.UserAgreements.Popup.Agree2,
CommonUI.UserAgreements.Popup.Agreement.Optional,
CommonUI.UserAgreements.Popup.Agreement.OptionalPersonalInformationPolicy,Collecte et traitement des informations personnelles facultatives
CommonUI.UserAgreements.Popup.Agreement.PersonalInformationPolicy,Collecte et traitement des informations personnelles requises
CommonUI.UserAgreements.Popup.Agreement.PrivacyPolicy,
CommonUI.UserAgreements.Popup.Agreement.Required,Requis
CommonUI.UserAgreements.Popup.Agreement.StudioTermsForVNGSKU,"Conditions du Studio. Ces conditions entre toi et Roblox Corporation s'appliquent lorsque tu crées ou importes du contenu à l'aide de Roblox Studio, un service distinct qui t'est fourni par Roblox Corporation"
CommonUI.UserAgreements.Popup.Agreement.TermsOfService,
CommonUI.UserAgreements.Popup.Agreement.ThirdPartyPersonalInformationPolicy,Fourniture d'informations personnelles par des tiers
CommonUI.UserAgreements.Popup.Agreement.TransferPersonalInformationPolicy,Transfert d'informations personnelles à l'étranger
CommonUI.UserAgreements.Popup.CheckboxMessage,J’ai vérifié et j’accepte toutes les conditions générales ci-dessous
CommonUI.UserAgreements.Popup.ContactCustomerSupport,Contacter l'assistance clientèle
CommonUI.UserAgreements.Popup.ConvertToVNCheckboxMessage,J'accepte tous les termes et conditions ci-dessous
CommonUI.UserAgreements.Popup.ConvertToVNMessage,"En cliquant sur le bouton Accepter ci-dessous, vous changez votre pays en Vietnam, migrant vers l'application Roblox – VNG et ne pouvez pas revenir en arrière. Votre utilisation de l'application Roblox - VNG est soumise aux conditions suivantes qui remplacent tous les termes précédents avec Roblox Corporation. Veuillez vérifier et accepter ce qui suit :"
CommonUI.UserAgreements.Popup.DefaultAgreementTitle,Accord mis à jour
CommonUI.UserAgreements.Popup.FailAndRetryMessage,"Désolé, il y a eu un problème en essayant d'accepter les conditions d'utilisation. Veuillez réessayer."
CommonUI.UserAgreements.Popup.KISAMessage,Veuillez prendre connaissance des conditions suivantes et les accepter. Vous pouvez choisir d'accepter ou de refuser certaines conditions. Votre enfant peut continuer à utiliser Roblox si vous n'acceptez pas les conditions facultatives.
CommonUI.UserAgreements.Popup.Message,"Pour continuer à utiliser Roblox, sélectionner « J'accepte » pour accepter nos conditions mises à jour ci-dessous. Si tu es mineur, montre-le à tes parents ou à ton tuteur. Des modifications ont été apportées aux documents suivants :"
CommonUI.UserAgreements.Popup.PromotionalEmailsCheckbox,"Facultatif: Je voudrais également m'inscrire pour recevoir des e-mails de Roblox sur les dernières versions, les promotions limitées dans le temps, et plus encore."
CommonUI.UserAgreements.Popup.SignupMessage,"En cliquant sur Accepter, tu acceptes les Conditions d'utilisation et tu reconnais la politique de confidentialité."
CommonUI.UserAgreements.Popup.Title,Accords mis à jour
CommonUI.UserAgreements.Popup.TitleOnWebview,
CommonUI.UserAgreements.Popup.TransferCurrency.Message,"Tu disposes d'un solde de carte cadeau dans une autre devise. Pour ce faire, contacter le service clientèle afin de procéder au transfert de devises."
CommonUI.UserAgreements.Popup.TransferCurrency.Title,Solde de la carte cadeau existante
CommonUI.UserAgreements.Popup.VNSignupCheckboxMessage,
CommonUI.UserAgreements.Popup.VNSignupMessage,"En cliquant sur Accepter, vous acceptez les conditions d'utilisation, les conditions d'utilisation de Studio et la politique de confidentialité :"
CoreScripts.Ads.Label.SponsoredAds,Sponsorisé
CoreScripts.Ads.Label.SponsoredAdsDisclosureStatic,"Les expériences sponsorisées sont payées par les créateurs. Pour les utilisateurs de l'UE, elles peuvent vous être présentées sur la base d'informations générales concernant votre type d'appareil, votre localisation et vos données démographiques. En dehors de l'UE, les publicités peuvent également être affichées sur la base d'informations supplémentaires."
CoreScripts.BulkPurchasePrompt.CompletedPrompt.SuccessHeading,Achat terminé
CoreScripts.Feedback.FeedbackBar.ExitFeedbackButton,
CoreScripts.InGameMenu.Actions.Continue,
CoreScripts.InGameMenu.Cancel,
CoreScripts.InGameMenu.Controls.RobloxMenu,Menu Roblox
CoreScripts.InGameMenu.GameSettings.PartyVoiceVolume,Volume voix Party
CoreScripts.InGameMenu.GameSettings.UINavToggle,Bascule de navigation de l'interface utilisateur
CoreScripts.InGameMenu.GameSettings.Volume,Quantité
CoreScripts.InGameMenu.Leave,
CoreScripts.InGameMenu.PageTitle.InviteFriends,Inviter des amis
CoreScripts.InGameMenu.Traversal.HistoryDescription,Rejoindre des jeux visités récemment
CoreScripts.InGameMenu.Traversal.LeaveBody,Tu es sur le point de quitter ce jeu pour retourner sur {PREVIOUS_EXPERIENCE}.
CoreScripts.InGameMenu.Traversal.LeaveHeader,Tu t'en vas ?
CoreScripts.PremiumModal.Title.Error,Erreur
CoreScripts.PublishAssetPrompt.ResultModalOk,
CoreScripts.PublishAvatarPrompt.PurchaseCompleteDescription,Tu peux trouver ton article dans ton inventaire une fois qu'il est finalisé.
CoreScripts.PurchasePrompt.Button.OK,
CoreScripts.PurchasePrompt.Button.Settings,
CoreScripts.PurchasePrompt.CancelPurchase.Cancel,
CoreScripts.PurchasePrompt.ItemType.Bundle,Paquet
CoreScripts.PurchasePrompt.ProductType.Product,Produit
CoreScripts.PurchasePrompt.PurchaseDetails.ScaryModalOne,"Cet achat implique l'échange d'argent réel. 

Je certifie avoir au moins 18 ans et être le parent ou le tuteur légal du propriétaire du compte. J'autorise cet achat et j'accepte les conditions d'utilisation."
CoreScripts.PurchasePrompt.PurchaseDetails.ScaryModalParental,Vous avez beaucoup dépensé sur Roblox ce mois-ci. Des reçus seront envoyés à l'adresse électronique parentale vérifiée sur ce compte pour cet achat et tous les achats ultérieurs. 
CoreScripts.PurchasePrompt.PurchaseDetails.ScaryModalTwo,Vous avez beaucoup dépensé sur Roblox ce mois-ci. Voulez-vous continuer ? Cet achat implique l'échange d'argent réel. Vous devez être le parent ou le tuteur légal du propriétaire du compte pour autoriser cet achat.
CoreScripts.PurchasePrompt.PurchaseFailed.AlreadyOwn,Vous possédez déjà cet objet. Votre compte n'a pas été débité.
CoreScripts.PurchasePrompt.PurchaseFailed.CannotGetBalance,Impossible d'obtenir votre solde pour l'instant. Votre compte n'a pas été débité. Veuillez réessayer plus tard.
CoreScripts.PurchasePrompt.PurchaseFailed.CannotGetItemPrice,Nous ne pouvons pas récupérer le prix de cet objet pour l'instant. Votre compte n'a pas été débité. Veuillez réessayer plus tard.
CoreScripts.PurchasePrompt.PurchaseFailed.Enable2SV,
CoreScripts.PurchasePrompt.PurchaseFailed.Enable2SVLogout,
CoreScripts.PurchasePrompt.PurchaseFailed.InvalidFunds,Échec de la transaction. Motif : votre compte ne possède pas assez de Robux. Votre compte n'a pas été débité.
CoreScripts.PurchasePrompt.PurchaseFailed.Limited,Il n'y a plus d'exemplaires de cet objet en série limitée. Essayez de l'acheter à un autre utilisateur sur www.roblox.com. Votre compte n'a pas été débité.
CoreScripts.PurchasePrompt.PurchaseFailed.NotEnoughRobux,Cet objet coûte trop de Robux pour que vous l'achetiez. Veuillez vous rendre sur www.roblox.com pour acheter plus de Robux.
CoreScripts.PurchasePrompt.PurchaseFailed.NotEnoughRobuxNoUpsell,Cette objet coûte plus de Robux que vous n'en avez. 
CoreScripts.PurchasePrompt.PurchaseFailed.NotEnoughRobuxXbox,Cet article coûte plus de Robux que tu n'en as à votre disposition. Quitte cette expérience et rends sur l'écran des Robux pour en acheter davantage.
CoreScripts.PurchasePrompt.PurchaseFailed.NotForSale,Cet objet n'est pas en vente pour l'instant. Votre compte n'a pas été débité.
CoreScripts.PurchasePrompt.PurchaseFailed.NotForSaleHere,Cet article ne peut pas être vendu dans cette expérience. Ton compte n'a pas été débité.
CoreScripts.PurchasePrompt.PurchaseFailed.PremiumOnly,Tu dois avoir Roblox Premium pour acheter cet article.
CoreScripts.PurchasePrompt.PurchaseFailed.PurchaseDisabled,Ton achat a échoué car les achats In-experience sont temporairement désactivés. Ton compte n'a pas été débité. Réessayer plus tard.
CoreScripts.PurchasePrompt.PurchaseFailed.ThirdPartyDisabled,Les ventes d'objets par des tiers ont été désactivées pour cet emplacement. Votre compte n'a pas été débité.
CoreScripts.PurchasePrompt.PurchaseFailed.Under13,Le propriétaire de ce compte a moins de 13 ans. L'achat de cet objet n'est pas permis. Votre compte n'a pas été débité.
CoreScripts.PurchasePrompt.PurchaseFailed.UnknownFailure,Votre achat de {ITEM_NAME} a échoué. Motif : un problème est survenu. Votre compte n'a pas été débité. Veuillez réessayer plus tard.
CoreScripts.PurchasePrompt.PurchaseFailed.UnknownFailureNoItemName,Échec de la transaction. Motif : un problème est survenu. Votre compte n'a pas été débité. Veuillez réessayer plus tard.
CoreScripts.PurchasePrompt.PurchaseMessage.Succeeded,Votre achat de {ITEM_NAME} a réussi !
CoreScripts.PurchasePrompt.Title.BuyItem,Acheter objet
CoreScripts.PurchasePrompt.Title.VerificationRequired,
CoreScripts.TextChat.Action.SendQuickWords,Envoyer des mots rapides
CoreScripts.TextChat.ChannelTabs.Friends,
CoreScripts.TextChat.ChannelTabs.Global2,Monde
CoreScripts.TextChat.ChannelTabs.Here,Ici
CoreScripts.TextChat.ChannelTabs.System,Système
CoreScripts.TextChat.ChannelTabs.Team,Équipe
CoreScripts.TextChat.ChatCommands.Mute.Description,/mute <speaker> : mets en sourdine un interlocuteur.
CoreScripts.TextChat.ChatCommands.Unmute.Description,/unmute <speaker> : rétablit le son d'un interlocuteur.
CoreScripts.TextChat.ChatTranslation.ChatWindow.SystemMessageNew,Roblox traduit automatiquement les langues prises en charge dans le chat
CoreScripts.TextChat.ChatTranslation.FTUX.TitleNew,La traduction du chat est activée pour les langues prises en charge
CoreScripts.TextChat.ChatWindow.ChatDisabled.AskForPermission,Seuls les messages système sont visibles ici. Demande à tes parents l'autorisation d'utiliser le chat depuis les paramètres de communication.
CoreScripts.TextChat.ChatWindow.ChatDisabled.AskForPermissionToAgeCheck,Seuls les messages système sont visibles ici. Demande à tes parents l'autorisation de vérifier ton âge depuis les paramètres de communication.
CoreScripts.TextChat.ChatWindow.ChatDisabled.CheckAgeInAccountInfo,Seuls les messages système sont visibles ici. Débloque le chat grâce à une vérification de l'âge en allant dans Paramètres > Informations du compte.
CoreScripts.TextChat.ChatWindow.ChatDisabled.CheckAgeInSettings,"Seuls les messages système sont visibles ici. Pour discuter via le chat, fais vérifier ton âge dans les paramètres de communication."
CoreScripts.TextChat.ChatWindow.ChatDisabled.DontMissMessages,Ne manque pas les messages. Fais vérifier ton âge pour débloquer le chat.
CoreScripts.TextChat.ChatWindow.ChatDisabled.GetAnAgeCheck,Seuls les messages système sont visibles ici. Effectue une vérification de ton âge pour utiliser le chat.
CoreScripts.TextChat.ChatWindow.ChatDisabled.OnlyViewSystemMessages,Seuls les messages système sont visibles ici.
CoreScripts.TextChat.ChatWindow.ChatDisabled.RegionUnavailable,Seuls les messages système sont visibles ici. Le chat est indisponible dans ta région.
CoreScripts.TextChat.ChatWindow.ChatDisabled.SettingOff,Seuls les messages système sont visibles ici. Active le chat dans tes paramètres de communication.
CoreScripts.TextChat.ChatWindow.ChatEnabled.ChatInRegion,Tu peux voir les messages système et discuter avec les utilisateurs de ta région uniquement.
CoreScripts.TextChat.ChatWindow.ChatEnabled.ChatWithAgeGroupAAndTF,Seules les personnes de groupes d'âge similaires et tes amis de confiance peuvent discuter avec toi.
CoreScripts.TextChat.ChatWindow.ChatEnabled.ChatWithAgeGroupAndTC,Seules les personnes de groupes d'âge similaires et tes Connexions de confiance peuvent discuter avec toi.
CoreScripts.TextChat.ChatWindow.ChatEnabled.ChatWithOnlinePlayers.BelowThreshold,Dis bonjour à tous les autres joueurs présents !
CoreScripts.TextChat.ChatWindow.ChatEnabled.ChatWithOnlinePlayers.Local.WithCount,{RBX_COUNT} autres joueurs sont dans le chat. Dis-leur bonjour !
CoreScripts.TextChat.ChatWindow.ChatEnabled.ChatWithOnlinePlayers.V3,👋 Dis bonjour à tous ceux qui jouent en ce moment !
CoreScripts.TextChat.ChatWindow.ChatEnabled.ChatWithTF,Seuls tes amis de confiance peuvent discuter avec toi via le chat.
CoreScripts.TextChat.ChatWindow.ChatEnabled.Global2,Discute avec plus de personnes dans cette expérience. Seules les personnes de groupes d'âge similaires peuvent te parler dans le chat.
CoreScripts.TextChat.ChatWindow.ChatWithOnlinePlayers.Local.Friendly,✨ Joins-toi à la fête ! Salue tous ceux qui jouent en ce moment !
CoreScripts.TextChat.ChatWindow.ChatWithOnlinePlayers.Local.WithCount,👋 {RBX_COUNT} joueurs sont dans le chat. Dis-leur bonjour !
CoreScripts.TextChat.ChatWindow.HandFreeTranscriptionFTUX,Maintenir enfoncé pour passer en mode mains libres
CoreScripts.TextChat.ChatWindow.RephrasedLabel,reformulé
CoreScripts.TextChat.ChatWindow.RephrasedReason.Description,Roblox reformule les messages qui enfreignent les règles de sécurité.
CoreScripts.TextChat.ChatWindow.RewrittenLabel,réécrit
CoreScripts.TextChat.ChatWindow.SummarySystemMessage,Roblox génère automatiquement des résumés des messages des joueurs.
CoreScripts.TextChat.ChatWindow.Transcribing,Transcription…
CoreScripts.TextChat.ChatWindow.TranscriptionFailed,Nous n'avons pas bien entendu ! Réessaie.
CoreScripts.TextChat.ChatWindow.TranscriptionLanguageUnsupported,Cette langue n'est pas encore prise en charge !
CoreScripts.TextChat.ChatWindow.TranscriptionNoMicAccessToastBody,"Pour utiliser ton microphone, rends-toi dans les paramètres de ton appareil, puis autorise l'accès pour Roblox."
CoreScripts.TextChat.ChatWindow.TranscriptionNoMicAccessToastHeader,Impossible d'accéder au microphone
CoreScripts.TextChat.ChatWindow.TranscriptionU13MicAccessToastBody,"Pour transcrire tes messages vocaux en texte, nous traitons ton audio et le supprimons immédiatement, conformément à notre politique de confidentialité."
CoreScripts.TextChat.ChatWindow.TranscriptionU13MicAccessToastHeader,Chat vocal vers texte activé
CoreScripts.TextChat.ChatWindow.TrustedLabel,De confiance
CoreScripts.TextChat.ChatWindows.RewrittenReasonLabel,Roblox réécrit les messages qui enfreignent les règles de sécurité.
CoreScripts.TextChat.Clear.Help.Description,/clear ou bien /cls: effacer les messages dans la fenêtre de chat 
CoreScripts.TextChat.Description.AskYourParentForPermissionToChat,"Pour utiliser le chat, demande une autorisation parentale via Confidentialité > Paramètres de communication."
CoreScripts.TextChat.Description.RobloxSummarizesMessagesFromAllPlayers,Roblox résume les messages des joueurs de tous âges.
CoreScripts.TextChat.Description.TurnOnChatInSettings,Active le chat depuis tes paramètres via Confidentialité > Paramètres de communication.
CoreScripts.TextChat.Description.UnlockChatPrivacyCommunications,Fais vérifier ton âge via Confidentialité > Paramètres de communication pour débloquer le chat.
CoreScripts.TextChat.Description.UnlockChatWithAnAgeCheck,Fais vérifier ton âge pour débloquer le chat
CoreScripts.TextChat.Emote.Error.DoesNotExist,L'Emote n'existe pas.
CoreScripts.TextChat.Emote.Error.NotEnabled,Tu ne peux pas utiliser cet emote ici.
CoreScripts.TextChat.Emote.Error.NotEquipped,Tu n'as pas équipé cet emote.
CoreScripts.TextChat.Emote.Error.NotOwnedGeneric,Tu ne possèdes pas cette emote.
CoreScripts.TextChat.EnableChatButton.Label.UnlockChat,Débloquer le chat
CoreScripts.TextChat.Help.FirstLine,Voici les commandes de base de chat :
CoreScripts.TextChat.InputBar.Hint.Gamepad,"Utilise le bouton ""{CHAT_BUTTON}"" dans le menu pour discuter"
CoreScripts.TextChat.InputBar.Hint.GamepadConnected,"Appuie sur ""{CONFIRM_KEY}"" pour taper"
CoreScripts.TextChat.InputBar.Hint.GamepadConnectedConfirm,
CoreScripts.TextChat.InputBar.Hint.MouseKeyboard,"Pour chatter, cliquez ici ou appuyer sur la touche {KEY}"
CoreScripts.TextChat.InputBar.Hint.PrivacySettingsDisabled,Tes paramètres de chat t'empêchent d'envoyer et de recevoir des messages.
CoreScripts.TextChat.InputBar.Hint.Touch,Appuyer ici pour discuter
CoreScripts.TextChat.MessageStatus.Warning.Floodchecked,Tu dois attendre avant d'envoyer un autre message.
CoreScripts.TextChat.MessageStatus.Warning.InvalidPrivacySettings,
CoreScripts.TextChat.MessageStatus.Warning.MessageTooLong,Ton message dépasse la longueur maximale.
CoreScripts.TextChat.MessageStatus.Warning.ModerateChatOff,Affichage en lecture seule désactivé.
CoreScripts.TextChat.MessageStatus.Warning.ModerateChatOn,"Affichage en lecture seule activé. Certains messages sont en lecture seule, conformément aux autorisations accordées à ton rôle."
CoreScripts.TextChat.MessageStatus.Warning.ModerationTimeout,Tu ne peux pas actuellement envoyer de chats. Personne ne verra tes messages.
CoreScripts.TextChat.MessageStatus.Warning.TextFilterFailed,Le filtre de chat connaît actuellement des problèmes et les messages pourraient mettre du temps à apparaître.
CoreScripts.TextChat.MessageStatus.Warning.Unknown,Ton message n'a pas pu être envoyé.
CoreScripts.TextChat.Mute.Error.CannotMuteSelf,Tu ne peux pas te mettre en sourdine toi-même.
CoreScripts.TextChat.Mute.Error.MultipleMatches,Les utilisateurs suivants ont ce nom d'affichage : {RBX_LIST_NAMES}
CoreScripts.TextChat.Mute.Error.TargetDoesNotExist,L'utilisateur '{RBX_NAME}' n'existe pas.
CoreScripts.TextChat.Mute.Success,L'utilisateur '{RBX_NAME}' a été mis en sourdine.
CoreScripts.TextChat.Notification.WhisperChat.Created,Tu discutes maintenant en privé avec {RBX_NAME}.
CoreScripts.TextChat.Online.Help.Description3,/online : nombre d'utilisateurs avec lesquels tu peux discuter dans ce canal.
CoreScripts.TextChat.Online.Success.Plural,{RBX_COUNT} joueurs sont actuellement en ligne et peuvent chatter
CoreScripts.TextChat.Online.Success.Plural2,{RBX_COUNT} autres joueurs sont en ligne et peuvent chatter.
CoreScripts.TextChat.Online.Success.Singular,{RBX_COUNT} joueur est actuellement en ligne et peut chatter
CoreScripts.TextChat.Online.Success.Singular3,{RBX_COUNT} autre joueur est actuellement en ligne et peut chatter.
CoreScripts.TextChat.TeamChat.Error.NotOnTeam,Tu ne peux pas discuter en équipe si tu n'es pas dans une équipe.
CoreScripts.TextChat.TeamChat.PrefixText,[Team]
CoreScripts.TextChat.Toast.ModerateChatOff.Subtitle,Tu peux uniquement discuter dans le chat avec des personnes de groupes d'âge similaires et avec tes Connexions de confiance.
CoreScripts.TextChat.Toast.ModerateChatOff.Subtitle.FriendsRename,Tu peux seulement discuter dans le chat avec des personnes de groupes d'âge similaires et tes amis de confiance.
CoreScripts.TextChat.Toast.ModerateChatOff.Title,Affichage en lecture seule désactivé
CoreScripts.TextChat.Toast.ModerateChatOn.Subtitle,"Conformément aux autorisations accordées à ton rôle, certains messages sont en lecture seule."
CoreScripts.TextChat.Toast.ModerateChatOn.Title,Affichage en lecture seule activé
CoreScripts.TextChat.Tooltip.Global.Body,Discute avec les personnes présentes ici ou avec plus de monde dans cette expérience.
CoreScripts.TextChat.Tooltip.Global.Header,Discuter avec plus de monde
CoreScripts.TextChat.Tooltip.QuickWords.Body,Coordonnez-vous entre joueurs de tous âges.
CoreScripts.TextChat.Tooltip.QuickWords.Header,Jouez ensemble avec des mots rapides
CoreScripts.TextChat.Unmute.Success,L'utilisateur '{RBX_NAME}' a été réactivé.
CoreScripts.TextChat.Version.Success,{RBX_VERSION}
CoreScripts.TextChat.Whisper.Error.CannotChat,Tu ne peux pas discuter avec cette personne.
CoreScripts.TextChat.WhisperChat.PrefixText.Incoming,[De {RBX_NAME}]
CoreScripts.TextChat.WhisperChat.PrefixText.Outgoing,[À {RBX_NAME}]
CoreScripts.TopBar.Back,
CoreScripts.TopBar.Chat,
CoreScripts.TopBar.LoadingScreen.AutoTranslate,Traduit automatiquement
CoreScripts.TopBar.Music,Musique
CoreScripts.TopBar.MusicLoading,Aucun audio en cours de lecture
CoreScripts.TopBar.MusicNotVerified,La lecture audio n'est pas vérifiée
CoreScripts.TopBar.Traversal.History,Historique
Feature.AbuseReportDialog.Label.GeneralError,Une erreur est survenue. Réessaie plus tard.
Feature.Accessibility.Action.ScrollDown,Défiler vers le bas
Feature.Accessibility.Action.ScrollUp,Défiler vers le haut
Feature.Accessibility.AppTheme.CategoryCalm,Calme
Feature.Accessibility.AppTheme.CategoryDynamic,Vibrant
Feature.Accessibility.AppTheme.CategorySpecial,Spécial
Feature.Accessibility.AppTheme.CircuitRush,Vert adrénaline
Feature.Accessibility.AppTheme.Classic,Classique
Feature.Accessibility.AppTheme.CosmicDust,Poussière cosmique
Feature.Accessibility.AppTheme.Default,
Feature.Accessibility.AppTheme.ElectricLime,Vert citron électrique
Feature.Accessibility.AppTheme.HyperPlum,Prune intense
Feature.Accessibility.AppTheme.InfernoBlast,Rouge brasier
Feature.Accessibility.AppTheme.KineticEnergy,Énergie cinétique
Feature.Accessibility.AppTheme.LavaGlow,Rouge fusion
Feature.Accessibility.AppTheme.NebulaDrift,Indigo cosmique
Feature.Accessibility.AppTheme.NitroFrost,Bleu arctique
Feature.Accessibility.AppTheme.PixelPop,Violet électrique
Feature.Accessibility.AppTheme.PolarFreeze,Froid polaire
Feature.Accessibility.AppTheme.QuantumPulse,Flux quantique
Feature.Accessibility.AppTheme.StarBurst,Explosion stellaire
Feature.Accessibility.AppTheme.SuperCharge,Bleu électrique
Feature.Accessibility.Description.AppThemeMode,Sélectionne un mode d'application. Tes autres appareils ne seront pas affectés.
Feature.Accessibility.Description.DeviceAppTheme,Sélectionne un thème d'app. Il sera appliqué à tous les types d'appareils.
Feature.Accessibility.Description.DeviceAppThemeExclusive,Découvre les thèmes exclusifs Plus pour personnaliser ton expérience. Essaie-les dès maintenant et abonne-toi pour enregistrer ta sélection.
Feature.Accessibility.Description.DeviceAppThemeUpsell,
Feature.Accessibility.Description.DeviceLevelTheme,Choisir un thème pour cet appareil. (Remarque : cela ne changera pas l'apparence de Roblox sur tes autres appareils.)
Feature.Accessibility.Description.Haptics,Contrôle la vibration générale de l'application Roblox
Feature.Accessibility.Description.LaunchAtStartup,Lancer automatiquement Roblox lorsque je démarre mon ordinateur
Feature.Accessibility.Description.Main,"Ces paramètres ne s'appliquent qu'à cet appareil. Tu peux également ajuster les graphiques, les mouvements et l'accessibilité à partir du menu Paramètres d'une expérience."
Feature.Accessibility.Description.MinimizeToTray,"Lorsque vous fermez Roblox, l'application est envoyée dans la barre d'état au lieu d'être entièrement fermée"
Feature.Accessibility.Description.PreferredTextSize,Ajuster la taille du texte à travers Roblox selon vos préférences
Feature.Accessibility.Description.PreferredTransparency,Améliorer le contraste en ajustant la transparence sur certains arrière-plans
Feature.Accessibility.Description.ReducedMotion,Arrêter ou réduire les effets de mouvement
Feature.Accessibility.Description.SkyStyle,Choisis un style de ciel pour l'environnement d'accueil
Feature.Accessibility.Description.UiNavigationKeyBind,Utilisez la touche {uiNavigationKey} pour entrer et quitter le mode de navigation de l'interface utilisateur
Feature.Accessibility.Description.VREnvironmentSetting,Choisis un environnement pour l'écran d'accueil
Feature.Accessibility.DeviceLevelTheme.Dark,Sombre
Feature.Accessibility.DeviceLevelTheme.Light,Léger
Feature.Accessibility.DeviceLevelTheme.System,
Feature.Accessibility.Header.Haptics,Haptique
Feature.Accessibility.Header.ShowInMenuBar,Afficher dans la barre de menu
Feature.Accessibility.Heading.AppThemeMode,Mode
Feature.Accessibility.Heading.DeviceAppTheme,Thème de l'app
Feature.Accessibility.Heading.DeviceLevelTheme,Thème au niveau de l'appareil
Feature.Accessibility.Heading.DevicePreferences,Préférences d'appareil
Feature.Accessibility.Heading.DevicePreferencesV2,
Feature.Accessibility.Heading.ExclusiveThemes,Thèmes exclusifs
Feature.Accessibility.Heading.LaunchAtLogin,Lancer lors de la connexion
Feature.Accessibility.Heading.LaunchAtStartup,Lancer au démarrage
Feature.Accessibility.Heading.MinimizeToTray,Envoyer dans la barre d'état à la fermeture
Feature.Accessibility.Heading.PreferredTextSize,Taille du texte
Feature.Accessibility.Heading.PreferredTransparency,Transparence de l'arrière-plan
Feature.Accessibility.Heading.ReducedMotion,Réduire les mouvements
Feature.Accessibility.Heading.SkyStyle,Style de ciel
Feature.Accessibility.Heading.UiNavigationKeyBind,
Feature.Accessibility.Heading.VREnvironmentSetting,Environnement RV
Feature.Accessibility.Label.AppThemeBadgeNew,Nouveau
Feature.Accessibility.Label.AppThemeUnlockBanner,Débloque les thèmes de l'app avec Plus
Feature.Accessibility.PreferredTextSize.Default,
Feature.Accessibility.PreferredTextSize.Largest,Le plus grand
Feature.Accessibility.PreferredTransparency.Opaque,Opaque
Feature.Accessibility.PreferredTransparency.Transparent,Transparent
Feature.Accessibility.SkyStyle.Day,
Feature.Accessibility.SkyStyle.Night,Nuit
Feature.Accessibility.VREnvironmentSetting.Dark,
Feature.Accessibility.VREnvironmentSetting.Light,Clair
Feature.Accessibility.VREnvironmentSetting.System,
Feature.AccountLock.Action.Continue,Continue
Feature.AccountLock.Action.Ok,
Feature.AccountLock.Action.Signout,
Feature.AccountLock.Content.AccountMismatchDialog,
Feature.AccountLock.Content.ErrorDialog,Nous n'avons pas pu déverrouiller ton compte. Clique sur {continue} pour réessayer.
Feature.AccountLock.Content.LockedDialog,Nous avons détecté une activité suspecte sur ce compte. Tu peux déverrouiller ton compte en confirmant que tu es un humain.
Feature.AccountLock.Content.RateLimitDialog,Vous avez atteint la limite de tentatives de déverrouillage autorisées. Tu peux réessayer une fois la limite réinitialisée.
Feature.AccountLock.Title.AccountLocked,Compte verrouillé
Feature.AccountLock.Title.RateLimit,Réessaie dans {hh}:{mm} heures
Feature.AccountLock.Title.TryAgain,Essaie à nouveau de déverrouiller
Feature.AccountLock.Title.WrongAccount,
Feature.AccountReactivation.Content.AccountDeactivatedMessage,Ton compte est actuellement désactivé.
Feature.AccountReactivation.Heading.AccountDeactivated,Compte désactivé
Feature.AccountReactivation.Label.DefaultError,
Feature.AccountReactivation.Label.Reactivate,Réactiver
Feature.AccountSecurityPrompt.Action.AbortDismissForeverAddEmail,Ajouter une adresse e-mail
Feature.AccountSecurityPrompt.Action.AuthenticatorUpsellNextButtonMessage,
Feature.AccountSecurityPrompt.Action.ContinueChangePassword,
Feature.AccountSecurityPrompt.Action.DismissForever,Ne pas le montrer pendant 30 jours
Feature.AccountSecurityPrompt.Action.DismissTemporary,Rejeté pour le moment
Feature.AccountSecurityPrompt.Action.SecureAccount,Sécuriser mon compte
Feature.AccountSecurityPrompt.Action.SetUpAuthenticatorAccountRestoresPolicyUpsell,Configurer Authentificator
Feature.AccountSecurityPrompt.Action.SetUpEmail2SV,Mise en place
Feature.AccountSecurityPrompt.Action.SubmitChangePassword,
Feature.AccountSecurityPrompt.Action.UnlockAccountPin,Débloquer un compte
Feature.AccountSecurityPrompt.Description.AccountRestoresPolicyUpdateV3Short,"Si ton compte est compromis, il est peu probable que Roblox soit en mesure de restaurer ton compte."
Feature.AccountSecurityPrompt.Description.AccountRestoresPolicyUpsellMessageBody,"Active la vérification en deux étapes via Authenticator pour aider à protéger ton compte. Tu peux le faire en allant dans {linkStartSettings}Paramètres du compte{linkEndSettings}. Si ton compte est compromis, il est peu probable que Roblox puisse restaurer ton compte ou récupérer sa valeur, y compris les objets et la monnaie virtuelle perdus."
Feature.AccountSecurityPrompt.Description.AccountRestoresPolicyWithDate,"À partir de {date}, vous devez activer la vérification en 2 étapes via Authenticator pour être éligible aux restaurations de compte si votre compte est piraté."
Feature.AccountSecurityPrompt.Description.AreYouSureDismissForeverChangePassword,"Quelqu'un pourrait utiliser ton compte sans votre autorisation. Pour que ton compte soit sécurisé, change ton mot de passe."
Feature.AccountSecurityPrompt.Description.AuthenticatorSetupPromptClickHere,Votre sécurité est importante pour nous: {styleTagStart}Cliquez ici{styleTagEnd} pour configurer l'authentificateur.
Feature.AccountSecurityPrompt.Description.AuthenticatorSetupPromptNewShort,"Nous vous recommandons d'activer la vérification en deux étapes via une application d'authentification pour garder ton compte en sécurité. Si ton compte est compromis, l'Assistance Clientèle évaluera les mesures de sécurité que tu auras mises en place au fur et à mesure que nous tentons de t'aider à récupérer toute perte de valeur. En savoir plus sur notre {linkStart}page d'aide{linkEnd}."
Feature.AccountSecurityPrompt.Description.ChangeYourPassword,"Pour que ton compte soit sécurisé, change ton mot de passe."
Feature.AccountSecurityPrompt.Description.ChangeYourPasswordClickHereStyled,"Pour sécuriser votre compte, veuillez {styleTagStart}cliquer ici{styleTagEnd} pour changer votre mot de passe."
Feature.AccountSecurityPrompt.Description.ChangeYourPasswordSuccess,Tu as changé de mot de passe.
Feature.AccountSecurityPrompt.Description.Email2SVUpsellMessageBody,Protège ton compte et tes items de valeur avec les codes de sécurité envoyés à ton e-mail. Active la vérification en 2 étapes du courriel dès aujourd'hui !
Feature.AccountSecurityPrompt.Description.EnterYourAccountPin,Entrer le code PIN de ce compte pour modifier ton mot de passe.
Feature.AccountSecurityPrompt.Description.NoChangeForceReset,"Si tu ne le changes pas, ton mot de passe sera automatiquement réinitialisé dans {boldStart}{days} jours{boldEnd}."
Feature.AccountSecurityPrompt.Description.NoChangeForceResetSingular,"Si tu ne le changes pas, ton mot de passe sera automatiquement réinitialisé dans {boldStart} 1 jour{boldEnd}."
Feature.AccountSecurityPrompt.Description.UnusualActivity,Nous avons détecté une activité inhabituelle sur ton compte.
Feature.AccountSecurityPrompt.Header.AccountPinExpired,Expiration du code PIN du compte
Feature.AccountSecurityPrompt.Header.AccountPinRequired,Saisir le code PIN de ton compte
Feature.AccountSecurityPrompt.Header.AccountRestoresPolicyUpdate,Mise à jour de la politique de restauration de compte
Feature.AccountSecurityPrompt.Header.AccountRestoresPolicyUpdateV3,Assure-toi que la vérification en deux étapes via Authenticator est activée
Feature.AccountSecurityPrompt.Header.AccountRestoresPolicyUpsell,Protège ton compte !
Feature.AccountSecurityPrompt.Header.AreYouSure,Es-tu sûr.e
Feature.AccountSecurityPrompt.Header.AuthenticatorUpsellDownloadAuthenticator,Télécharger l'application Authenticator
Feature.AccountSecurityPrompt.Header.AuthenticatorUpsellWelcomeMessage,Garder ton compte super sécurisé !
Feature.AccountSecurityPrompt.Header.ChangeYourPassword,Changer ton mot de passe
Feature.AccountSecurityPrompt.Header.CreateAStrongPassword,Créer un mot de passe efficace
Feature.AccountSecurityPrompt.Header.Email2SVUpsell,Renforce la sécurité de ton compte !
Feature.AccountSecurityPrompt.Header.KeepYourAccountSafeShort,Garde ton compte en sécurité avec l'authentificateur
Feature.AccountSecurityPrompt.Header.Success,Succès
Feature.AccountSecurityPrompt.Header.UnusualActivityDetected,Activité inhabituelle détectée !
Feature.AccountSecurityPrompt.Header.YourPasswordMightBeStolen,Ton mot de passe pourrait être volé !
Feature.AccountSecurityPrompt.Label.AccountPin,Code PIN du compte
Feature.AccountSecurityPrompt.Label.AuthenticatorUpsellBadActorHeadline,Empêche les mauvais acteurs d'entrer
Feature.AccountSecurityPrompt.Label.AuthenticatorUpsellBadActorMessage,"Même si le mot de passe ou l'adresse électronique sont volés, cela ne suffira pas pour se connecter à ton compte."
Feature.AccountSecurityPrompt.Label.AuthenticatorUpsellDownloadInstruction,Télécharger une application Authenticator sur ton appareil. Nous te suggérons les applications suivantes.
Feature.AccountSecurityPrompt.Label.AuthenticatorUpsellGoogleOption,Google Authenticator
Feature.AccountSecurityPrompt.Label.AuthenticatorUpsellMicrosoftOption,Microsoft Authenticator
Feature.AccountSecurityPrompt.Label.AuthenticatorUpsellProtectRobuxHeadline,"Protège tes jeux, tes Robux et bien plus"
Feature.AccountSecurityPrompt.Label.AuthenticatorUpsellProtectRobuxMessage,"Une mesure de sécurité supplémentaire pour que tu ne perdes jamais l'accès à tes jeux, robux, articles limités et plus encore."
Feature.AccountSecurityPrompt.Label.AuthenticatorUpsellSetupAuthenticatorButtonMessage,
Feature.AccountSecurityPrompt.Label.AuthenticatorUpsellTwilioOption,Twilio's Authy
Feature.AccountSecurityPrompt.Label.AuthenticatorUpsellTwoFactorHeadline,Deux facteurs valent mieux qu'un
Feature.AccountSecurityPrompt.Label.AuthenticatorUpsellTwoFactorMessage,Saisis le mot de passe et les codes uniques depuis un autre appareil pour la connexion et les achats de grande valeur.
Feature.AccountSecurityPrompt.Label.ConfirmNewPassword,
Feature.AccountSecurityPrompt.Label.CurrentPassword,Mot de passe actuel
Feature.AccountSecurityPrompt.Label.IForgotMyPassword,J'ai oublié mon mot de passe
Feature.AccountSecurityPrompt.Label.NewPassword,
Feature.AccountSecurityPrompt.Label.TimeRemaining,Temps restant
Feature.AccountSecurityPrompt.Label.UseAUniquePassword,Utilise un mot de passe qui n'est pas utilisé dans d'autres applications
Feature.AccountSecurityPrompt.Message.Error.Input.PasswordsDoNotMatch,Le nouveau mot de passe ne correspond pas à la confirmation.
Feature.AccountSecurityPrompt.Message.Error.Password.Default,Une erreur inconnue s'est produite.
Feature.AccountSecurityPrompt.Message.Error.Password.Flooded,Trop de tentatives. Réessayer plus tard.
Feature.AccountSecurityPrompt.Message.Error.Password.InvalidCurrentPassword,Le mot de passe actuel est incorrect.
Feature.AccountSecurityPrompt.Message.Error.Password.InvalidPassword,Le nouveau mot de passe ne répondait pas aux exigences de sécurité.
Feature.AccountSecurityPrompt.Message.Error.Password.PinLocked,Ton compte est verrouillé par un code PIN.
Feature.AccountSecurityPrompt.Message.Error.PasswordValidation.DumbStrings,Créer un mot de passe plus complexe.
Feature.AccountSecurityPrompt.Message.Error.PasswordValidation.ForbiddenPassword,Ce mot de passe n'est pas autorisé. En choisir un autre.
Feature.AccountSecurityPrompt.Message.Error.PasswordValidation.PasswordSameAsUsername,Le mot de passe ne doit pas être votre nom d'utilisateur.
Feature.AccountSecurityPrompt.Message.Error.PasswordValidation.ShortPassword,Le mot de passe doit comprendre au moins 8 caractères.
Feature.AccountSecurityPrompt.Message.Error.PasswordValidation.WeakPassword,"Le mot de passe doit comporter au moins 8 caractères et inclure au moins 2 chiffres, 4 lettres et 1 symbole."
Feature.AccountSecurityPrompt.Message.Error.Pin.AccountLocked,Ton compte est verrouillé.
Feature.AccountSecurityPrompt.Message.Error.Pin.Default,
Feature.AccountSecurityPrompt.Message.Error.Pin.Flooded,Trop de tentatives. Réessaye plus tard.
Feature.AccountSecurityPrompt.Message.Error.Pin.IncorrectPin,Code PIN incorrect.
Feature.AccountSecurityPrompt.Message.Error.Pin.NoAccountPin,Aucun code PIN n’existe sur le compte.
Feature.AccountSecurityPrompt.Message.Error.PromptAssignments.Default,
Feature.AccountSettings.Action.Verify,Vérifier
Feature.AccountSettings.Description.AddPhoneNumber,"Ajoutez un numéro de téléphone pour vous connecter plus facilement, retrouver vos amis et plus encore."
Feature.AccountSettings.Description.NotShownPublicly,Votre numéro de téléphone ne sera jamais affiché publiquement.
Feature.AccountSettings.Example.Facebook,p. ex. www.facebook.com/Roblox
Feature.AccountSettings.Example.Guilded,p. ex. guilded.gg/roblox
Feature.AccountSettings.Example.Twitch,p. ex. www.twitch.tv/roblox/profile
Feature.AccountSettings.Example.Twitter,p. ex. @Roblox
Feature.AccountSettings.Example.YouTube,p. ex. www.youtube.com/user/roblox
Feature.AccountSettings.Heading.Communication,Communication
Feature.AccountSettings.Heading.SocialNetworks,Réseaux sociaux
Feature.AccountSettings.Heading.Tab.AccountInfo,Infos sur le compte
Feature.AccountSettings.Heading.Tab.AccountInfoV2,
Feature.AccountSettings.Heading.Tab.AppPermissions,Permissions de l'application
Feature.AccountSettings.Heading.Tab.Billing,Modes de paiement
Feature.AccountSettings.Heading.Tab.BillingV2,
Feature.AccountSettings.Heading.Tab.Notifications,Notifications
Feature.AccountSettings.Heading.Tab.ParentalControls,Contrôles parentaux
Feature.AccountSettings.Heading.Tab.ParentalControlsV2,
Feature.AccountSettings.Heading.Tab.Privacy,
Feature.AccountSettings.Heading.Tab.PrivacyContentRestrictions,Restrictions de confidentialité et de contenu
Feature.AccountSettings.Heading.Tab.Robux,Robux
Feature.AccountSettings.Heading.Tab.Security,Sécurité
Feature.AccountSettings.Heading.Tab.Spending,Dépenses
Feature.AccountSettings.Heading.Tab.Subscriptions,
Feature.AccountSettings.Label.Discord,Discord
Feature.AccountSettings.Label.DropDown.Everyone,
Feature.AccountSettings.Label.DropDown.FollowersV3,"Amis, abonnés, followers"
Feature.AccountSettings.Label.DropDown.FollowingV2,Amis et utilisateurs que je suis
Feature.AccountSettings.Label.DropDown.Friends,
Feature.AccountSettings.Label.DropDown.NoOne,
Feature.AccountSettings.Label.Facebook,Facebook
Feature.AccountSettings.Label.Guilded,Guilded
Feature.AccountSettings.Label.SocialLinksVisibility,Visible par
Feature.AccountSettings.Label.TencentReputation,Crédit de jeu Tencent
Feature.AccountSettings.Label.Twitch,Twitch
Feature.AccountSettings.Label.X,X
Feature.AccountSettings.Label.YouTube,YouTube
Feature.AccountSettings.Message.Error.InvalidFacebookUrl,L'URL du profil Facebook n'est pas valide.
Feature.AccountSettings.Message.Error.InvalidGuildedUrl,L'Url du profil Guilded est invalide.
Feature.AccountSettings.Message.Error.InvalidTwitchUrl,L'URL du profil Twitch n'est pas valide.
Feature.AccountSettings.Message.Error.InvalidXUrl,Le gestionnaire X n'est pas valide.
Feature.AccountSettings.Message.Error.InvalidYouTubeUrl,L'URL YouTube n'est pas valide.
Feature.AddFriends.Action.FriendAdded,Ami ajouté
Feature.AddFriends.Action.IgnoreAll,Tout ignorer
Feature.AddFriends.Action.IgnoreAllAltCase,
Feature.AddFriends.Action.IgnoreConnectionRequest,Ignorer la demande de connexion
Feature.AddFriends.Action.IgnoreFriendRequest,Ignorer la demande d'amitié
Feature.AddFriends.Action.IgnoreTrustedFriendRequest,Ignorer la demande d'ajout aux amis de confiance
Feature.AddFriends.Action.RequestIgnored,Demande ignorée
Feature.AddFriends.Description.CameraPermissionWarning,"L'accès à la caméra n'est pas activé. Pour utiliser la fonction de scannage des codes QR, autoriser l'accès à la caméra dans votre téléphone ""Paramètres"" > ""Applications"" > ""Roblox"""
Feature.AddFriends.Heading.AddFriends,Ajouter des amis
Feature.AddFriends.Heading.FindPeople,Trouver tout le monde
Feature.AddFriends.Label.AddFriendsTooltip,Commence par trouver tes amis afin que vous puissiez explorer Roblox ensemble.
Feature.AddFriends.Label.AgedUpSearchForFriendsPrompt,Trouve des personnes sur Roblox en recherchant leur nom d'utilisateur ou leur nom.
Feature.AddFriends.Label.ConnectWithContacts,Invite des contacts ou communique avec des amis qui déjà sur Roblox !
Feature.AddFriends.Label.ConnectionRequests,Demandes de connexion
Feature.AddFriends.Label.ContactsTile,Contacts
Feature.AddFriends.Label.DeclineAllBackgrounded,Ignorer toutes les demandes d'amis. Cela peut prendre une minute.
Feature.AddFriends.Label.EmptyState,Avec qui allez-vous explorer Roblox ? Ajoutez des connexions pour pouvoir faire encore plus de choses !
Feature.AddFriends.Label.EmptyState.FriendsRename,Avec qui vas-tu explorer Roblox ? Ajoute des amis pour plus de possibilités !
Feature.AddFriends.Label.EmptyStatePrompt,"Avec qui explores-tu Roblox ? Recherche des personnes à ajouter, ou connecte-toi avec des amis que tu connais déjà !"
Feature.AddFriends.Label.FriendRequests,Demande d'amis
Feature.AddFriends.Label.InputPlaceholder.SearchForPeople,Rechercher des personnes
Feature.AddFriends.Label.InputPlaceholder.SearchForPeopleAltCapitalization,
Feature.AddFriends.Label.MyQRTile,Mon code QR
Feature.AddFriends.Label.MyQrCode,
Feature.AddFriends.Label.QRCodeTitle,Code QR
Feature.AddFriends.Label.SchoolTile,Camarades de classe
Feature.AddFriends.Label.SearchForFriendsPrompt,Trouve des personnes sur Roblox en recherchant leur nom d'utilisateur ou leur nom d'affichage.
Feature.AddFriends.Label.ShareQRCodeAddConnection,Partage ton code QR pour ajouter des personnes que tu connais
Feature.AddFriends.Label.SyncContactsInvitePeople,Synchronise les contacts pour trouver et inviter des amis !
Feature.AddFriends.Label.SyncWithContacts,
Feature.AddFriends.Label.TrustedConnectionRequests,Demandes d'ajout aux connexions de confiance
Feature.AddFriends.Label.TrustedFriendRequests,Demandes d'ajout aux amis de confiance
Feature.AddFriends.Text.EmptyState,Avec qui allez-vous explorer Roblox ?{lineBreak}Ajoutez des connexions pour pouvoir faire encore plus de choses !
Feature.AddFriends.Text.EmptyState.FriendsRename,Avec qui vas-tu explorer Roblox ?{lineBreak}Ajoute des amis pour plus de possibilités !
Feature.AddFriends.Title.AddConnectionsToolTip,"Roblox, c'est encore mieux avec les connexions"
Feature.AddFriends.Title.AddFriendsToolTip,"Roblox, c'est mieux entre amis !"
Feature.AddFriends.Title.AddFriendsTooltipTitle,Roblox est meilleur avec des amis !
Feature.AddFriends.Title.CameraPermission,Autorisation de la caméra
Feature.AddFriends.Title.ConnectWithContacts,Ajouter à partir des Contacts
Feature.AddFriends.Title.ShareQRCode,Ajouter à partir du QR Code
Feature.AgeGuidelines.DisplayName.StrongLanguage,Langage grossier
Feature.AgeGuidelines.Label.CreatorEnabled,Créateur activé
Feature.AgeVerificationUpsell.Body.AgeSettingsRedirect,Débloque davantage de contenus et de fonctionnalités.
Feature.AgeVerificationUpsell.Button.Cancel,
Feature.AgeVerificationUpsell.Button.Continue,
Feature.AgeVerificationUpsell.Button.Settings,Prouver mon âge
Feature.AgeVerificationUpsell.Modal.ContentText,"Prouve ton âge pour accéder à cette expérience.

1. Aller dans Infos sur le compte > Vérifier mon âge
2. Compléter la procédure de vérification
"
Feature.AgeVerificationUpsell.Modal.Title,
Feature.AgeVerificationUpsell.Title.AgeSettingsRedirect,Fais vérifier ton âge dans les paramètres
Feature.AppealsPortal.Action.FinalAppeal,Envoyer un dernier appel
Feature.AppealsPortal.Action.OK,
Feature.AppealsPortal.Action.Send,
Feature.AppealsPortal.Action.SendAppeal,Envoyer une demande d'appel
Feature.AppealsPortal.Description,Aucun autre détail concernant cette violation n'est disponible.
Feature.AppealsPortal.Description.AppealAccepted.Multiple,"Après avoir soigneusement examiné votre appel pour les infractions « {violationsList} » et « {singleViolation} », nous estimons que votre activité n'enfreignait pas les règles définies dans les Normes de la communauté. Par conséquent, aucune mesure ne sera prise à l'encontre de votre compte. Votre appel nous aidera à améliorer nos procédures d'examen, merci !"
Feature.AppealsPortal.Description.AppealAccepted.None,"Après avoir soigneusement examiné votre appel pour l'infraction, nous estimons que votre activité n'enfreignait pas les règles définies dans les Normes de la communauté. Par conséquent, aucune mesure ne sera prise à l'encontre de votre compte. Votre appel nous aidera à améliorer nos procédures d'examen, merci !"
Feature.AppealsPortal.Description.AppealAccepted.V2,"Après avoir soigneusement examiné votre appel pour l'infraction « {violations} », nous estimons que votre activité n'enfreignait pas les règles définies dans les Normes de la communauté. Par conséquent, aucune mesure ne sera prise à l'encontre de votre compte. Votre appel nous aidera à améliorer nos procédures d'examen, merci !"
Feature.AppealsPortal.Description.AppealDenied.Multiple,"Après avoir soigneusement examiné votre appel pour les infractions « {violationsList} » et « {singleViolation} », nous estimons toujours que votre activité enfreignait les règles définies dans les Normes de la communauté. Nous comprenons que cette décision est peut-être une déception pour vous, et nous vous remercions d'avoir pris le temps de nous envoyer un appel."
Feature.AppealsPortal.Description.AppealDenied.None,"Après avoir soigneusement examiné votre appel, nous estimons toujours que votre activité enfreignait les règles définies dans les Normes de la communauté. Nous comprenons que cette décision puisse être décevante, et nous vous remercions d'avoir pris le temps de nous envoyer un appel."
Feature.AppealsPortal.Description.AppealDenied.Singular,"Après avoir soigneusement examiné votre appel pour l'infraction « {singleViolation} », nous estimons toujours que votre activité enfreignait les règles définies dans les Normes de la communauté. Nous comprenons que cette décision est peut-être une déception pour vous, et nous vous remercions d'avoir pris le temps de nous envoyer un appel."
Feature.AppealsPortal.Description.AppealDenied.V2,"Après avoir soigneusement examiné votre appel pour l'infraction « {violations} », nous estimons toujours que votre activité enfreignait les règles définies dans les Normes de la communauté. Merci de nous avoir envoyé cet appel."
Feature.AppealsPortal.Description.AppealDisclosures,En savoir plus sur les demandes en appel : {link}en savoir plus et examiner les divulgations.{linkEnd}
Feature.AppealsPortal.Description.AppealIneligible,"Tu n'as plus la possibilité de faire appel de cette décision. Fais vérifier ton identité, puis réessaie."
Feature.AppealsPortal.Description.AppealReceived,"Nous vous communiquerons bientôt notre décision. Nous estimons notre temps de réponse à 5 jours ouvrés, mais il pourrait varier en fonction de la complexité du problème. Merci de nous avoir envoyé cet appel."
Feature.AppealsPortal.Description.AppealReceived.Plural,"Nous te communiquerons bientôt notre décision. D'après nos estimations, le temps de réponse est de {number} jours ouvrables. Toutefois, il peut varier en fonction de la complexité du problème. Nous te remercions d'avoir fait appel."
Feature.AppealsPortal.Description.AppealReceived.Singular,"Nous te communiquerons bientôt notre décision. D'après nos estimations, le temps de réponse est de 1 jour ouvrable. Toutefois, il peut varier en fonction de la complexité du problème. Nous te remercions d'avoir fait appel."
Feature.AppealsPortal.Description.AppealRequiresIdv,"Pour faire appel de cette décision, tu dois faire vérifier ton identité. Si tu l'as déjà fait, nous pourrons utiliser cette vérification."
Feature.AppealsPortal.Description.AppealSubmitted,IGNORER - PAS NÉCESSAIRE
Feature.AppealsPortal.Description.AppealSubmittedComplexity,"Le temps réel dépend de nombreux facteurs, notamment de la complexité des questions soulevées et de la quantité d'informations pertinentes que tu as incluses."
Feature.AppealsPortal.Description.AppealSubmittedDecisionTime,Nous estimons qu'une décision sera prise dans les 5 jours ouvrables.
Feature.AppealsPortal.Description.AppealSubmittedDecisionTime.Plural,"D'après nos estimations, une décision va être prise sous {number} jours ouvrables."
Feature.AppealsPortal.Description.AppealSubmittedDecisionTime.Singular,"D'après nos estimations, une décision va être prise sous 1 jour ouvrable."
Feature.AppealsPortal.Description.AppealSubmittedUpdate,Nous enverrons une mise à jour avec notre décision et toute action prise à l'adresse électronique que tu as fournie.
Feature.AppealsPortal.Description.AppealSubmittedUpdate.OptOut,"Nous enverrons une mise à jour de notre décision et de toute mesure prise à l'adresse électronique que tu as fournie, à moins que tu ne nous aies dit que tu ne voulais plus recevoir de communications au sujet de cet appel."
Feature.AppealsPortal.Description.AppealsPortal,Consulte les violations passées et gère tes demandes en appel. Tout le contenu et le comportement doivent être conformes aux {link}Normes de la communauté Roblox.{linkEnd}
Feature.AppealsPortal.Description.DetailsUnavailable,
Feature.AppealsPortal.Description.IssueClosed,"Nous avons clôturé ce cas, parce que tu as décidé d'apprendre l'une de nos règles pour éviter une suspension."
Feature.AppealsPortal.Description.MatchEmail,Les e-mails doivent correspondre.
Feature.AppealsPortal.Description.MiscAppeal,Dis-nous si tu penses que nous avons fait une erreur.
Feature.AppealsPortal.Description.MiscAppealLink,Fais appel d'une décision que tu ne vois pas ici
Feature.AppealsPortal.Description.NoCommunications,Tu as choisi de ne recevoir aucune communication sur cette demande d'appel
Feature.AppealsPortal.Description.OneAppeal,"En sélectionnant Envoyer, tu confirmes que ces informations sont vraies et que tu n'envoies qu'un seul appel concernant cette décision."
Feature.AppealsPortal.Description.OtherWarning,"Pour garantir l'examen de votre appel, n'utilisez la catégorie « Autre » que si votre appel ne correspond à aucun autre choix. Nous fermerons les appels envoyés dans la mauvaise catégorie."
Feature.AppealsPortal.Description.RequestAppealReview.V3,Les avis sont fondés sur les {link}Normes de la communauté Roblox{linkEnd}.
Feature.AppealsPortal.Description.RequiredField,Ce champ est obligatoire.
Feature.AppealsPortal.Description.VerifyIdentityToAppeal,Cela nous aide à déterminer si ce compte doit être lié au compte banni.
Feature.AppealsPortal.Description.ViolationInactive,"Nous avons clôturé ce problème, car aucune autre action n'est nécessaire."
Feature.AppealsPortal.Header.AppealAccepted,Nous avons accepté votre appel
Feature.AppealsPortal.Header.AppealDenied,Nous avons rejeté votre appel
Feature.AppealsPortal.Header.AppealReceived,Nous avons reçu votre appel
Feature.AppealsPortal.Header.RequestAppeal,Demande d'appel
Feature.AppealsPortal.Header.ViolationInactive,Violation résolue
Feature.AppealsPortal.Heading.ActivityReviewed,Notre examen d'activité
Feature.AppealsPortal.Heading.AppealDecision,Faire appel d'une décision
Feature.AppealsPortal.Heading.AppealSubmitted,Nous avons reçu ta demande en appel
Feature.AppealsPortal.Heading.AppealTimeline,Chronologie de l'appel
Feature.AppealsPortal.Heading.AppealUnavailable,Appel indisponible
Feature.AppealsPortal.Heading.MiscAppeal,
Feature.AppealsPortal.Heading.VerifyIdentityToAppeal,Vérifions ton identité afin que tu puisses faire appel
Feature.AppealsPortal.Heading.ViolationsAndAppeals,Violations et appels
Feature.AppealsPortal.Label.AccessoryDescription,Description de l'accessoire
Feature.AppealsPortal.Label.Account,Compte
Feature.AppealsPortal.Label.ActivityReviewed,
Feature.AppealsPortal.Label.Ad,Annonce
Feature.AppealsPortal.Label.AdId,ID d'annonce
Feature.AppealsPortal.Label.AltAccount,Compte alternatif
Feature.AppealsPortal.Label.AppealComment,Commentaire envoyé :
Feature.AppealsPortal.Label.AppealMessageCharacterCount,{current}/{max} caractères
Feature.AppealsPortal.Label.AppealReason,Pourquoi fais-tu appel ?
Feature.AppealsPortal.Label.AppealReason.Placeholder,Dis-nous pourquoi tu penses que nous devrions changer notre décision.
Feature.AppealsPortal.Label.AssetId,ID de l'élément
Feature.AppealsPortal.Label.AssetName,Nom du contenu
Feature.AppealsPortal.Label.AudioStartTime,Heure de début de l'audio
Feature.AppealsPortal.Label.AvatarItem,Item d'avatar
Feature.AppealsPortal.Label.Billing,Facturation
Feature.AppealsPortal.Label.BundleDescription,Description du lot
Feature.AppealsPortal.Label.BundleId,Identifiant bundle
Feature.AppealsPortal.Label.BundleName,Nom du bundle
Feature.AppealsPortal.Label.ChatEvidenceId,Identifiant de preuve du chat
Feature.AppealsPortal.Label.Cheating,Tricherie
Feature.AppealsPortal.Label.ContentMaturity,Envoi du questionnaire sur la maturité du contenu
Feature.AppealsPortal.Label.DecisionCategory,Quel genre de décision souhaites-tu contester ?
Feature.AppealsPortal.Label.DisplayName,Nom d'affichage
Feature.AppealsPortal.Label.DropdownPlaceholder,Sélectionner un
Feature.AppealsPortal.Label.EmailConfirmation,Confirmer ton email
Feature.AppealsPortal.Label.EmailInput,Ton adresse e-mail
Feature.AppealsPortal.Label.EmailOptOutCheckbox,Coche si tu ne veux plus recevoir de communications sur cette demande d'appel.
Feature.AppealsPortal.Label.Experience.ContentMaturity,Expérience que je possède - maturité du contenu
Feature.AppealsPortal.Label.Experience.Suspension,Expérience que je possède - Suspension
Feature.AppealsPortal.Label.ExperienceIOwnContentMaturity,Expérience que je possède – Maturité du contenu
Feature.AppealsPortal.Label.ExperienceIOwnSuspension,Expérience que je possède – Suspension
Feature.AppealsPortal.Label.ExperienceLinkPrompt,Ajoutez un lien vers votre expérience
Feature.AppealsPortal.Label.ExploitDetected,Exploitation détectée sur l'appareil
Feature.AppealsPortal.Label.Group,Groupe
Feature.AppealsPortal.Label.ID,ID
Feature.AppealsPortal.Label.IDArg,ID: {id}
Feature.AppealsPortal.Label.ImageOrOtherAsset,Image ou autre ressource
Feature.AppealsPortal.Label.ImmersiveBrandedAd,Annonce intégrée
Feature.AppealsPortal.Label.ImmersiveBrandedAdPlacementId,Identifiant d'emplacement de l'annonce intégrée
Feature.AppealsPortal.Label.Location,Location
Feature.AppealsPortal.Label.LookDescription,Description de l'avatar partagé
Feature.AppealsPortal.Label.LookId,Identifiant de l'avatar partagé
Feature.AppealsPortal.Label.LookName,Nom de l'avatar partagé
Feature.AppealsPortal.Label.PlaceIDPrompt,Quel est l'identifiant du lieu ?
Feature.AppealsPortal.Label.PlaceId,Id. du lieu
Feature.AppealsPortal.Label.PlaceName,Nom du lieu
Feature.AppealsPortal.Label.ProfileDescription,Description du profil
Feature.AppealsPortal.Label.Reason,Motif
Feature.AppealsPortal.Label.ReportAndAppeals,
Feature.AppealsPortal.Label.Type.Asset,Contenu
Feature.AppealsPortal.Label.Type.Audio,Audio
Feature.AppealsPortal.Label.Type.Avatar,
Feature.AppealsPortal.Label.Type.AvatarAccessory,Accessoire d'avatar
Feature.AppealsPortal.Label.Type.AvatarAccessoryText,Nom et description de l'accessoire d'avatar
Feature.AppealsPortal.Label.Type.Bundle,Bundle
Feature.AppealsPortal.Label.Type.BundleText,Nom et description du lot
Feature.AppealsPortal.Label.Type.Chat,
Feature.AppealsPortal.Label.Type.CommerceProduct,Produit commercial
Feature.AppealsPortal.Label.Type.ContentMaturity,Expérience
Feature.AppealsPortal.Label.Type.Experience,
Feature.AppealsPortal.Label.Type.Game,Jeu
Feature.AppealsPortal.Label.Type.Image,Image
Feature.AppealsPortal.Label.Type.Look,Avatar partagé
Feature.AppealsPortal.Label.Type.LookText,Nom et description de l'avatar partagé
Feature.AppealsPortal.Label.Type.Mesh,Maillage
Feature.AppealsPortal.Label.Type.Model,Modèle
Feature.AppealsPortal.Label.Type.Plugin,Plug-in
Feature.AppealsPortal.Label.Type.Post,Post
Feature.AppealsPortal.Label.Type.Screenshot,Capture d'écran
Feature.AppealsPortal.Label.Type.UserProfile,Profil de l'utilisateur
Feature.AppealsPortal.Label.Type.Video,Vidéo
Feature.AppealsPortal.Label.Type.Voice,Chat vocal
Feature.AppealsPortal.Label.TypeBrokeRules.Generic,Ton comportement a enfreint les règles
Feature.AppealsPortal.Label.TypeLower.Account,compte
Feature.AppealsPortal.Label.TypeLower.Ad,annonce
Feature.AppealsPortal.Label.TypeLower.AltAccount,autre compte
Feature.AppealsPortal.Label.TypeLower.Asset,contenu
Feature.AppealsPortal.Label.TypeLower.Audio,audio
Feature.AppealsPortal.Label.TypeLower.Avatar,avatar
Feature.AppealsPortal.Label.TypeLower.AvatarAccessory,accessoire d'avatar
Feature.AppealsPortal.Label.TypeLower.AvatarAccessoryText,nom et description de l'accessoire d'avatar
Feature.AppealsPortal.Label.TypeLower.Behavior,comportement
Feature.AppealsPortal.Label.TypeLower.Bundle,bundle
Feature.AppealsPortal.Label.TypeLower.BundleText,nom et description du lot
Feature.AppealsPortal.Label.TypeLower.Chat,chat
Feature.AppealsPortal.Label.TypeLower.CommerceProduct,produit commercial
Feature.AppealsPortal.Label.TypeLower.ContentMaturity,expérience
Feature.AppealsPortal.Label.TypeLower.Experience,
Feature.AppealsPortal.Label.TypeLower.Game,jeu
Feature.AppealsPortal.Label.TypeLower.Image,image
Feature.AppealsPortal.Label.TypeLower.ImmersiveBrandedAd,annonce intégrée
Feature.AppealsPortal.Label.TypeLower.Look,avatar partagé
Feature.AppealsPortal.Label.TypeLower.LookText,nom et description de l'avatar partagé
Feature.AppealsPortal.Label.TypeLower.Mesh,maillage
Feature.AppealsPortal.Label.TypeLower.Model,modèle
Feature.AppealsPortal.Label.TypeLower.PlaceId,id. du lieu
Feature.AppealsPortal.Label.TypeLower.Plugin,plug-in
Feature.AppealsPortal.Label.TypeLower.Post,post
Feature.AppealsPortal.Label.TypeLower.Screenshot,capture d'écran
Feature.AppealsPortal.Label.TypeLower.UserProfile,profil de l'utilisateur
Feature.AppealsPortal.Label.TypeLower.Video,vidéo
Feature.AppealsPortal.Label.TypeLower.Voice,chat vocal
Feature.AppealsPortal.Label.TypePlural.Asset,contenus
Feature.AppealsPortal.Label.TypePlural.Audio,audios
Feature.AppealsPortal.Label.TypePlural.Avatar,avatars
Feature.AppealsPortal.Label.TypePlural.AvatarAccessory,accessoires pour avatar
Feature.AppealsPortal.Label.TypePlural.AvatarAccessoryText,nom et description des accessoires d'avatar
Feature.AppealsPortal.Label.TypePlural.Bundle,bundles
Feature.AppealsPortal.Label.TypePlural.BundleText,nom et description des lots
Feature.AppealsPortal.Label.TypePlural.Chat,chats textuels
Feature.AppealsPortal.Label.TypePlural.CommerceProduct,produits commerciaux
Feature.AppealsPortal.Label.TypePlural.Experience,expériences
Feature.AppealsPortal.Label.TypePlural.Game,
Feature.AppealsPortal.Label.TypePlural.Image,images
Feature.AppealsPortal.Label.TypePlural.Look,avatars partagés
Feature.AppealsPortal.Label.TypePlural.LookText,nom et description des avatars partagés
Feature.AppealsPortal.Label.TypePlural.Mesh,maillages
Feature.AppealsPortal.Label.TypePlural.Model,modèles
Feature.AppealsPortal.Label.TypePlural.Plugin,plugins
Feature.AppealsPortal.Label.TypePlural.Screenshot,captures d'écran
Feature.AppealsPortal.Label.TypePlural.Video,vidéos
Feature.AppealsPortal.Label.TypePlural.Voice,chats vocaux
Feature.AppealsPortal.Label.UploadTime,Heure d'importation
Feature.AppealsPortal.Label.Username,Nom d’utilisateur
Feature.AppealsPortal.Label.ViolativeExperienceDescription,Description de l'expérience contrevenante
Feature.AppealsPortal.Label.ViolativeExperienceName,Nom de l'expérience contrevenante
Feature.Avatar.Action.AddNewMakeupLook,Ajouter un nouveau look
Feature.Avatar.Action.Cancel,
Feature.Avatar.Action.CancelSelection,Annuler sélection
Feature.Avatar.Action.Clear,Effacer
Feature.Avatar.Action.ComposerPost,Poster
Feature.Avatar.Action.ComposerPreviewAndPost,Prévisualiser et poster
Feature.Avatar.Action.CreateSet,
Feature.Avatar.Action.CreateSetFirstRun,Créer un ensemble
Feature.Avatar.Action.Default,
Feature.Avatar.Action.DefaultView,Vue par défaut
Feature.Avatar.Action.Delete,
Feature.Avatar.Action.DeleteAvatars,Supprimer ces avatars
Feature.Avatar.Action.DeleteSet,Supprimer l'ensemble
Feature.Avatar.Action.Discard,
Feature.Avatar.Action.EditProfilePicture,Modifier l'image du profil
Feature.Avatar.Action.GoBack,Revenir
Feature.Avatar.Action.GotIt,
Feature.Avatar.Action.Keep,
Feature.Avatar.Action.Leave,
Feature.Avatar.Action.ManageCharacters,Gérer les personnages
Feature.Avatar.Action.ManageMakeupLooks,Gérer les looks
Feature.Avatar.Action.Marketplace,Marketplace
Feature.Avatar.Action.MyPublishedAvatars,Mes avatars publiés
Feature.Avatar.Action.MySharedAvatars,Mes avatars postés
Feature.Avatar.Action.Next,
Feature.Avatar.Action.NotNow,Pas maintenant
Feature.Avatar.Action.Pan,Faire un panoramique
Feature.Avatar.Action.Posting,Publication en cours
Feature.Avatar.Action.Remove,
Feature.Avatar.Action.RemoveAll,Tout retirer
Feature.Avatar.Action.RemoveFromSet,Retirer de l'ensemble
Feature.Avatar.Action.Rename,Renommer
Feature.Avatar.Action.RenameSet,Renommer l'ensemble
Feature.Avatar.Action.Reset,
Feature.Avatar.Action.RestoreLastSaved,Restaurer le dernier avatar enregistré
Feature.Avatar.Action.Revert,Revenir à
Feature.Avatar.Action.Rotate,Faire pivoter
Feature.Avatar.Action.Save,Enregistrer
Feature.Avatar.Action.SaveAsNew,Enregistrer comme nouveau
Feature.Avatar.Action.Select,Sélectionner
Feature.Avatar.Action.SelectMultipleItems,Sélectionner plusieurs articles
Feature.Avatar.Action.SelectSlot,Sélectionner une partie
Feature.Avatar.Action.Share,Partager
Feature.Avatar.Action.ShareAvatar,Poster l'avatar
Feature.Avatar.Action.ShareCurrentAvatar,Poster l'avatar actuel
Feature.Avatar.Action.Shop,Boutique
Feature.Avatar.Action.ShopForMore,Acheter plus
Feature.Avatar.Action.ShowMore,
Feature.Avatar.Action.SlotEmote,Sélectionner Expression
Feature.Avatar.Action.Stay,Rester
Feature.Avatar.Action.Switch,Changer
Feature.Avatar.Action.TryOn,Essayer sur
Feature.Avatar.Action.Unequip,Déséquiper
Feature.Avatar.Action.Unselect,Désélectionner
Feature.Avatar.Action.UnslotEmote,Désélectionner Expression
Feature.Avatar.Action.Update,Mise à jour
Feature.Avatar.Action.UpdateExistingCharacter,Mise à jour du personnage existant
Feature.Avatar.Action.UpdateExistingMakeupLook,Mettre à jour le look existant
Feature.Avatar.Action.UpdateMakeupLook,Mettre à jour le look
Feature.Avatar.Action.Zoom,Zoomer
Feature.Avatar.AvatarWidgetTitle,Explorer les styles
Feature.Avatar.BackgroundGeneration.Action.Cancel,
Feature.Avatar.BackgroundGeneration.Action.DeleteBackground,
Feature.Avatar.BackgroundGeneration.Action.DiscardDialogCancel,
Feature.Avatar.BackgroundGeneration.Action.DiscardDialogConfirm,
Feature.Avatar.BackgroundGeneration.Action.Okay,D'accord
Feature.Avatar.BackgroundGeneration.Action.Publish,Publier
Feature.Avatar.BackgroundGeneration.Action.Upload,Importer
Feature.Avatar.BackgroundGeneration.Action.View,Voir
Feature.Avatar.BackgroundGeneration.Action.ViewExclusiveBackgrounds,
Feature.Avatar.BackgroundGeneration.Description.CreateBackgroundsWithPlus,Crée des arrière-plans avec Plus.
Feature.Avatar.BackgroundGeneration.Description.DiscardDialog,"Ton arrière-plan n'a pas encore été publié. Si tu quittes cette page maintenant, il sera perdu."
Feature.Avatar.BackgroundGeneration.Description.ReadyToUse,Ta création est prête à l'emploi.
Feature.Avatar.BackgroundGeneration.Description.ReviewBeforePublish,"Cet arrière-plan a été généré avec l'IA. En le publiant, tu confirmes qu'il respecte les normes de la communauté Roblox et qu'il n'utilise aucun contenu dont tu n'as pas les droits. Il sera examiné avant d'apparaître dans ton inventaire et les items publiés ne pourront plus être modifiés."
Feature.Avatar.BackgroundGeneration.Description.ReviewBeforeUpload,"Cet arrière-plan a été généré avec l'IA. En l'important, tu confirmes qu'il respecte les normes de la communauté Roblox et qu'il n'utilise aucun contenu dont tu n'as pas les droits. Il sera examiné avant d'apparaître dans ton inventaire. Une fois importés, les items ne peuvent plus être modifiés."
Feature.Avatar.BackgroundGeneration.Description.UnlockExclusiveBackgrounds,Débloque des arrière-plans exclusifs gratuits avec Plus.
Feature.Avatar.BackgroundGeneration.Description.ViewExclusiveBackgrounds,Découvre tes arrière-plans Plus exclusifs gratuits.
Feature.Avatar.BackgroundGeneration.Error.CouldntPublish,L'item n'est pas conforme aux Normes de la communauté
Feature.Avatar.BackgroundGeneration.Error.LimitReached,Tu as atteint ta limite d'utilisation. Réessaie plus tard pour continuer à personnaliser.
Feature.Avatar.BackgroundGeneration.Error.LimitReachedDay,Tu as atteint ta limite d'utilisation. Réessaie demain pour continuer à personnaliser.
Feature.Avatar.BackgroundGeneration.Error.LimitReachedHour,Tu as atteint ta limite d'utilisation. Réessaie dans 1 heure pour continuer à personnaliser.
Feature.Avatar.BackgroundGeneration.Error.LimitReachedMinute,Tu as atteint ta limite d'utilisation. Réessaie dans 1 minute pour continuer à personnaliser.
Feature.Avatar.BackgroundGeneration.Error.Moderation,Cette invite ne respecte pas nos directives. Rédiges-en une autre.
Feature.Avatar.BackgroundGeneration.Error.ModerationFailed,Cet arrière-plan n'est pas conforme aux Normes de la communauté Roblox et n'a donc pas été ajouté à ton inventaire. Essaie d'en générer un nouveau.
Feature.Avatar.BackgroundGeneration.Error.System,Une erreur s'est produite lors de la génération de ton arrière-plan. Réessaie.
Feature.Avatar.BackgroundGeneration.Label.CharacterCount,{count}/{max}
Feature.Avatar.BackgroundGeneration.Label.Description,Description
Feature.Avatar.BackgroundGeneration.Label.ExclusiveWithPlus,Exclusivité Plus
Feature.Avatar.BackgroundGeneration.Label.Name,Nom
Feature.Avatar.BackgroundGeneration.PromptPlaceholder,Décris ton arrière-plan…
Feature.Avatar.BackgroundGeneration.Status.Generating,Génération de ton arrière-plan…
Feature.Avatar.BackgroundGeneration.Status.Preparing,Préparation de ton arrière-plan…
Feature.Avatar.BackgroundGeneration.Title,Créer un arrière-plan
Feature.Avatar.BackgroundGeneration.Title.DiscardDialog,Quitter sans publier ?
Feature.Avatar.BackgroundGeneration.Title.PublishBackground,
Feature.Avatar.BackgroundGeneration.Title.PublishToInventory,Publier dans l'inventaire
Feature.Avatar.BackgroundGeneration.Title.UploadBackground,
Feature.Avatar.BackgroundGeneration.Title.UploadToInventory,Importer dans l'inventaire
Feature.Avatar.BackgroundGeneration.Tooltip.CreateBackground,Crée des arrière-plans gratuitement avec Plus !
Feature.Avatar.BackgroundGeneration.Tooltip.PublishBackground,
Feature.Avatar.Backgrounds.Title,Arrière-plans
Feature.Avatar.ColorAdjustmentPage.AdjustmentNotAvailableForBody,L'ajustement n'est pas disponible pour ce style de corps.
Feature.Avatar.ColorAdjustmentPage.Label.SelectDefaultColors,Couleurs du corps d'origine par défaut
Feature.Avatar.ColorAdjustmentPage.Title,Couleur de peau
Feature.Avatar.ComposerPosting,
Feature.Avatar.Description.MakeupIntroFtux,Crée ton propre look unique avec une infinité de combinaisons de maquillage.
Feature.Avatar.EmoteAlreadyAssigned,Cet Emote est déjà attribué à un créneau
Feature.Avatar.Feature.Avatar.BackgroundGeneration.Title,
Feature.Avatar.Feature.DisplayName.ErrorMessage.SomethingWentWrong,
Feature.Avatar.Generic.Error,
Feature.Avatar.GetInspired,Laisse-toi inspirer
Feature.Avatar.Header.Post,
Feature.Avatar.Heading.AccessoryAdjustmentTitle,Ajustement des accessoires
Feature.Avatar.Heading.Active,Actif
Feature.Avatar.Heading.All,Tous
Feature.Avatar.Heading.Animations,Animations
Feature.Avatar.Heading.AvatarLooksWidget,Avatars
Feature.Avatar.Heading.BodyParts,Parties du corps
Feature.Avatar.Heading.Clothing,Vêtements
Feature.Avatar.Heading.DeleteAssets,Supprimer les images
Feature.Avatar.Heading.DeleteCharacter,Supprimer ce personnage ?
Feature.Avatar.Heading.DuplicateCharacter,Caractère en double
Feature.Avatar.Heading.Emotes,Emotes
Feature.Avatar.Heading.Expired,Expiré
Feature.Avatar.Heading.Filter,Filtre
Feature.Avatar.Heading.Filters,Filtres
Feature.Avatar.Heading.LooksAvatarSaved,Avatar sauvegardé !
Feature.Avatar.Heading.LooksCharacterSaved,Caractère sauvegardé !
Feature.Avatar.Heading.LooksPurchaseFailed,Échec de l'achat
Feature.Avatar.Heading.LooksPurchasePartialSuccess,Succès partiel
Feature.Avatar.Heading.MakeupLookSaved,Look de maquillage enregistré !
Feature.Avatar.Heading.Manage,
Feature.Avatar.Heading.MySharedAvatarsTitle,
Feature.Avatar.Heading.Outfits,Tenues
Feature.Avatar.Heading.RenameCharacter,Renommer le personnage
Feature.Avatar.Heading.SaveCostume,Enregistrer le personnage
Feature.Avatar.Heading.SelectToUpdate,Sélectionner pour mettre à jour
Feature.Avatar.Heading.SetLimitReached,Limite d'ensembles atteinte
Feature.Avatar.Heading.SetNameDuplicate,Nom en double
Feature.Avatar.Heading.SetNameNotAllowed,Nom interdit
Feature.Avatar.Heading.SetUpdateFailed,Mise à jour de l'ensemble impossible
Feature.Avatar.Heading.SharePublicAvatar,Partager ton avatar
Feature.Avatar.Heading.SortBy,Trié par
Feature.Avatar.Heading.UsedName,Nom utilisé
Feature.Avatar.Heading.WearConfirmation,Porter élément
Feature.Avatar.HeroWidget.BundleTitle,Korblox Brisepacte
Feature.Avatar.HeroWidget.CapsuleDescription,Trois nouvelles versions des classiques de Roblox
Feature.Avatar.HeroWidget.CapsulePoolDescription,Trois nouveaux items pour faire des vagues
Feature.Avatar.HeroWidget.CapsulePoolTitle,Pool Party
Feature.Avatar.HeroWidget.CapsuleTitle,Des classiques revisités
Feature.Avatar.ItemDidNotMeetRobloxCommunityStandards.BodyText,L'objet de catégorie « {category} » appelé « {item} » a été retiré car il n'était pas conforme aux Normes de la communauté de Roblox.{lineBreak}Consulte la page des infractions et des appels pour demander un nouvel examen.
Feature.Avatar.ItemDidNotMeetRobloxCommunityStandards.TitleText,L'objet n'était pas conforme aux Normes de la communauté de Roblox
Feature.Avatar.ItemsRemovedFromAvatar.TitleText,Objet retiré de l'avatar
Feature.Avatar.Label,
Feature.Avatar.Label.AbyssBlue,Abyss Blue
Feature.Avatar.Label.AbyssBlueDark,Bleu abysse (sombre)
Feature.Avatar.Label.AbyssBlueLight,Bleu abyssal (Clair)
Feature.Avatar.Label.Accessory,Accessoire
Feature.Avatar.Label.AccessoryAdjustment.Entry.Tooltip,Ajuster la taille de tes accessoires !
Feature.Avatar.Label.AccessoryAdjustment.Items.Tooltip,Sélectionner l'élément à ajuster
Feature.Avatar.Label.AccessoryCannotBeAdjustedWarning,L'ajustement n'est pas disponible pour cet item.
Feature.Avatar.Label.Add,Ajouter
Feature.Avatar.Label.AddEdit,Ajouter/Modifier
Feature.Avatar.Label.AddManage,Ajouter/Gérer
Feature.Avatar.Label.AddManage2,
Feature.Avatar.Label.AllAvatarSets,Tout
Feature.Avatar.Label.AllFolders,
Feature.Avatar.Label.AllHeads,Toutes les têtes
Feature.Avatar.Label.AnimationFullSet,Ensemble complet
Feature.Avatar.Label.AvatarAdjustment,Ajustement de l'avatar
Feature.Avatar.Label.AvatarBackground,Arrière-plan de l'avatar
Feature.Avatar.Label.Avatars,
Feature.Avatar.Label.Back,Dos
Feature.Avatar.Label.Backgrounds,
Feature.Avatar.Label.Blocky,Blocky
Feature.Avatar.Label.BodyColorAdvancedView,Avancé
Feature.Avatar.Label.BodyColorAllLimbs,
Feature.Avatar.Label.BodyColorHead,Tête
Feature.Avatar.Label.BodyColorLeftArm,Bras gauche
Feature.Avatar.Label.BodyColorLeftLeg,Jambe gauche
Feature.Avatar.Label.BodyColorRightArm,Bras droit
Feature.Avatar.Label.BodyColorRightLeg,Jambe droite
Feature.Avatar.Label.BodyColorStandardView,Standard
Feature.Avatar.Label.BodyColorTorso,Torse
Feature.Avatar.Label.BodyParts,Parties du corps : {bodyPart}
Feature.Avatar.Label.BodySize,Taille du corps
Feature.Avatar.Label.BodyType,Type de corps
Feature.Avatar.Label.Bodysuits,Combinaisons
Feature.Avatar.Label.Bottom,Bas
Feature.Avatar.Label.Bottoms,
Feature.Avatar.Label.Build,
Feature.Avatar.Label.BuyAvatarQuestion,Veux-tu acheter cet avatar ?
Feature.Avatar.Label.BuyLookQuestion,Voulez-vous acheter cette tenue ?
Feature.Avatar.Label.BuyMakeupQuestion,Souhaites-tu acheter ce look de maquillage ?
Feature.Avatar.Label.BuyOutfitLuobuMultiple,Modère ton divertissement et fais-en une utilisation raisonnable. Veux-tu acheter [{numItems}] items?
Feature.Avatar.Label.BuyOutfitLuobuSingle,Modère ton divertissement et fais-en une utilisation raisonnable. Veux-tu acheter [1] item ?
Feature.Avatar.Label.BuyOutfitMultiple,Veux-tu acheter [{numItems}] items ?
Feature.Avatar.Label.BuyOutfitSingle,Aimerais-tu acheter [1] item ?
Feature.Avatar.Label.By,Par
Feature.Avatar.Label.ClassicFaces,Visages classiques
Feature.Avatar.Label.ClassicHeads,Têtes classiques
Feature.Avatar.Label.ClassicPants,Pantalons classiques
Feature.Avatar.Label.ClassicShirts,Chemises classiques
Feature.Avatar.Label.ClassicTShirts,T-shirts classiques
Feature.Avatar.Label.ClearByCategory,Effacer {category}
Feature.Avatar.Label.Climb,Escalade
Feature.Avatar.Label.ClimbAnimations,Animations d'escalade
Feature.Avatar.Label.CostumeWarning,"Les noms peuvent uniquement contenir des lettres, des chiffres et des espaces."
Feature.Avatar.Label.CountSelected,{itemCount} Sélectionné.e.s
Feature.Avatar.Label.Creations,Créations
Feature.Avatar.Label.CurrentlyWearing,Tenue actuelle
Feature.Avatar.Label.DefaultBody,Corps par défaut
Feature.Avatar.Label.DeleteSetBody,La suppression de cet ensemble ne supprimera pas les tenues qu'il contient.
Feature.Avatar.Label.Details,Détails ({quantity})
Feature.Avatar.Label.DetailsButton,Détails
Feature.Avatar.Label.DressesAndSkirts,Robes et jupes
Feature.Avatar.Label.DuplicateMakeupLookDialog,Ce look existe déjà en tant que « {lookName} ». L'ajouter à nouveau ?
Feature.Avatar.Label.DynamicHead,Tête dynamique
Feature.Avatar.Label.DynamicHeads,Têtes dynamiques
Feature.Avatar.Label.Emote,Emote
Feature.Avatar.Label.EnterCostumeName,Donnez un nom à ce nouveau personnage
Feature.Avatar.Label.EnterNewCostumeName,Saisir un nouveau non pour ce caractère
Feature.Avatar.Label.EyeMakeup,Yeux
Feature.Avatar.Label.Eyebrows,Sourcils
Feature.Avatar.Label.Eyelashes,Cils
Feature.Avatar.Label.Face,Visage
Feature.Avatar.Label.FaceMakeup,
Feature.Avatar.Label.FacialAnimation,Animation faciale
Feature.Avatar.Label.Fall,Chute
Feature.Avatar.Label.FallAnimations,Animations de chute
Feature.Avatar.Label.Front,Avant
Feature.Avatar.Label.FullBody,Corps entier
Feature.Avatar.Label.FullMasks,Masques complets
Feature.Avatar.Label.FullPair,Paire complète
Feature.Avatar.Label.Gear,Équipement
Feature.Avatar.Label.GenericSetError,Un problème est survenu. Réessaie.
Feature.Avatar.Label.GetLookQuestion,Tu aimerais obtenir cette tenue gratuitement ?
Feature.Avatar.Label.GetOutfitMultiple,Veux-tu obtenir [{numItems}] items gratuitement ?
Feature.Avatar.Label.GetOutfitOne,Veux-tu recevoir [1] article gratuitement ?
Feature.Avatar.Label.Hair,Cheveux
Feature.Avatar.Label.HandAndArm,Main et bras
Feature.Avatar.Label.Hat,Chapeau
Feature.Avatar.Label.Head,
Feature.Avatar.Label.HeadBody,Tête & Corps
Feature.Avatar.Label.HeadRefinement.Adjust.Title,Ajustement de la tête
Feature.Avatar.Label.HeadRefinement.Adjust.Tooltip,Ajuste la tête ici !
Feature.Avatar.Label.HeadRefinement.CombinedCategories.Tooltip,Tous les classiques sont maintenant sous Têtes
Feature.Avatar.Label.HeadRefinement.DH.Title,Formes classiques
Feature.Avatar.Label.HeadRefinement.Description,Choisis un style de tête à utiliser pour ton visage classique.
Feature.Avatar.Label.HeadRefinement.Description.Unsupported,L'ajustement n'est pas disponible pour ce style de tête.
Feature.Avatar.Label.HeadRefinement.FacialAnimation,
Feature.Avatar.Label.HeadRefinement.Title,Forme de la tête
Feature.Avatar.Label.HeadSize,Taille de la tête
Feature.Avatar.Label.Heads,Têtes
Feature.Avatar.Label.Idle,Inaction
Feature.Avatar.Label.IdleAnimations,Animations d'inaction
Feature.Avatar.Label.Jacket,Veste
Feature.Avatar.Label.Jackets,Vestes
Feature.Avatar.Label.Jump,Saut
Feature.Avatar.Label.JumpAnimations,Animations de saut
Feature.Avatar.Label.LayeredClothingR15Warning,Mettre votre type de corps à R15 pour activer cet élément.
Feature.Avatar.Label.LayeredClothingSwitchR6Warning,"Les caractères R6 ont des limitations. Si tu changes, tous les éléments non pris en charge seront supprimés."
Feature.Avatar.Label.LeftArm,
Feature.Avatar.Label.LeftArms,Bras gauches
Feature.Avatar.Label.LeftInitial,L
Feature.Avatar.Label.LeftLeg,
Feature.Avatar.Label.LeftLegs,Jambes gauches
Feature.Avatar.Label.LeftShoe,Chaussure gauche
Feature.Avatar.Label.LeftShoes,Chaussures gauches
Feature.Avatar.Label.LipMakeup,Lèvres
Feature.Avatar.Label.LoadingSets,Chargement des ensembles
Feature.Avatar.Label.Looks,Looks
Feature.Avatar.Label.Makeup,Maquillage
Feature.Avatar.Label.MakeupLayer,Couche {layerIndex}
Feature.Avatar.Label.MakeupLooks,Styles de maquillage
Feature.Avatar.Label.ManageItems,Gérer les articles
Feature.Avatar.Label.Message.BlockingSavePrompt,"Si tu ne sauvegardes pas maintenant, tu perdras tous les changements."
Feature.Avatar.Label.Message.DeleteAvatars,Annulation impossible.
Feature.Avatar.Label.Message.DuplicateAvatar,Il semble que tu as déjà enregistré un avatar similaire :
Feature.Avatar.Label.ModerationFailed,La modération a échoué
Feature.Avatar.Label.Mood,Mood
Feature.Avatar.Label.MultiNoLongerAvailableInCollection,Ces actifs ne seront plus disponibles dans cette collection :
Feature.Avatar.Label.MyPostedAvatars.Tooltip,Les avatars publiés seront publics sur le Marketplace
Feature.Avatar.Label.Name,
Feature.Avatar.Label.Neck,Cou
Feature.Avatar.Label.Newest,Plus récent
Feature.Avatar.Label.NoExpiredItems,Aucun item {itemType} expiré
Feature.Avatar.Label.NoItems,Aucun(e) {itemType}
Feature.Avatar.Label.NoLongerAvailableInCollection,Ils ne seront plus disponibles dans cette collection
Feature.Avatar.Label.NoSets,Aucun ensemble
Feature.Avatar.Label.Outerwear,
Feature.Avatar.Label.OutfitIncomplete,La tenue que vous avez créée n'a pas été achetée et ne sera pas montrée dans l'expérience
Feature.Avatar.Label.OutfitPurchaseFailure,"Désolé, les achats de [{numItems}] ont échoué !"
Feature.Avatar.Label.OutfitPurchaseSuccess,[{numItems}] articles achetés !
Feature.Avatar.Label.PPEEmoteR15Warning,Mettre à jour ton type de corps à R15 pour activer les Emotes et faire poser ton avatar.
Feature.Avatar.Label.PPEFinalBody,Les deux vues seront utilisées comme photo de profil dans l'application.
Feature.Avatar.Label.PPEFinalHeader,Aperçu
Feature.Avatar.Label.PPEFinalSubheader,Ça a l'air bon !
Feature.Avatar.Label.PPEFinishedToast,La photo du profil a changé !
Feature.Avatar.Label.PPEPositionCameraHeader,Position de la caméra
Feature.Avatar.Label.PPEViewCloseupButton,Vue gros plan
Feature.Avatar.Label.PPEViewFullButton,Afficher l'avatar complet
Feature.Avatar.Label.Pants,Pantalons
Feature.Avatar.Label.PantsClassic,Pantalon classique
Feature.Avatar.Label.Photobooth,Photobooth
Feature.Avatar.Label.ProfileFrames,Cadres
Feature.Avatar.Label.ProfileFramesUnlockBanner,Débloque les cadres avec Plus
Feature.Avatar.Label.Props,Pièces de décoration
Feature.Avatar.Label.Purchased,Achetés
Feature.Avatar.Label.QuickMenuCustomizeTitle,Personnaliser options
Feature.Avatar.Label.QuickMenuLandingPageTitle,Options avatars
Feature.Avatar.Label.R15,R15
Feature.Avatar.Label.R6,R6
Feature.Avatar.Label.R6R15,R6/R15
Feature.Avatar.Label.RecentlyWorn,Récemment porté
Feature.Avatar.Label.RemoveFromSetBody,"Ces avatars seront retirés de cet ensemble, mais ne seront pas supprimés."
Feature.Avatar.Label.Replace,Remplacer
Feature.Avatar.Label.ResetToNewCharacter,Tu passes à un nouveau personnage ; veux-tu réinitialiser tous les articles de ta tenue ou les conserver ?
Feature.Avatar.Label.Right,R
Feature.Avatar.Label.RightArm,
Feature.Avatar.Label.RightArms,Bras droits
Feature.Avatar.Label.RightInitial,
Feature.Avatar.Label.RightLeg,
Feature.Avatar.Label.RightLegs,Jambes droites
Feature.Avatar.Label.RightShoe,Chaussures droite
Feature.Avatar.Label.RightShoes,Chaussures droites
Feature.Avatar.Label.Run,Course
Feature.Avatar.Label.RunAnimations,Animations de course
Feature.Avatar.Label.SavedSimilarCharacter,Il semble que tu as déjà enregistré un personnage similaire :
Feature.Avatar.Label.SavedSimilarCharacterNoName,Il semble que tu as déjà enregistré un personnage similaire
Feature.Avatar.Label.Scenes,Scènes
Feature.Avatar.Label.SearchLandingPage.Title.RecentSearches,Recherches récentes
Feature.Avatar.Label.SearchLandingPage.Title.RecentlyViewedItems,Récemment consulté
Feature.Avatar.Label.SearchLandingPage.Title.RecentlyViewedSearchItems,Continuer à acheter pour
Feature.Avatar.Label.SelectItem,Sélectionner un article
Feature.Avatar.Label.SetAvatarCount,{itemCount} avatar
Feature.Avatar.Label.SetLimitReachedBody,Tu peux créer jusqu'à {setLimit} ensembles. Supprimes-en un pour faire de la place.
Feature.Avatar.Label.SetNameDuplicateBody,"Un ensemble porte déjà ce nom, choisis-en un autre"
Feature.Avatar.Label.SetNameNotAllowedBody,Essaie d'en trouver un autre
Feature.Avatar.Label.SharePublicAvatar.Tooltip,Poster des avatars sur le Marketplace
Feature.Avatar.Label.Shirt,Chemise
Feature.Avatar.Label.ShirtClassic,Chemise classique
Feature.Avatar.Label.Shirts,Chemises
Feature.Avatar.Label.ShoeL,Chaussure (G)
Feature.Avatar.Label.ShoeR,Chaussure (D)
Feature.Avatar.Label.Shoes,Chaussures
Feature.Avatar.Label.Shorts,Shorts
Feature.Avatar.Label.Shoulder,Épaules
Feature.Avatar.Label.Skin,Peau
Feature.Avatar.Label.Sweater,Pull-over
Feature.Avatar.Label.Sweaters,Pull-overs
Feature.Avatar.Label.Swim,Nage
Feature.Avatar.Label.SwimAnimations,Animations de nage
Feature.Avatar.Label.SwitchToR15,Passer au modèle R15
Feature.Avatar.Label.TShirt,Tee-shirt
Feature.Avatar.Label.TShirtClassic,Tee-shirt classique
Feature.Avatar.Label.Title.AccessoryAdjustment,
Feature.Avatar.Label.Title.AddNewAvatar,Ajouter comme nouvel avatar
Feature.Avatar.Label.Title.AddToMyAvatars,Ajouter à mes avatars
Feature.Avatar.Label.Title.AddToMyMakeupLooks,Ajouter à mes looks de maquillage
Feature.Avatar.Label.Title.AvatarName,Entrez le nom de l'avatar
Feature.Avatar.Label.Title.AvatarSwitcher,Mes avatars
Feature.Avatar.Label.Title.BlockingSavePrompt,Sauvegarder avatar ?
Feature.Avatar.Label.Title.BodyShape,Forme du corps
Feature.Avatar.Label.Title.ClothingLayering,Superposition de vêtements
Feature.Avatar.Label.Title.DeleteMultipleAvatars,Supprimer {count} avatars ?
Feature.Avatar.Label.Title.DeleteSingleAvatar,Supprimer cet avatar ?
Feature.Avatar.Label.Title.DuplicateAvatar,Dupliquer avatar
Feature.Avatar.Label.Title.Emotes,Émotes
Feature.Avatar.Label.Title.HeadAdjustment,
Feature.Avatar.Label.Title.Inventory,
Feature.Avatar.Label.Title.MakeupLayering,Couches de maquillage
Feature.Avatar.Label.Title.ManageAvatars,Gérer les avatars
Feature.Avatar.Label.Title.MyInventory,Mon inventaire
Feature.Avatar.Label.Title.ProfilePhoto,Photo de profil
Feature.Avatar.Label.Title.ReplaceAvatar,Remplacer l'avatar
Feature.Avatar.Label.Title.Save,
Feature.Avatar.Label.Title.SaveToMyAvatars,Enregistrer dans mes avatars
Feature.Avatar.Label.Title.UpdateAvatar,Remplacer l'avatar existant
Feature.Avatar.Label.Title.WearAfterPurchase,Porter après achat
Feature.Avatar.Label.Title.WearAndSaveAfterPurchase,Porter et sauvegarder après l'achat
Feature.Avatar.Label.Top,Haut
Feature.Avatar.Label.Torso,
Feature.Avatar.Label.Torsos,Torses
Feature.Avatar.Label.TropicalRunway,Piste tropicale
Feature.Avatar.Label.TryOnFail,Échec de l'essai sur l'article. Essaie à nouveau plus tard.
Feature.Avatar.Label.TryOnManagerDescriptor,Total : {numItems} éléments
Feature.Avatar.Label.Unavailable,S. O
Feature.Avatar.Label.UsedNameLong,"Il semble que tu aies déjà utilisé ce nom, veux-tu l'enregistrer quand même ?"
Feature.Avatar.Label.Waist,Taille
Feature.Avatar.Label.Walk,Marche
Feature.Avatar.Label.WalkAnimations,Animations de marche
Feature.Avatar.Label.WholeBody,
Feature.Avatar.Message.AddAvatarAgain,Tu as déjà ajouté cet avatar en tant que “{prevAvatar}”. Tu peux l'ajouter à nouveau ?
Feature.Avatar.Message.AdjustAndFit,Régler et ajuster tes articles
Feature.Avatar.Message.AlreadyAcquired,Vous possédez déjà cet objet.
Feature.Avatar.Message.AvatarAdded,'{avatarName}' a été ajouté
Feature.Avatar.Message.AvatarDeleted,Avatar supprimé
Feature.Avatar.Message.AvatarRenamed,Avatar renommé
Feature.Avatar.Message.AvatarUpdated,'{avatarName}' a été mis à jour
Feature.Avatar.Message.BulkDeleteMakeupLook,{count} looks de maquillage supprimés
Feature.Avatar.Message.CameraFacialAnimationPaused,La caméra est temporairement désactivée lors du déclenchement d'émotes
Feature.Avatar.Message.ClassicHeadAndR6CameraWarning,Les têtes classiques et les avatars R6 ne supportent pas l'animation faciale
Feature.Avatar.Message.ClearAccessories,Ceci supprimera tous les accessoires que tu portes actuellement.
Feature.Avatar.Message.ClearAnimations,Ceci supprimera toutes les animations que tu portes actuellement.
Feature.Avatar.Message.ClearBody,Cela supprimera tout ce que tu portes actuellement sous le corps.
Feature.Avatar.Message.ClearClothes,Cela supprimera tous les vêtements que tu portes actuellement.
Feature.Avatar.Message.ClearMakeupConfirmation,Cela retirera tous les items de maquillage
Feature.Avatar.Message.DeepLinkEquipFailed,L'item que tu essaies d'équiper n'est plus disponible
Feature.Avatar.Message.EnhancedAvatarHeads,"Les têtes classiques prennent désormais en charge les animations faciales. Retrouve toutes tes têtes dans la section Têtes, et ajuste leur forme et leurs animations faciales dans Ajustement de la tête."
Feature.Avatar.Message.EquipCostumeConfirmation,Tu n'as pas sauvegardé ce personnage. Es-tu sûr de vouloir changer de personnage ?
Feature.Avatar.Message.ErrorNotAuthorized,L'utilisateur n'est pas autorisé à effectuer cette action
Feature.Avatar.Message.FTUXSelfieViewClosedTooltip,Tu peux trouver les commandes de ta caméra et d'autovisualisation ici
Feature.Avatar.Message.FTUXSelfieViewOpenedTooltip,Utilise ton appareil photo pour faire sourire et bouger ton avatar comme toi
Feature.Avatar.Message.FaceNotVisible,Le visage sélectionné n'est pas visible sur cette tête.
Feature.Avatar.Message.FailedAvatarRename,Impossible de renommer l'avatar
Feature.Avatar.Message.FailedDeleteCostume,Impossible de supprimer le costume.
Feature.Avatar.Message.FailedRenameCostume,Ne parvient pas renommer le personnage
Feature.Avatar.Message.FailedToLoadAvatar,Impossible de charger l'avatar
Feature.Avatar.Message.FailedUpdateOutfit,Échec de la mise à jour de la tenue
Feature.Avatar.Message.FailedWritePPE,Échec de la mise à jour de la photo de profil
Feature.Avatar.Message.HatLimitTooltip,Vous pouvez porter jusqu'à 3 chapeaux.
Feature.Avatar.Message.InvalidAssetsEquipped,Certains articles qui étaient équipés ne sont plus disponibles.
Feature.Avatar.Message.InvalidItem,Cet article n'existe pas.
Feature.Avatar.Message.InvalidName,Nom invalide
Feature.Avatar.Message.LCSortClassicWarning,Les articles classiques ne sont pas modifiables
Feature.Avatar.Message.LCSortEntry,Ajuster l'ordre des vêtements
Feature.Avatar.Message.LCSortListTooltip,Glisser et déposer la vignette de l'article pour modifier l'ordre des couches
Feature.Avatar.Message.LCSortNoEquipped,Aucun vêtement 3D préparé. Préparer l'article à modifier
Feature.Avatar.Message.LCSortResetBody,Ton ajustement sera rejeté. Veux-tu toujours continuer ?
Feature.Avatar.Message.LCSortUnequipBody,Veux-tu déséquiper cet article ?
Feature.Avatar.Message.LayeredMakeupSortNoEquipped,Aucun item de maquillage superposé n'est équipé. Équipe un item pour le modifier.
Feature.Avatar.Message.LeaveAccessoryAdjustmentWarning,Tu n'as pas appliqué tes ajustements. Es-tu sûr de vouloir quitter ?
Feature.Avatar.Message.LeavingComposerWithoutSave,Les modifications que tu as apportées ne seront pas enregistrées si tu quittes.
Feature.Avatar.Message.LooksAvatarSaved,Vous pouvez modifier le nom de votre avatar quand vous voulez dans la personnalisation.
Feature.Avatar.Message.LooksCharacterSaved,Tu peux toujours modifier le nom de ton personnage dans la personnalisation
Feature.Avatar.Message.LooksPurchaseFailedNetworkError,"Erreur de réseau, réessayer plus tard"
Feature.Avatar.Message.LooksPurchasePartialSuccessGenericPP,"{numSuccessItems} items ont été achetés, {numFailureItems} items ont échoué"
Feature.Avatar.Message.LooksPurchasePartialSuccessGenericPS,"{numSuccessItems} items ont été achetés, {numFailureItems} item a échoué"
Feature.Avatar.Message.LooksPurchasePartialSuccessGenericSP,"L'item {numSuccessItems} a été acheté, {numFailureItems} items ont échoué"
Feature.Avatar.Message.LooksPurchasePartialSuccessGenericSS,"{numSuccessItems} item a été acheté, {numFailureItems} item a échoué"
Feature.Avatar.Message.LooksPurchaseSuccessPlural,{numItems} items achetés !
Feature.Avatar.Message.LooksPurchaseSuccessSingular,{numItems} item acheté !
Feature.Avatar.Message.MakeupLookAdded,Look de maquillage ajouté
Feature.Avatar.Message.MakeupLookRenamed,Look de maquillage renommé
Feature.Avatar.Message.MakeupLookSaved,Tu peux toujours modifier le nom de ton look de maquillage dans la personnalisation.
Feature.Avatar.Message.MakeupLookUpdated,Look de maquillage mis à jour
Feature.Avatar.Message.MakeupSortNoEquipped,Aucun item de maquillage équipé. Choisis-en un pour le modifier.
Feature.Avatar.Message.MakeupSortResetBody,Tes modifications seront perdues. Veux-tu continuer ?
Feature.Avatar.Message.MakeupSortUnequipBody,Veux-tu déséquiper cet item ?
Feature.Avatar.Message.ModerationFailed,Un ou plusieurs avatars ne sont pas conformes aux directives de notre communauté.
Feature.Avatar.Message.MultiAvatarDeleted,Avatars supprimés
Feature.Avatar.Message.NewControlLocationFullBody,"Les corps complets (personnages précédemment achetés) sont maintenant situés sous l'emplacement ""Corps complets""."
Feature.Avatar.Message.NewControlLocationProfile,La photo de profil est maintenant dans Plus de menu
Feature.Avatar.Message.NewCustomize,"Il est maintenant plus rapide et plus facile de styliser ton avatar. Certaines choses ont été déplacées, alors fais un tour pour voir ce qu'il y a de nouveau."
Feature.Avatar.Message.NoAccessoriesEquipped,Aucun accessoire réglable disponible.
Feature.Avatar.Message.OutfitCleared,Tenue supprimée
Feature.Avatar.Message.PostToMarketplaceTooltip,Ton post sera public sur le Marketplace
Feature.Avatar.Message.R15AnimationsPrompt,Mettre à jour ton type de corps à R15 pour activer les Animations.
Feature.Avatar.Message.R15EmotesPrompt,Mettre à jour ton type de corps à R15 pour activer Emotes.
Feature.Avatar.Message.R15StylesPrompt,Mettre ton type de corps à R15 pour personnaliser les styles de corps.
Feature.Avatar.Message.ReachedMaxOutfits,Vous avez atteint le nombre maximum de tenues autorisées.
Feature.Avatar.Message.RenameCostumeSuccess,Renommé !
Feature.Avatar.Message.ResetAdjustment,
Feature.Avatar.Message.RestoredLastSaved,Restaurer la dernière sauvegarde
Feature.Avatar.Message.RevertToDefault,Remettre ta photo de profil à l'apparence par défaut ?
Feature.Avatar.Message.SaveFailure,Ton avatar n'a pas pu être enregistré. Réessayer plus tard.
Feature.Avatar.Message.SaveSuccess,Avatar sauvegardé
Feature.Avatar.Message.SaveSuccessWithInvalidAssets,Avatar enregistré. Certains items ont été supprimés car ils ne sont pas disponibles pour le moment.
Feature.Avatar.Message.SaveThrottled,Veuillez patienter quelques secondes avant d'enregistrer à nouveau
Feature.Avatar.Message.SelectEmote,Sélectionne un emote pour la pose de ton avatar !
Feature.Avatar.Message.ShareAvatarWithCommunity,Poster vos avatars sur le Marketplace
Feature.Avatar.Message.ShareAvatarWithCommunityDisclaimer,Les liens seront accessibles une fois la modération terminée
Feature.Avatar.Message.SharePublicAvatar,Partage ton avatar sur les réseaux sociaux pour augmenter ta visibilité et mettre en valeur ta créativité
Feature.Avatar.Message.TryOnCameraHeadWarning,Les Têtes Classiques ne prennent pas en charge l'animation faciale
Feature.Avatar.Message.UnknownErrorCreatingMakeupLook,Une erreur inconnue s'est produite. Le look de maquillage n'a pas été créé.
Feature.Avatar.Message.UnknownErrorCreatingOutfit,Une erreur inconnue s'est produite. La tenue n'a pas été créée.
Feature.Avatar.Message.UpdateOutfitSuccess,Mis à jour !
Feature.Avatar.Message.UpdateRequired,"Mise à jour requise. Pour afficher cet élément, veuillez mettre à jour Roblox à la dernière version."
Feature.Avatar.Placeholder.NameYourAvatar,Nommer ton avatar
Feature.Avatar.Placeholder.WriteAvatarCaption,Ecrire une légende pour ton avatar (facultatif)
Feature.Avatar.RevokedItems.BodyText,"L'objet de catégorie « {category} » appelé « {item} » a été retiré de cet avatar, nous avons donc remboursé la somme que tu avais payée.{lineBreak}Consulte ta boîte de réception pour en savoir plus."
Feature.Avatar.RevokedItems.BodyTextMultiple,"Les objets suivants ont été retirés de cet avatar, nous avons donc remboursé la somme que tu avais payée.{lineBreak}{items}{lineBreak}Consulte ta boîte de réception pour en savoir plus."
Feature.Avatar.RevokedItems.ViewInbox,Voir la boîte de réception
Feature.Avatar.SetNameDuplicate,
Feature.Avatar.Text.MakeupLayeringTooltip,Arrange ton maquillage
Feature.Avatar.Title.AvatarRefinement,Perfectionnement de l'avatar
Feature.Avatar.Title.BulkDeleteMakeupLooks,Supprimer {count} looks de maquillage ?
Feature.Avatar.Title.BuyAvatar,Acheter un avatar
Feature.Avatar.Title.BuyMakeup,Acheter un look de maquillage
Feature.Avatar.Title.BuyOutfit,Acheter une tenue
Feature.Avatar.Title.ClearAccessoriesConfirmation,Effacer tous les accessoires ?
Feature.Avatar.Title.ClearAnimationsConfirmation,Effacer toutes les animations ?
Feature.Avatar.Title.ClearBodyConfirmation,Effacer le corps ?
Feature.Avatar.Title.ClearClothesConfirmation,Effacer tous les vêtements ?
Feature.Avatar.Title.ClearMakeupConfirmation,Effacer tout le maquillage ?
Feature.Avatar.Title.CreateSet,
Feature.Avatar.Title.DeleteSet,
Feature.Avatar.Title.DuplicateMakeupLook,Dupliquer le look
Feature.Avatar.Title.EnhancedAvatarHeads,Têtes d'avatar améliorées
Feature.Avatar.Title.FindYourStyle,Trouve ton style
Feature.Avatar.Title.GetOutfit,Obtenir une tenue
Feature.Avatar.Title.LCSortPage,Tri des vêtements
Feature.Avatar.Title.LCSortReset,Réinitialisation par défaut
Feature.Avatar.Title.LCSortUnequip,Déséquiper l'objet
Feature.Avatar.Title.LayeredMakeupSortPage,
Feature.Avatar.Title.LooksWidget,Inspirations de tenues
Feature.Avatar.Title.MakeupIntroFtux,Découvre le maquillage
Feature.Avatar.Title.MakeupSortPage,
Feature.Avatar.Title.MakeupSortReset,Réinitialiser par défaut
Feature.Avatar.Title.MakeupSortUnequip,Déséquiper l'item
Feature.Avatar.Title.Move,Déplacer
Feature.Avatar.Title.NameAvatarOutfit,
Feature.Avatar.Title.NewCustomizeLook,La personnalisation a un nouveau look !
Feature.Avatar.Title.NewToMarketplaceItemWidget,Nouveau sur le marketplace
Feature.Avatar.Title.OutfitIncomplete,Tenue incomplète
Feature.Avatar.Title.Preview,Prévisualisation
Feature.Avatar.Title.RemoveFromSet,
Feature.Avatar.Title.RenameMakeupLook,Renommer le look de maquillage
Feature.Avatar.Title.RenameSet,
Feature.Avatar.Title.ResetToDefault,Réinitialisation aux valeurs par défaut
Feature.Avatar.Title.ResetToNewCharacter,Nouveau personnage
Feature.Avatar.Title.RevertToDefault,Revenir à la valeur par défaut
Feature.Avatar.Title.SaveMakeupLook,Nommer le look
Feature.Avatar.Title.SavedAvatarsLocation,Tes avatars enregistrés sont ici
Feature.Avatar.Title.SelectEmoteForAvatar,Sélectionner une emote pour poser votre avatar
Feature.Avatar.Title.SelectMakeupLookForUpdate,Sélectionner un look de maquillage
Feature.Avatar.Title.SelectMakeupLooks,Sélectionner des looks
Feature.Avatar.Title.SelectSet,Sélectionner un ensemble
Feature.Avatar.Title.SingleDeleteOutfit,Supprimer « {outfitName} » ?
Feature.Avatar.Title.TrendingItemWidget,Items tendance
Feature.Avatar.Title.TrendingLooksWidget,Styles tendance
Feature.Avatar.Title.UnsavedChanges,Changements non sauvegardés
Feature.Avatar.Title.UpdateMakeupLook,Mettre à jour ce look ?
Feature.Avatar.Title.YourTryOns,Tes essais
Feature.Avatar.Toast.AvatarCaptionExceedMaximum,Les légendes sont limitées à 1 000 caractères
Feature.Avatar.Toast.AvatarPostSuccessfully,Posté avec succès
Feature.Avatar.Toast.AvatarTitleExceedMaximum,Les titres sont limités à 50 caractères
Feature.Avatar.Toast.ComposeWithoutClothing,L'avatar doit porter au moins un vêtement ou un accessoire
Feature.Avatar.Toast.MaxOutfitsSelected,Limite de sélection : {maxSelectCount}
Feature.Avatar.Toast.PostWithParticleEffect,Les effets de particules seront visibles dans la vignette finale après ta publication
Feature.Avatar.Tooltip.CustomizeOverhaulSubcategories,Touchez ici pour changer de catégorie
Feature.Avatar.UnavailableItems.BodyText,"L'objet « {item} » ({category}) n'est pas disponible à l'heure actuelle car il fait l'objet d'un examen.{lineBreak}Si l'objet est supprimé de Roblox, vous recevrez un remboursement sous une semaine."
Feature.Avatar.UnavailableItems.BodyTextMultiple,"Les objets suivants ne sont pas disponibles à l'heure actuelle car ils font l'objet d'un examen.{lineBreak}{items}{lineBreak}Si les objets sont supprimés de Roblox, vous recevrez un remboursement sous une semaine."
Feature.Avatar.UnavailableItems.ConfirmText,
Feature.Avatar.UnavailableItems.TitleText,Objet non disponible
Feature.Avatar.tooltip.ExpiredItemsFilter,Trouver des items à durée limitée expirés
Feature.AvatarBundleReceivedInteractiveAlert.Action.Ok,
Feature.AvatarBundleReceivedInteractiveAlert.Action.TakeALook,Jette un coup d'oeil
Feature.AvatarBundleReceivedInteractiveAlert.BodyText.AddedToInventory,"{avatarName} a été ajouté à ton inventaire !
Tu peux le trouver sous {fontColorSpanStart}Avatar > Personnaliser > Personnages > Achetés{fontColorSpanEnd}"
Feature.AvatarBundleReceivedInteractiveAlert.BodyText.AddedToInventoryWithPath,"{avatarName} a été ajouté à ton inventaire !
Tu peux le trouver sous {fontColorSpanStart}{inventoryPath}{fontColorSpanEnd}"
Feature.AvatarBundleReceivedInteractiveAlert.BodyText.BackAccessoriesInventoryPath,Avatar > Personnaliser > Accessoires > Dos
Feature.AvatarBundleReceivedInteractiveAlert.BodyText.HeadAccessoriesInventoryPath,Avatar > Personnaliser > Accessoires > Tête
Feature.AvatarBundleReceivedInteractiveAlert.BodyText.UnknownAddedToInventory,"Un avatar a été ajouté à ton inventaire !
Tu peux le trouver sous {fontColorSpanStart}Avatar > Personnaliser > Personnages > Achetés{fontColorSpanEnd}"
Feature.AvatarBundleReceivedInteractiveAlert.Title.ItemsAcquired,Items acquis
Feature.BiometricChallenge.Action.Cancel,
Feature.BiometricChallenge.Action.Continue,
Feature.BiometricChallenge.Content.LivenessHostedPrompt,Ouvre ton navigateur externe et prends un selfie rapide pour confirmer que tu es humain.
Feature.BiometricChallenge.Content.Loading,Chargement...
Feature.BiometricChallenge.Content.QRHelpFull,{prompt} Télécharge l'application Roblox sur ton appareil mobile et réessaie à partir de là.
Feature.BiometricChallenge.Content.QRHelpPrompt,Scan impossible ?
Feature.BiometricChallenge.Content.ScanQR,"Pour déverrouiller ton compte, scanne ce code QR à l'aide de ton téléphone ou de ta tablette."
Feature.BiometricChallenge.Title.ConfirmHuman,Confirmez être humain
Feature.BiometricChallenge.Title.QRHandoff,Confirme que tu es humain depuis l'application mobile
Feature.BlockingModal.Action.Block,Bloquer
Feature.BlockingModal.Action.BlockAndReport,Bloquer et signaler
Feature.BlockingModal.Action.Cancel,
Feature.BlockingModal.Heading.BlockUser,Bloquer {DisplayName}?
Feature.BlockingModal.Message.BlockConfirmation,"Le fait de bloquer cet utilisateur lui enlève son statut de Connexion ou de follower. Il ne pourra plus vous envoyer de messages, de demandes ou d'invitations.<br /><br />Il ne sera pas notifié que vous l'avez bloqué."
Feature.BlockingModal.Message.BlockConfirmation.FriendsRename,"Bloquer cet utilisateur lui retire son statut d'ami ou de follower. Il ne pourra plus t'envoyer de messages, de demandes ou d'invitations.<br /><br />Il ne saura pas que tu l'as bloqué."
Feature.Build.Action.Add,
Feature.Build.Action.AddFriends,
Feature.Build.Action.AddPlaytester,Ajouter un testeur
Feature.Build.Action.AddPlaytesters,Ajouter des testeurs
Feature.Build.Action.AddToPlaytest,Ajouter au test de jeu
Feature.Build.Action.Archive,Archiver
Feature.Build.Action.ArchiveGame,Archiver le jeu
Feature.Build.Action.Build,
Feature.Build.Action.Buy,Acheter
Feature.Build.Action.BuyRobux,Acheter des Robux
Feature.Build.Action.Cancel,
Feature.Build.Action.CopyText,Copier le texte
Feature.Build.Action.Create,
Feature.Build.Action.CreateDeveloperProduct,
Feature.Build.Action.Delete,
Feature.Build.Action.Dismiss,Ignorer
Feature.Build.Action.DontAskAgain,Ne plus afficher
Feature.Build.Action.DontShowAgain,Ne plus montrer
Feature.Build.Action.EarnRobux,Gagne des Robux
Feature.Build.Action.Edit,Modifier
Feature.Build.Action.HideAutosaved,Masquer les sauvegardes automatiques
Feature.Build.Action.ManageLimit,Gérer la limite
Feature.Build.Action.Next,
Feature.Build.Action.NotNow,
Feature.Build.Action.NotifyMe,M'avertir
Feature.Build.Action.OK,
Feature.Build.Action.OpenSettings,Ouvrir les paramètres
Feature.Build.Action.Play,Lire
Feature.Build.Action.Playtest,Test de jeu
Feature.Build.Action.Preview,
Feature.Build.Action.Publish,
Feature.Build.Action.PublishLatest,Publier la dernière version
Feature.Build.Action.Reject,
Feature.Build.Action.Restore,Restaurer
Feature.Build.Action.Resume,Reprendre
Feature.Build.Action.Retry,
Feature.Build.Action.Revert,Rétablir
Feature.Build.Action.Save,
Feature.Build.Action.SetDailyLimit,Définir une limite quotidienne
Feature.Build.Action.SetLimit,Définir une limite
Feature.Build.Action.Settings,
Feature.Build.Action.Share,
Feature.Build.Action.ShareLink,Partager le lien
Feature.Build.Action.ShowMore,
Feature.Build.Action.Stats,Stats
Feature.Build.Action.Submit,
Feature.Build.Action.UpdateRating,Mettre à jour la classification
Feature.Build.Action.UpdateWithChanges,Mettre à jour avec les modifications
Feature.Build.Action.View,
Feature.Build.Action.ViewUsage,Voir l'utilisation
Feature.Build.Analytics.AnalyzeChatPrompt,Que donne ma métrique {analyzeName} sur les {days} derniers jours ?
Feature.Build.Analytics.AnalyzeName.Arppu,revenu moyen par utilisateur payant
Feature.Build.Analytics.AnalyzeName.D1Retention,rétention au jour 1
Feature.Build.Analytics.AnalyzeName.DailyActiveUsers,utilisateurs actifs quotidiens
Feature.Build.Analytics.AnalyzeName.PayerConversion,conversion des payeurs
Feature.Build.Analytics.AnalyzeName.PlaythroughRate,taux de complétion
Feature.Build.Analytics.AnalyzeName.TotalPlaytime,temps de jeu total
Feature.Build.Analytics.Description.Arppu,Le revenu moyen par utilisateur payant correspond au total de Robux gagnés divisé par le nombre de joueurs payants. Il indique combien chaque acheteur dépense en moyenne.
Feature.Build.Analytics.Description.D1Retention,La rétention au jour 1 mesure le nombre de nouveaux joueurs qui reviennent le lendemain. C'est un indicateur précoce de l'attractivité de ton expérience.
Feature.Build.Analytics.Description.DailyActiveUsers,Le nombre d'utilisateurs actifs quotidiens correspond au nombre de joueurs distincts qui lancent ton expérience chaque jour. Suis cette donnée pour voir combien de personnes continuent de revenir et repérer les phases de croissance ou de baisse.
Feature.Build.Analytics.Description.PayerConversion,Le taux de conversion des payeurs correspond au pourcentage de joueurs qui ont dépensé des Robux dans ton expérience. Utilise-le pour évaluer l'efficacité de ta monétisation à convertir les joueurs en acheteurs.
Feature.Build.Analytics.Description.PlaythroughRate,Le taux de complétion correspond au pourcentage de visites aboutissant à une session de jeu complète. Un taux élevé indique généralement que les joueurs prennent facilement ton expérience en main et ont un intérêt à aller jusqu'au bout.
Feature.Build.Analytics.Description.TotalPlaytime,Le temps de jeu total correspond au temps cumulé passé par les joueurs dans ton expérience au cours de la période. Une augmentation indique généralement des sessions plus engageantes.
Feature.Build.Analytics.DurationHours,{number} h
Feature.Build.Analytics.KeyStats,Stats clés
Feature.Build.Analytics.LastMonth,Le mois dernier
Feature.Build.Analytics.LastWeek,
Feature.Build.Analytics.Likes,Likes
Feature.Build.Analytics.Month.Apr,
Feature.Build.Analytics.Month.Aug,
Feature.Build.Analytics.Month.Dec,
Feature.Build.Analytics.Month.Feb,
Feature.Build.Analytics.Month.Jan,
Feature.Build.Analytics.Month.Jul,Juil.
Feature.Build.Analytics.Month.Jun,
Feature.Build.Analytics.Month.Mar,
Feature.Build.Analytics.Month.May,
Feature.Build.Analytics.Month.Nov,
Feature.Build.Analytics.Month.Oct,
Feature.Build.Analytics.Month.Sep,
Feature.Build.Analytics.NoData,Aucune donnée disponible
Feature.Build.Analytics.Overview,Vue d'ensemble
Feature.Build.Analytics.Percent,{number} %
Feature.Build.Analytics.Players,Joueurs
Feature.Build.Analytics.Sheet.Analyze,Analyser
Feature.Build.Analytics.Sheet.ViewInOverview,Voir dans la vue d'ensemble
Feature.Build.Analytics.Summary.Arppu,Nombre moyen de Robux gagnés par joueur payant.
Feature.Build.Analytics.Summary.D1Retention,Part des nouveaux joueurs qui reviennent le lendemain.
Feature.Build.Analytics.Summary.DailyActiveUsers,Joueurs uniques ayant rejoint l'expérience pendant la période sélectionnée.
Feature.Build.Analytics.Summary.PayerConversion,Part des joueurs ayant effectué un achat.
Feature.Build.Analytics.Summary.PlaythroughRate,Part des sessions étant allées au bout de l'expérience.
Feature.Build.Analytics.Summary.TotalPlaytime,Nombre total d'heures passées par les joueurs dans ton expérience.
Feature.Build.Analytics.Title.Arppu,ARPPU
Feature.Build.Analytics.Title.ConcurrentUsers,Total de joueurs
Feature.Build.Analytics.Title.D1Retention,Rétention J 1
Feature.Build.Analytics.Title.DailyActiveUsers,Utilisateurs actifs quotidiens
Feature.Build.Analytics.Title.PayerConversion,Conversion des payeurs
Feature.Build.Analytics.Title.PlaythroughRate,Taux de jeu
Feature.Build.Analytics.Title.TotalPlaytime,Temps de jeu total
Feature.Build.Analytics.Visits,Visites
Feature.Build.Content.NewGame,Nouveau jeu
Feature.Build.Description.ActivateDeveloperProduct,Mets en vente le produit développeur {PRODUCT_ID}.
Feature.Build.Description.AdCampaignModerationReview,Toutes les campagnes publicitaires sont examinées par l'équipe de modération de Roblox. Ce processus peut prendre jusqu'à 24 heures.
Feature.Build.Description.AdCampaignSheetRunDates,Diffusion : du {startDate} au {endDate}
Feature.Build.Description.AdvertisingAgreement,"En continuant, tu acceptes les {advertisingTermsStart}Conditions d'utilisation{advertisingTermsEnd} et les {advertisingStandardsStart}normes{advertisingStandardsEnd} de la publicité sur Roblox."
Feature.Build.Description.ArchiveRemoval,"Si tu archives ce jeu, il sera supprimé dans Construire. Tu peux toujours y accéder et le restaurer depuis le Hub Création ou Roblox Studio."
Feature.Build.Description.AutoBuyUsage,Utilise tes Robux pour acheter automatiquement des capacités d'utilisation supplémentaires de Construire au fur et à mesure que tu crées. Tu peux définir une limite de dépenses quotidienne à tout moment.
Feature.Build.Description.BoostAudienceForPlays,Élargis ton audience pour attirer plus de joueurs.
Feature.Build.Description.BuildIdeaGame,Transforme tes idées en un jeu
Feature.Build.Description.BuildReplyNotif,Recevoir une notification lorsque tu reçois une réponse dans Construire.
Feature.Build.Description.BuyRobuxToCreate,"Achète plus de Robux pour continuer à créer, ou attends que ton utilisation gratuite de la fonctionnalité Construire soit réinitialisée demain."
Feature.Build.Description.BuyUsageOrWait,Achète plus de capacités d'utilisation de Construire avec des Robux ou attends que ta limite quotidienne soit réinitialisée.
Feature.Build.Description.CampaignRunDates,Ta campagne se déroulera du {startDate} au {endDate} 
Feature.Build.Description.ChoosePlaytesters,Choisis des amis pour t'aider à tester le jeu.
Feature.Build.Description.EarnedRobuxAppliedFirst,"Si tu as gagné des Robux, ceux-ci seront d'abord utilisés pour couvrir le coût de la campagne publicitaire."
Feature.Build.Description.EnableBuildNotifs,Active les notifications dans les paramètres de ton appareil pour recevoir les mises à jour de Construire.
Feature.Build.Description.FriendsLinkOnly,Seuls tes amis peuvent accéder à ce lien. Modifie le paramètre Public de ton jeu si tu souhaites que davantage de personnes y jouent.
Feature.Build.Description.GameCreationDone,J'ai terminé la création et la publication de ton jeu. Tu peux l'ouvrir pour le tester.
Feature.Build.Description.GameSavedPlaytest,J'ai terminé la création de ton jeu et j'ai enregistré une nouvelle version. Lance-le pour le tester.
Feature.Build.Description.HubSettings,Gère tous les paramètres dans le Hub Création
Feature.Build.Description.InviteFriendLimit,"Choisis jusqu'à {MAX_INVITES} amis, puis partage le lien vers le jeu."
Feature.Build.Description.MakeAudienceAvail,Publie ton expérience pour la rendre accessible à ce public.
Feature.Build.Description.ManageAppearance,Gère la façon dont ton jeu apparaît pour les autres.
Feature.Build.Description.PlayAfterPublish,Choisis qui pourra jouer après la publication de cette expérience.
Feature.Build.Description.PlaytestLatest,Tu es en train de tester ta dernière version. Publie-la quand tu veux.
Feature.Build.Description.PlaytestLocked,Crée ton premier jeu pour commencer à le tester.
Feature.Build.Description.PlaytesterAccess,Ajoute des amis en tant que testeurs ou modifie le paramètre Public de ton jeu pour permettre à davantage de personnes d'y jouer.
Feature.Build.Description.PrivateShare,Modifie le paramètre Public de ton jeu pour le partager.
Feature.Build.Description.PromoteGameWithAdCampaign,Booste ton audience avec une campagne publicitaire de {durationDays} jours pour faire découvrir ton jeu.
Feature.Build.Description.RaiseLimitOrWait,"Augmente ta limite quotidienne de Robux pour continuer à créer, ou attends la réinitialisation demain."
Feature.Build.Description.RatingAgreement,"En publiant, tu confirmes que cette classification du contenu est exacte."
Feature.Build.Description.RestoreLatest,Cette version deviendra ta dernière version publiée.
Feature.Build.Description.RevertToVersion,Confirme pour annuler la dernière modification et restaurer la version {VERSION}.
Feature.Build.Description.ShareLatest,Présente les nouveautés de cette dernière version.
Feature.Build.Description.UpdateDeveloperProduct,Mets à jour le produit développeur {PRODUCT_ID}.
Feature.Build.Description.VersionChanges,Indique aux joueurs ce qui a changé dans cette version.
Feature.Build.Error.DeveloperProductNameTooLong,Le nom ne doit pas dépasser 50 caractères.
Feature.Build.Error.DeveloperProductPriceInvalid,Le prix doit être un nombre entier compris entre 1 et 1 000 000 000 Robux.
Feature.Build.Error.DeveloperProductTextModerated,La modération de Roblox a modifié le texte de ce produit. Reformule-le.
Feature.Build.Header.AccessSharing,Accès et partage
Feature.Build.Header.AllVersions,Toutes les versions
Feature.Build.Header.ContentMaturity,Maturité du contenu
Feature.Build.Header.CustomAnswer,Réponse personnalisée
Feature.Build.Header.GameDetails,Infos sur le jeu
Feature.Build.Header.Overview,
Feature.Build.Header.PastCampaigns,Campagnes passées
Feature.Build.Header.UpdateDetails,Modifier les détails
Feature.Build.Label.Access,Accès
Feature.Build.Label.AdClicks,Clics sur l'annonce
Feature.Build.Label.AdViews,Vues de l'annonce
Feature.Build.Label.AdditionalUsage,Utilisation supplémentaire de Construire
Feature.Build.Label.AdditionalUsed,{USED} sur {LIMIT} utilisé(s)
Feature.Build.Label.AdsManager,Gestionnaires des annonces publicitaires
Feature.Build.Label.All,
Feature.Build.Label.AmountAvailable,Montant disponible : {AMOUNT}
Feature.Build.Label.Autosaved,Sauvegarde automatique
Feature.Build.Label.Available,disponible
Feature.Build.Label.AvailableForPurchase,Disponible à l'achat
Feature.Build.Label.BackToBuild,Retour à la construction
Feature.Build.Label.Building,Construction...
Feature.Build.Label.CaptureLibrary,Bibliothèque de captures
Feature.Build.Label.CaptureSelectionCount,Sélection : {SELECTED_COUNT}/{MAX_SELECTIONS}
Feature.Build.Label.ContentRating,Classification du contenu
Feature.Build.Label.Created,Créé
Feature.Build.Label.CreatedDate,{DAY} {MONTH} {YEAR}
Feature.Build.Label.CreatorHub,Hub Création
Feature.Build.Label.DateRange,{startDate} — {endDate}
Feature.Build.Label.DefaultDeveloperProduct,Produit {PRODUCT_ID}
Feature.Build.Label.DefaultDeveloperProductName,produit développeur
Feature.Build.Label.Deleted,Supprimé
Feature.Build.Label.DescribeIdea,Décris une idée
Feature.Build.Label.Description,
Feature.Build.Label.DeveloperProductDescription,Description : {DESCRIPTION}
Feature.Build.Label.DeveloperProductName,Nom : « {NAME} »
Feature.Build.Label.DeveloperProductPrice,Prix : {PRICE} Robux
Feature.Build.Label.DeveloperProductPriceUnavailable,?
Feature.Build.Label.Done,
Feature.Build.Label.EasyPerformanceReport,Rapport de performances accessible
Feature.Build.Label.Error,
Feature.Build.Label.Free,Gratuit
Feature.Build.Label.FreeBuildUsage,Utilisation gratuite de Construire
Feature.Build.Label.Friends,
Feature.Build.Label.FriendsOnly,Amis uniquement
Feature.Build.Label.GamePlays,Parties jouées
Feature.Build.Label.GetMoreBuildUsage,Obtenir plus de capacités d'utilisation de Construire
Feature.Build.Label.Hi,Bonjour
Feature.Build.Label.IconThumbnails,Icône et miniatures
Feature.Build.Label.Images2D,Images 2D
Feature.Build.Label.InProgress,En cours
Feature.Build.Label.InputNeeded,Saisie requise
Feature.Build.Label.InviteCount,{COUNT}/{MAX_INVITES}
Feature.Build.Label.Limited,Limité
Feature.Build.Label.Live,En ligne
Feature.Build.Label.Loading,Chargement…
Feature.Build.Label.MaximizeForGamePlays,Maximise le nombre de parties jouées
Feature.Build.Label.Models3D,Modèles 3D
Feature.Build.Label.Name,
Feature.Build.Label.NoLimit,Pas de limite
Feature.Build.Label.NotStarted,Non commencé
Feature.Build.Label.OffSale,Hors vente
Feature.Build.Label.OnSale,En vente
Feature.Build.Label.Pending,En attente
Feature.Build.Label.PercentUsed,{PERCENT} % utilisé(s)
Feature.Build.Label.PlayTime,Temps de jeu
Feature.Build.Label.PreviouslyPublished,Publiée précédemment
Feature.Build.Label.Price,Prix
Feature.Build.Label.Pricing,Tarification
Feature.Build.Label.Private,Privé
Feature.Build.Label.Public,Public
Feature.Build.Label.PubliclyUnavailable,Non disponible au public
Feature.Build.Label.Published,Publié
Feature.Build.Label.Purchased,Acheté
Feature.Build.Label.Ready,Prêt
Feature.Build.Label.RegionalPricing,Prix régionaux
Feature.Build.Label.ResetsDaily,Réinitialisation quotidienne
Feature.Build.Label.RestoredVersion,{VERSION} restaurée
Feature.Build.Label.RobuxUsage,{USED}/{LIMIT}
Feature.Build.Label.Search,Chercher
Feature.Build.Label.SearchAssets,Rechercher des contenus
Feature.Build.Label.SearchGames,Rechercher des jeux
Feature.Build.Label.SearchTasks,Rechercher des tâches
Feature.Build.Label.SelectOption,Sélectionner une option
Feature.Build.Label.ShareAddedFriends,Partager avec les amis que tu as ajoutés
Feature.Build.Label.Shared,Partagé
Feature.Build.Label.Sounds,Sons
Feature.Build.Label.TargetAllRobloxPlayers,Cible tous les joueurs sur Roblox
Feature.Build.Label.Thinking,Réflexion
Feature.Build.Label.Title,Titre
Feature.Build.Label.TitleDescription,Titre et description
Feature.Build.Label.Tool,outil
Feature.Build.Label.ToolAssetDone,Contenu inséré
Feature.Build.Label.ToolAssetFailed,Impossible d'insérer le contenu
Feature.Build.Label.ToolAssetRunning,Insertion du contenu
Feature.Build.Label.ToolAssetSearchDone,Recherché dans la bibliothèque de contenus
Feature.Build.Label.ToolAssetSearchFailed,Impossible de rechercher dans la bibliothèque de contenus
Feature.Build.Label.ToolAssetSearchRunning,Recherche dans la bibliothèque de contenus
Feature.Build.Label.ToolClientDMDone,Recherche dans le DataModel client terminée
Feature.Build.Label.ToolClientDMFailed,Impossible de rechercher dans le DataModel client
Feature.Build.Label.ToolClientDMRunning,Recherche dans le DataModel client en cours
Feature.Build.Label.ToolGameInfoDone,Informations sur le jeu mises à jour
Feature.Build.Label.ToolGameInfoFailed,Impossible de mettre à jour les informations sur le jeu
Feature.Build.Label.ToolGameInfoRunning,Mise à jour des informations sur le jeu
Feature.Build.Label.ToolGameSaveDone,Jeu sauvegardé
Feature.Build.Label.ToolGameSaveFailed,Impossible de sauvegarder le jeu
Feature.Build.Label.ToolGameSaveRunning,Sauvegarde du jeu
Feature.Build.Label.ToolImageDone,Image générée
Feature.Build.Label.ToolImageFailed,Impossible de générer l'image
Feature.Build.Label.ToolImageRunning,Génération de l'image
Feature.Build.Label.ToolInspectDone,Instance client inspectée
Feature.Build.Label.ToolInspectFailed,Impossible d'inspecter l'instance client
Feature.Build.Label.ToolInspectRunning,Inspection de l'instance client en cours
Feature.Build.Label.ToolLogsDone,Logs demandés
Feature.Build.Label.ToolLogsFailed,Impossible de demander les logs
Feature.Build.Label.ToolLogsRunning,Demande de logs
Feature.Build.Label.ToolLuauDone,Luau exécuté
Feature.Build.Label.ToolLuauFailed,Impossible d'exécuter Luau
Feature.Build.Label.ToolLuauRunning,Exécution de Luau
Feature.Build.Label.ToolModelDone,Modèle 3D généré
Feature.Build.Label.ToolModelFailed,Impossible de générer le modèle 3D
Feature.Build.Label.ToolModelRunning,Génération du modèle 3D
Feature.Build.Label.ToolPlanPresentDone,Plan présenté
Feature.Build.Label.ToolPlanPresentFailed,Impossible de présenter le plan
Feature.Build.Label.ToolPlanPresentRunning,Présentation du plan
Feature.Build.Label.ToolPlanUpdateDone,Plan mis à jour
Feature.Build.Label.ToolPlanUpdateFailed,Impossible de mettre à jour le plan
Feature.Build.Label.ToolPlanUpdateRunning,Mise à jour du plan
Feature.Build.Label.ToolPrimitiveDone,Forme primitive générée
Feature.Build.Label.ToolPrimitiveFailed,Impossible de générer la forme primitive
Feature.Build.Label.ToolPrimitiveRunning,Génération de la forme primitive
Feature.Build.Label.ToolQuestionDone,A posé une question
Feature.Build.Label.ToolQuestionFailed,Impossible de poser une question
Feature.Build.Label.ToolQuestionRunning,Pose une question
Feature.Build.Label.ToolReqUpdateDone,Exigences mises à jour
Feature.Build.Label.ToolReqUpdateFailed,Impossible de mettre à jour les exigences
Feature.Build.Label.ToolReqUpdateRunning,Mise à jour des exigences
Feature.Build.Label.ToolScriptDone,Script exécuté
Feature.Build.Label.ToolScriptFailed,Impossible d'exécuter le script
Feature.Build.Label.ToolScriptRunning,Exécution du script
Feature.Build.Label.ToolSkillLoadDone,Compétence chargée
Feature.Build.Label.ToolSkillLoadFailed,Impossible de charger la compétence
Feature.Build.Label.ToolSkillLoadRunning,Chargement de la compétence
Feature.Build.Label.ToolSkillsDone,Compétences disponibles listées
Feature.Build.Label.ToolSkillsFailed,Impossible de lister les compétences disponibles
Feature.Build.Label.ToolSkillsRunning,Génération de la liste des compétences disponibles
Feature.Build.Label.ToolTasksPlanDone,Tâches planifiées
Feature.Build.Label.ToolTasksPlanFailed,Impossible de planifier les tâches
Feature.Build.Label.ToolTasksPlanRunning,Planification de tes tâches
Feature.Build.Label.ToolThumbnailDone,Miniature du jeu définie
Feature.Build.Label.ToolThumbnailFailed,Impossible de définir la miniature du jeu
Feature.Build.Label.ToolThumbnailRunning,Définition de la miniature du jeu
Feature.Build.Label.UniverseNumber,Univers {UNIVERSE_ID}
Feature.Build.Label.Unknown,Inconnu
Feature.Build.Label.UnlimitedUsed,{USED} utilisé(s) • Pas de limite
Feature.Build.Label.UpdateTitleDesc,Modifier le titre et la description
Feature.Build.Label.Updated,Mis à jour
Feature.Build.Label.Usage,Utilisation
Feature.Build.Label.UsageUsed,{USED} utilisé(s)
Feature.Build.Label.UsernameHandle,@{USERNAME}
Feature.Build.Label.Version,
Feature.Build.Label.VersionCompact,v{VERSION_NUMBER}
Feature.Build.Label.VersionDate,{VERSION} · {CREATED_DATE}
Feature.Build.Label.VersionPadded,v0{VERSION_NUMBER}
Feature.Build.Label.VersionTitleDesc,Titre et description de la version
Feature.Build.Label.Video,
Feature.Build.Message.AccountRequirements,Ton compte ne répond pas aux exigences pour utiliser la fonctionnalité Construire.
Feature.Build.Message.AccountTooNew,Ton compte est trop récent pour publier. Réessaye lorsqu'il aura 2 jours.
Feature.Build.Message.AdCampaignCreateFailed,Impossible de créer ta campagne. Réessaie.
Feature.Build.Message.AdCampaignCreated,Campagne publicitaire créée
Feature.Build.Message.AdPerformanceLoadFailed,Impossible de charger les performances de l'annonce
Feature.Build.Message.AdsPromotionBannerSubtitle,Élargis ton audience gratuitement
Feature.Build.Message.AdsPromotionBannerTitle,Il te reste {promotionCount} promotions gratuites
Feature.Build.Message.AdsPromotionBannerTitleSingular,Il te reste 1 promotion gratuite
Feature.Build.Message.AdsStatsEmpty,Développe ton audience avec une campagne publicitaire pour faire découvrir ton jeu
Feature.Build.Message.AdsStatsEmptyFree,Développe ton audience avec une campagne publicitaire gratuite pour faire découvrir ton jeu
Feature.Build.Message.AllFriendsAdded,Tu as ajouté tous tes amis en tant que testeurs.
Feature.Build.Message.AnswerBuildQuestion,Réponds à la question de la fonctionnalité Construire ci-dessous.
Feature.Build.Message.AssetDetailsUnavailable,Les détails du contenu sont indisponibles.
Feature.Build.Message.AssetsLoadFailed,Impossible de charger les contenus.
Feature.Build.Message.AudienceIneligible,Non éligible pour ce public
Feature.Build.Message.BuildAccountBlocked,Construire n'est pas disponible pour ton compte pour le moment.
Feature.Build.Message.BuildBusy,Construire est occupé. Patiente une minute et réessaye.
Feature.Build.Message.BuildConnectFailed,Construire n'a pas pu se connecter. Réessaye.
Feature.Build.Message.BuildInternalError,Construire a rencontré un problème. Réessaye.
Feature.Build.Message.BuildResponseFailed,Construire n'a pas pu répondre. Réessaye.
Feature.Build.Message.BuildStillWorking,"C'est en cours. Tu peux quitter l'application, jouer sur Roblox ou commencer un autre projet en attendant."
Feature.Build.Message.BuildStopped,Tu as arrêté Construire.
Feature.Build.Message.BuildTemporarilyDown,Construire est temporairement indisponible. Réessaye dans une minute.
Feature.Build.Message.CompletedTasks,{COUNT} tâches terminées
Feature.Build.Message.ConversationGone,Cette conversation n'est plus disponible. Démarres-en une nouvelle.
Feature.Build.Message.ConversationNotFound,Impossible de trouver cette conversation. Démarres-en une nouvelle.
Feature.Build.Message.CreateGameToUseBuild,Crée un nouveau jeu pour commencer à utiliser Construire.
Feature.Build.Message.CreatedRevertedVer,Une version rétablie a été créée.
Feature.Build.Message.ErrorCodeText,({ERROR_CODE}) {ERROR_TEXT}
Feature.Build.Message.ExpandAudience,Augmente ton éligibilité auprès du public sur le Hub Création
Feature.Build.Message.ExperiencesLoadFailed,Impossible de charger les expériences
Feature.Build.Message.FailedTitle,Échec de l'action : {TITLE}
Feature.Build.Message.FinishedTitle,Fin de l'action : {TITLE}
Feature.Build.Message.FriendsLoadFailed,Impossible de charger les amis. Réessaye.
Feature.Build.Message.GameNotCreated,Ton jeu n'a pas été créé. Réessaie.
Feature.Build.Message.GamePublishFailed,Tes modifications n'ont pas pu être publiées. Réessaye.
Feature.Build.Message.GameShared,Jeu partagé
Feature.Build.Message.GameSharedWith,Jeu partagé avec {DISPLAY_NAME}
Feature.Build.Message.HiDisplayName,"Bonjour {DISPLAY_NAME}, "
Feature.Build.Message.ImageUploadFailed,Impossible d'importer tes images. Réessaye.
Feature.Build.Message.InvalidMessage,Une erreur s'est produite avec ton message. Modifie-le et réessaye.
Feature.Build.Message.InvitesLoadFailed,Impossible de charger les invitations
Feature.Build.Message.LimitBelowSpend,La limite ne peut pas être inférieure aux {ALREADY_SPENT} Robux déjà dépensés aujourd'hui.
Feature.Build.Message.LinkCopied,Lien copié dans le presse-papiers.
Feature.Build.Message.LoadingVersions,Chargement de l'historique des versions…
Feature.Build.Message.NoAssetsFound,Aucun contenu trouvé.
Feature.Build.Message.NoCapturesAvailable,Aucune capture disponible
Feature.Build.Message.NoDescriptionProvided,Aucune description fournie.
Feature.Build.Message.NoFriendsToAdd,Tu n'as pas encore d'amis à ajouter. Trouve d'abord des personnes avec qui te connecter sur Roblox.
Feature.Build.Message.NoResults,
Feature.Build.Message.NoVersionHistory,Aucun historique des versions pour le moment.
Feature.Build.Message.OneTaskCompleted,1 tâche terminée
Feature.Build.Message.OutOfBuildUsage,Tu ne peux plus utiliser la fonctionnalité Construire. Consulte tes options pour utiliser des Robux et continuer à créer.
Feature.Build.Message.PlaytestersAdded,{INVITED_COUNT} testeurs sur {MAX_INVITES} ajoutés
Feature.Build.Message.PublicPublishFailed,"Ton jeu a été publié, mais n'a pas pu être rendu public. Réessaye."
Feature.Build.Message.PublishExpandAudience,Publie pour élargir ton public
Feature.Build.Message.PublishNotReverted,Ta publication n'a pas été rétablie. Réessaie.
Feature.Build.Message.PublishPromotionUpsell,"Ton jeu est publié, félicitations ! Profite de {promotionCount} promotions gratuites pour attirer plus de joueurs sur Roblox."
Feature.Build.Message.PublishPromotionUpsellSingular,"Félicitations, ton jeu est publié ! Profite d'une promotion gratuite pour attirer plus de joueurs sur Roblox."
Feature.Build.Message.PublishReverted,Publication annulée.
Feature.Build.Message.QuestionnaireNeeded,Ce jeu a été modifié en dehors de Construire. Remplis le questionnaire sur le contenu pour le publier.
Feature.Build.Message.ReadyToPlay,Les joueurs peuvent jouer à ton jeu sur Roblox !
Feature.Build.Message.ResetHours,Réinitialisation dans {HOURS} heures
Feature.Build.Message.ResetOneHour,Réinitialisation dans 1 heure
Feature.Build.Message.RestoreVersionFailed,Impossible de restaurer cette version. Réessaye.
Feature.Build.Message.RevertVersionFail,Une version rétablie n'a pas été créée. Réessaie.
Feature.Build.Message.RunningTitle,Action {title} en cours d'exécution
Feature.Build.Message.SafetyPolicy,Ce message est contraire à notre politique de sécurité. Modifie-le et réessaie.
Feature.Build.Message.SaveChangesFailed,Impossible d'enregistrer les modifications. Réessaye.
Feature.Build.Message.ShareExperience,Partager {EXPERIENCE_NAME}
Feature.Build.Message.ShareLinkFailed,Impossible de créer le lien de partage. Réessaye.
Feature.Build.Message.SignedOut,Tu es déconnecté·e. Connecte-toi et réessaye.
Feature.Build.Message.TasksCompleted,{NUM_COMPLETED_TASKS} tâches terminées
Feature.Build.Message.ThinkingSeconds,Réflexion pendant {SECONDS} s
Feature.Build.Message.TryAgain,Essaye à nouveau.
Feature.Build.Message.TurnToPortrait,Mets ton appareil en mode portrait pour continuer à travailler sur ton jeu.
Feature.Build.Message.VersionHistoryLoad,Impossible de charger l'historique des versions.
Feature.Build.Message.WhatToCreate,Que veux-tu créer aujourd'hui ?
Feature.Build.Message.WorkedMinutesSeconds,A travaillé pendant {MINUTES} m {REM_SECONDS} s
Feature.Build.Message.WorkedSeconds,A travaillé pendant {SECONDS} s
Feature.Build.Message.WorkingOnTasks,Travail en cours sur tes tâches
Feature.Build.Notification.Message.Continue,Reprends ton chat dans Construire pour continuer.
Feature.Build.Notification.Message.Review,Reprends ton chat dans Construire pour examiner le résultat.
Feature.Build.Notification.Title.Finished,Construire : terminé
Feature.Build.Notification.Title.NeedInput,Construire a besoin de ton avis
Feature.Build.Prompt.CreateDeveloperProduct,"Aide-moi à créer un produit développeur, à l'intégrer au jeu, à vérifier et à publier les modifications, et à le rendre disponible à l'achat."
Feature.Build.Title.AdCampaignActive,La campagne publicitaire est active
Feature.Build.Title.AdCampaignDuration,Campagne publicitaire de {durationDays} jours
Feature.Build.Title.AddFriendsToPlaytest,Ajoute des amis pour t'aider à tester le jeu
Feature.Build.Title.AddImages,Ajouter des images
Feature.Build.Title.AdsStatsEmpty,Lancer une campagne
Feature.Build.Title.AdsStatsEmptyFree,Lance ta première campagne
Feature.Build.Title.ArchiveThisGame,Archiver ce jeu ?
Feature.Build.Title.AssetLibrary,Bibliothèque
Feature.Build.Title.Audience,
Feature.Build.Title.BuildQuestion,La fonctionnalité Construire a une question
Feature.Build.Title.BuildQuestions,La fonctionnalité Construire a quelques questions
Feature.Build.Title.BuildUnavailable,Construire n'est pas disponible
Feature.Build.Title.BuildUsage,Utilisation de Construire
Feature.Build.Title.ChangesNotLive,Tes modifications ne sont pas encore en ligne
Feature.Build.Title.ChatBuildUnavailable,Construire non disponible.
Feature.Build.Title.Content,
Feature.Build.Title.DailyRobuxReached,Limite quotidienne de Robux atteinte
Feature.Build.Title.ExperienceAudience,Public de l'expérience
Feature.Build.Title.FreeUsageReached,Limite d'utilisation gratuite de Construire atteinte
Feature.Build.Title.FriendsOnlyPlay,Seuls les amis peuvent y jouer
Feature.Build.Title.GameCreationDone,Création de jeu terminée
Feature.Build.Title.GamePrivate,Ce jeu est privé
Feature.Build.Title.GenericError,Une erreur s'est produite
Feature.Build.Title.GetUsers,Obtenir des utilisateurs
Feature.Build.Title.NoRobuxForUsage,Il ne reste plus de Robux pour utiliser Construire
Feature.Build.Title.Playtesters,Testeurs
Feature.Build.Title.PlaytestersOnlyPlay,Seuls les testeurs peuvent y jouer
Feature.Build.Title.PromoteGame,Fais la promotion de ton jeu
Feature.Build.Title.PromoteGameFree,Fais la promotion de ton jeu gratuitement
Feature.Build.Title.PushNotifications,Notifications push
Feature.Build.Title.RevertLastChange,Annuler la dernière modification ?
Feature.Build.Title.Tasks,Tâches
Feature.Build.Title.TurnActivity,Activité de ce tour
Feature.Build.Title.VersionHistory,Historique des versions
Feature.Build.Title.VersionInfo,Détails de la version
Feature.Build.Title.VersionInformation,Informations sur la version
Feature.Build.Title.VersionNumber,Version {VERSION}
Feature.Build.Title.Versions,Versions
Feature.Build.Title.WhatsIncluded,Qu'est-ce qui est inclus ?
Feature.BuyRobux.Heading.Banner,
Feature.Call.Error.Description.Generic,
Feature.Captures.Action.NoThanks,Non merci
Feature.Captures.Action.Share,
Feature.Captures.Action.ShareYourCapture,Partager ta capture
Feature.Captures.Body.ShareCapturePrompt,Veux-tu partager ta capture ?
Feature.Captures.Description.AllowPhotoAccessInfo,"Pour enregistrer vos captures, Roblox a besoin d’accéder à votre appareil."
Feature.Captures.Title.AllowPhotoAccessInfo,Autoriser l'accès aux photos
Feature.Captures.Title.ShareCapturePrompt,Partager la capture
Feature.Captures.Toast.CaptureSaved,Capture sauvegardée
Feature.Captures.Toast.CaptureSavedToDevice,Enregistré sur l'appareil
Feature.Catalog.Action.Buy,
Feature.Catalog.Action.Cancel,
Feature.Catalog.Action.Checkout.GoToCustomize,Aller à Personnaliser
Feature.Catalog.Action.Checkout.ManageInCustomize,Gérer dans Personnaliser
Feature.Catalog.Action.Checkout.UnavailableItems,J'ai compris
Feature.Catalog.Action.Checkout.Wear,Porter
Feature.Catalog.Action.CheckoutPlural,Voir le paiement ({count})
Feature.Catalog.Action.CheckoutSingular,Vérifier 1 item
Feature.Catalog.Action.CloseDetails,Fermer les détails
Feature.Catalog.Action.CopyLink,Copier le lien
Feature.Catalog.Action.Customize,Personnaliser
Feature.Catalog.Action.Delete,
Feature.Catalog.Action.DeleteAvatar,Supprimer avatar
Feature.Catalog.Action.DescribeAvatar,Décrire ton avatar (facultatif)
Feature.Catalog.Action.Favorite,
Feature.Catalog.Action.Favorites.BrowseMarketplace,Parcourir le marketplace
Feature.Catalog.Action.GoBack,
Feature.Catalog.Action.ItemOptions,Options d'articles
Feature.Catalog.Action.LoadMore,Télécharger davantage
Feature.Catalog.Action.Next,
Feature.Catalog.Action.OpenDetails,Ouvrir les détails
Feature.Catalog.Action.Owned,{count} possédés
Feature.Catalog.Action.Post,
Feature.Catalog.Action.PreviewAndPost,Aperçu et publication
Feature.Catalog.Action.Remove,
Feature.Catalog.Action.RemoveFavorite,
Feature.Catalog.Action.Rent,Louer
Feature.Catalog.Action.Replace,
Feature.Catalog.Action.Report,Signaler
Feature.Catalog.Action.Sell,Vendre
Feature.Catalog.Action.ShareVia,Partager via...
Feature.Catalog.Action.Submit,
Feature.Catalog.Action.Try,
Feature.Catalog.Action.Upgrade,Améliorer
Feature.Catalog.Action.ViewDetailsPage,Voir la page de détails
Feature.Catalog.Action.ViewExperienceDetails,Voir les détails de l'expérience
Feature.Catalog.Action.ViewTerms,Voir les conditions
Feature.Catalog.ActionSeeAll,Tout voir
Feature.Catalog.AvatarWidgetTitle,
Feature.Catalog.Checkout.Title.PurchasedFailedPlural,Les {count} items n'ont pas pu être achetés
Feature.Catalog.Checkout.WearAfterPurchase,
Feature.Catalog.Description.AttributionAlertBody,Tu vas quitter cette zone et rejoindre {experienceName}.
Feature.Catalog.Feature.Catalog.Label.ClassicShirt,
Feature.Catalog.Feature.Catalog.Label.ClassicTShirt,T-shirt classique
Feature.Catalog.Feature.Catalog.Label.TotalItems,Total : {itemCount} items
Feature.Catalog.Feature.Catalog.Label.TotalItemsParenthesis,Total ({itemCount} items)
Feature.Catalog.Header.Checkout,Paiement
Feature.Catalog.Header.InvalidOutfit,Tenue non valide
Feature.Catalog.Header.PostAvatar,Publier l'avatar
Feature.Catalog.Heading.AvailableItems,Items disponibles
Feature.Catalog.Heading.BuyItem,Acheter article
Feature.Catalog.Heading.FreeItemConfirmation,Obtenir élément
Feature.Catalog.Heading.GoToExperience,Rejoindre une expérience ?
Feature.Catalog.Heading.HoldingPolicy,Politique de mise en attente
Feature.Catalog.Heading.InExperienceOnly,Disponible dans l'expérience
Feature.Catalog.Heading.InsufficientFunds,Pas assez de Robux
Feature.Catalog.Heading.ItemInfo,Infos sur l’article
Feature.Catalog.Heading.ItemRemoved,Objet retiré
Feature.Catalog.Heading.ItemsOnSale,Items en vente
Feature.Catalog.Heading.NotForSale,Pas à vendre
Feature.Catalog.Heading.Overview,
Feature.Catalog.Heading.PremiumOnly,Premium uniquement
Feature.Catalog.Heading.QuantityLimitReached,Limite de créateur atteinte
Feature.Catalog.Heading.QuickMenu,Menu rapide
Feature.Catalog.Heading.Resellers,Revendeurs
Feature.Catalog.Heading.SellItem,Vendre objet
Feature.Catalog.Heading.Sellers,Vendeurs
Feature.Catalog.Heading.SetPrice,Fixer le prix
Feature.Catalog.Heading.ShowBodyParts,Afficher les parties du corps
Feature.Catalog.Heading.ShowHeadType,Afficher le type de tête
Feature.Catalog.Heading.ShowShoes,Afficher les chaussures
Feature.Catalog.Heading.TakeOffSale,Décollage des ventes
Feature.Catalog.HeroWidget.BundleTitle,Korblox Brisepacte est arrivé
Feature.Catalog.HeroWidget.CapsuleDescription,
Feature.Catalog.HeroWidget.CapsulePoolDescription,
Feature.Catalog.HeroWidget.CapsulePoolTitle,
Feature.Catalog.HeroWidget.CapsuleTitle,
Feature.Catalog.Label.Adjustable,Réglable
Feature.Catalog.Label.AdvancedMaterials,Matériaux avancés
Feature.Catalog.Label.AllItems,Tous les items
Feature.Catalog.Label.AlreadyOwned,Article déjà acquis
Feature.Catalog.Label.Animation,Animation
Feature.Catalog.Label.Attributes,Attributs
Feature.Catalog.Label.Attribution,Fabriqué en
Feature.Catalog.Label.AvailableForSale,Disponible à vendre
Feature.Catalog.Label.AvailableToPremiumMembers,Disponible parce que tu as Premium
Feature.Catalog.Label.Avatar,
Feature.Catalog.Label.AvatarEmoteSelection,Sélectionner un emote pour la pose de ton avatar !
Feature.Catalog.Label.AvatarTitle,Titre de l'avatar
Feature.Catalog.Label.Avatars,
Feature.Catalog.Label.AveragePrice,Prix moyen
Feature.Catalog.Label.AveragePriceColon,Prix moyen :
Feature.Catalog.Label.BackAccessories,Accessoires arrière
Feature.Catalog.Label.Backgrounds,
Feature.Catalog.Label.Bestselling,Meilleures ventes
Feature.Catalog.Label.Body,Corps
Feature.Catalog.Label.Bundle,Package
Feature.Catalog.Label.Bundles,Ensembles
Feature.Catalog.Label.BuyConfirmation,Souhaites-tu acheter l'élément {itemName} de {creatorName} pour   ?
Feature.Catalog.Label.BuyConfirmationIncludingWarning,Modère ton temps de divertissement et reste raisonnable. Veux-tu acheter {itemName} de {creatorName} ?
Feature.Catalog.Label.BuyItems,Acheter les objets
Feature.Catalog.Label.BuyPrice,Prix d'achat :
Feature.Catalog.Label.BuyRobux,
Feature.Catalog.Label.Category,Catégorie
Feature.Catalog.Label.CategoryType,Type
Feature.Catalog.Label.Characters,Personnages
Feature.Catalog.Label.Checkout.CheckoutButtonFtuxTooltip,Voir et supprimer les items que tu essayes ici
Feature.Catalog.Label.Checkout.ClearAllItemsOnAvatarBody,Cela supprimera tous les items non possédés que tu portes sur ton avatar.
Feature.Catalog.Label.Checkout.DontWarnAgainText,Ne plus m'avertir
Feature.Catalog.Label.Checkout.GoToCustomizeBody,Tu ne peux porter ou retirer des items possédés que dans la partie Personnaliser.
Feature.Catalog.Label.Checkout.InExperienceOnly,Uniquement en expérience
Feature.Catalog.Label.Checkout.ItemReplacedOnAvatarBody,Vous ne pouvez porter qu'un objet par catégorie. Le nouvel objet remplace toujours celui que vous êtes en train de porter.
Feature.Catalog.Label.Checkout.LimitReached,Limite atteinte
Feature.Catalog.Label.Checkout.OffSale,
Feature.Catalog.Label.Checkout.OutOfStock,En rupture de stock
Feature.Catalog.Label.Checkout.PriceChanged,Prix modifié
Feature.Catalog.Label.Checkout.SoldOut,Épuisé
Feature.Catalog.Label.Checkout.Unavailable,Indisponible
Feature.Catalog.Label.Checkout.WearAvatarReplaceAllItemsBody,Porter cet avatar remplacera tous les items que tu portes actuellement.
Feature.Catalog.Label.ClassicShirt,
Feature.Catalog.Label.ClassicTShirt,
Feature.Catalog.Label.Clothing,
Feature.Catalog.Label.CreatorName,Nom du créateur
Feature.Catalog.Label.CurrentBalance,Solde actuel:
Feature.Catalog.Label.CustomizeAvatar,Personnaliser un avatar
Feature.Catalog.Label.DeleteAvatarConfirmationPromptMessage,Tu ne peux pas annuler cette action si tu supprimes.
Feature.Catalog.Label.Details,
Feature.Catalog.Label.DynamicHeads,
Feature.Catalog.Label.Emissive,Émissif
Feature.Catalog.Label.EmissiveInfo,"L'item émissif brille et émet sa propre lumière, de sorte qu'il reste lumineux et visible même dans des environnements sombres."
Feature.Catalog.Label.Emotes,
Feature.Catalog.Label.EyeMakeup,
Feature.Catalog.Label.Eyebrow,Sourcil
Feature.Catalog.Label.EyebrowMakeup,
Feature.Catalog.Label.Eyebrows,
Feature.Catalog.Label.Eyelash,Cil
Feature.Catalog.Label.EyelashMakeup,
Feature.Catalog.Label.Eyelashes,
Feature.Catalog.Label.FaceAccessories,Accessoires de visage
Feature.Catalog.Label.FaceMakeup,
Feature.Catalog.Label.Favorites,
Feature.Catalog.Label.Fee,Frais de {feePercentage}% :
Feature.Catalog.Label.Filter.Creator,Créateur
Feature.Catalog.Label.Filter.Curator,Conservateur
Feature.Catalog.Label.Filter.Filters,
Feature.Catalog.Label.Filter.Hide,Masquer
Feature.Catalog.Label.Filter.PriceMax,Max
Feature.Catalog.Label.Filter.PriceMin,Min
Feature.Catalog.Label.Filter.SalesType,Type de vente
Feature.Catalog.Label.Filter.Show,
Feature.Catalog.Label.Filter.Sorts,Tri
Feature.Catalog.Label.Filter.TotalValue,Valeur totale
Feature.Catalog.Label.Filter.UnavailableItems,Items indisponibles
Feature.Catalog.Label.FreeItemConfirmation,Veux-tu obtenir l'élément « {itemName} » de {creatorName} gratuitement ?
Feature.Catalog.Label.FreeUpperCase,GRATUIT
Feature.Catalog.Label.FromPrice,De {itemPrice}
Feature.Catalog.Label.FrontAccessories,Accessoires avant
Feature.Catalog.Label.FullBodies,Corps complets
Feature.Catalog.Label.FullBody,
Feature.Catalog.Label.Gear,
Feature.Catalog.Label.Get,Obtenir
Feature.Catalog.Label.GetPremiumAndPrice,Prends Premium et achète pour 
Feature.Catalog.Label.HD,HD
Feature.Catalog.Label.Hair,
Feature.Catalog.Label.HeadShape,
Feature.Catalog.Label.HighDefinitionInfo,"Les items HD se distinguent par la qualité de leurs détails, matériaux et coupe."
Feature.Catalog.Label.Holding,
Feature.Catalog.Label.InExperienceOnly,La vente originale de cet article n'est disponible qu'en expérience.
Feature.Catalog.Label.InMultipleExperiences,Dans {NUM_EXPERIENCES} Expériences
Feature.Catalog.Label.InSingleExperience,En expérience
Feature.Catalog.Label.InSpecificExperience,Dans {EXPERIENCE_NAME}
Feature.Catalog.Label.IncludedParts,Pièces incluses
Feature.Catalog.Label.InsufficientFunds,Tu n'as pas assez de Robux pour acheter cet objet.
Feature.Catalog.Label.ItemCount,{itemCount} objet
Feature.Catalog.Label.ItemExperienceLimitReached,"Tu as atteint la limite d'achat que le créateur a fixée pour cet item. tu ne pourras pas acquérir plus, souhaites-tu quand même entrer [{EXPERIENCE_NAME} ] ?"
Feature.Catalog.Label.ItemExperienceLimitReachedTitle,Limite d'achat atteinte
Feature.Catalog.Label.ItemExperienceSoldOut,"L'exemplaire original est épuisé dans l'expérience, souhaites-tu toujours participer à [{EXPERIENCE_NAME}] ?"
Feature.Catalog.Label.ItemExperienceSoldOutTitle,Item épuisé
Feature.Catalog.Label.ItemInAHold,Item en attente ?
Feature.Catalog.Label.ItemOwnedCount,Items possédés ({itemCount})
Feature.Catalog.Label.ItemsCount,{itemCount} objets
Feature.Catalog.Label.LeftArm,
Feature.Catalog.Label.Limited,
Feature.Catalog.Label.LimitedU,U Limitée
Feature.Catalog.Label.LipMakeup,
Feature.Catalog.Label.Makeup,
Feature.Catalog.Label.Makeup.MakeupMax6LayersPromptBody,"Les nouveaux calques de maquillage apparaîtront toujours en haut, remplaçant le calque du bas jusqu'à ce que tu libères un emplacement."
Feature.Catalog.Label.MakeupCartDescriptionText,"6 yeux, lèvres et visage au choix, ainsi qu'1 cil et 1 sourcil"
Feature.Catalog.Label.MakeupLooks,Apparences
Feature.Catalog.Label.MarketplaceToAvatarPage,Tu vas quitter le marketplace pour personnaliser ton avatar.
Feature.Catalog.Label.MaxPerUser,Max par utilisateur
Feature.Catalog.Label.MinimumAmount,Le minimum doit être supérieur à 0.
Feature.Catalog.Label.MinimumAmountCustom,Le montant minimum doit être supérieur à {minimumAmount}.
Feature.Catalog.Label.MostFavorited,Préférés des joueurs
Feature.Catalog.Label.MostPopular,Les plus populaires
Feature.Catalog.Label.NA,
Feature.Catalog.Label.NeckAccessories,Accessoires de cou
Feature.Catalog.Label.New,
Feature.Catalog.Label.NewCollectibles,Nouveaux articles de collection !
Feature.Catalog.Label.No,Non
Feature.Catalog.Label.NoLongerAvailable,Cet objet n'est plus disponible.
Feature.Catalog.Label.NoSellersWarning,"Désolé, personne en vend cet objet."
Feature.Catalog.Label.None,Aucun
Feature.Catalog.Label.NotAvailable,Cet article n'est pas disponible pour le moment
Feature.Catalog.Label.OfferApplied,Offre appliquée
Feature.Catalog.Label.OnSale,
Feature.Catalog.Label.OriginalPrice,Prix d'origine
Feature.Catalog.Label.OutOfStock,
Feature.Catalog.Label.Owned,Possédé
Feature.Catalog.Label.PBR,Matériel
Feature.Catalog.Label.PBR.false,Basique
Feature.Catalog.Label.PBR.true,
Feature.Catalog.Label.PBRInfo,"Les items d'avatar dotés de matériaux avancés utilisent le rendu basé sur la physique (PBR) pour paraître plus naturels, avec une lumière et des ombres qui changent et brillent comme dans la vraie vie."
Feature.Catalog.Label.PBRInfoTitle,Rendu basé sur la physique (PBR)
Feature.Catalog.Label.ParticleEffects,Effets de particules
Feature.Catalog.Label.ParticleEffectsInfo,"Un item avec des effets de particules produit des visuels animés, ce qui le rend dynamique et vivant."
Feature.Catalog.Label.Placement,Placement
Feature.Catalog.Label.PrePremiumPrice,(Prix de l'article :
Feature.Catalog.Label.Premium,
Feature.Catalog.Label.PremiumDiscount,Tu économises {percent}% avec Premium
Feature.Catalog.Label.PremiumOnly,Disponible pour les utilisateurs Premium uniquement
Feature.Catalog.Label.Price,
Feature.Catalog.Label.PriceColon,Prix:
Feature.Catalog.Label.PriceFromResale,{itemPrice} de la revente
Feature.Catalog.Label.PriceHighToLow,Prix décroissants
Feature.Catalog.Label.PriceLowToHigh,Prix croissants
Feature.Catalog.Label.PriceRange,Plage de prix
Feature.Catalog.Label.PriceUnavailable,
Feature.Catalog.Label.PurchaseConfirmation,Souhaites-tu acheter l'élément {itemName} de {creatorName} pour {itemPrice}  ?
Feature.Catalog.Label.Purchased,Achetés!
Feature.Catalog.Label.QuantityLimitReached,Le créateur limite le nombre de copies qu'un seul utilisateur peut lui acheter.
Feature.Catalog.Label.QuantitySold,Quantité vendue
Feature.Catalog.Label.QuickMenuMarketplaceTitle,Options. du marketplace
Feature.Catalog.Label.RecentlyCreated,Créé récemment
Feature.Catalog.Label.RecentlyPublished,Publié récemment
Feature.Catalog.Label.Recommendations,Tu aimeras aussi
Feature.Catalog.Label.Redeemed,Activation réussie !
Feature.Catalog.Label.Relevance,Pertinence
Feature.Catalog.Label.RentOption,Option de location
Feature.Catalog.Label.RentOptionInfo,Essaie cet item pendant 3 jours à prix réduit. Un minuteur se lancera après l'achat.
Feature.Catalog.Label.ReportItem,Reporter un article
Feature.Catalog.Label.ResaleFeePolicy,Politique en matière de frais de revente
Feature.Catalog.Label.Resellable,Revendable
Feature.Catalog.Label.RobuxFee,Après {feePercentage}% de frais :
Feature.Catalog.Label.Sale,Offre
Feature.Catalog.Label.SalePrice,Prix de vente :
Feature.Catalog.Label.SaveAsCharacter,Enregistrer comme personnage
Feature.Catalog.Label.SaveOptions,Options d'enregistrement
Feature.Catalog.Label.Search,Recherche
Feature.Catalog.Label.SearchSuggestions,Tu recherches peut-être
Feature.Catalog.Label.SellCut,Tu obtiens:
Feature.Catalog.Label.SellPageUpsell,La vente est réservée aux utilisateurs disposant d'un abonnement Roblox Plus.
Feature.Catalog.Label.SellSuccess,Objet à vendre
Feature.Catalog.Label.SerialNumberColon,Numéro de série :
Feature.Catalog.Label.ShoulderAccessories,Accessoires d'épaule
Feature.Catalog.Label.SoldOut,
Feature.Catalog.Label.SupportsHeadShapes,Prend en charge les formes de tête
Feature.Catalog.Label.TakeOffResaleConfirmation,Es-tu sûr de vouloir arrêter d'offrir cet article à la revente ?
Feature.Catalog.Label.TimedOptions,Options à durée limitée
Feature.Catalog.Label.Timer.Day.Plural,{number} jours restants
Feature.Catalog.Label.Timer.Day.Singular,1 jour restant
Feature.Catalog.Label.Timer.Hour.Plural,{number} heures restantes
Feature.Catalog.Label.Timer.Hour.Singular,1 heure restante
Feature.Catalog.Label.Timer.Minute.Plural,{number} min restantes
Feature.Catalog.Label.Timer.Minute.Singular,1 min restante
Feature.Catalog.Label.Timer.Second.Plural,{number} s restantes
Feature.Catalog.Label.Timer.Second.Singular,1 s restante
Feature.Catalog.Label.Tops,Hauts
Feature.Catalog.Label.Torso,
Feature.Catalog.Label.TotalItemsParenthesis,
Feature.Catalog.Label.TotalUnformatted,Total
Feature.Catalog.Label.Tradable,Échangeable
Feature.Catalog.Label.TryOns,Essais
Feature.Catalog.Label.TryOnsMultiple,Essai ({numItems})
Feature.Catalog.Label.Unlimited,Illimité
Feature.Catalog.Label.Username,
Feature.Catalog.Label.UsingBundleParts,Utiliser des pièces de bundle {count}
Feature.Catalog.Label.WaistAccessories,Accessoires de taille
Feature.Catalog.Label.WearAfterPurchase,Porter objet après achat
Feature.Catalog.Label.WearAvatarAfterPurchase,Porter l'avatar après achat
Feature.Catalog.Label.WearOutfitAfterPurchase,Porter la tenue après l'achat
Feature.Catalog.Label.Yes,
Feature.Catalog.LabelAccessories,Accessoires
Feature.Catalog.LabelAccessoryHats,Chapeaux
Feature.Catalog.LabelAllCreators,Tous les créateurs
Feature.Catalog.LabelAllHeads,
Feature.Catalog.LabelAllTime,Tous les temps
Feature.Catalog.LabelAnyPrice,Tous les prix
Feature.Catalog.LabelClassicHeads,
Feature.Catalog.LabelCollectibles,Items de collection
Feature.Catalog.LabelContentDeleted,Contenu supprimé
Feature.Catalog.LabelFree,
Feature.Catalog.LabelNoResellers,Aucun revendeur
Feature.Catalog.LabelOffSale,Plus à vendre
Feature.Catalog.LabelPants,
Feature.Catalog.LabelPastDay,Hier
Feature.Catalog.LabelPastWeek,Semaine dernière
Feature.Catalog.LabelShirts,
Feature.Catalog.LabelTShirts,Tee-shirts
Feature.Catalog.Message.AvatarModerated,Cet avatar ne répondait pas aux directives de notre communauté. Essaie d'en poster un autre
Feature.Catalog.Message.AvatarModerationModerated,Ne répond pas aux directives de la communauté
Feature.Catalog.Message.AvatarModerationPending,En cours de révision
Feature.Catalog.Message.AvatarNotAvailable,Cet avatar n'est plus disponible
Feature.Catalog.Message.AvatarSharePanel,
Feature.Catalog.Message.AvatarUnderReview,"Avatar en cours d'évaluation, vous pouvez partager votre avatar une fois qu'il est approuvé"
Feature.Catalog.Message.BodyCategoryTooltip,Trouver des têtes et des cheveux ici
Feature.Catalog.Message.CannotBeResold,Cet item ne peut pas être revendu
Feature.Catalog.Message.CaptionLimit,
Feature.Catalog.Message.Checkout.PurchaseFailed,"Pour continuer, revoir ou supprimer les items"
Feature.Catalog.Message.Checkout.UnavailableItems,Un ou plusieurs items ne peuvent pas être achetés. Retire-les avant de continuer.
Feature.Catalog.Message.CollectiblesInfo,"Les articles de collection peuvent être revendus d'un utilisateur à l'autre après une période de détention, même si le stock d'origine n'est pas épuisé. Les abonnés Premium peuvent lister les articles de collection à vendre."
Feature.Catalog.Message.FTUXFavoritePillTooltip,Ajoute ceci à tes favoris
Feature.Catalog.Message.Favorites.CategoryEmpty,Tu n'as encore rien enregistré dans cette catégorie.
Feature.Catalog.Message.Favorites.Empty,Tu n'as encore rien enregistré.
Feature.Catalog.Message.HighDefinitionCategoryTooltip,Découvre les items les mieux conçus sur Roblox
Feature.Catalog.Message.HoldingPolicyL1,Les achats effectués dans le cadre de la revente seront retenus pendant {days} jours. L'item ne peut être revendu qu'à l'issue de cette période de rétention. La revente d'item est réservée aux utilisateurs Roblox Plus.
Feature.Catalog.Message.HoldingPolicyL2,"Après l'acquisition, les items sont mis en attente pendant une période pouvant aller jusqu'à {purchaseDays} jours. L'item ne peut être revendu qu'à l'issue de cette période de rétention et les reventes peuvent être bloquées jusqu'à{resaleDays} jours. Seuls les utilisateurs Premium peuvent revendre des items."
Feature.Catalog.Message.MustWearClothing,
Feature.Catalog.Message.ParticleEffectsWarning,
Feature.Catalog.Message.PriceCouldBeDifferent,Le type d'item détermine les règles de tarification qui s'appliquent
Feature.Catalog.Message.ReportCatalogItemPhrase,Tu peux envoyer un rapport à notre équipe modération. Nous vérifierons l'article et prendrons des mesures si nécessaire.
Feature.Catalog.Message.ResaleFeePolicy,"Les revenus provenant de toutes les transactions du Marketplace, y compris les reventes, sont partagés entre Roblox et les utilisateurs impliqués dans la transaction. Pour la revente, cela signifie que lorsqu'un utilisateur accepte votre prix, {yourSharePercent}% des Robux qu'il paie te reviendra en tant que revendeur. Les {robloxFeePercent} autres % iront à Roblox et d'autres utilisateurs, y compris le créateur d'élément."
Feature.Catalog.Message.SuccessfullyPosted,Publication réussie
Feature.Catalog.Message.TitleLimit,
Feature.Catalog.RFYFeedTitle,Continuer la découverte
Feature.Catalog.RFYWidgetTitle,Recommandé pour toi
Feature.Catalog.Response.GenericError,Une erreur est survenue. Veuillez réessayer plus tard.
Feature.Catalog.Response.NoItemsFound,Aucun objet trouvé.
Feature.Catalog.Response.PlacedOnSaleSuccess,Mise en vente réussie
Feature.Catalog.Response.ReportSubmitted,Le signalement a été soumis et sera examiné par notre équipe bientôt.
Feature.Catalog.Response.TakenOffSaleSuccess,Réussite de la vente
Feature.Catalog.Search.LandingPage.Empty,"Rechercher par couleurs, types, thèmes, etc."
Feature.Catalog.Search.Placeholder,"Rechercher des articles, des tenues"
Feature.Catalog.Text.OfferAppliedToHighestItem,Offre appliquée à l'item le plus cher
Feature.Catalog.Title.AvatarSharePanel,Ton avatar est prêt à être partagé
Feature.Catalog.Title.Checkout,
Feature.Catalog.Title.Checkout.ClearAllItemsOnAvatarTitle,Effacer tous les éléments ?
Feature.Catalog.Title.Checkout.GoToCustomizeTitle,Aller à Personnaliser pour Editer
Feature.Catalog.Title.Checkout.ItemRemovedSingular,Item retiré
Feature.Catalog.Title.Checkout.ItemReplacedOnAvatarTitle,Objet remplacé
Feature.Catalog.Title.Checkout.ItemsPurchased,{count} items achetés
Feature.Catalog.Title.Checkout.OfferFailedToFetch,"Impossible de récupérer les offres disponibles, réessaie plus tard."
Feature.Catalog.Title.Checkout.OfferFailedToUpdate,"Impossible d'activer/de désactiver l'offre, réessaie plus tard."
Feature.Catalog.Title.Checkout.PurchaseFailedPlural,
Feature.Catalog.Title.Checkout.PurchaseFailedSingular,1 article n'a pas pu être acheté
Feature.Catalog.Title.Checkout.TryOnMultipleItemsFtuxBody,"Au fur et à mesure que tu tapotes, les items s'empilent sur ton avatar pour que tu puisses te constituer un look complet. Tu ne peux porter qu'un seul article par catégorie."
Feature.Catalog.Title.Checkout.TryOnMultipleItemsFtuxTitle,Essayez plusieurs items à la fois
Feature.Catalog.Title.Checkout.UnavailableItems,
Feature.Catalog.Title.Checkout.WearAvatarReplaceAllItemsTitle,Porter l'avatar ?
Feature.Catalog.Title.CheckoutPlural,Vérification {count} items
Feature.Catalog.Title.CheckoutSingular,Vérification 1 item
Feature.Catalog.Title.Makeup.MakeupMax6LayersPromptTitle,Remplacer le calque du bas ?
Feature.Catalog.Title.RentalFtuxText,Loue un item pour l'essayer pendant 3 jours
Feature.Catalog.Toast.AddedToFavorites,Ajouté aux favoris
Feature.Catalog.Toast.AvatarPriceChangedBecauseOfOwned,Le prix a changé car tu possèdes {number} articles
Feature.Catalog.Toast.AvatarUnderReview,"Avatar en cours de révision
Vous pouvez partager votre avatar une fois qu'il a été examiné"
Feature.Catalog.Toast.FavoritedLook,Avatar ajouté aux favoris !
Feature.Catalog.Toast.LinkCopied,Lien copié dans le presse-papiers
Feature.Catalog.Toast.RemovedFromFavorites,Retiré des favoris
Feature.Catalog.Toast.UnfavoritedLook,Avatar retiré des favoris
Feature.Catalog.TrustedConnection.Label.Trusted,
Feature.Chat.Action.Add,
Feature.Chat.Action.Cancel,
Feature.Chat.Action.Confirm,
Feature.Chat.Action.Continue,
Feature.Chat.Action.Copy,Copier
Feature.Chat.Action.Create,
Feature.Chat.Action.Delete,
Feature.Chat.Action.Edit,
Feature.Chat.Action.GroupOSADoNotJoin,Ne pas rejoindre
Feature.Chat.Action.GroupOSAJoin,
Feature.Chat.Action.LearnMore,En apprendre plus
Feature.Chat.Action.Leave,
Feature.Chat.Action.MuteVoice,Mettre en sourdine
Feature.Chat.Action.Remove,
Feature.Chat.Action.RemoveFromGroup,Retirer du groupe
Feature.Chat.Action.RemoveUser,Retirer l'utilisateur
Feature.Chat.Action.Reply,Répondre
Feature.Chat.Action.Report,
Feature.Chat.Action.ReportUser,Signaler l'utilisateur
Feature.Chat.Action.Save,
Feature.Chat.Action.Send,
Feature.Chat.Action.StartChatWithFriends,Discuter
Feature.Chat.Action.Stay,
Feature.Chat.Action.Translate,Traduire
Feature.Chat.Action.UnmuteVoice,Réactiver la voix
Feature.Chat.Action.ViewAssetDetails,Voir les détails
Feature.Chat.Description.ConversationInviteGroupCreatedOn,Groupe créé le {creation_date}
Feature.Chat.Description.CreateUnfilteredChatCell,"Tous les membres de ce groupe seront invités, mais certains n'ont pas le droit de s'inscrire."
Feature.Chat.Description.CreateUnfilteredChatDialog,"Avec des fonctionnalités de chat étendues, tu peux discuter sans filtres.

Tous les membres de ce groupe seront invités, mais certains ne sont pas éligibles."
Feature.Chat.Description.CreateUnfilteredChatWithVoice,"Grâce aux fonctionnalités de chat étendues, tu peux discuter sans filtre et utiliser le chat vocal.

Tous les membres de ce groupe seront invités, mais certains ne sont pas éligibles pour rejoindre le groupe."
Feature.Chat.Description.ExpressiveChatLearnMore,"Les fonctionnalités du chat expressif comprennent le chat sans filtre et la voix Party.

L'accès au chat expressif est limité jusqu'à ce que tous les membres soient éligibles et que ton chat soit mis à niveau."
Feature.Chat.Description.InlineContextCardDescription,Fais attention quand tu discutes avec des inconnus. Ne partage pas d'informations personnelles et ne passe pas sur une autre app de chat. Tu peux bloquer ou signaler toute personne depuis son profil.
Feature.Chat.Description.NameGroup,Donne un nom à ta Party
Feature.Chat.Description.NameGroupChat,Nomme ton groupe de chat
Feature.Chat.Description.OSAContextCardDescription,Ta sécurité est importante. Tu ne te sens pas à l'aise ? Tu peux bloquer ou signaler cette personne à tout moment depuis son profil.
Feature.Chat.Description.OSAGroupDescriptionWithLinker,Ta sécurité est importante. Tu peux bloquer ou signaler une personne à tout moment depuis son profil. <a href='{osaViewDetailsUrl}'>Voir les détails.</a>
Feature.Chat.Description.SnoozeDescription,Vous pouvez désactiver Snooze dans le menu expérience
Feature.Chat.Drawer.Join,
Feature.Chat.Drawer.PinGame,Épingler
Feature.Chat.Drawer.PlayGame,Visiter une expérience
Feature.Chat.Drawer.ViewDetails,Afficher les détails
Feature.Chat.Heading.ChatWithConnections,Chatter avec des Connexions
Feature.Chat.Heading.ChatWithFriends,Discuter avec des amis
Feature.Chat.Heading.CreateUnfilteredChatDialog,Créer un nouveau groupe avec des fonctionnalités de chat étendues ?
Feature.Chat.Heading.ExpressiveChat,Chat expressif
Feature.Chat.Heading.FailedToLeaveGroup,Impossible de quitter le groupe
Feature.Chat.Heading.FailedToRemoveUser,Impossible de retirer l'utilisateur
Feature.Chat.Heading.FirstConversationWith,Première conversation avec {displayName}
Feature.Chat.Heading.FirstConversationWithThisUser,Première conversation avec cette personne
Feature.Chat.Heading.FirstInteractionWith,Première interaction avec {displayName}
Feature.Chat.Heading.FirstInteractionWithThisPerson,Première interaction avec cette personne
Feature.Chat.Heading.LeaveGroup,Quitter le groupe
Feature.Chat.Heading.PartyWithConnections,Party avec des Connexions
Feature.Chat.Heading.PartyWithFriends,Party avec des amis
Feature.Chat.Heading.SafeChattingWithThisUser,Fais attention quand tu discutes avec cette personne
Feature.Chat.Heading.SafeChattingWithUsername,Fais attention quand tu discutes avec {displayName}
Feature.Chat.Heading.ShareGameToChat,Partager une expérience pour bavarder
Feature.Chat.Heading.UserInvitedYouToJoin,Tu as reçu une invitation de la part de {combinedName}
Feature.Chat.Heading.UserInvitedYouToJoinAGroup,{combinedName} t'envoie une invitation pour rejoindre un groupe
Feature.Chat.Heading.YouWereInvitedToGroup,Tu as été invité à rejoindre le groupe
Feature.Chat.Label.AddConnections,
Feature.Chat.Label.AddFriends,
Feature.Chat.Label.Available,Disponible
Feature.Chat.Label.Blocked,Bloqué
Feature.Chat.Label.ByBuilder,Par {USERNAME}
Feature.Chat.Label.ChatDetails,Détails du chat
Feature.Chat.Label.ChatDisabled,Chat désactivé
Feature.Chat.Label.ChatGroupName,Nom du groupe de chat
Feature.Chat.Label.ChatInputPlaceholder,Dire quelque chose
Feature.Chat.Label.ContentLoadingFailed,Nous n'avons pas pu charger ce contenu
Feature.Chat.Label.CreateUnfilteredChat,Créer un groupe avec des fonctionnalités de chat étendues
Feature.Chat.Label.Details,
Feature.Chat.Label.ExpandedChatFeatures,Fonctions de chat expressives
Feature.Chat.Label.General,Général
Feature.Chat.Label.Group.ThemRepliedToOther,{DISPLAY_NAME_1} a répondu à {DISPLAY_NAME_2}
Feature.Chat.Label.Group.ThemRepliedToThem,{DISPLAY_NAME} a répondu à eux-mêmes
Feature.Chat.Label.Group.ThemRepliedToYou,{DISPLAY_NAME} t'a répondu
Feature.Chat.Label.Group.YouRepliedToThem,Tu as répondu à {DISPLAY_NAME}
Feature.Chat.Label.GroupName,Nom de la Party
Feature.Chat.Label.HoverToReplyTooltip,Survolez pour répondre
Feature.Chat.Label.Loading,
Feature.Chat.Label.LongPressToReplyTooltip,Appuyez longuement pour répondre
Feature.Chat.Label.Members,Membres
Feature.Chat.Label.MessageNotAvailable,Ce message n'est pas disponible
Feature.Chat.Label.MuteInGameChatToastNotifications,Mettre en sourdine les notifications de chat pendant le jeu
Feature.Chat.Label.MuteInGamePartyToastNotifications,Mettre en sourdine les notifications de Party dans le jeu
Feature.Chat.Label.New,
Feature.Chat.Label.NoChatFound,Aucun chat
Feature.Chat.Label.NoDescriptionYet,Aucune description pour le moment.
Feature.Chat.Label.NotImplementedMessageType,Impossible d’afficher un message.
Feature.Chat.Label.NotSet,Non défini
Feature.Chat.Label.OneToOne.ThemRepliedToThem,Répondu à eux-mêmes
Feature.Chat.Label.OneToOne.ThemRepliedToYou,T'a répondu
Feature.Chat.Label.OneToOne.YouRepliedToThem,Tu as répondu
Feature.Chat.Label.Pending,
Feature.Chat.Label.PrivacySettings,Paramètres de confidentialité
Feature.Chat.Label.ReplyChatInputPlaceholder,Répondre à {DISPLAY_NAME}
Feature.Chat.Label.ReplyToYourselfChatInputPlaceholder,Répondre à votre propre message
Feature.Chat.Label.ReplyingToOthers,{DISPLAY_NAME} a dit...
Feature.Chat.Label.ReplyingToYourself,Vous avez dit...
Feature.Chat.Label.SearchConnections,Rechercher des connexions
Feature.Chat.Label.SearchForFriendsAndChat,Rechercher les conversations
Feature.Chat.Label.SearchFriends,Chercher des amis
Feature.Chat.Label.SearchWord,
Feature.Chat.Label.Sent,Envoyé
Feature.Chat.Label.SnoozeChatNotifications,Mettre en sourdine les notifications du chat :
Feature.Chat.Label.SnoozePartyNotifications,Mets en sourdine les notifications de la Party en cours dans l'expérience pour :
Feature.Chat.Label.SwipeToReplyTooltip,Balaie l'écran pour répondre
Feature.Chat.Label.TimestampDaysAbbreviatedPlural,{num_days} j
Feature.Chat.Label.TimestampHoursAbbreviatedPlural,{num_hours} h
Feature.Chat.Label.TimestampMinutesAbbreviatedPlural,{num_minutes} min
Feature.Chat.Label.TimestampNow,Maintenant
Feature.Chat.Label.TimestampOneDayAbbreviated,1 j
Feature.Chat.Label.TimestampOneHourAbbreviated,1 h
Feature.Chat.Label.TimestampOneMinuteAbbreviated,1 min
Feature.Chat.Label.TimestampOneWeekAbbreviated,1 sem
Feature.Chat.Label.TimestampWeeksAbbreviatedPlural,{num_weeks} sem
Feature.Chat.Label.Unavailable,
Feature.Chat.Label.UnfilteredChat,Chat non filtré
Feature.Chat.Label.UnknownUser,utilisateur inconnu
Feature.Chat.Label.User,Utilisateur
Feature.Chat.Label.ViewProfile,Voir le profil
Feature.Chat.Label.YouRepliedToYou,Tu as répondu à toi-même
Feature.Chat.Message.AddConnectionsLimit,Tu peux avoir jusqu'à {connectionsNum} Connexions dans le groupe de discussion.
Feature.Chat.Message.AddConnectionsPartyLimit,Tu peux avoir jusqu'à {connectionsNum} Connexions dans une Party.
Feature.Chat.Message.AddConnectionsPartyLimitSingular,Tu ne peux former un Party qu'avec 1 Connexion en raison de tes paramètres de confidentialité.
Feature.Chat.Message.AddFriendsLimit,Un groupe de chat peut accueillir jusqu'à {connectionsNum} amis.
Feature.Chat.Message.AddFriendsPartyLimit,Une Party peut accueillir jusqu'à {connectionsNum} amis.
Feature.Chat.Message.AddFriendsPartyLimitSingular,"En raison de tes paramètres de confidentialité, tu ne peux former une Party qu'avec un seul ami."
Feature.Chat.Message.CannotBeDisplayedThirdPerson,{displayName} a envoyé un message qui ne peut pas être affiché
Feature.Chat.Message.ChatIsDisabledByPrivacySetting,Le chat est désactivé. Tu peux l'activer dans tes paramètres de confidentialité.
Feature.Chat.Message.ChatUnavailableRegion,Le chat n'est pas disponible dans ta région pour le moment.
Feature.Chat.Message.ChatUnavailableWithUser,Le chat n'est pas disponible avec cet utilisateur pour le moment.
Feature.Chat.Message.Default,Certains membres de ce chat ne peuvent pas lire ton message.
Feature.Chat.Message.EnableChat,"Pour discuter avec tes Connexions, active le chat dans tes paramètres de confidentialité."
Feature.Chat.Message.EnableChat.FriendsRename,"Pour discuter avec tes amis, active le chat depuis tes paramètres de confidentialité."
Feature.Chat.Message.EnableParty,"Pour rejoindre une Party avec tes connexions, active Party dans tes paramètres de confidentialité."
Feature.Chat.Message.EnableParty.FriendsRename,"Pour rejoindre une Party entre amis, active l'option Party dans tes paramètres de confidentialité."
Feature.Chat.Message.FailedToLeaveGroup,Vous n'avez pas pu être retiré(e) de la conversation : {CONVERSATION_TITLE}.
Feature.Chat.Message.FailedToLeaveGroup.V2,Tu n'as pas pu être retiré du groupe {CONVERSATION_TITLE}.
Feature.Chat.Message.FailedToRemoveUser,L'utilisateur {USERNAME} n'a pas pu être retiré de la conversation : {CONVERSATION_TITLE}.
Feature.Chat.Message.FailedToRemoveUser.V2,L'utilisateur {USERNAME} n'a pas pu être retiré du groupe : {CONVERSATION_TITLE}.
Feature.Chat.Message.FailedToRenameConversation,La conversation {EXISTING_NAME} n'a pas pu être renommée en : {NEW_NAME}.
Feature.Chat.Message.FailedToRenameConversation.V2,Le groupe {EXISTING_NAME} n'a pas pu être renommé en {NEW_NAME}.
Feature.Chat.Message.GroupConnectionLimitSingular,Tu ne peux ajouter qu'une seule connexion pour discuter.
Feature.Chat.Message.GroupFriendLimitSingular,Tu ne peux ajouter qu'un ami avec qui discuter.
Feature.Chat.Message.LeaveGroup,Vous ne pourrez plus continuer à discuter avec ce groupe.
Feature.Chat.Message.LeaveGroup.V2,Veux-tu vraiment quitter le groupe ?
Feature.Chat.Message.MakeConnectionsToChat,Connecte-toi sur Roblox pour commencer à discuter ensemble
Feature.Chat.Message.MakeConnectionsToParty,Connecte-toi sur Roblox pour rejoindre une Party
Feature.Chat.Message.MakeFriendsToChat,Fais-toi des amis sur Roblox pour commencer à bavarder ensemble
Feature.Chat.Message.MakeFriendsToParty,Fais-toi des amis sur Roblox et retrouver vous sur Party
Feature.Chat.Message.MessageContentModerated,Ton message a été modéré et n'a pas été envoyé.
Feature.Chat.Message.MessageUnavailable,Message indisponible
Feature.Chat.Message.OneUserTyping,{DISPLAY_NAME} est en train de taper...
Feature.Chat.Message.PartyUnavailableRegion,"Pour l'instant, Party n'est pas disponible dans ta région."
Feature.Chat.Message.PartyUnavailableWithUser,"Pour le moment, Party n'est pas disponible avec cet utilisateur."
Feature.Chat.Message.RemoveUser,Voulez-vous vraiment retirer {USERNAME} de ce groupe de chat ?
Feature.Chat.Message.RemoveUser.V2,Veux-tu vraiment retirer {USERNAME} de ce groupe ?
Feature.Chat.Message.RemovedFromConversation,Vous avez été retiré(e) du groupe.
Feature.Chat.Message.SeveralUsersTyping,Plusieurs utilisateurs sont en train de taper...
Feature.Chat.Message.TurnOnChat,"Pour discuter avec vos amis, activez le chat dans vos paramètres de confidentialité."
Feature.Chat.Message.TurnOnParty,"Pour rejoindre la Party avec des amis, active l'option Party dans tes paramètres de confidentialité."
Feature.Chat.Message.TwoUsersTyping,{DISPLAY_NAME_1} et {DISPLAY_NAME_2} sont en train de taper...
Feature.Chat.PresetChat.Disclaimer,Les mots rapides permettent aux joueurs de tous âges de coordonner la partie.
Feature.Chat.Response.ChatNameFullyModerated,Le nom du groupe de chat a été modéré.
Feature.Chat.Response.ChatNameFullyModerated.V2,Le nom du groupe a été modéré.
Feature.Chat.Response.Failed,Échec
Feature.Chat.Response.NetworkError,Erreur réseau
Feature.Chat.Response.Sending,Envoi
Feature.Chat.RobloxConnectUnavailableWithUser,"Pour le moment, Roblox Connect n'est pas disponible avec cet utilisateur."
Feature.Chat.ShareGameToChat.Favorites,
Feature.Chat.ShareGameToChat.FriendActivity,Activité des amis
Feature.Chat.ShareGameToChat.NoFavoriteGames,Pas de favoris
Feature.Chat.ShareGameToChat.NoFriendActivity,Aucune activité des amis
Feature.Chat.ShareGameToChat.NoPopularGames,Aucune expérience très populaire disponible
Feature.Chat.ShareGameToChat.NoRecentGames,Aucun récemment
Feature.Chat.ShareGameToChat.Popular,Populaire
Feature.Chat.ShareGameToChat.Recent,Récents
Feature.Chat.Text.NoConnections,"Tu n'as encore ajouté aucune connexion. Pour commencer, trouve et ajoute tes connexions sur Roblox."
Feature.Chat.Text.NoFriends,"Tu n'as pas encore ajouté d'amis. Commence par les chercher, puis ajoute-les sur Roblox."
Feature.Chat.Title.MuteChatNotifications,Mettre en sourdine les notifications de chat des amis pendant le jeu
Feature.Chat.Title.NewChat,Nouveau chat
Feature.Chat.Toast.Error.InvalidUserSelected,Une ou plusieurs personnes de cette liste ne peuvent pas être ajoutées
Feature.CommunityLinks.Description.CommunityDefault,Rejoins la communauté officielle Guilded {experienceName} pour voir les annonces et plus encore !
Feature.CommunityLinks.Heading.CommunityTitle,Rejoindre la communauté
Feature.CommunityLinks.Label.ViewButton,
Feature.ContactMethodUpsell.Action.AddPhoneNumber,Ajouter un numéro de téléphone
Feature.ContactMethodUpsell.Action.Continue,
Feature.ContactMethodUpsell.Action.LearnMore,
Feature.ContactMethodUpsell.Action.SecureYourAccount,Sécuriser ton compte
Feature.ContactMethodUpsell.Description.HomePageUpsellCardAddPhoneText,"Ajouter un numéro de téléphone pour ne pas perdre la possibilité d'accéder à tes amis, avatars et Robux."
Feature.ContactMethodUpsell.Label.AddEmail,Ajouter email
Feature.ContactMethodUpsell.Label.AddPhone,Ajouter Téléphone
Feature.ContactMethodUpsell.Label.PleaseAddEmail,Saisir une adresse électronique à ajouter à votre compte.
Feature.ContactMethodUpsell.Label.RecoverYourAccount,Récupère facilement ton compte en cas de perte de votre mot de passe.
Feature.ContactMethodUpsell.Title.HomePageUpsellCardLockOutTitle,Ne reste pas bloqué dehors
Feature.ContactUpsell.Action.AddEmailInstead,Ajouter un e-mail à la place
Feature.ContactUpsell.Action.Continue,
Feature.ContactUpsell.Header.UnlockVoiceChat,Déverrouiller le chat vocal
Feature.ContactUpsell.Heading.LetFriendsFindYou,Laisse tes amis te trouver
Feature.Contacts.Action.Invite,Inviter
Feature.Contacts.Action.Search,Rechercher des contacts
Feature.Contacts.Description.AddFromContactsDescription,"Ajoute des contacts pour qu'ils puissent te rejoindre sur Roblox. Si vous avez tous plus de 13 ans, vous deviendrez des connexions de confiance."
Feature.Contacts.Description.AddFromContactsTrustedFriends,"Ajoute des contacts pour qu'ils te rejoignent sur Roblox. Si vous avez tous au moins 13 ans, vous deviendrez des Amis de confiance."
Feature.Contacts.Description.ContactsList,Avec qui aimerais-tu explorer Roblox ? Envoie-leur un lien d'invitation pour devenir amis sur Roblox !
Feature.Contacts.Description.ContactsListDescription,"Pour débloquer plus de possibilités de s'amuser, ajoute des connexions ou envoie à tes contacts une demande de connexion."
Feature.Contacts.Description.ContactsMixedList,"Avec qui souhaites-tu explorer Roblox ? Ajoute tes amis sur Roblox, ou envoie à tes contacts un lien de demande d'ami."
Feature.Contacts.Description.ContactsProfileView,Ton contact {contactName} est sur Roblox. Tu peux voir son profil complet une fois que vous deviendrez amis.
Feature.Contacts.FindFriendsBanner.Button,Trouver des amis
Feature.Contacts.FindFriendsBanner.Description,Découvrir quels sont tes amis qui sont sur Roblox en ajoutant ton numéro de téléphone.
Feature.Contacts.FindFriendsBanner.DescriptionPV,Les contacts qui sont sur Roblox apparaîtront ici lorsqu'ils seront disponibles.
Feature.Contacts.FindFriendsBanner.DescriptionV2,Aide-nous à te connecter avec tes amis en ajoutant un numéro de téléphone.
Feature.Contacts.Heading.HelpFriendsFindYou,Aide tes amis à te trouver
Feature.Contacts.Heading.LetFriendsFindYou,
Feature.Contacts.Heading.SettingSaved,Paramètres sauvegardés.
Feature.Contacts.Label.DiscoverabilityOptIn,Me recommander aux utilisateurs de Roblox en fonction de mon numéro de téléphone.
Feature.Contacts.Label.FindContacts,Trouver des contacts
Feature.Contacts.Label.Invite,Invitation sur Roblox
Feature.Contacts.Label.OnRoblox,Sur Roblox
Feature.Contacts.Message.AddFriends,Pas pour l'instant
Feature.Contacts.Message.ContactDiscoverable,"Pour t'aider à te faire des amis, les utilisateurs de Roblox avec ton numéro de téléphone dans leurs contacts pourront t'ajouter et voir ton nom comme enregistré sur leur téléphone."
Feature.Contacts.Message.ContactsSyncWarning,Tes contacts seront régulièrement synchronisés et les correspondances avec d'autres utilisateurs de Roblox seront enregistrées pour t'aider à trouver des amis. Tu peux gérer cela à tout moment dans les paramètres de l'appareil.
Feature.Contacts.Message.InviteToRoblox,"Ajoute-moi comme ami sur Roblox pour que nous puissions créer, partager et explorer des expériences ensemble."
Feature.Contacts.Message.NoResults,Aucun résultat.
Feature.ContentFeed.Action.Delete,Supprimer le post
Feature.ContentFeed.Action.Report,
Feature.ContentFeed.Body.PostsNotFound,Post indisponible
Feature.ContentFeed.Label.NotRated,Non évalué
Feature.ContentFeed.Label.Rating,{rating}% note
Feature.ContentFeed.Timestamp.DaysAgo,Il y a {numDays}j
Feature.ContentFeed.Timestamp.HoursAgo,Il y a {numHours}h
Feature.ContentFeed.Timestamp.MinutesAgo,Il y a {numMinutes} m
Feature.ContentFeed.Timestamp.Now,maintenant
Feature.ContentFeed.Timestamp.WeeksAgo,Il y a {numWeeks} sem
Feature.DevSubs.Action.CancelSubscription,Annuler l'abonnement
Feature.DevSubs.Action.RenewSubscription,Renouveler l'abonnement
Feature.DevSubs.Label.ActiveSubscriptions,Abonnements actifs
Feature.DevSubs.Label.DiscontinueDate,Date d'arrêt : {date}
Feature.DevSubs.Label.ExpirationDate,Date d'expiration: {date}
Feature.DevSubs.Label.InactiveSubscriptions,Abonnements inactifs
Feature.DevSubs.Label.RenewalDate,Date de renouvellement: {date}
Feature.DevSubs.Message.ConfirmCancellation,Es-tu sûr de vouloir annuler ton abonnement?
Feature.DevSubs.UserManagement.MonthlyPrice,{robuxAmount} / mois
Feature.DeveloperProducts.Heading.Products,Produits
Feature.DeveloperProducts.Heading.Success,Réussi
Feature.DeveloperProducts.Message.BackToStore,Retour à la boutique
Feature.DeveloperProducts.Message.OK,
Feature.DeveloperProducts.Message.PurchaseSucceed,Tu as acheté « {productName} ». Ton achat sera activé une fois que tu auras rejoint l'expérience.
Feature.DisplayName.ErrorMessage.AgedUpNameContainPII,Le nom peut contenir des informations privées
Feature.DisplayName.ErrorMessage.AgedUpNameHasChanged,Ton nom a déjà été changé au cours des 7 derniers jours
Feature.DisplayName.ErrorMessage.AgedUpNameInappropriate,Le nom n'est pas approprié pour Roblox
Feature.DisplayName.ErrorMessage.AgedUpNameNotAvailable,Le nom n'est pas disponible
Feature.DisplayName.ErrorMessage.AgedUpNameTooLong,Le nom doit avoir 20 caractères au maximum
Feature.DisplayName.ErrorMessage.AgedUpNameTooShort,Le nom doit comporter au moins 3 caractères
Feature.DisplayName.ErrorMessage.AgedUpNameUnsupportedChars,Le nom contient des caractères non pris en charge
Feature.DisplayName.ErrorMessage.NameContainPII,Le nom d'affichage peut contenir des informations personnelles
Feature.DisplayName.ErrorMessage.NameHasChanged,Votre nom d'affichage a déjà été changé dans les 7 derniers jours
Feature.DisplayName.ErrorMessage.NameInappropriate,Le nom d'affichage n'est pas approprié pour Roblox
Feature.DisplayName.ErrorMessage.NameMoreThanOneCharacterKind,Les noms ne peuvent pas avoir plus d'un type de caractère
Feature.DisplayName.ErrorMessage.NameNotAvailable,Le nom affiché n'est pas disponible
Feature.DisplayName.ErrorMessage.NameTooLong,Le nom d'affichage doit comporter 20 caractères au maximum
Feature.DisplayName.ErrorMessage.NameTooShort,Le nom d'affichage doit avoir au moins 3 caractères
Feature.DisplayName.ErrorMessage.NameUnsupportedChars,Le nom d'affichage contient des caractères non acceptés
Feature.DisplayName.ErrorMessage.SomethingWentWrong,
Feature.DisplayName.Label.AgedUpNameField,
Feature.DisplayName.Label.ErrorsWithAgedUpDisplayName,Le nom comporte des erreurs.
Feature.DisplayName.Label.GeneratedUserName,Ce @username unique est suggéré à partir de ton nom et peut toujours être modifié. Tu l'utiliseras pour te connecter.
Feature.DisplayName.Label.MixedCharactersError,ne comprend qu'un seul jeu de caractères
Feature.DisplayName.Label.ModeratedCheck,est modéré
Feature.DisplayName.Label.SignUpAgedUpDisplayName,Choisis un nom de profil Roblox
Feature.DisplayName.Label.ValidCharacters,ne contient que des caractères valides
Feature.DisplayName.Label.ValidationFailed,Erreur inconnue. Réessayer ou sauter cette étape pour t'inscrire sans nom
Feature.Durables.BottomBar.BuyButton,Acheter l'item
Feature.Durables.BottomBar.RentalDuration,Pendant {num} jour
Feature.Durables.BottomBar.RentalDurationPlural,Pendant {num} jours
Feature.Durables.BottomBar.Repurchase.ExpiredItemsPlural,{number} items expirés
Feature.Durables.BottomBar.Repurchase.ExpiredItemsSingular,{number} item expiré
Feature.Durables.FTUX.Tooltip,"Choisis la durée, en jours, pendant laquelle tu souhaites avoir l'item. Le compte à rebours démarre après l'achat."
Feature.Durables.Filter.All,
Feature.Durables.Filter.TimedOptions,Options à durée limitée uniquement
Feature.Durables.Filter.Title,
Feature.Durables.InfoModal.Description,Tu peux choisir la durée de conservation de tes items. L'icône d'horloge te propose des options à durée limitée à plus petit prix.
Feature.Durables.InfoModal.Title,Voici les options à durée limitée
Feature.Durables.ItemDetails.BottomBar.BuyButton.Days,Acheter {num} jours
Feature.Durables.ItemDetails.BottomBar.BuyButton.Permanent,Faire un achat définitif
Feature.Durables.ItemDetails.WearTimeOptions.Button.Infinite,Permanent
Feature.Durables.ItemDetails.WearTimeOptions.Button.XDay,{num} jour
Feature.Durables.ItemDetails.WearTimeOptions.Button.XDays,{num} jours
Feature.Durables.ItemDetails.WearTimeOptions.Title,Options
Feature.Durables.Label.ItemExpires,L'item arrive à expiration
Feature.Durables.PartiallyExpiredItems.BodyText,Certains items de cet avatar enregistré ont expiré et ont été supprimés.
Feature.Durables.PartiallyExpiredItems.TitleText,Items expirés
Feature.Durables.PurchaseModal.SuccessMessage,{itemName} sera disponible {number} jours supplémentaires.
Feature.Durables.TimeRemaining.Days,{number} j
Feature.Durables.TimeRemaining.Hours,
Feature.Durables.TimeRemaining.Minutes,{number} min
Feature.Durables.UnifiedBuyModal.Subtitle.TimedOptionText,{days} jours (démarre après l'achat)
Feature.DynamicUI.Translation.Reporting.IllegalContentEUBody,"Pour signaler un contenu illégal en vertu de la loi sur les services numériques de l'UE, consulte le site : https://www.roblox.com/illegal-content-reporting"
Feature.EmptyStatePage.Message.NoInternet,Aucune connexion Internet
Feature.EnhancedVideo.Label.Ad,
Feature.ExperienceDetails.Action.ExitFullScreen,Quitter le plein écran
Feature.ExperienceDetails.Action.FullScreen,Plein écran
Feature.ExperienceDetails.Action.Mute,
Feature.ExperienceDetails.Action.Unmute,Rétablir le son
Feature.ExperienceDetails.AskYourParentModal.Action.AskNow,
Feature.ExperienceDetails.AskYourParentModal.Action.Cancel,
Feature.ExperienceDetails.AskYourParentModal.Label.Body,
Feature.ExperienceDetails.AskYourParentModal.Label.Title,
Feature.ExperienceDetails.AskYourParentToAllowGameModal.Label.Body,Tu as besoin d'une autorisation parentale pour rejoindre cette expérience.
Feature.ExperienceDetails.Body.DescriptionTitle,
Feature.ExperienceDetails.Body.NotesTitle,Notes
Feature.ExperienceDetails.Body.StatsInfoTitle,Stats et Infos
Feature.ExperienceDetails.Description.MadeWithBuild,Les jeux créés dans Construire sont générés par l'IA
Feature.ExperienceDetails.Label.MadeByCreator,Créé par {creatorName}
Feature.ExperienceDetails.Label.MadeByCreatorWithBuild,Créé par {creatorName} avec Construire
Feature.ExperienceDetails.Label.NotPlayable,Non jouable
Feature.ExperienceDetails.Notes.InExperiencePurchase,"Il peut exister une option permettant d'acheter des items pouvant être échangés contre d'autres items ou fonctions avec des Robux (« tolkens d'expérience »). Les tokens d'expérience sont uniquement destinés à profiter de l'expérience, ne peuvent pas être utilisés en dehors de l'expérience et ne constituent pas des instruments de paiement prépayés. Votre achat de tokens d'expérience est définitif et aucun remboursement ne sera effectué dans aucun cas. Les autres items et fonctions pouvant être échangés contre des jetons d'expérience peuvent être modifiés à la discrétion du créateur."
Feature.ExperienceDetails.PlayButtonMessage.AgreeToNotice,J'accepte les notes en jouant cette expérience
Feature.ExperienceDetails.PlayButtonText.ActionNeeded,
Feature.ExperienceDetails.PlayButtonText.Buy,
Feature.ExperienceDetails.PlayButtonText.Play,
Feature.ExperienceDetails.PlayButtonText.PlayDemo,Lancer la démo
Feature.ExperienceDetails.PlayButtonText.Unavailable,
Feature.ExperienceDetails.PlayButtonText.Unlock,Débloquer
Feature.ExperienceDetails.RestrictedUnplayableModal.Action.Ok,
Feature.ExperienceDetails.RestrictedUnplayableModal.Label.Body,Seuls les adultes âgés de 18 ans et plus peuvent accéder aux expériences restreintes.
Feature.ExperienceDetails.RestrictedUnplayableModal.Label.Title,Contenu restreint
Feature.ExperienceDetails.UnplayableError.AccountRestricted,Cette expérience n'est pas accessible en raison des paramètres de maturité de ton contenu
Feature.ExperienceDetails.UnplayableError.ComplianceBlocked,Cette expérience n'est actuellement pas disponible
Feature.ExperienceDetails.UnplayableError.ContextualPlayabilityAgeGated,Cette expérience n'est pas accessible en raison des restrictions d'âge
Feature.ExperienceDetails.UnplayableError.ContextualPlayabilityAgeGatedByDescriptor,
Feature.ExperienceDetails.UnplayableError.ContextualPlayabilityAgeRecommendationParentalControls,"Pour rejoindre cette expérience, mettre à jour ton paramètre de maturité de contenu."
Feature.ExperienceDetails.UnplayableError.ContextualPlayabilityExperienceBlockedParentalControls,"Tes parents ont bloqué cette expérience. Pour participer à cette expérience, demande la permission à tes parents dans Paramètres."
Feature.ExperienceDetails.UnplayableError.ContextualPlayabilityRegionalAvailability,Cette expérience n'est actuellement pas disponible dans ta région
Feature.ExperienceDetails.UnplayableError.ContextualPlayabilityRegionalCompliance,
Feature.ExperienceDetails.UnplayableError.ContextualPlayabilityUnrated,Cette expérience n'est pas accessible car elle n'est pas classée
Feature.ExperienceDetails.UnplayableError.DeviceRestrictedCustom,Cette expérience n'est pas disponible sur {device}
Feature.ExperienceDetails.UnplayableError.DeviceRestrictedDefault,Cette expérience n'est pas disponible sur ton appareil
Feature.ExperienceDetails.UnplayableError.FiatPurchaseDeviceRestricted,Cette expérience n'est pas disponible à l'achat sur cet appareil
Feature.ExperienceDetails.UnplayableError.GameUnapproved,
Feature.ExperienceDetails.UnplayableError.IncorrectConfiguration,
Feature.ExperienceDetails.UnplayableError.InsufficientPermissionFriendsOnly,Tu n'as actuellement pas accès à cette expérience
Feature.ExperienceDetails.UnplayableError.InsufficientPermissionGroupOnly,
Feature.ExperienceDetails.UnplayableError.PlaceHasNoPublishedVersion,
Feature.ExperienceDetails.UnplayableError.TemporarilyUnavailable,
Feature.ExperienceDetails.UnplayableError.UnderReview,Cette expérience est actuellement en cours de révision
Feature.ExperienceDetails.UnplayableError.UniverseRootPlaceIsPrivate,Cette expérience est définie comme privée
Feature.ExperienceDetails.UnplayableError.UnplayableOther,
Feature.ExperienceDetails.UpdateMaturitySettingModal.Action.Cancel,
Feature.ExperienceDetails.UpdateMaturitySettingModal.Action.GoToSettings,
Feature.ExperienceDetails.UpdateMaturitySettingModal.Console.Action.Ok,
Feature.ExperienceDetails.UpdateMaturitySettingModal.Console.Label.Body,"Pour participer à cette expérience, mets à jour ton paramètre de maturité du contenu sur le web ou sur un appareil associé."
Feature.ExperienceDetails.UpdateMaturitySettingModal.Console.Label.Title,Contenu non accessible
Feature.ExperienceDetails.UpdateMaturitySettingModal.Label.Body,"Pour accéder à cette expérience, mettre d'abord à jour ton paramètre de maturité de contenu."
Feature.ExperienceDetails.UpdateMaturitySettingModal.Label.Title,
Feature.FAE.Action.Continue,
Feature.FAE.Action.Unlock,
Feature.FAE.Action.UnlockChat,
Feature.FAE.CheckIfYouCanJoinGame,Voyons si tu peux rejoindre cette expérience.
Feature.FAE.Label.ChatWithFriends,Chat avec des amis
Feature.FAE.Label.DayLeft,Encore 1 jour
Feature.FAE.Label.DaysLeft,Encore {daysLeft} jours
Feature.FAE.Label.GetASecureAgeCheckToUnlockChatAndAddTrustedFriends,Fais vérifier ton âge de manière sécurisée pour débloquer le chat et ajouter des amis de confiance.
Feature.FAE.Label.LetsCheckYourAge,Vérifions ton âge
Feature.FAE.Label.LetsCheckYourAgeSoYouCanUseChat,Vérifions votre âge pour que vous puissiez utiliser le chat.
Feature.FAE.Label.ModalBodyInApp,"Votre selfie nous permettra de vérifier votre âge, et nous ne l'utiliserons pas pour quoi que ce soit d'autre. C'est une mesure essentielle pour faire en sorte que Roblox soit aussi sûr que possible pour tout le monde."
Feature.FAE.Label.ModalBodyInAppV3,Faites un selfie. Nous l'utiliserons uniquement pour estimer votre âge. Cela nous aide à rendre le chat plus sûr pour tout le monde.
Feature.FAE.Label.ModalBodyTFUnlock,"Pour ajouter des amis de confiance, tu dois d'abord faire vérifier ton âge."
Feature.FAE.Label.ThisAllowsYouToChatSafelyItOnlyTakesAMoment,Cela ne prendra qu'un instant et te permettra de discuter en toute sécurité.
Feature.FAE.Label.ThisHelpsYouToChatSafelyItOnlyTakesAMoment,
Feature.FAE.Label.ToKeepChattingLetsCheckYourAge,"Avant de continuer la discussion, vérifions votre âge"
Feature.FAE.Label.YouNeedAnAgeCheckToUseChatThisMakesChatSafer,Une vérification d'âge est nécessaire pour utiliser le chat. Cela rend le chat plus sûr pour tout le monde.
Feature.FAE.Label.YoullSoonNeedAnAgeCheckToChat,Une vérification d'âge sera bientôt nécessaire pour utiliser le chat.
Feature.FAE.Label.YourSafetyMattersLetsCheckYourAge,Votre sécurité est importante ; vérifions votre âge.
Feature.FaceChat.Subtitle.FeatureDisabled,L'animation faciale est temporairement indisponible. Veuillez réessayer plus tard.
Feature.FaceChat.Subtitle.UnableToAccessCamera,"Pour animer ton avatar avec une caméra, va dans les paramètres du système d'exploitation pour permettre à Roblox d'utiliser la caméra"
Feature.Favorites.Label.Favorite,
Feature.Favorites.Label.Favorited,En favoris
Feature.FlyoutSidePanel.Action.ContinuePlaying,Continuer à jouer
Feature.FlyoutSidePanel.Label.TooltipBody,"Votre profil, votre contenu et vos paramètres ont été déplacés vers un nouvel emplacement."
Feature.FlyoutSidePanel.Label.TooltipTitle,<b>{itemName}</b> a été déplacé
Feature.Friends.Action.AcceptFriend,Accepter la demande d'ami
Feature.Friends.Action.AccountDeleted,Compte supprimé
Feature.Friends.Action.Add,
Feature.Friends.Action.Block,
Feature.Friends.Action.Close,
Feature.Friends.Action.ConnectionAdded,Connexion ajoutée
Feature.Friends.Action.ConnectionRequestSent,Demande de connexion envoyée
Feature.Friends.Action.EditProfile,Modifier le profil
Feature.Friends.Action.FindFriends,
Feature.Friends.Action.FriendAdded,
Feature.Friends.Action.FriendRemoved,Ami(e) retiré(e)
Feature.Friends.Action.FriendRequestSent,Demande d'ami envoyée
Feature.Friends.Action.GetStarted,Commencer
Feature.Friends.Action.GoToAddFriends,Aller à Ajouter des amis
Feature.Friends.Action.InviteFriends,Inviter des contacts à être amis sur Roblox.
Feature.Friends.Action.InviteProviderFriends,Invite des amis {provider}
Feature.Friends.Action.PendingRequest,Demande en attente
Feature.Friends.Action.ShareQR,Partager le code QR
Feature.Friends.Action.ShowMore,
Feature.Friends.Action.Unblock,
Feature.Friends.Action.Unfriend,Retirer des amis
Feature.Friends.Action.ViewMore,Voir plus
Feature.Friends.Action.ViewPlatformProfile,Voir la carte de joueur
Feature.Friends.Button.AddViaLink,Ajouter via un lien
Feature.Friends.Button.GotIt,
Feature.Friends.Description.ContactsModal,Tes contacts sont sur Roblox ! Deviens amis pour voir leurs avatars et profils complets. Allez à la page Ajouter des amis pour trouver plus de personnes que tu connais.
Feature.Friends.Description.DoMoreWithTrustedConnections,Fais encore plus de choses sur Roblox avec les Connexions de confiance. N'ajoute que des personnes que tu connais et en qui tu as confiance.
Feature.Friends.Description.DoMoreWithTrustedFriends,Fais encore plus de choses sur Roblox avec tes amis de confiance. N'ajoute que des personnes que tu connais et en qui tu as confiance.
Feature.Friends.Description.FoundFromContactImporter,Envoyé par l'importateur de contacts
Feature.Friends.Description.FromContacts,À partir des contacts
Feature.Friends.Description.FromContactsV2,{contactName} des contacts
Feature.Friends.Description.FromQrCode,À partir du code QR
Feature.Friends.Description.NoMutualFriends,Aucun ami en commun
Feature.Friends.Description.NotAFriend,Pas un ami
Feature.Friends.Description.TrustedConnectionExpiredLink,Demande à ta connection de te renvoyer le lien. Tu as 30 jours pour l'ouvrir.
Feature.Friends.Description.TrustedConnectionsUnavailable,La fonctionnalité de Connexions de confiance n'est pas encore disponible dans ta région.
Feature.Friends.Description.TrustedFriendsExpiredLink,Demande à ton ami de te renvoyer le lien. Tu as 30 jours pour l'ouvrir.
Feature.Friends.Description.TrustedFriendsInvalidLink,"Vérifie que le compte connecté est le bon, puis réessaie."
Feature.Friends.Description.TrustedFriendsRequestModalBody,N'ajoute que des personnes que tu connais et en qui tu as confiance. Tu peux gérer cet ami à tout moment depuis son profil.
Feature.Friends.Description.TrustedFriendsUnavailable,La fonctionnalité d'amis de confiance n'est pas encore disponible dans ta région.
Feature.Friends.Description.YouCanDoMoreWithTrustedFriends,"Tu peux faire encore plus de choses sur Roblox en compagnie de tes amis de confiance. Pour gérer leur statut, il te suffit d'accéder à leur profil."
Feature.Friends.Error.AlreadyFriendError,Cet utilisateur est déjà un ami.
Feature.Friends.Error.DefaultFriendingError,Impossible d'envoyer la demande d'ami. Veuillez réessayer plus tard.
Feature.Friends.Error.InvalidNicknameError,Cet utilisateur a un pseudo invalide.
Feature.Friends.Error.InvalidTargetUserError,Cet utilisateur est invalide ou n'existe pas.
Feature.Friends.Error.MaxFriendsError,Tu as atteint la limite maximale d'ami.
Feature.Friends.Error.ParentalControlUnblockError,Ton parent a bloqué cet utilisateur. Demande à ton parent de débloquer cet utilisateur dans les Paramètres.
Feature.Friends.Error.TargetAlreadyBlockedError,Cet utilisateur est déjà bloqué.
Feature.Friends.Error.UnauthorizedError,Tu n'es pas autorisé à effectuer cette opération.
Feature.Friends.Error.UnblockTargetBlockedOnPlatform,Cet utilisateur est bloqué sur une autre plateforme.
Feature.Friends.Error.UnblockTargetNotBlockedError,"Cet utilisateur n'est pas bloqué, tout est en ordre !"
Feature.Friends.Error.UserBannedError,Il t'est interdit d'effectuer cette opération.
Feature.Friends.Error.UserBlockedError,Tu es empêché d'effectuer cette opération.
Feature.Friends.Error.UserNotPassedCaptcha,Tu n'as pas réussi le captcha.
Feature.Friends.Feature.Friends.Heading.AddFriends,
Feature.Friends.FriendingTooltipBody,Certaines demandes d'amitié peuvent provenir d'utilisateurs qui te trouvent par ton numéro de téléphone. Assure-toi de les connaître avant de devenir amis.
Feature.Friends.Heading.Activities,Activités
Feature.Friends.Heading.FilterBy,Filtrer par
Feature.Friends.Heading.Friends,
Feature.Friends.Heading.MyConnections,Mes amis
Feature.Friends.Label.AddConnectionVPC,Tu as besoin de l'autorisation des parents pour ajouter cette Connexion de confiance.
Feature.Friends.Label.AddConnectionsHint,C'est les connexions qui rendent Roblox cool !
Feature.Friends.Label.AddConnectionsHintBody,Ajoute des gens que tu connais déjà ou trouve de nouvelles connexions
Feature.Friends.Label.AddFriendVPC,"Pour ajouter cet ami de confiance, tu as besoin d'une autorisation parentale."
Feature.Friends.Label.All,
Feature.Friends.Label.AllowContactsAccess,Autoriser l'accès à tes contacts pour te connecter avec tes amis sur Roblox !
Feature.Friends.Label.Ask,
Feature.Friends.Label.AskYourParent,
Feature.Friends.Label.Cancel,
Feature.Friends.Label.ConnectWithFriends,Se connecter avec des amis
Feature.Friends.Label.ConnectedNumDays,Amis depuis {num} jours
Feature.Friends.Label.ConnectedNumMonths,Connectés depuis {num} mois
Feature.Friends.Label.ConnectedNumYears,Amis depuis {num} ans
Feature.Friends.Label.ConnectedOneDay,Amis depuis 1 jour
Feature.Friends.Label.ConnectedOneMonth,Amis depuis 1 mois
Feature.Friends.Label.ConnectedOneYear,Amis depuis 1 an
Feature.Friends.Label.ConnectionOwns,1 connexion possède
Feature.Friends.Label.ConnectionRecentlyPlayed,<b>1 connexion</b> a joué récemment
Feature.Friends.Label.ConnectionRemoved,Connexion supprimée
Feature.Friends.Label.ConnectionRequest,Demande d'amitié
Feature.Friends.Label.ConnectionsCount,Connexions ({connectionCount})
Feature.Friends.Label.ConnectionsOwn,{numberOfConnections} connexions possèdent
Feature.Friends.Label.ConnectionsPlayed,{numberOfConnections} a ou ont joué
Feature.Friends.Label.ConnectionsRecentlyPlayed,<b>{numberOfConnections} connexions</b> ont joué récemment
Feature.Friends.Label.ContactsCaption,"Pour t'aider, toi et tes amis, à te retrouver sur Roblox, Roblox synchronisera régulièrement tes contacts et stockera les utilisateurs avec lesquels tu t'associes. Tu peux changer cela à tout moment dans les paramètres du compte."
Feature.Friends.Label.FAEEligibleBanner.Body,
Feature.Friends.Label.FewestInteractions,Moins d'interactions
Feature.Friends.Label.FindFriendsHintBody,Connecte-toi avec tes amis que tu connais déjà ou découvre-en de nouveaux.
Feature.Friends.Label.Follower,Follower
Feature.Friends.Label.Followers,Abonnés
Feature.Friends.Label.Following,À suivre
Feature.Friends.Label.FollowsYou,Te suit
Feature.Friends.Label.Frequent,Joué ensemble
Feature.Friends.Label.Friend,Ami
Feature.Friends.Label.FriendInvite,T'a invité à devenir ami sur Roblox
Feature.Friends.Label.FriendOwns,Possédé par 1 ami
Feature.Friends.Label.FriendRecentlyPlayed,Joué récemment par <b>1 ami</b>
Feature.Friends.Label.FriendRequest,Demande d'ami
Feature.Friends.Label.FriendingTooltip,Astuce d'ami
Feature.Friends.Label.Friends,
Feature.Friends.Label.FriendsAreNowConnections,Les amis sont désormais des connexions !
Feature.Friends.Label.FriendsHintBold,Jouons !
Feature.Friends.Label.FriendsHintPlain,Commence par ajouter un ami.
Feature.Friends.Label.FriendsOwn,Possédé par {numberOfConnections} amis
Feature.Friends.Label.FriendsPlayed,
Feature.Friends.Label.FriendsRecentlyPlayed,<b>{numberOfConnections} amis</b> ont joué récemment
Feature.Friends.Label.InGame,
Feature.Friends.Label.IntroducingConnections,Introduction des Connexions
Feature.Friends.Label.JoinedInYear,Inscrit en {year}
Feature.Friends.Label.ManageFriendsList,Gérer ta liste d'amis
Feature.Friends.Label.ManageFriendsListCaption,Passe en revue les amis avec lesquels tu as interagi pour garder votre liste d'amis à jour.
Feature.Friends.Label.MultipleMutuals,{numConnections} connexions en commun
Feature.Friends.Label.MutualConnection,1 connexion mutuelle
Feature.Friends.Label.MutualConnectionTitle,1 connexion mutuelle
Feature.Friends.Label.MutualConnections,{numConnections} connexions mutuelles
Feature.Friends.Label.MutualConnectionsTitle,{numConnections} connexions mutuelles
Feature.Friends.Label.MutualFriendTitle,1 ami en commun
Feature.Friends.Label.MutualFriends,Amis communs
Feature.Friends.Label.MutualFriendsTitle,{numConnections} amis en commun
Feature.Friends.Label.MyProfile,Mon profil
Feature.Friends.Label.NewConnection,Nouvelle connexion
Feature.Friends.Label.NewFriend,Nouvel ami
Feature.Friends.Label.NewFriendRequestsMax,{maxRequestsCount}+
Feature.Friends.Label.NoFriendsYet,{name} n'a pas encore d'amis.
Feature.Friends.Label.NowTrusted,{username} est maintenant un ami de confiance
Feature.Friends.Label.OneMutual,1 connexion en commun
Feature.Friends.Label.PYMK,Personnes que tu peux connaître
Feature.Friends.Label.Pending,
Feature.Friends.Label.PlayedByUser,Jouée par <b>{name}</b>
Feature.Friends.Label.PlayedByUserAndOneOther,Jouée par <b>{name}</b> et <b>1 autre connexion</b>
Feature.Friends.Label.PlayedByUserAndOneOther.FriendsRename,Jouée par <b>{name}</b> et <b>1 autre ami(e)</b>
Feature.Friends.Label.PlayedByUserAndOthers,Jouée par <b>{name}</b> et <b>{numOfOthers} autres connexions</b>
Feature.Friends.Label.PlayedByUserAndOthers.FriendsRename,Jouée par <b>{name}</b> et <b>{numOfOthers} autres ami(e)s</b>
Feature.Friends.Label.RenameInfoText,"Les amis sur Roblox sont maintenant appelés des Connexions. Ajoute des personnes que tu connais en tant que Connexions pour voir facilement qui est en ligne, démarrer une Party et jouer avec elles. <br /><br />Désormais, les utilisateurs de 13 ans et plus dont l'âge a été vérifié peuvent débloquer des fonctions de chat expressives avec les Connexions éligibles, et d'autres fonctions seront bientôt disponibles !"
Feature.Friends.Label.Request,Requête
Feature.Friends.Label.SearchFriends,Rechercher des amis
Feature.Friends.Label.SearchPeople,
Feature.Friends.Label.SentFromWithContext,Envoyé de {gameName}
Feature.Friends.Label.SingularMutualFriend,ami commun
Feature.Friends.Label.Suggested,Suggéré
Feature.Friends.Label.Unfollowed,Plus suivi(e)
Feature.Friends.Label.UnlockVoice,Déverrouiller la voix
Feature.Friends.Label.YouAreFollowing,Tu suis
Feature.Friends.Label.YourLinkedParent,Ton parent lié
Feature.Friends.LinkText.LearnMore,
Feature.Friends.Message.DiscoverableSettings,Veux-tu être recommandé aux utilisateurs Roblox qui ont ton numéro de téléphone ?
Feature.Friends.Message.EmptyState,"Lorsque tes contacts seront disponibles, tu pourras les trouver dans Ajouter des amis."
Feature.Friends.Message.FloodLimitExceededError,Vous effectuez cette action trop souvent. Veuillez patienter un moment avant de réessayer.
Feature.Friends.Message.FriendAdded,
Feature.Friends.Message.NameFromContacts,"Lorsque tu utilises Roblox, les utilisateurs avec ton numéro de téléphone seront en mesure de voir ton nom comme enregistré dans leur appareil."
Feature.Friends.Message.RevokedContacts,"Pour utiliser cette fonctionnalité, va sur Roblox dans les paramètres de l'application de ton appareil et active les contacts."
Feature.Friends.Message.UploadContactsFailure,Un problème est survenu lors du chargement du contenu. Réessayer plus tard à partir de la page Ajouter des amis.
Feature.Friends.Message.ViewAndConnectHint,Voir les demandes de connexion et ajouter des personnes que tu connais déjà
Feature.Friends.Message.ViewAndConnectTooltip,Consulte les demandes d'amis et connecte-toi avec des amis que tu connais déjà.
Feature.Friends.Mutual,Mutuelle
Feature.Friends.Mutuals,Mutuelles
Feature.Friends.OneMutualConnection,est une connexion mutuelle
Feature.Friends.OneMutualFriend,est un ami commun
Feature.Friends.OneOtherMutualConnection,autre connexion mutuelle
Feature.Friends.OneOtherMutualFriend,autre ami commun
Feature.Friends.PluralMutualConnections,sont des connexions mutuelles
Feature.Friends.PluralMutualFriends,sont des amis communs
Feature.Friends.PluralOtherMutualConnections,autres connexions mutuelles
Feature.Friends.PluralOtherMutualFriends,d'autres amis communs
Feature.Friends.Subtitle.ConnectionsEducation,"C'est plus facile de jouer et de discuter avec des Connexions. Tu peux supprimer, bloquer ou signaler une connexion à tout moment."
Feature.Friends.Subtitle.FriendsEducation,"C'est plus facile de jouer et de discuter avec ses copains. Tu peux supprimer quelqu'un de ta liste, le bloquer ou le signaler à tout moment."
Feature.Friends.TCEducation.Banner.Text,"Ajouter des connexions de confiance par code QR ou Contacts pour déverrouiller le Chat sans filtres, voix de groupe, et plus encore."
Feature.Friends.TCEducation.Modal.TextIntro,"Roblox est plus amusant avec les gens que vous connaissez. Les utilisateurs que vous ajoutez par le biais du QR Code ou des Contacts deviendront des Connexions approuvées, débloquant des avantages supplémentaires, comme :"
Feature.Friends.TCEducation.Modal.TextIntro.EighteenPlus,"En tant qu'utilisateur vérifié de 18 ans et plus, tu peux faire plus avec les connexions vérifiées de 18 ans et plus et vos connexions de confiance."
Feature.Friends.TCEducation.Modal.TextOutro,De nouvelles façons d'ajouter d'autres personnes en tant que connexions de confiance seront bientôt disponibles. Contrôle les personnes qui peuvent te contacter en gérant tes connexions.
Feature.Friends.TCEducation.Modal.TextOutro.EighteenPlus,"Lorsque tu ajouteras un autre utilisateur dont l'âge a été vérifié via le code QR ou les Connexions, il deviendra une Connexion de confiance. D'autres options seront bientôt disponibles."
Feature.Friends.TCEducation.Title,Ajouter des personnes que tu connais
Feature.Friends.TCFeature.AndMore,et plus encore à venir
Feature.Friends.TCFeature.ChatWithoutFilters,Chat sans filtres
Feature.Friends.TCFeature.PartyVoice,Voix Party
Feature.Friends.TFEducation.Banner.Text,"Ajoute des amis de confiance par code QR ou via Contacts pour accéder au chat sans filtres, au chat vocal Party et plus encore."
Feature.Friends.TFEducation.Modal.TextIntro,"Roblox est plus amusant avec les gens que tu connais. Lorsque tu ajoutes des utilisateurs dont l'âge a été vérifié par code QR ou via Contacts, ils deviennent tes amis de confiance. Des avantages supplémentaires sont alors accessibles, comme :"
Feature.Friends.TFEducation.Modal.TextIntro.EighteenPlus,"En tant qu'utilisateur dont l'âge a été vérifié (18 ans et plus), tu as davantage de libertés avec tes amis d'âges vérifiés similaires ainsi qu'avec tes amis de confiance."
Feature.Friends.TFEducation.Modal.TextOutro,De nouvelles façons d'ajouter d'autres personnes en tant qu'amis de confiance seront bientôt disponibles. Gère tes amis pour contrôler qui peut te contacter.
Feature.Friends.TFEducation.Modal.TextOutro.EighteenPlus,"Lorsque tu ajouteras un autre utilisateur à l'âge vérifié via un code QR ou Contacts, il deviendra ton ami de confiance. D'autres options seront bientôt disponibles."
Feature.Friends.Text.IsPlaying,y joue
Feature.Friends.Text.NoConnections,"Tu n'as encore ajouté aucune connexion. Pour commencer, trouve et ajoute des connexions."
Feature.Friends.Text.NoFriends,"Tu n'as pas encore ajouté d'amis. Pour commencer, trouve et ajoute tes amis sur Roblox."
Feature.Friends.Title.TrustedFriendsExpiredLink,Lien expiré
Feature.Friends.Title.TrustedFriendsInvalidLink,Lien invalide
Feature.Friends.TrustedConnection.AcceptTrustedRequest,Accepter la Connexion de confiance
Feature.Friends.TrustedConnection.Action.RemoveTrustedConnection,Supprimer la connexion de confiance
Feature.Friends.TrustedConnection.Label.AddTrustedConnection,Ajouter une Connexion de confiance
Feature.Friends.TrustedConnection.Label.Trusted,
Feature.Friends.TrustedConnection.Toast.TrustedConnectionRemoved,Connexion de confiance supprimée
Feature.Friends.TrustedFriend.AcceptTrustedRequest,Accepter en ami de confiance
Feature.Friends.TrustedFriend.Action.RemoveTrustedFriend,Retirer des amis de confiance
Feature.Friends.TrustedFriend.AddBack.Header,Demande d'ajout aux Amis de confiance
Feature.Friends.TrustedFriend.Info.Modal.Header,Nouvel ami de confiance
Feature.Friends.TrustedFriend.Label.AddTrustedFriend,Ajouter un ami de confiance
Feature.Friends.TrustedFriend.Label.AddTrustedFriends,Ajouter des amis de confiance
Feature.Friends.TrustedFriend.Label.AddTrustedFriendsAltCapitalization,
Feature.Friends.TrustedFriend.Toast.IsATrustedFriendNow,L'utilisateur {name} est devenu un ami de confiance
Feature.Friends.TrustedFriend.Toast.TrustedFriendRemoved,Ami de confiance supprimé
Feature.Friends.TrustedFriend.Toast.TrustedFriendRequestSent,Demande d'ajout aux amis de confiance envoyée
Feature.FriendsActivityFeed.Label.ScreenTitleNoUsername,Activité récente
Feature.FriendsActivityFeed.Label.ScreenTitleWithUsername,Activité récente de : {username}
Feature.FriendsActivityFeed.Label.ViewRecentActivity,Voir l'activité récente
Feature.FriendsActivityFeed.Timestamp.DaysAbbreviatedPlural,
Feature.FriendsActivityFeed.Timestamp.HoursAbbreviatedPlural,
Feature.FriendsActivityFeed.Timestamp.MinutesAbbreviatedPlural,
Feature.FriendsActivityFeed.Timestamp.Now,
Feature.FriendsActivityFeed.Timestamp.OneDayAbbreviated,
Feature.FriendsActivityFeed.Timestamp.OneHourAbbreviated,
Feature.FriendsActivityFeed.Timestamp.OneMinuteAbbreviated,
Feature.FriendsActivityFeed.Timestamp.OneWeekAbbreviated,
Feature.FriendsActivityFeed.Timestamp.WeeksAbbreviatedPlural,
Feature.FriendsMenu.Label.SearchForConnections,
Feature.FriendsMenu.Label.SelectedConnectionsCount,{numerator}/{denominator} Connexions sélectionnées
Feature.FriendsMenu.Label.SelectedConnectionsCountNoLimit,{selectedCount} Connexions sélectionnées
Feature.FriendsMenu.Label.SelectedFriendsCount,{numerator}/{denominator} amis sélectionnés
Feature.FriendsMenu.Label.SelectedFriendsCountNoLimit,{selectedCount} amis sélectionnés
Feature.GameDetails.Action.BuyRobux,
Feature.GameDetails.Action.Continue,
Feature.GameDetails.Action.CopyLink,
Feature.GameDetails.Action.CreatePrivateGame,Créer un Serveur Privé
Feature.GameDetails.Action.GameDetails,Infos sur l'expérience
Feature.GameDetails.Action.GiveFeedback,Envoyer un commentaire
Feature.GameDetails.Action.InviteFriends,
Feature.GameDetails.Action.JoinFriendsInGame,Joindre des amis
Feature.GameDetails.Action.NotInterested,Pas intéressé
Feature.GameDetails.Action.Refund,Demande de remboursement
Feature.GameDetails.Action.Report,
Feature.GameDetails.Action.ReportAd,Signaler une annonce
Feature.GameDetails.Action.Undo,Défaire
Feature.GameDetails.Action.Unlock,
Feature.GameDetails.Action.WhyThisAd,Pourquoi cette annonce ?
Feature.GameDetails.Heading.FeaturedSongs,Meilleures chansons dans {experienceName}
Feature.GameDetails.Heading.Media,Média
Feature.GameDetails.Heading.PurchaseGame,Débloquer cette expérience
Feature.GameDetails.Heading.Recommended,Recommandés
Feature.GameDetails.Label.Age,
Feature.GameDetails.Label.By,
Feature.GameDetails.Label.Camera,Caméra
Feature.GameDetails.Label.ChatFeatures,Fonctionnalités de chat
Feature.GameDetails.Label.Community,Communauté
Feature.GameDetails.Label.ContainsStrongLanguagePillWarning,Contient un langage cru
Feature.GameDetails.Label.ContentMaturity,
Feature.GameDetails.Label.Created,
Feature.GameDetails.Label.Developer,Développeur
Feature.GameDetails.Label.DontLikeGame,Je n'aime pas ce jeu
Feature.GameDetails.Label.DontLikeImage,Je n'aime pas cette image
Feature.GameDetails.Label.Follow,Suivre
Feature.GameDetails.Label.FriendsSeparator,", "
Feature.GameDetails.Label.Genre,
Feature.GameDetails.Label.GenreAdventure,Aventure
Feature.GameDetails.Label.GenreAll,
Feature.GameDetails.Label.GenreBuilding,Construction
Feature.GameDetails.Label.GenreComedy,Comédie
Feature.GameDetails.Label.GenreFPS,FPS
Feature.GameDetails.Label.GenreFighting,Combat
Feature.GameDetails.Label.GenreInProgress,Affiche actuellement le genre attribué par Roblox pour cette expérience. Reste à l'écoute car nous concevons un système de genre amélioré.
Feature.GameDetails.Label.GenreMedieval,Médiéval
Feature.GameDetails.Label.GenreMilitary,Militaire
Feature.GameDetails.Label.GenreNaval,Naval
Feature.GameDetails.Label.GenreRPG,Jeux de rôle
Feature.GameDetails.Label.GenreSciFi,Sci-Fi
Feature.GameDetails.Label.GenreUnderConstruction,Les genres d'expérience sont actuellement en cours de construction et ne sont pas disponibles. Reste à l'écoute car nous concevons un système de genre amélioré.
Feature.GameDetails.Label.GenreWestern,Western
Feature.GameDetails.Label.Group,
Feature.GameDetails.Label.InappropriateContent,Contenu inapproprié
Feature.GameDetails.Label.LabelGenreHorror,Horreur
Feature.GameDetails.Label.LabelGenreSports,Sport
Feature.GameDetails.Label.LabelGenreTownAndCity,Ville et village
Feature.GameDetails.Label.LearnMore,
Feature.GameDetails.Label.LowercaseNumberPlaying,{numActivePlayers} en activité
Feature.GameDetails.Label.Maturity,Maturité
Feature.GameDetails.Label.MaxPlayers,Taille du serveur
Feature.GameDetails.Label.Microphone,Microphone
Feature.GameDetails.Label.NineAndOver,9 ans et plus
Feature.GameDetails.Label.No,
Feature.GameDetails.Label.None,
Feature.GameDetails.Label.NotSupported,Non supporté
Feature.GameDetails.Label.PassesAndGear,Passes et équipement
Feature.GameDetails.Label.Playing,
Feature.GameDetails.Label.ProvideFeedbackTitle,Fournir un feedback
Feature.GameDetails.Label.Rating,Evaluation
Feature.GameDetails.Label.ReportAbuse,Signaler un comportement abusif
Feature.GameDetails.Label.Servers,Serveurs
Feature.GameDetails.Label.SomethingElse,Autre chose
Feature.GameDetails.Label.Store,
Feature.GameDetails.Label.Subgenre,Sous-genre
Feature.GameDetails.Label.Supported,Supporté
Feature.GameDetails.Label.TellUsMorePlaceholder,Dis-nous en plus
Feature.GameDetails.Label.TooRepetitive,Trop répétitif
Feature.GameDetails.Label.Unavailable,S/O
Feature.GameDetails.Label.Updated,
Feature.GameDetails.Label.Upvoted,Approuvé à
Feature.GameDetails.Label.Visits,
Feature.GameDetails.Label.VoiceChat,
Feature.GameDetails.Label.VoiceEnabled,Voix activée
Feature.GameDetails.Label.Votes,{votes} votes
Feature.GameDetails.Label.WhyThisAd,
Feature.GameDetails.Label.Yes,
Feature.GameDetails.Message.AdPreferences,Préférences des annonces
Feature.GameDetails.Message.AnonymousFeedbackTermsOfUse,Les réponses sont partagées de manière anonyme et constituent un retour d'expérience aux {underlineStart}Conditions d'utilisation Roblox{underlineEnd}.
Feature.GameDetails.Message.BuyMoreRobuxToPurchaseGameV2,Vous avez besoin de {shortfallPrice} Robux de plus pour débloquer l'accès à {gameName}. Souhaitez-vous acheter plus de Robux ?
Feature.GameDetails.Message.ExternalLinkWarning,"En cliquant sur ""continuer"", tu seras redirigé vers un site web qui n'appartient pas à Roblox et qui n'est pas géré par Roblox. Ils peuvent avoir des conditions et des politiques de confidentialité différentes."
Feature.GameDetails.Message.HelpImproveExperience,Aide-nous à améliorer ton expérience
Feature.GameDetails.Message.HidingExperienceQuestion,Pourquoi caches-tu cette expérience ?
Feature.GameDetails.Message.LeavingRobloxTitle,Quitter Roblox
Feature.GameDetails.Message.PurchaseGame,Débloquer l'accès à {gameName} pour {X} R$ ?
Feature.GameDetails.Message.PurchaseGameV2,Débloquer l'accès à {gameName} pour {X} Robux ?
Feature.GameDetails.Message.SponsoredDisclosure.Error,Les informations de parrainage n'ont pas pu être affichées en raison d'une erreur temporaire.
Feature.GameDetails.Message.SponsoredDisclosure.O18NonPersonalizedNoLink,"Tu vois ce contenu sponsorisé sur la base de facteurs non personnalisés, tels que les informations sur l'appareil, la localisation et l'âge, afin de te proposer un contenu approprié. Le créateur de l'expérience est {CreatorName}. La sponsorisation a été payée par {PayerName}. Pour en savoir plus, visite la page « Confidentialité et maturité du contenu » dans les paramètres de ton compte, ici :"
Feature.GameDetails.Message.SponsoredDisclosure.O18PersonalizedNoLink,"Tu vois ce contenu sponsorisé sur la base de différents facteurs, tels que ta localisation, les informations sur l'appareil, l'âge et le comportement sur la plateforme, afin de te proposer un contenu pertinent. Le créateur de l'expérience est {CreatorName}. La sponsorisation a été payée par {PayerName}. Pour en savoir plus, visite la page « Confidentialité et maturité du contenu » dans les paramètres de ton compte, ici :"
Feature.GameDetails.Message.SponsoredDisclosure.U18,"Tu vois ce contenu sponsorisé sur la base de facteurs non personnalisés, tels que les informations sur l'appareil, la localisation et l'âge, afin de te proposer un contenu approprié. Le créateur de l'expérience est {CreatorName}. Le parrainage a été payé par {PayerName}."
Feature.GameDetails.Message.SponsoredDisclosureNoUniverse.O18NonPersonalNoLink,"Tu vois ce contenu sponsorisé sur la base de facteurs non personnalisés tels que les informations sur l'appareil, la localisation et l'âge, afin de te proposer un contenu approprié. La sponsorisation a été payée par {PayerName}. Pour en savoir plus, visite la page « Confidentialité et maturité du contenu » dans les paramètres de ton compte, ici :"
Feature.GameDetails.Message.SponsoredDisclosureNoUniverse.O18PersonalizedNoLink,"Tu vois ce contenu sponsorisé sur la base de différents facteurs tels que ta localisation, les informations sur l'appareil, l'âge et le comportement sur la plateforme, afin de te proposer un contenu pertinent. La sponsorisation a été payée par {PayerName}. Pour en savoir plus, visite la page « Confidentialité et maturité du contenu » dans les paramètres de ton compte, ici :"
Feature.GameDetails.Message.SponsoredDisclosureNoUniverse.U18,"Tu vois ce contenu sponsorisé sur la base de facteurs non personnalisés tels que les informations sur l'appareil, la localisation et l'âge, afin de te proposer un contenu approprié. Le parrainage a été payé par {PayerName}."
Feature.GameDetails.Message.SuggestLessOften,Nous suggérerons cela moins souvent
Feature.GameDetails.RatingPercentOnly,Note : {percentRating}  %
Feature.GameDetails.Toast.LinkCopied,Lien copié dans le presse-papier
Feature.GameFollows.LabelNotifications,Notifier
Feature.GameFollows.TooltipFollowLimitReached,Limite atteinte. Retirer tes autres expériences pour suivre celle-ci.
Feature.GameFollows.TooltipNotificationsButtonDescription,Active les notifications pour ne pas manquer une activité
Feature.GameFollows.TooltipNotificationsLimitReached,Limite atteinte. Commencez par désactiver les notifications pour les autres expériences.
Feature.GameFollows.TooltipTurnedOffNotifications,Notifications désactivées pour {experienceName}
Feature.GameFollows.TooltipTurnedOnNotifications,Notifications activées pour {experienceName}
Feature.GamePage.Action.BackToTop,Haut de la page
Feature.GamePage.Label.Ad,
Feature.GamePage.Label.Sponsored,Sponsorisés
Feature.GamePage.Label.SponsoredDisclosure,"Les items sponsorisés sont payés par les créateurs. Pour les utilisateurs de l'UE, ils peuvent vous être présentés sur la base d'informations générales concernant votre type d'appareil, votre localisation et vos données démographiques. En dehors de l'UE, les publicités peuvent également être affichées sur la base d'informations supplémentaires."
Feature.GamePage.LabelCancelField,
Feature.GamePage.LabelNoSearchResults,
Feature.GamePage.LabelSearchInsteadForPlayersNamed,Recherche plutôt les personnes nommées
Feature.GamePage.LabelShowingResultsFor,Affichage des résultats pour
Feature.GamePage.QuickLaunch.LaunchError.ContextualPlayabilityUnverifiedSeventeenPlusUser,Cette expérience n'est pas disponible en raison de ton statut su la vérification de ton âge.
Feature.GamePage.QuickLaunch.LaunchError.GuestProhibited,Les invités ne peuvent pas participer à cette expérience.
Feature.GamePage.QuickLaunch.LaunchError.PurchaseRequired,"Pour visiter cette expérience, un achat est nécessaire."
Feature.GamePage.QuickLaunch.LaunchError.RequestFailed,Échec de requête réseau.
Feature.GamePage.QuickLaunch.LaunchError.TemporarilyUnavailable,Cette expérience ne peut pas être visitée pour le moment.
Feature.GamePass.Heading.PassesForThisGame,Passes
Feature.GamepadDisconnect.Label.Message,"Manette pour utilisateur ""%s"" a été déconnecté, appuyer sur '%s' sur la manette avec laquelle tu souhaites continuer."
Feature.GamepadDisconnect.Label.MessageGeneric,"La manette de l'utilisateur ""%s"" a été déconnecté. Reconnecter la manette."
Feature.GamepadDisconnect.Label.Title,Manette manquante
Feature.Groups.Action.Cancel,
Feature.Groups.Action.CancelRequest,Annuler la demande
Feature.Groups.Action.Close,
Feature.Groups.Action.Continue,
Feature.Groups.Action.CreateGroup,Créer une communauté
Feature.Groups.Action.Follow,
Feature.Groups.Action.JoinGroup,
Feature.Groups.Action.LeaveGroup,Quitter la communauté
Feature.Groups.Action.MakePrimary,Désigner comme communauté principale
Feature.Groups.Action.More,
Feature.Groups.Action.NotNow,
Feature.Groups.Action.RemovePrimary,Enlever la communauté principale
Feature.Groups.Action.SeeAll,
Feature.Groups.Action.Unfollow,Ne plus suivre
Feature.Groups.Action.ViewGroup,Voir la communauté
Feature.Groups.Description.JoinGroupPending,Ta demande d'adhésion est en attente d'examen par la communauté.
Feature.Groups.Description.NotEligibleToJoin,Ton compte ne peut pas rejoindre cette communauté.
Feature.Groups.Description.PremiumMaxGroups,Tu as rejoint le nombre maximum de communautés.
Feature.Groups.Description.RequiresAccountTenureTooltipOneDay,"Pour pouvoir rejoindre cette communauté, tu dois avoir créé un compte depuis au moins 1 jour."
Feature.Groups.Description.RequiresAccountTenureTooltipOneMonth,"Pour pouvoir rejoindre cette communauté, tu dois avoir créé un compte depuis au moins 30 jours."
Feature.Groups.Description.RequiresAccountTenureTooltipOneWeek,"Pour pouvoir rejoindre cette communauté, tu dois avoir créé un compte depuis au moins 7 jours."
Feature.Groups.Description.RequiresAccountTenureTooltipThreeDays,"Pour pouvoir rejoindre cette communauté, tu dois avoir créé un compte depuis au moins 3 jours."
Feature.Groups.Description.RequiresAccountTenureTooltipThreeMonths,"Pour pouvoir rejoindre cette communauté, tu dois avoir créé un compte depuis au moins 90 jours."
Feature.Groups.Heading.Community,
Feature.Groups.Heading.Followers,
Feature.Groups.Heading.Groups,
Feature.Groups.Heading.Members,
Feature.Groups.Heading.MyGroups,Mes communautés
Feature.Groups.Heading.Primary,Principal
Feature.Groups.Heading.SocialLinksNew,Liens sociaux
Feature.Groups.Heading.SocialMedia,
Feature.Groups.Heading.VerificationRequired,Vérification du compte requise
Feature.Groups.Heading.Videos,Vidéos
Feature.Groups.Label.ByOwnerWithFormat,Par {ownerName}
Feature.Groups.Label.Follower,follower
Feature.Groups.Label.FollowerCapital,
Feature.Groups.Label.FollowerCapitalPlural,Followers
Feature.Groups.Label.FollowerPlural,followers
Feature.Groups.Label.GroupClosed,Communauté fermée
Feature.Groups.Label.GroupLocked,Cette communauté a été verrouillée
Feature.Groups.Label.Member,Membre
Feature.Groups.Label.MemberCapitalPlural,
Feature.Groups.Label.MemberLowerCase,membre
Feature.Groups.Label.MemberLowerCasePlural,membres
Feature.Groups.Label.Owned,Appartenant
Feature.Groups.Label.PreviousNames,Noms précédents
Feature.Groups.Label.SearchMyGroups,Rechercher dans mes communautés
Feature.Groups.Message.BannedFromGroup,Tu as été banni de cette communauté.
Feature.Groups.Message.GroupClosed,Tu ne peux pas rejoindre une communauté fermée.
Feature.Groups.Message.LoadGroupListError,Impossible de charger la liste de la communauté.
Feature.Groups.Message.NoGroupsFound,Aucune communauté trouvée.
Feature.Groups.Message.NotInAnyGroups,Tu n'es membre d'aucune communauté.
Feature.Groups.Message.PinLocked,Tu ne peux pas effectuer cette action avec un pin verrouillé. Déverrouille ton code Pin dans la page Paramètres du compte.
Feature.Groups.Modal.ContentTextHigh,"Vérifie ton compte pour rejoindre cette communauté.

1. Va dans Infos sur le compte > Vérifier mon âge
2. Termine la procédure de vérification"
Feature.Groups.Modal.ContentTextLow,"Vérifie ton compte pour rejoindre cette communauté.

1. Va dans Info sur le compte
2. Choisis une option de vérification :
    - Ajouter un téléphone
    - Ajouter un courriel
    - Vérifier mon âge
3. Termine le processus de vérification"
Feature.Groups.Modal.ContentTextMedium,"Vérifie ton compte pour rejoindre cette communauté.

1. Va dans Info sur le compte
2. Choisis une option de vérification :
     - Ajouter un téléphone ET Ajouter un courriel
     - Vérifier mon âge
3. Termine le processus de vérification"
Feature.Groups.Notification.FailedToFollow,Impossible de suivre le profil. Réessaie plus tard.
Feature.Groups.Notification.FailedToJoin,Impossible de rejoindre la communauté. Réessaie plus tard.
Feature.Groups.Notification.FailedToLoad,Impossible de charger la communauté. Réessaie plus tard.
Feature.Groups.Notification.Following,Suit {groupName}.
Feature.Groups.Notification.GroupDoesNotExist,La communauté n'existe pas.
Feature.Groups.Notification.GroupModerated,Cette communauté est actuellement modérée.
Feature.Groups.Notification.JoinRequestPending,Demande de rejoindre la communauté {groupName}.
Feature.Groups.Notification.Joined,A rejoint {groupName}.
Feature.Groups.Title.AlreadyFollowing,Tu suis déjà {groupName}
Feature.Groups.Title.AlreadyMember,Tu es déjà membre de {groupName}
Feature.Groups.Title.Follow,Suivre {groupName}
Feature.Groups.Title.Join,Rejoindre {groupName}
Feature.Groups.Title.RequestedToJoin,Tu as déjà demandé à rejoindre {groupName}
Feature.Groups.Title.UnableToJoin,Impossible de rejoindre {groupName}
Feature.Home.ActionSeeAll,
Feature.Home.AddProviderFriendHintTitle,Appuie ici pour ajouter des amis {provider} !
Feature.Home.Button.Join,
Feature.Home.ClientCacheFallbackBanner.Action.Refresh,Actualiser
Feature.Home.ClientCacheFallbackBanner.Label.Error,
Feature.Home.ClientCacheFallbackBanner.Label.ErrorRefreshingToastTitle,Réessaie
Feature.Home.ClientCacheFallbackBanner.Label.RefreshPageToLoadContents,Actualise la page pour charger le contenu
Feature.Home.Experiment.Reminders.BodyPositiveVariant,N'oublie pas de faire en sorte que Roblox reste sûr et amusant pour tout le monde. Joue honnêtement et traite les autres joueurs avec respect.
Feature.Home.Experiment.Reminders.BodyShared,"Récemment, ton compte a enfreint les règles de Roblox concernant {policy_violation}."
Feature.Home.Experiment.Reminders.BodyWarningVariant,"Respecte les règles énoncées dans les Normes de la communauté. Si tu ne le fais pas, ton compte recevra d'autres avertissements ou sera suspendu."
Feature.Home.Experiment.Reminders.Button,
Feature.Home.Experiment.Reminders.Title,Rappelle-toi nos directives de la communauté
Feature.Home.Experiment.Reminders.ViolationAdvertising,Pratiques et contenus de publicité interdits
Feature.Home.Experiment.Reminders.ViolationAskingForPII,Partage des données personnelles
Feature.Home.Experiment.Reminders.ViolationBullyingAndHarassment,Intimidation et harcèlement
Feature.Home.Experiment.Reminders.ViolationCheatingAndExploiting,
Feature.Home.Experiment.Reminders.ViolationContestsAndSweepstakes,Biens et activités illicites et réglementés
Feature.Home.Experiment.Reminders.ViolationDirectingUsersOffPlatform,Redirection des utilisateurs hors plate-forme
Feature.Home.Experiment.Reminders.ViolationDiscriminationAndHate,Discrimination et haine
Feature.Home.Experiment.Reminders.ViolationDisruptiveAudio,L'utilisation abusive des systèmes Roblox
Feature.Home.Experiment.Reminders.ViolationDmca,Violations de propriété intellectuelle
Feature.Home.Experiment.Reminders.ViolationEncouragingDangerousBehavior,"Suicide, automutilation et comportement nuisible"
Feature.Home.Experiment.Reminders.ViolationExtortionAndBlackmail,"Menaces, intimidation et harcèlement"
Feature.Home.Experiment.Reminders.ViolationIllegalAndRegulatedGoodsAndActivities,
Feature.Home.Experiment.Reminders.ViolationIpViolation,
Feature.Home.Experiment.Reminders.ViolationIrlDangerousActivities,"Suicide, automutilation et comportement nuisible."
Feature.Home.Experiment.Reminders.ViolationMisleadingImpersonationMisrepresentation,
Feature.Home.Experiment.Reminders.ViolationMisusingRobloxSystems,
Feature.Home.Experiment.Reminders.ViolationOffPlatformSpeechAndBehavior,Discours et comportement nuisibles hors plateforme
Feature.Home.Experiment.Reminders.ViolationPoliticalContent,Contenu politique
Feature.Home.Experiment.Reminders.ViolationPoliticalContent.V2,Personnalités et entités politiques
Feature.Home.Experiment.Reminders.ViolationProfanity,Grossièretés
Feature.Home.Experiment.Reminders.ViolationRealWorldTragedy,Événements sensibles du monde réel
Feature.Home.Experiment.Reminders.ViolationRobloxEconomy,Violations de l'économie de Roblox
Feature.Home.Experiment.Reminders.ViolationRomanticContent,Contenu romantique
Feature.Home.Experiment.Reminders.ViolationScams,Escroqueries
Feature.Home.Experiment.Reminders.ViolationSexualContent,Contenu sexuel
Feature.Home.Experiment.Reminders.ViolationSharingYourOwnPii,
Feature.Home.Experiment.Reminders.ViolationSpam,Spam
Feature.Home.Experiment.Reminders.ViolationTerrorismExtremism,Le terrorisme et l'extrémisme violent
Feature.Home.Experiment.Reminders.ViolationThreatsOrAbuseOfRobloxEmployeesOrAffiliates,
Feature.Home.Experiment.Reminders.ViolationTrademark,
Feature.Home.Experiment.Reminders.ViolationViolentContentAndGore,Contenu violent et gore
Feature.Home.Experiment.Reminders.ViolationVirtualCasino,Casino virtuel
Feature.Home.Experiment.TextFilterEducation.General.Body.Pii.Modified,"Pour conserver ton accès au chat, ne divulgue jamais tes informations personnelles."
Feature.Home.Experiment.TextFilterEducation.General.Body.Pii.Warning,Nous avons dû modifier ou bloquer certains de tes messages. N'oublie pas : ne divulgue jamais tes informations personnelles.
Feature.Home.Experiment.TextFilterEducation.General.Body.Respect.Modified,"Pour conserver ton accès au chat, veille à toujours faire preuve de respect dans tes messages."
Feature.Home.Experiment.TextFilterEducation.General.Body.Respect.Warning,Nous avons dû modifier ou bloquer certains de tes messages. N'oublie pas : veille à toujours faire preuve de respect dans tes messages.
Feature.Home.Experiment.TextFilterEducation.General.Body.Romance.Modified,"Pour ne pas perdre l'accès au chat, évite les sujets liés à la romance ou aux rencontres amoureuses."
Feature.Home.Experiment.TextFilterEducation.General.Body.Romance.Warning,Nous avons dû modifier ou bloquer certains de tes messages. N'oublie pas : évite les sujets liés à la romance ou aux rencontres amoureuses.
Feature.Home.Experiment.TextFilterEducation.General.Body.Spam.Modified,"Pour conserver ton accès au chat, ne répète jamais le même message."
Feature.Home.Experiment.TextFilterEducation.General.Body.Spam.Warning,Nous avons dû modifier ou bloquer certains de tes messages. N'oublie pas : ne répète jamais le même message.
Feature.Home.Experiment.TextFilterEducation.General.Title.Warning,Tu es sur le point de perdre l'accès au chat
Feature.Home.Experiment.TextFilterEducation.Kids.Body.Pii,"N'oublie pas : ne divulgue jamais ton nom, ton école et l'endroit où tu habites."
Feature.Home.Experiment.TextFilterEducation.Kids.Body.Respect,N'oublie pas : fais toujours preuve de courtoisie.
Feature.Home.Experiment.TextFilterEducation.Kids.Body.Spam,N'oublie pas : n'envoie chaque message qu'une seule fois.
Feature.Home.Experiment.TextFilterEducation.Kids.Title.Modified,Nous avons dû modifier ou bloquer certains de tes messages
Feature.Home.Experiment.TextFilterEducation.Kids.Title.Warning,Tu pourrais perdre l'accès au chat
Feature.Home.Heading.JoinYourFriends,Rejoins tes amis
Feature.Home.HeadingFriends,Amis ({friendCount})
Feature.Home.Label.HappeningNow,Événement en cours
Feature.Home.PeopleList.ChatWith,Discuter avec {username}
Feature.Home.Robux,
Feature.InAppBugReporting.Message.AppVersion,Version : {value}
Feature.InAppBugReporting.Message.CommentEmptyError,Les détails ne peuvent pas être vides
Feature.InAppBugReporting.Message.CommentLabel,Description du ticket
Feature.InAppBugReporting.Message.CommentPlaceholder,Fournir des détails pour aider à reproduire le problème.
Feature.InAppBugReporting.Message.CommentTooShortError,Les détails doivent comporter au moins {minLength} caractères
Feature.InAppBugReporting.Message.DeviceName,Appareil : {value}
Feature.InAppBugReporting.Message.MinCharacterCount,{currentCount}/{minCount} caractères minimum
Feature.InAppBugReporting.Message.Screen,Écran : {value}
Feature.InAppBugReporting.Message.ScreenshotAnnotation,Capture d'écran jointe
Feature.InAppBugReporting.Message.SystemVersion,OS: {value}
Feature.InAppBugReporting.Message.Title,
Feature.InAppBugReporting.Message.ToastFailure,Échec de l'envoi du commentaire
Feature.InAppBugReporting.Message.ToastSuccess,Commentaire soumis avec succès
Feature.InExperienceIntervention.Action.LetUsKnow,Fais-le nous savoir
Feature.InExperienceIntervention.Action.Understand,
Feature.InExperienceIntervention.Description.BeRespectful,"À l'avenir, je vous en prie, respecte les règles."
Feature.InExperienceIntervention.Description.CannotSend,Tu ne peux pas envoyer de messages dans le chat texte pendant {number} minutes.
Feature.InExperienceIntervention.Description.CannotSend1Day,Envoi de messages bloqué dans le chat texte pendant 1 jour.
Feature.InExperienceIntervention.Description.CannotSend1Hour,Envoi de messages bloqué dans le chat texte pendant 1 heure.
Feature.InExperienceIntervention.Description.CannotSend1Min,Tu ne peux pas envoyer de messages dans le chat textuel pendant 1 minute.
Feature.InExperienceIntervention.Description.CannotSendDays,Envoi de messages bloqué dans le chat texte pendant {number} jours.
Feature.InExperienceIntervention.Description.CannotSendHours,Envoi de messages bloqué dans le chat texte pendant {number} heures.
Feature.InExperienceIntervention.Description.CantUsePartyChat,"Tu ne peux pas envoyer de messages pour le moment. Si tu enfreins à nouveau les règles, tu pourras perdre l'accès au compte."
Feature.InExperienceIntervention.Description.ChatDisabled,"En raison de violations répétées des standards communautaires de Roblox, nous avons temporairement désactivé ta capacité à envoyer des messages dans le chat."
Feature.InExperienceIntervention.Description.ChatIncludes,Ton chat textuel comprend :
Feature.InExperienceIntervention.Description.ChatSuspension.Day.Expired,"Ta suspension de {number} jour(s) sur le chat est terminée. Si tu enfreins à nouveau les règles, ton compte pourrait être banni."
Feature.InExperienceIntervention.Description.ChatSuspension.Days,"Tu dois attendre {number} jours avant de pouvoir utiliser le chat car certains de tes messages ne respectaient pas nos règles. Si cela se reproduit, ton compte pourrait être banni."
Feature.InExperienceIntervention.Description.ChatSuspension.Hour.Expired,"Ta suspension de {number} heure(s) sur le chat est terminée. Si tu enfreins à nouveau les règles, ton compte pourrait être banni."
Feature.InExperienceIntervention.Description.ChatSuspension.Hours,"Tu dois attendre {number} heures avant de pouvoir utiliser le chat car certains de tes messages ne respectaient pas nos règles. Si cela se reproduit, ton compte pourrait être banni."
Feature.InExperienceIntervention.Description.ChatSuspension.Minute.Expired,"Ta suspension de {number} minute(s) sur le chat est terminée. Si tu enfreins à nouveau les règles, ton compte pourrait être banni."
Feature.InExperienceIntervention.Description.ChatSuspension.Minutes,"Tu dois attendre {number} minutes avant de pouvoir utiliser le chat car certains de tes messages ne respectaient pas nos règles. Si cela se reproduit, ton compte pourrait être banni."
Feature.InExperienceIntervention.Description.Disclaimer,Avons-nous fait une erreur ?{startLink}Fais-nous part de tes commentaires{endLink}
Feature.InExperienceIntervention.Description.FeedbackHelps,Tes commentaires aident nos systèmes à s'améliorer.
Feature.InExperienceIntervention.Description.LoseAccess,"Si cela se reproduit, tu risques de perdre l'accès à ton compte."
Feature.InExperienceIntervention.Description.MayLoseAccess,"Si tu enfreins à nouveau les règles, tu risques de perdre l'accès à ton compte."
Feature.InExperienceIntervention.Description.Mistake,Avons-nous commis une erreur ?
Feature.InExperienceIntervention.Description.PartyChatMayBeSuspended,Le partage d'informations personnelles n'est pas autorisé sur Roblox. Ton chat peut être suspendu si tu enfreins de nouveau les règles.
Feature.InExperienceIntervention.Description.TextChatMayBeSuspended,Ton utilisation du chat textuel peut être suspendue si tu enfreins à nouveau les règles.
Feature.InExperienceIntervention.Heading.CannotChat,Tu ne peux pas envoyer de chats pour {number} minutes
Feature.InExperienceIntervention.Heading.ChatBreaksRules,Ton chat texte ne respecte pas les règles
Feature.InExperienceIntervention.Heading.ChatSuspended,Utilisation du chat suspendue pendant {number} minutes
Feature.InExperienceIntervention.Heading.ChatSuspension.1Day,Chat suspendu pour 1 jour
Feature.InExperienceIntervention.Heading.ChatSuspension.1Hour,Chat suspendu pour 1 heure
Feature.InExperienceIntervention.Heading.ChatSuspension.1Minute,Chat suspendu pour 1 minute
Feature.InExperienceIntervention.Heading.ChatSuspension.Expired,Tu peux à nouveau utiliser le chat
Feature.InExperienceIntervention.Heading.ChatSuspension.MultiHour,Chat suspendu pour {number} heures
Feature.InExperienceIntervention.Heading.ChatSuspension.MultiMinute,Chat suspendu pour {number} minutes
Feature.InExperienceIntervention.Heading.ChatSuspension.Plural,Chat suspendu pour {number} jours
Feature.InExperienceIntervention.Heading.DontSharePersonalInformation,Ne pas partager d'informations personnelles
Feature.InExperienceIntervention.Heading.PartyChatSuspended,Chat suspendu pour {remainingTime}
Feature.InExperienceIntervention.Heading.TakeALook,Nous allons jeter un coup d'oeil
Feature.InExperienceIntervention.Heading.TextChatSuspension,Suspension du chat textuel
Feature.InExperienceIntervention.Label.Complete,
Feature.InExperienceIntervention.Label.EndsOn,Expire dans :
Feature.InExperienceIntervention.Label.Player,{username} : {evidence} 
Feature.InExperienceIntervention.Label.TimeLeft.Day.Plural,{number} jours
Feature.InExperienceIntervention.Label.TimeLeft.Day.Singular,un jour
Feature.InExperienceIntervention.Label.TimeLeft.Hours,{time}
Feature.InExperienceShop.Label.Timer.Day.Plural,
Feature.InExperienceShop.Label.Timer.Day.Singular,1 jour
Feature.InExperienceShop.Label.Timer.Hour.Plural,{number} heures
Feature.InExperienceShop.Label.Timer.Hour.Singular,1 heure
Feature.InExperienceShop.Label.Timer.Minute.Plural,{number} minutes
Feature.InExperienceShop.Label.Timer.Minute.Singular,1 minute
Feature.InExperienceShop.Label.Timer.Second.Plural,{number} secondes
Feature.InExperienceShop.Label.Timer.Second.Singular,1 seconde
Feature.Item.Label.DeleteFromInventoryConfirmUndercaseDelete,"Tu confirmes vouloir supprimer définitivement cet item de ton inventaire ? Si tu changes d'avis, tu devras l'obtenir à nouveau dans une expérience."
Feature.Item.Label.DeleteItemUndercase,Supprimer l'item
Feature.Landing.Action.PlayNow,Jouer
Feature.Landing.Action.SignInWithRoblox,
Feature.Landing.Description.ContinuedTermsDisclaimer,"En continuant, tu acceptes nos {startTermsTag}Conditions{endTermsTag}, y compris la clause d'arbitrage, et reconnais avoir pris connaissance de notre {startPrivacyTag}Politique de confidentialité{endPrivacyTag}. Si tu as moins de 18 ans, ton parent ou tuteur légal doit autoriser ton compte et accepter nos Conditions."
Feature.Landing.Label.BrazilContentDescriptorInappropriateLanguage,Langue inappropriée
Feature.Landing.Label.BrazilContentDescriptorViolence,Violence
Feature.Landing.Label.BrazilContentRatingLogoTitle,NOTE CONSULTATIVE : 12 ANS
Feature.Landing.Label.BrazilContentRatingLogoTitleSixteen,NOTE CONSULTATIVE : 16 ANS
Feature.Landing.Label.BrazilInteractiveElementDescriptorInGamePurchases,Achats en jeu (comprend des items aléatoires)
Feature.Landing.Label.BrazilInteractiveElementDescriptorUsersInteract,Interaction des utilisateurs
Feature.Landing.Label.InvitedBy,Invité par {name}
Feature.LegallySensitiveContent.Action.FriendDiscovery.NotNow,
Feature.LegallySensitiveContent.Action.FriendDiscovery.TurnOn,Activer
Feature.LegallySensitiveContent.Description.PhoneNumberDiscoverabilityUpsellConsent.FRnm,Aide les personnes ayant déjà ton numéro de téléphone à t'ajouter en ami sur Roblox.
Feature.LegallySensitiveContent.Heading.TurnOnFriendDiscovery,Activer la découverte d'amis
Feature.LocaleRestriction.Description.RobloxUnavailable,
Feature.LocaleRestriction.Label.LearnMore,
Feature.LocaleRestriction.Title.RobloxUnavailable,Roblox n'est pas disponible
Feature.MarketplaceFAEUpsell.ActionBar.InfoText.PostFAE,Vérification de l'âge terminée : récupère ton item gratuit
Feature.MarketplaceFAEUpsell.ActionBar.InfoText.PreFAE,Item gratuit via la vérification de l'âge
Feature.MarketplaceFAEUpsell.ActionBar.PrimaryButton.Text,
Feature.MarketplaceFAEUpsell.Message.AgeCheckCompleteItem,Vérification de l'âge terminée. {itemName} sera bientôt ajouté à ton inventaire.
Feature.Moderation.Link.SupportForm,Formulaire de support
Feature.Moments.Action.AddMusic,Ajouter de la musique
Feature.Moments.Action.AddSticker,Ajouter un autocollant
Feature.Moments.Action.AddText,Ajouter du texte
Feature.Moments.Action.AddVoice,Ajouter une voix
Feature.Moments.Action.Back,Précédent
Feature.Moments.Action.Cancel,
Feature.Moments.Action.Continue,
Feature.Moments.Action.Delete,
Feature.Moments.Action.Done,
Feature.Moments.Action.Expand,Développer
Feature.Moments.Action.GenerateText,Générer du texte
Feature.Moments.Action.GenerateTextFeedbackNotHelpful,Peu utile
Feature.Moments.Action.GenerateTextFeedbackPolicy,Inapproprié ou non conforme aux règles
Feature.Moments.Action.Hide,Masquer les détails
Feature.Moments.Action.HowToCapture,Comment faire une capture d'écran
Feature.Moments.Action.Join,
Feature.Moments.Action.Leave,
Feature.Moments.Action.Minimize,Réduire
Feature.Moments.Action.Ok,
Feature.Moments.Action.Play,
Feature.Moments.Action.Post,
Feature.Moments.Action.Report,
Feature.Moments.Action.Retry,
Feature.Moments.Action.Return,Revenir à la galerie
Feature.Moments.Action.ReturnToEditing,Revenir aux modifications
Feature.Moments.Action.ShowDetails,
Feature.Moments.Action.ShowMore,
Feature.Moments.Action.TrimVideo,Rogner la vidéo
Feature.Moments.Description.CommunityStandards,Consulte les Normes de la communauté pour en savoir plus sur ce que tu peux dire ou non.
Feature.Moments.Description.EmptyCapturesLibrary,C'est ici que tes captures apparaîtront.
Feature.Moments.Description.GenerateTextFeedbackDisclosure,Texte généré par l'IA. Relis-le avant de le publier : tu es responsable de ce que tu publies.
Feature.Moments.Description.HowToCaptureStep1,"Rejoins une expérience où les captures sont activées, puis sélectionne le menu latéral"
Feature.Moments.Description.HowToCaptureStep2,Active les contrôles de capture
Feature.Moments.Description.HowToCaptureStep3,Capture des photos et des vidéos durant ta partie
Feature.Moments.Description.LeaveMomentsCreation,"Tu perdras tous tes changements, mais tu pourras toujours retrouver cette capture dans ta galerie de <b>captures</b>."
Feature.Moments.Description.NoMusicResults,Aucune musique trouvée
Feature.Moments.Description.NonInfiniteScrollEndBody,Tu as atteint la fin des Moments. Touche ci-dessous pour continuer à regarder.
Feature.Moments.Description.PublishMoment,Décris ton Moment
Feature.Moments.Description.TooManyUploads,Tu as téléchargé trop de vidéos aujourd'hui. Réessaie demain.
Feature.Moments.Disclaimer.EveryoneMoments,Tous les participants aux Moments peuvent voir ce qui est publié
Feature.Moments.Label.All,
Feature.Moments.Label.AttemptingJoinExperience,Tu tentes de rejoindre {placeName}. Patiente quelques secondes.
Feature.Moments.Label.CaptureLibrary,Ta bibliothèque de captures
Feature.Moments.Label.DeleteMomentBody,"Une fois disparu, un moment ne peut plus être récupéré."
Feature.Moments.Label.DeleteMomentTitle,Supprimer le moment ?
Feature.Moments.Label.Error,Un problème s'est produit. Essaie à nouveau.
Feature.Moments.Label.FeedEndBody,Reviens plus tard ou crée ton propre moment.
Feature.Moments.Label.FeedEndTitle,Tout est à jour
Feature.Moments.Label.FeedFailedToLoad,Échec du chargement des actus
Feature.Moments.Label.FeedMyMoments,Mes moments
Feature.Moments.Label.FeedTrending,Tendance
Feature.Moments.Label.HowToUseCaptureTitle,Comment utiliser la capture
Feature.Moments.Label.LinkCopied,Lien copié.
Feature.Moments.Label.LinkCopyFailed,Impossible de copier le lien.
Feature.Moments.Label.ModeratedRodeoBody,"Nous avons retiré ce Moment, car il est contraire aux normes de la communauté. Pour que tes Moments restent visibles, tu dois connaître les règles et les respecter."
Feature.Moments.Label.MomentDeletedBody,
Feature.Moments.Label.MomentDeletedTitle,
Feature.Moments.Label.MomentFailedToPostBody,Un problème est survenu.
Feature.Moments.Label.MomentFailedToPostTitle,Échec de la publication du moment
Feature.Moments.Label.MomentPublishedBody,Ton moment a été publié.
Feature.Moments.Label.MomentPublishedTitle,Moment publié
Feature.Moments.Label.MomentUnavailable,Moment indisponible
Feature.Moments.Label.MomentUnavailableDefault,Ce moment est indisponible.
Feature.Moments.Label.MomentsExperienceName,
Feature.Moments.Label.Music,
Feature.Moments.Label.NonInfiniteScrollEndTitle,Tu es à jour pour le moment
Feature.Moments.Label.Photos,Photos
Feature.Moments.Label.PostDeleted,Moment supprimé
Feature.Moments.Label.PostRemovedBody,Le Moment que tu as publié va à l'encontre des normes de la communauté.
Feature.Moments.Label.PublishingRodeoBody,Cela ne devrait prendre qu'un instant.
Feature.Moments.Label.Reactions,Réactions
Feature.Moments.Label.ReportReason.BreaksRules,Ce post enfreint les règles
Feature.Moments.Label.ReportReason.IntellectualProperty,Ce post porte atteinte à mes droits de propriété intellectuelle.
Feature.Moments.Label.ReportSubmittedBody,Merci pour tes commentaires.
Feature.Moments.Label.ReportSubmittedTitle,Signalement envoyé
Feature.Moments.Label.RobloxPartnerContent,Contenu partenaire Roblox
Feature.Moments.Label.RodeoPublishingTitle,Publication de ton Moment
Feature.Moments.Label.Search,
Feature.Moments.Label.ShareLinkTitle,Moments sur Roblox
Feature.Moments.Label.StayFriendlyModeration,Gardons un esprit convivial
Feature.Moments.Label.TextGenerateInProgressBody,Attends que le texte généré par l'IA soit disponible avant de modifier manuellement la superposition.
Feature.Moments.Label.TextGenerateInProgressTitle,Génération en cours
Feature.Moments.Label.TextGenerateOverrideBody,La génération remplacera les superposition de texte et description actuelles.
Feature.Moments.Label.TextGenerateOverrideTitle,Le texte sera remplacé
Feature.Moments.Label.TextGeneratedBody,Superposition de texte et description générées par l'IA ajoutées
Feature.Moments.Label.TextGeneratedTitle,Texte généré
Feature.Moments.Label.TextGenerationFailedBody,Impossible de générer du texte. Réessaie.
Feature.Moments.Label.TextGenerationFailedTitle,Échec de la génération
Feature.Moments.Label.TextGenerationFilteredBody,Impossible de générer du contenu à partir de cette vidéo capturée : contenu filtré.
Feature.Moments.Label.TextGenerationFilteredTitle,Génération filtrée
Feature.Moments.Label.Tone,Ton
Feature.Moments.Label.Tone.Cinematic,Dramatique
Feature.Moments.Label.Tone.Funny,Amusant
Feature.Moments.Label.Tone.Hype,Énergique
Feature.Moments.Label.Tone.Neutral,Neutre
Feature.Moments.Label.Videos,
Feature.Moments.Title.GenerateTextFeedbackReason,Que s'est-il passé ?
Feature.Moments.Title.GenerateTextOptions,
Feature.Moments.Title.LeaveMomentCreation,Quitter la création de Moment ?
Feature.Moments.Title.MomentRemoved,
Feature.Moments.Title.ReportPost,Signaler un post
Feature.MusicPlayer.Action.GoToSongDetails,Aller aux détails de la chanson
Feature.MusicPlayer.Action.Report,
Feature.NotApproved.Action.Continue,
Feature.NotApproved.Action.LogOut,Se déconnecter
Feature.NotApproved.Action.ReactivateAccount,Réactiver mon compte
Feature.NotApproved.Action.ReportMistake,Signaler une erreur
Feature.NotApproved.Action.RuleConfirmation,J'accepte de connaître et de suivre les règles.
Feature.NotApproved.Action.UserAgree,
Feature.NotApproved.Action.ViewLess,Voir moins
Feature.NotApproved.Action.ViewMore,
Feature.NotApproved.Action.ViewRules,Voir les règles
Feature.NotApproved.Action.ViewRulesUGCAvatarGuidelines,Voir les directives concernant les avatars créés par les utilisateurs
Feature.NotApproved.Description.AppealViaSupport,"Pour faire appel de cette décision, {link}contacte l'assistance{linkEnd}."
Feature.NotApproved.Description.AppealWithPortal,"Pour faire appel, aller sur {startLink}Signalements et Appels{endLink}."
Feature.NotApproved.Description.AppealsProcess,"Pour en savoir plus sur le processus d'appel, consulte {startLink}Faire appel à la modération de mon contenu{endLink}."
Feature.NotApproved.Description.AutomatedDetectionAutomatedDecision,"Cette violation de politique a été détectée par des moyens automatisés, et nous avons utilisé l'automatisation lors de la prise de cette décision"
Feature.NotApproved.Description.AutomatedDetectionAutomatedDecision.V2,Nous avons utilisé des systèmes automatisés pour détecter cette violation et prendre cette décision.
Feature.NotApproved.Description.AutomatedDetectionManualDecision,Cette violation de la politique a été détectée par des moyens automatisés
Feature.NotApproved.Description.AutomatedDetectionManualDecision.V2,Nous avons utilisé des systèmes automatisés pour détecter cette violation.
Feature.NotApproved.Description.AvatarBrokeRules,"Merci de changer ton avatar. Bientôt, nous suspendrons de cette expérience les joueurs dont les avatars enfreignent les Normes de la communauté."
Feature.NotApproved.Description.AvatarViolation,CECI PEUT ÊTRE SUPPRIMER
Feature.NotApproved.Description.Ban,Ton compte a été désactivé. Tu peux le réactiver après le {date}.
Feature.NotApproved.Description.Ban.V2,Ton compte a été suspendu à cause de tes infractions passées. Tu pourras le réactiver après le {date}.
Feature.NotApproved.Description.BannedDescription.Kids,Tu ne peux plus utiliser ce compte.
Feature.NotApproved.Description.Behavior,Ton comportement
Feature.NotApproved.Description.BrokeRulesBanned,Nous avons banni ton compte en raison d'une violation répétée ou grave des règles.
Feature.NotApproved.Description.BrokeRulesGeneric,Ton comportement a enfreint les règles de notre communauté.
Feature.NotApproved.Description.BrokeRulesPolicy,Ton comportement a enfreint les règles contre la {policy}.
Feature.NotApproved.Description.BrokeRulesPolicy.V2,
Feature.NotApproved.Description.BrokeRulesSpecific,a enfreint les règles contre {policies}.
Feature.NotApproved.Description.BrokeRulesType,L'un de tes {type} a enfreint les règles de notre communauté.
Feature.NotApproved.Description.BrokeRulesTypePolicy,Un de vos {type} a enfreint les règles contre {policy}.
Feature.NotApproved.Description.BrokeRulesTypePolicy.V2,
Feature.NotApproved.Description.CommunityStandards,Merci de te conformer aux {startLink}normes communautaires Roblox{endLink} afin que Roblox puisse être amusant pour les utilisateurs de tous âges.
Feature.NotApproved.Description.Delete,Ton compte a été clôturé.
Feature.NotApproved.Description.FollowTheRules,Assure-toi de connaître les règles et de les respecter.
Feature.NotApproved.Description.Foreshadow,Nous pouvons te donner une suspension plus longue - ou même bannir ton compte - si tu continues à enfreindre les règles.
Feature.NotApproved.Description.Foreshadow.Kids,"Si tu enfreins d'autres règles, ta suspension pourrait être plus longue. Tu pourrais même faire l'objet d'un bannissement."
Feature.NotApproved.Description.LinkedAccounts,Les conséquences sont basées sur ton comportement sur l'ensemble des comptes liés.
Feature.NotApproved.Description.ManualDetectionAutomatedDecision,Nous avons utilisé l'automatisation pour prendre cette décision
Feature.NotApproved.Description.ManualDetectionAutomatedDecision.V2,Nous avons utilisé des systèmes automatisés pour prendre cette décision.
Feature.NotApproved.Description.Mistake,Tu peux faire appel ou nous demander de revoir cette décision ici.
Feature.NotApproved.Description.Mistake.Kids,Tu penses que nous avons fait une erreur ? Tu peux faire appel.
Feature.NotApproved.Description.Mistake.V2,Vous pensez que nous avons fait une erreur ? Vous pouvez faire appel ici pour nous demander de réexaminer cette décision.
Feature.NotApproved.Description.Mistake.V3,"Si tu penses que nous avons fait une erreur, tu peux faire appel de cette décision."
Feature.NotApproved.Description.PluralViolation,Un de tes {type}
Feature.NotApproved.Description.ReactivationNotice,Sélectionne « Continuer » pour consulter nos règles. Tu pourras jouer immédiatement après.
Feature.NotApproved.Description.ReviewProcess,Nous évaluons votre activité en utilisant à la fois la technologie et les personnes.
Feature.NotApproved.Description.RuleExplanation.Bullets.Bullying.Kids,"Fais preuve de gentillesse : ne harcèle personne. 
Ne profère aucune menace envers qui que ce soit. 
Protège les informations privées des autres."
Feature.NotApproved.Description.RuleExplanation.Bullets.MisusingRobloxSystems,"se faire passer pour quelqu'un d'autre ;
signaler des utilisateurs pour des choses qui ne se sont pas produites ;
mentir pour inciter les gens à faire quelque chose ;
essayer d'accéder aux comptes d'autres personnes ;
créer un nouveau compte Roblox pour contourner les règles garantissant la sécurité au sein de Roblox."
Feature.NotApproved.Description.RuleExplanation.Bullets.PII,"noms, adresses, numéros de téléphone, e-mails ;
noms d'utilisateur sur d'autres comptes ; 
mots de passe."
Feature.NotApproved.Description.RuleExplanation.Bullets.RealLifeEvents,"Violences ayant causé des blessures à de nombreuses personnes ou de lourdes séquelles.
Accidents dramatiques ou catastrophes naturelles comme les tremblements de terre, ouragans et tornades.
Crimes choquants rapportés par les médias.
Événements réels où des groupes de personnes ont été traités de manière cruelle ou injuste."
Feature.NotApproved.Description.RuleExplanation.Bullets.SSHAndIllegalRegAct,"des moyens de se blesser ou de blesser les autres ;
des défis physiques dangereux, y compris les tendances virales dans la vraie vie ;
des substances illégales ou dangereuses comme l'alcool et les drogues ;
des jeux d'argent, de hasard ou des paris pour gagner des prix ;
des instructions pour fabriquer des armes dans le monde réel."
Feature.NotApproved.Description.RuleExplanation.Bullets.SexualContent.Kids,"Sur Roblox, nous sommes amis et rien de plus.
Pas de flirt, pas de bisou, pas de rendez-vous.
Nos avatars ne portent pas de tenues suggestives."
Feature.NotApproved.Description.RuleExplanation.Bullets.SharingPII.Kids,"les mots de passe ;
les noms, adresses, numéros de téléphone ou e-mails réels ;
les noms d'utilisateur d'autres comptes ;
les photos de personnes réelles."
Feature.NotApproved.Description.RuleExplanation.BullyingHarassmentDiscrimination,"Il est interdit de tenir des propos blessants envers ou à propos de quelqu'un. Cela inclut les menaces, comme divulguer des informations personnelles ou menacer de violence dans la vraie vie.
Discriminer ou exclure quelqu'un en raison de son identité, de ses croyances ou de son origine est aussi interdit."
Feature.NotApproved.Description.RuleExplanation.Dating,"Dans tes discussions, sois amical sans flirter. Les comportements romantiques (baisers, relations amoureuses) sont interdits. Les tenues de ton avatar ne doivent pas être trop suggestives."
Feature.NotApproved.Description.RuleExplanation.DirectingUsersOffPlatform,"Il est interdit de partager des liens vers d'autres sites dans le chat ou d'indiquer aux gens comment te trouver sur d'autres applications ou réseaux sociaux. Si quelqu'un te dit d'aller sur un autre site, n'y va pas. Garde tes conversations et tes parties sur Roblox. 
Il est également interdit d'acheter, de vendre ou d'échanger des Robux ou des items Roblox en dehors de Roblox."
Feature.NotApproved.Description.RuleExplanation.MisusingRobloxSystems,"Sur Roblox, il est interdit de tricher, de mentir ou de partager des moyens de le faire. Par exemple :"
Feature.NotApproved.Description.RuleExplanation.PII,"Pour la sécurité de tous, ne demande ni ne partage d'informations personnelles, telles que :"
Feature.NotApproved.Description.RuleExplanation.RealLifeEvents,"Il est interdit de manquer de respect envers des événements réels. Cela inclut la reconstitution ou les moqueries de ces événements ou des personnes impliquées, surtout lorsqu'ils sont tristes ou traumatiques pour beaucoup de gens.
Cela inclut :"
Feature.NotApproved.Description.RuleExplanation.SSHAndIllegalRegulatedActivities,"Il n'est jamais acceptable de créer du contenu, de discuter ou de plaisanter sur des sujets dangereux ou nuisibles, tels que :"
Feature.NotApproved.Description.RuleExplanation.SharingPII.Kids,Ne partage jamais :
Feature.NotApproved.Description.RuleExplanation.Spam,Il n'est jamais acceptable de continuer à envoyer les mêmes messages encore et encore.
Feature.NotApproved.Description.RuleExplanation.Swearing,"Les jurons sont interdits. Tu ne peux pas contourner cette règle avec des fautes d'orthographe, des symboles ou d'autres astuces."
Feature.NotApproved.Description.RuleExplanation.ViolentContentAndGore,"Il est interdit de montrer de la violence réaliste ou des scènes où une personne, un animal ou un personnage subit ou paraît subir des blessures graves, physiques ou psychologiques."
Feature.NotApproved.Description.RuleImportance.Bullets.SharingPII.Kids,"Il peut être difficile de savoir à qui faire confiance en ligne.
Des inconnus peuvent utiliser tes informations pour te retrouver.
Partager ton mot de passe peut permettre à quelqu'un de voler ton compte ou tes Robux."
Feature.NotApproved.Description.RuleImportance.Bullying.Kids,"La méchanceté peut heurter certains joueurs. En revanche, la gentillesse aide à faire de Roblox un endroit amusant pour tout le monde."
Feature.NotApproved.Description.RuleImportance.BullyingHarassmentDiscrimination,"Pour que notre communauté reste agréable pour tous, n'utilise pas de mots ou gestes qui pourraient mettre quelqu'un mal à l'aise. Roblox est un espace pour tout le monde, peu importe ton origine, ton ethnie, ton identité de genre, tes capacités, ton orientation sexuelle ou ta religion."
Feature.NotApproved.Description.RuleImportance.Dating,Des discussions et des avatars qui restent amicaux aident tout le monde à se sentir à l'aise.
Feature.NotApproved.Description.RuleImportance.DirectingUsersOffPlatform,"Roblox a mis en place des mesures de sécurité pour essayer de protéger les chats et les interactions. Les liens peuvent t'emmener vers de faux sites qui imitent Roblox pour voler ton compte et tes items. Ces sites peuvent aussi contenir des images ou vidéos inappropriées. Si tu échanges des Robux ou items en dehors de Roblox, tu risques de te faire escroquer et de ne rien recevoir."
Feature.NotApproved.Description.RuleImportance.MisuingRobloxSystems,"Pour que Roblox reste génial pour tout le monde, on respecte les règles et on joue honnêtement, sans aucun avantage injuste pour personne."
Feature.NotApproved.Description.RuleImportance.MisusingRobloxSystems,
Feature.NotApproved.Description.RuleImportance.PII,"Si un inconnu découvre ta véritable identité, il peut essayer de te contacter en dehors de Roblox. C'est dangereux car il est difficile de savoir en ligne si quelqu'un est digne de confiance. C'est aussi pourquoi tu ne dois jamais partager ton mot de passe : quelqu'un pourrait voler ton compte et tous tes items."
Feature.NotApproved.Description.RuleImportance.RealLifeEvents,"Pour les personnes ayant vécu ces choses, le fait de voir d'autres gens les reproduire ou en rire peut être très perturbant."
Feature.NotApproved.Description.RuleImportance.SSHAndIllegalRegulatedActivities,"Partager du contenu sur le fait de se blesser ou de blesser les autres n'est pas sans danger. Si tu traverses une période difficile, il est important de parler à un adulte en qui tu as confiance. Partager des cascades dangereuses peut inciter d'autres personnes à les essayer et à se blesser gravement. En ne partageant pas ce genre de choses, tu contribues à ta sécurité et à celle de tous les utilisateurs de Roblox."
Feature.NotApproved.Description.RuleImportance.SexualContent.Kids,Des discussions et des avatars adaptés font de Roblox une plateforme plaisante pour tout le monde.
Feature.NotApproved.Description.RuleImportance.Spam,Le spam rend les conversations illisibles et ruine l'expérience de jeu.
Feature.NotApproved.Description.RuleImportance.Swearing,"Roblox est un espace pour tous, y compris les jeunes enfants. Tu dois utiliser des mots respectueux et accueillants avec toute la communauté."
Feature.NotApproved.Description.RuleImportance.ViolentContentAndGore,Notre communauté compte de jeunes enfants. Voir de la violence extrême peut les effrayer et les perturber.
Feature.NotApproved.Description.SecondChance.Details,Tu peux retourner à ton expérience maintenant. Tu ne pourras pas contester cette décision par la suite.
Feature.NotApproved.Description.SecondChance.Second,"Comme tu as toujours eu un comportement responsable, tu évites la suspension cette fois-ci."
Feature.NotApproved.Description.SuspendedUntil,Nous avons suspendu ton compte jusqu'au {date} à {time}.
Feature.NotApproved.Description.Violation,Nos contrôleurs de contenu ont déterminé que ton comportement sur Roblox a transgressé nos {startLink}conditions d'utilisation{endLink}.
Feature.NotApproved.Description.WarningDescription.Kids,Tu as enfreint une règle. Ton compte risque d'être suspendu si cela continue.
Feature.NotApproved.Heading.AccountBanned,Compte banni
Feature.NotApproved.Heading.AccountDeleted,
Feature.NotApproved.Heading.AccountTerminated,Compte résilié
Feature.NotApproved.Heading.Banned,Banni
Feature.NotApproved.Heading.BannedMultipleDays,Banni(e) pendant {number} jours
Feature.NotApproved.Heading.BannedMultipleHours,Banni pour {number} heures
Feature.NotApproved.Heading.BannedMultipleMinutes,Banni pour {number} minutes
Feature.NotApproved.Heading.BannedMultipleSeconds,Banni pour {number} secondes
Feature.NotApproved.Heading.BannedOneDayOnly,Banni(e) pour 1 jour
Feature.NotApproved.Heading.BannedOneHour,Banni pendant 1 heure
Feature.NotApproved.Heading.BannedOneMinute,Banni pendant 1 minute
Feature.NotApproved.Heading.BannedOneSecond,Banni pendant 1 seconde
Feature.NotApproved.Heading.Error,
Feature.NotApproved.Heading.ReactivationNotice,Retourne jouer
Feature.NotApproved.Heading.RecentlyChecked,Ce que nous venons d'examiner
Feature.NotApproved.Heading.RuleExplanation.Bullying.Kids,Traite les autres avec respect
Feature.NotApproved.Heading.RuleExplanation.BullyingHarassmentDiscrimination,Crée un environnement accueillant
Feature.NotApproved.Heading.RuleExplanation.Dating,Reste dans la friend zone
Feature.NotApproved.Heading.RuleExplanation.DirectingUsersOffPlatform,Reste sur Roblox
Feature.NotApproved.Heading.RuleExplanation.MisusingRobloxSystems,Joue de manière juste et honnête
Feature.NotApproved.Heading.RuleExplanation.PII,Protège tes informations privées
Feature.NotApproved.Heading.RuleExplanation.RealLifeEvents,Fais preuve de considération à l'égard des événements réels
Feature.NotApproved.Heading.RuleExplanation.SSHAndIllegalRegulatedActivities,"Prends soin de tout le monde, y compris toi-même"
Feature.NotApproved.Heading.RuleExplanation.SexualContent.Kids,Adopte une attitude amicale
Feature.NotApproved.Heading.RuleExplanation.SharingPII.Kids,Garde tes informations privées
Feature.NotApproved.Heading.RuleExplanation.Spam,Laisse les conversations se dérouler naturellement
Feature.NotApproved.Heading.RuleExplanation.Swearing,Exprime-toi avec politesse et respect
Feature.NotApproved.Heading.RuleExplanation.ViolentContentAndGore,Reste au calme et continue à jouer
Feature.NotApproved.Heading.RuleImportance,Pourquoi est-ce important ?
Feature.NotApproved.Heading.RuleImportance.Kids,
Feature.NotApproved.Heading.SecondChance,"N'oublie pas ces règles. Maintenant, tu peux retourner à ton expérience."
Feature.NotApproved.Heading.SecondChance.Details,Éviter la suspension pour cette fois ?
Feature.NotApproved.Heading.Suspended,Suspendu
Feature.NotApproved.Heading.Suspended14Days,Suspendu pour 14 jours
Feature.NotApproved.Heading.Suspended1Year,Suspendu pour 1 an
Feature.NotApproved.Heading.SuspendedOneDay,Suspendu pour 1 jour
Feature.NotApproved.Heading.SuspendedOneHour,Suspendu pour 1 heure
Feature.NotApproved.Heading.SuspendedSevenDays,Suspendu pour 7 jours
Feature.NotApproved.Heading.SuspendedSixHours,Suspendu pour 6 heures
Feature.NotApproved.Heading.SuspendedSixMonths,Suspendu pour 6 mois
Feature.NotApproved.Heading.SuspendedSixtyDays,Suspendu pour 60 jours
Feature.NotApproved.Heading.SuspendedThirtyDays,Suspendu pour 30 jours
Feature.NotApproved.Heading.SuspendedThreeDays,Suspendu pour 3 jours
Feature.NotApproved.Heading.Warning,
Feature.NotApproved.Heading.WhatNext,Que se passe-t-il ensuite ?
Feature.NotApproved.Heading.Why,Pourquoi ?
Feature.NotApproved.Label.AbuseType.AccountTheft,Vol de compte
Feature.NotApproved.Label.AbuseType.AdultContent,Contenu pour adultes
Feature.NotApproved.Label.AbuseType.Advertisement,Publicité
Feature.NotApproved.Label.AbuseType.Advertising,
Feature.NotApproved.Label.AbuseType.AssetOwnership,Propriété de l'asset
Feature.NotApproved.Label.AbuseType.Billing,
Feature.NotApproved.Label.AbuseType.BlockedContent,BlockedContent
Feature.NotApproved.Label.AbuseType.Bullying.Kids,Harcèlement
Feature.NotApproved.Label.AbuseType.Bullying.Note.Kids,Des propos blessants ont été identifiés dans ton activité.
Feature.NotApproved.Label.AbuseType.Chargeback,Refacturation
Feature.NotApproved.Label.AbuseType.CheatandExploits,Triche et exploitation
Feature.NotApproved.Label.AbuseType.ChildEndangerment,Mise en danger d'enfant
Feature.NotApproved.Label.AbuseType.ChildEndangerment.V2,Exploitation des enfants
Feature.NotApproved.Label.AbuseType.ChildEndangerment.V3,Contenu/comportement préjudiciable
Feature.NotApproved.Label.AbuseType.ClickbaitAds,Annonces Clickappait
Feature.NotApproved.Label.AbuseType.Commerce,Commerce
Feature.NotApproved.Label.AbuseType.CompromisedAccount,Compte compromis
Feature.NotApproved.Label.AbuseType.ContestsandSweepstakes,Concours et loteries
Feature.NotApproved.Label.AbuseType.CopyrightDMCA,Droit d'auteur/DMCA
Feature.NotApproved.Label.AbuseType.DMCA,DMCA
Feature.NotApproved.Label.AbuseType.DMCAEarlyLegalStrike,DMCA - Poursuite juridique anticipée
Feature.NotApproved.Label.AbuseType.DMCAFinalLegalStrike,DMCA - Poursuite juridique finale
Feature.NotApproved.Label.AbuseType.Dating,Rencontres
Feature.NotApproved.Label.AbuseType.DatingImagery,Imagerie de rencontres
Feature.NotApproved.Label.AbuseType.DatingandRomanticContent,Rencontres et contenu romantique
Feature.NotApproved.Label.AbuseType.Depressive,Dépressive
Feature.NotApproved.Label.AbuseType.DerogatoryHarrassment,Dénigrement/harcèlement
Feature.NotApproved.Label.AbuseType.DirectingUsersOffPlatform,Orienter les utilisateurs hors plate-forme
Feature.NotApproved.Label.AbuseType.DirectingUsersOffPlatform.V2,Redirection des utilisateurs hors plateforme
Feature.NotApproved.Label.AbuseType.Discriminatory,Discrimination
Feature.NotApproved.Label.AbuseType.DiscriminatoryContent,Contenu discriminatoire
Feature.NotApproved.Label.AbuseType.DiscriminatoryorNaziContent,Contenu discriminatoire ou nazi
Feature.NotApproved.Label.AbuseType.DisruptiveAudio,Audio perturbant
Feature.NotApproved.Label.AbuseType.DistortedAudio,Audio déformé
Feature.NotApproved.Label.AbuseType.DrugandAlcoholReferences,Références sur la drogue et l'alcool
Feature.NotApproved.Label.AbuseType.DrugsAlcohol,"Drogues, alcool"
Feature.NotApproved.Label.AbuseType.EncouragingDangerousBehavior,Encourager les comportements dangereux
Feature.NotApproved.Label.AbuseType.ExplicitNudityPorn,Nudité explicite/Pornographie
Feature.NotApproved.Label.AbuseType.ExplicitSexualReferencesandInnuendo,Références et insinuations sexuelles explicites
Feature.NotApproved.Label.AbuseType.Exploiting,Exploitation
Feature.NotApproved.Label.AbuseType.ExtortionandBlackmail,Extorsion et chantage
Feature.NotApproved.Label.AbuseType.GangImages,Images de Gang
Feature.NotApproved.Label.AbuseType.Grooming,Prédation sexuelle
Feature.NotApproved.Label.AbuseType.Harassment,
Feature.NotApproved.Label.AbuseType.HiddenMessageClothing,Vêtements à message caché
Feature.NotApproved.Label.AbuseType.IllegalandRegulatedContent,Contenu illégal et réglementé
Feature.NotApproved.Label.AbuseType.IllicitSubstance,Substance Illicite
Feature.NotApproved.Label.AbuseType.Impersonation,Usurpation d'identité
Feature.NotApproved.Label.AbuseType.Inappropriate,Inapproprié
Feature.NotApproved.Label.AbuseType.InappropriateContent,
Feature.NotApproved.Label.AbuseType.IpViolation,Violation de la propriété intellectuelle
Feature.NotApproved.Label.AbuseType.IrlDangerousActivities,Activités dangereuses IRL
Feature.NotApproved.Label.AbuseType.LoudEarbleeders,Bruits de fonds forts
Feature.NotApproved.Label.AbuseType.Malicious,Malveillance
Feature.NotApproved.Label.AbuseType.MinorSwearing,Jurons mineurs
Feature.NotApproved.Label.AbuseType.Misleading,Tromperie
Feature.NotApproved.Label.AbuseType.MisusingRobloxSystems,Utilisation incorrecte des systèmes de Roblox
Feature.NotApproved.Label.AbuseType.Nazis,Nazis
Feature.NotApproved.Label.AbuseType.None,
Feature.NotApproved.Label.AbuseType.NoneoftheAbove,Aucun des éléments ci-dessus
Feature.NotApproved.Label.AbuseType.NotRelatedtoRoblox,Non lié à Roblox
Feature.NotApproved.Label.AbuseType.OffPlatformSpeechandBehavior,Discours et comportement hors plateforme
Feature.NotApproved.Label.AbuseType.OffSiteLinks,Liens hors site
Feature.NotApproved.Label.AbuseType.Other,Autre
Feature.NotApproved.Label.AbuseType.PersonalAttackHarassmentBullying,Attaque personnelle/harcèlement/brimade
Feature.NotApproved.Label.AbuseType.PhishingScam,Phishing/scam
Feature.NotApproved.Label.AbuseType.PlayersScreamingintoMicrophone,Joueurs hurlant dans le microphone
Feature.NotApproved.Label.AbuseType.PoliticalContent,
Feature.NotApproved.Label.AbuseType.PoliticalContent.V2,
Feature.NotApproved.Label.AbuseType.Politics,Politique
Feature.NotApproved.Label.AbuseType.PornographicSounds,Sons pornographiques
Feature.NotApproved.Label.AbuseType.Privacy,
Feature.NotApproved.Label.AbuseType.PrivacyAskingforPII,Vie privée : Demander des IPI
Feature.NotApproved.Label.AbuseType.PrivacyGivingPII,Confidentialité: Donner des IPI
Feature.NotApproved.Label.AbuseType.Profanity,
Feature.NotApproved.Label.AbuseType.RMT,Transactions argent réel
Feature.NotApproved.Label.AbuseType.RealInfo,Infos réelles
Feature.NotApproved.Label.AbuseType.RealLifeThreats,Menaces de vie réelle
Feature.NotApproved.Label.AbuseType.RealLifeTragedy,Tragédie de Vie réelle
Feature.NotApproved.Label.AbuseType.RealLifeTragedy.V2,
Feature.NotApproved.Label.AbuseType.RedArmbandsNotNazis,Brassards rouges (pas nazis)
Feature.NotApproved.Label.AbuseType.RobloxEconomy,Économie de Roblox
Feature.NotApproved.Label.AbuseType.Scamming,Escroquerie
Feature.NotApproved.Label.AbuseType.SeekingSexualContent,Recherche de contenu sexuel
Feature.NotApproved.Label.AbuseType.SexualAdultContent,Contenu sexuel/adulte
Feature.NotApproved.Label.AbuseType.SexualContent,
Feature.NotApproved.Label.AbuseType.SexualContent.Kids,
Feature.NotApproved.Label.AbuseType.SexualContent.Note.Kids,"Nous avons identifié des mots ou des images qui ne conviennent pas aux enfants, comme des photos de personnes nues ou des contenus romantiques."
Feature.NotApproved.Label.AbuseType.SharingPII.Kids,Partage d'informations privées
Feature.NotApproved.Label.AbuseType.SharingPII.Note.Kids,"Nous avons trouvé des informations comme un nom, un numéro de téléphone ou des photos associés à des personnes réelles."
Feature.NotApproved.Label.AbuseType.Shock,Choc
Feature.NotApproved.Label.AbuseType.Spam,
Feature.NotApproved.Label.AbuseType.SuggestiveSexualizedImagery,Imagerie suggestive/sexualisée
Feature.NotApproved.Label.AbuseType.SuicideSelfHarm,Suicide/automutilation
Feature.NotApproved.Label.AbuseType.Swearing,Jurons
Feature.NotApproved.Label.AbuseType.TerrorismExtremism,Terrorisme/Extremisme
Feature.NotApproved.Label.AbuseType.TextFilterProfanity,Filtre de Texte / Profanation
Feature.NotApproved.Label.AbuseType.Threats,Menaces
Feature.NotApproved.Label.AbuseType.ThreatsOrAbuseOfRobloxEmployeesOrAffiliates,Menaces ou abus des employés de Roblox ou des affiliés
Feature.NotApproved.Label.AbuseType.Trademark,Violation de la marque
Feature.NotApproved.Label.AbuseType.UnclassifiedMild,Infraction mineure non classifiée
Feature.NotApproved.Label.AbuseType.ViolentContentAndGore,Contenu violent et Gore
Feature.NotApproved.Label.AbuseType.VirtualCasino,
Feature.NotApproved.Label.AbuseType.VirtualCasino.Note,"Roblox n'autorise pas l'utilisation de tiers pour acheter, vendre ou échanger des Robux, les codes promotionnels qui semblent faussement provenir de Roblox Corporation, ou l'utilisation inappropriée du système de paiement de la communauté."
Feature.NotApproved.Label.ChargebackNextSteps,Que dois-je faire ensuite ?
Feature.NotApproved.Label.CommunityStandards,Normes de la communauté
Feature.NotApproved.Label.ConsoleDeviceNoticeUA,Connecte-toi à Roblox.com sur un appareil séparé pour commencer à réactiver ton compte.
Feature.NotApproved.Label.Days,
Feature.NotApproved.Label.Decision,Décision
Feature.NotApproved.Label.DecisionMethod,Méthode de décision
Feature.NotApproved.Label.DecisionMethod.V2,Notre processus d'examen
Feature.NotApproved.Label.EmailReactivationNoticeUA,Veuillez vérifier votre adresse e-mail pour réactiver ce compte. 
Feature.NotApproved.Label.EmailVerificationButtonText,Vérifier l'adresse e-mail
Feature.NotApproved.Label.EmailVerificationNotice,Ton compte a été suspendu pour des frais non autorisés. Tu dois vérifier ton adresse e-mail pour déverrouiller ton compte.
Feature.NotApproved.Label.Evidence.VoiceRecording,Discussion vocale le {date} à {time} dans {experienceName}
Feature.NotApproved.Label.ExploitDetected,Exploit détecté
Feature.NotApproved.Label.Hours,{hours}:{minutes} heures
Feature.NotApproved.Label.LatestActivity,Dernière activité que nous avons examinée
Feature.NotApproved.Label.LoadingImage,Chargement de l'image…
Feature.NotApproved.Label.LogoutProgress,Déconnexion en cours
Feature.NotApproved.Label.MenuContent,Contenu du menu
Feature.NotApproved.Label.MessageToUser.AltConsequence.V2,"Ce compte est lié à un compte banni pour violation grave de nos normes de la communauté. Pour faire appel, connecte-toi à ce compte banni."
Feature.NotApproved.Label.MessageToUser.AltConsequence.V3,"Ce compte est lié à un compte (@{account}) banni pour violation grave de nos Normes de la communauté. Seul le compte banni peut faire appel de cette infraction. 

Si les deux comptes ne devraient pas être liés l'un à l'autre, envoie une demande d'appel à l'aide de ce compte via la page Violations et appels."
Feature.NotApproved.Label.Mistake,
Feature.NotApproved.Label.ModeratorMessage, Note du modérateur
Feature.NotApproved.Label.ModeratorNote,Note du modérateur
Feature.NotApproved.Label.OffensiveItem,Article offensif
Feature.NotApproved.Label.OffensiveItem.V2,
Feature.NotApproved.Label.OpenMenu,Ouvrir le menu
Feature.NotApproved.Label.PageProgress,Barre de progression de la page
Feature.NotApproved.Label.ParentReactivationNoticeUA,Ton parent ou tuteur légal doit t'aider à réactiver ce compte.
Feature.NotApproved.Label.ParentVerificationButtonText,Demander à mes parents
Feature.NotApproved.Label.ParentVerificationNotice,Ton compte a été suspendu pour des frais non autorisés. Ton parent ou tuteur doit accepter de déverrouiller ton compte et pourra ensuite approuver certaines actions sur Roblox pour toi.
Feature.NotApproved.Label.Reason,Raison
Feature.NotApproved.Label.RecentViolation,Violation récente
Feature.NotApproved.Label.ReviewDate,Date de révision
Feature.NotApproved.Label.Reviewed,Revu
Feature.NotApproved.Label.RuleAcknowledgment,Coche la case pour confirmer que tu as compris.
Feature.NotApproved.Label.RuleBreakingAddsUp,Les infractions aux règles s'accumulent
Feature.NotApproved.Label.RuleExplanation.Acknowledgement,Je comprends ces règles
Feature.NotApproved.Label.RuleViolationsAddUp,Les violations de la règle s'additionnent
Feature.NotApproved.Label.Sublabel.AccountUsernameOrDisplayNameReset,Nom d'utilisateur ou nom d'affichage inapproprié
Feature.NotApproved.Label.Sublabel.AdvertisingAdFraud,Fraude publicitaire
Feature.NotApproved.Label.Sublabel.AdvertisingAdTransparency,Transparence des annonces
Feature.NotApproved.Label.Sublabel.AdvertisingAdTransparencyAdsDisclosure,Divulgation des annonces
Feature.NotApproved.Label.Sublabel.AdvertisingAgeInappropriateContent,Contenu inadapté à l'âge des utilisateurs
Feature.NotApproved.Label.Sublabel.AdvertisingBodyAlterations,Modifications corporelles
Feature.NotApproved.Label.Sublabel.AdvertisingCharitableCauses,Œuvres caritatives
Feature.NotApproved.Label.Sublabel.AdvertisingClothingUndergarmentsRestricted,"Vêtements, sous-vêtements et maillots de bain – Restreints"
Feature.NotApproved.Label.Sublabel.AdvertisingClothingUndergarmentsSports,Sous-vêtements et maillots de bain – Sport
Feature.NotApproved.Label.Sublabel.AdvertisingCryptocurrenciesAndNfts,Cryptomonnaies et NFT
Feature.NotApproved.Label.Sublabel.AdvertisingDirectingOffPlatformGeneral,Orienter les utilisateurs hors plateforme
Feature.NotApproved.Label.Sublabel.AdvertisingDirectingOffPlatformPermittedUrls,Orientation des utilisateurs hors plateforme – Autorisée
Feature.NotApproved.Label.Sublabel.AdvertisingDirectingUsersOffPlatform,
Feature.NotApproved.Label.Sublabel.AdvertisingEconomicOpportunity,Opportunité économique
Feature.NotApproved.Label.Sublabel.AdvertisingEconomicOpportunityNetworking,Opportunité économique – Réseautage et recherche d'emploi
Feature.NotApproved.Label.Sublabel.AdvertisingEntertainmentFilmTvAdult,Divertissement – Cinéma/Télévision – Adultes
Feature.NotApproved.Label.Sublabel.AdvertisingEntertainmentFilmTvTeens,Divertissement – Cinéma/Télévision – Adolescents
Feature.NotApproved.Label.Sublabel.AdvertisingEntertainmentFilmTvYoungTeens,Divertissement – Cinéma/Télévision – Jeunes adolescents
Feature.NotApproved.Label.Sublabel.AdvertisingEntertainmentGamingAdult,Divertissement – Jeux vidéo – Adultes
Feature.NotApproved.Label.Sublabel.AdvertisingEntertainmentGamingTeens,Divertissement – Jeux vidéo – Adolescents
Feature.NotApproved.Label.Sublabel.AdvertisingEntertainmentGamingYoungTeens,Divertissement – Jeux vidéo – Jeunes adolescents
Feature.NotApproved.Label.Sublabel.AdvertisingFinancialServices,Services financiers
Feature.NotApproved.Label.Sublabel.AdvertisingFinancialServicesAdults,Services financiers – Adultes
Feature.NotApproved.Label.Sublabel.AdvertisingFinancialServicesOther,Services financiers – Autres
Feature.NotApproved.Label.Sublabel.AdvertisingFinancialServicesTeens,Services financiers – Adolescents
Feature.NotApproved.Label.Sublabel.AdvertisingFoodAndBeverageFoodAndBeverages,Alimentation et boissons – Autres
Feature.NotApproved.Label.Sublabel.AdvertisingFoodAndBeverageHfssFoods,"Alimentation et boissons – Riches en gras, sel ou sucre"
Feature.NotApproved.Label.Sublabel.AdvertisingFoodAndBeverageInfantFoods,Aliments pour nourrissons
Feature.NotApproved.Label.Sublabel.AdvertisingFuneralServices,Services funéraires
Feature.NotApproved.Label.Sublabel.AdvertisingHighRiskSports,Sports à haut risque
Feature.NotApproved.Label.Sublabel.AdvertisingIllegalAndRegulatedGoods,Biens illicites et réglementés
Feature.NotApproved.Label.Sublabel.AdvertisingIllegalBodyAlterations,
Feature.NotApproved.Label.Sublabel.AdvertisingIllegalCosmetics,Biens réglementés – Produits cosmétiques
Feature.NotApproved.Label.Sublabel.AdvertisingIllegalCounterfeitingAndPiracy,Contrefaçon et piratage
Feature.NotApproved.Label.Sublabel.AdvertisingIllegalHealthDietAndMedical,"Santé, alimentation et médecine"
Feature.NotApproved.Label.Sublabel.AdvertisingIllegalKitchenKnives,Biens réglementés – Couteaux de cuisine
Feature.NotApproved.Label.Sublabel.AdvertisingIllegalMedicalDevices,Biens réglementés – Dispositifs médicaux
Feature.NotApproved.Label.Sublabel.AdvertisingIllegalOtcPharmaceuticals,Biens réglementés – Médicaments en vente libre
Feature.NotApproved.Label.Sublabel.AdvertisingIllegalOther,Biens réglementés – Autres
Feature.NotApproved.Label.Sublabel.AdvertisingInvestigativeAndLegalServices,Services juridiques et d'investigation
Feature.NotApproved.Label.Sublabel.AdvertisingMaliciousSoftware,Logiciels malveillants
Feature.NotApproved.Label.Sublabel.AdvertisingMartialArts,Arts martiaux
Feature.NotApproved.Label.Sublabel.AdvertisingMatureMedia,Contenus matures
Feature.NotApproved.Label.Sublabel.AdvertisingMisleadingReward,Récompense trompeuse
Feature.NotApproved.Label.Sublabel.AdvertisingMultiLevelMarketing,Vente multiniveau
Feature.NotApproved.Label.Sublabel.AdvertisingNoReward,Aucune récompense
Feature.NotApproved.Label.Sublabel.AdvertisingOnlineServicesLiveAi,Services en ligne – IA en direct
Feature.NotApproved.Label.Sublabel.AdvertisingOnlineServicesSocialCommerce,Services en ligne – Commerce social
Feature.NotApproved.Label.Sublabel.AdvertisingParanormalAstrologicalAndOccult,"Paranormal, astrologie et occulte"
Feature.NotApproved.Label.Sublabel.AdvertisingPolitics,
Feature.NotApproved.Label.Sublabel.AdvertisingReligion,Religion
Feature.NotApproved.Label.Sublabel.AdvertisingToysHobbyAndLearning,"Jouets, loisirs et apprentissage"
Feature.NotApproved.Label.Sublabel.AdvertisingToysHobbyAndLearningAdults,"Jouets, loisirs, apprentissage – Adultes"
Feature.NotApproved.Label.Sublabel.AdvertisingToysHobbyAndLearningOther,"Jouets, loisirs, apprentissage – Autres"
Feature.NotApproved.Label.Sublabel.AdvertisingToysHobbyAndLearningTeens,"Jouets, loisirs, apprentissage – Adolescents"
Feature.NotApproved.Label.Sublabel.AdvertisingTravelAndEvents,Voyages et événements
Feature.NotApproved.Label.Sublabel.AdvertisingUnauthorizedAdvertising,Publicité non autorisée
Feature.NotApproved.Label.Sublabel.AdvertisingUnrequestedAd,Annonce indésirable
Feature.NotApproved.Label.Sublabel.CommerceAdultSexualProducts,Produits sexuels pour adultes
Feature.NotApproved.Label.Sublabel.CommerceAlcoholAndAlcoholRelatedProducts,Alcool et produits dérivés de l'alcool
Feature.NotApproved.Label.Sublabel.CommerceAnimalsPlantsAndRelatedProducts,"Animaux, plantes et produits associés"
Feature.NotApproved.Label.Sublabel.CommerceAutomotiveProducts,Produits automobiles
Feature.NotApproved.Label.Sublabel.CommerceBabyPregnancyAndChildcareProducts,"Produits pour bébés, grossesses et garderie"
Feature.NotApproved.Label.Sublabel.CommerceBeautyAndPersonalCare,Beauté et soins personnels
Feature.NotApproved.Label.Sublabel.CommerceDigitalProducts,Produits numériques
Feature.NotApproved.Label.Sublabel.CommerceDocumentsFinancialInstrumentsAndEconomicOpportunity,"Documents, instruments financiers et opportunités économiques"
Feature.NotApproved.Label.Sublabel.CommerceElectronics,Électronique
Feature.NotApproved.Label.Sublabel.CommerceEvents,Événements
Feature.NotApproved.Label.Sublabel.CommerceFoodAndBeverages,Alimentation et boissons
Feature.NotApproved.Label.Sublabel.CommerceGambling,Jeux d'argent
Feature.NotApproved.Label.Sublabel.CommerceGiftsCardsorDiscountCards,Cartes-cadeaux ou cartes de réduction
Feature.NotApproved.Label.Sublabel.CommerceHazardousMaterial,Matériel dangereux
Feature.NotApproved.Label.Sublabel.CommerceHealthcare,Santé
Feature.NotApproved.Label.Sublabel.CommerceHumanBodyPartsFluidsAndRelatedProducts,"Parties du corps humain, fluides et produits associés"
Feature.NotApproved.Label.Sublabel.CommerceIllegalProductsAndServices,Produits et services illégaux
Feature.NotApproved.Label.Sublabel.CommerceInsufficientProductDescription,Description du produit insuffisante
Feature.NotApproved.Label.Sublabel.CommerceMisleadingBundledDigitalItem,Induit en erreur items numériques groupés
Feature.NotApproved.Label.Sublabel.CommerceNoBundledDigitalItem,Pas d'item numérique groupé
Feature.NotApproved.Label.Sublabel.CommercePreOrder,Précommande
Feature.NotApproved.Label.Sublabel.CommercePreOwnedRecalledProducts,Produits d'occasion / rappelés
Feature.NotApproved.Label.Sublabel.CommerceSellerIntegrityViolation,Violation de l'intégrité du vendeur
Feature.NotApproved.Label.Sublabel.CommerceServices,Services
Feature.NotApproved.Label.Sublabel.CommerceTobaccoAndEntheogens,Tabac et enthéogènes
Feature.NotApproved.Label.Sublabel.CommerceToysAndGames,Jouets et jeux
Feature.NotApproved.Label.Sublabel.CommerceWeaponsFirearmsAndRelatedProducts,"Armes, armes à feu et produits associés"
Feature.NotApproved.Label.Sublabel.ContentMaturityMissingDescriptor,Réponses inexactes au questionnaire de maturité et de conformité
Feature.NotApproved.Label.Sublabel.ContentMaturityMissingModeratePlusDescriptor,
Feature.NotApproved.Label.Sublabel.ContentMaturityMissingSensitiveDescriptor,
Feature.NotApproved.Label.Sublabel.ContentMaturityMissingUnplayableDescriptor,
Feature.NotApproved.Label.Sublabel.ContentMaturityOffByMoreThanOneBucket,
Feature.NotApproved.Label.Sublabel.ContentMaturityOffByOneBucket,
Feature.NotApproved.Label.Sublabel.EconomicOpportunity,
Feature.NotApproved.Label.Sublabel.Emissive,
Feature.NotApproved.Label.Sublabel.ExperienceSpam,Publication de spam
Feature.NotApproved.Label.Sublabel.FraudAbuseOfTheAffiliateSystem,Abus du système d'affiliation
Feature.NotApproved.Label.Sublabel.FraudAttemptedUnauthorizedPaymentMethodUse,Tentative d'utilisation de méthode de paiement non autorisée
Feature.NotApproved.Label.Sublabel.FraudPaymentAbuse,Abus de paiement
Feature.NotApproved.Label.Sublabel.FraudRepeatedRefundRequests,Demandes de remboursement répétées
Feature.NotApproved.Label.Sublabel.FraudSuspiciousAccountPatterns,Modèles de comptes suspects
Feature.NotApproved.Label.Sublabel.FraudSuspiciousRefundRequests,Demandes de remboursement suspectes
Feature.NotApproved.Label.Sublabel.FraudUnauthorizedPurchase,Achat non autorisé
Feature.NotApproved.Label.Sublabel.FraudUseOfUnauthorizedOffPlatformTransactions,Utilisation de transactions hors plateforme non autorisées pour du contenu Roblox
Feature.NotApproved.Label.Sublabel.FraudUseOfUnauthorizedPaymentMethod,Utilisation d'un mode de paiement non autorisé
Feature.NotApproved.Label.Sublabel.FraudVirtualEconomyAbuse,Abus dans l'économie virtuelle
Feature.NotApproved.Label.Sublabel.RealLifeEvents,Événements réels
Feature.NotApproved.Label.Sublabel.RomanceOrSex,Romance ou sexe
Feature.NotApproved.Label.Sublabel.TextScrubbed,nom ou description d'expérience inapproprié
Feature.NotApproved.Label.Sublabel.TextScrubbed.Note,Le nom ou la description de ton expérience a été jugé inapproprié. Les deux ont été remplacés par un marqueur. Tu peux les modifier dans le Hub Création ou Studio.
Feature.NotApproved.Label.Sublabel.UGCBundleAccessories,"Accessoires (cheveux, queues, membres supplémentaires, etc.)"
Feature.NotApproved.Label.Sublabel.UGCBundleBakedInAssets,Contenus intégrés
Feature.NotApproved.Label.Sublabel.UGCBundleClothing,
Feature.NotApproved.Label.Sublabel.UGCBundleHead,La tête n'est pas animée
Feature.NotApproved.Label.Sublabel.UGCBundleInvisible,Parties du corps invisibles
Feature.NotApproved.Label.Sublabel.UGCBundleMakeup,
Feature.NotApproved.Label.Sublabel.UGCBundleTattoos,Tatouages
Feature.NotApproved.Label.Sublabel.UGCDuplicate,Contenu en double
Feature.NotApproved.Label.Sublabel.UGCMiscategorization,Mauvaise classification
Feature.NotApproved.Label.Sublabel.UGCSpam,
Feature.NotApproved.Label.Suspension,Suspension
Feature.NotApproved.Label.Violation,Violation
Feature.NotApproved.Label.WhatHappened,
Feature.NotApproved.SubHeading.RuleExplanation.BullyingHarassmentDiscrimination,Pas d'intimidation ni de discrimination.
Feature.NotApproved.SubHeading.RuleExplanation.Dating,Pas de romance ni de rendez-vous
Feature.NotApproved.SubHeading.RuleExplanation.DirectingUsersOffPlatform,Ne partage pas de liens externes et n'échange rien en dehors de Roblox
Feature.NotApproved.SubHeading.RuleExplanation.MisusingRobloxSystems,"Pas de triche, de mensonge ou de tromperie"
Feature.NotApproved.SubHeading.RuleExplanation.PII,Ne partage pas tes coordonnées ou les informations de ton compte
Feature.NotApproved.SubHeading.RuleExplanation.RealLifeEvents,Pas de reconstitution ni de moqueries au sujet de moments pouvant heurter la sensibilité
Feature.NotApproved.SubHeading.RuleExplanation.SSHAndIllegalRegulatedActivities,Pas de comportements dangereux ou nuisibles
Feature.NotApproved.SubHeading.RuleExplanation.Spam,Le spam est interdit
Feature.NotApproved.SubHeading.RuleExplanation.Swearing,Pas de jurons
Feature.NotApproved.SubHeading.RuleExplanation.ViolentContentAndGore,Aucune violence extrême
Feature.NotApproved.Title.AvatarBrokeRules,Ton avatar a enfreint les règles
Feature.Notifications.Action.PushUpsellAllow,Permettre
Feature.Notifications.Action.PushUpsellNotNow,
Feature.Notifications.Action.SnoozeFifteenMinutes,15 minutes
Feature.Notifications.Action.SnoozeFourHours,4 heures
Feature.Notifications.Action.SnoozeOneDay,1 jour
Feature.Notifications.Action.SnoozeOneHour,1 heure
Feature.Notifications.Action.UntilITurnItBackOn,Jusqu'a ce que je réactive
Feature.Notifications.Heading.PushUpsellChat,Rester connecté
Feature.Notifications.Heading.PushUpsellGeneric,Ne rate pas
Feature.Notifications.Heading.RemoveSnoozeFeedback,Les notifications de {title} sont réactivées
Feature.Notifications.Heading.SnoozeFeedback,Les notifications de {title} ont été désactivées pour {duration}
Feature.Notifications.Heading.TurnOnNotifications,Activer les notifications
Feature.Notifications.Label.GetUpdatesFromExperience,Recevoir des notifications de {experienceName} pendant votre absence ?
Feature.Notifications.Label.PushUpsellChat,"Autorise les notifications push pour obtenir des mises à jour sur les chats, les invitations aux Party, les suggestions de contenu, et plus encore."
Feature.Notifications.Label.PushUpsellGeneric,"Reçois des notifications pour des activités comme des messages de chat, des invitations, des demandes d'amis et plus encore."
Feature.Notifications.Label.ReceiveActivityUpdates,Reçois des mises à jour sur l'activité pendant ton absence
Feature.Notifications.Label.SecondsAbbreviated,s
Feature.Notifications.Response.NotificationsEnabled,Notifications activées pour cette expérience
Feature.Notifications.Response.NotificationsEnabledForExperience,
Feature.Notifications.Webview.Title.ParentalControlsLaunch,Contrôles parentaux mis à jour
Feature.Notifications.Webview.Title.PolicyUpdate,Mise à jour de la politique
Feature.Notifications.Webview.Title.SpendingSettings,Restriction des dépenses
Feature.PaidAccessPurchases.Webview.Title.Checkout,
Feature.PaidAccessRefunds.Webview.Title.RequestRefund,
Feature.Parents.Action.SendEmail,Envoyer un e-mail
Feature.Parents.Description.EnterParentEmail.ChildInstructions,"Pour cette étape, demande de l'aide à ton parent. Nous lui enverrons un e-mail pour vérifier son âge et le lier à ton compte."
Feature.Parents.Description.EnterParentEmail.NoPC,"En tant que parent, vous pourrez approuver certaines actions au nom de votre enfant une fois vos comptes liés."
Feature.Parents.Description.EnterParentEmail.PC,"En tant que parent, vous aurez accès aux contrôles parentaux et à des informations sur le temps d'écran de votre enfant, ses dépenses et plus encore une fois vos comptes liés."
Feature.Parents.Description.EnterParentEmailV4,"Demande à tes parents de t'aider pour cette étape.{lineBreak} Nous enverrons un e-mail à tes parents pour vérifier leur âge et les relier à ton compte.{lineBreak}Parents, après la liaison, vous aurez accès aux contrôles parentaux, à des informations sur le temps d'écran et les amis de votre enfant, et bien plus encore."
Feature.Parents.Description.EnterParentEmailWithoutParentalControl,"Demande à tes parents de t'aider pour cette étape.{lineBreak}Nous enverrons un e-mail à ton parent pour vérifier son âge et l'associer à ton compte.{lineBreak}Parent, après l'association, vous pourrez approuver certaines actions pour votre enfant."
Feature.Parents.Description.ParentalEmailFooter,"Cette adresse e-mail sera associée à votre compte Roblox avec les privilèges du parent. Pour en savoir plus sur nos pratiques en matière de données, veuillez consulter notre {linkStart}politique de confidentialité{linkEnd}."
Feature.Parents.Label.Email,e-mail
Feature.Parents.Label.ParentEmail,E-mail parental
Feature.Parents.Message.ConflictingPendingConsent,"Tu as déjà demandé la permission. Pour soumettre une nouvelle demande, annule d'abord ta demande dans les Paramètres."
Feature.Parents.Message.EmailIneligible,"Cet e-mail n'est pas éligible. Pour demander la permission des parents sur Roblox, utilise un autre e-mail."
Feature.Parents.Message.InvalidEmail,Adresse e-mail invalide
Feature.Parents.Message.RequestCreatedEmailNotSent,"Après avoir associé un compte Roblox, tes parents verront cette demande dans les contrôles parentaux."
Feature.Parents.Message.SomethingWentWrong,
Feature.Parents.Message.TooManyAttemptAskParent,"Trop de tentatives. Si tu as déjà demandé la permission, demande à tes parents de vérifier leur courrier électronique."
Feature.Parents.Message.TooManyAttempts,
Feature.Parents.Title.EnterParentEmail,Entrer l'e-mail du parent
Feature.Parents.Title.EnterParentEmailV2,Entrer l'adresse e-mail du parent
Feature.Parents.Title.SomethingWentWrong,
Feature.PlatformRestriction.Action.Continue,
Feature.PlatformRestriction.Action.Signout,
Feature.PlatformRestriction.Content.NeedPermission,"Pour utiliser Roblox, tu as besoin d'une autorisation parentale."
Feature.PlatformRestriction.Title.AskParent,Demande à ton parent
Feature.PlayerSearchResults.Action.AddFriend,Ajouter un ami
Feature.PlayerSearchResults.Label.FromSearch,À partir de la recherche
Feature.PlayerSearchResults.Label.KeywordTooShort,Entrer au moins 3 caractères
Feature.PlayerSearchResults.Label.NewUsername,Nouveau nom d'utilisateur
Feature.PlayerSearchResults.Label.NoResultsFound,
Feature.PlayerSearchResults.Label.NoResultsTryAnotherWay,Essaie une autre façon de trouver des amis.
Feature.PlayerSearchResults.Label.Previously,Précédemment
Feature.PlayerSearchResults.Label.ThisIsYou,C'est vous
Feature.PlayerSearchResults.Label.You,Toi
Feature.PlayerSearchResults.Label.YouAreConnections,Vous êtes connectés
Feature.PlayerSearchResults.Label.YouAreFollowing,Vous suivez
Feature.PlayerSearchResults.Label.YouAreFriends,Vous êtes amis
Feature.Profile.Action.AboutThisProfile,À propos de ce profil
Feature.Profile.Action.Accept,
Feature.Profile.Action.AcceptFriends,Accepter un ami
Feature.Profile.Action.Add,
Feature.Profile.Action.AddNickname,Ajouter un nom
Feature.Profile.Action.AllRequestsIgnored,Toutes les demandes ignorées
Feature.Profile.Action.Chat,
Feature.Profile.Action.CopyProfileLink,Copier le lien du profil
Feature.Profile.Action.EditAppearance,Modifier l'apparence
Feature.Profile.Action.EditAvatar,Modifier l'avatar
Feature.Profile.Action.EditBackground,Modifier l'arrière-plan
Feature.Profile.Action.EditEmotes,Modifier les emotes
Feature.Profile.Action.EditLook,
Feature.Profile.Action.JoinGame,
Feature.Profile.Action.Pending,
Feature.Profile.Action.Save,
Feature.Profile.Action.ShareProfile,Partager le profil
Feature.Profile.Action.ShareProfileLink,Partager le lien du profil
Feature.Profile.Action.SkipAddNickname,
Feature.Profile.Action.SwitchAvatar,Changer d'avatar
Feature.Profile.Action.ToQRCode,
Feature.Profile.Action.UserBlocked,Utilisateur bloqué
Feature.Profile.Action.ViewFullProfile,Voir le profil complet
Feature.Profile.Action.ViewProfile,
Feature.Profile.Description.AboutModalCaption,"Permet aux autres d'en savoir plus sur toi. Veille à ta sécurité, ne communique pas tes données personnelles."
Feature.Profile.Description.EnterNicknameTextbox,Entrez votre pseudo
Feature.Profile.Description.InspectAndBuy,Clique pour voir et acheter leur look.
Feature.Profile.Description.NicknamePrivacy,Seul {displayName} verra ceci.
Feature.Profile.Description.NicknamePrivacyNoDisplayName,Seul cet utilisateur verra ça.
Feature.Profile.Description.QrCodeDescription,Donne ton code QR à scanner pour que les gens puissent te rejoindre sur Roblox. Les utilisateurs de 13 ans et plus dont l'âge a été vérifié et qui se connectent en scannant un code QR sont considérés comme des amis de confiance.
Feature.Profile.Description.QrCodeDescription.FriendsRename,Permets aux gens de scanner ton code QR pour te rejoindre sur Roblox. Les utilisateurs de 13 ans et plus dont l'âge a été vérifié et qui se connectent en scannant un code QR en direct sont considérés comme des amis de confiance.
Feature.Profile.Description.QrCodeScanning,"Laisse d'autres scanner ton code QR Roblox avec le scanner QR ou la caméra de leur appareil, pour t'ajouter rapidement en tant qu'ami !"
Feature.Profile.Description.RecognizeConnectionsByCustomName,Reconnais plus facilement tes amis en leur donnant un nom personnalisé. Les noms importés depuis les contacts et les noms personnalisés ne sont visibles que pour toi.
Feature.Profile.Description.RecognizeFriendsByCustomName,Reconnaître plus facilement les amis en définissant un nom personnalisé. Les noms importés depuis les contacts et les noms personnalisés ne sont visibles que pour vous.
Feature.Profile.Description.SaySomething,
Feature.Profile.Description.ScanQR,Laisse les personnes que tu connais scanner ton code QR pour t'ajouter.
Feature.Profile.Description.SelectNicknameDropdown,Choisis un nom
Feature.Profile.Description.SetCustomName,"Définit un nom personnalisé pour <font weight=""medium"">{displayName}</font>."
Feature.Profile.Description.SetCustomNameNoDisplayName,Définir un nom personnalisé.
Feature.Profile.Description.SetNicknamePrompt,Ajouter un nom pour {displayName} pour t'identifier.
Feature.Profile.Description.SetNicknamePromptNoDisplayName,Ajoute un nom pour que cet utilisateur t'identifie.
Feature.Profile.Description.SocialNetworksCaptionEveryone,Actuellement visible par tout le monde.
Feature.Profile.Description.SocialNetworksCaptionFollowers,"Actuellement visible pour les amis, les utilisateurs que tu suis et tes suiveurs."
Feature.Profile.Description.SocialNetworksCaptionFollowing,Actuellement visible par les amis et les utilisateurs que tu suis.
Feature.Profile.Description.SocialNetworksCaptionFriends,Actuellement visible par les amis.
Feature.Profile.Description.SocialNetworksCaptionNoOne,"Actuellement, visible par personne."
Feature.Profile.Description.UsernameInsufficientFunds,Tu as besoin de {icon}{rbx} en plus pour changer ton nom d'utilisateur. Souhaites-tu acheter d'autres Robux ?
Feature.Profile.Description.UsernamePrice,1 000
Feature.Profile.Header.BuyWholeLook,Acheter le look complet
Feature.Profile.Header.InspectAndBuy,Avatar de : {username}
Feature.Profile.Header.InspectAndBuy.BuySection,Total ({numberOfSelectedItems}/{totalNumberOfItems} items)
Feature.Profile.Header.InspectAndBuy.Tooltip,
Feature.Profile.Header.Inventory,
Feature.Profile.Header.Store,
Feature.Profile.Heading.AgedUpDisplayName,
Feature.Profile.Heading.AgedUpDisplayNameUpdated,Nom mis à jour.
Feature.Profile.Heading.DisplayName,
Feature.Profile.Heading.DisplayNameUpdated,Nom d'affichage mis à jour
Feature.Profile.Heading.EditAgedUpDisplayName,Modifier le nom
Feature.Profile.Heading.EditDisplayName,Modifier nom d'affichage
Feature.Profile.Heading.InsufficientFunds,Fonds insuffisants
Feature.Profile.Heading.NicknameRequestSent,Demande d'amitié envoyée
Feature.Profile.Heading.ProfileFrame,Cadre du profil
Feature.Profile.Heading.ProfilePictureSaved,Photo de profil enregistrée avec succès
Feature.Profile.Heading.ProfileQRCode,
Feature.Profile.Heading.Statistics,Statistiques
Feature.Profile.Heading.Username,Nom d'utilisateur 
Feature.Profile.Heading.UsernameUpdated,Nom d'utilisateur mis à jour
Feature.Profile.Label.AboutDetailsHeading,À propos de {name}
Feature.Profile.Label.AboutPlaceholder,Dire quelque chose...
Feature.Profile.Label.AddFriend,
Feature.Profile.Label.AgedUpDisplayNameCaption,"C'est le nom public principal que les autres utilisateurs verront pour toi sur Roblox. Choisis un nom par lequel tes amis te reconnaîtront, comme ton vrai nom."
Feature.Profile.Label.AgedUpDisplayNameConnectionsCaption,"C'est le nom public que les autres utilisateurs verront pour toi sur Roblox. Choisis un nom qui te permettra d'être facilement reconnu, comme ton vrai nom."
Feature.Profile.Label.AgedUpDisplayNameFailed,"Le nom ne peut pas être sauvegardé. Essaie un autre nom.
"
Feature.Profile.Label.AgedUpDisplayNameFriendsCaption,"C'est sous cet identifiant public principal que les autres utilisateurs te verront sur Roblox. Choisis un nom que tes amis reconnaîtront, par exemple, ton vrai prénom."
Feature.Profile.Label.AgedUpDisplayNameModalCaption,"Ton nom ne peut être changé qu'une fois tous les 7 jours.
"
Feature.Profile.Label.AgedUpDisplayNameTooShort,Le nom doit comporter au moins 3 caractères.
Feature.Profile.Label.Cancel,
Feature.Profile.Label.CustomName,Nom personnalisé
Feature.Profile.Label.CustomNicknameDropdown,Définir un nom personnalisé
Feature.Profile.Label.CustomizeName,Personnaliser le nom
Feature.Profile.Label.CustomizeNamePlaceholder,
Feature.Profile.Label.DisplayNameCaption,C'est le nom public principal que les autres utilisateurs verront pour toi sur Roblox.
Feature.Profile.Label.DisplayNameFailed,Le nom d'affichage ne peut pas être sauvegardé. Réessaie.
Feature.Profile.Label.DisplayNameModalCaption,Ton nom d'affichage ne peut être changer qu'une fois tous les 7 jours.
Feature.Profile.Label.DisplayNameTooShort,Le nom d'affichage doit avoir au moins 3 caractères.
Feature.Profile.Label.EditBackground,
Feature.Profile.Label.NicknameErrorMessageInvalid,Le nom n'est pas valide.
Feature.Profile.Label.NicknameErrorMessageInvalidCharacters,Le nom contient des caractères non pris en charge.
Feature.Profile.Label.NicknameErrorMessageModerated,Le nom n'est pas approprié pour Roblox.
Feature.Profile.Label.NicknameErrorMessageThrottled,Ton nom a déjà été changé aujourd'hui.
Feature.Profile.Label.NicknameErrorMessageTooLong,Le nom doit comporter au moins 20 caractères.
Feature.Profile.Label.NicknameErrorMessageTooShort,Le nom doit comporter au moins 2 caractères.
Feature.Profile.Label.NoBioYet,Pas encore de bio
Feature.Profile.Label.NoPreviousName,Pas de noms précédents
Feature.Profile.Label.NoSocialLink,Pas de liens vers les réseaux sociaux pour le moment
Feature.Profile.Label.PlayedTogetherInGameDescription,Joué ensemble dans {experience_name}
Feature.Profile.Label.PlayingExperience,joue à <b>{experienceName}</b>
Feature.Profile.Label.QRCodeFriendRequest,Envoyé depuis ton code QR
Feature.Profile.Label.RecentAgedUpDisplayName,"Ton nom a été changé trop récemment. Ton nom ne peut être changé qu'une fois tous les 7 jours.
"
Feature.Profile.Label.RecentDisplayName,Ton nom d'affichage a été changé trop récemment. Ton nom d'affichage ne peut être changé qu'une fois tous les 7 jours.
Feature.Profile.Label.TimeToChangeNickname,Tu peux changer ton nom en {hours} heures.
Feature.Profile.Label.UnableToJoin,Impossible de se joindre
Feature.Profile.Label.UserIsPlayingExperience,<b>{userName}</b> joue à <b>{experienceName}</b>
Feature.Profile.Label.UsernameDescription,C'est ton nom unique sur Roblox. Changer ton nom d'utilisateur coûtera cher {icon}{price}.
Feature.Profile.Label.ViewDetails,
Feature.Profile.Message.BlockError,Impossible de bloquer un utilisateur. Tu as peut-être bloqué trop de personnes.
Feature.Profile.Message.FriendAdded,
Feature.Profile.Message.InvalidAliasError,Le nom ne peut pas être sauvegardé. Essayer un autre nom.
Feature.Profile.Message.NoExperienceAccess,{name} est dans une expérience à laquelle tu n'as pas accès.
Feature.Profile.Message.QRLoadFailed,Le chargement a échoué.
Feature.Profile.Message.QRNofificationRequest,t'a envoyé une demande d'ami à partir de votre code QR
Feature.Profile.Message.QRNotificationRequest,a scanné ton code QR pour te demander en ami·e
Feature.Profile.Message.QRNotificationRequest.FriendsRename,a scanné ton code QR pour te demander en ami(e)
Feature.Profile.Title.QrScanner,Scanner QR
Feature.Profile.Tooltip.CurrencyTransfer.Body,Tu peux maintenant envoyer des Robux.
Feature.Profile.Tooltip.CustomNameProfile,Reconnais tes amis plus facilement en définissant un nom personnalisé.
Feature.Profile.Tooltip.DisplayName,Mets à jour on nom pour aider tes amis à te reconnaître.
Feature.Profile.Tooltip.QrScanner,Scanne le code QR de tes amis pour les ajouter rapidement sur Roblox.
Feature.ProfileBadges.VerifiedBadgeInfo,"Ce badge permet de vérifier que son détenteur est un créateur, une marque ou une personnalité publique notable et authentique."
Feature.ProfileBadges.VerifiedBadgeInfoLink,
Feature.ProfileBadges.VerifiedBadgeInfoTitle,Badge vérifié
Feature.ProfileBadges.action.close,
Feature.QualtricsSurveyPrompt.Action.Cancel,
Feature.QualtricsSurveyPrompt.Action.Close,Non Merci
Feature.QualtricsSurveyPrompt.Action.Continue,
Feature.QualtricsSurveyPrompt.Action.Done,
Feature.QualtricsSurveyPrompt.Action.Next,
Feature.QualtricsSurveyPrompt.Action.Retry,
Feature.QualtricsSurveyPrompt.Action.Send,
Feature.QualtricsSurveyPrompt.Description.Error,Un problème est survenu. Essaye à nouveau.
Feature.QualtricsSurveyPrompt.Description.PromptText,"Bonjour {DisplayName}, veux-tu aider Roblox à s'améliorer ? Réponds au sondage et laisse-nous entendre ta voix !"
Feature.QualtricsSurveyPrompt.Description.TakeAQuickSurvey,Réponds à un sondage rapide pour aider Roblox à s'améliorer.
Feature.QualtricsSurveyPrompt.Heading.GiveUsFeedback,Donne-nous ton avis
Feature.QualtricsSurveyPrompt.Heading.Title,Aider Roblox à s'améliorer
Feature.QualtricsSurveyPrompt.Heading.WebviewName,Sondage
Feature.QualtricsSurveyPrompt.Response.SurveySubmitted,Nous vous remercions pour vos commentaires !
Feature.Reauthentication.Message.Error.Default,
Feature.ReportAbuse.Action.Close,
Feature.ReportAbuse.Action.Continue,
Feature.ReportAbuse.Action.ContinueReport,Continuer le signalement 
Feature.ReportAbuse.Action.EnterChatLineReporting,Signaler un abus
Feature.ReportAbuse.Action.ErrorModalGoBack,
Feature.ReportAbuse.Action.ReturnToExperience,Revenir à l'expérience
Feature.ReportAbuse.Action.Submit,
Feature.ReportAbuse.Action.TextMute,Bloquer les chats de {name}
Feature.ReportAbuse.DSAIllegal.ReportLink,Signaler un contenu illégal en vertu de la législation sur les services numériques (DSA) de l'UE.
Feature.ReportAbuse.DSAIllegal.ReportPageTitle,Signaler un contenu illégal
Feature.ReportAbuse.Description.IpInfringementReportModal,<b>Conserve ce code précieusement.</b> Il te sera indispensable pour finaliser ta <b>demande de suppression</b> à l'aide des outils de <b>propriété intellectuelle</b> sur le <b>Hub Création</b> ou par e-mail <i>(détails dans les conditions d'utilisation)</i>. <b>Ce code n'est valable que 48 heures.</b>
Feature.ReportAbuse.Heading.ReportAbuse,
Feature.ReportAbuse.Label.CategoryBullyingV2,"Intimidation, harcèlement, Discrimination"
Feature.ReportAbuse.Label.CategoryContent,"Contenu inapproprié - emplacement, image ou modèle"
Feature.ReportAbuse.Label.CategoryDating,Drague
Feature.ReportAbuse.Label.CategoryInappropriate,Langage inapproprié - contenu grossier ou adulte
Feature.ReportAbuse.Label.CategoryOther,Autre violation
Feature.ReportAbuse.Label.CategoryPrivateInfo,Demande ou communication d'informations personnelles
Feature.ReportAbuse.Label.CategoryScamming,"Triche, exploitation de bugs ou arnaque"
Feature.ReportAbuse.Label.CategoryTheft,"Vol de compte - hameçonnage, piratage ou échange"
Feature.ReportAbuse.Label.CategoryThreats,Menaces dans la vie réelle ou menaces de suicide
Feature.ReportAbuse.Label.ChooseOne,Choisir
Feature.ReportAbuse.Label.Confirmation.Subheading,Nous allons examiner ton signalement bientôt et prendre des mesures si nécessaire. Tes commentaires aident à assurer la sécurité de notre communauté.
Feature.ReportAbuse.Label.Confirmation.Title,Merci pour ce signalement
Feature.ReportAbuse.Label.FinishChatReport,Terminer le signalement du chat
Feature.ReportAbuse.Label.GenericReportIllegalContentMessage,Signaler un contenu illégal ou un contenu préjudiciable aux enfants
Feature.ReportAbuse.Label.Optional,
Feature.ReportAbuse.Label.PleaseSelectOne,En sélectionner un.
Feature.ReportAbuse.Label.Report,Reporter
Feature.ReportAbuse.Label.ReportSubmitted,Rapport soumis
Feature.ReportAbuse.Label.SelectChatLine,Sélectionner un chat à signaler
Feature.ReportAbuse.Label.SentInAnotherChat,Envoyé dans un autre chat
Feature.ReportAbuse.Label.SentPrivately,Envoyé en privé
Feature.ReportAbuse.Label.TakeItDownCopy,"Signaler des images intimes non consensuelles telles que définies par le titre 47 du Code des États-Unis, article 223a."
Feature.ReportAbuse.Label.TellUsWhatHappened,Raconte-nous ce qui s'est passé. (facultatif)
Feature.ReportAbuse.Label.TellUsWhatHappenedNoOptional,Dites-nous ce qui s'est passé :
Feature.ReportAbuse.Label.UserTextMuted,Nous avons bloqué les chats de {name}
Feature.ReportAbuse.Label.UserTextMutedError,Nous n'avons pas pu bloquer les chats de {name}
Feature.ReportAbuse.Label.WhatWasWrong,Qu'est-ce qui ne va pas?
Feature.ReportAbuse.Label.WhereDidItHappen,Où cela s'est-il passé ?
Feature.ReportAbuse.Label.YourReportCode,Ton code de rapport unique :
Feature.ReportAbuse.Message.ChatLineReportingInfoText,"Ton rapport comprendra tous les messages de ce canal, y compris celui que tu as sélectionné."
Feature.ReportAbuse.Message.ErrorBEDUIFetchFailed,Ton signalement n'a pas pu être chargé. Réessayer.
Feature.ReportAbuse.Message.ErrorSubmit,Un problème est survenu lors de l'envoi de ton signalement.
Feature.ReportAbuse.Message.ErrorSubmitFailure,Ton signalement n'a pas pu être soumis. Réessayer.
Feature.ReportAbuse.Message.Loading,
Feature.ReportAbuse.Message.OSACopy1,Nous examinerons votre rapport et prendrons les mesures appropriées. Nous ne partagerons pas vos informations avec un utilisateur que vous signalerez.
Feature.ReportAbuse.Message.OSACopy2,"L'utilisateur ou le contenu que vous avez signalé ne sera pas bloqué automatiquement. Si vous voulez limiter vos interactions avec un utilisateur, vous pouvez le bloquer."
Feature.ReportAbuse.Message.OSACopy3,Vous pouvez également signaler des contenus illégaux en vertu du UK Online Safety Act.
Feature.ReportAbuse.Message.OSACopy4,Signaler un contenu illégal et/ou un contenu préjudiciable aux enfants.
Feature.ReportAbuse.Message.OSACopyReadOnly,"Pour signaler le contenu illégal et/ou le contenu préjudiciable aux enfants, consultez : https://www.roblox.com/illegal-content-reporting"
Feature.ReportAbuse.Message.Success,Ton signalement a été envoyé.
Feature.ReportAbuse.Message.ThankYouReport,Merci. Nous utiliserons ton signalement pour faire de Roblox un endroit amusant et sûr pour tout le monde.
Feature.ReportAbuse.Message.UserTextMuted,Vous ne recevrez aucune chat textuel de leur part dans cette expérience.
Feature.ReportAbuse.Message.UserTextMutedErrorDoesNotExist,Nous n'avons pas trouvé {name}. Il se peut qu'il ait déjà quitté l'expérience.
Feature.ReportAbuse.Message.UserTextMutedErrorSelf,Vous ne pouvez pas bloquer vos propres chats.
Feature.ReportAbuse.Message.UserTextMutedSystem,L'utilisateur '{name}' a été mis en sourdine. Utilise '/réactiver son pour {name}' pour annuler.
Feature.ReportAbuse.Problem.Bullying,
Feature.ReportAbuse.Problem.Cheating,
Feature.ReportAbuse.Problem.Dating,Rencontre/sexe
Feature.ReportAbuse.Problem.Hate,Haine
Feature.ReportAbuse.Problem.Links,Liens hors plateforme
Feature.ReportAbuse.Problem.Personal,Données personnelles
Feature.ReportAbuse.Problem.Scamming,
Feature.ReportAbuse.Problem.Spamming,
Feature.ReportAbuse.Problem.Swearing,
Feature.ReportAbuse.Problem.Violence,
Feature.ReportAbuse.ProblemDescription.Bullying,"Intimidation, harcèlement ou menaces"
Feature.ReportAbuse.ProblemDescription.Cheating,Violation des règles ou exploitation à l'aide de piratages ou de codes
Feature.ReportAbuse.ProblemDescription.Dating,"Date, romance ou sexe"
Feature.ReportAbuse.ProblemDescription.Hate,"Haine, insultes ou discrimination"
Feature.ReportAbuse.ProblemDescription.Links,Lien vers un site web ou une application à partir de Roblox
Feature.ReportAbuse.ProblemDescription.Personal,Demander ou donner des informations personnelles
Feature.ReportAbuse.ProblemDescription.Scamming,"Scams, fraudes ou faux échanges"
Feature.ReportAbuse.ProblemDescription.Spamming,Envoi de spam ou de messages répétitifs
Feature.ReportAbuse.ProblemDescription.Swearing,"Jurons, grossièretés ou blasphèmes"
Feature.ReportAbuse.ProblemDescription.Violence,Violence extrême ou gore
Feature.ReportAbuse.Title.SelectInSceneContinueYourReport,Poursuis ton signalement
Feature.ReportAbuse.Title.SelectInSceneIpReport,Merci d'avoir commencé ton signalement d'atteinte à la propriété intellectuelle
Feature.RobloxSubscription.Action.Subscribe,S'abonner
Feature.RobloxSubscription.Action.TryItForFree,Essayer gratuitement
Feature.RobloxSubscription.Body.AlreadySubscribed,Ton abonnement à Roblox Plus t'offre déjà des avantages dans le jeu.
Feature.RobloxSubscription.Body.GenericError,Nous n'avons pas pu finaliser cette opération pour le moment. Réessaie.
Feature.RobloxSubscription.Body.UnsupportedPlatform,Cet abonnement n'est pas disponible à l'achat sur cet appareil.
Feature.RobloxSubscription.Description.AgeCheckTrial,Confirme ton âge avec la vérification de l'âge et profite d'une semaine gratuite de Roblox Plus en guise de remerciement. Aucun moyen de paiement n'est nécessaire pour profiter de cet essai gratuit.
Feature.RobloxSubscription.Description.Benefit.Customize,Personnalise avec des cadres de profil et des thèmes de l'app
Feature.RobloxSubscription.Description.Benefit.DiscountV2,"Items et avatars à -10 % les 60 premiers jours, puis à -20 %"
Feature.RobloxSubscription.Description.ExclusiveBenefits,Plus de fun pour moins de Robux. Abonne-toi à Roblox Plus.
Feature.RobloxSubscription.Disclosure.BlackbirdTermsAgreement,"En cliquant sur \u{201C}{ctaText}\u{201D}, tu acceptes les <a href=""{termsUrl}"">Conditions d'abonnement de Roblox</a>. L'abonnement sera facturé automatiquement chaque mois jusqu'à sa résiliation."
Feature.RobloxSubscription.Label.BlackbirdPSDiscount,Serveurs privés gratuits
Feature.RobloxSubscription.Label.BlackbirdPriceTag,{price}/{periodType}
Feature.RobloxSubscription.Label.BlackbirdTr,Envoyer des Robux gratuitement
Feature.RobloxSubscription.Label.BlackbirdUpsellBanner,Bénéficie de {discountPercentage} % de réduction avec Roblox Plus
Feature.RobloxSubscription.Label.BlackbirdVTDiscountFirst,"-{discountPercent} % sur les items dans le jeu, les avatars et plus encore"
Feature.RobloxSubscription.Label.BlackbirdVTDiscountSecond,{discountPercent} % de réduction sur ces items après {periodIndex} {periodType}
Feature.RobloxSubscription.Label.FreeTrialDisclosureShort,"En cliquant sur « Continuer », tu acceptes les {linkStart}Conditions d'abonnement de Roblox{linkEnd}."
Feature.RobloxSubscription.Label.FreeTrialDisclosureV2,"En cliquant sur « Essayer gratuitement », tu acceptes les {linkStart}Conditions de l'abonnement de Roblox{linkEnd}. Ton essai gratuit se terminera dans un mois. L'abonnement est facturé automatiquement chaque mois, mais tu peux l'annuler à tout moment."
Feature.RobloxSubscription.Label.FreeTrialText,Obtenir un essai gratuit
Feature.RobloxSubscription.Label.RobloxPlusPriceRowV2,"{boldStart}1 mois gratuit{boldEnd}, puis {price}/{periodType}"
Feature.RobloxSubscription.Label.month,mois
Feature.RobloxSubscription.Label.months,
Feature.RobloxSubscription.Title.AgeCheckTrial,Profite d'une semaine gratuite sur Roblox Plus
Feature.RobloxSubscription.Title.AlreadySubscribed,Bonne nouvelle !
Feature.RobloxSubscription.Title.GenericError,
Feature.RobloxSubscription.Title.GetBlackbird,Obtenir Roblox Plus
Feature.RobloxSubscription.Title.UnsupportedPlatform,Roblox Plus n'est pas disponible ici
Feature.SafetyDashboard.Heading.AccountStatus.V2,"Statut du compte, violations et appels"
Feature.Schools.Action.AlreadyGraduated,J'ai déjà obtenu mon diplôme
Feature.Schools.Action.CantFindSchool,Tu ne trouves pas ton école ?
Feature.Schools.Action.Continue,
Feature.Schools.Action.LeaveSchool,Supprimer l'école
Feature.Schools.Action.Ok,
Feature.Schools.Action.PrivacyPolicy,
Feature.Schools.Action.Remove,
Feature.Schools.Action.ResendCode,
Feature.Schools.Action.Share,
Feature.Schools.Action.TermsOfService,
Feature.Schools.Action.UnidaysPrivacyPolicy,Politique de confidentialité d'UNiDAYS
Feature.Schools.Action.UnidaysTermsOfService,Conditions d'utilisation d'UNiDAYS
Feature.Schools.Body.EnterCode,UNiDAYS a envoyé ton code unique par e-mail à {user_email}. Saisis-le ci-dessous pour confirmer ton établissement.
Feature.Schools.Body.UnidaysShare,Les autres utilisateurs ne pourront pas voir ton adresse e-mail.
Feature.Schools.Body.UnidaysTerms,"Nous travaillons en partenariat avec UNiDAYS pour vérifier ton adresse e-mail fournie par ton établissement. En cliquant sur « Continuer », tu acceptes les Conditions d'utilisation et la Politique de confidentialité d'UNiDAYS."
Feature.Schools.Caption.AlumniGroupOnGraduate,"Une fois ton diplôme en poche, tu feras partie du groupe des anciens élèves de {school}."
Feature.Schools.Caption.RemovedOnGraduate,"Une fois ton diplôme en poche, tu ne feras plus partie de cet établissement ({school})."
Feature.Schools.Description.CantFindSchoolNotify,Nous te préviendrons lorsque ton école sera sur Roblox.
Feature.Schools.Description.CantVerifySchool,"Sur la base des informations que tu as fournies, nous n'avons pas pu vérifier ton école."
Feature.Schools.Description.ConnectWithFellowAlumni,Échange avec d'autres anciens élèves
Feature.Schools.Description.FeatureAvailableBody,Trouve des amis de ton école.
Feature.Schools.Description.InviteFriendsExclusiveItem,Invite d'autres personnes à se faire vérifier. Obtiens un item gratuit lors du lancement de ton école.
Feature.Schools.Description.InviteFriendsUnlockSooner,Aide à lancer le groupe des anciens élèves de ton école plus rapidement.
Feature.Schools.Description.InviteOthersToVerify,Inviter d'autres personnes à se faire vérifier
Feature.Schools.Description.MoreVerifiedAlumniNeeded,Un plus grand nombre d'anciens élèves vérifiés est nécessaire
Feature.Schools.Description.NotAvailableInRegion,La fonctionnalité École n'est pas encore disponible.
Feature.Schools.Description.RemoveSchoolBody,Tu devras revérifier l'adresse e-mail de ton école pour la rejoindre à nouveau. Les items en récompense que tu as reçus seront supprimés.
Feature.Schools.Description.SchoolIsLiveBody,
Feature.Schools.Description.SchoolUnavailableBody,Cet établissement n'est actuellement pas disponible sur Roblox.
Feature.Schools.Description.UpsellDisclaimer,Ton école ne sera visible que par les personnes du même établissement. Tu peux modifier ou supprimer ton école à tout moment.
Feature.Schools.Description.UpsellTagline,"Découvre des élèves vérifiés de ton école, communique avec eux et jouez ensemble."
Feature.Schools.Description.WaitlistAlumniBody,Tout est prêt. Nous te préviendrons dès que le groupe des anciens élèves de ton école sera lancé.
Feature.Schools.Description.WaitlistBody,Tu es un membre fondateur. Invite tes camarades de classe à lancer votre école ensemble.
Feature.Schools.Error.AlreadyLinked,Cette adresse e-mail est déjà liée à un autre compte.
Feature.Schools.Error.InvalidEmail,Saisis une adresse e-mail valide fournie par ton établissement.
Feature.Schools.Error.InvalidPassCode,Ce code est incorrect.
Feature.Schools.Error.NotSchoolEmail,Utilise une adresse e-mail émise par ton établissement scolaire.
Feature.Schools.Error.OtpAlreadyUsed,Ce code a déjà été utilisé.
Feature.Schools.Error.OtpExpired,Ce code a expiré.
Feature.Schools.Error.OtpInvalidFormat,Le format de ce code est invalide.
Feature.Schools.Error.OtpTooManyAttempts,Tu as atteint le nombre maximum de tentatives autorisées pour aujourd'hui.
Feature.Schools.Error.SomethingWentWrong,Un problème est survenu. Essaie encore.
Feature.Schools.Error.UnidaysEmailNotFound,UNiDAYS ne trouve pas cette adresse e-mail.
Feature.Schools.Filter.AllYears,Toutes les années
Feature.Schools.Filter.Apply,
Feature.Schools.Filter.GradYear,Année d'obtention du diplôme
Feature.Schools.GiftForYou,Un cadeau pour toi
Feature.Schools.Heading.AddSchool,Ajouter une école
Feature.Schools.Heading.AddSchoolNow,Rejoins tes camarades de classe
Feature.Schools.Heading.CantFindSchool,Nous ne trouvons pas ton école
Feature.Schools.Heading.CantVerifySchool,Nous ne pouvons pas vérifier ton école
Feature.Schools.Heading.CheckYourEmail,Vérifier ton e-mail
Feature.Schools.Heading.EnterSchoolEmail,Saisis ton adresse e-mail fournie par ton établissement
Feature.Schools.Heading.InviteYourClassmates,Invite tes camarades de classe
Feature.Schools.Heading.InviteYourFriends,Invite tes amis
Feature.Schools.Heading.JoinClassmates,
Feature.Schools.Heading.MembersWithCount,{count} membres
Feature.Schools.Heading.RemoveYourSchool,Supprimer ton école
Feature.Schools.Heading.SchoolIsLive,Ton école est maintenant ouverte
Feature.Schools.Heading.SchoolUnavailable,Ton école n'est pas disponible
Feature.Schools.Heading.SelectGraduationYear,Sélectionner l'année d'obtention du diplôme
Feature.Schools.Heading.ShareWithFriends,Partager avec des amis
Feature.Schools.Heading.ThanksForInterest,Merci de ton intérêt
Feature.Schools.Heading.YouJoinedSchool,Tu as rejoint {school} !
Feature.Schools.Heading.YourFounderReward,Ta récompense de fondateur
Feature.Schools.Label.AlumniGroupLaunches,Lancement du groupe d'anciens élèves
Feature.Schools.Label.Classmates,
Feature.Schools.Label.ConfirmSchool,Sélectionne ton école
Feature.Schools.Label.ConnectWithClassmates,Échange avec tes camarades de classe
Feature.Schools.Label.DidntGetCode,
Feature.Schools.Label.MoreToUnlockSchool,Encore {count} vérifications requises pour lancer ton école
Feature.Schools.Label.ResendInSeconds,Renvoyer dans {time}
Feature.Schools.Label.SchoolLaunches,Lancement de l'école
Feature.Schools.Label.SchoolVerified,Ton profil est vérifié
Feature.Schools.Label.Search,
Feature.Schools.Label.SuggestedEmail,Voulais-tu dire {email} ?
Feature.Schools.Label.UnlockAlumniGroup,Groupe d'anciens élèves en attente
Feature.Schools.Label.UpsellPerkFindFriends,Trouve des amis de ton école
Feature.Schools.Label.UpsellPerkPlayAndChat,Vois qui est en ligne et jouez ensemble facilement
Feature.Schools.Label.UpsellPerkTrends,Découvre les tendances dans ton école
Feature.Schools.Placeholder.Email,Adresse e-mail de l'étudiant
Feature.Schools.Placeholder.SixDigitCode,Code à 6 chiffres
Feature.Schools.RewardGiftBody,Merci d'avoir vérifié ton école. Tu peux trouver ton nouvel item sous Avatar > Accessoire > Dos.
Feature.Screentime.Content.ScreentimeLimitDialog,Tu as atteint ta limite quotidienne de temps d'écran. Reviens demain pour accéder à nouveau à Roblox.
Feature.Screentime.Description.HeartbeatConsecutiveFailure,Erreur interne. Réessayer de se connecter.
Feature.Screentime.Description.MoreScreentimeDescription,Cela permet de prolonger temporairement ta limite de temps d'écran
Feature.Screentime.Heading.ScreentimeLimitDialog,Limite de temps d'écran atteinte
Feature.Screentime.Label.FifteenMoreMinutes,15 minutes de plus
Feature.Screentime.Label.FiveMoreMinutes,5 minutes de plus
Feature.Screentime.Label.Options,Ajouter plus de temps
Feature.SecurityFeedback.Header.NewLogin,Alerte nouvelle activité
Feature.Settings.Description.AccountSettingsScan,"Scanne le code QR à l'aide de l'appareil photo de ton appareil complémentaire
pour ouvrir les paramètres du compte dans l'application Roblox."
Feature.Settings.Description.AccountSettingsWebsite,"Pour accéder à votre vie privée, contrôles de sécurité et plus
visiter le Web ou un appareil compagnon."
Feature.Settings.Description.CrossPlatform,"Tu rejoindras des expériences avec des personnes de toutes les plateformes,
et tu verras plus de personnes dans plus d'expériences."
Feature.Settings.Description.PlatformAccountSettingsSuccess,Vos paramètres {platform} sont correctement configurés et vous êtes prêt à visiter !
Feature.Settings.Description.SwitchProfile,Tu peux changer ton profil {platform} ici.
Feature.Settings.Heading.AccountSettings,
Feature.Settings.Heading.PlatformAccountSettings,Paramètres {platform}
Feature.Settings.Heading.SwitchProfile,Changer de profil
Feature.Settings.Label.Allowed,Autorisé
Feature.Settings.Label.CrossPlatform,Jeu multi-plateformes
Feature.Settings.Label.Disabled,Désactivé
Feature.Settings.Label.Disallowed,Interdit
Feature.Settings.Label.Enabled,Activé
Feature.Settings.Label.Error,
Feature.Settings.Label.Loading,Chargement
Feature.Settings.Label.Multiplayer,Multijoueur
Feature.Settings.Label.Open,Ouvrir
Feature.Settings.Label.Recommended,
Feature.Settings.Label.SharedContent,Contenu partagé
Feature.Settings.Subheading.AccountSettingsScan,Scanne le code QR
Feature.Settings.Subheading.AccountSettingsWebsite,Visiter le site Web
Feature.SettingsHub.Action.AllowInSettings,Autoriser dans les paramètres
Feature.SettingsHub.Action.CancelSearch,
Feature.SettingsHub.Action.InviteFriend,
Feature.SettingsHub.Action.NotNow,
Feature.SettingsHub.Action.Ok,
Feature.SettingsHub.Action.OpenSettings,
Feature.SettingsHub.Description.CameraPermissionRequestQRCode,"Pour que tu puisses scanner un code QR, nous avons besoin d'accéder à ton appareil photo."
Feature.SettingsHub.Description.ContactsPermissionAndroid,"1. Sélectionner Permission
2. Sélectionner Contacts
3. Autoriser Roblox à accéder à tes Contacts"
Feature.SettingsHub.Description.ContactsPermissionAndroidDeeplinkNotSupported,"1. Accède à Paramètres > Autorisations
2. Sélectionne Contacts
3. Autorise Roblox à accéder à tes contacts"
Feature.SettingsHub.Description.ContactsPermissionIOS,"Pour te connecter avec des amis, autoriser Roblox à accéder à tes contacts."
Feature.SettingsHub.Description.ContactsPermissionRequest,"Pour que tu puisses te connecter avec tes amis, nous avons besoin d'accéder à tes contacts."
Feature.SettingsHub.Description.QRCodeCameraPermissionAndroid,"1. Sélectionner Permission
2. Sélectionner Caméra
3. Autoriser Roblox à accéder à ta Caméra"
Feature.SettingsHub.Description.QRCodeCameraPermissionAndroidDeeplinkNotSupported,"1. Aller dans Paramètres > Autorisation
2. Sélectionner Caméra
3. Autoriser Roblox à accéder à ta Caméra"
Feature.SettingsHub.Description.QRCodeCameraPermissionIOS,"Pour scanner le code QR, autoriser Roblox à accéder à ta caméra."
Feature.SettingsHub.Label.ConnectionsListLoadErrorMessage,Impossible de charger les connexions. Réessaie plus tard.
Feature.SettingsHub.Label.FriendsListLoadErrorMessage,Impossible de te mettre en contact avec des amis. Réessaie plus tard.
Feature.SettingsHub.Label.InviteSearchNoResults,
Feature.SettingsHub.Label.Invited,Invité
Feature.SettingsHub.Label.Moderated,Modéré
Feature.SettingsHub.Label.NoConnectionsPageMessage,Ajoute des connexions pour faire des découvertes ensemble.
Feature.SettingsHub.Label.NoConnectionsScreen,Fais des connexions pour pouvoir les inviter à te rejoindre !
Feature.SettingsHub.Label.NoFriendsPageMessage,Ajoute des amis pour que vous puissiez explorer ensemble.
Feature.SettingsHub.Label.NoFriendsScreen,Fais-toi des amis pour pouvoir les inviter à te rejoindre !
Feature.SettingsHub.Label.ReportComment,Explique ce qui s'est mal passé avec tes mots.
Feature.SettingsHub.Label.SearchForFriendsPlaceholder.FriendsRename,Cherche des amis
Feature.SettingsHub.Label.Sending,En cours d'envoi
Feature.SettingsHub.Prompt.AllowAccessToCamera,Autoriser l'accès à la caméra ?
Feature.SettingsHub.Prompt.AllowAccessToContacts,Autoriser l'accès aux contacts ?
Feature.SettingsHub.Prompt.NeedCameraAccess,Besoin de l'accès à la caméra
Feature.SettingsHub.Prompt.NeedContactsAccess,Besoin d'accès aux contacts
Feature.SettingsHub.Prompt.RestartOnMicAccessChange,Vous devez redémarrer l'application pour appliquer les modifications d'accès au microphone.
Feature.SettingsHub.Prompt.Subtitle.AllowMicrophoneAccess,"Pour parler avec les autres, autorise Roblox à accéder à ton microphone."
Feature.SocialShare.Action.CopyLink,
Feature.SocialShare.Action.Redirect,Vous êtes redirigé...
Feature.SocialShare.Action.Share,
Feature.SocialShare.Description.InvalidLinkError,Ce lien n'existe pas.
Feature.SocialShare.Description.InviteExpiredError,Le lien d'invitation a expiré. Veux-tu quand même rejoindre {experienceName} ?
Feature.SocialShare.Description.InviterNotHereError,L'invitant a quitté l'expérience. Veux-tu toujours rejoindre {experienceName} ?
Feature.SocialShare.Label.Copied,Copié
Feature.SocialShare.Label.CopyLinkToShareWithPeople,Copier le lien pour partager avec les personnes que tu connais
Feature.SocialShare.Label.InvalidLinkError,
Feature.SocialShare.Label.InviteExpiredError,Lien d'invitation expiré
Feature.SocialShare.Label.InviterNotHereError,L'invitant n'est pas ici
Feature.SocialShare.Response.Error,
Feature.SocialShare.Response.Error.Subtext,Réessayer plus tard.
Feature.SocialShare.ShareWithPeopleYouKnow,Partager avec des personnes que tu connais
Feature.SocialTab.Label.AddFriendHint,Appuie ici pour ajouter des amis
Feature.SocialTab.Label.AddFriendHintBody,Les amis rendent Roblox amusant !
Feature.SocialTab.Label.Connect,
Feature.SocialTab.Label.CreateAndExploreGroups,Créer et découvrir des communautés
Feature.SocialTab.Label.Groups,
Feature.SongDetails.Action.Favorite,Ajouter aux favoris
Feature.SongDetails.Action.Report,
Feature.SongDetails.Action.ReportAudio,Signaler l'audio
Feature.SongDetails.Body.DescriptionTitle,
Feature.SongDetails.Label.DateUploaded,Date d'importation
Feature.SongDetails.Label.ExperiencesFeaturing,Expériences mettant à la une
Feature.SongDetails.Label.ExperiencesFeaturingTrack,Expériences à la une {trackName}
Feature.SongDetails.Label.Genre,
Feature.SongDetails.Label.InappropriateAudio,Audio inapproprié
Feature.SongDetails.Label.InappropriateThumbnail,Vignette inappropriée
Feature.SongDetails.Label.Length,Longueur
Feature.SongDetails.Label.MonthlyListeners,Auditeurs mensuels
Feature.SongDetails.Label.SongPreview,Extrait de la chanson
Feature.SongDetails.Label.SongsAvailableBy,Chansons disponibles par {artistName}
Feature.SongDetails.Label.SongsBy,Chansons par {artistName}
Feature.SongDetails.Label.ThousandPlus,1 000+
Feature.SongDetails.Label.Vendor,Fournisseur
Feature.Squads.Action.Add,
Feature.Squads.Action.AddOthers,Ajouter d'autres personnes
Feature.Squads.Action.ConnectToVoice,Se connecter au chat vocal
Feature.Squads.Action.ContinueWithoutVoice,Continuer sans le vocal
Feature.Squads.Action.Delete,
Feature.Squads.Action.DisconnectFromVoice,Se déconnecter du vocal
Feature.Squads.Action.DontJoin,
Feature.Squads.Action.Edit,
Feature.Squads.Action.Invite,
Feature.Squads.Action.InviteAgain,Inviter à nouveau
Feature.Squads.Action.Join,
Feature.Squads.Action.JoinWithParty,Rejoindre la Party
Feature.Squads.Action.JoinWithPrivateParty,Rejoindre avec la Party privée
Feature.Squads.Action.Ok,
Feature.Squads.Action.Party,Party
Feature.Squads.Action.Remove,
Feature.Squads.Action.Retry,
Feature.Squads.Action.ScheduleAParty,Planifier une Party
Feature.Squads.Action.ScheduleParty,
Feature.Squads.Action.Start,
Feature.Squads.Action.Switch,
Feature.Squads.Action.TapToStartNewParty,Taper pour commencer une nouvelle Party
Feature.Squads.Action.View,
Feature.Squads.Action.VoiceErrorGeneral,
Feature.Squads.Action.VoiceErrorPartyNotVoiceEligible,
Feature.Squads.Action.VoiceErrorUserIneligible,
Feature.Squads.Action.WaitingForParty,En attente de la Party
Feature.Squads.Action.Yes,
Feature.Squads.Description.AddFriends,Les amis que tu ajoutes verront tous les messages précédents dans ce groupe
Feature.Squads.Description.AlreadyJoined,Tu as déjà rejoint cette Party
Feature.Squads.Description.DeleteScheduledSquad,Voulez-vous vraiment supprimer la session Party planifiée ?
Feature.Squads.Description.DisconnectVoiceDueToLowMemory,Ton appareil manque de mémoire. Déconnecte-toi du vocal pour éviter que Roblox ne se plante. Tu resteras dans la Party.
Feature.Squads.Description.FailedToJoin,Une erreur s'est produite lors de l'adhésion à la Partie. Réessayer.
Feature.Squads.Description.Going,Participer
Feature.Squads.Description.Interested,Intéressé
Feature.Squads.Description.InviteConnectionsToParty,Inviter ces connexions à la Party les invitera également au groupe. Ils pourront voir l'historique des discussions.
Feature.Squads.Description.InviteFriendsToParty,"En invitant ces amis à la fête, ils seront également invités dans le groupe. Ils pourront voir l'historique des discussions."
Feature.Squads.Description.Invited,
Feature.Squads.Description.InvitedToExperience,"Quelqu'un vous invite déjà à une expérience. Une fois l'invitation terminée, tu peux réessayer."
Feature.Squads.Description.JoinAnotherParty,Vous êtes actuellement dans une Party active. Veux-tu quitter cette Party pour une autre ?
Feature.Squads.Description.JoinWithLowMemory,Ton appareil manque de mémoire. Rejoindre sans le vocal empêchera Roblox de se crasher.
Feature.Squads.Description.LuckyRecommendationRevealed,Tout le groupe peut participer
Feature.Squads.Description.LuckyRecommendationRolling,Recherche d'un jeu adapté au groupe
Feature.Squads.Description.LuckyRecommendationRow,On t'aide à choisir
Feature.Squads.Description.ManyPeopleActive,{userCount} personnes actives
Feature.Squads.Description.NoResponse,Aucune réponse
Feature.Squads.Description.NotGoing,Ce sera sans moi
Feature.Squads.Description.OneOnOneExpandedChatFeaturesActivePartyError,Les chats en tête-à-tête avec des fonctionnalités étendues ne peuvent pas être convertis en chat de groupe tant qu'une party est active.
Feature.Squads.Description.OnePersonActive,1 personne active
Feature.Squads.Description.PartyEnded,La Party est terminée. Veux-tu en commencer une nouvelle ?
Feature.Squads.Description.PartyFull,Cette Party est actuellement complète. Essaie de la rejoindre ?
Feature.Squads.Description.PleaseTryAgain,
Feature.Squads.Description.RemoveFromChat,Es-tu sûr de vouloir supprimer cette personne du groupe ?
Feature.Squads.Description.RemoveFromParty,{displayName} sera retiré de la conversation de groupe.
Feature.Squads.Description.ScheduledPartyAlreadyExists,Une Party est déjà prévue à l'heure sélectionnée
Feature.Squads.Description.Title,
Feature.Squads.Description.User,
Feature.Squads.Description.YouAddedMoreThanTwoToChat,Tu as ajouté {username} et {userCountMinusOne} autres dans le groupe
Feature.Squads.Description.YouAddedToChat,Tu as ajouté {username} au groupe
Feature.Squads.Description.YouAddedTwoToChat,Tu as ajouté {username1} et {username2} au groupe
Feature.Squads.Description.YouHaveNoScheduledParties,Tu n'as aucune Party de prévue
Feature.Squads.Description.upsellInviteText,Aucune réponse. Tu peux les inviter à nouveau
Feature.Squads.Label.AddFriends,Ajouter des amis ?
Feature.Squads.Label.Audio,
Feature.Squads.Label.Connecting,Connexion...
Feature.Squads.Label.DeleteScheduledParty,Supprimer la session Party planifiée
Feature.Squads.Label.DeletedScheduledParty,Party planifiée supprimée
Feature.Squads.Label.Error,
Feature.Squads.Label.Experience,
Feature.Squads.Label.FailedToJoin,Impossible de rejoindre la Party
Feature.Squads.Label.FindExperiences,Trouver des expériences
Feature.Squads.Label.FindExperiencesPlayTogether,Trouver des expériences à jouer ensemble
Feature.Squads.Label.FriendJoinedYourParty,{combinedName} a rejoint ta Party
Feature.Squads.Label.InviteConnectionsConfirmation,Inviter ces Connexions au groupe ?
Feature.Squads.Label.InviteFriendsConfirmation,Inviter ces amis dans le groupe ?
Feature.Squads.Label.InviteToSquad,Inviter dans l'escouade
Feature.Squads.Label.InvitedToExperience,Invité à l'expérience
Feature.Squads.Label.JoinAnotherParty,Changer de Party
Feature.Squads.Label.JoinExperiencesTogether,Rejoindre des expériences
Feature.Squads.Label.JoinParty,Rejoindre la party
Feature.Squads.Label.LeaveParty,Quitter la Party
Feature.Squads.Label.Loading,
Feature.Squads.Label.LowMemory,Mémoire faible
Feature.Squads.Label.LuckyRecommendationRevealed,Essaye celui-ci
Feature.Squads.Label.LuckyRecommendationRolling,Choix du jeu
Feature.Squads.Label.LuckyRecommendationRow,Tu ne sais pas à quoi jouer ?
Feature.Squads.Label.MultiplePeopleJoinedYourParty,Plusieurs personnes ont rejoint ta Party
Feature.Squads.Label.MuteMic,Couper le micro
Feature.Squads.Label.Party,
Feature.Squads.Label.PartyCountStatus,{partyCount} dans la party
Feature.Squads.Label.PartyEnded,La Party est terminée
Feature.Squads.Label.PartyEndedText,
Feature.Squads.Label.PartyFull,La Party est complète
Feature.Squads.Label.PartyOperationFailed,Échec de l'opération Party
Feature.Squads.Label.PartyStartedText,La Party a commencé
Feature.Squads.Label.PartyVolume,Volume de la Party
Feature.Squads.Label.RemoveFromChat,Retirer du groupe ?
Feature.Squads.Label.RemoveFromParty,Retirer de la Party
Feature.Squads.Label.ScheduledParty,Party programmée
Feature.Squads.Label.SoloPlay,S'inscrire seul
Feature.Squads.Label.StartParty,Commencer une Party
Feature.Squads.Label.StartTime,Heure de début
Feature.Squads.Label.ThisFieldIsRequired,Ce champ est obligatoire
Feature.Squads.Label.TwoFriendsJoinedYourParty,{combinedName1} et {combinedName2} ont rejoint ta Party
Feature.Squads.Label.UnmuteMic,Réactiver le micro
Feature.Squads.Label.UpcomingParties,Parties à venir
Feature.Squads.Label.UserDropdownMenuVoiceErrorUserIneligible,Ils n'ont actuellement pas accès au vocal
Feature.Squads.Label.UsersParty,La party de : {displayName}
Feature.Squads.Label.ViewChat,Voir le chat
Feature.Squads.Label.ViewParty,Voir party
Feature.Squads.Label.VoiceChats,Chats vocaux
Feature.Squads.Label.VoiceErrorGeneral,Tu n'es pas connecté au chat vocal
Feature.Squads.Label.VoiceErrorPartyNotVoiceEligible,La voix n'est pas disponible dans ce groupe. Tu peux créer un nouveau groupe avec un chat vocal et des filtres souples.
Feature.Squads.Label.VoiceErrorUserIneligible,Tu n'as actuellement pas accès au chat vocal de la Party
Feature.Squads.Label.Volume,Volume
Feature.Squads.Label.WaitingForCombinedName,En attente de l'adhésion de {combinedName}
Feature.Squads.Label.WaitingForOthers,Attendre que d'autres te rejoignent
Feature.Squads.Label.WillYouJoinScheduledParty,Veux-tu rejoindre la party de : {displayName} ?
Feature.Squads.Label.YouJoinedFriendParty,Tu as rejoint la Party de {combinedName}
Feature.Subscription.Action.ReportSubscription,Signaler l'abonnement
Feature.Subscription.Action.SeeMore,En voir plus
Feature.Subscription.Action.Subscribe,
Feature.Subscription.Action.SubscribePayAnotherWay,Autre moyen de paiement
Feature.Subscription.Action.SubscribeWithCreditDebitCard,Abonne-toi avec une carte de crédit/débit
Feature.Subscription.Action.SubscribeWithRobloxCredit,Abonne-toi avec du Crédit Roblox
Feature.Subscription.Email.PricePerMonthLabel,{purchasePrice}/mois
Feature.Subscription.Error.GenericSubscribeError,Une erreur s'est produite lors de la tentative d'abonnement. Réessayer plus tard.
Feature.Subscription.Footer.PurchasePromptLegalText,"En cliquant sur « S'abonner », tu acceptes les Conditions d'utilisation. L'abonnement est facturé automatiquement chaque mois. Tu peux l'annuler à tout moment."
Feature.Subscription.Heading.Subscriptions,
Feature.Subscription.Message.MonthlySpendRestrictionsMonthlyLimitExceed,Tu as atteint la limite d'achat mensuelle définie dans les Contrôles Parentaux. Tu ne peux pas effectuer de nouvel achat avant le mois prochain.
Feature.Subscription.Message.ReportSubmitted,
Feature.Subscription.Text.DisclaimerTextMonthly,Renouvelle mensuellement. Annuler à tout moment.
Feature.Subscription.Text.PerMonth,/mois
Feature.Subscription.Text.Subscribed,Abonné
Feature.Timeout.Label.OK,
Feature.Timeout.Prompt.BodyText,"Ton avatar a été réinitialisé pour la raison suivante : {rule}. Tu peux toujours utiliser la Marketplace, mais les modifications apportées à ton avatar ne seront pas enregistrées jusqu'au {time}."
Feature.Timeout.Prompt.TitleText,Nous avons réinitialisé ton avatar
Feature.Timeout.WarningBanner.DisabledMessage,Enregistrement de l'avatar désactivé
Feature.Timeout.WarningBanner.DisabledUntilMessage,Enregistrement de l'avatar désactivé jusqu'au {time}
Feature.Toast.Heading.PurchaseMessage.Success,Débloqué
Feature.Toast.Message.PurchaseMessage.SuccessV3,Vous avez débloqué l'accès à {gameName} pour {price} Robux.
Feature.Toast.NetworkingError.Forbidden,Autorisation insuffisante.
Feature.Toast.NetworkingError.NotFound,Contenu introuvable.
Feature.Toast.NetworkingError.ServiceUnavailable,Le service est indisponible. Veuillez réessayer plus tard.
Feature.Toast.NetworkingError.SomethingIsWrong,Un problème est survenu. Veuillez réessayer.
Feature.Toast.NetworkingError.Timeout,Expiration du délai. Veuillez réessayer.
Feature.Toast.NetworkingError.TooManyRequests,Le serveur est occupé. Veuillez réessayer plus tard.
Feature.Toast.NetworkingError.UnableToConnect,Impossible de se connecter. Veuillez réessayer plus tard.
Feature.Toast.NetworkingError.Unauthorized,La connexion a expiré. Veuillez vous reconnecter.
Feature.Toast.ScanQrCodeError.UnrecognizableQrCode,Code QR non-reconnu. Essaie à nouveau.
Feature.Toast.Username.Copied,Nom d'utilisateur copié dans le presse-papier.
Feature.Toast.VoteError.AssetNotVoteable,L'expérience ne peut faire l'objet d'un vote.
Feature.Toast.VoteError.Default,Action non disponible.
Feature.Toast.VoteError.FloodCheckThresholdMet,Vous avez voté trop tôt.
Feature.Toast.VoteError.PlayGame,Tu dois visiter cette expérience avant de la noter.
Feature.UniversalFeatureRestrictions.AbuseVector.AgeVerification.DialogBody.Suspended,"Tu ne peux pas faire vérifier ton âge pour le moment, car tu as enfreint nos Normes de la communauté à plusieurs reprises. Tu pourras réessayer une fois la restriction levée."
Feature.UniversalFeatureRestrictions.AbuseVector.AgeVerification.DialogTitle.Suspended,Vérifications de l'âge suspendues
Feature.UniversalFeatureRestrictions.AbuseVector.RobloxKick.DialogBody.Banned,Tu viens de te faire bannir de cette expérience en raison d'une violation répétée ou grave des règles.
Feature.UniversalFeatureRestrictions.AbuseVector.RobloxKick.DialogBody.Suspended,"Tu ne peux pas jouer à cette expérience, car ton comportement a enfreint les règles."
Feature.UniversalFeatureRestrictions.AbuseVector.RobloxKick.DialogTitle.Banned,Roblox a banni ton compte de cette expérience
Feature.UniversalFeatureRestrictions.AbuseVector.RobloxKick.DialogTitle.Suspended.Day,Roblox a suspendu ton accès à cette expérience pour 1 jour
Feature.UniversalFeatureRestrictions.AbuseVector.RobloxKick.DialogTitle.Suspended.Days,Roblox a suspendu ton accès à cette expérience pour {number} jours
Feature.UniversalFeatureRestrictions.AbuseVector.RobloxKick.DialogTitle.Suspended.Hour,Roblox a suspendu ton accès à cette expérience pour 1 heure
Feature.UniversalFeatureRestrictions.AbuseVector.RobloxKick.DialogTitle.Suspended.Hours,Roblox a suspendu ton accès à cette expérience pour {number} heures
Feature.UniversalFeatureRestrictions.AbuseVector.RobloxKick.DialogTitle.Suspended.Minute,Roblox a suspendu ton accès à cette expérience pour 1 minute
Feature.UniversalFeatureRestrictions.AbuseVector.RobloxKick.DialogTitle.Suspended.Minutes,Roblox a suspendu ton accès à cette expérience pour {number} minutes
Feature.VerificationUpsell.Action.AddPhone,
Feature.VerificationUpsell.Action.AddPhoneVoice,Ajouter un téléphone pour le chat vocal
Feature.VerificationUpsell.Action.ChangeEmail,Changer d'email
Feature.VerificationUpsell.Action.ChangeNumber,Changer de numéro
Feature.VerificationUpsell.Action.ChangePhoneNumber,Changer le numéro de téléphone
Feature.VerificationUpsell.Action.CodeResent,
Feature.VerificationUpsell.Action.Continue,
Feature.VerificationUpsell.Action.ContinueLogOut,Continuer à te déconnecter
Feature.VerificationUpsell.Action.Edit,
Feature.VerificationUpsell.Action.EditPhoneNumber,Modifier le numéro de téléphone
Feature.VerificationUpsell.Action.EnableVoice,Activer le chat vocal
Feature.VerificationUpsell.Action.GenericSkip,
Feature.VerificationUpsell.Action.Logout,Déconnexion quand même
Feature.VerificationUpsell.Action.Next,
Feature.VerificationUpsell.Action.NotNow,
Feature.VerificationUpsell.Action.NotNow.2,
Feature.VerificationUpsell.Action.Ok,
Feature.VerificationUpsell.Action.PrivacyPolicy,
Feature.VerificationUpsell.Action.ResendCode,
Feature.VerificationUpsell.Action.ResendConfirmationEmail,Renvoyer l'e-mail
Feature.VerificationUpsell.Action.SendConfirmationEmail,Envoyer courriel de confirmation
Feature.VerificationUpsell.Action.TermsOfUse,
Feature.VerificationUpsell.Action.TurnOn,
Feature.VerificationUpsell.Action.UserEmail,Utiliser e-mail à la place
Feature.VerificationUpsell.Description.AddEmailTextOver13,"Pour continuer ton achat, ajoute ton adresse courriel."
Feature.VerificationUpsell.Description.AddEmailTextUnder13,"Pour continuer ton achat, demande à tes parents d'ajouter leur adresse courriel."
Feature.VerificationUpsell.Description.AddParentalEmail,"Ajoute un e-mail de récupération parental pour terminer la configuration de ton compte et t'assurer de ne pas perdre l'accès à ta progression dans le jeu, tes items ou tes Robux."
Feature.VerificationUpsell.Description.AddPhoneBody,Tu recevras un code de vérification unique par WhatsApp ou SMS. Les tarifs des messages et des données peuvent s'appliquer.
Feature.VerificationUpsell.Description.AddPhoneBodyVoice,
Feature.VerificationUpsell.Description.EnterPassword,Saisis ton mot de passe.
Feature.VerificationUpsell.Description.IDVerificationAddEmailText,"Avant de vérifier ton âge, saisir ton adresse électronique. Celle-ci sera ton moyen de récupération au cas où tu perdrais l'accès à ton compte."
Feature.VerificationUpsell.Description.LogoutAddEmailTextOver13,"Avant de te déconnecter, ajoute ton adresse e-mail afin de ne pas rester bloqué."
Feature.VerificationUpsell.Description.LogoutAddEmailTextUnder13,"Avant de te déconnecter, ajoute l'adresse e-mail de tes parents afin de ne pas être bloqué."
Feature.VerificationUpsell.Description.LogoutAddEmailTextUnder13V2,"Avant de vous déconnecter, ajouter une adresse e-mail de récupération parentale afin de ne pas être bloqué."
Feature.VerificationUpsell.Description.LogoutAddPhoneTextV2,"Ajoute un numéro de téléphone pour une récupération rapide du compte. Si tu sautes cette étape, tu risques de perdre l'accès à la progression du jeu, aux items et aux Robux."
Feature.VerificationUpsell.Description.LogoutAddPhoneTextV3,"Ajoutez un numéro de téléphone pour pouvoir récupérer rapidement votre compte. Votre numéro de téléphone vous aidera à vous connecter, à retrouver vos amis et plus encore."
Feature.VerificationUpsell.Description.PhoneNumberNeverPublic,Ton numéro de téléphone ne sera jamais affiché publiquement.
Feature.VerificationUpsell.Description.ShortCodeLegalDisclaimerUA,"En cliquant sur ""Continuer"", tu soumets ton numéro de téléphone et acceptes nos conditions d'utilisation SMS et notre politique de confidentialité. Nous t'enverrons un code de vérification unique. Des frais de messages et de données peuvent s'appliquer. Réponds HELP pour obtenir de l'aide."
Feature.VerificationUpsell.Description.VerificationCodeSmsFeesMayApply,
Feature.VerificationUpsell.Description.VerifyEmailBody,Clique sur le lien dans le courriel de confirmation que nous avons envoyé à {emailAddress}.
Feature.VerificationUpsell.Description.VoiceLegalConsent,"Je consens à ce que Roblox recueille, utilise et stocke mon enregistrement vocal pour permettre des services vocaux et pour la modération, la sécurité ainsi que l'amélioration des services de Roblox et outils."
Feature.VerificationUpsell.Description.VoiceLegalConsent2,
Feature.VerificationUpsell.Description.VoiceLegalDisclaimer,"En sélectionnant ""Activer le chat vocal"", j'accepte la collecte, l'utilisation de Roblox, et le stockage de mon enregistrement vocal pour permettre des services vocaux et pour la modération, la sécurité et l'amélioration des services de Roblox et outils."
Feature.VerificationUpsell.Description.VoiceLegalDisclaimer3,"En sélectionnant « Vérifier », je consens à ce que Roblox recueille, utilise et conserve des enregistrements de ma voix afin d'activer les services vocaux et à des fins de modération, de sécurité et d'amélioration des outils et services de Roblox."
Feature.VerificationUpsell.Heading.AddEmail,"Premièrement, vérifie ton compte"
Feature.VerificationUpsell.Heading.FinishAccountSetup,Terminer la configuration du compte
Feature.VerificationUpsell.Heading.PhoneNumberVerified,Numéro de téléphone vérifié !
Feature.VerificationUpsell.Heading.TryVoiceChat,Essayer le chat vocal
Feature.VerificationUpsell.Heading.VerificationCode,
Feature.VerificationUpsell.Heading.VerifiedSuccessfully.V2,Vérifié avec succès !
Feature.VerificationUpsell.Heading.VerifyEmail,Vérifie ton courriel
Feature.VerificationUpsell.Heading.VerifyOnLogout,Ne perds pas l'accès au compte.
Feature.VerificationUpsell.Heading.VerifyYourPhone,Vérifier ton téléphone
Feature.VerificationUpsell.Heading.VoiceChatEnabledMobile,Chat vocal activé ! Essaie maintenant dans une expérience.
Feature.VerificationUpsell.Heading.VoiceChatError,Téléphone ajouté ! Activer le Chat vocal dans Paramètres > Confidentialité > Microphone et Entrée Caméra.
Feature.VerificationUpsell.Heading.VoiceChatJoinFailed,Impossible de rejoindre le chat vocal pour le moment. Réessayer
Feature.VerificationUpsell.Heading.VoiceChatTurnedOn,Le chat vocal est activé
Feature.VerificationUpsell.Label.EmailInputPlaceholderOver13,Ton courriel
Feature.VerificationUpsell.Label.EmailInputPlaceholderUnder13,Le courriel de tes parents
Feature.VerificationUpsell.Label.EmailInputPlaceholderUnder13V2,E-mail de récupération parental
Feature.VerificationUpsell.Label.EnterCode,Entrer le code que nous venons d'envoyer au {phoneNumber}
Feature.VerificationUpsell.Label.PasswordInputPlaceholder,Vérifier le mot de passe du compte
Feature.VerificationUpsell.Label.PhoneNumber,
Feature.VerificationUpsell.Label.SixDigitCode,
Feature.VerificationUpsell.Label.VerifyPhoneNumber,Vérifier le numéro de téléphone
Feature.VerificationUpsell.Label.Verifying,En cours de vérification
Feature.VerificationUpsell.Message.Confirmation,Nous enverrons ton code de vérification par SMS au {phoneNumber}. Des frais de SMS peuvent s'appliquer.
Feature.VerificationUpsell.Message.InvalidEmailAddress,Adresse email invalide.
Feature.VerificationUpsell.Message.InvalidSmsCode,
Feature.VerificationUpsell.Message.WrongPassword,Mot de passe incorrect. Réessayer.
Feature.VerificationUpsell.Response.ErrorPhoneFormatInvalid,Le format de ce numéro de téléphone est invalide. Vérifier et réessayer.
Feature.VerificationUpsell.Response.ErrorTryAgain,Un problème est survenu. Réessayer plus tard.
Feature.VerificationUpsell.Response.InvalidPhoneNumberError,Ce numéro de téléphone ne peut pas être utilisé. Saisir un autre numéro de téléphone.
Feature.VerificationUpsell.Response.PhoneHasTooManyAssociatedAccounts,Tu as atteint le nombre maximum de comptes liés à un numéro de téléphone.
Feature.VerificationUpsell.Response.TooManyAttemptsTryAgainLater,
Feature.VirtualEvents.AttendanceBeforeEvent,
Feature.VirtualEvents.AttendanceDuringEvent,Participer maintenant
Feature.VirtualEvents.DescriptionLabel,
Feature.VirtualEvents.EnableNotificationsModalBody,"Reçois des mises à jour sur ces événements, même si tu n'es pas sur Roblox."
Feature.VirtualEvents.EnableNotificationsModalTitle,Notifications push d'événements
Feature.VirtualEvents.EventCancelledText,L'événement a été annulé.
Feature.VirtualEvents.EventNotFound,Événement non trouvé
Feature.VirtualEvents.EventsListTitle,
Feature.VirtualEvents.GetNotifiedButton,
Feature.VirtualEvents.GoHome,Retour à la maison
Feature.VirtualEvents.HostedByLabel,Organisé par
Feature.VirtualEvents.Join,
Feature.VirtualEvents.JoinEvent,Rejoindre l'événement
Feature.VirtualEvents.Label.Challenge,Défi
Feature.VirtualEvents.Label.DateAtTime,{date} à {time}
Feature.VirtualEvents.Label.EarlyAccess,Accès anticipé
Feature.VirtualEvents.Label.Ended,
Feature.VirtualEvents.Label.Expansion,Expansion
Feature.VirtualEvents.Label.Festival,Festival
Feature.VirtualEvents.Label.HappeningNow,
Feature.VirtualEvents.Label.InDays,Dans {number} jours
Feature.VirtualEvents.Label.ItemDrop,Baisse de l'item
Feature.VirtualEvents.Label.MoreLevels,Davantage de niveaux
Feature.VirtualEvents.Label.NewContent,Nouveau contenu
Feature.VirtualEvents.Label.NewFeature,Nouvelle fonctionnalité
Feature.VirtualEvents.Label.NewLocation,Nouvel emplacement
Feature.VirtualEvents.Label.NewMap,Nouvelle carte
Feature.VirtualEvents.Label.NewSeason,Nouvelle saison
Feature.VirtualEvents.Label.Quest,Quête
Feature.VirtualEvents.Label.Rating,Évaluation : {rating}
Feature.VirtualEvents.Label.ReminderSetForEventTime,Le rappel pour {eventName} est fixé à {eventTime}.
Feature.VirtualEvents.Label.StartsInHours,Dans {number} heures
Feature.VirtualEvents.Label.StartsInMinutes,Dans {number} min
Feature.VirtualEvents.Label.StartsInOneDay,Dans 1 jour
Feature.VirtualEvents.Label.StartsInOneHour,Dans 1 heure
Feature.VirtualEvents.Label.StartsNow,C'est maintenant !
Feature.VirtualEvents.NotNowButton,
Feature.VirtualEvents.NotifyMe,
Feature.VirtualEvents.ShareModalBody,Copie le lien ci-dessous pour inviter des personnes à cet événement ou partage l'événement dans le chat.
Feature.VirtualEvents.ShareModalCallToAction,Partager via le tchat...
Feature.VirtualEvents.ShareModalLinkCopy,
Feature.VirtualEvents.ShareModalTitle,Partager cet événement
Feature.VirtualEvents.UnfollowEvent,Ne plus suivre l'événement
Features.Transfers.Action.BuyRobux,
Features.Transfers.Action.Continue,
Features.Transfers.Action.Ok,
Features.Transfers.Action.TurnOnTwoStepVerification,Activer la vérification en deux étapes
Features.Transfers.Action.VPC.Ask,
Features.Transfers.Action.VPC.AskParentBodyReceive,"Pour accepter des Robux, il te faut une autorisation parentale."
Features.Transfers.Action.VPC.AskParentBodySend,"Pour envoyer des Robux, il te faut une autorisation parentale."
Features.Transfers.Action.VPC.AskParentTitle,
Features.Transfers.Body.DailyLimitExceededError,Tu as dépassé la limite quotidienne de Robux que tu peux envoyer. Reviens plus tard pour réessayer.
Features.Transfers.Body.DailyLimitTwoStepVerificationUpsell,Limite quotidienne d'envoi de Robux atteinte. Active la vérification en 2 étapes pour savoir si tu peux bénéficier d'une limite plus élevée.
Features.Transfers.Body.ExpiredTransferError,"En raison d'une période d'inactivité, les Robux envoyés par @{username} ont expiré."
Features.Transfers.Body.GenericReceiveError,Ton compte n'est actuellement pas en mesure d'accepter des Robux.
Features.Transfers.Body.GenericSentError,Une erreur s'est produite et les Robux n'ont pas été envoyés. Vérifie ta connexion et réessaye.
Features.Transfers.Body.MonthlyLimitExceededError,Tu as dépassé la limite mensuelle de Robux que tu peux envoyer. Reviens plus tard pour réessayer.
Features.Transfers.Body.MonthlyLimitTwoStepVerificationUpsell,Limite mensuelle d'envoi de Robux atteinte. Active la vérification en 2 étapes pour savoir si tu peux bénéficier d'une limite plus élevée.
Features.Transfers.Body.ReceiverLimitHitError,Cet utilisateur ne peut pas recevoir ce montant pour l'instant. Réduis ce montant ou réessaie plus tard.
Features.Transfers.Body.TransferAmountBelowMinimumError,Envoie {minAmount} Robux ou plus.
Features.Transfers.Body.TransferAmountExceedsMaximumError,Tu peux envoyer jusqu'à {maxAmount} Robux.
Features.Transfers.Body.UnableReceiveRobuxError,
Features.Transfers.Body.UnableSendRobuxError,Ton compte n'est actuellement pas en mesure d'envoyer des Robux.
Features.Transfers.Error.GreaterThanMaxAmount,Tu peux envoyer jusqu'à {amount} Robux.
Features.Transfers.Error.InsufficientBalance,Achète {amount} Robux pour finaliser cette transaction.
Features.Transfers.Error.LowerThanMinAmount,Envoie {amount} Robux ou plus.
Features.Transfers.Label.ConnectedDays,Connexion établie il y a {amount} jours
Features.Transfers.Label.ConnectedDaysSingular,Connexion établie il y a {amount} jour
Features.Transfers.Label.ConnectedMonths,Connexion établie il y a {amount} mois
Features.Transfers.Label.ConnectedMonthsSingular,
Features.Transfers.Label.ConnectedSince,Connexion établie il y a {year} ans
Features.Transfers.Notification.ReceiveSuccess,Tu as déjà accepté les Robux
Features.Transfers.RobuxTransfer.Action.Edit,
Features.Transfers.RobuxTransfer.Action.Next,
Features.Transfers.RobuxTransfer.Action.Send,
Features.Transfers.RobuxTransfer.Action.TryAgain,
Features.Transfers.RobuxTransfer.Disclaimer.AgeEstimationTransfer,"Pour pouvoir envoyer des Robux, tu dois faire vérifier ton âge ou obtenir l'autorisation de tes parents. Une fois l'envoi effectué, il ne peut plus être annulé."
Features.Transfers.RobuxTransfer.Error.ReceiverNotAllowed,@{username} ne peut pas recevoir de Robux pour le moment.
Features.Transfers.RobuxTransfer.Heading.SendRobux,Envoyer des Robux
Features.Transfers.RobuxTransfer.Label.JoinedInYear,Inscription en {year}
Features.Transfers.RobuxTransfer.Label.MutualConnection,{amount} amis en commun
Features.Transfers.RobuxTransfer.Label.MutualConnectionSingular,{amount} ami commun
Features.Transfers.RobuxTransfer.Label.NewConnection,
Features.Transfers.RobuxTransfer.Label.RecipientWillGet,Le destinataire recevra {amount} Robux après déduction des frais.
Features.Transfers.RobuxTransfer.Label.RecipientWillGetInApp,Le destinataire recevra {amount} Robux.
Features.Transfers.RobuxTransfer.Label.RecipientWillGetInGame,Le destinataire recevra {amount} Robux après déduction des frais. Les transferts dans le jeu comprennent des frais de créateur de {commissionPercentage} %.
Features.Transfers.RobuxTransfer.SentInstantNoFee,Les Robux sont envoyés instantanément sans frais
Features.Transfers.RobuxTransfers.Label.SuccessNotification,Tu as envoyé {amount} Robux
Features.Transfers.Title.UpsellSubscription,
Features.Transfers.Transfer.Block.RequireReceiverFAE,Vérifions ton âge pour que tu puisses accepter des Robux.
Features.Transfers.Transfer.Block.RequireSenderFAE,Fais vérifier ton âge pour pouvoir envoyer des Robux
Features.Transfers.Transfer.Body.RequireFAE,Cela sécurise l'envoi et la réception de Robux pour toi et pour les autres.
Features.Transfers.Transfers.Label.ReceivedNotification,Tu as reçu {amount} Robux
IAPExperience.BuyRobux.Alert.SuccessfulMessage,Tu as acheté des Robux avec succès !
IAPExperience.BuyRobux.Banner.Text,Robux te permet d'acheter des nouveautés pour ton avatar ou des fonctions spéciales dans des expériences
IAPExperience.BuyRobux.Banner.Title,Débloquer des Robux
IAPExperience.BuyRobux.Text.MoreRobux2,{robux} Plus de Robux
IAPExperience.InsufficientRobux.Action.BuyRobux,
IAPExperience.InsufficientRobux.Action.Cancel,
IAPExperience.InsufficientRobux.Action.RobuxStore,Aller à la boutique Robux
IAPExperience.InsufficientRobux.Text.BuyRobux,Acheter des {robux} pour acquérir cet item
IAPExperience.InsufficientRobux.Text.CurrentBalance,Solde actuel
IAPExperience.InsufficientRobux.Text.DontHaveEnough,Tu n'as pas assez de Robux pour acheter cet article.
IAPExperience.InsufficientRobux.Text.MissingRobux,Robux manquants
IAPExperience.InsufficientRobux.Text.YouNeed,Tu as besoin de {robux} supplémentaires. Achète plus de packages Robux puis reviens à l'expérience.
IAPExperience.InsufficientRobux.Title.InsufficientRobux,
IAPExperience.LeaveRoblox.Action.Cancel,
IAPExperience.LeaveRoblox.Action.Continue,
IAPExperience.LeaveRoblox.Text.ExternalWebsiteWarning,"En cliquant sur « Continuer », tu accéderas à un site Web qui n'est pas possédé ou exploité par Roblox. Ses conditions d'utilisation et sa politique de confidentialité peuvent différer."
IAPExperience.LeaveRoblox.Title.LeavingRoblox,
IAPExperience.Loading.Text.PurchasingItem,Achat de l'article...
IAPExperience.Loading.Text.PurchasingRobux,Achat de Robux...
IAPExperience.Loading.Text.WaitingForPurchase,En attente d'achat...
IAPExperience.Loading.Text.WaitingForRobux,En attente de l'attribution de Robux...
IAPExperience.PremiumUpsell.Action.Subscribe,
IAPExperience.PremiumUpsell.Body.RobuxDiscount,10% de bonus lors de l'achat de Robux
IAPExperience.PremiumUpsell.Label.AvatarShopBenefits,Accéder aux articles exclusifs et réduits dans la boutique avatar
IAPExperience.PremiumUpsell.Label.Disclosure,Abonne-toi pour <b>{currencySymbol}{price}/mois. Annule à tout moment.</b> Les conditions d'utilisation et la politique de confidentialité de Roblox s'appliquent.
IAPExperience.PremiumUpsell.Label.PremiumBenefitListDesc,Roblox Premium te donnera :
IAPExperience.PremiumUpsell.Label.PremiumOnlyBenefits,Accès aux avantages Premium uniquement
IAPExperience.PremiumUpsell.Label.PremiumPolicy,Renouvellement mensuel. Annuler à tout moment.
IAPExperience.PremiumUpsell.Label.PremiumPrice,<b>{currencySymbol}{price}</b>/mois
IAPExperience.PremiumUpsell.Label.RobloxPremium,Roblox Premium
IAPExperience.PremiumUpsell.Label.RobuxPerMonth,{robux} par mois
IAPExperience.PremiumUpsell.Label.ShortDisclosure,Les termes d'utilisation et la politique de vie privée de Roblox s'appliquent.
IAPExperience.PurchaseError.AlreadyPremium,"Il semble que le développeur essaie de t'inviter à acheter Roblox Premium, mais tu es déjà membre Premium !"
IAPExperience.PurchaseError.Text.AlreadyOwn,Tu possèdes déjà cet article. Ton compte n'a pas été débité.
IAPExperience.PurchaseError.Text.AlreadySubscribed,Vous pouvez gérer votre abonnement à partir de Paramètres > Abonnement.
IAPExperience.PurchaseError.Text.EconomicRestrictionPromptTitle,Impossible de terminer cette action
IAPExperience.PurchaseError.Text.EconomicRestrictionsDays,Tu ne peux pas effectuer cet achat en raison de la violation : {violation}. Merci de réessayer dans {day} jours.
IAPExperience.PurchaseError.Text.EconomicRestrictionsDaysGeneral,Tu ne peux pas entreprendre cette action en raison de la violation : {violation}. Tu pourras réessayer dans {day} jours.
IAPExperience.PurchaseError.Text.EconomicRestrictionsHours,Tu ne peux pas effectuer cet achat en raison de la violation : {violation}. Merci de réessayer dans {hour} heures.
IAPExperience.PurchaseError.Text.EconomicRestrictionsHoursGeneral,Tu ne peux pas entreprendre cette action en raison de la violation : {violation}. Tu pourras réessayer dans {hour} heures.
IAPExperience.PurchaseError.Text.FailedGrant,"Ton paiement a été reçu, mais tu n'as pas encore reçu tes Robux. Réessayer plus tard."
IAPExperience.PurchaseError.Text.FailedGrantUnknown,L'achat de ton article n'a pas abouti et les Robux n'ont pas été déduits de votre compte. Réessaie plus tard.
IAPExperience.PurchaseError.Text.FailedRobuxPurchase,Ton achat a échoué et tu n'as pas été débité. Réessayer.
IAPExperience.PurchaseError.Text.Limited,Cet article limité n'a plus d'exemplaires. Ton compte n'a pas été débité.
IAPExperience.PurchaseError.Text.NotEnoughRobux,Cet article coûte plus de Robux qu'il n'en est disponible pour un achat. Quitte cette expérience et va sur l'écran des Robux pour en acheter davantage.
IAPExperience.PurchaseError.Text.NotForSale,Cet article n'est pas à vendre en ce moment. Ton compte n'a pas été débité.
IAPExperience.PurchaseError.Text.NotForSaleExperience,
IAPExperience.PurchaseError.Text.Ok,
IAPExperience.PurchaseError.Text.ParentalLimit,"Ta transaction ne peut pas être complétée en raison de la limite mensuelle d'achat définie par le parent du propriétaire du compte. Tu ne seras pas en mesure de faire un nouvel achat avant le mois prochain, à moins que les paramètres du contrôle parental ne soient modifiés."
IAPExperience.PurchaseError.Text.ParentalRestrictionSubscription,Les abonnements ne sont pas disponibles pour les comptes avec des restrictions mensuelles de dépenses
IAPExperience.PurchaseError.Text.PremiumOnly,Tu dois avoir Roblox Premium pour pouvoir acheter cet article.
IAPExperience.PurchaseError.Text.PremiumPlatformUnavailable,L'achat de Roblox Premium n'est pas pris en charge sur ta plateforme. Utiliser ton bureau pour acheter Premium.
IAPExperience.PurchaseError.Text.PurchaseLimit,"Ta transaction ne peut être effectuée car tu as atteint une limite d'achat. Réessaie ta transaction dans les 24 à 72 heures. En cas d'échec, tu dois peut-être attendre le mois prochain pour effectuer un nouvel achat. Les limites d'achat ne peuvent être ni modifiées ni supprimées."
IAPExperience.PurchaseError.Text.RestrictedUser,Tu ne peux pas accéder au contenu de cette expérience.
IAPExperience.PurchaseError.Text.SubscriptionNotForSale,Cet abonnement ne peut pas être acheté pour le moment
IAPExperience.PurchaseError.Text.SubscriptionUnsupportedLocale,Cet abonnement n'est pas disponible dans ton pays en ce moment
IAPExperience.PurchaseError.Text.SubscriptionUnsupportedPlatform,Cet abonnement ne peut pas être acheté ici
IAPExperience.PurchaseError.Text.ThirdPartyDisabled,La vente d'articles tiers a été désactivée pour cet emplacement. Ton compte n'a pas été débité.
IAPExperience.PurchaseError.Text.Under13,Ton compte est pour quelqu'un de moins de 13 ans. L'achat de cet article n'est pas autorisé. Ton compte n'a pas été débité.
IAPExperience.PurchaseError.Text.UnknownError,Ton achat a échoué parce que quelque chose n'a pas fonctionné. Ton compte n'a pas été débité. Réessayer plus tard.
IAPExperience.PurchaseError.Text.VpcRequired,"Tu peux t'abonner à partir de la page Passes et abonnements ou de la page Boutique de cette expérience, avec l'aide d'un parent."
IAPExperience.PurchaseError.Title.AlreadySubscribed,Déjà abonné
IAPExperience.PurchaseError.Title.CantSubscribe,Impossible de s'abonner
IAPExperience.PurchaseError.Title.Error,
IAPExperience.PurchaseError.Title.RobuxPurchaseFailed,Impossible d'obtenir des Robux
IAPExperience.PurchasePrompt.Action.Buy,
IAPExperience.PurchasePrompt.Action.Cancel,
IAPExperience.PurchasePrompt.Body.PurchaseCompleted,Vous avez acheté : {ITEM_NAME}.
IAPExperience.PurchasePrompt.Body.PurchaseItemsSuccess,Vous avez acheté vos objets.
IAPExperience.PurchasePrompt.BuyRobuxAndExperience,Acheter des Robux et de l'expérience
IAPExperience.PurchasePrompt.BuyRobuxAndSubscription,Acheter des Robux et un abonnement
IAPExperience.PurchasePrompt.Header.BuyAvatar,
IAPExperience.PurchasePrompt.Header.BuyRobuxAndAvatar,Achète des Robux et un avatar
IAPExperience.PurchasePrompt.Label.BlackbirdDiscount,Avantage Plus (-{discountPercentage} %)
IAPExperience.PurchasePrompt.Label.BlackbirdDiscountNoPercent,Avantage Roblox Plus
IAPExperience.PurchasePrompt.Label.BlackbirdSummary,Économise {savingsAmount} {robuxIcon} avec Roblox Plus
IAPExperience.PurchasePrompt.Label.GenericDiscount,Réduction (- {discountPercentage} %)
IAPExperience.PurchasePrompt.Label.GenericDiscountNoPercent,Réduction
IAPExperience.PurchasePrompt.Label.Subtotal,Sous-total
IAPExperience.PurchasePrompt.Label.SubtotalWithItemCount,Sous-total ({itemCount} items)
IAPExperience.PurchasePrompt.Label.Total,
IAPExperience.PurchasePrompt.Label.TotalPriceV2,Prix total
IAPExperience.PurchasePrompt.Text.BuyItemQuestion,Veux-tu faire une offre {name} ?
IAPExperience.PurchasePrompt.Text.BuyItemQuestionIncludingWarning,"Modère ton divertissement et fais-en une consommation raisonnable. Veux-tu acheter ""{name}"" ?"
IAPExperience.PurchasePrompt.Text.Loading,
IAPExperience.PurchasePrompt.Text.RemainingBalance,Votre solde après cette transaction sera de
IAPExperience.PurchasePrompt.Text.RemainingBalanceV2,Ton solde après cette transaction sera de {robux}
IAPExperience.PurchasePrompt.Text.TestPurchase,Ceci est un achat test ; ton compte ne sera pas débité.
IAPExperience.PurchasePrompt.Title.BuyExperience,Acheter de l'expérience
IAPExperience.PurchasePrompt.Title.BuyGamepass,Acheter un Gamepass
IAPExperience.PurchasePrompt.Title.BuyItem,
IAPExperience.PurchasePrompt.Title.BuyItemV2,Acheter un item
IAPExperience.PurchasePrompt.Title.BuyItems,Acheter des objets
IAPExperience.PurchasePrompt.Title.BuyRobuxAndItem,Acheter des Robux et des items
IAPExperience.PurchasePrompt.Title.BuyRobuxAndItems,Acheter des Robux et des objets
IAPExperience.PurchasePrompt.Title.BuyRobuxOnly,
IAPExperience.PurchasePrompt.Title.PurchaseCompleted,
IAPExperience.PurchaseSuccess.Action.BackToGame,Retour au jeu
IAPExperience.PurchaseSuccess.Action.BackToShop,
IAPExperience.PurchaseSuccess.Action.Equip,Équiper mon avatar
IAPExperience.PurchaseSuccess.Text.BalanceNow,Ton solde est désormais de {robux}.
IAPExperience.PurchaseSuccess.Text.YouOwn,Maintenant tu possèdes {name} !
IAPExperience.PurchaseSuccess.Title.PurchaseSucceeded,Achat réussi
IAPExperience.RobuxUpsell.Action.BuyRobux,
IAPExperience.RobuxUpsell.Action.BuyRobuxAndItem,Acheter Robux et Article
IAPExperience.RobuxUpsell.Action.Cancel,
IAPExperience.RobuxUpsell.Text.AdditionalRobux,Tu as besoin de {robux} supplémentaires.
IAPExperience.RobuxUpsell.Text.BestValue,Bon plan
IAPExperience.RobuxUpsell.Text.BetterValue,Meilleur prix
IAPExperience.RobuxUpsell.Text.Bonus,Bonus
IAPExperience.RobuxUpsell.Text.BonusBannerInfo,"Les achats sur ordinateur, Web et de cartes-cadeaux permettent d'obtenir jusqu'à 25 % de Robux en plus à chaque achat"
IAPExperience.RobuxUpsell.Text.BonusBannerV1,🎉 Bonus {robux} inclus pour l'achat sur votre ordinateur!
IAPExperience.RobuxUpsell.Text.BuyRobuxQuestion,Souhaites-tu acheter
IAPExperience.RobuxUpsell.Text.DisclosurePayment,Le paiement sera débité.
IAPExperience.RobuxUpsell.Text.DisclosureTerms,Les conditions d'utilisation de Roblox s'appliquent.
IAPExperience.RobuxUpsell.Text.DisclosureTermsURL,Les {termsofuse} Roblox s'appliquent.
IAPExperience.RobuxUpsell.Text.ForYou,
IAPExperience.RobuxUpsell.Text.LastPurchased,Dernier achat
IAPExperience.RobuxUpsell.Text.Loading,
IAPExperience.RobuxUpsell.Text.MoreRobux,"Plus de Robux, même prix"
IAPExperience.RobuxUpsell.Text.NeedMoreRobux,Il vous faut plus de Robux
IAPExperience.RobuxUpsell.Text.PopularItem,
IAPExperience.RobuxUpsell.Text.PurchaseNotAvailableOnHeadSet,L'achat de Robux n'est pas encore pris en charge par les appareils à casque. Essayer sur un autre appareil.
IAPExperience.RobuxUpsell.Text.RemainingBalance,Les {robux} restants seront crédités sur ton compte.
IAPExperience.RobuxUpsell.Text.TermsOfUse,
IAPExperience.RobuxUpsell.Text.VNGDisclosureTerms,Les termes d'utilisation de Roblox-VNG s'appliquent.
IAPExperience.RobuxUpsell.Text.VNGDisclosureTermsURL,Les {termsofuse} Roblox-VNG s'appliquent.
IAPExperience.RobuxUpsell.Text.WouldYouBuy,Veux-tu acheter un package de {robux} ?
IAPExperience.RobuxUpsell.Title.InsufficientFunds,
IAPExperience.RobuxUpsell.Title.InsufficientRobux,
IAPExperience.SubscriptionPurchasePrompt.Label.GetSubscription,Souscrire un abonnement
IAPExperience.SubscriptionPurchasePrompt.Label.TestFlowDisclaimer,Cette boîte de dialogue est un aperçu te montrant comment tes utilisateurs verront la description de ton abonnement. Tu ne seras pas facturé si tu cliques sur S'abonner.
IAPExperience.U13Confirm.Action.Cancel,
IAPExperience.U13Confirm.Action.Confirm,
IAPExperience.U13Confirm.Text.ParentalConsentWarningPaymentModal13To17,J'accepte d'être le parent ou le tuteur légal du propriétaire du compte. J'autorise cet achat et j'accepte les conditions d'utilisation.
IAPExperience.U13Confirm.Text.U13MonthlyThreshold1Modal,Tu as beaucoup dépensé sur Roblox ce mois-ci. Veux-tu continuer ? Cet achat implique l'échange d'argent réel. Tu dois être le parent ou le tuteur légal du propriétaire du compte pour autoriser cet achat.
IAPExperience.U13Confirm.Text.U13MonthlyThreshold2Modal,Tu as beaucoup dépensé sur Roblox ce mois-ci. Des reçus seront envoyés à l'adresse électronique parentale vérifiée sur ce compte pour cet achat et tous les achats ultérieurs. 
IAPExperience.U13Confirm.Text.U13PaymentModal,Cet achat implique l'échange d'argent réel. Je certifie avoir au moins 18 ans et être le parent ou le tuteur légal du propriétaire du compte. J'autorise cet achat et j'accepte les conditions d'utilisation.
IAPExperience.U13Confirm.Title.Warning,Attention !
InGame.CommonUI.Button.KeepPlaying,
InGame.CommonUI.Button.Retry,Réessaye
InGame.CommonUI.Label.FAQWebviewTitle,FAQ sur les voix
InGame.ConnectionError.Action.JoinNewServer,Rejoins un nouveau serveur
InGame.ConnectionError.Action.JoinTheLine,Rejoins la file d'attente
InGame.ConnectionError.Action.Restart,Redémarrer
InGame.ConnectionError.Description.DontWantToWait,Tu ne veux pas attendre ?
InGame.ConnectionError.Description.FriendsServerIsFullJoiningNewServer,Le serveur de ton ami est complet. Connexion à un nouveau serveur…
InGame.ConnectionError.Description.FriendsServerIsFullWaitingToJoin,Le serveur de ton ami est complet. Connexion en attente…
InGame.ConnectionError.Description.WantToJoinYourFriend,Tu veux rejoindre ton ami ?
InGame.ConnectionError.Heading.VRDisconnected,Casque déconnecté
InGame.ConnectionError.Joining,Connexion au serveur
InGame.ConnectionError.Message.RestartApp,"Pour continuer à jouer, redémarrer l'application."
InGame.ConnectionError.PlacelaunchGameEnded,"Cette expérience est terminée, ou le serveur est devenu indisponible de façon inattendue à cause d'une erreur système"
InGame.ConnectionError.PlacelaunchHttpError,Une erreur Http s'est produite. Veuillez fermer le client et réessayer.
InGame.ConnectionError.Queue,Votre position en ligne : {POSITION}
InGame.EmotesMenu.ErrorMessageAnimationPlaying,Tu ne peux pas jouer à Emotes pendant cette action.
InGame.EmotesMenu.ErrorMessageNotSupported,Tu ne peux pas utiliser les Emotes ici.
InGame.EmotesMenu.ErrorMessageSwitchToR15,Passe à ton avatar R15 pour jouer à Emote.
InGame.EmotesMenu.ErrorMessageTemporarilyUnavailable,Tu ne peux pas utiliser d'Emote maintenant.
InGame.InspectMenu.Action.Cancel,
InGame.InspectMenu.Action.Confirm,
InGame.InspectMenu.Action.LimitReached,Limite d'items atteinte
InGame.InspectMenu.Action.SoldOut,
InGame.InspectMenu.Action.TryOn,Essaie
InGame.InspectMenu.Label.Avatar,L'avatar de {PLAYER_NAME}
InGame.InspectMenu.Label.OwnedItems,Items possédés ({QUANTITY})
InGame.InspectMenu.Label.VerifiedAvatar,L'avatar de {PLAYER_NAME} {VERIFIED_BADGE}
InGame.UnknownNamespace.GameChat.FriendChatNotifier.JoinMessage,Ton ami(e) {RBX_NAME} a rejoint l'expérience.
InGame.UnknownNamespace.GameChat_ChatCommandsTeller_MuteCommand,/mute <interlocuteur> : bâillonne un interlocuteur.
InGame.UnknownNamespace.GameChat_ChatCommandsTeller_TeamCommand,/team <message> ou /t <message> : envoyer un message aux personnes de ton équipe.
InGame.UnknownNamespace.GameChat_ChatCommandsTeller_UnMuteCommand,/unmute <interlocuteur> : retire le bâillon d'un interlocuteur.
InGame.UnknownNamespace.GameChat_ChatCommandsTeller_WhisperCommand,/whisper <interlocuteur> ou /w <interlocuteur> : ouvre un canal de discussion privé avec l'interlocuteur.
InGame.UnknownNamespace.GameChat_FriendChatNotifier_JoinMessage,Ta connexion {RBX_NAME} a rejoint l’expérience.
InGame.UnknownNamespace.GameChat_PrivateMessaging_CannotWhisperToSelf,Vous ne pouvez pas murmurer à votre propre oreille.
InGame.UnknownNamespace.GameChat_TeamChat_NowInTeam,Vous êtes désormais dans l'équipe {RBX_NAME}.
InstantApps.Shortcuts.Label.AddToHomeMenuItem,Ajouter à l'écran d'accueil
Luobu.Authentication.Login.Label.AntiAddictionText,S. O.
Luobu.Authentication.Login.Label.NetworkLicense,
Luobu.Authentication.Message.UnknownErrorTryAgain,Une erreur inconnue s'est produite. Essayez de redémarrer l'application.
Luobu.Authentication.UserAgreementsPrompt.BodyText.Part1,
Luobu.Authentication.UserAgreementsPrompt.BodyText.Part2,
Luobu.Authentication.UserAgreementsPrompt.Button.Consent,
Luobu.Authentication.UserAgreementsPrompt.Button.Dissent,
Luobu.Authentication.UserAgreementsPrompt.Permissions.Camera.Description,
Luobu.Authentication.UserAgreementsPrompt.Permissions.Camera.Title,
Luobu.Authentication.UserAgreementsPrompt.Permissions.Description,
Luobu.Authentication.UserAgreementsPrompt.Permissions.Network.Description,
Luobu.Authentication.UserAgreementsPrompt.Permissions.Network.Title,
Luobu.Authentication.UserAgreementsPrompt.Permissions.Storage.Description,
Luobu.Authentication.UserAgreementsPrompt.Permissions.Storage.Title,
Luobu.Authentication.UserAgreementsPrompt.Title,
Luobu.Authentication.UserAgreementsSecondPrompt.BodyText.Part1,
Luobu.Authentication.UserAgreementsSecondPrompt.BodyText.Part2,N/A
Luobu.Authentication.UserAgreementsSecondPrompt.Button.Acknowledge,
Luobu.Authentication.UserAgreementsSecondPrompt.Title,
MobilePlatform.TutorialUpsell.Action.BeginTutorial,Démarrer le tutoriel
MobilePlatform.TutorialUpsell.Action.Skip,
MobilePlatform.TutorialUpsell.Label.StartWithATutorial,Commencer par un tutoriel
MobilePlatform.TutorialUpsell.Label.TutorialDescription,"Apprendre à naviguer sur la plateforme, étape par étape."
Notifications.DesktopPushNotificationPrompts.Action.OK,
Notifications.DesktopPushNotificationPrompts.Description.EnablePrompt,Active les notifications pour recevoir des informations et des messages de tes amis. Tu peux modifier cette option quand tu veux dans les paramètres.
Notifications.DesktopPushNotificationPrompts.Description.MenuBarPrompt,Roblox se lance au démarrage de ton appareil et reste dans la barre de menus une fois fermé. Tu peux modifier ce comportement à tout moment dans les Paramètres.
Notifications.DesktopPushNotificationPrompts.Description.SystemTrayPrompt,Roblox se lance quand tu allumes ton appareil et reste dans la barre d'état quand tu le fermes. Tu peux modifier cette option quand tu veux dans les paramètres.
Notifications.DesktopPushNotificationPrompts.Heading.EnablePrompt,Maintenir la connexion en arrière-plan
Notifications.DesktopPushNotificationPrompts.Heading.SystemTrayPrompt,Pour ouvrir Roblox en un clic
Notifications.DesktopPushNotificationPrompts.Label.GetNotifications,Recevoir des notifications
Notifications.NotificationStream.Bundle.ShowLess,Afficher moins
Notifications.NotificationStream.Bundle.ShowMoreV2,{notificationCount} de plus
Notifications.NotificationStream.Label.AllCaughtUp,Tu es à jour !
Notifications.NotificationStream.Label.Notifications,
Notifications.SafetyAvatarModeration.Description.NotificationTypeInExpWarnMsg,
Notifications.SafetyAvatarModeration.Label.NotificationTypeInExpWarn,
Notifications.SquadRegroupPrompt.ToastAction.Dismiss,
Notifications.SquadRegroupPrompt.ToastAction.Join,
Notifications.SquadRegroupPrompt.ToastLabel.ContinuePlayingTogether,Continue à jouer à plusieurs
Notifications.SquadRegroupPrompt.ToastLabel.JoinANewServer,
Notifications.ToastNotifications.Label.LeaveExperienceConfirmation,Es-tu sûr de vouloir partir et participer à une autre expérience ?
Notifications.ToastNotifications.Title.LeavingExperience,Quitter l'expérience
PlayerFeedbacks.VoteForm.Message.Action.Report,
PlayerFeedbacks.VoteForm.Message.MaxLengthCharacters,Utiliser moins de {count} caractères.
PlayerFeedbacks.VoteForm.Message.MinLengthCharacters,Utiliser plus de {count} caractères.
PlayerFeedbacks.VoteForm.Message.ReportAbuseInsteadLong,Y a-t-il eu un problème de sécurité ? <u>Signaler un abus ici</u>.
PlayerFeedbacks.VoteForm.Message.SubmitSuccess,Merci pour tes commentaires !
PlayerFeedbacks.VoteForm.PromptBanner.GiveFeedbackButton,
PlayerFeedbacks.VoteForm.PromptBanner.Message,Ta réponse sera partagée anonymement avec le créateur
PlayerFeedbacks.VoteForm.PromptBanner.Title,Aider à améliorer cette expérience
PlayerFeedbacks.VoteForm.PromptBanner.TitleOnly,Aidez le créateur à améliorer cette expérience
Purchasing.PurchaseDialog.Heading.PendingDeveloperProductLimitReached,Achat impossible
Purchasing.PurchaseDialog.Message.PendingDeveloperProductLimitReached,Participe à l'expérience pour convertir tes achats précédents avant d'acheter d'autres produits.
Purchasing.PurchaseDialog.Message.PendingDeveloperProductOnHome,Rejoins-nous pour activer ton achat
Purchasing.RobloxProducts.Label.RobuxBalance,Solde : {var1} Robux
Roblox.ReferralRewards.AdditionalCreatorTerms,Termes supplémentaires du créateur
Roblox.ReferralRewards.Expires,Expire
Roblox.ReferralRewards.ReferralProgramTerms,Conditions du programme de parrainage
Roblox.ReferralRewards.RewardBannerBody,"Invite un ami, et {gameName} te donnera {rewardName}. Les conditions s'appliquent."
Roblox.ReferralRewards.RewardBannerHeader,Obtiens {rewardName}!
Roblox.ReferralRewards.RewardBannerModalCreatorSupport,"Cette récompense est fournie par {creatorName}, merci de contacter directement le créateur pour obtenir de l'aide et poser des questions."
Roblox.ReferralRewards.RewardBannerModalRewardDetails,Détails de la récompense
Roblox.ReferralRewards.RewardBannerModalTitle,Récompense de parrainage de vos amis
Search.GlobalSearch.Action.LoadMore,
Search.GlobalSearch.Example.SearchCatalog,Rechercher dans le catalogue
Search.GlobalSearch.Example.SearchGames,
Search.GlobalSearch.Example.SearchMarketplace,Rechercher sur le marketplace
Search.GlobalSearch.TopResultsLabel,
Verification.Identity.Action.SkipVoiceChat,Rejoindre sans chat vocal
Verification.Identity.Heading.LetsChat,Bavardons !
Verification.Identity.Heading.V2LetsChat,On peut chatter
Verification.Identity.Heading.YourNewWayToChat,Ta nouvelle façon de chatter !
Verification.Identity.Label.AgeVerifyPrompt,Vérifie ton âge pour profiter au maximum de Roblox !
Verification.Identity.Label.ConnectingToMobile,Connexion à votre mobile
Verification.Identity.Label.DontShowAgain,
Verification.Identity.Label.EnableChatWithVoice,Active ton microphone pour chatter avec ta voix dans cette expérience.
Verification.Identity.Label.EnableMicrophone,Activer le microphone
Verification.Identity.Label.EnableVoiceChat,
Verification.Identity.Label.EnableVoiceChat1,Activer le chat vocal pour parler avec les autres dans cette expérience.
Verification.Identity.Label.EnableVoiceChat2,Suis nos <b>Normes Communautaires</b> lorsque tu parles et signale un abus si tu l'entends.
Verification.Identity.Label.HavingTroubleScanCode,Tu rencontres des difficultés ? Scanne le code QR ci-dessus pour relancer le processus de vérification.
Verification.Identity.Label.JoinWithoutMicrophone,Rejoindre sans microphone
Verification.Identity.Label.LearnMoreAboutVoiceRecording,En savoir plus sur l'enregistrement vocal
Verification.Identity.Label.PleaseDoNotClose,Ne pas fermer cette fenêtre avant la fin du processus de vérification.
Verification.Identity.Label.UpdatingRoblox,Mise à jour de ton profil Roblox
Verification.Identity.Label.UsesVoiceChat,Cette expérience utilise le chat vocal. Activer le chat vocal utilisera ton entrée de microphone dans les expériences activées par la voix.
Verification.Identity.Label.V2ClickToConsent,"Je consens à ce que Roblox recueille, utilise et stocke mon enregistrement vocal pour permettre des services vocaux et pour la modération, la sécurité ainsi que l'amélioration de nos services et outils."
Verification.Identity.Label.V2EnableVoiceChat,Activer le chat avec la voix
Verification.Identity.Label.V2EnableVoiceChat1,Active le chat avec la voix pour parler avec les autres dans cette expérience.
Verification.Identity.Label.V2JoinWithout,Rejoindre sans chat avec la voix
Verification.Identity.Label.VerificationWaitingForResults,En attente des résultats
Verification.Identity.Label.VerifyInBrowser,Compléter le processus de vérification sur ton navigateur mobile pour continuer.
Verification.Identity.Label.VerifyingYou,Vérification de ton identité
Verification.Identity.Label.VoiceCollectionConsent,"En cliquant sur Activer, je consens à ce que Roblox collecte, utilise et stocke mon enregistrement vocal à des fins de modération, de sécurité et de qualité et pour l'amélioration des outils de traitement audio et de sécurité."
Verification.Identity.Label.VoiceCollectionConsent2,
Xbox.Old.ActiveUserLostConnectionPhrase,"L'utilisateur %s a été déconnecté, appuie sur la touche A de la manette avec laquelle tu souhaites continuer."
Xbox.Old.ActiveUserLostConnectionTitle,Utilisateur actif désactivé
Xbox.Old.AlertOccurredTitle,Une alerte est survenue
Xbox.Old.CPPWelcomePhrase,"Tu peux maintenant utiliser Roblox sur Xbox One avec d'autres personnes sur toutes les plateformes, y compris les ordinateurs de bureau, les téléphones et les tablettes !

Cela signifie que tu verras plus de personnes et que tu pourras partir en exploration avec tes amis, quel que soit l'appareil qu'ils utilisent ! Cette option peut être mise à jour dans les paramètres du compte."
Xbox.Old.CPPWelcomeTitle,Bienvenue sur le jeu inter-plateforme !
Xbox.Old.ControllerLostConnectionPhrase,"La manette de l'utilisateur %s a été déconnectée, veuillez appuyer sur la touche A de la manette avec laquelle vous souhaitez continuer."
Xbox.Old.ControllerLostConnectionTitle,Manette introuvable
Xbox.Old.DefaultAlertPhrase,Impossible de se connecter à Roblox. Réessayer plus tard.
Xbox.Old.PlatformLinkInfoMessage,Nous avons créé un nouveau compte Roblox pour toi. Tous les progrès de l'expérience et les achats seront sauvegardés sur ce compte Roblox. Tu pourras maintenant te connecter sur n'importe quelle plateforme et continuer là où tu te seras arrêté !
Xbox.Old.PlatformLinkInfoTitle,Bienvenue à Roblox !
Xbox.Old.PlayMyPlaceMoreGamesPhrase,Connecte-toi sur Roblox.com pour créer d'autres expériences et modifier tes créations existantes !
Xbox.Old.PlayMyPlaceMoreGamesTitle,Mes expériences
Xbox.Old.ReauthInvalidSessionPhrase,Tu as été déconnecté de toutes les sessions actuelles de Roblox.
Xbox.Old.ReauthMaintenancePhrase,Maintenance en cours. Nous devrons être de retour sous peu.
Xbox.Old.ReauthMaintenanceTitle,En cours de maintenance
Xbox.Old.ReauthRemovedPhrase,Nous avons détecté un changement de l'utilisateur actif. Tu dois te reconnecter.
Xbox.Old.ReauthRemovedTitle,Changement d'utilisateur
Xbox.Old.ReauthSignedOutPhrase,Tu es déconnecté de ton compte Xbox Live. Connecte-toi pour continuer.
Xbox.Old.ReauthSignedOutTitle,
Xbox.Old.ReauthUnknownPhrase,Une erreur s'est produite et tu as été déconnecté(e). Reconnecte-toi pour poursuivre ta visite.
Xbox.Old.ReauthUnlinkPhrase,Tu as supprimé le lien de ton compte Roblox avec succès. Tu peux maintenant choisir de te reconnecter ou de créer un nouveau compte Roblox en t'inscrivant.
Xbox.Old.ReauthUnlinkTitle,Lien du compte supprimé
Xbox.Old.ResizeScreenInputHint,Redimensionner l'écran
Xbox.Old.ResizeScreenPrompt,Utiliser le stick analogique droit pour ajuster les bords de la case blanche jusqu'à ce qu'elle dépasse à peine de l'écran
Xbox.Old.ScreenSizeWord,Taille d'écran
Xbox.Old.UnlockedUGCPhrase,"Maintenant que tu as visité 5 expériences vedettes, tu peux accéder à la sélection complète d'expériences créées par des membres de la communauté comme toi !

Rends toi sur l'écran Découvrir pour voir toutes les nouvelles expériences que tu as débloquées !"
Xbox.Old.UnlockedUGCTitle,Toute l'expérience débloquée !
