Key,Value
AccountIdentity.AgeCheck.Label.AgeBandOver13,13歳以上
AccountIdentity.AgeCheck.Label.AgeBandOver13Checked,年齢チェック済み 13歳以上
AccountIdentity.AgeCheck.Label.AgeBandOver18,18歳以上
AccountIdentity.AgeCheck.Label.AgeBandOver18Checked,年齢チェック済み 18歳以上
AccountIdentity.AgeCheck.Label.AgeBandUnder13,13歳未満
AccountIdentity.AgeCheck.Label.AgeGroup13To15,13～15歳
AccountIdentity.AgeCheck.Label.AgeGroup16To17,16～17歳
AccountIdentity.AgeCheck.Label.AgeGroup18To20,18～20歳
AccountIdentity.AgeCheck.Label.AgeGroup18To24,18～24歳
AccountIdentity.AgeCheck.Label.AgeGroup9To12,9～12歳
AccountIdentity.AgeCheck.Label.AgeGroupOver21,21歳以上
AccountIdentity.AgeCheck.Label.AgeGroupOver25,25歳以上
AccountIdentity.AgeCheck.Label.AgeGroupUnder9,5～8歳
Amp.AccountSettingsUpsell.Email.Button.Cancel,キャンセル
Amp.AccountSettingsUpsell.Email.Button.Settings,設定
Amp.AccountSettingsUpsell.Email.Modal.ContentText,"この機能にアクセスするにはメールアドレスの確認をしてください。

1. 「設定」の「アカウント情報」へ
2. 「メールアドレスを追加」を選択
3. 手続きを完了する
"
Amp.AccountSettingsUpsell.Email.Modal.Title,メールアドレスの確認が必要です
Amp.AccountSettingsUpsell.Phone.Button.Cancel,
Amp.AccountSettingsUpsell.Phone.Button.Settings,
Amp.AccountSettingsUpsell.Phone.Modal.ContentText,"この仮想空間にアクセスするには電話番号を確認してください。

1. 「設定」の「アカウント情報」へ
2. 「電話番号を追加」を選択
3. 手続きを完了する"
Amp.AccountSettingsUpsell.Phone.Modal.Title,電話番号の確認が必要です
Amp.ErrorScreen.BodyText,アクセス状態を取得できませんでした
Amp.ErrorScreen.Cancel,
Amp.ErrorScreen.Retry,再試行
Amp.ErrorScreen.Title,何らかの問題が発生しました。
Amp.ErrorScreen.UserMismatchBody,このQRコードは別のアカウント用です。続行するには、アカウントを切り替えて再度スキャンしてください。
Amp.ErrorScreen.UserMismatchTitle,アカウントが正しくありません
Amp.FAEUpsell.Modal.ExternalLink.ButtonCancel,
Amp.FAEUpsell.Modal.ExternalLink.ButtonStart,続ける
Amp.FAEUpsell.Modal.ExternalLink.Text,伏字フィルタ処理なしのチャットとパーティボイスを使用できるようにするには年齢チェックをしてください。
Amp.FAEUpsell.Modal.ExternalLink.Title,年齢チェックが必要です
Amp.FAEUpsell.Modal.Failed.ButtonClose,閉じる
Amp.FAEUpsell.Modal.Failed.ButtonRetry,やり直す
Amp.FAEUpsell.Modal.Failed.Text,問題が発生しました。後でもう一度お試しください。
Amp.FAEUpsell.Modal.Failed.Title,年齢チェックエラー
Amp.FAEUpsell.Modal.Loading.ButtonCancel,
Amp.FAEUpsell.Modal.Loading.Text,しばらくお待ちください。キャンセルすると、年齢を確認できない可能性があります。
Amp.FAEUpsell.Modal.Loading.Title,年齢をチェックしています
Amp.FAEUpsell.Modal.QRCode.Description,年齢チェックを完了すると、より多くのゲームや機能が利用可能になります。お使いのスマホかタブレットでこのQRコードをスキャンしてください。
Amp.FAEUpsell.Modal.QRCode.Footer,スキャンできない場合は、お使いのモバイルデバイスにRobloxアプリをダウンロードし、[設定] > [アカウント情報]に移動してください
Amp.FAEUpsell.Modal.QRCode.Title,モバイルアプリで年齢チェックを完了する
Amp.IDVErrorScreen.Close,
Amp.IDVErrorScreen.Declined,申し訳ありませんがセキュリティ上の理由により認証が却下されました。もう一度やり直す場合は、数日後に戻って来てください。
Amp.IDVErrorScreen.Retry,問題が発生しました。ページをリフレッシュしてから、もう一度お試しください。
Amp.IDVErrorScreen.Timeout,申し訳ありませんが確認プロセスが時間切れです。ページをリフレッシュしてもう一度お試しください。
Amp.IDVErrorScreen.Title,確認できませんでした
Amp.IDVUpsell.Button.Cancel,
Amp.IDVUpsell.Button.StartVerification,確認を開始
Amp.IDVUpsell.Directions.IDBody,運転免許証、パスポート、本人確認書類、在留許可書
Amp.IDVUpsell.Directions.IDHeader,有効な本人確認書類を準備する
Amp.IDVUpsell.Directions.PhoneBody,続けるにはスマホが必要です
Amp.IDVUpsell.Directions.PhoneHeader,スマホを使用
Amp.IDVUpsell.Modal.Disclaimer,ご注意: 当社の第三者サービスプロバイダによる本人確認書類の認証プロセスを開始します。 このプロセスを通じて収集された情報は、あなたのアカウントの保護またはRobloxの機能を有効にする目的で使用されます。
Amp.IDVUpsell.Modal.PrivacyLinkText,Roblox生体認証プライバシーに関するお知らせ
Amp.IDVUpsell.Modal.QRHeaderText,QRコードをスキャンして開始
Amp.IDVUpsell.Modal.Title,年齢確認が必要です
Amp.IDVUpsell.PrivacyPageHeader,プライバシーポリシー
Amp.Upsell.Action.AskNow,許可を取る
Amp.Upsell.Description.PrologueEnablePurchase,お住まいの地域での制限により、この購入には保護者の許可が必要です。
Amp.Upsell.Description.PrologueJoinExperience,このバーチャル空間に参加するには保護者の許可が必要です。
Amp.Upsell.Description.PrologueTextVpc,保護者の許可が必要です。
Amp.Upsell.Description.PrologueUnblockUser,{displayName} をブロック解除するには保護者の許可が必要です
Amp.Upsell.Message.EmailSent,{parentEmail} にメールを送信しました
Amp.Upsell.Message.EmailSentPluralParent,紐づけされた保護者の方にメールを送信しました
Amp.Upsell.Title.AskYourParent,保護者の許可を取る
Amp.Upsell.Title.RequestSent,リクエストを送信しました
Application.ConnectionError.Action.Ok,OK
Application.ConnectionError.ErrorCode,エラーコード: {errorCode}
Application.Logout.Action.Logout,ログアウト
Application.Logout.Message.Confirmation,ログアウトしますか？
Application.Logout.Title.Logout,
Application.Settings.AccountSettingsTitle,アカウント設定
Application.Settings.AppSettingsTitle,アプリ設定
Application.Settings.DeviceSettings.Title,デバイス設定
Application.Settings.VR.Comfort.Description,動きと視野を調整してVR酔いを防止。
Application.Settings.VR.Comfort.Profile.Description,プリセットの1つを選択するか、「カスタム」を選択してVR酔い防止の各オプションを手動で設定してください。
Application.Settings.VR.Comfort.Profile.Option.Comfort,VR酔い防止
Application.Settings.VR.Comfort.Profile.Option.Custom,カスタム
Application.Settings.VR.Comfort.Profile.Option.Default,デフォルト
Application.Settings.VR.Comfort.Profile.Option.Expert,上級者向け
Application.Settings.VR.Comfort.Profile.Title,VR酔い防止プロフィール
Application.Settings.VR.Comfort.SafetyBubbleMode.Description,フェードアウトしないで近づける人を設定
Application.Settings.VR.Comfort.SafetyBubbleMode.Option.Anyone,全員
Application.Settings.VR.Comfort.SafetyBubbleMode.Option.NoOne,なし
Application.Settings.VR.Comfort.SafetyBubbleMode.Option.OnlyFriends,友達だけ
Application.Settings.VR.Comfort.SafetyBubbleMode.Title,安全バブル
Application.Settings.VR.Comfort.SteppedRotationEnabled.Description,連続的な動きではなく、特定の角度で段階的に表示を回転させるロコモーション設定。
Application.Settings.VR.Comfort.SteppedRotationEnabled.Title,ステップ回転
Application.Settings.VR.Comfort.ThirdPersonFixedCamEnabled.Description,カメラのスムーズな動きによるVR酔い防止を防ぐのに役立ちます。プレイヤーが動いてもカメラは動かず、その後すぐにプレイヤーの後ろに移動します。三人称視点でのみ有効です。
Application.Settings.VR.Comfort.ThirdPersonFixedCamEnabled.Title,3人称視点VR酔い防止カメラ
Application.Settings.VR.Comfort.Title,VR酔い防止設定
Application.Settings.VR.Comfort.VignetteEnabled.Description,VR酔いを防止または軽減するために、動作中の視野を狭める設定。
Application.Settings.VR.Comfort.VignetteEnabled.Title,VR酔い防止Vignette
Application.Settings.VRAccountSettingsExplanation,プライバシー、セキュリティ操作などにアクセスするにはウェブまたはコンパニオンデバイスにアクセスしてください。
Application.Settings.VRAccountSettingsSubtitle,ウェブまたはコンパニオンデバイスへ
Application.Settings.VolumeSliderDescription,メニューのエフェクト、ゲームの音響、ボイスチャットなど、Robloxでの全体的な音量をコントロール。
Authentication.AccountPicker.Button.CreateAccount,アカウントを作成
Authentication.AccountPicker.Button.SignIntoAnotherAccount,別のアカウントにログイン
Authentication.AccountPicker.Label.AllAccounts,すべてのアカウント
Authentication.AccountPicker.Label.Manage,管理
Authentication.AccountPicker.Label.ManageAccounts,アカウントを管理
Authentication.AccountPicker.Label.RemoveAccount,アカウントを削除しますか
Authentication.AccountPicker.Label.RemoveAccountCancel,
Authentication.AccountPicker.Label.RemoveAccountDescription,もう一度サインインしない限り、このアカウントはこのデバイス上で表示されなくなります。
Authentication.AccountPicker.Label.RemoveAccountRemove,削除する
Authentication.AccountPicker.Label.SignedOut,ログアウト済み
Authentication.AccountRecovery.Action.AddAPasskey,はい、新しいパスキーを追加します
Authentication.AccountRecovery.Action.Continue,
Authentication.AccountRecovery.Action.Delete,削除
Authentication.AccountRecovery.Action.DeleteAll,変更を削除
Authentication.AccountRecovery.Action.DontDeleteCredentials,すべて維持
Authentication.AccountRecovery.Action.Next,次へ
Authentication.AccountRecovery.Action.Ok,了解
Authentication.AccountRecovery.Action.ResetPassword,パスワードのリセット
Authentication.AccountRecovery.Action.Save,維持
Authentication.AccountRecovery.Action.SendCode,コードを受け取る
Authentication.AccountRecovery.Action.SkipAddingPasskey,いいえ、この手順をスキップします
Authentication.AccountRecovery.Action.UpdatePassword,パスワードを更新
Authentication.AccountRecovery.Action.UseAnotherMethod,他の方法を使用
Authentication.AccountRecovery.Action.UseBackupCode,バックアップコードを使用
Authentication.AccountRecovery.Action.UseEmail,メールアドレスを使用
Authentication.AccountRecovery.Action.UseEmailInstead,
Authentication.AccountRecovery.Action.UsePhone,電話番号を使用
Authentication.AccountRecovery.Action.UsePhoneInstead,
Authentication.AccountRecovery.Action.UseUsernameEmailInstead,ユーザーネームまたはメールアドレスを使用
Authentication.AccountRecovery.Description.AccountSecuredConfirmation,すべての変更が削除されました。
Authentication.AccountRecovery.Description.CannotRecoverAccount,セキュリティのため、2段階認証を有効化したアカウントを復元するには、2つ目の異なる認証方法が必要です。このアカウントには、安全な復元に使用できるバックアップ方法がありません。主要な2段階認証へのアクセスを再取得するか、バックアップコードを使用して2段階認証の手続きをスキップしてください。
Authentication.AccountRecovery.Description.ChooseAccount,回復したいアカウントを選択してください。
Authentication.AccountRecovery.Description.CreateNewPassword,古いパスワードとは違う強力なパスワードを作成してください。
Authentication.AccountRecovery.Description.CreateNewPasswordAddEmail,新しいパスワードを作成し、今後アカウントを保護するためにメールアドレスを追加してください。
Authentication.AccountRecovery.Description.DeviceDoesNotSupportPasskey,保護強化プログラムに登録されています。アカウントを安全に保つため、ログインするにはパスキーまたはセキュリティキーが必要になります。このデバイスはパスキーをサポートしていないため、ログインが難しい場合があります。今後は、クイックサインインを使用することで、別のログイン済みのデバイスにログインできます。
Authentication.AccountRecovery.Description.EmailCodeSent,このメールアドレスのRobloxアカウントが存在する場合、認証コードが送信されます。スパムを含むすべてのフォルダを確認してください。
Authentication.AccountRecovery.Description.EmailCodeSentForUser,お持ちのアカウントに関連付けられている場合、ご入力いただいたメールアドレスに6桁の認証コードを送信しました。迷惑メールを含むフォルダをすべて確認してください。
Authentication.AccountRecovery.Description.EmailUnavailableInfo,年齢の変更によりメールアドレスが変更されたため、一部が利用できなくなる場合があります。ただし、アカウント復元には引き続き使用できます。
Authentication.AccountRecovery.Description.EnhancedProtectionAddPasskey,保護強化プログラムに登録されています。アカウントを安全に保つため、ログインするにはパスキーまたはセキュリティキーが必要になります。{lineBreak}{lineBreak}個人用デバイスをご利用の場合は、今すぐ新しいパスキーを設定することをおすすめします。これにより、今後このデバイスで簡単にログインできるようになります。共有または公共のデバイスをご利用の場合は、この手順をスキップしてください。
Authentication.AccountRecovery.Description.EnterABackupCode,次に、保存したバックアップコードを入力してください。
Authentication.AccountRecovery.Description.EnterContactMethodAssociatedWithYourAccount,アカウントに関連付けられている可能性のあるメールアドレスまたは電話番号を入力してください。過去に購入したことがある場合は、支払いに使用したメールアドレスをお試しください。
Authentication.AccountRecovery.Description.EnterEmailAddress,今度は、メールアドレスを入力してください。Robloxで何かを購入する際に使うメールアドレスなどです。
Authentication.AccountRecovery.Description.EnterPhoneBackupCodeOrAnotherEmail,今度は、電話番号、バックアップコード、または他のメールアドレスを入力してください。Robloxで何かを買う際に使うメールアドレスなどです
Authentication.AccountRecovery.Description.EnterPhoneNumberSecondMethod,次に、アカウントに関連付けられている電話番号を入力してください。
Authentication.AccountRecovery.Description.EnterPhoneOrAnotherEmail,今度は、電話番号または別のメールアドレスを入力してください。Robloxで何かを購入する際に使うメールアドレスなどです。
Authentication.AccountRecovery.Description.InvalidateCredentialInfo,第三者によるものと思われるセキュリティ設定の変更が見つかりました。心当たりのない場合は削除してください
Authentication.AccountRecovery.Description.InvalidateCredentialsIntro,第三者によるものと思われるセキュリティ設定の変更が見つかりました。心当たりのないものは削除してください。
Authentication.AccountRecovery.Description.InvalidateCredentialsWarning,心当たりのない変更を残しておくと、アカウントにリスクが生じる可能性があります。変更内容を削除した場合、元に戻せません。
Authentication.AccountRecovery.Description.KeepTwoStepMethodDynamic,アカウントで{twoStepMethod}を有効にしました。まだアクセス可能な場合は維持してください。次回再びログインする際に使用するよう求められます。
Authentication.AccountRecovery.Description.NoChangesMade,保護機能をもう一つ追加して、アカウントを安全に保ちましょう。
Authentication.AccountRecovery.Description.PhoneCodeSent,この電話番号のRobloxアカウントが存在する場合、認証コードが送信されます。SMSまたはWhatsAppを確認してください。
Authentication.AccountRecovery.Description.PhoneCodeSentForUser,アカウントに関連付けられている場合、ご入力いただいた電話番号に6桁の認証コードを送信しました。コードは、WhatsAppまたはショートメッセージ（SMS）を介して送信できます。
Authentication.AccountRecovery.Description.PlatformNotSupported,このプラットフォームまたはデバイスは、アカウントの復元には対応していません。[OK] を選択してこのウィンドウを閉じ、[ログイン] ページに戻ってください。まずは別のデバイスでアカウントを復元させてください。次に、[クイックサインイン] を選択し、指示に従って、別のログイン済みデバイスを使って安全にログインしてください。
Authentication.AccountRecovery.Description.SaveTwoStepMethod,まだアクセス可能な場合は維持してください。次回再びログインする際に使用するよう求められます。
Authentication.AccountRecovery.Description.SendCodeContactMethodConfirmation,Robloxアカウントに関連付けられている場合は、ご提供いただいたお問い合わせ方法で6桁の認証コードをお送りします。
Authentication.AccountRecovery.Description.SomethingWentWrongVerifyAgain,問題が発生しました。「続ける」を押してもう一度お試しください。
Authentication.AccountRecovery.Description.TrustedLocationResetPassword,こんにちは、 {username} さん。信頼できる場所からアカウントにアクセスしています。今すぐパスワードをリセットして、Robloxアカウントへのアクセスを取り戻しましょう。
Authentication.AccountRecovery.Description.TrustedLocationResetPasswordSkip2SV,こんにちは、{username}さん。現在あなたは信頼できる場所からアカウントにアクセスされているため、今すぐ2段階認証をスキップし、パスワードをリセットして、復元を完了していただけます
Authentication.AccountRecovery.Description.TrustedLocationSkip2SV,こんにちは、{username}さん。現在あなたは信頼できる場所からアカウントにアクセスされているため、2段階認証をスキップし、復元を完了していただけます。
Authentication.AccountRecovery.Description.UpdateEmailConfirmation,アカウント回復に別のメールアドレスが使用されました。メールアドレスを {email} 更新します。
Authentication.AccountRecovery.Description.VerifyAgain,2段階認証の復元でアカウントを有効化する前に、ご本人であることを確認してください。[続行]を押して、2段階認証プロセスを再度開始します。
Authentication.AccountRecovery.Heading.AccountSecuredConfirmation,あなたのアカウントは保護されました
Authentication.AccountRecovery.Heading.BackupCodesGenerated,バックアップコードが生成されました
Authentication.AccountRecovery.Heading.BillingEmailAdded,請求先メールアドレスが追加されました
Authentication.AccountRecovery.Heading.CannotRecoverAccount,アカウントを回復できません
Authentication.AccountRecovery.Heading.ChooseVerificationMethod,認証方法を選択
Authentication.AccountRecovery.Heading.EmailAdded,メールアドレスが追加されました
Authentication.AccountRecovery.Heading.EnhancedProtectionPostRecoveryPasskey,これはあなたの個人用デバイスですか？
Authentication.AccountRecovery.Heading.EnhancedProtectionProgramPostRecoveryNoPasskey,このデバイスはパスキーに対応していないため、動作が制限される場合があります
Authentication.AccountRecovery.Heading.EnrolledInEnhancedProtection,強化保護プログラムに登録されました
Authentication.AccountRecovery.Heading.EnterSecondMethod,二番目の認証方法を入力
Authentication.AccountRecovery.Heading.InvalidateCredential,アカウントへの変更
Authentication.AccountRecovery.Heading.InvalidateCredentials,
Authentication.AccountRecovery.Heading.NoChangesMade,変更は行われていません
Authentication.AccountRecovery.Heading.PasskeyAdded,パスキーが追加されました
Authentication.AccountRecovery.Heading.PhoneNumberAdded,電話番号が追加されました
Authentication.AccountRecovery.Heading.ResetPassword,
Authentication.AccountRecovery.Heading.RobloxAccountRecovery,Robloxアカウントの回復
Authentication.AccountRecovery.Heading.SaveTwoStepMethod,既存の2段階認証方法を維持しますか？
Authentication.AccountRecovery.Heading.TwoStepMethodAdded,{value}が追加されました
Authentication.AccountRecovery.Heading.UpdateEmail,メールアドレスを更新
Authentication.AccountRecovery.Heading.UseAnotherDevice,別のデバイスを使用
Authentication.AccountRecovery.Label.AddEmail,メールアドレスを追加
Authentication.AccountRecovery.Label.Authenticator2sv,認証システムアプリによる2段階認証
Authentication.AccountRecovery.Label.Authenticator2svCapitalized,認証システムによる2段階認証
Authentication.AccountRecovery.Label.BackupCode,バックアップコード
Authentication.AccountRecovery.Label.ConfirmNewPasswordV2,新しいパスワードを確認
Authentication.AccountRecovery.Label.Email2sv,メールアドレスによる2段階認証
Authentication.AccountRecovery.Label.Email2svCapitalized,
Authentication.AccountRecovery.Label.EmailUnavailable,メールアドレスは利用できません
Authentication.AccountRecovery.Label.EnterCode,コードを入力
Authentication.AccountRecovery.Label.NewPasswordV2,新しいパスワード
Authentication.AccountRecovery.Label.Or,または
Authentication.AccountRecovery.Label.PreviousContactMethodVerification,{contactMethod}確認済み
Authentication.AccountRecovery.Label.ResendCode,コードを再送信
Authentication.AccountRecovery.Label.ResendCodeTimer,あと {timeLeft} 秒後にコードを再送信
Authentication.AccountRecovery.Label.SecurityKey2sv,セキュリティキーによる2段階認証
Authentication.AccountRecovery.Label.SecurityKey2svCapitalized,
Authentication.AccountRecovery.Label.UsernameEmail,ユーザーネーム/メールアドレス
Authentication.AccountRecovery.LabelEmail,メールアドレス
Authentication.AccountRecovery.LabelPhone,電話番号
Authentication.AccountRecovery.LabelTwoStepVerification,2段階認証
Authentication.AccountRecovery.Message.Error.AccountNotFound,アカウントが見つかりません。
Authentication.AccountRecovery.Message.Error.InvalidCode,コードが無効です。
Authentication.AccountRecovery.Message.Error.InvalidEmail,メールアドレスが無効です。
Authentication.AccountRecovery.Message.Error.InvalidPassword,パスワードが無効です。
Authentication.AccountRecovery.Message.Error.TooManyRequests,リクエストが多すぎます。また後でお試しください。
Authentication.AccountRecovery.Message.Error.TryADifferentOne,別のものをお試しください。
Authentication.AccountRecovery.MessagePasswordsDoNotMatch,パスワードが一致しません。
Authentication.AccountRecovery.MessageUnknownError,不明なエラーが発生しました
Authentication.AccountSwitch.Action.AddAccount,アカウントを追加
Authentication.AccountSwitch.Action.AddAnAccount,
Authentication.AccountSwitch.Action.Continue,
Authentication.AccountSwitch.Action.CreateNewAccount,新規アカウントを作成
Authentication.AccountSwitch.Action.LogoutAllAccounts,すべてのアカウントからログアウト
Authentication.AccountSwitch.Action.RemoveAllAccounts,すべてのアカウントを削除しますか？
Authentication.AccountSwitch.Action.SignInToExistingAccount,既存のアカウントにログイン
Authentication.AccountSwitch.Action.SwitchAccount,アカウントを切り替える
Authentication.AccountSwitch.Description.AccountLimit.2,アカウント数の上限に達しました。新しいアカウントを追加するには、まずアカウントを削除してください。
Authentication.AccountSwitch.Description.ContinueSignOutOthers,{username}として続行すると、他のアカウントからログアウトされます。
Authentication.AccountSwitch.Description.LogoutConfirmation,新しいアカウントを追加する前に、このデバイスで他のRobloxアカウントからログアウトする必要があります
Authentication.AccountSwitch.Description.PleaseTryAgainLater,後でもう一度お試しください
Authentication.AccountSwitch.Description.RemoveAllAccounts,ログアウトすると、すべてのアカウントがこのデバイスから削除されます。
Authentication.AccountSwitch.Description.RemoveCurrentAccount,削除すると、もう一度ログインしない限り、このアカウントはこのデバイス上で表示されなくなり、ランディングページに戻ります。
Authentication.AccountSwitch.Description.TryLoggingInDirectly.2,直接、ログインしてみてください
Authentication.AccountSwitch.Header.CantSwitchAccountsSentenceCase,アカウントを切り替えることができません
Authentication.AccountSwitch.Header.LogoutAllAccounts,
Authentication.AccountSwitch.Header.RemoveCurrentAccount,現在のアカウントを削除しますか？
Authentication.AccountSwitch.Header.SignOutOtherAccounts,他のアカウントからログアウトしますか？
Authentication.AccountSwitch.Header.SwitchAccountSentenceCase,
Authentication.AccountSwitch.Heading.SwitchAccount,
Authentication.AccountSwitch.Label.AccountLimitReached.2,アカウントを追加するには、まずログアウトしてください。
Authentication.CrossDevice.Action.CancelLogin,
Authentication.CrossDevice.Action.ConfirmLogin,ログインを認証
Authentication.CrossDevice.Action.Done,完了
Authentication.CrossDevice.Action.Enter,入力
Authentication.CrossDevice.Action.GoBack,戻る
Authentication.CrossDevice.Action.Next,
Authentication.CrossDevice.Action.TryAgain,
Authentication.CrossDevice.Description.ConfirmOnSignedInDevice,続けるには、ログイン済みのデバイスで確認してください。
Authentication.CrossDevice.Description.QuickSignInInstructionsModal,ログイン済みのデバイスでQRコードをスキャンするか、<b>[その他] > [クイックサインイン]</b>に移動して、以下のコードを入力してください。
Authentication.CrossDevice.Description.SigningInAs,{identifier}としてログイン中
Authentication.CrossDevice.EnterCodeInstruction,このコードを入力
Authentication.CrossDevice.GoToInstruction,パソコンまたはスマホで次に移動:
Authentication.CrossDevice.Heading.LoginAnotherDevice,他のデバイスにログイン
Authentication.CrossDevice.Heading.LoginCode,コード使用でクイックログイン
Authentication.CrossDevice.Heading.LoginWarning,ログインするには以下を確認：
Authentication.CrossDevice.Heading.QuickLogin,クイックログイン
Authentication.CrossDevice.Heading.SignInWithQrCode,QRコードでログイン
Authentication.CrossDevice.Heading.SigninAnotherDevice,別のデバイスでログインする
Authentication.CrossDevice.Heading.WaitingForConfirmation,確認待ち
Authentication.CrossDevice.Heading.Warning,警告！
Authentication.CrossDevice.Label.CodeHeader,オプション2
Authentication.CrossDevice.Label.CodeNotVerified,コードでのクイックログインは認証できませんでした。
Authentication.CrossDevice.Label.Confirm,確定
Authentication.CrossDevice.Label.ConfirmAndLoginAs,他のデバイスで %s としてログインしているか確認しています
Authentication.CrossDevice.Label.ConfirmOnDevice,他のデバイス上でログインを確認
Authentication.CrossDevice.Label.ConfirmationMessage1,以下にログインしようとしています: %s
Authentication.CrossDevice.Label.ConfirmationMessage2,この新しいデバイスから、お持ちのアカウント、Robux、持ち物にアクセスできます。
Authentication.CrossDevice.Label.ConfirmationMessage3,本人確認をしてください。
Authentication.CrossDevice.Label.Continue,
Authentication.CrossDevice.Label.DevicePrompt,ログイン済みのデバイスに行って、このコードを入力して探索する
Authentication.CrossDevice.Label.EnterCodeTextBox,
Authentication.CrossDevice.Label.EnterOtherDeviceCode,他のデバイスからコードを入力
Authentication.CrossDevice.Label.InvalidLocationError,ログインしようとしているデバイスとあなたの場所が一致しませんでした。同じネットワーク上でもう一度お試しください。
Authentication.CrossDevice.Label.LogginInAs,%sとしてログイン中
Authentication.CrossDevice.Label.LoginInstructions,ログイン済みのデバイス上で以下へ行く：
Authentication.CrossDevice.Label.LoginInstructionsV2,Robloxアプリを開き、次へ。
Authentication.CrossDevice.Label.LoginLocation,コードを入力するには、 <b>アカウント設定 > クイックログイン</b> 。
Authentication.CrossDevice.Label.LoginLocationV2,コード入力方法：<b>他のページ > クイックログイン</b> 。
Authentication.CrossDevice.Label.NotAvailableOnNetwork,この機能はこのネットワークでは利用できません。後でもう一度お試しください
Authentication.CrossDevice.Label.OK,
Authentication.CrossDevice.Label.QrCodeError,QRコードの表示に問題が発生しています。このページをリフレッシュするか、以下の指示に従って他のデバイスにログインしてください。
Authentication.CrossDevice.Label.QrCodeLogin,
Authentication.CrossDevice.Label.QrHeader,オプション1
Authentication.CrossDevice.Label.QrInstructions,ログインしたお持ちのデバイスのカメラから、このQRコードをスキャンします。
Authentication.CrossDevice.Label.QuestCDLShortLinkInstruction,ログインを完了するには、お使いのパソコンまたはスマホで <b>roblox.com/quest</b> にアクセスしてこのコードを入力してください。
Authentication.CrossDevice.Label.QuickSignInWarning,セキュリティ保護のため、新しいデバイスで生成したコードのみを入力してください。
Authentication.CrossDevice.Label.SigninInstructionHeading,新しいデバイスで{username}としてログインするには：
Authentication.CrossDevice.Label.SigninInstructionOne,1. 新しいデバイスで、ログインページを開きます
Authentication.CrossDevice.Label.SigninInstructionThree,3. 以下のフィールドにそのコードを入力します
Authentication.CrossDevice.Label.SigninInstructionTwo,2. [クイックサインイン]を選択して、コードを取得します
Authentication.CrossDevice.Label.Warning1,• あなたがリクエストしたコードのみを入力
Authentication.CrossDevice.Label.Warning2,• 他のユーザーのコードは絶対に入力しない
Authentication.CrossDevice.Response.InvalidCode,入力したコードは無効です。正しく入力したかどうか、確認してください。
Authentication.CrossDevice.Response.LoginFail,ログインできませんでした
Authentication.CrossDevice.Response.LoginSuccess,ログインできました
Authentication.Login.Action.ConnectionError.RetryReady,再試行する
Authentication.Login.Action.ConnectionError.RetryWait,{WaitTime} で再試行する
Authentication.Login.Action.Continue,
Authentication.Login.Action.DownloadNow,今すぐダウンロード
Authentication.Login.Action.EmailACode,コードをメールで送信
Authentication.Login.Action.EmailMeCode,コードをメールで受け取る
Authentication.Login.Action.EmailOtpWaitTime,あと {WaitTime}秒でコードを再送信
Authentication.Login.Action.ForgotPasswordOrUsernameQuestionCapitalized,パスワード、またはユーザーネームをお忘れですか？
Authentication.Login.Action.ForgotUsername,ユーザーネームを忘れた場合
Authentication.Login.Action.ForgotUsernameOrPassword,ユーザーネームまたはパスワードをお忘れですか？
Authentication.Login.Action.LogInEmailOneTimeCode,ワンタイムコードをメールで送信
Authentication.Login.Action.NeedHelp,ヘルプが必要ですか？
Authentication.Login.Action.Next,
Authentication.Login.Action.QQLogin,テンセントQQログイン
Authentication.Login.Action.QuickSignIn,クイックサインイン
Authentication.Login.Action.ResendCode,
Authentication.Login.Action.SendCodeSentenceCase,コードを送信
Authentication.Login.Action.SendVerificationEmail,確認メールを送信
Authentication.Login.Action.SignIn,サインイン
Authentication.Login.Action.SignInSentenceCase,ログイン
Authentication.Login.Action.SignInWithQrCode,
Authentication.Login.Action.UsePasskey,パスキーを使用
Authentication.Login.Action.WeChatLogin,WeChatログイン
Authentication.Login.Button.CloseAndSwitchPlatformAccount,Robloxから退出して {platformAccountName} のアカウントを切り替え
Authentication.Login.Button.UseDifferentRobloxAccount,別のRobloxアカウントを使用
Authentication.Login.Description.AccountSelectorHelp,すべての関連アカウントがここに表示されています。
Authentication.Login.Description.DownloadNewVersion,このRobloxのバージョンは、お持ちのアカウントではご利用いただけません。続けるには正しいバージョンをダウンロードしてください。
Authentication.Login.Description.EnterOneTimeCodeHelpV2,{email} に送信されたコードを入力
Authentication.Login.Description.GetOneTimeCodeHelp,あなたのアカウントで認証済みのメールアドレスを入力し、ワンタイムコード（一回のみ使用可）を受け取ります。
Authentication.Login.Description.PasskeyDescription,お持ちのアカウントには、パスワードよりもセキュリティが強力なログイン方法であるパスキーがついています。このデバイスでは指紋、顔認証、または画面ロックを使用できます。
Authentication.Login.Description.PasskeyLoginIncompatibleDevice,お使いのデバイスがパスキーに対応しているかどうかを判断できません。もう一度お試しいただくか、「ログインできない」をタップしてメールアドレスまたは電話番号でアカウントを復元してください。
Authentication.Login.Description.PasskeyMobileOnly,パスキーはモバイルでのみ利用可能です。別の方法でログインしてください。
Authentication.Login.Description.SigningInWith,<b>{identifier}</b>でログイン中
Authentication.Login.Description.UsernameHandle,@<b>{username}</b>
Authentication.Login.Description.VerificationCodeSentTo,Robloxアカウントが存在する場合、{email}に認証コードが届きます
Authentication.Login.Error.PasskeyOnlyAccount,アカウントにはログイン用のパスキーが設定されています。パスキーでログインするか、アカウントを回復してください。
Authentication.Login.Error.PlatformAccountConnectionFailure,プラットフォーム用アカウントを確認できません。後でもう一度お試しください。
Authentication.Login.Heading.EnterYourCode,
Authentication.Login.Heading.IncompatibleAccounts,アカウントに互換性がありません
Authentication.Login.Heading.Login,
Authentication.Login.Heading.LoginRoblox,ロブロックスにログイン
Authentication.Login.Heading.LoginRobloxAccountSwitching,
Authentication.Login.Heading.NewAppAvailable,新しいRobloxアプリをダウンロード
Authentication.Login.Heading.SignIn,
Authentication.Login.Heading.SignInAnotherWay,別の方法でログイン
Authentication.Login.Heading.SignInToRoblox,Robloxにログイン
Authentication.Login.Heading.SignInWithRoblox,Robloxでログイン
Authentication.Login.Label.AccountSelectorTitle,ログインするアカウントを選ぶ
Authentication.Login.Label.AgedUpUsername,一意の @ユーザーネーム を追加
Authentication.Login.Label.ConnectionError.RetryDisabled,"申し訳ありませんが、サーバーへの接続中に問題が発生しました。

現在、再試行が無効になっています。後でもう一度お試しください。"
Authentication.Login.Label.ConnectionError.RetryReady,"申し訳ありませんが、サーバーへの接続中に問題が発生しました。

もう一度お試しください。"
Authentication.Login.Label.ConnectionError.RetryWait,"申し訳ありませんが、サーバーへの接続中に問題が発生しました。

しばらくしてからもう一度お試しください。"
Authentication.Login.Label.ConnectionError.Title,接続エラー
Authentication.Login.Label.Email,
Authentication.Login.Label.EmailAddress,
Authentication.Login.Label.EmailNeedsVerification,メール確認の手続きが必要です
Authentication.Login.Label.EmailOrPhone,メールアドレスまたは電話番号
Authentication.Login.Label.EnterCode,
Authentication.Login.Label.EnterEmail,メールアドレスを入力
Authentication.Login.Label.EnterHere,ここに入力
Authentication.Login.Label.EnterOneTimeCode,ワンタイムコードを入力
Authentication.Login.Label.EnterOneTimeCodeLoginHelp,メールに記載されたコードを入力
Authentication.Login.Label.EnterPassword,パスワードを入力
Authentication.Login.Label.EnterYourPassword,
Authentication.Login.Label.ForgotPassword,パスワードを忘れた場合
Authentication.Login.Label.ForgotYourPassword,パスワードをお忘れですか？
Authentication.Login.Label.GetOneTimeCode,ワンタイムコードを取得
Authentication.Login.Label.LearnMore,もっと詳しく
Authentication.Login.Label.LinkAccountWarning,お持ちのRobloxアカウントは、{platform} にリンクされ、次に参加するときに自動的にログインされます！設定画面でアカウントの連携をいつでも解除できます。新しいアカウントと連携できるようになるまでクールダウン期間があるかもしれません。
Authentication.Login.Label.PasskeyIncompatible,パスキーと互換性がありません
Authentication.Login.Label.Password,パスワード
Authentication.Login.Label.Phone,
Authentication.Login.Label.QQUserCancel,テンセントQQからログアウトしています。テンセントQQにログインしてください。
Authentication.Login.Label.SelectAnAccount,アカウントを選択
Authentication.Login.Label.TroubleSigningIn,ログインに問題がありますか？
Authentication.Login.Label.UnverifiedEmailInstructions,メールアドレスでログインするためには、まず認証が必要です。ユーザーネームでログインすることもできます。
Authentication.Login.Label.Username,ユーザーネーム
Authentication.Login.Label.UsernameEmailOrPhoneNumber,ユーザーネーム、メールアドレス、電話番号
Authentication.Login.Label.UsernameEmailPhone,ユーザーネーム/メールアドレス/電話番号
Authentication.Login.Label.UsernameOrEmail,ユーザーネームまたはメールアドレス
Authentication.Login.Label.UsernameOrPhone,ユーザーネームまたは電話番号
Authentication.Login.Label.VerificationCode,認証コード
Authentication.Login.Label.WeChatUserCancel,WeChatからログアウトしました。WeChatにログインしてください。
Authentication.Login.Label.WeChatVersionNotSupported,WeChatバージョンには対応していません
Authentication.Login.LinkIllegalChildAccountLinking,このRobloxアカウントはXboxの子ども用アカウントに紐づけできませんでした。別のRobloxアカウントを試すか、その設定を確認してください。
Authentication.Login.QrCodeLoginTitle,ログインするにはQRコードをスキャン
Authentication.Login.Response.AccountNotFound,アカウントが見つかりませんでした。もう一度お試しください。
Authentication.Login.Response.AlreadyLinked,このRobloxアカウントは {platform} ですでに別のアカウントに紐づけられています。別のRobloxアカウントでログインしてみてください。
Authentication.Login.Response.EnterEmailForLoginCode,ログインするには、代わりにご自分のメールアドレスを入力してください
Authentication.Login.Response.ErrorUseCorporateNetwork,ログインするには、コーポレートネットワーク上にいる必要があります。
Authentication.Login.Response.IncorrectEmailOrPassword,メールアドレスまたはパスワードが間違っています。
Authentication.Login.Response.IncorrectOtpCode,パスワードが間違っています。もう一度チェックしてからやり直してください。
Authentication.Login.Response.IncorrectPhoneOrPassword,電話番号またはパスワードが間違っています。
Authentication.Login.Response.IncorrectUsernamePassword,ユーザーネーム、またはパスワードが間違っています。
Authentication.Login.Response.InvalidEmail,
Authentication.Login.Response.InvalidPasskeyCredential,このパスキーではログインできません。アクセスを回復するには、「パスワードまたはユーザーネームを忘れた場合」にアクセスしてください。
Authentication.Login.Response.MoreThanOneUsername,メールアドレスが複数のユーザーネームに関連付けられています。ユーザーネームでログインしてください。
Authentication.Login.Response.NoLoginMethods,このアカウントではログイン方法を利用できません。アカウントの回復をお試しいただくか、サポートにお問い合わせください。
Authentication.Login.Response.PlatformAlreadyLinked,この{platform}アカウントは、すでに別のRobloxアカウントに紐づけられています。紐づけられているRobloxアカウントでログインしてください。
Authentication.Login.Response.RelinkingFreeze,このRobloxアカウントは過去90日間に {platform} で別のアカウントに紐づけられています。別のRobloxアカウントでログインしてみてください。
Authentication.Login.Response.Require2FA,2段階認証はコンソールには対応していません。右の手順に従って安全にログインしてください。
Authentication.Login.Response.Require2FAGeneric,このデバイス上では追加の認証には対応していません。右側にある手順に従って安全にログインしてください。
Authentication.Login.Response.ServiceUnavailable,サービスが利用できません。後でもう一度お試しください。
Authentication.Login.Response.SomethingWentWrong,何らかの問題が発生しました。後でもう一度お試しください。
Authentication.Login.Response.TencentLoginFailurePleaseTryAgain,ログイン失敗。もう一度お試しください
Authentication.Login.Response.TooManyAttemptsPleaseWait,試行回数が多すぎます。しばらくしてからやり直してください。
Authentication.Login.Response.UnableToSignIn,サインインできません。
Authentication.Login.Response.UnknownError,
Authentication.Login.Response.UnknownErrorLoginWithDifferentMethod,問題が発生しました。別の方法でログインしてください。
Authentication.Login.Response.UnverifiedEmailLoginWithUsername,メールアドレスが認証されていません。ユーザーネームでログインしてください。
Authentication.Login.WeChat.AntiAddictionText,不適切なバーチャル空間には参加しないように心掛け、海賊版は拒否しましょう。自衛意識を高め、騙されないようにしましょう。バーチャル空間を訪問することは脳の働きを高めてくれますが、度がすぎると健康を害する恐れがあります。時間管理をきちんと行い、健康的なライフスタイルをお楽しみください。
Authentication.Login.WeChat.NotInstalled,WeChatがインストールされていません
Authentication.OneTimePasscode.Action.ChangeEmailV2,メールアドレスを変更
Authentication.OneTimePasscode.Action.Continue,
Authentication.OneTimePasscode.Action.GetHelp,ヘルプが必要
Authentication.OneTimePasscode.Action.Resend,再送信
Authentication.OneTimePasscode.Description.DidntReceiveCode,コードを受け取らなかった場合
Authentication.OneTimePasscode.Description.ReviewAndConsentToTerms,お子様に代わって以下の規約を確認し、同意してください。個別の規約に対して同意する場合としない場合があるかもしれません。任意の規約に同意しない場合でも、お子様はRobloxを使用することができます。 
Authentication.OneTimePasscode.Description.SendVerificationCode,保護者の方に確認コードを送信しますので新規登録を手伝ってもらってください
Authentication.OneTimePasscode.Label.CodeSent,コードが送信されました
Authentication.OneTimePasscode.Label.ConsentNeeded,同意が必要です
Authentication.OneTimePasscode.Label.ParentConsentNeeded,保護者の同意が必要です
Authentication.OneTimePasscode.Label.SixDigitCode,6桁のコード
Authentication.Passkey.Action.Continue,
Authentication.Passkey.Action.CreatePasskey,パスキーを作成
Authentication.Passkey.Action.KeepUsingPassword,いいえ。パスワードを使い続ける
Authentication.Passkey.Action.TryAgainLaterAcknowledgement,あとで
Authentication.Passkey.Action.TryAgainNowAcknowledgement,今やり直す
Authentication.Passkey.Description.Benefits,パスキーは他のユーザーが再利用や推測することができないため、より安全で迅速なログイン方法です
Authentication.Passkey.Description.DataPolicy,Robloxは生体認証データを保存しません
Authentication.Passkey.Description.Error,パスキーを登録できませんでした。もう一度お試しください。
Authentication.Passkey.Description.Purpose,顔認証、指紋またはデバイスのロック解除に使用する暗証番号（PIN）でRobloxにログイン
Authentication.Passkey.Description.UpsellRegistrationSuccess,Robloxのログインに顔認証、指紋、デバイスの暗証番号（PIN）が使えるようになりました。
Authentication.Passkey.Label.UpsellErrorTitle,
Authentication.Passkey.Label.UpsellTitle,パスキーで素早くログイン
Authentication.Passkey.Label.UpsellToastPageTitle,完了！パスキーが作成されました
Authentication.Passkey.Label.UpsellToastTitle,パスキーを作成できました！
Authentication.ResetPassword.Response.ResetPasswordStarted,続ける前に、パスワードをリセットする必要があります。
Authentication.SignUp.Action.Cancel,
Authentication.SignUp.Action.Continue,
Authentication.SignUp.Action.CreateAPasskey,
Authentication.SignUp.Action.CreateAccount,アカウントを作成する
Authentication.SignUp.Action.CreateAccountSentenceCase,
Authentication.SignUp.Action.EnableFaceId,Face IDを有効化
Authentication.SignUp.Action.ExitModalLeave,退出
Authentication.SignUp.Action.IUnderstand,
Authentication.SignUp.Action.NextWord,
Authentication.SignUp.Action.SetupLater,あとで設定
Authentication.SignUp.Action.StartOver,
Authentication.SignUp.Action.UseEmail,メールアドレスを使う
Authentication.SignUp.Action.UsePhoneNumber,電話番号を使う
Authentication.SignUp.Button.OKCaptialized,
Authentication.SignUp.Button.RetryLogIn,ログインをやり直す
Authentication.SignUp.Description.AccountAlreadyLinked,あなたのプロフィール（{platformAccountName}）は、すでにRobloxアカウントにリンク済みです。もう一度ログインしてみてください。
Authentication.SignUp.Description.AgreeToTermsWithGuardian.NoParameters,Robloxの利用規約（仲裁条項を含む）に同意し、プライバシーポリシーを承認します。18歳未満の場合は、親または保護者がこのアカウントの作成を許可し、利用規約に同意します。
Authentication.SignUp.Description.BirthdayHelp,あなたに表示するコンテンツを決めるのに役立ちます。他の方々には表示されません。
Authentication.SignUp.Description.BirthdayHelp3,これは関連コンテンツの表示に役立てますが、他のユーザーに情報共有されることはありません。
Authentication.SignUp.Description.BirthdayValuePropC,あなたに表示するコンテンツを決めるのに役立ちます。他の方々には表示されません
Authentication.SignUp.Description.ClickNextAgreeToTerms,「次へ」をクリックすると、仲裁条項を含む利用規約に同意し、プライバシーポリシーを承認したことになります。
Authentication.SignUp.Description.CreateAPassword,Robloxアカウントのパスワードを作成
Authentication.SignUp.Description.CreateAccountPasskeyEmphasisDescription,パスキーを使用すると、顔認証、指紋またはデバイスのロック解除に使用する暗証番号（PIN）で素早くログインできます。
Authentication.SignUp.Description.CreatePasskeyOrOTP,Robloxアカウントのパスキーを作成するか、一回限りのパスワードでサインインするためのメールアドレスを追加してください。
Authentication.SignUp.Description.EnsureNeverLoseAccount,お持ちのRobloxアカウントにアクセスできなくなるのを防ぎます。
Authentication.SignUp.Description.EnterParentEmail,認証コードを受けとるには、保護者の方のメールアドレスを入力してください。
Authentication.SignUp.Description.FaceIdPromo,Face IDは、Robloxにログインするための最も安全で簡単な方法です。
Authentication.SignUp.Description.GenderHelp2,これは、あなたに合ったアバター選びに役立ちます。
Authentication.SignUp.Description.OneMoreStep,完了まであと一歩です
Authentication.SignUp.Description.Or,
Authentication.SignUp.Description.ParentEmailDisclaimer,Robloxのプライバシーポリシーに基づき、アカウント復元のために保護者のメールアドレスの提供をお願いしています
Authentication.SignUp.Description.PasskeyTryAgain,パスキーの登録で問題が発生したようです。違うユーザーネームでもう一度、新規登録してください。
Authentication.SignUp.Description.RobloxNotAvailableInRegion,Robloxは、お住まいの地域で一時的に利用できなくなってます。
Authentication.SignUp.Description.SecureAccountWithPasskeyText,今後スマートフォンで素早くログインするためにパスキーでアカウントを保護するか、手動でログインするためのパスワードを追加してください。
Authentication.SignUp.Description.SignUpAgreement.FullCopy.Continue,「続ける」をクリックすることで、あなたは当社の利用規約（仲裁条項を含む）に同意し、プライバシーポリシーを承認するものとします。18歳未満の場合は、親または保護者がこのアカウントの作成を許可し、利用規約に同意するものとします。
Authentication.SignUp.Description.SignUpAgreement.FullCopy.CreateAccount,「アカウントを作成」をクリックすることで、あなたは当社の利用規約（仲裁条項を含む）に同意し、プライバシーポリシーを承認するものとします。18歳未満の場合は、親または保護者がこのアカウントの作成を許可し、利用規約に同意するものとします。
Authentication.SignUp.Description.SignUpAgreement.ShortCopy,Robloxの利用規約（仲裁条項を含む）に同意し、プライバシーポリシーを承認します。
Authentication.SignUp.Description.SignupAgreement.FullCopy.CreateAccount,
Authentication.SignUp.Description.ThisKeepYourAccountSecure,これはRobloxアカウントを安全に保つのに役立ちます
Authentication.SignUp.Description.Try,こちらをお試しください
Authentication.SignUp.Description.UnderAgeAlert,Robloxをプレイできる最低年齢に達していません。
Authentication.SignUp.Description.UsernameHelp,これはRoblox上での表示名です。今後、ログイン時のためにユーザーネームを覚えておいてください。
Authentication.SignUp.Description.UsernameHelpV2,今後はこれがサインイン方法になり、表示されるので覚えやすくしてください。
Authentication.SignUp.Description.UsernameRule1,3～20文字を使用
Authentication.SignUp.Description.UsernameRule2,半角ローマ字 (a〜z)、 半角数字 (0〜9)、 下線 (_) しか使用できません。
Authentication.SignUp.Description.VerificationLinkingText,お持ちのRoblox（ロブロックス）アカウントは {platform} 上のアカウントに紐づけられます。設定画面からいつでも紐づけを解除できます。また {platform} 上の他のアカウントとの紐づけができるようになるまでには、クールダウン期間があるかもしれません。「新規登録」をクリックすると、仲裁条項を含む利用規約に同意し、プライバシーポリシーを承認したものとします。
Authentication.SignUp.Description.VerificationLinkingText.VariableButtonName,お持ちのRoblox（ロブロックス）アカウントは {platform} 上のアカウントに紐づけられます。設定画面からいつでも紐づけを解除できます。また {platform} 上の他のアカウントとの紐づけができるようになるまでには、クールダウン期間があるかもしれません。{ctaButton} をクリックすると、仲裁条項を含む利用規約に同意し、プライバシーポリシーを承認したことになります。
Authentication.SignUp.Description.VerificationPage,「新規登録」をクリックすると、 仲裁条項を含む 利用規約に同意し、プライバシーポリシー を承認したことになります。
Authentication.SignUp.Description.VerificationPage.CreateAccount,「アカウントを作成」をクリックすると、仲裁条項を含む利用規約に同意し、プライバシーポリシーを承認したことになります。
Authentication.SignUp.Description.VerificationPageMultiStep,「続ける」をクリックすると、仲裁条項を含む利用規約に同意し、プライバシーポリシーを承認したことになります。
Authentication.SignUp.Description.VerifiedParentalConsentModal.EnterContinue,コードを入力して「続ける」をクリックすると、お子様がRobloxにアクセスすることに同意することになります。
Authentication.SignUp.Header.CreatePassword,{username} さん、パスワードを作成してください
Authentication.SignUp.Header.CreatePasswordOrPasskey,{username} さん。パスワードを作成してください
Authentication.SignUp.Header.CreatedAccountChooseSignin,アカウントを作成しました。ログイン方法を選択してください。
Authentication.SignUp.Header.GenderPage6,最後に性別を選択してください（任意）
Authentication.SignUp.Header.PleaseTryAgain,もう一度お試しください
Authentication.SignUp.Header.UsernamePage4,次にユーザーネームを作成
Authentication.SignUp.Header.WhatIsYourBirthday,生年月日はいつですか？
Authentication.SignUp.Heading.CannotSignUp,新規登録できません
Authentication.SignUp.Heading.CountryCodeSelector,国を選択
Authentication.SignUp.Heading.PasswordPage,パスワードを作成
Authentication.SignUp.Heading.PickAUsername,ユーザーネームを選ぶ
Authentication.SignUp.Heading.RetryLogIn,
Authentication.SignUp.Heading.SecureWithFaceId,Face IDでアカウントを保護しましょう
Authentication.SignUp.Heading.UserGreetingWithName,{username} さん、こんにちは
Authentication.SignUp.Heading.UserGreetingWithNameAndPasskeyPassword,{username}さん、パスキーまたはパスワードを作成してください
Authentication.SignUp.Heading.WhatsYourBirthday,
Authentication.SignUp.Label.Age,年齢
Authentication.SignUp.Label.Birthday,生年月日
Authentication.SignUp.Label.BirthdayHeaderB,まず生年月日を選択
Authentication.SignUp.Label.BirthdayPickerWithDateAndAge,{date}（{yearsOld}歳）
Authentication.SignUp.Label.BirthdayWithAge,生年月日（{yearsOld} 歳）
Authentication.SignUp.Label.ConfirmBirthday,生年月日を確認してください
Authentication.SignUp.Label.Continue,
Authentication.SignUp.Label.Day,日
Authentication.SignUp.Label.EmailAddress,
Authentication.SignUp.Label.EnterYourEmail,
Authentication.SignUp.Label.EnterYourParentsEmail,保護者のメールアドレスを入力
Authentication.SignUp.Label.Error.MinimumAge5,新規アカウントの設定年齢は5歳以上でなければなりません
Authentication.SignUp.Label.Error.UsernameAlreadyInUse,このユーザーネームはすでに使用されています
Authentication.SignUp.Label.Error.UsernameContainsBoundingUnderscore,ユーザーネームの最初と最後に下線 _ は使用不可
Authentication.SignUp.Label.Error.UsernameContainsInvalidCharacter,ユーザーネームに使用できるのは半角英数字と _ のみ
Authentication.SignUp.Label.Error.UsernameContainsMultipleUnderscores,ユーザーネームには _ を1回以上使えません
Authentication.SignUp.Label.Error.UsernameContainsPII,ユーザーネームに個人情報を入れてはいけません
Authentication.SignUp.Label.Error.UsernameInappropriate,ユーザーネームがRobloxでは適切ではありません
Authentication.SignUp.Label.Error.UsernameLengthTooShortOrTooLong,ユーザーネームは半角英数字で3〜20文字
Authentication.SignUp.Label.ErrorsWithPassword,パスワードにエラーがあります。
Authentication.SignUp.Label.ErrorsWithUsername,ユーザーネームにエラーがあります。
Authentication.SignUp.Label.ExitModalSubtitle,アカウント作成はほぼ完了しています。退出するとと進捗が失われます。
Authentication.SignUp.Label.ExitModalTitle,アカウント作成を退出しますか？
Authentication.SignUp.Label.FullDateString,{Year}年 {Month}月 {Day}日
Authentication.SignUp.Label.Gender,性別
Authentication.SignUp.Label.GenderFemale,女性
Authentication.SignUp.Label.GenderMale,男性
Authentication.SignUp.Label.Girl,女子
Authentication.SignUp.Label.MaybeTryOneOfThese,ユーザーネームのご提案
Authentication.SignUp.Label.Month,月
Authentication.SignUp.Label.NewPasswordError1,パスワードは半角英数字8文字以上にしてください
Authentication.SignUp.Label.NewPasswordError2,パスワードをユーザーネームと同じにはできません
Authentication.SignUp.Label.NewPasswordError3,単純すぎるパスワードにはしないでください
Authentication.SignUp.Label.OptionalGender,性別（任意）
Authentication.SignUp.Label.OptionalGenderShort,任意
Authentication.SignUp.Label.ParentEmailAddress,保護者のメールアドレス
Authentication.SignUp.Label.PasswordError1,半角英字8文字以上
Authentication.SignUp.Label.PasswordError2,ユーザーネームと同一ではないこと
Authentication.SignUp.Label.PasswordError2.V2,ユーザーネームと一致するものは使用できません
Authentication.SignUp.Label.PasswordError3,分かりやすいパスワードではないこと
Authentication.SignUp.Label.PasswordError3.V2,推測されやすいパスワードは使用できません
Authentication.SignUp.Label.PasswordErrorLengthNew,パスワードは8～200文字で入力してください
Authentication.SignUp.Label.PasswordErrorSimple,パスワードは単純すぎないものにしてください。
Authentication.SignUp.Label.PasswordPlaceholder,半角英数字で8文字以上
Authentication.SignUp.Label.PhoneNumber,
Authentication.SignUp.Label.SelectBirthdaySentenceCase,生年月日を選択
Authentication.SignUp.Label.SelectYourBirthday,
Authentication.SignUp.Label.SetUpPasskey,またはパスキーを設定
Authentication.SignUp.Label.SignUp,新規登録
Authentication.SignUp.Label.Skip,スキップ
Authentication.SignUp.Label.Use8CharPassword,8文字以上にしてください
Authentication.SignUp.Label.UsernameError1,半角英数字と下線 _ のみ使用可
Authentication.SignUp.Label.UsernameError2,半角英字3文字以上20文字以内
Authentication.SignUp.Label.UsernameError3,使われていないユーザーネームであること
Authentication.SignUp.Label.UsernameError4,Robloxに不適切な文言を入れないこと
Authentication.SignUp.Label.UsernameError5,始めまたは終わりに下線 _ を入れないこと
Authentication.SignUp.Label.UsernameError6,下線 _ の使用は最大で1つ
Authentication.SignUp.Label.UsernameError7,個人情報などを入れないこと
Authentication.SignUp.Label.WhensYourBirthday,
Authentication.SignUp.Label.Year,年
Authentication.SignUp.Label.YearsOld,（{yearsOld} 歳）
Authentication.SignUp.Labely.Boy,男子
Authentication.SignUp.Message.Username.NoRealNameUse,本名を使用しないでください
Authentication.SignUp.PasswordErrorLength,8～200文字で入力してください
Authentication.SignUp.Response.AgedUpDisplayNameSetFirst,まず名前を設定する必要があります。
Authentication.SignUp.Response.BirthdayMustBeSetFirst,最初に誕生日を設定する必要があります。
Authentication.SignUp.Response.ErrorTryAgain,
Authentication.SignUp.Response.InvalidBirthday,生年月日が無効です。
Authentication.SignUp.Response.InvalidEmail,
Authentication.SignUp.Response.InvalidPhoneNumber,電話番号が無効です。
Authentication.SignUp.Response.PasswordComplexity,もっと複雑なパスワードを作成してください。
Authentication.SignUp.Response.PhoneNumberAlreadyLinked,すでに他のアカウントと関連付けられている番号です。
Authentication.SignUp.Response.UsernameMustBeSetFirst,最初にユーザーネームを設定する必要があります。
Authentication.SignUp.Title,{username} さん、こんにちは。パスワードを作成してください
Authentication.TwoStepVerification.Action.Approve,承認する
Authentication.TwoStepVerification.Action.ChangePassword,パスワードの変更
Authentication.TwoStepVerification.Action.Deny,却下
Authentication.TwoStepVerification.Action.GoToSecurity,
Authentication.TwoStepVerification.Action.Okay,
Authentication.TwoStepVerification.CrossDevice.Authentication,別のデバイスで認証しようとしていますか？
Authentication.TwoStepVerification.CrossDevice.BirthdateChange,別のデバイスで生年月日を変更しようとしていますか？
Authentication.TwoStepVerification.CrossDevice.Deactivation,別のデバイスからアカウントを無効化しようとしていますか？
Authentication.TwoStepVerification.CrossDevice.LimitedResale,別のデバイスで数量限定アイテムを再販売しようとしていますか？
Authentication.TwoStepVerification.CrossDevice.PrivacyChange,別のデバイスで取引のプライバシー設定を変更しようとしていますか？
Authentication.TwoStepVerification.CrossDevice.Reactivation,別のデバイスからアカウントを再有効化しようとしていますか？
Authentication.TwoStepVerification.CrossDevice.RecoveryCodes,別のデバイスで回復コードを作成しようとしていますか？
Authentication.TwoStepVerification.CrossDevice.Resale,別のデバイスでアイテムを再販売しようとしていますか？
Authentication.TwoStepVerification.CrossDevice.Spend,別のデバイスでRobuxを使おうとしていますか？
Authentication.TwoStepVerification.CrossDevice.Trade,別のデバイスで取引しようとしていますか？
Authentication.TwoStepVerification.Description.LoginToNewDevice,新しいデバイスにログインしようとしていますか？
Authentication.TwoStepVerification.Description.PostLoginActionConfirmation,他のデバイスで操作を完了しようとしていますか？
Authentication.TwoStepVerification.Header.AttemptDenied,試行が却下されました
Authentication.TwoStepVerification.Header.AttemptExpired,試行の有効期限切れ
Authentication.TwoStepVerification.Header.LoginAttemptExpired,ログイン試行が有効期限切れです
Authentication.TwoStepVerification.Label.AlreadyReviewed,他のデバイスでレビューされました
Authentication.TwoStepVerification.Label.AttemptReviewed,試行を審査しました
Authentication.TwoStepVerification.Label.CodeInputPlaceholderText,{codeLength}桁のコードを入力してください
Authentication.TwoStepVerification.Label.DateTimeLabel,日時
Authentication.TwoStepVerification.Label.DeviceTypeLabel,デバイスの種類
Authentication.TwoStepVerification.Label.DidNotReceive,コードを受け取りませんでしたか？
Authentication.TwoStepVerification.Label.Expired,認証の試みが有効期限切れです。
Authentication.TwoStepVerification.Label.IPAddressLabel,IPアドレス
Authentication.TwoStepVerification.Label.InvalidCode,無効なコード
Authentication.TwoStepVerification.Label.Location,{city}{subdivision}（{country}）
Authentication.TwoStepVerification.Label.LocationLabel,場所
Authentication.TwoStepVerification.Label.LocationWithoutCity,{subdivision}（{country}）
Authentication.TwoStepVerification.Label.LocationWithoutCountry,{city}{subdivision}
Authentication.TwoStepVerification.Label.LocationWithoutSubdivision,{city}（{country}）
Authentication.TwoStepVerification.Label.LoginExpired,アカウントへのログイン試行の有効期限が切れています
Authentication.TwoStepVerification.Label.NeedHelpMessage,ヘルプが必要ですか？ ヘルプセンターをごらんください
Authentication.TwoStepVerification.Label.PasswordChangeRecommended,アカウント保護のため、パスワードの変更をおすすめします。
Authentication.TwoStepVerification.Label.Resend,
Authentication.TwoStepVerification.Label.SomeoneMightHavePassword,誰かがあなたのパスワードを知っているようです。
Authentication.TwoStepVerification.Label.TwoStepRequired,取引を進めるには、2段階認証が必要です。 設定 > セキュリティ に行って、2段階認証を完了してください。
Authentication.TwoStepVerification.Label.TwoStepRequiredLogout,決済を進めるには、2段階認証が必要です。設定 > セキュリティ に行って2段階認証を完了してください。2段階認証を有効化すると、現在のスクリーンからログアウトされます。
Authentication.TwoStepVerification.Label.TwoStepVerification,
Authentication.TwoStepVerification.Label.UnknownDevice,デバイスの種類が不明です
Authentication.TwoStepVerification.Label.UnknownIPAddress,不明なIPアドレス
Authentication.TwoStepVerification.Label.UnknownLocation,地域が不明です
Authentication.TwoStepVerification.Response.DefaultError,エラーが発生しました。もう一度お試しください。
Authentication.TwoStepVerification.Response.TooManyAttempts,試行回数が多すぎます。後でもう一度お試しください。
Authentication.TwoStepVerification.Title.VerificationRequired,認証が必要です
AvatarGeneration.SelfieConsent.AgreeButton,同意する
AvatarGeneration.SelfieConsent.BodyTextLink,あなたは画像をアップロードすることで、その画像を使用する権利を有することを確認し、Robloxがアバター作成のために生成AIレンダリングを収集、使用、およびクリエイターと共有することに同意したものとみなされます。
AvatarGeneration.SelfieConsent.CancelButton,
AvatarGeneration.SelfieConsent.PrivacyLinkText,
AvatarGeneration.SelfieConsent.Title,画像を使用して自分のアバターを作成する。
Common.AlertsAndOptions.Title.Warning,警告
Common.GameSorts.Label.BlendedSerpPeopleAlsoJoin,人が他にも参加しています
Common.GameSorts.Label.Favorites,お気に入り
Common.Presence.Label.InExperience,バーチャル空間内
Common.Presence.Label.Invisible,非公開
Common.Presence.Label.Offline,オフライン
Common.Presence.Label.Online,オンライン
Common.Presence.Label.RobloxStudio,Roblox Studio
Common.UGCValidation.ErrorLabel.AQSFail_AnimationTooLong,アニメーションが長すぎます（{duration}秒）。リアクションアニメーションは{maxLength}秒以下にしてください。
Common.UGCValidation.ErrorLabel.AQSFail_AnimationTooShort,アニメーションが短すぎます（{duration}秒）。リアクションアニメーションは{minLength}秒より長くしてください。
Common.UGCValidation.ErrorLabel.AQSFail_MeshIslandML,ボディには、小さな分離したメッシュコンポーネント（メッシュアイランド）が含まれています。フローティングジオメトリを削除し、すべてのメッシュパーツが適切に接続されていることを確認してください。
Common.UGCValidation.ErrorLabel.AQSFail_TooManyDisconnectedComponents,アセット品質：{partName}には、{num_disconnected_components}個の分離したコンポーネントがあり、これは最大数の{max_disconnected_components}個を超えています。
Common.UGCValidation.ErrorLabel.AQSInputDataError,入力データが正しくないか不完全なため、品質スコアを正しく計算できません。モデルを確認するか、バグレポートを提出してください
Common.UGCValidation.ErrorLabel.AQSInternalError,アセット品質エラーのためスコアを生成できません。入力データの正確性を確認して再試行するか、バグ報告を提出してください。
Common.UGCValidation.ErrorLabel.AQSWarn_CageMeshDistance,アセット品質の警告：ケージとメッシュの距離スコアは{score}です。アウターケージとメッシュの間の最大距離は{max_distance}です。アウターケージの頂点の{negative_sdf_percent}%がレンダリングメッシュ内にあります。
Common.UGCValidation.ErrorLabel.AQSWarn_CageMeshDistanceAvatar,アセット品質の警告：身体ケージの距離スコアは{score}です。身体ケージとメッシュの間の最大距離は{max_distance}です。身体ケージの頂点の{negative_sdf_percent}%が身体メッシュ内にあります。
Common.UGCValidation.ErrorLabel.AQSWarn_CageMeshDistanceHead,アセット品質の警告：頭部ケージの距離スコアは{score}です。頭部ケージとメッシュの間の最大距離は{max_distance}です。頭部ケージの頂点の{negative_sdf_percent}%が頭部メッシュ内にあります。
Common.UGCValidation.ErrorLabel.AQSWarn_CageRelevancy,アセット品質の警告：ケージの関連性スコアは{score}です。修正されたアウターケージの頂点の{irrelevant_percent}%がアクセサリに対応していません。
Common.UGCValidation.ErrorLabel.AQSWarn_CageUV,アセット品質の警告：ケージのUVスコアは{cage_name}の場合は{score}です。不正確なUVカウント：{incorrect_uv_count}。
Common.UGCValidation.ErrorLabel.AQSWarn_DegenTriangles,アセット品質：{partName}には、退化した三角形が{degenerate_triangle_percent}%含まれています（スコア：{score}）。
Common.UGCValidation.ErrorLabel.AQSWarn_DynamicHead,アセット品質の警告：動く頭の表情スコアは{score}です。
Common.UGCValidation.ErrorLabel.AQSWarn_JointNumber,アセット品質：ジョイント構成のスコアは{score}です（ジョイント：{joint_number}、左手：{left_hand_joint_number}、右手：{right_hand_joint_number}）。
Common.UGCValidation.ErrorLabel.AQSWarn_MeshIslandVolume,アセット品質：{partName}には、{num_disconnected_components}個のコンポーネントのうち、{num_small_volume_islands}個の小さな分離したアイランドがあります（スコア：{score}）。
Common.UGCValidation.ErrorLabel.AQSWarn_MeshManifold,アセット品質：{partName}には、メッシュの多様体に関する問題が含まれています（スコア：{score}）。
Common.UGCValidation.ErrorLabel.AQSWarn_MeshNotWatertight,アセット品質：{partName}メッシュが水密ではありません（{boundary_edges_percent}%の境界エッジ）。
Common.UGCValidation.ErrorLabel.AQSWarn_MeshOutsideOuterCage,アセット品質の警告：メッシュの包含スコアは{score}です。メッシュの頂点の{mesh_outside_outer_cage_percent}%がアウターケージの外側にあります。
Common.UGCValidation.ErrorLabel.AQSWarn_MissingData,{measureName}のアセット品質スコアは、入力データが不完全または無効であったため、計算できませんでした。これはアップロードを妨げるものではありません。
Common.UGCValidation.ErrorLabel.AQSWarn_TextureComplexity,アセット品質：テクスチャ{textureName}の複雑度が低いです（スコア：{score}）。
Common.UGCValidation.ErrorLabel.AQSWarn_TextureResolution,アセット品質：テクスチャ{textureName}の解像度は{texture_width}x{texture_height}です（スコア：{score}）。
Common.UGCValidation.ErrorLabel.AQSWarn_TriangleIntersection,アセット品質：{partName}には、交差している三角形の面が{intersecting_tri_face_percent}%含まれています（スコア：{score}）。
Common.UGCValidation.ErrorLabel.AQSWarn_UVBound,アセット品質：{partName}には、境界外のUV頂点が{uv_outside_bound_vert_percent}%含まれています（スコア：{score}）。
Common.UGCValidation.ErrorLabel.AQSWarn_VertexSimilarity,アセット品質：{partName}には、近接頂点が{similar_vertex_percent}%含まれています（スコア：{score}）。
Common.UGCValidation.ErrorLabel.AccessoryAttachmentOutOfBounds,「{PartName}」のアクセサリアタッチメント「{AttachmentName}」は、メッシュの表面の近くに配置する必要があります。現在の位置[{CurrentPosition}]は有効な領域外です。[{ClosestValidPosition}]に近づけてください。
Common.UGCValidation.ErrorLabel.AccessorySkinning_ExtraJoint,Handle（ハンドル）が、許可されているスキーマに含まれていないジョイント{jointName}にスキニングされています。許可されているのは、標準のR15ジョイントとスキニング転送ジョイントのみです。
Common.UGCValidation.ErrorLabel.AccessorySkinning_MissingTransferJoint,{assetType}はスキニング転送を使用する必要がありますが、必要なジョイント{requiredJointName}が不足しています。
Common.UGCValidation.ErrorLabel.AccessorySkinning_NotLeaderOrFollower,Handle（ハンドル）が{jointName}のジョイントにスキニングされていますが、このアセットは自動スキニングされる必要があります。スキニングできるのは{validJointNameList}のみです。
Common.UGCValidation.ErrorLabel.AccessorySkinning_RequiredSkinningTransfer,{assetType}はスキニング転送を使用する必要があります。WrapLayer.AutoSkinをEnabledOverrideに設定してください。
Common.UGCValidation.ErrorLabel.AccessorySkinning_RigidIsSkinned,リジッド（固定）アクセサリーには、サポートされていないスキニングデータが含まれます。必ず、メッシュと一緒にボーンがインポートされないようにしてください。
Common.UGCValidation.ErrorLabel.AccessorySkinning_TransferJointWithoutAutoSkin,Handle（ハンドル）には{jointName}のジョイント が含まれており 、これはWrapLayer.AutoSkinがEnabledOverrideに設定されている場合にのみ許可されます。
Common.UGCValidation.ErrorLabel.AccessorySkinning_WeightNotFull,転送ジョイントにスキニングされた頂点は、完全に重み付けされている必要があります。
Common.UGCValidation.ErrorLabel.AnimationPack_DuplicateAnimationId,アニメーションパックのバンドルに、複数のクリップ（{instancePaths}）で使用されている重複したアニメーションID「{animationId}」が含まれています。各アニメーションクリップは、一意のアニメーションアセットを参照する必要があります。
Common.UGCValidation.ErrorLabel.AnimationPack_InvalidR15AnimChildren,アニメーションパックバンドルに、必要なアニメーションタイプ「{missingAnimationTypes}」が不足しています。各アニメーションタイプにはR15Animフォルダが1つ備わり、その中には必要なStringValueの子要素が正確に含まれていなければなりません。
Common.UGCValidation.ErrorLabel.Animation_WeightNotPositive,アニメーション「{animationName}」のウェイトの値が{weight}になっていますが、ウェイトは0より大きい必要があります。アニメーションを修正してください。
Common.UGCValidation.ErrorLabel.AssetSchemaMissingItem,{ParentPath}内で必要な{ExpectedClass}クラス「{ExpectedName}」が見つかりません。
Common.UGCValidation.ErrorLabel.AssetSchemaUnexpectedItems,以下のインスタンスは承認済みスキーマの一部ではないため、削除する必要があります: {UnexpectedDescendantPaths}
Common.UGCValidation.ErrorLabel.AssetSchemaWrongRootClass,アップロードされたアセットは{ExpectedClass}であるべきですが、{RootClass}です。
Common.UGCValidation.ErrorLabel.AssetSchemaWrongRootName,アップロードされたアセットの名前は{ExpectedClass}であるべきですが、{RootClass}となっています。
Common.UGCValidation.ErrorLabel.ContentNotEditable,{InstanceFullName}.{FieldName}には、未保存の編集可能なコンテンツがまだ含まれています。公開する前にアセットとして保存してから、もう一度お試しください。
Common.UGCValidation.ErrorLabel.CurveAnim_BodyPartHasPosition,CurveAnimationのボディパーツ「{bodyPartName}」には、位置（変位）トラックが含まれています。アニメーションのボディパーツは回転のみ可能です。位置トラックは使用できません。このボディパーツから位置トラックを削除してください。
Common.UGCValidation.ErrorLabel.CurveAnim_BodyPartTranslationExceedsThreshold,CurveAnimationのボディパーツ「{bodyPartName}」は、開始位置から{distance}マス移動します。最大許容変位は{maxDistance}マスです。ボディパーツの位置移動を減らしてください。
Common.UGCValidation.ErrorLabel.CurveAnim_BodyPartWithBoneHasPosition,CurveAnimationにはHRD/DRDの骨格が含まれ、ボディパーツ「{bodyPartName}」に位置（変位）トラックがあります。アニメーションに骨格が存在する場合、関節の分離を防ぐため、ボディパーツは移動できません。ボディパーツからすべての位置トラックを削除してください。
Common.UGCValidation.ErrorLabel.CurveAnim_BonePositionNotAllowed,CurveAnimationの骨格「{boneName}」には、位置（変位）トラックが含まれています。HRD/DRDの骨格は回転のみ可能です。位置トラックは関節の分離を引き起こすため、使用できません。この骨格から位置アニメーションを削除してください。
Common.UGCValidation.ErrorLabel.CurveAnim_BoneTranslationExceedsThreshold,CurveAnimationのボーン「{boneName}」は、開始位置から{distance}マス移動します。最大許容変位は{maxDistance}マスです。ボーンの位置移動を減らしてください。
Common.UGCValidation.ErrorLabel.CurveAnim_BonesNotAllowed,CurveAnimationには、まだ対応外のHRD/DRD骨格フォルダが含まれています。アップロードする前に、すべての骨格のサブフォルダを削除してください。
Common.UGCValidation.ErrorLabel.CurveAnim_BoundsExceeded,CurveAnimation内のボディパーツは、HumanoidRootPartから{minHeight}マスより下、または{maxDistance}マスより遠くには配置できません。アニメーションを修正してください。
Common.UGCValidation.ErrorLabel.CurveAnim_ChildrenOnMarkerOrRig,CurveAnimationの子であるMarkerCurvesとAnimationRigDataには、子を含めることはできません
Common.UGCValidation.ErrorLabel.CurveAnim_ContainsScripts,CurveAnimationの階層にScripts、LocalScripts、またはModuleScriptsが含まれています。これらは削除してください。
Common.UGCValidation.ErrorLabel.CurveAnim_DuplicateBodyPartFolder,CurveAnimation内の「{bodyPartName}」に、重複するボディパーツフォルダ「{instancePath}」が含まれています。各ボディパーツは、アニメーション階層内に1回だけ含めることができます。
Common.UGCValidation.ErrorLabel.CurveAnim_FetchFailed,CurveAnimationデータを読み込めませんでした。アニメーションアセットが無効またはアクセスできない可能性があります。
Common.UGCValidation.ErrorLabel.CurveAnim_InvalidBodyPartHierarchy,CurveAnimationに、無効な階層を持つボディパーツフォルダ「{folderName}」が含まれています（許可されていない子フォルダが含まれるか、子フォルダの設定が正しくありません）
Common.UGCValidation.ErrorLabel.CurveAnim_InvalidBoneName,CurveAnimationのフォルダ「{boneName}」は、認識されているHRD/DRDの骨格名ではありません。アニメーションのサブフォルダは、有効なR15ボディパーツまたは認識されている骨格名（HeadBase、Spine、Chest、LeftClavicle、RightClavicle、LeftToeBase、RightToeBase、またはLeftHandIndex1などの指の骨格）である必要があります。
Common.UGCValidation.ErrorLabel.CurveAnim_InvalidCurveData,CurveAnimationに、時間または値が無効なCurveが含まれています。アニメーションを修正してください。
Common.UGCValidation.ErrorLabel.CurveAnim_InvalidInstanceTypes,CurveAnimation階層に含めることができるのは、{allowedTypes}のみです。他のインスタンスタイプはすべて削除してください。
Common.UGCValidation.ErrorLabel.CurveAnim_InvalidLength,CurveAnimationは、{minLength}～{maxLength}秒の長さでなければなりません。アニメーションを修正してください。
Common.UGCValidation.ErrorLabel.CurveAnim_InvalidMarkerData,CurveAnimationに、無効な時間または値のあるMarkerCurveが含まれているか、値が長すぎます。アニメーションを修正してください。
Common.UGCValidation.ErrorLabel.CurveAnim_InvalidNumericalData,CurveAnimationに、無効な数値データがあるCurveが含まれています。アニメーションを修正してください。
Common.UGCValidation.ErrorLabel.CurveAnim_InvalidRigData,AnimationRigDataの内部検証ができませんでした。AnimationRigDataが正しく設定されていることを確認してください。
Common.UGCValidation.ErrorLabel.CurveAnim_InvalidRigDataR15Plus,AnimationRigDataのR15+の内部検証ができませんでした。AnimationRigDataが骨格アニメーション用に正しく設定されていることを確認してください。
Common.UGCValidation.ErrorLabel.CurveAnim_InvalidTags,CurveAnimationに含められるタイムスタンプタグは1件のみです。他のタグはすべて削除してください。
Common.UGCValidation.ErrorLabel.CurveAnim_JointRotationExceeded,CurveAnimationでは、{time}秒目の時点で、ジョイント「{bodyPart}」の回転角度が静止ポーズから{rotation}度になっています。最大許容値は{maxRotation}度です。アニメーションを修正してください。
Common.UGCValidation.ErrorLabel.CurveAnim_KeysTooClose,CurveAnimationに、最大{maxFPS}fpsのアニメーションに対して時間が近すぎるキーがあるCurve（{curvePath}）が含まれています。アニメーションを修正してください。
Common.UGCValidation.ErrorLabel.CurveAnim_LoopingNotEnabled,CurveAnimation '{animationName}'のループが有効化されていません。マーケットプレイスにアップロードされるアニメーションはループする必要があります。ループプロパティを有効化してください。
Common.UGCValidation.ErrorLabel.CurveAnim_MultipleBodyRoots,CurveAnimationに、複数のボディパーツまたはHumanoidRootPartフォルダの子が含まれています。ボディパーツまたはHumanoidRootPartを基にして名付けられた子フォルダは1件のみにしてください。
Common.UGCValidation.ErrorLabel.CurveAnim_MultipleRigData,CurveAnimationに、複数のAnimationRigDataの子が含まれています。AnimationRigDataの子は1件のみにしてください。
Common.UGCValidation.ErrorLabel.CurveAnim_NegativeKeyTime,CurveAnimationに、時間が負の値のキーがあるCurve（{curvePath}）が含まれています。アニメーションを修正してください。
Common.UGCValidation.ErrorLabel.CurveAnim_NoBodyRoot,CurveAnimationに、ボディパーツまたはHumanoidRootPartフォルダの子要素が1件も含まれていません。ボディパーツまたはHumanoidRootPartを基にして名付けられた子フォルダが1件のみ存在するようにしてください。
Common.UGCValidation.ErrorLabel.CurveAnim_NoJointManipulation,CurveAnimationに、ジョイントの操作が含まれていません。
Common.UGCValidation.ErrorLabel.CurveAnim_NoRigData,CurveAnimationに、AnimationRigDataの子が1件も含まれていません。AnimationRigDataの子が1件のみ存在するようにしてください。
Common.UGCValidation.ErrorLabel.CurveAnim_NotCurveAnimation,参照されているアニメーションはCurveAnimationではありません。アニメーションが正しくアップロードされていることを確認してください。
Common.UGCValidation.ErrorLabel.CurveAnim_PartTooFar,CurveAnimationでは、{time}秒目の時点で、ボディパーツ「{bodyPart}」がHumanoidRootPartから{distance}マスの位置にあります。ボディパーツは、HumanoidRootPartから{maxDistance}マスより遠くには配置できません。アニメーションを修正してください。
Common.UGCValidation.ErrorLabel.CurveAnim_PartTooLow,CurveAnimationでは、{time}秒目の時点で、ボディパーツ「{bodyPart}」がHumanoidRootPartから高さ{height}マスの位置にあります。ボディパーツは、HumanoidRootPartから{minHeight}マスより下には配置できません。アニメーションを修正してください。
Common.UGCValidation.ErrorLabel.CurveAnim_PositionSeparation,CurveAnimationに、ボディパーツが位置的に分離している部分が含まれます。位置を変更できるのはLowerTorsoのみです。その他のすべてのボディパーツは、向きのみを変更できます。「{bodyPart}」は、親から{maxMovement}マスより多く移動します。アニメーションを修正してください。
Common.UGCValidation.ErrorLabel.CurveAnim_RotationTooFast,CurveAnimationでは、{time}秒目の時点で、ボディパーツ「{bodyPart}」が{speed}度/秒の速度で回転しています。最大速度は{maxSpeed}度/秒です。アニメーションを修正してください。
Common.UGCValidation.ErrorLabel.CurveAnim_SpeedTooFast,CurveAnimationでは、{time}秒目の時点で、ボディパーツ「{bodyPart}」が{speed}マス/秒の速度で移動しています。最大速度は{maxSpeed}マス/秒です。アニメーションを修正してください。
Common.UGCValidation.ErrorLabel.CurveAnim_SpeedTooFastLegacy,CurveAnimation内のボディパーツ「{bodyPart}」は、フレーム間で{maxMovement}マスより多く移動します。アニメーションを修正してください。
Common.UGCValidation.ErrorLabel.CurveAnim_StrictSchemaViolation,CurveAnimation構造が無効です：{detail}。アニメーションが想定されるスキーマに従っていることを確認してください。
Common.UGCValidation.ErrorLabel.CurveAnim_TooManyDescendants,CurveAnimationには子孫が{count}件あります。最大許容数は{maxAllowed}件です。子孫の数を減らしてください。
Common.UGCValidation.ErrorLabel.CurveAnim_TooManyKeys,CurveAnimationに、キーの数が多すぎるCurveが含まれています。Curveあたりのキーの最大数は{maxAllowed}件です。アニメーションを修正してください。
Common.UGCValidation.ErrorLabel.CurveAnim_TooManyMarkerCurves,CurveAnimationに、{maxAllowed}件を超えるMarkerCurveが含まれています。MarkerCurveの子孫は{maxAllowed}件以下にしてください。
Common.UGCValidation.ErrorLabel.CurveAnim_TooManyMarkers,CurveAnimationに、マーカーが{count}件あるMarkerCurveが含まれています。MarkerCurveあたりのマーカーの最大数は{maxAllowed}件です。アニメーションを修正してください。
Common.UGCValidation.ErrorLabel.CurveAnim_UnexpectedChild,CurveAnimationに、予期しない子が含まれています：{childName}
Common.UGCValidation.ErrorLabel.DynamicHeadCageMisaligned,マーケットプレイスの「動く頭」は、ケージの目と口の頂点がメッシュの頂点と一致するように、適切に合わせる必要があります。ケージとメッシュとの位置合わせを改善してください。
Common.UGCValidation.ErrorLabel.DynamicHeadHappyNotShown,動く頭の笑顔の表情を検出できません。口のケージのランドマークを調整して、頭の口の位置に合わせ、笑顔の表情ができるようにしてください。
Common.UGCValidation.ErrorLabel.DynamicHeadLeftEyeNotClose,動く頭の左目を閉じた表情を検出できません。左目のケージのランドマークを調整して、頭の左目の位置に合わせ、閉じられるようにしてください。
Common.UGCValidation.ErrorLabel.DynamicHeadMISSINGCAGE,マーケットプレイスの「動く頭」に頭ケージがありません。「動く頭」に頭ケージを作成してください。
Common.UGCValidation.ErrorLabel.DynamicHeadMouthNotOpen,動く頭の口を開いた表情を検出できません。口のケージのランドマークを調整して、頭の口の位置に合わせ、口が開くようにしてください。
Common.UGCValidation.ErrorLabel.DynamicHeadNOFACS,マーケットプレイス上の「動く頭」はアニメ化されている必要がありますが、この頭にはFACSデータがありません。
Common.UGCValidation.ErrorLabel.DynamicHeadRightEyeNotClose,動く頭の右目を閉じた表情を検出できません。右目のケージのランドマークを調整して、頭の右目の位置に合わせ、閉じられるようにしてください。
Common.UGCValidation.ErrorLabel.DynamicHeadSadNotShown,動く頭のしかめっ面の表情を検出できません。口のケージのランドマークを調整して、頭の口の位置に合わせ、しかめっ面の表情ができるようにしてください。
Common.UGCValidation.ErrorLabel.EmissiveMap_NotAllowed,このアセットは、信頼できるクリエータープログラムのクリエーターのみが利用できるエミッシブマップを使用しています。アップロードする前に、すべてのエミッシブマップコンテンツを削除するか、プログラムに参加してください。
Common.UGCValidation.ErrorLabel.EmoteAnimation_InvalidMaxPartTranslationAttribute,公開されたアニメーションには有効なパーツの最大移動量がありません。アニメーションを再公開してください。
Common.UGCValidation.ErrorLabel.EmoteAnimation_InvalidUGCAttribute,公開されたアニメーションには有効なUGCリアクションマーカーがありません。アニメーションを再公開してください。
Common.UGCValidation.ErrorLabel.EmoteAnimation_MaxPartTranslationCalcFailed,公開されたアニメーションデータからパーツの最大移動量を計算できませんでした。アニメーションを再公開してください。
Common.UGCValidation.ErrorLabel.EmoteAnimation_MaxPartTranslationMismatch,公開されたアニメーションでは、パーツの最大移動量が{taggedTranslation}マスに指定されていますが、アニメーションデータでは{calculatedTranslation}マスと計算されています。アニメーションを再公開してください。
Common.UGCValidation.ErrorLabel.FaceControlsOverrideFACSNotEmpty,アップロード時、FaceControlsのInternalOverrideFACSDataプロパティは空にする必要があります。
Common.UGCValidation.ErrorLabel.FacsExpandsHead,頭部を{modPercent}%に拡大するFACS（表情コーディングシステム）が検出されましたが、頭部の変更は表情アニメーションに関するマーケットプレイスのポリシーに違反します。
Common.UGCValidation.ErrorLabel.FacsShrinksHead,頭部を{modPercent}%に縮小するFACS（表情コーディングシステム）が検出されましたが、頭部の変更は表情アニメーションに関するマーケットプレイスのポリシーに違反します。
Common.UGCValidation.ErrorLabel.FailureWithoutReason,不明な理由で検証に失敗しました。再度お試しいただくか、問題が解決しない場合はバグレポートを開いてください。
Common.UGCValidation.ErrorLabel.FolderStructureMismatch,アップロード形式が期待されるフォルダ構造と一致しません。再度お試しいただくか、バグ報告を提出してください。
Common.UGCValidation.ErrorLabel.HeadNotDynamic,コアとなる顔の動きを適切にアニメーション化するにはマーケットプレイス上の「動く頭」を設定する必要がありますが、当社の検出では顕著な変化は確認されませんでした。
Common.UGCValidation.ErrorLabel.HrdBone_OutOfBounds,骨「{bonePath}」がメッシュパーツ「{partName}」から離れすぎています。メッシュパーツのサイズ境界に近づけてください。
Common.UGCValidation.ErrorLabel.HrdBone_TooCloseToParent,ボーン{bonePath}が親に近すぎます。ボーンの位置を少し調整してください。
Common.UGCValidation.ErrorLabel.HrdBone_TransformNotIdentity,骨「{bonePath}」には変換プロパティが存在しますが、これはまだマーケットプレイスへのアップロードが有効化されていません。これをIdentity CFrameにリセットしてください。
Common.UGCValidation.ErrorLabel.HrdCheck_BoneNotMappedInHRD,骨{boneName}は許可されていますが、「HumanoidRigDescription」または「DigitsRigDescription」で明示的にマッピングする必要があります。
Common.UGCValidation.ErrorLabel.HrdCheck_BoneWithoutHrd,{bonePath}で骨が見つかりましたが、骨を使用するには「HumanoidRigDescription」を使用する必要があります。
Common.UGCValidation.ErrorLabel.HrdCheck_DrdInvalidSide,{partName}内のDigitsRigDescriptionは{expectedSide}側のものであるべきですが、プロパティ値は{foundSide}です。
Common.UGCValidation.ErrorLabel.HrdCheck_DrdWithoutHrd,HumanoidRigDescriptionがない場合、DigitsRigDescriptionを含めることはできません
Common.UGCValidation.ErrorLabel.HrdCheck_DuplicateInstance,インスタンス{instName}は複数回表示されますが、ボーン階層内には1回しか存在できません。
Common.UGCValidation.ErrorLabel.HrdCheck_ImproperParent,インスタンス{instName}は{parentName}の下にありますが、既存の骨格に基づくと、{expectedParentName}の下にあるべきです。
Common.UGCValidation.ErrorLabel.HrdCheck_TempR15BonesUploadNotAllowed,ボディのアップロードに対してHumanoidRigDescriptionと追加のボーンが、まだ有効化されていません。
Common.UGCValidation.ErrorLabel.HrdCheck_UndefinedInstanceInBoneTree,クラス{className}のインスタンス{instName}は骨格ツリー内に存在しますが、定義されたR15plusスキーマの一部ではありません。
Common.UGCValidation.ErrorLabel.HrdImproperJointMapping,オプションのジョイント{jointName}がHRDで正しくマッピングされていません。これは{boneName}という名前のボーンにマッピングする必要があります。
Common.UGCValidation.ErrorLabel.HrdMissingStandardJoint,ジョイント{jointName}は標準のR15ジョイントですが、リグアタッチメントがHRDに接続されていません。アバターの下にあるHRDが、Motor6dではなくAttachmentConstraintにリンクされていることを確認してください。
Common.UGCValidation.ErrorLabel.HrdProperties_MinAboveMax,「{jointName}」にはHRDで設定された範囲がありますが、最小範囲に最大範囲よりも大きいコンポーネントが含まれており、これは有効な範囲ではありません。
Common.UGCValidation.ErrorLabel.HrdProperties_OriginOutsideBounds,HumanoidRigDescriptionのoriginOffsetが範囲外です。OriginOffsetには回転があってはならず、{valueMin}～{valueMax}の範囲内でなければなりません。
Common.UGCValidation.ErrorLabel.HrdProperties_PropertyOutOfRange,「{jointName}」（{propertyName}）は、HRD/DRDで{currentValue}に設定されています。許容範囲は{valueMin}～{valueMax}です。
Common.UGCValidation.ErrorLabel.HrdProperties_UncontainedJoint,HRDプロパティ「{jointName}」は「{foundMeshName}」内のインスタンスによって参照されていますが、これは含まれているリストの一部ではありません。Studioから公開しており、アバターレベルでHRD/DRDのみが存在する場合は、バグ報告を提出してください。
Common.UGCValidation.ErrorLabel.HrdTposePosition,ジョイント{jointName}のTposeAdjustmentの位置が許容範囲外です。オフセットを±({offsetLimit})の範囲内に収まるように減らしてください。
Common.UGCValidation.ErrorLabel.HrdTposeRotation,ジョイント{jointName}のTposeAdjustmentが、推奨される方向の{expectedOrientation}から{degLimit}度以上ずれます。
Common.UGCValidation.ErrorLabel.InstanceTagsFound,以下のインスタンスにはタグが付与されていますが、マーケットプレイスのアセットにはタグを付与できません: {ProblematicDescendantPaths}
Common.UGCValidation.ErrorLabel.InternalError,内部エラーが発生したため、アセットを正しく検証できませんでした。この問題が続く場合は、バグレポートを作成してください。ValidationJobId：{ValidationJobId}
Common.UGCValidation.ErrorLabel.JointRotAtt_Moved,{instPath}は移動されたjointRotationですが、マーケットプレイスへのアップロードではまだこのインスタンスが調整されない可能性があります。位置を{expectedPosition}にリセットしてください。
Common.UGCValidation.ErrorLabel.JointRotAtt_MultipleAttachments,インスタンス「{parentPath}」には、JointRotationの子要素を2つ以上含めることはできません。
Common.UGCValidation.ErrorLabel.JointRotAtt_Rotated,{instPath}は回転したjointRotationですが、マーケットプレイスへのアップロードではまだこのインスタンスが調整されない可能性があります。方向を{expectedOrientation}にリセットしてください。
Common.UGCValidation.ErrorLabel.JointRotAtt_UnrecognizedParent,インスタンス「{parentPath}」にはJointRotationの子要素が存在しますが、これは許可されているR15plusスキーマの一部ではありません。
Common.UGCValidation.ErrorLabel.JointRotAtt_WrongInstanceClass,インスタンス「{instPath}」はJointRotationと名付けられていますが、JointRotationはアタッチメントの子であるアタッチメント専用です。
Common.UGCValidation.ErrorLabel.LCDeformTooLarge,アバターに着せたとき、許容サイズ{maxSize}を超えて重ね着した服が変形します。
Common.UGCValidation.ErrorLabel.LeaderVertsNearCageIslands,まつ毛にRBX_Leaderにスキニングされた頂点があり、これらの頂点が内側のケージの目のランドマークから遠すぎます。RBX_Leaderにスキニングされたすべての頂点を、必ず内側のケージの目の領域の近くに配置してください
Common.UGCValidation.ErrorLabel.MeasureCageMeshDistanceAvatar_CageInsideMesh,身体ケージが身体メッシュと交差しています。身体ケージの頂点の{negtiveSDFPercent}%が身体メッシュ内にあります。
Common.UGCValidation.ErrorLabel.MeasureCageMeshDistanceAvatar_CageTooFar,ケージが頭部メッシュから離れすぎています。頭部ケージとメッシュの間の最大距離は{max_sdf}であり、許容されるしきい値{max_sdf_threshold}を超えています。
Common.UGCValidation.ErrorLabel.MeasureCageMeshDistanceHead_CageInsideMesh,頭部ケージが頭部メッシュと交差しています。頭部ケージの頂点の {negtiveSDFPercent}%が頭部メッシュ内にあります。
Common.UGCValidation.ErrorLabel.MeasureCageMeshDistanceHead_CageTooFar,頭部ケージが頭部メッシュから離れすぎています。頭部ケージとメッシュの間の最大距離は{max_sdf}であり、許容されるしきい値{max_sdf_threshold}を超えています。
Common.UGCValidation.ErrorLabel.MeasureCageMeshDistance_CageInsideMesh,アウターケージがレンダリングメッシュと交差しています。アウターケージの頂点の{negtiveSDFPercent}%がレンダリングメッシュの内側にあります。
Common.UGCValidation.ErrorLabel.MeasureCageMeshDistance_CageTooFar,アウターケージがレンダリングメッシュから離れすぎています。アウターケージとメッシュの間の最大距離は{max_sdf}であり、許容されるしきい値{max_sdf_threshold}を超えています。
Common.UGCValidation.ErrorLabel.MeasureCageRelevancy,修正されたアウターケージの頂点の{outer_cage_face_irrelevant_percent}%がアクセサリに対応していません。アウターケージは必要な場合にのみ動かすようにしてください。
Common.UGCValidation.ErrorLabel.MeasureCageUV,{cage_name}のケージに、正しくないかテンプレートに属さないUV値が{incorrect_uv_count}個あります。ケージのUVを修正してください。
Common.UGCValidation.ErrorLabel.MeasureMeshOutsideOuterCage,アクセサリのメッシュの頂点の{mesh_outside_outer_cage_percent}%が、アウターケージの外側にあります。アクセサリのより多くの部分がケージの間に配置されるように調整してください。
Common.UGCValidation.ErrorLabel.MeshPartBounds_TooLarge,{partName}メッシュの{axis}軸サイズの{currentSize}スタッドが、許可されている個々のパーツの最大サイズ{maxSize}スタッドを超えています。メッシュを縮小してください。
Common.UGCValidation.ErrorLabel.MeshPartBounds_TooSmall,{partName}メッシュ{axis}軸サイズの{currentSize}スタッドが、個々のパーツの最小許容サイズ{minSize}スタッドより小さくなっています。メッシュを拡大してください。
Common.UGCValidation.ErrorLabel.MissingRequiredAttachment,アタッチメント{attName}は、{partName}の子孫要素内に正確に1回だけ存在する必要があります。
Common.UGCValidation.ErrorLabel.NoAttributes,「{RootInstanceName}」（またはその子孫）に属性が含まれています。「{InstanceNameList}」から属性を削除する必要があります。
Common.UGCValidation.ErrorLabel.PropertiesNotSensible,{ClassName}「{InstancePath}}」に無効なプロパティがあります：{ProblematicProperties}。表示されているバイト数の上限を超えています（上限が0の場合、そのプロパティは空である必要があります）。それ以外のプロパティにはNaN/Inf値が含まれているか、デフォルトのサイズ上限を超えています。
Common.UGCValidation.ErrorLabel.RigAttachmentOutOfBounds,「{PartName}」のリグアタッチメント「{AttachmentName}」は、このボディパーツの隣接パーツに接続するジョイント境界の近くに配置する必要があります。現在の位置[{CurrentPosition}]は接続面から離れすぎています。[{ClosestValidPosition}]に近づけてください。
Common.UGCValidation.ErrorLabel.SelectionCountNotOne,Robloxにアセットをアップロードするには、必ず1件のインスタンスと関連したアップロードタイプを選択する必要があります。
Common.UGCValidation.ErrorLabel.SerializedAssetTooLarge,このアセットは大きすぎるためアップロードできません（{sizeBytes}バイト。上限は{maxSizeBytes}バイトです）。サイズを小さくしてから、もう一度お試しください。
Common.UGCValidation.ErrorLabel.TagsFoundOnSingleInstance,{ProblematicDescendantPath}インスタンスにタグを付与することはできません。
Common.UGCValidation.ErrorLabel.TestWorkflowMessageV2,ハブ型翻訳同期処理のE2Eワークフロー検証に使用される、2回目のテストのエラー文字列。
Common.UGCValidation.ErrorLabel.UnallowedFacsJoints,頭部のメッシュパーツには、{jointName}の表情アニメーションが含まれていますが、これはFACS（表情コーディングシステム）では使用できません。このジョイントの名前を変更してから、頭部を再度インポートしてください。
Common.UGCValidation.ErrorLabel.UnallowedJointSkinned,ボディパーツ{partName}が、R15plusスキーマに含まれていない仮想ジョイント{jointName}にスキニングされています。
Common.VerifiedParentalConsent.Action.Cancel,
Common.VerifiedParentalConsent.Action.Close,
Common.VerifiedParentalConsent.Action.GoToSettings,[設定] へ
Common.VerifiedParentalConsent.Description.SpendingRestrictionWithSettings,お住まいの地域の規制により、購入には保護者の方の許可が必要です。[設定] > [課金] で保護者の方の許可をもらってください。　
Common.VerifiedParentalConsent.Description.SpendingRestrictionWithoutSettings,お住まいの地域の規制により、購入には保護者の方の許可が必要です。併用している端末でウェブサイトに行くか、[設定] > [課金] で保護者の方の許可をもらってください。
Common.VerifiedParentalConsent.Label.AskParent,
Common.VisitGame.Label.Play,参加
CommonUI.Controls.Action.Accept,
CommonUI.Controls.Action.Apply,適用
CommonUI.Controls.Action.Back,
CommonUI.Controls.Action.Cancel,
CommonUI.Controls.Action.CloseRoblox,Roblox（ロブロックス）を閉じる
CommonUI.Controls.Action.Confirm,確認
CommonUI.Controls.Action.Done,
CommonUI.Controls.Action.Next,
CommonUI.Controls.Action.OK,
CommonUI.Controls.Action.Refresh,リフレッシュ
CommonUI.Controls.Action.ResetAll,すべてリセット
CommonUI.Controls.Action.Search,サーチ
CommonUI.Controls.Action.ShowMore,もっと表示
CommonUI.Controls.Action.Submit,送信する
CommonUI.Controls.Action.Yes,はい
CommonUI.Controls.Birthdaypicker.Label.Date,日付
CommonUI.Controls.Input.Optional,{inputLabel} （オプション）
CommonUI.Controls.Label.April,4月
CommonUI.Controls.Label.AprilAbbreviated,
CommonUI.Controls.Label.August,8月
CommonUI.Controls.Label.AugustAbbreviated,
CommonUI.Controls.Label.Day,
CommonUI.Controls.Label.December,12月
CommonUI.Controls.Label.DecemberAbbreviated,
CommonUI.Controls.Label.February,2月
CommonUI.Controls.Label.FebruaryAbbreviated,
CommonUI.Controls.Label.ForceUpdateBody,アップデートするにはRobloxを再起動する必要があります。Robloxを再起動してください。
CommonUI.Controls.Label.ForceUpdateTitle,アップデートが必要です
CommonUI.Controls.Label.Friday,金曜日
CommonUI.Controls.Label.FridayAbbreviated,金
CommonUI.Controls.Label.InvalidDateFormat,日付の形式が無効です
CommonUI.Controls.Label.January,1月
CommonUI.Controls.Label.JanuaryAbbreviated,
CommonUI.Controls.Label.July,7月
CommonUI.Controls.Label.June,6月
CommonUI.Controls.Label.LastWeek,先週
CommonUI.Controls.Label.LastYear,昨年
CommonUI.Controls.Label.March,3月
CommonUI.Controls.Label.MarchAbbreviated,
CommonUI.Controls.Label.May,5月
CommonUI.Controls.Label.Monday,月曜日
CommonUI.Controls.Label.MondayAbbreviated,
CommonUI.Controls.Label.Month,
CommonUI.Controls.Label.November,11月
CommonUI.Controls.Label.NovemberAbbreviated,
CommonUI.Controls.Label.October,10月
CommonUI.Controls.Label.OctoberAbbreviated,
CommonUI.Controls.Label.PageCount,{current:int}/{total:int}
CommonUI.Controls.Label.Saturday,土曜日
CommonUI.Controls.Label.SaturdayAbbreviated,土
CommonUI.Controls.Label.SelectDate,日付を選択
CommonUI.Controls.Label.SelectTheTime,時間を選択
CommonUI.Controls.Label.September,9月
CommonUI.Controls.Label.SeptemberAbbreviated,
CommonUI.Controls.Label.Sunday,日曜日
CommonUI.Controls.Label.SundayAbbreviated,
CommonUI.Controls.Label.ThisMonth,今月
CommonUI.Controls.Label.ThisWeek,今週
CommonUI.Controls.Label.ThisYear,今年
CommonUI.Controls.Label.Thursday,木曜日
CommonUI.Controls.Label.ThursdayAbbreviated,木
CommonUI.Controls.Label.Today,今日
CommonUI.Controls.Label.Tuesday,火曜日
CommonUI.Controls.Label.TuesdayAbbreviated,火
CommonUI.Controls.Label.Wednesday,水曜日
CommonUI.Controls.Label.WednesdayAbbreviated,水
CommonUI.Controls.Label.Year,
CommonUI.Controls.NoResultsFound,結果が見つかりません
CommonUI.Features.Action.ClassicUnlockGetTheme,テーマを入手
CommonUI.Features.Action.ClassicUnlockManage,
CommonUI.Features.Action.Close,
CommonUI.Features.Action.Go,実行
CommonUI.Features.Action.LessLowercase,表示を減らす
CommonUI.Features.Action.MoreLowercase,その他
CommonUI.Features.Action.Send,送信
CommonUI.Features.Heading.ClassicUnlock,Robloxの20周年を祝おう！
CommonUI.Features.Heading.GameDetails,バーチャル空間の詳細
CommonUI.Features.Label.About,情報
CommonUI.Features.Label.AboutUs,当社について
CommonUI.Features.Label.AcceptConnection,つながりを承認
CommonUI.Features.Label.AcceptFriend,友達を承認
CommonUI.Features.Label.AddConnection,つながりを追加
CommonUI.Features.Label.AddConnections,
CommonUI.Features.Label.AddFriend,友達を追加
CommonUI.Features.Label.AdjustScreen,スクリーンを調整
CommonUI.Features.Label.AppInformation,アプリ情報
CommonUI.Features.Label.Avatar,アバター
CommonUI.Features.Label.Badges,バッジ
CommonUI.Features.Label.Blog,ブログ
CommonUI.Features.Label.Careers,採用情報
CommonUI.Features.Label.Catalog,Robloxカタログ
CommonUI.Features.Label.ChannelWithChannelName,チャンネル: {channelName}
CommonUI.Features.Label.Charts,ランキング
CommonUI.Features.Label.Chat,チャット
CommonUI.Features.Label.ClassicUnlockDescription,期間限定でクラシックな外観をお楽しみください
CommonUI.Features.Label.ClassicUnlockManagementSnackbar,設定でクラシックテーマを管理
CommonUI.Features.Label.ClientCoreScriptVersion,Client-CoreScript-Version: {clientCoreScriptVersion}
CommonUI.Features.Label.Connect,つながる
CommonUI.Features.Label.Connection,つながり
CommonUI.Features.Label.Connections,
CommonUI.Features.Label.ControllerBar.HoldPrefix,次を長押し：
CommonUI.Features.Label.ControllerBar.Search,
CommonUI.Features.Label.ControllerBar.ToPlaySuffix,プレイ
CommonUI.Features.Label.CreateGames,制作
CommonUI.Features.Label.CreationCenter,制作センター
CommonUI.Features.Label.DevSubs,サブスクリプション
CommonUI.Features.Label.Discover,見つけよう
CommonUI.Features.Label.ForYou,おすすめ
CommonUI.Features.Label.Friends,友達
CommonUI.Features.Label.Game,バーチャル空間
CommonUI.Features.Label.Games,ゲーム
CommonUI.Features.Label.GiftCards,ギフトカードを購入
CommonUI.Features.Label.Groups,コミュニティ
CommonUI.Features.Label.Help,ヘルプ
CommonUI.Features.Label.HelpAndSafety,ヘルプと安全
CommonUI.Features.Label.Home,ホーム
CommonUI.Features.Label.Inventory,持ち物
CommonUI.Features.Label.InviteConnections,つながっている人を招待
CommonUI.Features.Label.JoinConnections,
CommonUI.Features.Label.Learn,学ぶ
CommonUI.Features.Label.Licensing,ライセンス供与
CommonUI.Features.Label.LuobuRiderTerms,Luobuライダー利用規約
CommonUI.Features.Label.LuobuThirdPartyDataUse,サードパーティ共有リスト
CommonUI.Features.Label.Me,自分
CommonUI.Features.Label.Messages,メッセージ
CommonUI.Features.Label.Moments,モーメント
CommonUI.Features.Label.More,
CommonUI.Features.Label.MoreEvents,今後もイベント盛りだくさん！
CommonUI.Features.Label.Newsroom,ニュース
CommonUI.Features.Label.OfficialStore,公式ショップ
CommonUI.Features.Label.Parents,保護者の方へ
CommonUI.Features.Label.Players,人
CommonUI.Features.Label.Premium,プレミアム
CommonUI.Features.Label.Privacy,プライバシー
CommonUI.Features.Label.PrivacyGuidelinesChildren,子供向けプライバシーガイドライン
CommonUI.Features.Label.PrivacyPolicy,
CommonUI.Features.Label.Profile,プロフィール
CommonUI.Features.Label.RM,
CommonUI.Features.Label.Redeem,コードを引き換える
CommonUI.Features.Label.RemoveConnection,友達を削除
CommonUI.Features.Label.ReportLogs,報告ログ
CommonUI.Features.Label.ReportLogsSentenceCase,
CommonUI.Features.Label.Settings,
CommonUI.Features.Label.Startup,スタートアップ
CommonUI.Features.Label.SupportCenter,バーチャル空間サポート履歴
CommonUI.Features.Label.TencentNotice,お知らせ
CommonUI.Features.Label.Terms,規約
CommonUI.Features.Label.TermsOfService,利用規約
CommonUI.Features.Label.TermsOfUse,
CommonUI.Features.Label.Thanks,ありがとうございます
CommonUI.Features.Label.TheHunt,Robloxイベント
CommonUI.Features.Label.Trades,取引
CommonUI.Features.Label.Unchecked,未チェック
CommonUI.Features.Label.VNGMigrationBody,お住まいの地域でRoblox（ロブロックス）を引き続き使用するには、新しいRoblox-VNG アプリをダウンロードし、Robloxのユーザーネームでサインインしてください。
CommonUI.Features.Label.VNGMigrationBodyPC,お住まいの地域でRobloxを引き続き使用するには、新しいRoblox - VNアプリをダウンロードし、Robloxのユーザーネームでログインしてください。
CommonUI.Features.Label.VNGMigrationGoButton,Roblox-VNG アプリへ
CommonUI.Features.Label.VNGMigrationGoButtonPC,Roblox - VNアプリへ
CommonUI.Features.Label.VNGMigrationTip,裏技：Roblox-VNG アプリでもっと簡単にサインインするには [クイックログイン] を選択
CommonUI.Features.Label.VNGMigrationTitle,ロブロックスがRoblox-VNGになりました！
CommonUI.Features.Label.VNGMigrationTitlePC,RobloxがRoblox - VNになりました！
CommonUI.Features.Label.VRFTUX,VR チュートリアル
CommonUI.Features.Label.Version,バージョン
CommonUI.Features.Label.VersionWithNumber,バージョン: {versionNumber}
CommonUI.Features.Label.X,Roblox Plus
CommonUI.Features.Label.sGroups,
CommonUI.Features.Labels.ConnectTo,接続先
CommonUI.Features.Labels.OrYouCan,その他の方法：
CommonUI.Features.Labels.Retry,
CommonUI.Features.Labels.ServerCommunicationError,Robloxサーバーとの通信中にエラーが発生しました。
CommonUI.Features.Labels.With,次のユーザー名で：
CommonUI.Features.NavBar.Build,ビルド
CommonUI.Features.Prompt.ReportLogsQuestion,ローカルログファイルを Backtrace に送信しますか？
CommonUI.Features.Prompt.ReportLogsResult,報告を送信しました。
CommonUI.Features.StudioCTA.Tooltip.Body,Studioを無料でダウンロード！
CommonUI.Features.StudioCTA.Tooltip.Title,ロブロックスで制作を開始
CommonUI.Messages.Action.Apply,
CommonUI.Messages.Action.Dismiss,無視
CommonUI.Messages.Action.OK,
CommonUI.Messages.Action.Reset,リセット
CommonUI.Messages.Action.View,表示
CommonUI.Messages.Label.ActionNotAvailableOnCurrentDevice,この操作は、現在のデバイスにはまだ対応していません。別のデバイスでお試しください。
CommonUI.Messages.Label.ActionNotAvailableOnVRHeadsetDevice,この操作は、ヘッドセットデバイスにはまだ対応していません。別のデバイスでお試しください。
CommonUI.Messages.Label.AgeBlock,このアカウントは年齢制限のため対象外です。
CommonUI.Messages.Label.Alert,アラート
CommonUI.Messages.Label.FeatureNotAvailableForAccount,お持ちのアカウントはこの機能の利用対象外です。
CommonUI.Messages.Label.OR,
CommonUI.Messages.Label.Password,
CommonUI.Messages.Label.ToExitFullscreen,全画面表示を終了
CommonUI.Messages.Message.NoLicenses,ライセンスがありません
CommonUI.Messages.Response.NoResults,結果はありません
CommonUI.Messages.Response.PageError,ページの読み込みエラー
CommonUI.Messages.Response.SomethingWentWrong,何らかの問題が発生しました
CommonUI.Messages.SystemMessage.AndroidDeprecationBodyPhase1,今後、RobloxはAndroid 6と7への対応を終了します。プレイし続けるには、デバイスをAndroid 8以降にアップグレードしてください。
CommonUI.Messages.SystemMessage.AndroidDeprecationBodyPhase2,{date} 以降、RobloxはAndroid 6と7への対応を終了します。プレイし続けるには、デバイスをAndroid 8以降にアップグレードしてください。
CommonUI.Messages.SystemMessage.AndroidDeprecationBodyPhase2Fallback,2025年7月19日以降、RobloxはAndroid 6と7への対応を終了します。プレイし続けるには、デバイスをAndroid 8以降にアップグレードしてください。
CommonUI.Messages.SystemMessage.AndroidDeprecationBodyPhase3,RobloxはAndroid 6と7への対応を終了しています。プレイし続けるには、デバイスをAndroid 8以降にアップグレードしてください。
CommonUI.Messages.SystemMessage.AndroidDeprecationSystemRequirementsLinkLabel,モバイルシステム要件
CommonUI.Messages.SystemMessage.AndroidDeprecationTitlePhase1,要対応: デバイスの更新
CommonUI.Messages.SystemMessage.AndroidDeprecationTitlePhase2,
CommonUI.Messages.SystemMessage.AndroidDeprecationTitlePhase3,
CommonUI.Messages.SystemMessage.DeprecationMobileSystemRequirementsLinkLabel,
CommonUI.Messages.SystemMessage.DeprecationTitle,
CommonUI.Messages.SystemMessage.IosDeprecationBodyPhase1,まもなくRobloxは、iOS 13への対応を終了します。プレイし続けるには、デバイスをiOS 14以降にアップグレードしてください。
CommonUI.Messages.SystemMessage.IosDeprecationBodyPhase2Fallback,2026年6月5日をもって、RobloxはiOS 13への対応を終了します。プレイし続けるには、デバイスをiOS 14以降にアップグレードしてください。
CommonUI.Messages.SystemMessage.IosDeprecationBodyPhase3,Robloxは、iOS 13への対応を終了しました。プレイし続けるには、デバイスをiOS 14以降にアップグレードしてください。
CommonUI.Messages.SystemMessage.PS4onPS5DeprecationBody,新しくリリースされたPlayStation®5用のRobloxをインストールしてプレイしてください。{date}をもって、PlayStation®5のプレイヤーは、PlayStation®4用のRobloxを利用できなくなります。
CommonUI.Messages.SystemMessage.PS4onPS5DeprecationTitle,RobloxがPlayStation®5で利用可能になりました
CommonUI.Messages.SystemMessage.PS4onPS5HardDeprecationBody,PlayStation®4バージョンのRobloxは、PlayStation®5ではサポートされなくなりました。プレイを続けるには、PlayStation®5用の新しいRobloxアプリをダウンロードしてください。
CommonUI.UserAgreements.Popup.Agree,
CommonUI.UserAgreements.Popup.Agree2,
CommonUI.UserAgreements.Popup.Agreement.Optional,
CommonUI.UserAgreements.Popup.Agreement.OptionalPersonalInformationPolicy,任意の個人情報の収集と処理
CommonUI.UserAgreements.Popup.Agreement.PersonalInformationPolicy,必須個人情報の収集と処理
CommonUI.UserAgreements.Popup.Agreement.PrivacyPolicy,
CommonUI.UserAgreements.Popup.Agreement.Required,必須
CommonUI.UserAgreements.Popup.Agreement.StudioTermsForVNGSKU,Studio規約。 Roblox Corporationによって提供された別のサービス、Roblox Studioを使用してコンテンツを作成またはアップロードするときにあなたとRoblox Corporationの間の規約が適用されます。
CommonUI.UserAgreements.Popup.Agreement.TermsOfService,
CommonUI.UserAgreements.Popup.Agreement.ThirdPartyPersonalInformationPolicy,第三者の個人情報提供
CommonUI.UserAgreements.Popup.Agreement.TransferPersonalInformationPolicy,個人情報の海外移転
CommonUI.UserAgreements.Popup.CheckboxMessage,以下のすべての規約と利用条件を確認済みでこれに同意します
CommonUI.UserAgreements.Popup.ContactCustomerSupport,カスタマーサポートに連絡
CommonUI.UserAgreements.Popup.ConvertToVNCheckboxMessage,以下のすべての規約と条件に同意します
CommonUI.UserAgreements.Popup.ConvertToVNMessage,以下の「同意する」ボタンをクリックするとあなたの国設定がベトナムに変更され、Roblox – VNGアプリに移動して元に戻れなくなります。あなたによるRoblox - VNGアプリの使用は以下の規約に従うことが条件となり、Roblox Corporationの一切の過去の規約に取って代わります。以下を確認して同意してください。
CommonUI.UserAgreements.Popup.DefaultAgreementTitle,更新済み規約
CommonUI.UserAgreements.Popup.FailAndRetryMessage,申し訳ありませんが利用規約への同意で問題が発生しました。もう一度お試しください。
CommonUI.UserAgreements.Popup.KISAConsent.Agreement.TermsOfService,
CommonUI.UserAgreements.Popup.KISAConsent.Agreement.ThirdPartyInfo,
CommonUI.UserAgreements.Popup.KISAConsent.Message,以下の規約を確認し、同意してください。個別の規約に対して同意するかしないかを選択することができます。任意の規約に同意しない場合でもRobloxは引き続きご利用いただけます。
CommonUI.UserAgreements.Popup.KISAConsent.Title,
CommonUI.UserAgreements.Popup.KISAMessage,以下の規約を確認し、同意してください。個別の規約に対して同意する場合としない場合があるかもしれません。任意の規約に同意しない場合でもRobloxを使用することができます。
CommonUI.UserAgreements.Popup.Message,Robloxを使用し続けるには、以下の更新済みの規約に「同意する」を選択してください。未成年者の場合は、親または保護者の方にこれを見せてください。以下の文書で変更がありました。
CommonUI.UserAgreements.Popup.PromotionalEmailsCheckbox,オプション: Robloxから最新リリース情報、期間限定プロモーションなどのメール購読にサインアップします。
CommonUI.UserAgreements.Popup.SignupMessage,「同意する」をクリックすると、利用規約に同意し、プライバシーポリシーを承認したことになります。
CommonUI.UserAgreements.Popup.Title,
CommonUI.UserAgreements.Popup.TitleOnWebview,
CommonUI.UserAgreements.Popup.TransferCurrency.Message,別の通貨でのギフトカード残高があります。続けるには、カスタマーサービスに連絡して通貨を移行してください。
CommonUI.UserAgreements.Popup.TransferCurrency.Title,現在のギフトカード残高
CommonUI.UserAgreements.Popup.VNSignupCheckboxMessage,以下のすべての規約と条件を確認済みでこれに同意します
CommonUI.UserAgreements.Popup.VNSignupMessage,「同意する」をクリックすると、利用規約、Studio規約、プライバシーポリシーに同意したことになります。
CoreScripts.Ads.Label.SponsoredAds,スポンサー提供
CoreScripts.Ads.Label.SponsoredAdsDisclosureStatic,スポンサーつきバーチャル空間はクリエーターによって支払われます。EUユーザーの場合、デバイスの種類、場所、人口統計学的属性などの情報に基づいて表示されるかもしれません。EU圏以外では、その他の追加情報に基づいて広告が表示されるかもしれません。
CoreScripts.BulkPurchasePrompt.CompletedPrompt.SuccessHeading,購入完了
CoreScripts.Feedback.FeedbackBar.ExitFeedbackButton,終了
CoreScripts.InGameMenu.Actions.Continue,
CoreScripts.InGameMenu.Cancel,
CoreScripts.InGameMenu.Controls.RobloxMenu,Robloxメニュー
CoreScripts.InGameMenu.GameSettings.PartyVoiceVolume,パーティボイスの音量
CoreScripts.InGameMenu.GameSettings.UINavToggle,UI ナビゲーション切りかえ
CoreScripts.InGameMenu.GameSettings.Volume,音量
CoreScripts.InGameMenu.Leave,
CoreScripts.InGameMenu.PageTitle.InviteFriends,友達を招待
CoreScripts.InGameMenu.Traversal.HistoryDescription,以前プレイしたゲームに参加
CoreScripts.InGameMenu.Traversal.LeaveBody,このゲームから退出し、{PREVIOUS_EXPERIENCE}に戻ろうとしています。
CoreScripts.InGameMenu.Traversal.LeaveHeader,退出しますか？
CoreScripts.PremiumModal.Title.Error,エラー
CoreScripts.PublishAssetPrompt.ResultModalOk,
CoreScripts.PublishAvatarPrompt.PurchaseCompleteDescription,完了するとアイテムは持ち物に表示されます。
CoreScripts.PurchasePrompt.Button.OK,
CoreScripts.PurchasePrompt.Button.Settings,
CoreScripts.PurchasePrompt.CancelPurchase.Cancel,
CoreScripts.PurchasePrompt.ItemType.Bundle,バンドル
CoreScripts.PurchasePrompt.ProductType.Product,製品
CoreScripts.PurchasePrompt.PurchaseDetails.ScaryModalOne,"この購入には、実際のお金の交換が関わります。 

私の年齢が18歳以上であり、アカウント所有者の親か法的保護者であることを認めます。この購入を許可し、利用規約に同意します。"
CoreScripts.PurchasePrompt.PurchaseDetails.ScaryModalParental,今月は、Roblox上でかなり使いました。このアカウントで認証済みの保護者のメールアドレスに今回と今後の購入分すべてのレシートが送付されます。 
CoreScripts.PurchasePrompt.PurchaseDetails.ScaryModalTwo,今月は、Roblox上でかなりの金額を使いました。続行しますか？この購入には、実際のお金のやりとりが発生します。この購入を許可するには、あなたがアカウント所有者の親か法的保護者であることが必須です。
CoreScripts.PurchasePrompt.PurchaseFailed.AlreadyOwn,このアイテムはすでに持っています。アカウントは課金されていません。
CoreScripts.PurchasePrompt.PurchaseFailed.CannotGetBalance,現在、残高を取得できません。アカウントは課金されていません。後でもう一度お試し下さい。
CoreScripts.PurchasePrompt.PurchaseFailed.CannotGetItemPrice,現在、アイテム価格を取得できません。アカウントは課金されていません。後でもう一度お試し下さい。
CoreScripts.PurchasePrompt.PurchaseFailed.Enable2SV,決済を進めるには、2段階認証が必要です。 [設定] > [セキュリティ] に行って、2段階認証を完了してください。
CoreScripts.PurchasePrompt.PurchaseFailed.Enable2SVLogout,決済を進めるには、2段階認証が必要です。[設定] > [セキュリティ] に行って2段階認証を完了してください。2段階認証を有効化すると、現在のスクリーンからログアウトされます。
CoreScripts.PurchasePrompt.PurchaseFailed.InvalidFunds,アカウントのRobuxが不足しているため購入を完了できませんでした。アカウントは課金されていません。
CoreScripts.PurchasePrompt.PurchaseFailed.Limited,この限定アイテムはもう残っていません。www.roblox.com で他のユーザーから購入してみてください。アカウントは課金されていません。
CoreScripts.PurchasePrompt.PurchaseFailed.NotEnoughRobux,このアイテムは、お手持ちのRobuxでは購入できません。www.roblox.comでRobuxを追加購入してください。
CoreScripts.PurchasePrompt.PurchaseFailed.NotEnoughRobuxNoUpsell,このアイテムの費用は利用できるRobuxの額を超えています。 
CoreScripts.PurchasePrompt.PurchaseFailed.NotEnoughRobuxXbox,このアイテムを買うにはお手持ちのRobuxでは足りません。このバーチャル空間を終了して、Robux画面で追加購入してください。
CoreScripts.PurchasePrompt.PurchaseFailed.NotForSale,このアイテムは現在売られていません。アカウントは課金されていません。
CoreScripts.PurchasePrompt.PurchaseFailed.NotForSaleHere,このアイテムはこのバーチャル空間では売られていません。アカウントへの課金は行われていません。
CoreScripts.PurchasePrompt.PurchaseFailed.PremiumOnly,このアイテムを購入するには、Robloxプレミアムが必要です。
CoreScripts.PurchasePrompt.PurchaseFailed.PurchaseDisabled,バーチャル空間内での購入が一時的に無効になっているため、購入できませんでした。アカウントへの課金は行われていません。後でもう一度お試し下さい。
CoreScripts.PurchasePrompt.PurchaseFailed.ThirdPartyDisabled,第三者製のアイテムを売ることは、ここでは禁止されています。アカウントは課金されていません。
CoreScripts.PurchasePrompt.PurchaseFailed.Under13,アカウントが13歳未満用です。このアイテムの購入は許可されていません。アカウントは課金されていません。
CoreScripts.PurchasePrompt.PurchaseFailed.UnknownFailure,問題が発生したため、{ITEM_NAME} の購入を完了できませんでした。アカウントは課金されていません。後でもう一度お試し下さい。
CoreScripts.PurchasePrompt.PurchaseFailed.UnknownFailureNoItemName,問題が発生したため、購入を完了できませんでした。アカウントは課金されていません。後でもう一度お試し下さい。
CoreScripts.PurchasePrompt.PurchaseMessage.Succeeded,{ITEM_NAME} を購入しました！
CoreScripts.PurchasePrompt.Title.BuyItem,アイテムを購入
CoreScripts.PurchasePrompt.Title.VerificationRequired,
CoreScripts.TextChat.Action.SendQuickWords,短いメッセージを送信
CoreScripts.TextChat.ChannelTabs.Friends,
CoreScripts.TextChat.ChannelTabs.Global2,グローバル
CoreScripts.TextChat.ChannelTabs.Here,こちら
CoreScripts.TextChat.ChannelTabs.System,システム
CoreScripts.TextChat.ChannelTabs.Team,チーム
CoreScripts.TextChat.ChatCommands.Mute.Description,/mute <speaker>：相手をミュート。
CoreScripts.TextChat.ChatCommands.Unmute.Description,/unmute<speaker>：相手のミュートを解除。
CoreScripts.TextChat.ChatTranslation.ChatWindow.SystemMessageNew,Robloxはチャットで対応言語を自動的に翻訳します
CoreScripts.TextChat.ChatTranslation.FTUX.TitleNew,対応言語でチャットの翻訳がオンになっています
CoreScripts.TextChat.ChatWindow.ChatDisabled.AskForPermission,ここではシステムメッセージのみを表示できます。コミュニケーション設定でチャットする許可を保護者に求めてください。
CoreScripts.TextChat.ChatWindow.ChatDisabled.AskForPermissionToAgeCheck,ここではシステムメッセージのみを表示できます。通信設定で年齢確認をする権限を保護者に求めてください。
CoreScripts.TextChat.ChatWindow.ChatDisabled.CheckAgeInAccountInfo,ここではシステムメッセージのみを表示できます。[設定] > [アカウント情報]で年齢確認を行い、チャットのロックを解除してください。
CoreScripts.TextChat.ChatWindow.ChatDisabled.CheckAgeInSettings,ここではシステムメッセージのみを表示できます。チャットを使うには、通信設定で年齢確認を行ってください。
CoreScripts.TextChat.ChatWindow.ChatDisabled.DontMissMessages,メッセージを見逃さないようにしましょう。年齢確認を行い、チャットのロックを解除してください。
CoreScripts.TextChat.ChatWindow.ChatDisabled.GetAnAgeCheck,ここではシステムメッセージのみを表示できます。チャットするには年齢確認を行ってください。
CoreScripts.TextChat.ChatWindow.ChatDisabled.OnlyViewSystemMessages,ここではシステムメッセージのみを表示できます。
CoreScripts.TextChat.ChatWindow.ChatDisabled.RegionUnavailable,ここではシステムメッセージのみを表示できます。お住まいの地域ではチャットは利用できません。
CoreScripts.TextChat.ChatWindow.ChatDisabled.SettingOff,ここではシステムメッセージのみを表示できます。チャットをオンにするには、コミュニケーション設定を更新してください。
CoreScripts.TextChat.ChatWindow.ChatEnabled.ChatInRegion,システムメッセージを表示でき、お住まいの地域のユーザーとのみチャットできます。
CoreScripts.TextChat.ChatWindow.ChatEnabled.ChatWithAgeGroupAAndTF,同じ年齢層の人、および信頼できる友達とのみチャットできます。
CoreScripts.TextChat.ChatWindow.ChatEnabled.ChatWithAgeGroupAndTC,同じ年齢層の人、および信頼するつながりとのみチャットできます。
CoreScripts.TextChat.ChatWindow.ChatEnabled.ChatWithOnlinePlayers.BelowThreshold,今プレイ中の全員に挨拶してみましょう！
CoreScripts.TextChat.ChatWindow.ChatEnabled.ChatWithOnlinePlayers.Local.WithCount,その他{RBX_COUNT}人のプレイヤーがチャットに参加しています。挨拶してみましょう！
CoreScripts.TextChat.ChatWindow.ChatEnabled.ChatWithOnlinePlayers.V3,👋今プレイ中の全員に挨拶してみましょう！
CoreScripts.TextChat.ChatWindow.ChatEnabled.ChatWithTF,信頼できる友達とのみチャットできます。
CoreScripts.TextChat.ChatWindow.ChatEnabled.Global2,このゲームでより多くの人とチャットしましょう。あなたとチャットできるのは、同じ年齢層の人だけです。
CoreScripts.TextChat.ChatWindow.ChatWithOnlinePlayers.Local.Friendly,✨ 一緒に楽しもう！今プレイ中の全員に挨拶してみましょう！
CoreScripts.TextChat.ChatWindow.ChatWithOnlinePlayers.Local.WithCount,👋 {RBX_COUNT}人のプレイヤーがチャットに参加しています。挨拶してみましょう！
CoreScripts.TextChat.ChatWindow.HandFreeTranscriptionFTUX,長押しするとハンズフリーになります
CoreScripts.TextChat.ChatWindow.RephrasedLabel,文章編集済み
CoreScripts.TextChat.ChatWindow.RephrasedReason.Description,Robloxは、安全に関するルールに違反するメッセージの文章を編集します。
CoreScripts.TextChat.ChatWindow.RewrittenLabel,編集済み
CoreScripts.TextChat.ChatWindow.SummarySystemMessage,Robloxが、プレイヤーのメッセージの概要を自動生成します。
CoreScripts.TextChat.ChatWindow.Transcribing,文字起こし中...
CoreScripts.TextChat.ChatWindow.TranscriptionFailed,認識できませんでした。もう一度お試しください。
CoreScripts.TextChat.ChatWindow.TranscriptionLanguageUnsupported,その言語にはまだ対応していません。
CoreScripts.TextChat.ChatWindow.TranscriptionNoMicAccessToastBody,マイクを使用するには、こちらをタップしてデバイス設定を更新してください。
CoreScripts.TextChat.ChatWindow.TranscriptionNoMicAccessToastBodyAlternate,マイクを使用するには、デバイスの設定を開き、Robloxにマイクの使用を許可してください。
CoreScripts.TextChat.ChatWindow.TranscriptionNoMicAccessToastHeader,マイクにアクセスできません
CoreScripts.TextChat.ChatWindow.TranscriptionU13MicAccessToastBody,音声でメッセージを送信する場合、その音声は当社のプライバシーポリシーに従って処理され、すぐに削除されます。
CoreScripts.TextChat.ChatWindow.TranscriptionU13MicAccessToastHeader,音声文字起こしによるテキストチャットを有効化しました
CoreScripts.TextChat.ChatWindow.TrustedLabel,信頼するつながり
CoreScripts.TextChat.ChatWindows.RewrittenReasonLabel,Robloxは、安全に関するルールに違反するメッセージを編集します。
CoreScripts.TextChat.Clear.Help.Description,「/clear」または「/cls」: チャットウィンドウでメッセージを消去 
CoreScripts.TextChat.Description.AskYourParentForPermissionToChat,[プライバシー] > [通信設定]でチャットする許可を保護者に求めてください。
CoreScripts.TextChat.Description.RobloxSummarizesMessagesFromAllPlayers,Robloxは、あらゆる年齢層のプレイヤーからのメッセージを要約します。
CoreScripts.TextChat.Description.TurnOnChatInSettings,[プライバシー] > [通信設定]でチャットをオンにしてください。
CoreScripts.TextChat.Description.UnlockChatPrivacyCommunications,[プライバシー] > [通信設定]で年齢チェックを行い、チャットのロックを解除してください。
CoreScripts.TextChat.Description.UnlockChatWithAnAgeCheck,年齢チェックでチャットを使用可能にします。
CoreScripts.TextChat.Emote.Error.DoesNotExist,リアクションが存在しません。
CoreScripts.TextChat.Emote.Error.NotEnabled,そのリアクションはここでは使えません。
CoreScripts.TextChat.Emote.Error.NotEquipped,リアクションを装備していません。
CoreScripts.TextChat.Emote.Error.NotOwnedGeneric,そのリアクションは所有していません。
CoreScripts.TextChat.EnableChatButton.Label.UnlockChat,チャットのロックを解除
CoreScripts.TextChat.Help.FirstLine,こちらは基本的なチャットコマンドです。
CoreScripts.TextChat.InputBar.Hint.Gamepad,メニューの「{CHAT_BUTTON}」ボタンを押してチャット
CoreScripts.TextChat.InputBar.Hint.GamepadConnected,「{CONFIRM_KEY}」 を押して入力
CoreScripts.TextChat.InputBar.Hint.GamepadConnectedConfirm,
CoreScripts.TextChat.InputBar.Hint.MouseKeyboard,ここをクリックするか {KEY} を押してチャット
CoreScripts.TextChat.InputBar.Hint.PrivacySettingsDisabled,メッセージの送受信ができないチャット設定になっています。
CoreScripts.TextChat.InputBar.Hint.Touch,ここをタップしてチャットする
CoreScripts.TextChat.MessageStatus.Warning.Floodchecked,少し待ってから次のメッセージを送ってください。
CoreScripts.TextChat.MessageStatus.Warning.InvalidPrivacySettings,
CoreScripts.TextChat.MessageStatus.Warning.MessageTooLong,メッセージが最大文字数を超えています。
CoreScripts.TextChat.MessageStatus.Warning.ModerateChatOff,読み取り専用表示がオフになっています。
CoreScripts.TextChat.MessageStatus.Warning.ModerateChatOn,読み取り専用表示がオンになっています。一部のメッセージは、あなたの役割権限に基づいて読み取り専用になっています。
CoreScripts.TextChat.MessageStatus.Warning.ModerationTimeout,現在、チャットを送信できません。あなたのメッセージはどなたにも表示されません。
CoreScripts.TextChat.MessageStatus.Warning.TextFilterFailed,現在、チャットフィルタに問題があるためメッセージの表示が遅い可能性があります。
CoreScripts.TextChat.MessageStatus.Warning.Unknown,メッセージを送信できませんでした。
CoreScripts.TextChat.Mute.Error.CannotMuteSelf,自分をミュートすることはできません。
CoreScripts.TextChat.Mute.Error.MultipleMatches,次のユーザーはこの表示名を持っています: {RBX_LIST_NAMES}
CoreScripts.TextChat.Mute.Error.TargetDoesNotExist,ユーザーの「{RBX_NAME}」さんは存在しません。
CoreScripts.TextChat.Mute.Success,ユーザーの「{RBX_NAME}」さんをミュートしました。
CoreScripts.TextChat.Notification.WhisperChat.Created,あなたは現在、{RBX_NAME} さんとプライベートチャット中です。
CoreScripts.TextChat.Online.Help.Description3,/online：このチャンネルであなたがチャット可能なユーザー数。
CoreScripts.TextChat.Online.Success.Plural,{RBX_COUNT}人のプレイヤ—が現在オンライン中で、チャット可能です
CoreScripts.TextChat.Online.Success.Plural2,{RBX_COUNT}人のプレイヤ—がオンライン中で、チャット可能です。
CoreScripts.TextChat.Online.Success.Singular,
CoreScripts.TextChat.Online.Success.Singular3,その他{RBX_COUNT}人のプレイヤ—が現在オンライン中で、チャット可能です。
CoreScripts.TextChat.TeamChat.Error.NotOnTeam,チームに所属していなければチームチャットは出来ません。
CoreScripts.TextChat.TeamChat.PrefixText,[チーム]
CoreScripts.TextChat.Toast.ModerateChatOff.Subtitle,
CoreScripts.TextChat.Toast.ModerateChatOff.Subtitle.FriendsRename,
CoreScripts.TextChat.Toast.ModerateChatOff.Title,読み取り専用表示がオフになっています
CoreScripts.TextChat.Toast.ModerateChatOn.Subtitle,一部のメッセージは、役割の権限に基づいて読み取り専用です。
CoreScripts.TextChat.Toast.ModerateChatOn.Title,読み取り専用表示がオンになっています
CoreScripts.TextChat.Tooltip.Global.Body,ここにいる人とチャットするか、このゲーム内のより多くの人とチャットしましょう。
CoreScripts.TextChat.Tooltip.Global.Header,より多くの人とチャットしましょう
CoreScripts.TextChat.Tooltip.QuickWords.Body,あらゆる年齢層のプレイヤーと連携しましょう。
CoreScripts.TextChat.Tooltip.QuickWords.Header,短いメッセージで一緒にプレイ
CoreScripts.TextChat.Unmute.Success,ユーザーの「{RBX_NAME}」さんをミュート解除しました。
CoreScripts.TextChat.Version.Success,{RBX_VERSION}
CoreScripts.TextChat.Whisper.Error.CannotChat,この人とはチャットできません。
CoreScripts.TextChat.WhisperChat.PrefixText.Incoming,[送信者： {RBX_NAME}]
CoreScripts.TextChat.WhisperChat.PrefixText.Outgoing,[あて先： {RBX_NAME}]
CoreScripts.TopBar.Back,
CoreScripts.TopBar.Chat,
CoreScripts.TopBar.LoadingScreen.AutoTranslate,自動翻訳済み
CoreScripts.TopBar.Music,音楽
CoreScripts.TopBar.MusicLoading,再生中のオーディオはありません
CoreScripts.TopBar.MusicNotVerified,再生中のオーディオを確認できません
CoreScripts.TopBar.Traversal.History,履歴
Feature.AbuseReportDialog.Label.GeneralError,
Feature.Accessibility.Action.ScrollDown,下スクロール
Feature.Accessibility.Action.ScrollUp,上スクロール
Feature.Accessibility.AppTheme.CategoryCalm,穏やか
Feature.Accessibility.AppTheme.CategoryDynamic,動的
Feature.Accessibility.AppTheme.CategorySpecial,スペシャル
Feature.Accessibility.AppTheme.CircuitRush,サイバーグリーン
Feature.Accessibility.AppTheme.Classic,クラシック
Feature.Accessibility.AppTheme.CosmicDust,宇宙の粉
Feature.Accessibility.AppTheme.Default,
Feature.Accessibility.AppTheme.ElectricLime,ネオンライム
Feature.Accessibility.AppTheme.HyperPlum,ハイパープラム
Feature.Accessibility.AppTheme.InfernoBlast,ブラストレッド
Feature.Accessibility.AppTheme.KineticEnergy,躍動エネルギー
Feature.Accessibility.AppTheme.LavaGlow,マグマスパーク
Feature.Accessibility.AppTheme.NebulaDrift,星雲のゆらぎ
Feature.Accessibility.AppTheme.NitroFrost,ネオンフロスト
Feature.Accessibility.AppTheme.PixelPop,ネオンパープル
Feature.Accessibility.AppTheme.PolarFreeze,アイスブルー
Feature.Accessibility.AppTheme.QuantumPulse,ディープバイオレット
Feature.Accessibility.AppTheme.StarBurst,星のキラメキ
Feature.Accessibility.AppTheme.SuperCharge,スーパーチャージ
Feature.Accessibility.Description.AppThemeMode,アプリのモードを選択してください。他のデバイスには影響しません。
Feature.Accessibility.Description.DeviceAppTheme,アプリのテーマを選択してください。これはすべてのデバイスタイプに反映されます。
Feature.Accessibility.Description.DeviceAppThemeExclusive,Plus限定テーマを試して、Robloxの表示をカスタマイズしましょう。定期購入すると、選択したテーマを保存できます。
Feature.Accessibility.Description.DeviceAppThemeUpsell,Plus限定のテーマを閲覧して、体験をカスタマイズしましょう。今すぐ試して、選択したテーマを保存するには定期購入してください。
Feature.Accessibility.Description.DeviceLevelTheme,このデバイスのテーマを選択してください。（注：他のデバイスでのRobloxの表示は変わりません。）
Feature.Accessibility.Description.Haptics,Robloxアプリでバイブレーション全般をコントロール。
Feature.Accessibility.Description.LaunchAtStartup,コンピューター起動時にRobloxを自動的に起動する
Feature.Accessibility.Description.Main,この設定はこのデバイスにしか適用されません。バーチャル空間内の設定メニューからグラフィックや動作、アクセシビリティの調整もできます。
Feature.Accessibility.Description.MinimizeToTray,ウィンドウを閉じると、Robloxは完全に終了せずシステムトレイに移動します。
Feature.Accessibility.Description.PreferredTextSize,Robloxで好みに合わせてテキストのサイズを調整
Feature.Accessibility.Description.PreferredTransparency,一部の背景の透明度を調整してコントラストを改善
Feature.Accessibility.Description.ReducedMotion,視差効果を停止または減らす
Feature.Accessibility.Description.SkyStyle,ホーム環境の空のスタイルを選択
Feature.Accessibility.Description.UiNavigationKeyBind,{uiNavigationKey} キーを使用してUIナビゲーションモードの開始/終了
Feature.Accessibility.Description.VREnvironmentSetting,ホーム画面の環境を選択
Feature.Accessibility.DeviceLevelTheme.Dark,ダーク
Feature.Accessibility.DeviceLevelTheme.Light,ライト
Feature.Accessibility.DeviceLevelTheme.System,
Feature.Accessibility.Header.Haptics,振動
Feature.Accessibility.Header.ShowInMenuBar,メニューバーに表示
Feature.Accessibility.Heading.AppThemeMode,モード
Feature.Accessibility.Heading.DeviceAppTheme,アプリテーマ
Feature.Accessibility.Heading.DeviceLevelTheme,デバイスのテーマ
Feature.Accessibility.Heading.DevicePreferences,
Feature.Accessibility.Heading.DevicePreferencesV2,
Feature.Accessibility.Heading.ExclusiveThemes,限定テーマ
Feature.Accessibility.Heading.LaunchAtLogin,ログイン時に起動
Feature.Accessibility.Heading.LaunchAtStartup,スタートアップを起動する
Feature.Accessibility.Heading.MinimizeToTray,閉じるときにトレイに最小化する
Feature.Accessibility.Heading.PreferredTextSize,文字サイズ
Feature.Accessibility.Heading.PreferredTransparency,背景の透明度
Feature.Accessibility.Heading.ReducedMotion,視差効果を減らす
Feature.Accessibility.Heading.SkyStyle,空のスタイル
Feature.Accessibility.Heading.UiNavigationKeyBind,
Feature.Accessibility.Heading.VREnvironmentSetting,VR環境
Feature.Accessibility.Label.AppThemeBadgeNew,新規
Feature.Accessibility.Label.AppThemeUnlockBanner,Plusのアプリテーマのロックを解除
Feature.Accessibility.PreferredTextSize.Default,初期設定
Feature.Accessibility.PreferredTextSize.Largest,最大
Feature.Accessibility.PreferredTransparency.Opaque,不透明
Feature.Accessibility.PreferredTransparency.Transparent,透明
Feature.Accessibility.SkyStyle.Day,昼
Feature.Accessibility.SkyStyle.Night,夜
Feature.Accessibility.VREnvironmentSetting.Dark,
Feature.Accessibility.VREnvironmentSetting.Light,
Feature.Accessibility.VREnvironmentSetting.System,
Feature.AccountLock.Action.Continue,
Feature.AccountLock.Action.Ok,
Feature.AccountLock.Action.Signout,
Feature.AccountLock.Content.AccountMismatchDialog,
Feature.AccountLock.Content.ErrorDialog,アカウントのロックを解除できませんでした。 {continue} をクリックしてやり直してください。
Feature.AccountLock.Content.LockedDialog,このアカウントで不審なアクティビティが検出されました。自動入力ではないことを確認すれば、アカウントのロックを解除できます。
Feature.AccountLock.Content.RateLimitDialog,ロック解除の試行回数が上限に達しました。制限が解除されてから、もう一度お試しください。
Feature.AccountLock.Title.AccountLocked,アカウントがロックされています
Feature.AccountLock.Title.RateLimit,{hh}時間{mm} 分後にやり直してください
Feature.AccountLock.Title.TryAgain,再度ロック解除してください
Feature.AccountLock.Title.WrongAccount,
Feature.AccountReactivation.Content.AccountDeactivatedMessage,アカウントは現在、非アクティブ状態です。
Feature.AccountReactivation.Heading.AccountDeactivated,アカウントが非アクティブ状態です
Feature.AccountReactivation.Label.DefaultError,エラーが発生しました。後でもう一度お試しください。
Feature.AccountReactivation.Label.Reactivate,再開する
Feature.AccountSecurityPrompt.Action.AbortDismissForeverAddEmail,
Feature.AccountSecurityPrompt.Action.AuthenticatorUpsellNextButtonMessage,
Feature.AccountSecurityPrompt.Action.ContinueChangePassword,
Feature.AccountSecurityPrompt.Action.DismissForever,30日間、これを表示しない
Feature.AccountSecurityPrompt.Action.DismissTemporary,今はしない
Feature.AccountSecurityPrompt.Action.SecureAccount,アカウントを保護する
Feature.AccountSecurityPrompt.Action.SetUpAuthenticatorAccountRestoresPolicyUpsell,認証システムを設定
Feature.AccountSecurityPrompt.Action.SetUpEmail2SV,設定する
Feature.AccountSecurityPrompt.Action.SubmitChangePassword,パスワードを変更
Feature.AccountSecurityPrompt.Action.UnlockAccountPin,アカウントのロック解除
Feature.AccountSecurityPrompt.Description.AccountRestoresPolicyUpdateV3Short,アカウントが乗っ取られた場合、Robloxがアカウントを復元できる可能性はほとんどありません。
Feature.AccountSecurityPrompt.Description.AccountRestoresPolicyUpsellMessageBody,アカウントを保護するには認証システムを使って2段階認証を有効化してください。これは{linkStartSettings}アカウント設定{linkEndSettings}でできます。アカウントが危険にさらされた場合、Robloxはアカウントを復元したり、失くしたアイテムやバーチャル通貨を含むものの額を払い戻しすることはできかねます。
Feature.AccountSecurityPrompt.Description.AccountRestoresPolicyWithDate,{date} を開始すると、アカウントがハッキングされた場合、認証システムを介してアカウント復元の対象となる2ステップ認証を有効にする必要があります。
Feature.AccountSecurityPrompt.Description.AreYouSureDismissForeverChangePassword,お持ちのアカウントが何者かによって承諾なしに使われているかもしれません。お持ちのアカウントを保護するには、パスワードを変更してください。
Feature.AccountSecurityPrompt.Description.AuthenticatorSetupPromptClickHere,セキュリティは私たちにとって重要です: {styleTagStart}認証システムを設定するには、ここをクリックしてください{styleTagEnd}。
Feature.AccountSecurityPrompt.Description.AuthenticatorSetupPromptNewShort,お持ちのアカウントを安全に保つため、認証システムアプリによる2段階認証を有効化することをおすすめします。万が一、お持ちのアカウントが乗っ取られた場合、カスタマーサポートが導入される安全対策を査定し、失われたものの回復をお手伝いいたします。詳しくは、当社の{linkStart}ヘルプページ{linkEnd}をごらんください。
Feature.AccountSecurityPrompt.Description.ChangeYourPassword,お持ちのアカウントを保護するには、パスワードを変更してください。
Feature.AccountSecurityPrompt.Description.ChangeYourPasswordClickHereStyled,あなたのアカウントを安全に保つためには、 {styleTagStart}ここをクリックして{styleTagEnd} パスワードを変更してください。
Feature.AccountSecurityPrompt.Description.ChangeYourPasswordSuccess,パスワードが変更されました。
Feature.AccountSecurityPrompt.Description.Email2SVUpsellMessageBody,メールに送信されたセキュリティコードでアカウントと貴重なアイテムを保護します。今すぐEメールによる2段階認証を有効にしてください！
Feature.AccountSecurityPrompt.Description.EnterYourAccountPin,パスワードを変更するには、このアカウントの暗証番号を入力してください。
Feature.AccountSecurityPrompt.Description.NoChangeForceReset,変更しない場合は、 {boldStart}{days} 日{boldEnd} 以内にパスワードが自動的にリセットされます。
Feature.AccountSecurityPrompt.Description.NoChangeForceResetSingular,変更しない場合は、 {boldStart}1日{boldEnd} 以内にパスワードが自動的にリセットされます。
Feature.AccountSecurityPrompt.Description.UnusualActivity,お持ちのアカウントに通常とは異なる活動が検知されました。
Feature.AccountSecurityPrompt.Header.AccountPinExpired,アカウントの暗証番号が有効期限切れです
Feature.AccountSecurityPrompt.Header.AccountPinRequired,アカウントの暗証番号を入力
Feature.AccountSecurityPrompt.Header.AccountRestoresPolicyUpdate,アカウントがポリシーを復元する
Feature.AccountSecurityPrompt.Header.AccountRestoresPolicyUpdateV3,認証システムによる2段階認証がオンになっているか確認してください
Feature.AccountSecurityPrompt.Header.AccountRestoresPolicyUpsell,アカウントを保護しましょう！
Feature.AccountSecurityPrompt.Header.AreYouSure,確定しますか
Feature.AccountSecurityPrompt.Header.AuthenticatorUpsellDownloadAuthenticator,認証システムアプリをダウンロード
Feature.AccountSecurityPrompt.Header.AuthenticatorUpsellWelcomeMessage,アカウントをしっかり保護しましょう！
Feature.AccountSecurityPrompt.Header.ChangeYourPassword,パスワードを変更してください
Feature.AccountSecurityPrompt.Header.CreateAStrongPassword,強力なパスワードを作成
Feature.AccountSecurityPrompt.Header.Email2SVUpsell,アカウントのセキュリティを強化！
Feature.AccountSecurityPrompt.Header.KeepYourAccountSafeShort,認証システムでアカウントを安全に保ちましょう
Feature.AccountSecurityPrompt.Header.Success,
Feature.AccountSecurityPrompt.Header.UnusualActivityDetected,通常とは異なる活動が検知されました！
Feature.AccountSecurityPrompt.Header.YourPasswordMightBeStolen,パスワードが盗まれる可能性があります！
Feature.AccountSecurityPrompt.Label.AccountPin,アカウントの暗証番号
Feature.AccountSecurityPrompt.Label.AuthenticatorUpsellBadActorHeadline,良くない行動を防ぎましょう
Feature.AccountSecurityPrompt.Label.AuthenticatorUpsellBadActorMessage,パスワードやメールが盗まれたとしても、それだけではお持ちのアカウントに不正ログインはされません。
Feature.AccountSecurityPrompt.Label.AuthenticatorUpsellDownloadInstruction,お持ちのデバイスに認証システムアプリをダウンロードしてください。
Feature.AccountSecurityPrompt.Label.AuthenticatorUpsellGoogleOption,Google 認証システム
Feature.AccountSecurityPrompt.Label.AuthenticatorUpsellMicrosoftOption,Microsoft 認証システム
Feature.AccountSecurityPrompt.Label.AuthenticatorUpsellProtectRobuxHeadline,あなたのバーチャル空間やRobuxなどを守りましょう
Feature.AccountSecurityPrompt.Label.AuthenticatorUpsellProtectRobuxMessage,自作のバーチャル空間やRobux、限定アイテムなどへのアクセスを失わないように、もう一段階、安全対策をしましょう。
Feature.AccountSecurityPrompt.Label.AuthenticatorUpsellSetupAuthenticatorButtonMessage,
Feature.AccountSecurityPrompt.Label.AuthenticatorUpsellTwilioOption,Twilio の Authy
Feature.AccountSecurityPrompt.Label.AuthenticatorUpsellTwoFactorHeadline,2段階認証の方がより安全です
Feature.AccountSecurityPrompt.Label.AuthenticatorUpsellTwoFactorMessage,ログイン時と高価なものを購入するときはパスワードと他のデバイスからのユニークコードを入力してください。
Feature.AccountSecurityPrompt.Label.ConfirmNewPassword,
Feature.AccountSecurityPrompt.Label.CurrentPassword,現在のパスワード
Feature.AccountSecurityPrompt.Label.IForgotMyPassword,
Feature.AccountSecurityPrompt.Label.NewPassword,
Feature.AccountSecurityPrompt.Label.TimeRemaining,残り時間
Feature.AccountSecurityPrompt.Label.UseAUniquePassword,他のアプリで使用していないパスワードを使ってください
Feature.AccountSecurityPrompt.Message.Error.Input.PasswordsDoNotMatch,新しいパスワードが確認欄のものと一致しません。
Feature.AccountSecurityPrompt.Message.Error.Password.Default,不明なエラーが発生しました。
Feature.AccountSecurityPrompt.Message.Error.Password.Flooded,
Feature.AccountSecurityPrompt.Message.Error.Password.InvalidCurrentPassword,現在のパスワードが間違っています。
Feature.AccountSecurityPrompt.Message.Error.Password.InvalidPassword,新しいパスワードがセキュリティ要件を満たしていません。
Feature.AccountSecurityPrompt.Message.Error.Password.PinLocked,お持ちのアカウントは暗証番号でロックされています。
Feature.AccountSecurityPrompt.Message.Error.PasswordValidation.DumbStrings,
Feature.AccountSecurityPrompt.Message.Error.PasswordValidation.ForbiddenPassword,このパスワードは使用できません。別のパスワードを選択してください。
Feature.AccountSecurityPrompt.Message.Error.PasswordValidation.PasswordSameAsUsername,パスワードにはユーザーネームは使えません。
Feature.AccountSecurityPrompt.Message.Error.PasswordValidation.ShortPassword,パスワードは半角英数字8文字以上であることが必須です。
Feature.AccountSecurityPrompt.Message.Error.PasswordValidation.WeakPassword,パスワードは、半角数字2桁とアルファベット4文字、記号1つを含む半角英数字で少なくとも8文字以上であることが必須です。
Feature.AccountSecurityPrompt.Message.Error.Pin.AccountLocked,お持ちのアカウントはロックされています。
Feature.AccountSecurityPrompt.Message.Error.Pin.Default,
Feature.AccountSecurityPrompt.Message.Error.Pin.Flooded,
Feature.AccountSecurityPrompt.Message.Error.Pin.IncorrectPin,暗証番号が間違っています。
Feature.AccountSecurityPrompt.Message.Error.Pin.NoAccountPin,お持ちのアカウントに暗証番号が設定されていません。
Feature.AccountSecurityPrompt.Message.Error.PromptAssignments.Default,
Feature.AccountSettings.Action.Verify,確認する
Feature.AccountSettings.Description.AddPhoneNumber,電話番号を追加すると、ログインや友達とのつながりなどが便利になります。
Feature.AccountSettings.Description.NotShownPublicly,電話番号が公開されることはありません。
Feature.AccountSettings.Example.Facebook,例 www.facebook.com/Roblox
Feature.AccountSettings.Example.Guilded,例: guilded.gg/roblox
Feature.AccountSettings.Example.Twitch,例 www.twitch.tv/roblox/profile
Feature.AccountSettings.Example.Twitter,例 @Roblox
Feature.AccountSettings.Example.YouTube,例 www.youtube.com/user/roblox
Feature.AccountSettings.Heading.Communication,通信機能
Feature.AccountSettings.Heading.SocialNetworks,ソーシャルネットワーク
Feature.AccountSettings.Heading.Tab.AccountInfo,アカウント情報
Feature.AccountSettings.Heading.Tab.AccountInfoV2,
Feature.AccountSettings.Heading.Tab.AppPermissions,アプリ権限
Feature.AccountSettings.Heading.Tab.Billing,支払い方法
Feature.AccountSettings.Heading.Tab.BillingV2,
Feature.AccountSettings.Heading.Tab.Notifications,通知
Feature.AccountSettings.Heading.Tab.ParentalControls,保護者コントロール
Feature.AccountSettings.Heading.Tab.ParentalControlsV2,
Feature.AccountSettings.Heading.Tab.Privacy,
Feature.AccountSettings.Heading.Tab.PrivacyContentRestrictions,プライバシーとコンテンツ制限
Feature.AccountSettings.Heading.Tab.Robux,Robux
Feature.AccountSettings.Heading.Tab.Security,セキュリティ
Feature.AccountSettings.Heading.Tab.Spending,課金
Feature.AccountSettings.Heading.Tab.Subscriptions,定期購入
Feature.AccountSettings.Label.Discord,Discord
Feature.AccountSettings.Label.DropDown.Everyone,
Feature.AccountSettings.Label.DropDown.FollowersV3,友達、フォロー中の人、フォロワー
Feature.AccountSettings.Label.DropDown.FollowingV2,フォローしている友達とユーザー
Feature.AccountSettings.Label.DropDown.Friends,
Feature.AccountSettings.Label.DropDown.NoOne,
Feature.AccountSettings.Label.Facebook,Facebook
Feature.AccountSettings.Label.Guilded,Guilded
Feature.AccountSettings.Label.SocialLinksVisibility,公開範囲：
Feature.AccountSettings.Label.TencentReputation,テンセントのゲーム信頼度
Feature.AccountSettings.Label.Twitch,Twitch
Feature.AccountSettings.Label.X,X
Feature.AccountSettings.Label.YouTube,YouTube
Feature.AccountSettings.Message.Error.InvalidFacebookUrl,Facebook プロフィールのURLが無効です。
Feature.AccountSettings.Message.Error.InvalidGuildedUrl,Guilded のプロフィールページのURLが無効です。
Feature.AccountSettings.Message.Error.InvalidTwitchUrl,TwitchのプロフィールページのURLが無効です。
Feature.AccountSettings.Message.Error.InvalidXUrl,Xのユーザー名が無効です。
Feature.AccountSettings.Message.Error.InvalidYouTubeUrl,YouTubeのURLが無効です。
Feature.AddFriends.Action.FriendAdded,友達が追加されました
Feature.AddFriends.Action.IgnoreAll,すべて無視する
Feature.AddFriends.Action.IgnoreAllAltCase,
Feature.AddFriends.Action.IgnoreConnectionRequest,つながりリクエストを無視
Feature.AddFriends.Action.IgnoreFriendRequest,友達リクエストを無視
Feature.AddFriends.Action.IgnoreTrustedFriendRequest,信頼できる友達リクエストを無視
Feature.AddFriends.Action.RequestIgnored,リクエストを無視しました
Feature.AddFriends.Description.CameraPermissionWarning,カメラアクセスが有効化されていません。QRコードスキャン機能を使用するには、お持ちのスマホの [設定] > [アプリ] > [Roblox] でカメラへのアクセスを許可してください。
Feature.AddFriends.Heading.AddFriends,
Feature.AddFriends.Heading.FindPeople,人を見つける
Feature.AddFriends.Label.AddFriendsTooltip,まずは友達を見つけることから始めましょう。Robloxを一緒に楽しめます。
Feature.AddFriends.Label.AgedUpSearchForFriendsPrompt,Robloxで人を見つけるには、ユーザーネームか名前で検索してください。
Feature.AddFriends.Label.ConnectWithContacts,連絡先にある人を招待するか、すでに知っている友達とロブロックスでつながりましょう！
Feature.AddFriends.Label.ConnectionRequests,つながりリクエスト
Feature.AddFriends.Label.ContactsTile,連絡先
Feature.AddFriends.Label.DeclineAllBackgrounded,友達リクエストをすべて無視しています。数分かかるかもしれません。
Feature.AddFriends.Label.EmptyState,Robloxで誰と一緒に探検しますか？つながりを追加してRobloxをもっと楽しみましょう！
Feature.AddFriends.Label.EmptyState.FriendsRename,誰と一緒にRobloxを探検する？友達を追加してRobloxをもっと楽しもう！
Feature.AddFriends.Label.EmptyStatePrompt,誰と一緒にRobloxを楽しみますか？新しくつながる人を検索したり、すでに知っている友達とつながりましょう！
Feature.AddFriends.Label.FriendRequests,友達リクエスト
Feature.AddFriends.Label.InputPlaceholder.SearchForPeople,人を探す
Feature.AddFriends.Label.InputPlaceholder.SearchForPeopleAltCapitalization,人をサーチ
Feature.AddFriends.Label.MyQRTile,自分のQR
Feature.AddFriends.Label.MyQrCode,マイQRコード
Feature.AddFriends.Label.QRCodeTitle,QRコード
Feature.AddFriends.Label.SchoolTile,クラスメート
Feature.AddFriends.Label.SearchForFriendsPrompt,Robloxで人を見つけるには、ユーザーネームや表示名で検索してください。
Feature.AddFriends.Label.ShareQRCodeAddConnection,QRコードを共有して知り合いを追加しましょう
Feature.AddFriends.Label.SyncContactsInvitePeople,連絡先を同期して友達を見つけ、招待しましょう！
Feature.AddFriends.Label.SyncWithContacts,連絡先を同期して友達を見つけて招待しましょう！
Feature.AddFriends.Label.TrustedConnectionRequests,信頼するつながりリクエスト
Feature.AddFriends.Label.TrustedFriendRequests,信頼できる友達リクエスト
Feature.AddFriends.Text.EmptyState,Robloxで誰と一緒に探検しますか？{lineBreak}つながりを追加してRobloxをもっと楽しみましょう！
Feature.AddFriends.Text.EmptyState.FriendsRename,誰と一緒にRobloxを探検する？{lineBreak}友達を追加してRobloxをもっと楽しもう！
Feature.AddFriends.Title.AddConnectionsToolTip,人とつながるとRoblox（ロブロックス）をもっと楽しめます！
Feature.AddFriends.Title.AddFriendsToolTip,友達と一緒なら、Robloxをもっと楽しめます！
Feature.AddFriends.Title.AddFriendsTooltipTitle,
Feature.AddFriends.Title.CameraPermission,カメラ権限
Feature.AddFriends.Title.ConnectWithContacts,連絡先で追加
Feature.AddFriends.Title.ShareQRCode,QRコードで追加
Feature.AgeGuidelines.DisplayName.StrongLanguage,強烈な表現
Feature.AgeGuidelines.Label.CreatorEnabled,クリエーターが有効化済み
Feature.AgeVerificationUpsell.Body.AgeSettingsRedirect,より多くのコンテンツや機能を使えるようにしましょう。
Feature.AgeVerificationUpsell.Button.Cancel,
Feature.AgeVerificationUpsell.Button.Continue,
Feature.AgeVerificationUpsell.Button.Settings,年齢を確認
Feature.AgeVerificationUpsell.Modal.ContentText,"このバーチャル空間にアクセスするには、年齢を確認してください。

1. [アカウント情報] へ > [年齢を確認]
2. 確認プロセスを完了
"
Feature.AgeVerificationUpsell.Modal.Title,
Feature.AgeVerificationUpsell.Title.AgeSettingsRedirect,設定で年齢確認を受ける
Feature.AppealsPortal.Action.FinalAppeal,最後の異議申し立てを送る
Feature.AppealsPortal.Action.OK,
Feature.AppealsPortal.Action.Send,
Feature.AppealsPortal.Action.SendAppeal,異議申し立てを送信
Feature.AppealsPortal.Description,この違反に関する詳細情報はありません。
Feature.AppealsPortal.Description.AppealAccepted.Multiple,{violationsList}、および{singleViolation}に関するご異議申し立てを検討した結果、お客様のアクティビティはコミュニティ基準に記載されたルールに違反していないことが確認されましたので、アカウントにいっさい影響はございません。この度のご協力は、当社の今後のレビューの改善につながるものです。ご協力に感謝いたします。
Feature.AppealsPortal.Description.AppealAccepted.None,ご異議申し立てを検討した結果、お客様のアクティビティはコミュニティの基準に記載されたルールに違反していないことが確認されましたので、アカウントにいっさい影響はございません。この度のご協力は、当社の今後のレビューの改善につながるものです。ご協力に感謝いたします。
Feature.AppealsPortal.Description.AppealAccepted.V2,お送りいただいた{violations}への異議申し立てについて検討した結果、あなたのアクティビティは当社のコミュニティ基準に違反していないと判断されました。したがって、アカウントへの措置は行いません。今回のお申立ては審査プロセスの改善に役立ちます。ご協力ありがとうございます！
Feature.AppealsPortal.Description.AppealDenied.Multiple,お送りいただいた{violationsList}と{singleViolation}への異議申し立てについて慎重に検討した結果、あなたのアクティビティは当社のコミュニティ基準に違反していると判断されました。この決定を残念に思われていることでしょう。貴重なお時間を頂戴し、異議申し立てをお送りいただきありがとうございました。
Feature.AppealsPortal.Description.AppealDenied.None,ご異議申し立てを慎重に検討しましたが、お客様のアクティビティはコミュニティ基準に記載されたルールに違反しているとの判断に至りました。この決定がご期待に反するとは存じますが、本件に関しお時間を割いて頂いたことに謝意を表します。
Feature.AppealsPortal.Description.AppealDenied.Singular,お送りいただいた{singleViolation}への異議申し立てについて慎重に検討した結果、あなたのアクティビティは当社のコミュニティ基準に違反していると判断されました。この決定を残念に思われていることでしょう。貴重なお時間を頂戴し、異議申し立てをお送りいただきありがとうございました。
Feature.AppealsPortal.Description.AppealDenied.V2,お送りいただいた{violations}への異議申し立てについて慎重に検討した結果、あなたのアクティビティは当社のコミュニティ基準に違反していると判断されました。異議申し立てをお送りいただきありがとうございます。
Feature.AppealsPortal.Description.AppealDisclosures,異議申し立てに関する詳細: {link}審査についての情報開示について詳しく{linkEnd}
Feature.AppealsPortal.Description.AppealIneligible,この決定に異議を申し立てる資格がありません。本人確認を行ってから、もう一度お試しください。
Feature.AppealsPortal.Description.AppealReceived,決定内容については、まもなくご連絡いたします。問題の複雑さに応じて、5営業日以内にご返答できる見込みです。異議申し立てをお送りいただき、ありがとうございます。
Feature.AppealsPortal.Description.AppealReceived.Plural,決定内容について、まもなくご連絡いたします。問題の複雑さによりますが、{number}営業日以内にご返答できる見込みです。異議申し立てをお送りいただき、ありがとうございます。
Feature.AppealsPortal.Description.AppealReceived.Singular,決定内容について、まもなくご連絡いたします。問題の複雑さによりますが、1営業日以内にご返答できる見込みです。異議申し立てをお送りいただき、ありがとうございます。
Feature.AppealsPortal.Description.AppealRequiresIdv,この決定に異議を申し立てるには、本人確認が必要です。すでに認証済みの場合、当社はその情報を使用することができます。
Feature.AppealsPortal.Description.AppealSubmitted,無視 - 不要
Feature.AppealsPortal.Description.AppealSubmittedComplexity,実際にかかる時間は、提起された問題の複雑さや、どの程度あなたからの関連情報の提供があるかを含む様々な要因によって異なります。
Feature.AppealsPortal.Description.AppealSubmittedDecisionTime,5営業日以内に判断をお伝えする予定です。
Feature.AppealsPortal.Description.AppealSubmittedDecisionTime.Plural,{number}営業日以内に判断をお伝えする予定です。
Feature.AppealsPortal.Description.AppealSubmittedDecisionTime.Singular,1営業日以内に判断をお伝えする予定です。
Feature.AppealsPortal.Description.AppealSubmittedUpdate,当社が何らかの措置を取った場合、ご指定のメールアドレスに当社の決定についてのアップデートをお送りします。
Feature.AppealsPortal.Description.AppealSubmittedUpdate.OptOut,この異議申し立てについて連絡を受け取りたくないことをお伝えいただいていない限り、当社の決定とご提供いただいたメールアドレスへの対応に関するアップデートを送信いたします。
Feature.AppealsPortal.Description.AppealsPortal,過去の違反を表示し、あなたの異議申し立てを管理します。すべてのコンテンツと言動は、 {link}Robloxコミュニティ基準{linkEnd} を守る必要があります
Feature.AppealsPortal.Description.DetailsUnavailable,
Feature.AppealsPortal.Description.IssueClosed,当社の規則の1つを学ぶことで、一時停止を回避するという選択がされたため、この問題は終了しました。
Feature.AppealsPortal.Description.MatchEmail,メールアドレスは一致しなければなりません。
Feature.AppealsPortal.Description.MiscAppeal,判断ミスがあったと思われる場合はお知らせください。
Feature.AppealsPortal.Description.MiscAppealLink,表示されていない決定への異議申し立て
Feature.AppealsPortal.Description.NoCommunications,この異議申し立てについて、連絡を受け取らないことを選択しました
Feature.AppealsPortal.Description.OneAppeal,送信を選択することで、あなたはこの情報が正しく、この決定に対する異議申し立てを1件しか送信していないことを確認したことになります。
Feature.AppealsPortal.Description.OtherWarning,審査が確実に行われるようにするには、あなたの異議申し立てが選択肢に当てはまらない場合にのみ「その他」を使用してください。送信された異議申し立てのカテゴリーが間違っている場合、完了したもの（解決済み）として処理されます。
Feature.AppealsPortal.Description.RequestAppealReview.V3,レビューは {link}Roblox コミュニティ標準{linkEnd} に基づいて行われます.
Feature.AppealsPortal.Description.RequiredField,この入力内容は必須です。
Feature.AppealsPortal.Description.VerifyIdentityToAppeal,これは、このアカウントがアクセス停止されたアカウントに紐づけられているかどうかを判断するのに役立ちます。
Feature.AppealsPortal.Description.ViolationInactive,これ以上の対応が必要ないため、この問題はクローズしました。
Feature.AppealsPortal.Header.AppealAccepted,お送りいただいた異議申し立てを受理しました
Feature.AppealsPortal.Header.AppealDenied,お送りいただいた異議申し立ては却下されました
Feature.AppealsPortal.Header.AppealReceived,お送りいただいた異議申し立てを受け取りました
Feature.AppealsPortal.Header.RequestAppeal,異議申し立てをする
Feature.AppealsPortal.Header.ViolationInactive,違反が解決されました
Feature.AppealsPortal.Heading.ActivityReviewed,当社がレビューしたアクティビティ
Feature.AppealsPortal.Heading.AppealDecision,決定に異議申し立て
Feature.AppealsPortal.Heading.AppealSubmitted,意義申し立てを受け取りました
Feature.AppealsPortal.Heading.AppealTimeline,異議申し立てのタイムライン
Feature.AppealsPortal.Heading.AppealUnavailable,異議申し立てができません
Feature.AppealsPortal.Heading.MiscAppeal,
Feature.AppealsPortal.Heading.VerifyIdentityToAppeal,異議申し立てを送信できるよう、本人確認を行いましょう
Feature.AppealsPortal.Heading.ViolationsAndAppeals,違反と異議申し立て
Feature.AppealsPortal.Label.AccessoryDescription,アクセサリの詳細
Feature.AppealsPortal.Label.Account,アカウント
Feature.AppealsPortal.Label.ActivityReviewed,レビューしたアクティビティ
Feature.AppealsPortal.Label.Ad,広告
Feature.AppealsPortal.Label.AdId,広告ID
Feature.AppealsPortal.Label.AltAccount,別アカウント
Feature.AppealsPortal.Label.AppealComment,送信したコメント：
Feature.AppealsPortal.Label.AppealMessageCharacterCount,{current}/{max}文字
Feature.AppealsPortal.Label.AppealReason,異議申し立てをする理由は何ですか？
Feature.AppealsPortal.Label.AppealReason.Placeholder,当社の決定を変えるべきだと思う理由を教えてください。
Feature.AppealsPortal.Label.AssetId,アセットID
Feature.AppealsPortal.Label.AssetName,アセット名
Feature.AppealsPortal.Label.AudioStartTime,オーディオの開始時間
Feature.AppealsPortal.Label.AvatarItem,アバターアイテム
Feature.AppealsPortal.Label.Billing,支払い・請求
Feature.AppealsPortal.Label.BundleDescription,バンドルの詳細
Feature.AppealsPortal.Label.BundleId,バンドル ID
Feature.AppealsPortal.Label.BundleName,バンドル名
Feature.AppealsPortal.Label.ChatEvidenceId,チャットエビデンス ID
Feature.AppealsPortal.Label.Cheating,チート行為
Feature.AppealsPortal.Label.ContentMaturity,コンテンツ成熟度質問フォーム提出
Feature.AppealsPortal.Label.DecisionCategory,どのような決定に異議申し立てしますか？
Feature.AppealsPortal.Label.DisplayName,表示名
Feature.AppealsPortal.Label.DropdownPlaceholder,1つ選択
Feature.AppealsPortal.Label.EmailConfirmation,メールアドレスの確認
Feature.AppealsPortal.Label.EmailInput,あなたのメールアドレス
Feature.AppealsPortal.Label.EmailOptOutCheckbox,この異議申し立てについて、これ以上連絡を受け取りたくない場合はチェックマークを入れてください。
Feature.AppealsPortal.Label.Experience.ContentMaturity,私が持つ経験 - コンテンツの成熟度
Feature.AppealsPortal.Label.Experience.Suspension,所有する経験 - 停学
Feature.AppealsPortal.Label.ExperienceIOwnContentMaturity,所有しているバーチャル空間 - コンテンツ成熟度
Feature.AppealsPortal.Label.ExperienceIOwnSuspension,所有しているバーチャル空間 - 利用停止
Feature.AppealsPortal.Label.ExperienceLinkPrompt,あなたのバーチャル空間へのリンクを入力してください
Feature.AppealsPortal.Label.ExploitDetected,デバイスのエクスプロイトが検出されました
Feature.AppealsPortal.Label.Group,グループ
Feature.AppealsPortal.Label.ID,ID
Feature.AppealsPortal.Label.IDArg,ID: {id}
Feature.AppealsPortal.Label.ImageOrOtherAsset,画像またはその他のアセット
Feature.AppealsPortal.Label.ImmersiveBrandedAd,統合広告
Feature.AppealsPortal.Label.ImmersiveBrandedAdPlacementId,統合広告の配置ID
Feature.AppealsPortal.Label.Location,
Feature.AppealsPortal.Label.LookDescription,シェア済みアバターの詳細
Feature.AppealsPortal.Label.LookId,共有済みアバターID
Feature.AppealsPortal.Label.LookName,共有済みアバター名
Feature.AppealsPortal.Label.PlaceIDPrompt,プレース IDは何ですか？
Feature.AppealsPortal.Label.PlaceId,プレース ID
Feature.AppealsPortal.Label.PlaceName,プレース名
Feature.AppealsPortal.Label.ProfileDescription,プロフィールの詳細
Feature.AppealsPortal.Label.Reason,理由
Feature.AppealsPortal.Label.ReportAndAppeals,
Feature.AppealsPortal.Label.Type.Asset,アセット
Feature.AppealsPortal.Label.Type.Audio,オーディオ
Feature.AppealsPortal.Label.Type.Avatar,
Feature.AppealsPortal.Label.Type.AvatarAccessory,アバター用アクセサリ
Feature.AppealsPortal.Label.Type.AvatarAccessoryText,アバター用アクセサリの名前と詳細
Feature.AppealsPortal.Label.Type.Bundle,
Feature.AppealsPortal.Label.Type.BundleText,バンドル名と詳細
Feature.AppealsPortal.Label.Type.Chat,
Feature.AppealsPortal.Label.Type.CommerceProduct,Eコマース製品
Feature.AppealsPortal.Label.Type.ContentMaturity,
Feature.AppealsPortal.Label.Type.Experience,
Feature.AppealsPortal.Label.Type.Game,
Feature.AppealsPortal.Label.Type.Image,画像
Feature.AppealsPortal.Label.Type.Look,共有済みアバター
Feature.AppealsPortal.Label.Type.LookText,シェア済みアバターの名前と詳細
Feature.AppealsPortal.Label.Type.Mesh,メッシュ
Feature.AppealsPortal.Label.Type.Model,モデル
Feature.AppealsPortal.Label.Type.Plugin,プラグイン
Feature.AppealsPortal.Label.Type.Post,投稿
Feature.AppealsPortal.Label.Type.Screenshot,スクショ
Feature.AppealsPortal.Label.Type.UserProfile,ユーザーのプロフィール
Feature.AppealsPortal.Label.Type.Video,ビデオ
Feature.AppealsPortal.Label.Type.Voice,ボイスチャット
Feature.AppealsPortal.Label.TypeBrokeRules.Generic,あなたの言動にルール違反がありました
Feature.AppealsPortal.Label.TypeLower.Account,
Feature.AppealsPortal.Label.TypeLower.Ad,
Feature.AppealsPortal.Label.TypeLower.AltAccount,代替アカウント
Feature.AppealsPortal.Label.TypeLower.Asset,
Feature.AppealsPortal.Label.TypeLower.Audio,
Feature.AppealsPortal.Label.TypeLower.Avatar,
Feature.AppealsPortal.Label.TypeLower.AvatarAccessory,
Feature.AppealsPortal.Label.TypeLower.AvatarAccessoryText,
Feature.AppealsPortal.Label.TypeLower.Behavior,行動
Feature.AppealsPortal.Label.TypeLower.Bundle,
Feature.AppealsPortal.Label.TypeLower.BundleText,
Feature.AppealsPortal.Label.TypeLower.Chat,
Feature.AppealsPortal.Label.TypeLower.CommerceProduct,
Feature.AppealsPortal.Label.TypeLower.ContentMaturity,
Feature.AppealsPortal.Label.TypeLower.Experience,
Feature.AppealsPortal.Label.TypeLower.Game,
Feature.AppealsPortal.Label.TypeLower.Image,
Feature.AppealsPortal.Label.TypeLower.ImmersiveBrandedAd,
Feature.AppealsPortal.Label.TypeLower.Look,
Feature.AppealsPortal.Label.TypeLower.LookText,
Feature.AppealsPortal.Label.TypeLower.Mesh,
Feature.AppealsPortal.Label.TypeLower.Model,
Feature.AppealsPortal.Label.TypeLower.PlaceId,
Feature.AppealsPortal.Label.TypeLower.Plugin,
Feature.AppealsPortal.Label.TypeLower.Post,
Feature.AppealsPortal.Label.TypeLower.Screenshot,
Feature.AppealsPortal.Label.TypeLower.UserProfile,
Feature.AppealsPortal.Label.TypeLower.Video,
Feature.AppealsPortal.Label.TypeLower.Voice,
Feature.AppealsPortal.Label.TypePlural.Asset,
Feature.AppealsPortal.Label.TypePlural.Audio,
Feature.AppealsPortal.Label.TypePlural.Avatar,
Feature.AppealsPortal.Label.TypePlural.AvatarAccessory,
Feature.AppealsPortal.Label.TypePlural.AvatarAccessoryText,
Feature.AppealsPortal.Label.TypePlural.Bundle,
Feature.AppealsPortal.Label.TypePlural.BundleText,
Feature.AppealsPortal.Label.TypePlural.Chat,テキストチャット
Feature.AppealsPortal.Label.TypePlural.CommerceProduct,
Feature.AppealsPortal.Label.TypePlural.Experience,
Feature.AppealsPortal.Label.TypePlural.Game,
Feature.AppealsPortal.Label.TypePlural.Image,
Feature.AppealsPortal.Label.TypePlural.Look,
Feature.AppealsPortal.Label.TypePlural.LookText,
Feature.AppealsPortal.Label.TypePlural.Mesh,
Feature.AppealsPortal.Label.TypePlural.Model,
Feature.AppealsPortal.Label.TypePlural.Plugin,
Feature.AppealsPortal.Label.TypePlural.Screenshot,
Feature.AppealsPortal.Label.TypePlural.Video,
Feature.AppealsPortal.Label.TypePlural.Voice,
Feature.AppealsPortal.Label.UploadTime,アップロード時間
Feature.AppealsPortal.Label.Username,
Feature.AppealsPortal.Label.ViolativeExperienceDescription,違反バーチャル空間の詳細
Feature.AppealsPortal.Label.ViolativeExperienceName,違反バーチャル空間名
Feature.Avatar.Action.AddNewMakeupLook,新しいルックを追加
Feature.Avatar.Action.Cancel,
Feature.Avatar.Action.CancelSelection,選択をキャンセル
Feature.Avatar.Action.Clear,消す
Feature.Avatar.Action.ComposerPost,投稿する
Feature.Avatar.Action.ComposerPreviewAndPost,プレビューと投稿
Feature.Avatar.Action.CreateSet,作成
Feature.Avatar.Action.CreateSetFirstRun,セットを作成
Feature.Avatar.Action.Default,
Feature.Avatar.Action.DefaultView,デフォルト表示
Feature.Avatar.Action.Delete,
Feature.Avatar.Action.DeleteAvatars,アバターを削除
Feature.Avatar.Action.DeleteSet,セットを削除
Feature.Avatar.Action.Discard,破棄
Feature.Avatar.Action.EditProfilePicture,プロフィール写真を編集
Feature.Avatar.Action.GoBack,
Feature.Avatar.Action.GotIt,
Feature.Avatar.Action.Keep,キープする
Feature.Avatar.Action.Leave,
Feature.Avatar.Action.ManageCharacters,キャラクターを管理
Feature.Avatar.Action.ManageMakeupLooks,ルックを管理
Feature.Avatar.Action.Marketplace,ストア
Feature.Avatar.Action.MyPublishedAvatars,公開済みアバター
Feature.Avatar.Action.MySharedAvatars,投稿済みアバター
Feature.Avatar.Action.Next,
Feature.Avatar.Action.NotNow,
Feature.Avatar.Action.Pan,パン
Feature.Avatar.Action.Posting,投稿中
Feature.Avatar.Action.Remove,
Feature.Avatar.Action.RemoveAll,すべて削除
Feature.Avatar.Action.RemoveFromSet,セットから削除
Feature.Avatar.Action.Rename,名前を変更する
Feature.Avatar.Action.RenameSet,セット名を変更
Feature.Avatar.Action.Reset,
Feature.Avatar.Action.RestoreLastSaved,前回のアバターを復元
Feature.Avatar.Action.Revert,元に戻す
Feature.Avatar.Action.Rotate,回転
Feature.Avatar.Action.Save,保存
Feature.Avatar.Action.SaveAsNew,新規として保存
Feature.Avatar.Action.Select,選択
Feature.Avatar.Action.SelectMultipleItems,複数のアイテムを選択
Feature.Avatar.Action.SelectSlot,スロットを選択
Feature.Avatar.Action.Share,シェアする
Feature.Avatar.Action.ShareAvatar,アバターを投稿
Feature.Avatar.Action.ShareCurrentAvatar,今のアバターを投稿
Feature.Avatar.Action.Shop,ショップ
Feature.Avatar.Action.ShopForMore,もっと買う
Feature.Avatar.Action.ShowMore,さらに表示
Feature.Avatar.Action.SlotEmote,リアクションを装備
Feature.Avatar.Action.Stay,
Feature.Avatar.Action.Switch,切りかえ
Feature.Avatar.Action.TryOn,試着する
Feature.Avatar.Action.Unequip,装備を外す
Feature.Avatar.Action.Unselect,選択解除
Feature.Avatar.Action.UnslotEmote,エモート装備を外す
Feature.Avatar.Action.Update,更新
Feature.Avatar.Action.UpdateExistingCharacter,既存のキャラクターを更新
Feature.Avatar.Action.UpdateExistingMakeupLook,既存のルックを更新
Feature.Avatar.Action.UpdateMakeupLook,ルックを更新
Feature.Avatar.Action.Zoom,ズーム
Feature.Avatar.AvatarWidgetTitle,コーデを楽しもう
Feature.Avatar.BackgroundGeneration.Action.Cancel,
Feature.Avatar.BackgroundGeneration.Action.DeleteBackground,
Feature.Avatar.BackgroundGeneration.Action.DiscardDialogCancel,
Feature.Avatar.BackgroundGeneration.Action.DiscardDialogConfirm,離れる
Feature.Avatar.BackgroundGeneration.Action.Okay,
Feature.Avatar.BackgroundGeneration.Action.Publish,公開
Feature.Avatar.BackgroundGeneration.Action.Upload,アップロード
Feature.Avatar.BackgroundGeneration.Action.View,
Feature.Avatar.BackgroundGeneration.Action.ViewExclusiveBackgrounds,
Feature.Avatar.BackgroundGeneration.Description.CreateBackgroundsWithPlus,Plusで背景を作成。
Feature.Avatar.BackgroundGeneration.Description.DiscardDialog,背景はまだ公開されていません。この画面を離れると、作成した背景は破棄されます。
Feature.Avatar.BackgroundGeneration.Description.ReadyToUse,作成した背景を使用できるようになりました。
Feature.Avatar.BackgroundGeneration.Description.ReviewBeforePublish,この背景はAIで生成されました。公開すると、この背景がRobloxコミュニティ基準に準拠し、利用する権利のないコンテンツを使用していないことを確認したものとみなされます。持ち物に表示される前に審査が行われ、公開したアイテムは編集できません。
Feature.Avatar.BackgroundGeneration.Description.ReviewBeforeUpload,この背景はAIで生成されました。アップロードすると、この背景がRobloxコミュニティ基準に準拠し、利用する権利のないコンテンツを使用していないことを確認したものとみなされます。アップロードしたアイテムは持ち物に表示される前に審査が行われ、編集はできません。
Feature.Avatar.BackgroundGeneration.Description.UnlockExclusiveBackgrounds,Plusで無料の限定背景を獲得。
Feature.Avatar.BackgroundGeneration.Description.ViewExclusiveBackgrounds,無料のPlus限定背景をチェックしましょう。
Feature.Avatar.BackgroundGeneration.Error.CouldntPublish,アイテムがコミュニティ基準を満たしていません
Feature.Avatar.BackgroundGeneration.Error.LimitReached,使用量の上限に達しました。カスタマイズを続けるには、後でもう一度お試しください。
Feature.Avatar.BackgroundGeneration.Error.LimitReachedDay,使用量の上限に達しました。カスタマイズを続けるには、明日もう一度お試しください。
Feature.Avatar.BackgroundGeneration.Error.LimitReachedHour,使用量の上限に達しました。カスタマイズを続けるには、1時間後にもう一度お試しください。
Feature.Avatar.BackgroundGeneration.Error.LimitReachedMinute,使用量の上限に達しました。カスタマイズを続けるには、1分後にもう一度お試しください。
Feature.Avatar.BackgroundGeneration.Error.Moderation,そのプロンプトは当社のガイドラインに沿っていません。別の内容を入力してみてください。
Feature.Avatar.BackgroundGeneration.Error.ModerationFailed,この背景はRobloxコミュニティ基準に準拠していないため、持ち物に追加されませんでした。新しい背景を生成してみてください。
Feature.Avatar.BackgroundGeneration.Error.System,背景の生成中に問題が発生しました。もう一度お試しください。
Feature.Avatar.BackgroundGeneration.Error.UploadQuotaAllTime,全期間の公開回数の上限に達しました。
Feature.Avatar.BackgroundGeneration.Error.UploadQuotaDaily,1日あたりの公開回数の上限に達しました。明日もう一度お試しください。
Feature.Avatar.BackgroundGeneration.Error.UploadQuotaHourly,1時間あたりの公開回数の上限に達しました。1時間後にもう一度お試しください。
Feature.Avatar.BackgroundGeneration.Error.UploadQuotaMonthly,1か月あたりの公開回数の上限に達しました。来月もう一度お試しください。
Feature.Avatar.BackgroundGeneration.Label.CharacterCount,{count}/{max}
Feature.Avatar.BackgroundGeneration.Label.Description,詳細
Feature.Avatar.BackgroundGeneration.Label.ExclusiveWithPlus,Plus限定
Feature.Avatar.BackgroundGeneration.Label.Name,名前
Feature.Avatar.BackgroundGeneration.PromptPlaceholder,作成したい背景を入力…
Feature.Avatar.BackgroundGeneration.Status.Generating,背景を生成しています…
Feature.Avatar.BackgroundGeneration.Status.Preparing,背景を準備しています…
Feature.Avatar.BackgroundGeneration.Title,背景を作成
Feature.Avatar.BackgroundGeneration.Title.DiscardDialog,公開せずにこの画面を離れますか？
Feature.Avatar.BackgroundGeneration.Title.PublishBackground,
Feature.Avatar.BackgroundGeneration.Title.PublishToInventory,持ち物に公開
Feature.Avatar.BackgroundGeneration.Title.UploadBackground,
Feature.Avatar.BackgroundGeneration.Title.UploadToInventory,持ち物にアップロード
Feature.Avatar.BackgroundGeneration.Tooltip.CreateBackground,Plusなら背景を無料で作成！
Feature.Avatar.BackgroundGeneration.Tooltip.PublishBackground,
Feature.Avatar.Backgrounds.Title,背景
Feature.Avatar.ColorAdjustmentPage.AdjustmentNotAvailableForBody,この体型は調整できません。
Feature.Avatar.ColorAdjustmentPage.Label.SelectDefaultColors,初期設定のボディの色に設定
Feature.Avatar.ColorAdjustmentPage.Title,スキンの色
Feature.Avatar.ComposerPosting,
Feature.Avatar.Description.MakeupIntroFtux,無限のメイクの組み合わせで、自分だけのユニークなルックを作りましょう。
Feature.Avatar.EmoteAlreadyAssigned,このリアクションは、すでにスロットに割り当てられています。
Feature.Avatar.Feature.Avatar.BackgroundGeneration.Title,
Feature.Avatar.Feature.DisplayName.ErrorMessage.SomethingWentWrong,
Feature.Avatar.Generic.Error,
Feature.Avatar.GetInspired,インスピレーションを得る
Feature.Avatar.Header.Post,
Feature.Avatar.Heading.AccessoryAdjustmentTitle,アクセサリ調整
Feature.Avatar.Heading.Active,アクティブ
Feature.Avatar.Heading.All,すべて
Feature.Avatar.Heading.Animations,アニメ
Feature.Avatar.Heading.AvatarLooksWidget,
Feature.Avatar.Heading.BodyParts,ボディパーツ
Feature.Avatar.Heading.Clothing,服装
Feature.Avatar.Heading.DeleteAssets,アセットを削除
Feature.Avatar.Heading.DeleteCharacter,このキャラクターを削除しますか？
Feature.Avatar.Heading.DuplicateCharacter,キャラクターを複製
Feature.Avatar.Heading.Emotes,リアクション
Feature.Avatar.Heading.Expired,有効期限切れ
Feature.Avatar.Heading.Filter,並べ替え
Feature.Avatar.Heading.Filters,
Feature.Avatar.Heading.LooksAvatarSaved,アバターを保存しました！
Feature.Avatar.Heading.LooksCharacterSaved,キャラクターを保存しました！
Feature.Avatar.Heading.LooksPurchaseFailed,購入できませんでした
Feature.Avatar.Heading.LooksPurchasePartialSuccess,一部、完了
Feature.Avatar.Heading.MakeupLookSaved,メイクルックを保存しました！
Feature.Avatar.Heading.Manage,管理する
Feature.Avatar.Heading.MySharedAvatarsTitle,
Feature.Avatar.Heading.Outfits,
Feature.Avatar.Heading.RenameCharacter,キャラクターを名前を変更
Feature.Avatar.Heading.SaveCostume,キャラクターを保存
Feature.Avatar.Heading.SelectToUpdate,選択して更新
Feature.Avatar.Heading.SetLimitReached,セット数が上限に達しました
Feature.Avatar.Heading.SetNameDuplicate,名前を複製
Feature.Avatar.Heading.SetNameNotAllowed,許可されない名前です
Feature.Avatar.Heading.SetUpdateFailed,セットを更新できませんでした
Feature.Avatar.Heading.SharePublicAvatar,アバターを共有
Feature.Avatar.Heading.SortBy,並べ替え:
Feature.Avatar.Heading.UsedName,使用済みの名前
Feature.Avatar.Heading.WearConfirmation,アイテムを装備
Feature.Avatar.HeroWidget.BundleTitle,Korblox Pactbreaker
Feature.Avatar.HeroWidget.CapsuleDescription,Robloxオリジナルの3つの新バージョン
Feature.Avatar.HeroWidget.CapsulePoolDescription,水しぶきをあげる3つの新着アイテム
Feature.Avatar.HeroWidget.CapsulePoolTitle,プールパーティ
Feature.Avatar.HeroWidget.CapsuleTitle,定番アイテムの最新版
Feature.Avatar.ItemDidNotMeetRobloxCommunityStandards.BodyText,{category}の「{item}」は、Robloxコミュニティ基準に違反していたため削除されました。{lineBreak}詳細を確認またはもう一度審査を希望する場合は、違反＆異議申し立てのページに移動してください。
Feature.Avatar.ItemDidNotMeetRobloxCommunityStandards.TitleText,アイテムがRobloxコミュニティ基準を満たしていませんでした
Feature.Avatar.ItemsRemovedFromAvatar.TitleText,アバターからアイテムを削除
Feature.Avatar.Label,
Feature.Avatar.Label.AbyssBlue,アビスブルー
Feature.Avatar.Label.AbyssBlueDark,アビスブルー（ダーク）
Feature.Avatar.Label.AbyssBlueLight,アビスブルー（ライト）
Feature.Avatar.Label.Accessory,アクセサリ
Feature.Avatar.Label.AccessoryAdjustment.Entry.Tooltip,アクセサリのフィット感を調整
Feature.Avatar.Label.AccessoryAdjustment.Items.Tooltip,調整するアイテムを選択
Feature.Avatar.Label.AccessoryCannotBeAdjustedWarning,このアイテムは調整できません。
Feature.Avatar.Label.Add,追加
Feature.Avatar.Label.AddEdit,追加／編集
Feature.Avatar.Label.AddManage,追加/管理
Feature.Avatar.Label.AddManage2,
Feature.Avatar.Label.AllAvatarSets,
Feature.Avatar.Label.AllFolders,
Feature.Avatar.Label.AllHeads,すべての頭
Feature.Avatar.Label.AnimationFullSet,全セット
Feature.Avatar.Label.AvatarAdjustment,アバターの調整
Feature.Avatar.Label.AvatarBackground,アバターの背景
Feature.Avatar.Label.Avatars,
Feature.Avatar.Label.Back,背面
Feature.Avatar.Label.Backgrounds,
Feature.Avatar.Label.Blocky,ブロッキー
Feature.Avatar.Label.BodyColorAdvancedView,
Feature.Avatar.Label.BodyColorAllLimbs,
Feature.Avatar.Label.BodyColorHead,頭
Feature.Avatar.Label.BodyColorLeftArm,左腕
Feature.Avatar.Label.BodyColorLeftLeg,左足
Feature.Avatar.Label.BodyColorRightArm,右腕
Feature.Avatar.Label.BodyColorRightLeg,右足
Feature.Avatar.Label.BodyColorStandardView,標準
Feature.Avatar.Label.BodyColorTorso,胴体
Feature.Avatar.Label.BodyParts,ボディパーツ: {bodyPart}
Feature.Avatar.Label.BodySize,ボディサイズ
Feature.Avatar.Label.BodyType,ボディタイプ
Feature.Avatar.Label.Bodysuits,ボディスーツ
Feature.Avatar.Label.Bottom,ボトムス
Feature.Avatar.Label.Bottoms,
Feature.Avatar.Label.Build,体型
Feature.Avatar.Label.BuyAvatarQuestion,このアバターを購入しますか？
Feature.Avatar.Label.BuyLookQuestion,この衣装を購入しますか？
Feature.Avatar.Label.BuyMakeupQuestion,このメイクルックを購入しますか？
Feature.Avatar.Label.BuyOutfitLuobuMultiple,エンターテインメントのご利用はほどほどを心がけて、合理的にお使いください。「{numItems}」点のアイテムを購入しますか？
Feature.Avatar.Label.BuyOutfitLuobuSingle,エンターテインメントのご利用はほどほどを心がけて、合理的にお使いください。「[1]」点のアイテムを購入しますか？
Feature.Avatar.Label.BuyOutfitMultiple,[{numItems}] 点のアイテムを購入しますか？
Feature.Avatar.Label.BuyOutfitSingle,[1] 点のアイテムを購入しますか？
Feature.Avatar.Label.By,制作:
Feature.Avatar.Label.ClassicFaces,定番の顔
Feature.Avatar.Label.ClassicHeads,定番の頭
Feature.Avatar.Label.ClassicPants,定番のズボン
Feature.Avatar.Label.ClassicShirts,定番のシャツ
Feature.Avatar.Label.ClassicTShirts,定番のTシャツ
Feature.Avatar.Label.ClearByCategory,{category} を外す
Feature.Avatar.Label.Climb,登る
Feature.Avatar.Label.ClimbAnimations,登るアニメ
Feature.Avatar.Label.CostumeWarning,名前に使用できるのは、文字、半角英数字、およびスペースだけです。
Feature.Avatar.Label.CountSelected,{itemCount} 点を選択済み
Feature.Avatar.Label.Creations,作品
Feature.Avatar.Label.CurrentlyWearing,装備中
Feature.Avatar.Label.DefaultBody,デフォルトのボディ
Feature.Avatar.Label.DeleteSetBody,このセットを削除しても、その中の服装は削除されません。
Feature.Avatar.Label.Details,詳細（{quantity}）
Feature.Avatar.Label.DetailsButton,
Feature.Avatar.Label.DressesAndSkirts,ワンピースとスカート
Feature.Avatar.Label.DuplicateMakeupLookDialog,このルックは「{lookName}」として追加済みです。もう一度追加しますか？
Feature.Avatar.Label.DynamicHead,ダイナミックヘッド
Feature.Avatar.Label.DynamicHeads,動く頭
Feature.Avatar.Label.Emote,
Feature.Avatar.Label.EnterCostumeName,この新しいキャラクターの名前を入力
Feature.Avatar.Label.EnterNewCostumeName,このキャラクターの新しい名前を入力
Feature.Avatar.Label.EyeMakeup,目
Feature.Avatar.Label.Eyebrows,まゆげ
Feature.Avatar.Label.Eyelashes,まつげ
Feature.Avatar.Label.Face,顔
Feature.Avatar.Label.FaceMakeup,
Feature.Avatar.Label.FacialAnimation,表情アニメーション
Feature.Avatar.Label.Fall,落下
Feature.Avatar.Label.FallAnimations,落下アニメ
Feature.Avatar.Label.Front,正面
Feature.Avatar.Label.FullBody,全身
Feature.Avatar.Label.FullMasks,フルマスク
Feature.Avatar.Label.FullPair,両靴
Feature.Avatar.Label.Gear,ギア
Feature.Avatar.Label.GenericSetError,問題が発生しました。やり直してください。
Feature.Avatar.Label.GetLookQuestion,この衣装を無料でゲットしますか？
Feature.Avatar.Label.GetOutfitMultiple,[{numItems}] 点のアイテムを無料で入手しますか？
Feature.Avatar.Label.GetOutfitOne,[1] 点のアイテムを無料で入手しますか？
Feature.Avatar.Label.Hair,髪
Feature.Avatar.Label.HandAndArm,手と腕
Feature.Avatar.Label.Hat,帽子
Feature.Avatar.Label.Head,
Feature.Avatar.Label.HeadBody,頭とボディ
Feature.Avatar.Label.HeadRefinement.Adjust.Title,頭の調整
Feature.Avatar.Label.HeadRefinement.Adjust.Tooltip,ここで頭を調整
Feature.Avatar.Label.HeadRefinement.CombinedCategories.Tooltip,すべての定番が頭に入りました
Feature.Avatar.Label.HeadRefinement.DH.Title,定番の形
Feature.Avatar.Label.HeadRefinement.Description,定番の顔に使う頭の形を選択。
Feature.Avatar.Label.HeadRefinement.Description.Unsupported,この頭の形は調整できません。
Feature.Avatar.Label.HeadRefinement.FacialAnimation,
Feature.Avatar.Label.HeadRefinement.Title,頭の形
Feature.Avatar.Label.HeadSize,頭のサイズ
Feature.Avatar.Label.Heads,
Feature.Avatar.Label.Idle,待機
Feature.Avatar.Label.IdleAnimations,待機アニメ
Feature.Avatar.Label.Jacket,ジャケット
Feature.Avatar.Label.Jackets,
Feature.Avatar.Label.Jump,ジャンプ
Feature.Avatar.Label.JumpAnimations,ジャンプのアニメ
Feature.Avatar.Label.LayeredClothingR15Warning,このアイテムを有効化するには、ボディタイプをR15に更新してください。
Feature.Avatar.Label.LayeredClothingSwitchR6Warning,R6 キャラクターには制限があります。切りかえた場合、すべての対応済みアイテムは削除されます。
Feature.Avatar.Label.LeftArm,
Feature.Avatar.Label.LeftArms,
Feature.Avatar.Label.LeftInitial,左
Feature.Avatar.Label.LeftLeg,
Feature.Avatar.Label.LeftLegs,
Feature.Avatar.Label.LeftShoe,靴（左）
Feature.Avatar.Label.LeftShoes,
Feature.Avatar.Label.LipMakeup,唇
Feature.Avatar.Label.LoadingSets,セットを読み込み中
Feature.Avatar.Label.Looks,ルックス
Feature.Avatar.Label.Makeup,メイク
Feature.Avatar.Label.MakeupLayer,レイヤー{layerIndex}
Feature.Avatar.Label.MakeupLooks,メイクしたルック
Feature.Avatar.Label.ManageItems,アイテムを管理
Feature.Avatar.Label.Message.BlockingSavePrompt,今保存しないとすべての変更内容が失われます。
Feature.Avatar.Label.Message.DeleteAvatars,この操作は元に戻せません。
Feature.Avatar.Label.Message.DuplicateAvatar,同様のアバターをすでに保存しているようです:
Feature.Avatar.Label.ModerationFailed,内容審査で問題があります
Feature.Avatar.Label.Mood,気分
Feature.Avatar.Label.MultiNoLongerAvailableInCollection,これらのアセットは、このコレクションではもう利用できません:
Feature.Avatar.Label.MyPostedAvatars.Tooltip,投稿済みアバターはマーケットプレイスに公開されます
Feature.Avatar.Label.Name,
Feature.Avatar.Label.Neck,首
Feature.Avatar.Label.Newest,最新
Feature.Avatar.Label.NoExpiredItems,有効期限切れの{itemType}なし
Feature.Avatar.Label.NoItems,{itemType} がありません
Feature.Avatar.Label.NoLongerAvailableInCollection,このコレクションではもう利用できません
Feature.Avatar.Label.NoSets,まだセットがありません
Feature.Avatar.Label.Outerwear,上着
Feature.Avatar.Label.OutfitIncomplete,作成した衣装は購入していないため、バーチャル空間内では表示されません
Feature.Avatar.Label.OutfitPurchaseFailure,申し訳ありません！ [{numItems}] 件、購入できませんでした！
Feature.Avatar.Label.OutfitPurchaseSuccess,[{numItems}] 点のアイテムを購入！
Feature.Avatar.Label.PPEEmoteR15Warning,リアクションを有効化してアバターにジェスチャーを追加するには、ボディタイプをR15に更新してください。
Feature.Avatar.Label.PPEFinalBody,アプリ全体でプロフィール写真は両方の表示方法で使われます。
Feature.Avatar.Label.PPEFinalHeader,プレビュー
Feature.Avatar.Label.PPEFinalSubheader,完了！
Feature.Avatar.Label.PPEFinishedToast,プロフィール写真を変更しました！
Feature.Avatar.Label.PPEPositionCameraHeader,カメラの調整
Feature.Avatar.Label.PPEViewCloseupButton,ズーム表示
Feature.Avatar.Label.PPEViewFullButton,アバター全体を表示
Feature.Avatar.Label.Pants,ズボン
Feature.Avatar.Label.PantsClassic,クラシックパンツ
Feature.Avatar.Label.Photobooth,写真撮影
Feature.Avatar.Label.ProfileFrames,フレーム
Feature.Avatar.Label.ProfileFramesUnlockBanner,Plusでフレームのロックを解除
Feature.Avatar.Label.Props,プロップ
Feature.Avatar.Label.Purchased,購入済み
Feature.Avatar.Label.QuickMenuCustomizeTitle,オプションをカスタマイズ
Feature.Avatar.Label.QuickMenuLandingPageTitle,アバターオプション
Feature.Avatar.Label.R15,R15
Feature.Avatar.Label.R6,R6
Feature.Avatar.Label.R6R15,R6/R15
Feature.Avatar.Label.RecentlyWorn,最近の装備
Feature.Avatar.Label.RemoveFromSetBody,これらのアバターはこのセットから削除されます。アバター自体は削除されません。
Feature.Avatar.Label.Replace,置き換え
Feature.Avatar.Label.ResetToNewCharacter,新しいキャラクターに切りかえています。すべての衣装アイテムをリセットしますか。それともキープしますか。
Feature.Avatar.Label.Right,右
Feature.Avatar.Label.RightArm,
Feature.Avatar.Label.RightArms,
Feature.Avatar.Label.RightInitial,
Feature.Avatar.Label.RightLeg,
Feature.Avatar.Label.RightLegs,
Feature.Avatar.Label.RightShoe,靴（右）
Feature.Avatar.Label.RightShoes,
Feature.Avatar.Label.Run,走る
Feature.Avatar.Label.RunAnimations,走るアニメ
Feature.Avatar.Label.SavedSimilarCharacter,似たキャラクターをすでに保存しているようです:
Feature.Avatar.Label.SavedSimilarCharacterNoName,似たキャラクターをすでに保存しているようです
Feature.Avatar.Label.Scenes,シーン
Feature.Avatar.Label.SearchLandingPage.Title.RecentSearches,最近のサーチ
Feature.Avatar.Label.SearchLandingPage.Title.RecentlyViewedItems,最近、閲覧
Feature.Avatar.Label.SearchLandingPage.Title.RecentlyViewedSearchItems,買い物を続ける
Feature.Avatar.Label.SelectItem,アイテムを選択
Feature.Avatar.Label.SetAvatarCount,{itemCount}個のアバター
Feature.Avatar.Label.SetLimitReachedBody,セットは最大{setLimit}件までに制限されています。容量を確保するには、1件削除してください
Feature.Avatar.Label.SetNameDuplicateBody,この名前のセットはすでにあります。別の名前を入力してください
Feature.Avatar.Label.SetNameNotAllowedBody,別の名前を入力してください
Feature.Avatar.Label.SharePublicAvatar.Tooltip,アバターをマーケットプレイスに投稿
Feature.Avatar.Label.Shirt,シャツ
Feature.Avatar.Label.ShirtClassic,クラシックシャツ
Feature.Avatar.Label.Shirts,
Feature.Avatar.Label.ShoeL,
Feature.Avatar.Label.ShoeR,
Feature.Avatar.Label.Shoes,靴
Feature.Avatar.Label.Shorts,短パン
Feature.Avatar.Label.Shoulder,肩
Feature.Avatar.Label.Skin,スキン
Feature.Avatar.Label.Sweater,セーター
Feature.Avatar.Label.Sweaters,
Feature.Avatar.Label.Swim,泳ぐ
Feature.Avatar.Label.SwimAnimations,泳ぐアニメ
Feature.Avatar.Label.SwitchToR15,R15に切りかえ
Feature.Avatar.Label.TShirt,Tシャツ
Feature.Avatar.Label.TShirtClassic,クラシックTシャツ
Feature.Avatar.Label.Title.AccessoryAdjustment,
Feature.Avatar.Label.Title.AddNewAvatar,新規アバターとして追加
Feature.Avatar.Label.Title.AddToMyAvatars,自分のアバターに追加
Feature.Avatar.Label.Title.AddToMyMakeupLooks,自分のメイクルックに追加
Feature.Avatar.Label.Title.AvatarName,アバターの名前を入力
Feature.Avatar.Label.Title.AvatarSwitcher,自分のアバター
Feature.Avatar.Label.Title.BlockingSavePrompt,アバターを保存しますか？
Feature.Avatar.Label.Title.BodyShape,
Feature.Avatar.Label.Title.ClothingLayering,衣装の重ね着
Feature.Avatar.Label.Title.DeleteMultipleAvatars,{count} 件のアバターを削除しますか？
Feature.Avatar.Label.Title.DeleteSingleAvatar,このアバターを削除しますか？
Feature.Avatar.Label.Title.DuplicateAvatar,アバターを複製
Feature.Avatar.Label.Title.Emotes,
Feature.Avatar.Label.Title.HeadAdjustment,
Feature.Avatar.Label.Title.Inventory,
Feature.Avatar.Label.Title.MakeupLayering,メイクの重ね塗り
Feature.Avatar.Label.Title.ManageAvatars,アバター管理
Feature.Avatar.Label.Title.MyInventory,
Feature.Avatar.Label.Title.ProfilePhoto,プロフィール写真
Feature.Avatar.Label.Title.ReplaceAvatar,アバターを置き換え
Feature.Avatar.Label.Title.Save,
Feature.Avatar.Label.Title.SaveToMyAvatars,自分のアバターに保存
Feature.Avatar.Label.Title.UpdateAvatar,今のアバターを置き換え
Feature.Avatar.Label.Title.WearAfterPurchase,購入後に装備
Feature.Avatar.Label.Title.WearAndSaveAfterPurchase,購入後に装備して保存
Feature.Avatar.Label.Top,トップス
Feature.Avatar.Label.Torso,
Feature.Avatar.Label.Torsos,
Feature.Avatar.Label.TropicalRunway,トロピカルなランウェイ
Feature.Avatar.Label.TryOnFail,アイテムを試着できませんでした。後でもう一度お試しください。
Feature.Avatar.Label.TryOnManagerDescriptor,合計: アイテム {numItems} 個
Feature.Avatar.Label.Unavailable,該当なし
Feature.Avatar.Label.UsedNameLong,この名前をすでに使用したようです。それでも保存しますか？
Feature.Avatar.Label.Waist,腰
Feature.Avatar.Label.Walk,歩く
Feature.Avatar.Label.WalkAnimations,歩くアニメ
Feature.Avatar.Label.WholeBody,
Feature.Avatar.Message.AddAvatarAgain,このアバターは '{prevAvatar}' として追加済みです。もう一度、追加しますか？
Feature.Avatar.Message.AdjustAndFit,お持ちのアイテムに合わせて調整
Feature.Avatar.Message.AlreadyAcquired,このアイテムはすでに入手しています。
Feature.Avatar.Message.AvatarAdded,'{avatarName}' が追加されました
Feature.Avatar.Message.AvatarDeleted,アバターが削除されました
Feature.Avatar.Message.AvatarRenamed,アバター名を変更しました
Feature.Avatar.Message.AvatarUpdated,'{avatarName}' が更新されました
Feature.Avatar.Message.BulkDeleteMakeupLook,{count}件のメイクルックが削除されました
Feature.Avatar.Message.CameraFacialAnimationPaused,リアクションを出すときにカメラが一時的にオフになります
Feature.Avatar.Message.ClassicHeadAndR6CameraWarning,定番の頭とR6 アバターは、表情アニメーションに対応していません
Feature.Avatar.Message.ClearAccessories,これで現在、装備しているアクセサリがすべて削除されます。
Feature.Avatar.Message.ClearAnimations,これで現在、装備しているアニメーションがすべて削除されます。
Feature.Avatar.Message.ClearBody,これで現在、ボディの下に装備しているものがすべて削除されます。
Feature.Avatar.Message.ClearClothes,これで現在、装着している衣装がすべて削除されます。
Feature.Avatar.Message.ClearMakeupConfirmation,これにより、すべてのメイクアイテムが削除されます
Feature.Avatar.Message.DeepLinkEquipFailed,装備しようとしているアイテムは利用できません
Feature.Avatar.Message.EnhancedAvatarHeads,定番の頭が表情アニメーションに対応するようになりました。お持ちの頭はすべて「頭」にあります。頭の形や表情アニメーションは「頭の調整」で調整できます。
Feature.Avatar.Message.EquipCostumeConfirmation,このキャラクターを保存していません。キャラクターを変えていいですか？
Feature.Avatar.Message.ErrorNotAuthorized,ユーザーにはこの操作を実行する権限がありません
Feature.Avatar.Message.FTUXSelfieViewClosedTooltip,カメラとセルフビュー操作はこちらから
Feature.Avatar.Message.FTUXSelfieViewOpenedTooltip,カメラを使ってアバターを笑顔にしたり、あなたの動きを反映させましょう
Feature.Avatar.Message.FaceNotVisible,選択済みの顔は、この頭では表示されません。
Feature.Avatar.Message.FailedAvatarRename,アバター名を変更できませんでした
Feature.Avatar.Message.FailedDeleteCostume,コスチュームを削除できませんでした。
Feature.Avatar.Message.FailedRenameCostume,キャラクターの名前を変更できませんでした
Feature.Avatar.Message.FailedToLoadAvatar,アバターをロードできませんでした
Feature.Avatar.Message.FailedUpdateOutfit,衣装を更新できません
Feature.Avatar.Message.FailedWritePPE,プロフィール写真を更新できませんでした
Feature.Avatar.Message.HatLimitTooltip,帽子は3つまで装備できます
Feature.Avatar.Message.InvalidAssetsEquipped,装備済みのアイテムの中にもう利用できないものがあります。
Feature.Avatar.Message.InvalidItem,このアイテムは存在しません。
Feature.Avatar.Message.InvalidName,無効な名前
Feature.Avatar.Message.LCSortClassicWarning,定番アイテムは編集できません
Feature.Avatar.Message.LCSortEntry,重ね着の順序変更
Feature.Avatar.Message.LCSortListTooltip,アイテムのサムネイルをドラッグ＆ドロップしてレイヤーの順序を編集
Feature.Avatar.Message.LCSortNoEquipped,3Dの服装アイテムは装備されていません。アイテムを装備して編集
Feature.Avatar.Message.LCSortResetBody,調整内容が破棄されます。それでも先に進みますか？
Feature.Avatar.Message.LCSortUnequipBody,アイテムの装備を外しますか？
Feature.Avatar.Message.LayeredMakeupSortNoEquipped,レイヤードメイクアイテムが装備されていません。アイテムを装備して編集しましょう。
Feature.Avatar.Message.LeaveAccessoryAdjustmentWarning,調整を適用していません。終了しますか？
Feature.Avatar.Message.LeavingComposerWithoutSave,終了すると変更内容は保存されません。
Feature.Avatar.Message.LooksAvatarSaved,アバター名はカスタマイズ画面でいつでも変更できます
Feature.Avatar.Message.LooksCharacterSaved,カスタマイズでいつでもキャラクター名を編集できます
Feature.Avatar.Message.LooksPurchaseFailedNetworkError,ネットワークエラーです。後でまたお試しください。
Feature.Avatar.Message.LooksPurchasePartialSuccessGenericPP,{numSuccessItems} 点のアイテムを購入しました。 {numFailureItems} 点は購入できませんでした
Feature.Avatar.Message.LooksPurchasePartialSuccessGenericPS,
Feature.Avatar.Message.LooksPurchasePartialSuccessGenericSP,
Feature.Avatar.Message.LooksPurchasePartialSuccessGenericSS,
Feature.Avatar.Message.LooksPurchaseSuccessPlural,{numItems} 点のアイテムを購入！
Feature.Avatar.Message.LooksPurchaseSuccessSingular,
Feature.Avatar.Message.MakeupLookAdded,メイクルックが追加されました
Feature.Avatar.Message.MakeupLookRenamed,メイクルック名を変更しました
Feature.Avatar.Message.MakeupLookSaved,メイクルック名はカスタマイズ画面でいつでも編集できます
Feature.Avatar.Message.MakeupLookUpdated,メイクルックを更新しました
Feature.Avatar.Message.MakeupSortNoEquipped,メイクアイテムが装備されていません。アイテムを装備して編集しましょう
Feature.Avatar.Message.MakeupSortResetBody,調整内容が破棄されます。先に進みますか？
Feature.Avatar.Message.MakeupSortUnequipBody,
Feature.Avatar.Message.ModerationFailed,1体以上のアバターが当社のコミュニティガイドラインに違反しています。
Feature.Avatar.Message.MultiAvatarDeleted,
Feature.Avatar.Message.NewControlLocationFullBody,現在、全身（旧称「購入済みキャラクター」）は、「全身」の欄にあります。
Feature.Avatar.Message.NewControlLocationProfile,プロフィール写真は [その他] メニューに移動しました
Feature.Avatar.Message.NewCustomize,アバターのファッションを素早く簡単に更新できるようになりました。クリックしてリニューアルされた機能を見てみましょう。
Feature.Avatar.Message.NoAccessoriesEquipped,調整可能なアクセサリはありません。
Feature.Avatar.Message.OutfitCleared,コーディネートをリセットしました
Feature.Avatar.Message.PostToMarketplaceTooltip,投稿はマーケットプレイスに公開されます
Feature.Avatar.Message.R15AnimationsPrompt,アニメーションを有効化するには、ボディタイプをR15に更新してください。
Feature.Avatar.Message.R15EmotesPrompt,リアクションを有効化するには、ボディタイプをR15に更新してください。
Feature.Avatar.Message.R15StylesPrompt,ボディスタイルをカスタマイズするには、ボディタイプをR15に更新してください。
Feature.Avatar.Message.ReachedMaxOutfits,服装の数が上限に達しました。
Feature.Avatar.Message.RenameCostumeSuccess,名前を変更済み！
Feature.Avatar.Message.ResetAdjustment,
Feature.Avatar.Message.RestoredLastSaved,前回保存したアバターを復元しました
Feature.Avatar.Message.RevertToDefault,プロフィール写真をデフォルトに変更しますか？
Feature.Avatar.Message.SaveFailure,アバターを保存できませんでした。後でもう一度お試しください。
Feature.Avatar.Message.SaveSuccess,アバターを保存しました
Feature.Avatar.Message.SaveSuccessWithInvalidAssets,アバターを保存しました。現在利用できないアイテムがあるため、アイテムの一部が削除されました。
Feature.Avatar.Message.SaveThrottled,もう一度保存するには数秒間お待ちください
Feature.Avatar.Message.SelectEmote,リアクションでアバターにジェスチャーを追加
Feature.Avatar.Message.ShareAvatarWithCommunity,
Feature.Avatar.Message.ShareAvatarWithCommunityDisclaimer,内容審査が完了するとリンクにアクセスできます
Feature.Avatar.Message.SharePublicAvatar,SNSでアバターを共有して、視聴者を拡大して創造性をアピールしましょう
Feature.Avatar.Message.TryOnCameraHeadWarning,定番の頭は、表情アニメーションに対応していません
Feature.Avatar.Message.UnknownErrorCreatingMakeupLook,不明なエラーが発生しました。メイクルックは作成されていません。
Feature.Avatar.Message.UnknownErrorCreatingOutfit,不明なエラーが発生しました。衣装は作成されていません。
Feature.Avatar.Message.UpdateOutfitSuccess,更新済み！
Feature.Avatar.Message.UpdateRequired,アップデートが必要です。このアイテムを表示するには、Robloxを最新バージョンにアップデートしてください。
Feature.Avatar.Placeholder.NameYourAvatar,アバターに名前をつける
Feature.Avatar.Placeholder.WriteAvatarCaption,アバターの説明文を書く（任意）
Feature.Avatar.RevokedItems.BodyText,{category}のアイテム「{item}」は、保存されたアバターから削除されました。そのため購入時に支払った金額が返金されました。{lineBreak}詳細は受信トレイをご確認ください。
Feature.Avatar.RevokedItems.BodyTextMultiple,以下のアイテムは、保存されたアバターから削除されました。そのため購入時に支払った金額が返金されました。{lineBreak}{items}{lineBreak}詳細は受信トレイをご確認ください。
Feature.Avatar.RevokedItems.ViewInbox,受信トレイを表示
Feature.Avatar.SetNameDuplicate,
Feature.Avatar.Text.MakeupLayeringTooltip,メイクを重ねる
Feature.Avatar.Title.AvatarRefinement,アバター微調整
Feature.Avatar.Title.BulkDeleteMakeupLooks,{count}件のメイクルックを削除しますか？
Feature.Avatar.Title.BuyAvatar,アバターを購入
Feature.Avatar.Title.BuyMakeup,メイクルックを購入
Feature.Avatar.Title.BuyOutfit,服装を買う
Feature.Avatar.Title.ClearAccessoriesConfirmation,アクセサリをすべて消しますか？
Feature.Avatar.Title.ClearAnimationsConfirmation,アニメーションをすべて消しますか？
Feature.Avatar.Title.ClearBodyConfirmation,ボディを消しますか？
Feature.Avatar.Title.ClearClothesConfirmation,衣装をすべて消しますか？
Feature.Avatar.Title.ClearMakeupConfirmation,すべてのメイクを消しますか？
Feature.Avatar.Title.CreateSet,
Feature.Avatar.Title.DeleteSet,
Feature.Avatar.Title.DuplicateMakeupLook,ルックを複製
Feature.Avatar.Title.EnhancedAvatarHeads,アバターの頭を強化
Feature.Avatar.Title.FindYourStyle,独自のスタイルを見つけよう
Feature.Avatar.Title.GetOutfit,衣装をゲット
Feature.Avatar.Title.LCSortPage,衣装の並べ替え
Feature.Avatar.Title.LCSortReset,デフォルトにリセット
Feature.Avatar.Title.LCSortUnequip,アイテムの装備を外す
Feature.Avatar.Title.LayeredMakeupSortPage,
Feature.Avatar.Title.LooksWidget,衣装のサンプル
Feature.Avatar.Title.MakeupIntroFtux,メイクのご紹介
Feature.Avatar.Title.MakeupSortPage,
Feature.Avatar.Title.MakeupSortReset,
Feature.Avatar.Title.MakeupSortUnequip,
Feature.Avatar.Title.Move,移動
Feature.Avatar.Title.NameAvatarOutfit,
Feature.Avatar.Title.NewCustomizeLook,カスタマイズ機能をリニューアル！
Feature.Avatar.Title.NewToMarketplaceItemWidget,マーケットプレイスでの新着
Feature.Avatar.Title.OutfitIncomplete,服装が未完成です
Feature.Avatar.Title.Preview,
Feature.Avatar.Title.RemoveFromSet,
Feature.Avatar.Title.RenameMakeupLook,メイクのルック名を変更
Feature.Avatar.Title.RenameSet,
Feature.Avatar.Title.ResetToDefault,
Feature.Avatar.Title.ResetToNewCharacter,新しいキャラクター
Feature.Avatar.Title.RevertToDefault,デフォルトに戻す
Feature.Avatar.Title.SaveMakeupLook,ルックに名前を付ける
Feature.Avatar.Title.SavedAvatarsLocation,保存済みアバターはこちら
Feature.Avatar.Title.SelectEmoteForAvatar,
Feature.Avatar.Title.SelectMakeupLookForUpdate,メイクルックを選択
Feature.Avatar.Title.SelectMakeupLooks,ルックを選択
Feature.Avatar.Title.SelectSet,セットを選択
Feature.Avatar.Title.SingleDeleteOutfit,「{outfitName}」を削除しますか？
Feature.Avatar.Title.TrendingItemWidget,人気急上昇アイテム
Feature.Avatar.Title.TrendingLooksWidget,人気のスタイル
Feature.Avatar.Title.UnsavedChanges,未保存の変更内容
Feature.Avatar.Title.UpdateMakeupLook,このルックを更新しますか？
Feature.Avatar.Title.YourTryOns,あなたの試着
Feature.Avatar.Toast.AvatarCaptionExceedMaximum,"キャプション（説明文）は1,000文字まで"
Feature.Avatar.Toast.AvatarPostSuccessfully,投稿完了
Feature.Avatar.Toast.AvatarTitleExceedMaximum,タイトルは50文字まで
Feature.Avatar.Toast.ComposeWithoutClothing,アバターは1点以上の衣装かアクセサリの装備が必要です
Feature.Avatar.Toast.MaxOutfitsSelected,選択できるのは最大{maxSelectCount}点までです。
Feature.Avatar.Toast.PostWithParticleEffect,投稿後、最終サムネイルにパーティクルエフェクトが表示されます
Feature.Avatar.Tooltip.CustomizeOverhaulSubcategories,タップしてカテゴリーを変更
Feature.Avatar.UnavailableItems.BodyText,{category}「{item}」は現在審査中のため利用できません。{lineBreak}もしRobloxから削除された場合、1週間以内に返金されます。
Feature.Avatar.UnavailableItems.BodyTextMultiple,以下のアイテムは現在審査中のため利用できません。{lineBreak}{items}{lineBreak}もしRobloxから削除された場合、1週間以内に返金されます。
Feature.Avatar.UnavailableItems.ConfirmText,
Feature.Avatar.UnavailableItems.TitleText,アイテムが利用できません
Feature.Avatar.tooltip.ExpiredItemsFilter,有効期限切れの時間制限付きオプションアイテムを探す
Feature.AvatarBundleReceivedInteractiveAlert.Action.Ok,
Feature.AvatarBundleReceivedInteractiveAlert.Action.TakeALook,見る
Feature.AvatarBundleReceivedInteractiveAlert.BodyText.AddedToInventory,"{avatarName} が持ち物に追加されました！
{fontColorSpanStart}[アバター] > [変更] > [キャラクター] > [購入済み]{fontColorSpanEnd} にあります。"
Feature.AvatarBundleReceivedInteractiveAlert.BodyText.AddedToInventoryWithPath,"{avatarName} が持ち物に追加されました！
{fontColorSpanStart}{inventoryPath}{fontColorSpanEnd} にあります"
Feature.AvatarBundleReceivedInteractiveAlert.BodyText.BackAccessoriesInventoryPath,[アバター] > [更新] > [アクセサリ] > [背面]
Feature.AvatarBundleReceivedInteractiveAlert.BodyText.HeadAccessoriesInventoryPath,[アバター] > [更新] > [アクセサリ] > [頭]
Feature.AvatarBundleReceivedInteractiveAlert.BodyText.UnknownAddedToInventory,"アバターが持ち物に追加されました！
{fontColorSpanStart}[アバター] > [変更/カスタマイズ] > [キャラクター] > [購入済み]{fontColorSpanEnd} にあります。"
Feature.AvatarBundleReceivedInteractiveAlert.Title.ItemsAcquired,獲得したアイテム
Feature.BiometricChallenge.Action.Cancel,
Feature.BiometricChallenge.Action.Continue,
Feature.BiometricChallenge.Content.LivenessHostedPrompt,外部ブラウザを開いて、簡単な自撮り写真を撮り、人間であることを確認してください。
Feature.BiometricChallenge.Content.Loading,ロード中...
Feature.BiometricChallenge.Content.QRHelpFull,{prompt} モバイルデバイスにRobloxアプリをダウンロードし、そこから再試行してください。
Feature.BiometricChallenge.Content.QRHelpPrompt,スキャンしていませんか？
Feature.BiometricChallenge.Content.ScanQR,スマホかタブレットでこのQRコードをスキャンしてアカウントのロックを解除しましょう。
Feature.BiometricChallenge.Title.ConfirmHuman,あなたが人間であることを確認してください
Feature.BiometricChallenge.Title.QRHandoff,モバイルアプリであなたが人間であることを確認してください
Feature.BlockingModal.Action.Block,ブロック
Feature.BlockingModal.Action.BlockAndReport,ブロックして報告する
Feature.BlockingModal.Action.Cancel,
Feature.BlockingModal.Heading.BlockUser,{DisplayName} さんをブロックしますか？
Feature.BlockingModal.Message.BlockConfirmation,このユーザーをブロックするとつながりまたはフォロワーから削除されます。ブロックされた人は、あなたにメッセージやリクエスト、招待状を送れなくなります。<br /><br />あなたがブロックしたことは相手に通知されません。
Feature.BlockingModal.Message.BlockConfirmation.FriendsRename,このユーザーをブロックすると友達またはフォロワーから削除されます。ブロックされた人は、あなたにメッセージやリクエスト、招待状を送れなくなります。<br /><br />あなたがブロックしたことは相手に通知されません。
Feature.Build.Action.Add,
Feature.Build.Action.AddFriends,
Feature.Build.Action.AddPlaytester,プレイテスターを追加
Feature.Build.Action.AddPlaytesters,
Feature.Build.Action.AddToPlaytest,プレイテストに追加
Feature.Build.Action.Approve,承認
Feature.Build.Action.Archive,アーカイブ
Feature.Build.Action.ArchiveGame,ゲームをアーカイブする
Feature.Build.Action.Build,
Feature.Build.Action.Buy,買う
Feature.Build.Action.BuyRobux,Robuxを買う
Feature.Build.Action.Cancel,
Feature.Build.Action.CopyText,テキストをコピー
Feature.Build.Action.Create,
Feature.Build.Action.CreateDeveloperProduct,
Feature.Build.Action.Delete,
Feature.Build.Action.Dismiss,
Feature.Build.Action.DontAskAgain,今後表示しない
Feature.Build.Action.DontShowAgain,
Feature.Build.Action.EarnRobux,Robuxを獲得
Feature.Build.Action.Edit,編集
Feature.Build.Action.HideAutosaved,自動保存済みバージョンを非表示
Feature.Build.Action.ManageLimit,限度額を管理
Feature.Build.Action.Next,
Feature.Build.Action.NotNow,
Feature.Build.Action.NotifyMe,通知する
Feature.Build.Action.OK,
Feature.Build.Action.OpenSettings,設定を開く
Feature.Build.Action.Play,
Feature.Build.Action.Playtest,プレイテスト
Feature.Build.Action.Preview,
Feature.Build.Action.Publish,公開する
Feature.Build.Action.PublishLatest,最新のものを公開
Feature.Build.Action.Reject,
Feature.Build.Action.Restore,復元
Feature.Build.Action.Resume,
Feature.Build.Action.Retry,
Feature.Build.Action.Revert,
Feature.Build.Action.Save,
Feature.Build.Action.SetDailyLimit,1日あたりの限度額を設定
Feature.Build.Action.SetLimit,限度額を設定
Feature.Build.Action.Settings,
Feature.Build.Action.Share,シェア
Feature.Build.Action.ShareLink,リンクを共有
Feature.Build.Action.ShowMore,
Feature.Build.Action.Stats,統計
Feature.Build.Action.Submit,
Feature.Build.Action.UpdateRating,レーティングを更新
Feature.Build.Action.UpdateWithChanges,変更を反映して更新
Feature.Build.Action.View,
Feature.Build.Action.ViewUsage,使用量を表示
Feature.Build.Analytics.AnalyzeChatPrompt,過去{days}日間の{analyzeName}は？
Feature.Build.Analytics.AnalyzeName.Arppu,有料ユーザーあたりの平均収益
Feature.Build.Analytics.AnalyzeName.D1Retention,1日目のリテンション
Feature.Build.Analytics.AnalyzeName.DailyActiveUsers,1日あたりのアクティブユーザー数
Feature.Build.Analytics.AnalyzeName.PayerConversion,有料ユーザーコンバージョン
Feature.Build.Analytics.AnalyzeName.PlaythroughRate,プレイスルー率
Feature.Build.Analytics.AnalyzeName.TotalPlaytime,合計プレイ時間
Feature.Build.Analytics.Description.Arppu,有料ユーザーあたりの平均収益は、獲得したRobuxの合計を支払いプレイヤー数で割ったものです。各購入者が平均でどれだけRobuxを使っているかを示します。
Feature.Build.Analytics.Description.D1Retention,1日目のリテンションは、初回プレイヤーのうち、1日後に再びプレイした人数を測定します。バーチャル空間が継続してプレイされる可能性を早い段階で示す指標です。
Feature.Build.Analytics.Description.DailyActiveUsers,1日あたりのアクティブユーザー数は、毎日バーチャル空間を起動したユニークプレイヤーの数です。この指標を追跡することで、再訪するプレイヤーの数や、その増減を把握できます。
Feature.Build.Analytics.Description.PayerConversion,有料ユーザーコンバージョン率は、バーチャル空間内でRobuxを使ったプレイヤーの割合です。収益化によってプレイヤーを購入者にどの程度転換できているかを測る指標です。
Feature.Build.Analytics.Description.PlaythroughRate,プレイスルー率は、最後まで完了したプレイセッションの割合です。この割合が高いほど、プレイヤーがバーチャル空間を始めやすく、最後までプレイする価値があると感じていることを示します。
Feature.Build.Analytics.Description.TotalPlaytime,合計プレイ時間は、その期間にすべてのプレイヤーがバーチャル空間で過ごした時間の合計です。プレイ時間の増加は通常、プレイセッションの魅力が高まっていることを示します。
Feature.Build.Analytics.DurationHours,{number}時間
Feature.Build.Analytics.KeyStats,主な指標
Feature.Build.Analytics.LastMonth,先月
Feature.Build.Analytics.LastWeek,
Feature.Build.Analytics.Likes,いいね数
Feature.Build.Analytics.Month.Apr,
Feature.Build.Analytics.Month.Aug,
Feature.Build.Analytics.Month.Dec,
Feature.Build.Analytics.Month.Feb,
Feature.Build.Analytics.Month.Jan,
Feature.Build.Analytics.Month.Jul,
Feature.Build.Analytics.Month.Jun,
Feature.Build.Analytics.Month.Mar,
Feature.Build.Analytics.Month.May,
Feature.Build.Analytics.Month.Nov,
Feature.Build.Analytics.Month.Oct,
Feature.Build.Analytics.Month.Sep,
Feature.Build.Analytics.NoData,利用可能なデータなし
Feature.Build.Analytics.Overview,概要
Feature.Build.Analytics.Percent,{number}%
Feature.Build.Analytics.Players,プレイヤー
Feature.Build.Analytics.Sheet.Analyze,分析
Feature.Build.Analytics.Sheet.ViewInOverview,概要で表示
Feature.Build.Analytics.Summary.Arppu,有料プレイヤー1人あたりの平均Robux収益。
Feature.Build.Analytics.Summary.D1Retention,翌日再度プレイした新規プレイヤーの割合。
Feature.Build.Analytics.Summary.DailyActiveUsers,選択した期間内に参加したユニークプレイヤー数。
Feature.Build.Analytics.Summary.PayerConversion,購入を行ったプレイヤーの割合。
Feature.Build.Analytics.Summary.PlaythroughRate,最後までプレイされたセッションの割合。
Feature.Build.Analytics.Summary.TotalPlaytime,プレイヤーがあなたのバーチャル空間内で過ごした合計時間。
Feature.Build.Analytics.Title.Arppu,ARPPU
Feature.Build.Analytics.Title.ConcurrentUsers,合計プレイヤー数
Feature.Build.Analytics.Title.D1Retention,D1リテンション
Feature.Build.Analytics.Title.DailyActiveUsers,
Feature.Build.Analytics.Title.PayerConversion,
Feature.Build.Analytics.Title.PlaythroughRate,
Feature.Build.Analytics.Title.TotalPlaytime,
Feature.Build.Analytics.Visits,訪問数
Feature.Build.Content.NewGame,新規のゲーム
Feature.Build.Description.ActivateDeveloperProduct,開発者製品{PRODUCT_ID}の販売を開始してください。
Feature.Build.Description.AdCampaignModerationReview,すべての広告キャンペーンはRobloxによる審査の対象となります。審査には最大24時間かかる場合があります。
Feature.Build.Description.AdCampaignSheetRunDates,実施期間：{startDate}～{endDate}
Feature.Build.Description.AdvertisingAgreement,続行すると、{advertisingTermsStart}Roblox広告基準{advertisingTermsEnd}および{advertisingStandardsStart}広告基準{advertisingStandardsEnd}に同意したものとみなされます。
Feature.Build.Description.ArchiveRemoval,このゲームをアーカイブすると、[ビルド]から削除されます。これは、クリエーターハブまたはRoblox Studioから引き続きアクセスして復元できます。
Feature.Build.Description.AutoBuyUsage,Robuxを使って、作成中に追加のビルド使用量を自動的に購入しましょう。1日あたりの課金限度額はいつでも設定できます。
Feature.Build.Description.BoostAudienceForPlays,オーディエンスを拡大して、プレイ数を増やしましょう。
Feature.Build.Description.BuildIdeaGame,アイデアをゲームに変えよう
Feature.Build.Description.BuildReplyNotif,ビルドで返信が届いたときに通知を受け取りましょう。
Feature.Build.Description.BuyRobuxToCreate,作成を続けるには、Robuxをさらに購入するか、明日になって無料のビルド使用量がリセットされるのをお待ちください。
Feature.Build.Description.BuyUsageOrWait,Robuxでビルド使用量をさらに購入するか、1日あたりの限度額がリセットされるのをお待ちください。
Feature.Build.Description.CampaignRunDates,キャンペーンは、{startDate}～{endDate}に実施されます。
Feature.Build.Description.ChoosePlaytesters,プレイテストに協力してもらう友達を選択してください。
Feature.Build.Description.CreateDeveloperProduct,{PRICE} Robuxの「{NAME}」を作成し、非売品にします。
Feature.Build.Description.DeactivateDeveloperProduct,開発者製品（{PRODUCT_ID}）を非売品にします。
Feature.Build.Description.EarnedRobuxAppliedFirst,獲得済みRobuxをお持ちの場合、広告キャンペーンの費用にはそちらが先に充当されます。
Feature.Build.Description.EnableBuildNotifs,ビルドからの最新情報を受け取るには、デバイス設定で通知を有効化してください。
Feature.Build.Description.FriendsLinkOnly,このリンクにアクセスできるのはあなたの友達のみです。より多くの人にプレイしてもらいたい場合は、ゲームのオーディエンス設定を変更してください。
Feature.Build.Description.GameCreationDone,ゲームの作成と公開が完了しました。ゲームを開いてプレイテストできます。
Feature.Build.Description.GameSavedPlaytest,ゲームの作成が完了し、新しいバージョンが保存されました。ゲームを開いてプレイテストできます。
Feature.Build.Description.HubSettings,クリエーターハブですべての設定を管理します
Feature.Build.Description.InviteFriendLimit,友達を{MAX_INVITES}人まで選択して、ゲームへのリンクをシェアしましょう。
Feature.Build.Description.MakeAudienceAvail,このオーディエンスが利用できるようにするには、バーチャル空間を公開してください。
Feature.Build.Description.ManageAppearance,他のユーザーへのゲームの表示のされ方を管理しましょう。
Feature.Build.Description.ManageDeveloperProduct,開発者製品を管理します。
Feature.Build.Description.NoMonetizationProducts,ゲーム内でRobuxを獲得するために、作成したいアイテムについて説明してください
Feature.Build.Description.PlayAfterPublish,このバーチャル空間を公開した後、誰がプレイできるかを選択します。
Feature.Build.Description.PlaytestLatest,最新バージョンのプレイテスト中です。シェアする準備ができたら公開してください。
Feature.Build.Description.PlaytestLocked,プレイテストは、最初のゲームを制作した後に開始可能です。
Feature.Build.Description.PlaytesterAccess,友達をプレイテスターとして追加するか、ゲームのオーディエンス設定を変更して、より多くの人にプレイしてもらいましょう。
Feature.Build.Description.PrivateShare,ゲームのオーディエンス設定を変更してシェアしてください。
Feature.Build.Description.PromoteGameWithAdCampaign,{durationDays}日間の広告キャンペーンでオーディエンスを拡大し、ゲームを見つけてもらいましょう。
Feature.Build.Description.RaiseLimitOrWait,作成を続けるには、1日あたりのRobux限度額を増やすか、明日になってリセットされるのをお待ちください。
Feature.Build.Description.RatingAgreement,公開することで、このコンテンツレーティングが正確であることに同意したものとみなされます。
Feature.Build.Description.RestoreLatest,このバージョンが、公開済みの最新バージョンになります。
Feature.Build.Description.RevertToVersion,確認して最後の変更を元に戻し、{VERSION}に戻ります。
Feature.Build.Description.ShareLatest,最新バージョンの変更内容を共有しましょう。
Feature.Build.Description.UpdateDeveloperProduct,開発者製品{PRODUCT_ID}を更新してください。
Feature.Build.Description.VersionChanges,このバージョンで変更された点をプレイヤーに伝えましょう。
Feature.Build.Error.DeveloperProductDescriptionTooLong,"詳細は1,000文字以下で入力してください。"
Feature.Build.Error.DeveloperProductNameRequired,製品名を入力してください。
Feature.Build.Error.DeveloperProductNameTooLong,名前は50文字以下にしてください。
Feature.Build.Error.DeveloperProductPriceInvalid,"価格は1から1,000,000,000 Robuxまでの整数にしてください。"
Feature.Build.Error.DeveloperProductTextModerated,Robloxの内容審査により、この製品のテキストが変更されました。別の表現を試してください。
Feature.Build.Header.AccessSharing,アクセスとシェア
Feature.Build.Header.AllVersions,すべてのバージョン
Feature.Build.Header.ContentMaturity,コンテンツ成熟度
Feature.Build.Header.CustomAnswer,カスタムの回答
Feature.Build.Header.GameDetails,ゲームの詳細
Feature.Build.Header.Overview,
Feature.Build.Header.PastCampaigns,過去のキャンペーン
Feature.Build.Header.UpdateDetails,アップデート内容
Feature.Build.Label.Access,アクセス
Feature.Build.Label.AdClicks,広告クリック数
Feature.Build.Label.AdViews,広告表示回数
Feature.Build.Label.AdditionalUsage,追加のビルド使用量
Feature.Build.Label.AdditionalUsed,{USED}/{LIMIT}使用済み
Feature.Build.Label.AdsManager,広告管理
Feature.Build.Label.All,
Feature.Build.Label.AmountAvailable,残り{AMOUNT}
Feature.Build.Label.Autosaved,自動保存済み
Feature.Build.Label.Available,利用可能
Feature.Build.Label.AvailableForPurchase,購入可能
Feature.Build.Label.BackToBuild,ビルドに戻る
Feature.Build.Label.Building,制作中…
Feature.Build.Label.CaptureLibrary,切り抜きライブラリ
Feature.Build.Label.CaptureSelectionCount,{SELECTED_COUNT} / {MAX_SELECTIONS}点を選択済み
Feature.Build.Label.ContentRating,コンテンツのレーティング
Feature.Build.Label.Created,作成済み
Feature.Build.Label.CreatedDate,{YEAR}年{MONTH}月{DAY}日
Feature.Build.Label.CreatorHub,クリエーターハブ
Feature.Build.Label.DateRange,{startDate}〜{endDate}
Feature.Build.Label.DefaultDeveloperProduct,製品{PRODUCT_ID}
Feature.Build.Label.DefaultDeveloperProductName,開発者製品
Feature.Build.Label.Deleted,削除済み
Feature.Build.Label.DescribeIdea,アイデアを説明してください
Feature.Build.Label.Description,
Feature.Build.Label.DeveloperProductDescription,説明：{DESCRIPTION}
Feature.Build.Label.DeveloperProductName,名前：「{NAME}」
Feature.Build.Label.DeveloperProductPrice,価格：{PRICE} Robux
Feature.Build.Label.DeveloperProductPriceUnavailable,?
Feature.Build.Label.Done,
Feature.Build.Label.EasyPerformanceReport,わかりやすいパフォーマンスレポート
Feature.Build.Label.Error,
Feature.Build.Label.Free,無料
Feature.Build.Label.FreeBuildUsage,無料のビルド使用量
Feature.Build.Label.Friends,
Feature.Build.Label.FriendsOnly,友達限定
Feature.Build.Label.GamePlays,プレイ数
Feature.Build.Label.GetMoreBuildUsage,もっとビルド使用量を獲得
Feature.Build.Label.Hi,こんにちは
Feature.Build.Label.IconThumbnails,アイコンとサムネイル
Feature.Build.Label.Images2D,2D画像
Feature.Build.Label.InProgress,進行中
Feature.Build.Label.InputNeeded,入力が必要です
Feature.Build.Label.InviteCount,{COUNT}/{MAX_INVITES}
Feature.Build.Label.Limited,限定
Feature.Build.Label.Live,公開中
Feature.Build.Label.Loading,読み込み中...
Feature.Build.Label.MaximizeForGamePlays,プレイ数を最大化
Feature.Build.Label.Models3D,3Dモデル
Feature.Build.Label.Name,
Feature.Build.Label.NoLimit,制限なし
Feature.Build.Label.NotStarted,開始していません
Feature.Build.Label.OffSale,非売品
Feature.Build.Label.OnSale,販売中
Feature.Build.Label.Pending,保留中
Feature.Build.Label.PercentUsed,{PERCENT}%使用済み
Feature.Build.Label.PlayTime,プレイ時間
Feature.Build.Label.PreviouslyPublished,以前に公開済み
Feature.Build.Label.Price,価格
Feature.Build.Label.PriceUnavailable,--
Feature.Build.Label.Pricing,価格設定
Feature.Build.Label.Private,
Feature.Build.Label.Public,
Feature.Build.Label.PubliclyUnavailable,公開不可
Feature.Build.Label.Published,公開済み
Feature.Build.Label.Purchased,
Feature.Build.Label.Ready,準備完了
Feature.Build.Label.RegionalPricing,地域別価格設定
Feature.Build.Label.ResetsDaily,毎日リセット
Feature.Build.Label.RestoredVersion,復元済みの{VERSION}
Feature.Build.Label.RobuxUsage,{USED}/{LIMIT}
Feature.Build.Label.Search,
Feature.Build.Label.SearchAssets,アセットをサーチ
Feature.Build.Label.SearchGames,ゲームをサーチ
Feature.Build.Label.SearchTasks,タスクをサーチ
Feature.Build.Label.SelectOption,オプションを選択
Feature.Build.Label.ShareAddedFriends,追加した友達とシェア
Feature.Build.Label.Shared,シェア済み
Feature.Build.Label.Sounds,サウンド
Feature.Build.Label.TargetAllRobloxPlayers,すべてのRobloxプレイヤーを対象にする
Feature.Build.Label.Thinking,考え中
Feature.Build.Label.Title,タイトル
Feature.Build.Label.TitleDescription,タイトルと詳細
Feature.Build.Label.Tool,ツール
Feature.Build.Label.ToolAssetDone,アセットを挿入しました
Feature.Build.Label.ToolAssetFailed,アセットを挿入できませんでした
Feature.Build.Label.ToolAssetRunning,アセットを挿入しています
Feature.Build.Label.ToolAssetSearchDone,アセットライブラリをサーチしました
Feature.Build.Label.ToolAssetSearchFailed,アセットライブラリをサーチできませんでした
Feature.Build.Label.ToolAssetSearchRunning,アセットライブラリをサーチしています
Feature.Build.Label.ToolClientDMDone,クライアントDataModelをサーチしました
Feature.Build.Label.ToolClientDMFailed,クライアントDataModelをサーチできませんでした
Feature.Build.Label.ToolClientDMRunning,クライアントDataModelをサーチしています
Feature.Build.Label.ToolGameInfoDone,ゲーム情報を更新しました
Feature.Build.Label.ToolGameInfoFailed,ゲーム情報を更新できませんでした
Feature.Build.Label.ToolGameInfoRunning,ゲーム情報を更新しています
Feature.Build.Label.ToolGameSaveDone,ゲームを保存しました
Feature.Build.Label.ToolGameSaveFailed,ゲームを保存できませんでした
Feature.Build.Label.ToolGameSaveRunning,ゲームを保存しています
Feature.Build.Label.ToolImageDone,画像を生成しました
Feature.Build.Label.ToolImageFailed,画像を生成できませんでした
Feature.Build.Label.ToolImageRunning,画像を生成しています
Feature.Build.Label.ToolInspectDone,クライアントインスタンスを検証しました
Feature.Build.Label.ToolInspectFailed,クライアントインスタンスを検証できませんでした
Feature.Build.Label.ToolInspectRunning,クライアントインスタンスを検証しています
Feature.Build.Label.ToolLogsDone,ログをリクエストしました
Feature.Build.Label.ToolLogsFailed,ログをリクエストできませんでした
Feature.Build.Label.ToolLogsRunning,ログをリクエストしています
Feature.Build.Label.ToolLuauDone,Luauを実行しました
Feature.Build.Label.ToolLuauFailed,Luauを実行できませんでした
Feature.Build.Label.ToolLuauRunning,Luauを実行しています
Feature.Build.Label.ToolModelDone,3Dモデルを生成しました
Feature.Build.Label.ToolModelFailed,3Dモデルを生成できませんでした
Feature.Build.Label.ToolModelRunning,3Dモデルを生成しています
Feature.Build.Label.ToolPlanPresentDone,計画を提示しました
Feature.Build.Label.ToolPlanPresentFailed,計画を提示できませんでした
Feature.Build.Label.ToolPlanPresentRunning,計画を提示しています
Feature.Build.Label.ToolPlanUpdateDone,計画を更新しました
Feature.Build.Label.ToolPlanUpdateFailed,計画を更新できませんでした
Feature.Build.Label.ToolPlanUpdateRunning,計画を更新しています
Feature.Build.Label.ToolPrimitiveDone,プリミティブ形状を生成しました
Feature.Build.Label.ToolPrimitiveFailed,プリミティブ形状を生成できませんでした
Feature.Build.Label.ToolPrimitiveRunning,プリミティブ形状を生成しています
Feature.Build.Label.ToolQuestionDone,質問しました
Feature.Build.Label.ToolQuestionFailed,質問できませんでした
Feature.Build.Label.ToolQuestionRunning,質問しています
Feature.Build.Label.ToolReqUpdateDone,要件を更新しました
Feature.Build.Label.ToolReqUpdateFailed,要件を更新できませんでした
Feature.Build.Label.ToolReqUpdateRunning,要件を更新しています
Feature.Build.Label.ToolScriptDone,スクリプトを実行しました
Feature.Build.Label.ToolScriptFailed,スクリプトを実行できませんでした
Feature.Build.Label.ToolScriptRunning,スクリプトを実行しています
Feature.Build.Label.ToolSkillLoadDone,スキルを読み込みました
Feature.Build.Label.ToolSkillLoadFailed,スキルを読み込めませんでした
Feature.Build.Label.ToolSkillLoadRunning,スキルを読み込んでいます
Feature.Build.Label.ToolSkillsDone,利用可能なスキルをリストに追加しました
Feature.Build.Label.ToolSkillsFailed,利用可能なスキルをリストに追加できませんでした
Feature.Build.Label.ToolSkillsRunning,利用可能なスキルをリストに追加しています
Feature.Build.Label.ToolTasksPlanDone,タスクが計画されました
Feature.Build.Label.ToolTasksPlanFailed,タスクを計画できませんでした
Feature.Build.Label.ToolTasksPlanRunning,タスクを計画しています
Feature.Build.Label.ToolThumbnailDone,ゲームのサムネイルを設定しました
Feature.Build.Label.ToolThumbnailFailed,ゲームのサムネイルを設定できませんでした
Feature.Build.Label.ToolThumbnailRunning,ゲームのサムネイルを設定しています
Feature.Build.Label.UniverseNumber,ユニバース{UNIVERSE_ID}
Feature.Build.Label.Unknown,不明
Feature.Build.Label.UnlimitedUsed,{USED}使用済み • 制限なし
Feature.Build.Label.UpdateTitleDesc,タイトルと詳細を更新
Feature.Build.Label.Updated,最終更新
Feature.Build.Label.Usage,使用量
Feature.Build.Label.UsageUsed,{USED}使用済み
Feature.Build.Label.UsernameHandle,@{USERNAME}
Feature.Build.Label.Version,
Feature.Build.Label.VersionCompact,v{VERSION_NUMBER}
Feature.Build.Label.VersionDate,{VERSION} · {CREATED_DATE}
Feature.Build.Label.VersionPadded,v0{VERSION_NUMBER}
Feature.Build.Label.VersionTitleDesc,バージョンタイトルと詳細
Feature.Build.Label.Video,
Feature.Build.Message.AccountRequirements,アカウントがビルドを使用するための要件を満たしていません。
Feature.Build.Message.AccountTooNew,お持ちのアカウントは公開するには新しすぎます。2日目になってからもう一度お試しください。
Feature.Build.Message.AdCampaignCreateFailed,キャンペーンを作成できませんでした。もう一度お試しください。
Feature.Build.Message.AdCampaignCreated,広告キャンペーンが作成されました
Feature.Build.Message.AdPerformanceLoadFailed,広告のパフォーマンスを読み込めませんでした
Feature.Build.Message.AdsPromotionBannerSubtitle,オーディエンスを無料で拡大しましょう
Feature.Build.Message.AdsPromotionBannerTitle,無料プロモーションがあと{promotionCount}回残っています
Feature.Build.Message.AdsPromotionBannerTitleSingular,無料プロモーションが1回残っています
Feature.Build.Message.AdsStatsEmpty,広告キャンペーンでオーディエンスを拡大し、ゲームを見つけてもらいましょう
Feature.Build.Message.AdsStatsEmptyFree,無料の広告キャンペーンでオーディエンスを拡大し、ゲームを見つけてもらいましょう
Feature.Build.Message.AllFriendsAdded,すべての友達をプレイテスターとして追加しました。
Feature.Build.Message.AnswerBuildQuestion,以下のビルドの質問に答えてください。
Feature.Build.Message.AssetDetailsUnavailable,アセットの詳細は表示できません。
Feature.Build.Message.AssetsLoadFailed,アセットを読み込めません。
Feature.Build.Message.AudienceIneligible,このオーディエンスの対象外
Feature.Build.Message.BuildAccountBlocked,現在、お持ちのアカウントではビルドを利用できません。
Feature.Build.Message.BuildBusy,ビルドがビジー状態です。しばらくしてからもう一度お試しください。
Feature.Build.Message.BuildConnectFailed,ビルドに接続できませんでした。もう一度お試しください。
Feature.Build.Message.BuildInternalError,ビルドで問題が発生しました。もう一度お試しください。
Feature.Build.Message.BuildResponseFailed,ビルドが応答しませんでした。もう一度お試しください。
Feature.Build.Message.BuildStillWorking,処理中です。待機中でもアプリを終了したり、Robloxをプレイしたり、別のプロジェクトを開始したりできます。
Feature.Build.Message.BuildStopped,ビルドを停止しました。
Feature.Build.Message.BuildTemporarilyDown,ビルドは一時的に利用できません。しばらくしてからもう一度お試しください。
Feature.Build.Message.CompletedTasks,{COUNT}件の完了したタスク
Feature.Build.Message.ConversationGone,この会話は利用できなくなりました。新しい会話を始めてください。
Feature.Build.Message.ConversationNotFound,この会話は見つかりませんでした。新しい会話を始めてください。
Feature.Build.Message.CreateGameToUseBuild,ゲームを新規作成して、ビルドの使用を開始してください。
Feature.Build.Message.CreatedRevertedVer,元に戻したバージョンが作成されました。
Feature.Build.Message.ErrorCodeText,（{ERROR_CODE}）{ERROR_TEXT}
Feature.Build.Message.ExpandAudience,クリエーターハブでオーディエンスの適格性を拡大
Feature.Build.Message.ExperiencesLoadFailed,バーチャル空間を読み込めませんでした
Feature.Build.Message.FailedTitle,{TITLE}に失敗しました
Feature.Build.Message.FinishedTitle,{TITLE}が完了しました
Feature.Build.Message.FriendsLoadFailed,友達を読み込めませんでした。もう一度お試しください。
Feature.Build.Message.GameNotCreated,ゲームは作成されませんでした。もう一度お試しください。
Feature.Build.Message.GamePublishFailed,ゲームを公開できませんでした。もう一度お試しください。
Feature.Build.Message.GameShared,ゲームをシェアしました
Feature.Build.Message.GameSharedWith,{DISPLAY_NAME}さんとゲームをシェアしました
Feature.Build.Message.HiDisplayName,こんにちは、{DISPLAY_NAME}さん
Feature.Build.Message.ImageUploadFailed,画像をアップロードできませんでした。もう一度お試しください。
Feature.Build.Message.InvalidMessage,メッセージに問題が発生しました。編集してから、もう一度お試しください。
Feature.Build.Message.InvitesLoadFailed,招待を読み込めませんでした
Feature.Build.Message.LimitBelowSpend,限度額は、今日すでに使用した{ALREADY_SPENT}Robux未満にすることはできません。
Feature.Build.Message.LinkCopied,リンクをクリップボードにコピーしました。
Feature.Build.Message.LoadingVersions,バージョン履歴を読み込み中...
Feature.Build.Message.NoAssetsFound,アセットが見つかりません。
Feature.Build.Message.NoCapturesAvailable,添付できる切り抜きはありません
Feature.Build.Message.NoDescriptionProvided,詳細がありません。
Feature.Build.Message.NoFriendsToAdd,まだ追加する友達がいません。まずはRobloxでつながる人を見つけましょう。
Feature.Build.Message.NoResults,
Feature.Build.Message.NoVersionHistory,まだバージョン履歴はありません。
Feature.Build.Message.OneTaskCompleted,1つのタスクが完了しました
Feature.Build.Message.OutOfBuildUsage,ビルド使用量がなくなりました。作成を続けるには、Robuxを使用するためのオプションをご確認ください。
Feature.Build.Message.PlaytestersAdded,{MAX_INVITES}人中{INVITED_COUNT}人のプレイテスターが追加されました
Feature.Build.Message.PublicPublishFailed,ゲームは公開手続きが行われましたが、公開できませんでした。もう一度お試しください。
Feature.Build.Message.PublishExpandAudience,公開してオーディエンスを拡大
Feature.Build.Message.PublishNotReverted,公開は元に戻りませんでした。もう一度お試しください。
Feature.Build.Message.PublishPromotionUpsell,ゲームの公開、おめでとうございます！Robloxでさらに多くのプレイヤーを獲得するために、無料プロモーションを{promotionCount}回利用できます。
Feature.Build.Message.PublishPromotionUpsellSingular,ゲームの公開、おめでとうございます！Robloxでさらに多くのプレイヤーを獲得するために、無料プロモーションを1回利用できます。
Feature.Build.Message.PublishReverted,公開を元に戻しました。
Feature.Build.Message.QuestionnaireNeeded,このゲームはビルド外で編集されました。公開するには、コンテンツに関する質問フォームに回答してください。
Feature.Build.Message.ReadyToPlay,あなたのゲームをRobloxでプレイするための準備完了です！
Feature.Build.Message.ResetHours,{HOURS}時間後にリセット
Feature.Build.Message.ResetOneHour,1時間後にリセット
Feature.Build.Message.RestoreVersionFailed,このバージョンを復元できませんでした。もう一度お試しください。
Feature.Build.Message.RevertVersionFail,元に戻したバージョンは作成されませんでした。もう一度お試しください。
Feature.Build.Message.RunningTitle,{title}を実行中
Feature.Build.Message.SafetyPolicy,このメッセージは安全ポリシーに違反しています。編集してから、もう一度お試しください。
Feature.Build.Message.SaveChangesFailed,変更を保存できませんでした。もう一度お試しください。
Feature.Build.Message.ShareExperience,{EXPERIENCE_NAME}をシェア
Feature.Build.Message.ShareLinkFailed,共有リンクを作成できませんでした。もう一度お試しください。
Feature.Build.Message.SignedOut,ログアウトしました。ログインしてもう一度お試しください。
Feature.Build.Message.TasksCompleted,{NUM_COMPLETED_TASKS}のタスクが完了しました
Feature.Build.Message.ThinkingSeconds,思考時間{SECONDS}秒
Feature.Build.Message.TryAgain,やり直してください。
Feature.Build.Message.TurnToPortrait,ゲームの作業を続けるには、デバイスをポートレートモードにしてください。
Feature.Build.Message.VersionHistoryLoad,バージョン履歴を読み込めませんでした。
Feature.Build.Message.WhatToCreate,今日は何を制作したいですか？
Feature.Build.Message.WorkedMinutesSeconds,作業時間{MINUTES}分{REM_SECONDS}秒
Feature.Build.Message.WorkedSeconds,作業時間{SECONDS}秒
Feature.Build.Message.WorkingOnTasks,タスクを処理中
Feature.Build.Notification.Message.Continue,続けるには、ビルドチャットを再開してください。
Feature.Build.Notification.Message.Review,結果を確認するには、ビルドチャットを再開してください。
Feature.Build.Notification.Title.Finished,ビルドが完了しました
Feature.Build.Notification.Title.NeedInput,ビルドを続けるには入力が必要です
Feature.Build.Placeholder.DescribeProduct,販売したいものについて説明してください
Feature.Build.Placeholder.DescribeProductUpdate,更新内容を説明してください
Feature.Build.Prompt.CreateDeveloperProduct,開発者製品を作成してゲームに組み込み、変更を検証して公開し、購入できるようにしてください。
Feature.Build.Title.AdCampaignActive,広告キャンペーンが有効です
Feature.Build.Title.AdCampaignDuration,{durationDays}日間の広告キャンペーン
Feature.Build.Title.AddFriendsToPlaytest,プレイテストに協力してもらう友達を追加してください
Feature.Build.Title.AddImages,画像を追加
Feature.Build.Title.AdsStatsEmpty,キャンペーンを開始
Feature.Build.Title.AdsStatsEmptyFree,最初のキャンペーンを開始
Feature.Build.Title.ArchiveThisGame,このゲームをアーカイブしますか？
Feature.Build.Title.AssetLibrary,ライブラリ
Feature.Build.Title.Audience,オーディエンス
Feature.Build.Title.BuildQuestion,ビルドから質問があります
Feature.Build.Title.BuildQuestions,ビルドからいくつか質問があります
Feature.Build.Title.BuildUnavailable,ビルドは利用できません
Feature.Build.Title.BuildUsage,ビルド使用量
Feature.Build.Title.ChangesNotLive,変更はまだ公開されていません
Feature.Build.Title.ChatBuildUnavailable,ビルドは利用できません。
Feature.Build.Title.Content,コンテンツ
Feature.Build.Title.DailyRobuxReached,Robuxが1日の限度額に達しました
Feature.Build.Title.DeveloperProduct,
Feature.Build.Title.EditDeveloperProduct,製品を編集
Feature.Build.Title.ExperienceAudience,バーチャル空間のオーディエンス
Feature.Build.Title.FreeUsageReached,無料のビルド使用量の限度額に達しました
Feature.Build.Title.FriendsOnlyPlay,友達だけがプレイできます
Feature.Build.Title.GameCreationDone,ゲームの作成が完了しました
Feature.Build.Title.GamePrivate,このゲームは非公開です
Feature.Build.Title.GenericError,
Feature.Build.Title.GetUsers,ユーザーを獲得
Feature.Build.Title.NoMonetizationProducts,ゲーム内で収益を獲得
Feature.Build.Title.NoRobuxForUsage,ビルド使用量に使えるRobuxが残っていません
Feature.Build.Title.Playtesters,プレイテスター
Feature.Build.Title.PlaytestersOnlyPlay,プレイテスターだけがプレイできます
Feature.Build.Title.PromoteGame,ゲームを宣伝
Feature.Build.Title.PromoteGameFree,ゲームを無料で宣伝する
Feature.Build.Title.PushNotifications,プッシュ通知
Feature.Build.Title.RevertLastChange,最後の変更を元に戻しますか？
Feature.Build.Title.Tasks,タスク
Feature.Build.Title.TurnActivity,ターン内のアクティビティ
Feature.Build.Title.VersionHistory,バージョン履歴
Feature.Build.Title.VersionInfo,バージョン情報
Feature.Build.Title.VersionInformation,
Feature.Build.Title.VersionNumber,バージョン{VERSION}
Feature.Build.Title.Versions,
Feature.Build.Title.WhatsIncluded,含まれるもの
Feature.BuyRobux.Heading.Banner,
Feature.Call.Error.Description.Generic,
Feature.Captures.Action.NoThanks,しない
Feature.Captures.Action.Share,
Feature.Captures.Action.ShareYourCapture,切り抜きをシェアする
Feature.Captures.Body.ShareCapturePrompt,切り抜きをシェアしますか？
Feature.Captures.Description.AllowPhotoAccessInfo,切り抜きを保存するには、Robloxがあなたのデバイスのカメラロールにアクセスする必要があります。
Feature.Captures.Title.AllowPhotoAccessInfo,写真へのアクセスを許可する
Feature.Captures.Title.ShareCapturePrompt,
Feature.Captures.Toast.CaptureSaved,切り抜きを保存済み
Feature.Captures.Toast.CaptureSavedToDevice,デバイスに保存しました
Feature.Catalog.Action.Buy,購入
Feature.Catalog.Action.Cancel,
Feature.Catalog.Action.Checkout.GoToCustomize,カスタマイズへ
Feature.Catalog.Action.Checkout.ManageInCustomize,カスタマイズで管理
Feature.Catalog.Action.Checkout.UnavailableItems,
Feature.Catalog.Action.Checkout.Wear,装備
Feature.Catalog.Action.CheckoutPlural,支払いを表示（{count}）
Feature.Catalog.Action.CheckoutSingular,1点のアイテムをチェックアウト
Feature.Catalog.Action.CloseDetails,詳細を閉じる
Feature.Catalog.Action.CopyLink,リンクをコピー
Feature.Catalog.Action.Customize,
Feature.Catalog.Action.Delete,
Feature.Catalog.Action.DeleteAvatar,
Feature.Catalog.Action.DescribeAvatar,アバターの説明をしてください（任意）
Feature.Catalog.Action.Favorite,
Feature.Catalog.Action.Favorites.BrowseMarketplace,マーケットプレイスを閲覧
Feature.Catalog.Action.GoBack,
Feature.Catalog.Action.ItemOptions,アイテムオプション
Feature.Catalog.Action.LoadMore,さらに読み込む
Feature.Catalog.Action.Next,
Feature.Catalog.Action.OpenDetails,詳細を開く
Feature.Catalog.Action.Owned,{count}件所有中
Feature.Catalog.Action.Post,
Feature.Catalog.Action.PreviewAndPost,
Feature.Catalog.Action.Remove,
Feature.Catalog.Action.RemoveFavorite,
Feature.Catalog.Action.Rent,レンタル
Feature.Catalog.Action.Replace,
Feature.Catalog.Action.Report,報告する
Feature.Catalog.Action.Sell,売る
Feature.Catalog.Action.ShareVia,共有方法：
Feature.Catalog.Action.Submit,
Feature.Catalog.Action.Try,試す
Feature.Catalog.Action.Upgrade,アップグレード
Feature.Catalog.Action.ViewDetailsPage,詳細ページを表示
Feature.Catalog.Action.ViewExperienceDetails,バーチャル空間の詳細を見る
Feature.Catalog.Action.ViewTerms,規約を表示
Feature.Catalog.ActionSeeAll,すべて見る
Feature.Catalog.AvatarWidgetTitle,
Feature.Catalog.Checkout.Title.PurchasedFailedPlural,{count} 点のアイテムを購入できませんでした
Feature.Catalog.Checkout.WearAfterPurchase,
Feature.Catalog.Description.AttributionAlertBody,このエリアを離れて {experienceName} に移動します。
Feature.Catalog.Feature.Catalog.Label.ClassicShirt,定番シャツ
Feature.Catalog.Feature.Catalog.Label.ClassicTShirt,定番Tシャツ
Feature.Catalog.Feature.Catalog.Label.TotalItems,合計: アイテム {itemCount} 点
Feature.Catalog.Feature.Catalog.Label.TotalItemsParenthesis,合計（アイテム {itemCount} 点）
Feature.Catalog.Header.Checkout,お支払いへ進む
Feature.Catalog.Header.InvalidOutfit,無効な衣装
Feature.Catalog.Header.PostAvatar,
Feature.Catalog.Heading.AvailableItems,利用可能なアイテム
Feature.Catalog.Heading.BuyItem,アイテムを買う
Feature.Catalog.Heading.FreeItemConfirmation,アイテムをゲット
Feature.Catalog.Heading.GoToExperience,バーチャル空間に参加しますか？
Feature.Catalog.Heading.HoldingPolicy,保留ポリシー
Feature.Catalog.Heading.InExperienceOnly,バーチャル空間内で入手可
Feature.Catalog.Heading.InsufficientFunds,Robuxが不足しています
Feature.Catalog.Heading.ItemInfo,アイテム情報
Feature.Catalog.Heading.ItemRemoved,アイテム削除済み
Feature.Catalog.Heading.ItemsOnSale,販売中のアイテム
Feature.Catalog.Heading.NotForSale,
Feature.Catalog.Heading.Overview,
Feature.Catalog.Heading.PremiumOnly,Roblox Plus限定
Feature.Catalog.Heading.QuantityLimitReached,クリエーターが設定した限度に達しました。
Feature.Catalog.Heading.QuickMenu,クイックメニュー
Feature.Catalog.Heading.Resellers,再販者
Feature.Catalog.Heading.SellItem,アイテムを売る
Feature.Catalog.Heading.Sellers,販売者
Feature.Catalog.Heading.SetPrice,
Feature.Catalog.Heading.ShowBodyParts,ボディパーツを表示
Feature.Catalog.Heading.ShowHeadType,頭の種類を表示
Feature.Catalog.Heading.ShowShoes,靴を表示
Feature.Catalog.Heading.TakeOffSale,非売品にする
Feature.Catalog.HeroWidget.BundleTitle,Korblox Pactbreakerが登場
Feature.Catalog.HeroWidget.CapsuleDescription,
Feature.Catalog.HeroWidget.CapsulePoolDescription,
Feature.Catalog.HeroWidget.CapsulePoolTitle,
Feature.Catalog.HeroWidget.CapsuleTitle,
Feature.Catalog.Label.Adjustable,調整可能
Feature.Catalog.Label.AdvancedMaterials,高度な素材
Feature.Catalog.Label.AllItems,すべてのアイテム
Feature.Catalog.Label.AlreadyOwned,アイテムはすでに所有済みです
Feature.Catalog.Label.Animation,
Feature.Catalog.Label.Attributes,属性
Feature.Catalog.Label.Attribution,作成場所：
Feature.Catalog.Label.AvailableForSale,
Feature.Catalog.Label.AvailableToPremiumMembers,プレミアム会員のため利用できます
Feature.Catalog.Label.Avatar,
Feature.Catalog.Label.AvatarEmoteSelection,
Feature.Catalog.Label.AvatarTitle,アバター名
Feature.Catalog.Label.Avatars,
Feature.Catalog.Label.AveragePrice,平均価格
Feature.Catalog.Label.AveragePriceColon,平均価格:
Feature.Catalog.Label.BackAccessories,背面用アクセサリ
Feature.Catalog.Label.Backgrounds,
Feature.Catalog.Label.Bestselling,ベストセラー
Feature.Catalog.Label.Body,ボディ
Feature.Catalog.Label.Bundle,
Feature.Catalog.Label.Bundles,
Feature.Catalog.Label.BuyConfirmation,{creatorName} さんから {itemName} を購入しますか？
Feature.Catalog.Label.BuyConfirmationIncludingWarning,エンターテイメントは節度を持って合理的に使いましょう。{creatorName} さんから {itemName} を購入しますか？
Feature.Catalog.Label.BuyItems,
Feature.Catalog.Label.BuyPrice,購入価格:
Feature.Catalog.Label.BuyRobux,
Feature.Catalog.Label.Category,カテゴリ
Feature.Catalog.Label.CategoryType,タイプ
Feature.Catalog.Label.Characters,キャラクター
Feature.Catalog.Label.Checkout.CheckoutButtonFtuxTooltip,ここで試着中のアイテムを見たり外したりしてください
Feature.Catalog.Label.Checkout.ClearAllItemsOnAvatarBody,これにより、アバターに装着中の所有していないアイテムはすべて削除されます。
Feature.Catalog.Label.Checkout.DontWarnAgainText,次回から注意しない
Feature.Catalog.Label.Checkout.GoToCustomizeBody,カスタマイズ表示では、所有しているアイテムしか装備の着脱はできません。
Feature.Catalog.Label.Checkout.InExperienceOnly,バーチャル空間内限定
Feature.Catalog.Label.Checkout.ItemReplacedOnAvatarBody,各カテゴリーにつき、装備できるアイテムは1つだけです。新しいアイテムが、現在装備しているアイテムに置き換わります。
Feature.Catalog.Label.Checkout.LimitReached,上限に達しました
Feature.Catalog.Label.Checkout.OffSale,
Feature.Catalog.Label.Checkout.OutOfStock,在庫切れ
Feature.Catalog.Label.Checkout.PriceChanged,価格が変更されました
Feature.Catalog.Label.Checkout.SoldOut,売り切れ
Feature.Catalog.Label.Checkout.Unavailable,利用できません
Feature.Catalog.Label.Checkout.WearAvatarReplaceAllItemsBody,このアバターを装備すると、現在装備中のすべてのアイテムが置き換わります。
Feature.Catalog.Label.ClassicShirt,
Feature.Catalog.Label.ClassicTShirt,
Feature.Catalog.Label.Clothing,
Feature.Catalog.Label.CreatorName,クリエーター名
Feature.Catalog.Label.CurrentBalance,現在の残高:
Feature.Catalog.Label.CustomizeAvatar,アバターを更新
Feature.Catalog.Label.DeleteAvatarConfirmationPromptMessage,削除すると、この操作を元に戻せません。
Feature.Catalog.Label.Details,
Feature.Catalog.Label.DynamicHeads,
Feature.Catalog.Label.Emissive,エミッシブ
Feature.Catalog.Label.EmissiveInfo,エミッシブアイテムは発光し、独自の光を放つため、暗い環境でも明るく目立ち続けます。
Feature.Catalog.Label.Emotes,
Feature.Catalog.Label.EyeMakeup,
Feature.Catalog.Label.Eyebrow,眉毛
Feature.Catalog.Label.EyebrowMakeup,
Feature.Catalog.Label.Eyebrows,
Feature.Catalog.Label.Eyelash,
Feature.Catalog.Label.EyelashMakeup,
Feature.Catalog.Label.Eyelashes,
Feature.Catalog.Label.FaceAccessories,顔用アクセサリ
Feature.Catalog.Label.FaceMakeup,
Feature.Catalog.Label.Favorites,
Feature.Catalog.Label.Fee,{feePercentage}%の手数料：
Feature.Catalog.Label.Filter.Creator,クリエーター
Feature.Catalog.Label.Filter.Curator,キュレーター
Feature.Catalog.Label.Filter.Filters,
Feature.Catalog.Label.Filter.Hide,非表示
Feature.Catalog.Label.Filter.PriceMax,最高額
Feature.Catalog.Label.Filter.PriceMin,最低額
Feature.Catalog.Label.Filter.SalesType,販売の種類
Feature.Catalog.Label.Filter.Show,
Feature.Catalog.Label.Filter.Sorts,
Feature.Catalog.Label.Filter.TotalValue,総額
Feature.Catalog.Label.Filter.UnavailableItems,利用できないアイテム
Feature.Catalog.Label.FreeItemConfirmation,{creatorName} さんから{itemName} を無料でゲットしますか？
Feature.Catalog.Label.FreeUpperCase,
Feature.Catalog.Label.FromPrice,送信者： {itemPrice}
Feature.Catalog.Label.FrontAccessories,正面用アクセサリ
Feature.Catalog.Label.FullBodies,
Feature.Catalog.Label.FullBody,
Feature.Catalog.Label.Gear,
Feature.Catalog.Label.Get,ゲットする
Feature.Catalog.Label.GetPremiumAndPrice,プレミアム会員になって以下の価格で購入： 
Feature.Catalog.Label.HD,HD
Feature.Catalog.Label.Hair,
Feature.Catalog.Label.HeadShape,
Feature.Catalog.Label.HighDefinitionInfo,HDアイテムは、細部、素材、フィット感のすべてにおいて高度な職人技で作られています。
Feature.Catalog.Label.Holding,保留
Feature.Catalog.Label.InExperienceOnly,このアイテムのクリエーターからの直接購入はバーチャル空間内でしかできません。
Feature.Catalog.Label.InMultipleExperiences,{NUM_EXPERIENCES} 件のバーチャル空間内
Feature.Catalog.Label.InSingleExperience,
Feature.Catalog.Label.InSpecificExperience,『{EXPERIENCE_NAME}』内
Feature.Catalog.Label.IncludedParts,含まれるパーツ
Feature.Catalog.Label.InsufficientFunds,Robuxが不足しているため、このアイテムを購入できません。
Feature.Catalog.Label.ItemCount,{itemCount} 個のアイテム
Feature.Catalog.Label.ItemExperienceLimitReached,このアイテムの作成者が設定した購入制限に達しました。これ以上取得できなくなります。 それでも [{EXPERIENCE_NAME}] に入りますか？
Feature.Catalog.Label.ItemExperienceLimitReachedTitle,購入が上限に達しました
Feature.Catalog.Label.ItemExperienceSoldOut,原本（オリジナル）がバーチャル空間内で売り切れました。 [{EXPERIENCE_NAME}] に入りますか？
Feature.Catalog.Label.ItemExperienceSoldOutTitle,アイテムは売り切れました
Feature.Catalog.Label.ItemInAHold,アイテムは保留中ですか？
Feature.Catalog.Label.ItemOwnedCount,所有しているアイテム ({itemCount})
Feature.Catalog.Label.ItemsCount,
Feature.Catalog.Label.LeftArm,
Feature.Catalog.Label.Limited,数量限定
Feature.Catalog.Label.LimitedU,ユニーク限定
Feature.Catalog.Label.LipMakeup,
Feature.Catalog.Label.Makeup,
Feature.Catalog.Label.Makeup.MakeupMax6LayersPromptBody,新しいメイクレイヤーは常に一番上に表示され、スロットが空くまで一番下のレイヤーが置き換えられます。
Feature.Catalog.Label.MakeupCartDescriptionText,目、唇、顔を6つ、さらにまつ毛1つと眉毛1つ
Feature.Catalog.Label.MakeupLooks,
Feature.Catalog.Label.MarketplaceToAvatarPage,アバター更新のためマーケットプレイスから退出します。
Feature.Catalog.Label.MaxPerUser,ユーザーあたりの最大数
Feature.Catalog.Label.MinimumAmount,最低数値は 0 を超える必要があります。
Feature.Catalog.Label.MinimumAmountCustom,最小金額は {minimumAmount} 以上でなければなりません。
Feature.Catalog.Label.MostFavorited,お気に入り数トップ
Feature.Catalog.Label.MostPopular,一番人気
Feature.Catalog.Label.NA,
Feature.Catalog.Label.NeckAccessories,首用アクセサリ
Feature.Catalog.Label.New,新着
Feature.Catalog.Label.NewCollectibles,新着コレクタブル！
Feature.Catalog.Label.No,
Feature.Catalog.Label.NoLongerAvailable,このアイテムはご利用できません
Feature.Catalog.Label.NoSellersWarning,申し訳ありません。このアイテムを売っている人はいません。
Feature.Catalog.Label.None,
Feature.Catalog.Label.NotAvailable,今回、このアイテムは利用できません
Feature.Catalog.Label.OfferApplied,特典適用済み
Feature.Catalog.Label.OnSale,
Feature.Catalog.Label.OriginalPrice,元の価格
Feature.Catalog.Label.OutOfStock,
Feature.Catalog.Label.Owned,所有しています
Feature.Catalog.Label.PBR,素材
Feature.Catalog.Label.PBR.false,基本
Feature.Catalog.Label.PBR.true,高度
Feature.Catalog.Label.PBRInfo,よりリアルに見える物理ベースレンダリング（PBR）を使用した高度な素材のアバターアイテムは、光と影の変化の仕方や光沢が現実的に表れます。
Feature.Catalog.Label.PBRInfoTitle,物理ベースレンダリング（PBR）
Feature.Catalog.Label.ParticleEffects,パーティクルエフェクト
Feature.Catalog.Label.ParticleEffectsInfo,パーティクルエフェクトのあるアイテムは、アニメーションのようなビジュアルを放ち、ダイナミックで生き生きとした印象を与えます。
Feature.Catalog.Label.Placement,配置
Feature.Catalog.Label.PrePremiumPrice,(アイテムの価格:
Feature.Catalog.Label.Premium,
Feature.Catalog.Label.PremiumDiscount,プレミアム会員は {percent}% お得
Feature.Catalog.Label.PremiumOnly,プレミアム会員の方だけがご利用できます
Feature.Catalog.Label.Price,
Feature.Catalog.Label.PriceColon,価格:
Feature.Catalog.Label.PriceFromResale,再販から {itemPrice}
Feature.Catalog.Label.PriceHighToLow,価格（高い順）
Feature.Catalog.Label.PriceLowToHigh,価格（安い順）
Feature.Catalog.Label.PriceRange,価格範囲
Feature.Catalog.Label.PriceUnavailable,
Feature.Catalog.Label.PurchaseConfirmation,{creatorName} が作成した {itemName} を {itemPrice} で購入しますか？
Feature.Catalog.Label.Purchased,購入済み!
Feature.Catalog.Label.QuantityLimitReached,1人のユーザーが購入できるコピー数にクリエーターが制限を設けています。
Feature.Catalog.Label.QuantitySold,売れた数
Feature.Catalog.Label.QuickMenuMarketplaceTitle,マーケットプレースのオプション
Feature.Catalog.Label.RecentlyCreated,最近作成されたもの
Feature.Catalog.Label.RecentlyPublished,最近公開
Feature.Catalog.Label.Recommendations,
Feature.Catalog.Label.Redeemed,引き換えできました！
Feature.Catalog.Label.Relevance,関連度
Feature.Catalog.Label.RentOption,レンタルオプション
Feature.Catalog.Label.RentOptionInfo,3日間、このアイテムを割引価格で試すことができます。タイマーは購入後に開始されます。
Feature.Catalog.Label.ReportItem,アイテムを報告
Feature.Catalog.Label.ResaleFeePolicy,再販手数料ポリシー
Feature.Catalog.Label.Resellable,再販売可能
Feature.Catalog.Label.RobuxFee,{feePercentage}％ の手数料差引き後：
Feature.Catalog.Label.Sale,セール
Feature.Catalog.Label.SalePrice,販売価格:
Feature.Catalog.Label.SaveAsCharacter,キャラクターとして保存
Feature.Catalog.Label.SaveOptions,オプションを保存
Feature.Catalog.Label.Search,
Feature.Catalog.Label.SearchSuggestions,お探しのものかもしれません
Feature.Catalog.Label.SellCut,獲得:
Feature.Catalog.Label.SellPageUpsell,Roblox Plusメンバーシップのユーザーだけが販売できます。
Feature.Catalog.Label.SellSuccess,
Feature.Catalog.Label.SerialNumberColon,シリアル番号:
Feature.Catalog.Label.ShoulderAccessories,肩用アクセサリ
Feature.Catalog.Label.SoldOut,
Feature.Catalog.Label.SupportsHeadShapes,頭の形をサポート
Feature.Catalog.Label.TakeOffResaleConfirmation,このアイテムの再販売を中止しますか？
Feature.Catalog.Label.TimedOptions,時間制オプション
Feature.Catalog.Label.Timer.Day.Plural,残り{number}日
Feature.Catalog.Label.Timer.Day.Singular,残り1日
Feature.Catalog.Label.Timer.Hour.Plural,残り{number}時間
Feature.Catalog.Label.Timer.Hour.Singular,残り1時間
Feature.Catalog.Label.Timer.Minute.Plural,残り{number}分
Feature.Catalog.Label.Timer.Minute.Singular,残り1分
Feature.Catalog.Label.Timer.Second.Plural,残り{number}秒
Feature.Catalog.Label.Timer.Second.Singular,残り1秒
Feature.Catalog.Label.Tops,
Feature.Catalog.Label.Torso,
Feature.Catalog.Label.TotalItemsParenthesis,合計（{itemCount}アイテム）
Feature.Catalog.Label.TotalUnformatted,合計
Feature.Catalog.Label.Tradable,取引可能
Feature.Catalog.Label.Trending,人気急上昇
Feature.Catalog.Label.TryOns,試着
Feature.Catalog.Label.TryOnsMultiple,試着 ({numItems})
Feature.Catalog.Label.Unlimited,無制限
Feature.Catalog.Label.Username,
Feature.Catalog.Label.UsingBundleParts,{count} 点のバンドルパーツを使用
Feature.Catalog.Label.WaistAccessories,腰用アクセサリ
Feature.Catalog.Label.WearAfterPurchase,購入後にアイテムを装備
Feature.Catalog.Label.WearAvatarAfterPurchase,購入後にアバターを装備
Feature.Catalog.Label.WearOutfitAfterPurchase,購入後に衣装を装備
Feature.Catalog.Label.Yes,
Feature.Catalog.LabelAccessories,
Feature.Catalog.LabelAccessoryHats,
Feature.Catalog.LabelAllCreators,すべてのクリエーター
Feature.Catalog.LabelAllHeads,
Feature.Catalog.LabelAllTime,通算
Feature.Catalog.LabelAnyPrice,価格指定なし
Feature.Catalog.LabelClassicHeads,
Feature.Catalog.LabelCollectibles,コレクタブル
Feature.Catalog.LabelContentDeleted,コンテンツ削除済
Feature.Catalog.LabelFree,
Feature.Catalog.LabelNoResellers,再販者なし
Feature.Catalog.LabelOffSale,
Feature.Catalog.LabelPants,
Feature.Catalog.LabelPastDay,昨日
Feature.Catalog.LabelPastWeek,
Feature.Catalog.LabelShirts,
Feature.Catalog.LabelTShirts,
Feature.Catalog.Message.AvatarModerated,このアバターは当社のコミュニティガイドラインを守っていません。他のアバターを投稿してみてください
Feature.Catalog.Message.AvatarModerationModerated,コミュニティガイドラインに違反しています
Feature.Catalog.Message.AvatarModerationPending,審査中
Feature.Catalog.Message.AvatarNotAvailable,このアバターはもう使用できません
Feature.Catalog.Message.AvatarSharePanel,
Feature.Catalog.Message.AvatarUnderReview,アバターは審査中です。審査完了後、アバターを共有できます
Feature.Catalog.Message.BodyCategoryTooltip,頭と髪をここで探す
Feature.Catalog.Message.CannotBeResold,このアイテムは再販売できません
Feature.Catalog.Message.CaptionLimit,
Feature.Catalog.Message.Checkout.PurchaseFailed,続けるには、アイテムを確認または削除してください
Feature.Catalog.Message.Checkout.UnavailableItems,1点以上のアイテムは購入できません。続ける前に削除してください。
Feature.Catalog.Message.CollectiblesInfo,コレクタブルアイテムは、元の在庫が売り切れていない場合でも、保留期間後にユーザーから他のユーザーへの再販が可能です。Roblox Plus会員は、再販用のコレクタブルアイテムをリスト表示できます。
Feature.Catalog.Message.FTUXFavoritePillTooltip,お気に入りに追加
Feature.Catalog.Message.Favorites.CategoryEmpty,このカテゴリにはまだ何も保存していません。
Feature.Catalog.Message.Favorites.Empty,まだ何も保存していません。
Feature.Catalog.Message.HighDefinitionCategoryTooltip,Robloxで最高の職人技が光るアイテムを見つけよう
Feature.Catalog.Message.HoldingPolicyL1,再販売からの購入には、最長{days}日間の保留期間があります。アイテムはこの保留期間の終了後にしか再販売できません。アイテムを再販売できるのは、Plus会員のユーザーのみです。
Feature.Catalog.Message.HoldingPolicyL2,購入後、最初の販売は最長で{purchaseDays} 日間保留状態になります。アイテムは保留期間終了後しか再販売できず、再販売には最長 {resaleDays} 日間保留状態になります。アイテムの再販売は、プレミアム会員のユーザーしかできません。
Feature.Catalog.Message.MustWearClothing,
Feature.Catalog.Message.ParticleEffectsWarning,
Feature.Catalog.Message.PriceCouldBeDifferent,アイテムの種類によって、アイテムの価格設定ルールが決まります
Feature.Catalog.Message.ReportCatalogItemPhrase,当社の内容審査チームに規約違反報告を送信できます。アイテムを調査してから、適切な対処をします。
Feature.Catalog.Message.ResaleFeePolicy,再販売を含むマーケットプレイスでのすべての注文からの収入は、その注文に関わったユーザーの方々とRobloxで共有されます。再販売については、ユーザーがあなたの価格を承認した際、購入者が支払うRobuxの {yourSharePercent}% が再販売者であるあなたに支払われます。残りの {robloxFeePercent}% は、Robloxとアイテムのクリエーターを含むその他のユーザーの方々に支払われます。
Feature.Catalog.Message.SuccessfullyPosted,
Feature.Catalog.Message.TitleLimit,
Feature.Catalog.RFYFeedTitle,閲覧を続ける
Feature.Catalog.RFYWidgetTitle,あなたへのおすすめ
Feature.Catalog.Response.GenericError,
Feature.Catalog.Response.NoItemsFound,アイテムが見つかりません。
Feature.Catalog.Response.PlacedOnSaleSuccess,販売中にできました
Feature.Catalog.Response.ReportSubmitted,報告が送信され、まもなく当社のチームによってレビューされます。
Feature.Catalog.Response.TakenOffSaleSuccess,非売品にできました
Feature.Catalog.Search.LandingPage.Empty,色や種類、テーマなどでサーチ
Feature.Catalog.Search.Placeholder,アイテムや衣装をサーチ
Feature.Catalog.Text.OfferAppliedToHighestItem,最も高額のアイテムに特典適用済み
Feature.Catalog.Title.AvatarSharePanel,アバターをシェアする準備ができました
Feature.Catalog.Title.Checkout,
Feature.Catalog.Title.Checkout.ClearAllItemsOnAvatarTitle,アイテムをすべて消しますか？
Feature.Catalog.Title.Checkout.GoToCustomizeTitle,カスタマイズに移動して編集
Feature.Catalog.Title.Checkout.ItemRemovedSingular,アイテムが削除されました
Feature.Catalog.Title.Checkout.ItemReplacedOnAvatarTitle,アイテム交換済み
Feature.Catalog.Title.Checkout.ItemsPurchased,{count} 点のアイテムを購入
Feature.Catalog.Title.Checkout.OfferFailedToFetch,利用可能なオファーを取得できませんでした。後でもう一度お試しください。
Feature.Catalog.Title.Checkout.OfferFailedToUpdate,オファーを切り替えられませんでした。後でもう一度お試しください。
Feature.Catalog.Title.Checkout.PurchaseFailedPlural,
Feature.Catalog.Title.Checkout.PurchaseFailedSingular,1点のアイテムが購入できません
Feature.Catalog.Title.Checkout.TryOnMultipleItemsFtuxBody,タップすると、アイテムがアバターの上に重ね着されるため、。カテゴリごとに1点しか装備できません。
Feature.Catalog.Title.Checkout.TryOnMultipleItemsFtuxTitle,複数のアイテムを一度に試着
Feature.Catalog.Title.Checkout.UnavailableItems,
Feature.Catalog.Title.Checkout.WearAvatarReplaceAllItemsTitle,アバターを装備しますか？
Feature.Catalog.Title.CheckoutPlural,{count} 点のアイテムをチェックアウト
Feature.Catalog.Title.CheckoutSingular,
Feature.Catalog.Title.Makeup.MakeupMax6LayersPromptTitle,一番下のレイヤーを置き換えますか？
Feature.Catalog.Title.RentalFtuxText,アイテムをレンタルして3日間試す
Feature.Catalog.Toast.AddedToFavorites,お気に入りに追加しました
Feature.Catalog.Toast.AvatarPriceChangedBecauseOfOwned,{number} 点のアイテムを所有しているため価格が変更されました
Feature.Catalog.Toast.AvatarUnderReview,"アバターは審査中です
審査が完了したらアバターを共有できます"
Feature.Catalog.Toast.FavoritedLook,アバターをお気に入りに登録しました！
Feature.Catalog.Toast.LinkCopied,リンクをクリップボードにコピーしました
Feature.Catalog.Toast.RemovedFromFavorites,お気に入りから削除しました
Feature.Catalog.Toast.UnfavoritedLook,アバターをお気に入りから削除しました
Feature.Catalog.TrustedConnection.Label.Trusted,
Feature.Chat.Action.Add,
Feature.Chat.Action.Cancel,
Feature.Chat.Action.Confirm,
Feature.Chat.Action.Continue,
Feature.Chat.Action.Copy,コピー
Feature.Chat.Action.Create,
Feature.Chat.Action.Delete,
Feature.Chat.Action.Edit,
Feature.Chat.Action.GroupOSADoNotJoin,参加しない
Feature.Chat.Action.GroupOSAJoin,
Feature.Chat.Action.LearnMore,
Feature.Chat.Action.Leave,
Feature.Chat.Action.MuteVoice,音声をミュート
Feature.Chat.Action.Remove,
Feature.Chat.Action.RemoveFromGroup,グループから削除
Feature.Chat.Action.RemoveUser,ユーザーを削除
Feature.Chat.Action.Reply,返信
Feature.Chat.Action.Report,
Feature.Chat.Action.ReportUser,ユーザーを報告
Feature.Chat.Action.Save,
Feature.Chat.Action.Send,
Feature.Chat.Action.StartChatWithFriends,
Feature.Chat.Action.Stay,そのまま
Feature.Chat.Action.Translate,翻訳する
Feature.Chat.Action.UnmuteVoice,音声のミュート解除
Feature.Chat.Action.ViewAssetDetails,詳細を表示
Feature.Chat.Description.ConversationInviteGroupCreatedOn,グループ作成日：{creation_date}
Feature.Chat.Description.CreateUnfilteredChatCell,このグループのメンバー全員が招待されますが参加資格のない人もいます。
Feature.Chat.Description.CreateUnfilteredChatDialog,"チャット拡張機能を使うと伏字フィルタ処理なしでチャットできます。

このグルームのメンバー全員が招待されますが、参加資格がない人もいる可能性があります。"
Feature.Chat.Description.CreateUnfilteredChatWithVoice,"チャット拡張機能を使うと伏字フィルタ処理なしでチャットでき、ボイスチャットを使用できます。

このグルームのメンバー全員が招待されますが、参加資格がない人もいる可能性があります。"
Feature.Chat.Description.ExpressiveChatLearnMore,"広範囲対応チャット機能には、伏字フィルタ処理なしのチャットとパーティボイスが含まれています。

広範囲対応チャットは、メンバー全員が利用対象となり、あなたのチャット機能がアップグレードされるまでアクセス制限がかかります。"
Feature.Chat.Description.InlineContextCardDescription,見知らぬ人とチャットする場合はご注意ください。個人情報をシェアしたり、別のチャットアプリに会話を移したりしないでください。相手のプロフィールから、そのユーザーをブロックしたり、規約違反を報告したりできます。
Feature.Chat.Description.NameGroup,グループに名前をつける
Feature.Chat.Description.NameGroupChat,チャットグループに名前を付ける
Feature.Chat.Description.OSAContextCardDescription,不快に感じた場合は、このユーザーを相手のプロフィールからいつでもブロックまたは通報できます。
Feature.Chat.Description.OSAGroupDescriptionWithLinker,安全のため、いつでもユーザーを相手のプロフィールからブロックしたり、ユーザーの規約違反を報告したりできます。<a href='{osaViewDetailsUrl}'>詳細を表示。</a>
Feature.Chat.Description.SnoozeDescription,一時停止機能はバーチャル空間メニューでオフにできます
Feature.Chat.Drawer.Join,
Feature.Chat.Drawer.PinGame,ピン留め
Feature.Chat.Drawer.PlayGame,バーチャル空間に行く
Feature.Chat.Drawer.ViewDetails,
Feature.Chat.Heading.ChatWithConnections,つながりとチャット
Feature.Chat.Heading.ChatWithFriends,友達とチャット
Feature.Chat.Heading.CreateUnfilteredChatDialog,チャット拡張機能がついた新規グループを作成しますか？
Feature.Chat.Heading.ExpressiveChat,広範囲対応チャット
Feature.Chat.Heading.FailedToLeaveGroup,グループから退出できませんでした
Feature.Chat.Heading.FailedToRemoveUser,ユーザーを削除できませんでした
Feature.Chat.Heading.FirstConversationWith,{displayName} との最初の会話
Feature.Chat.Heading.FirstConversationWithThisUser,この相手との最初の会話
Feature.Chat.Heading.FirstInteractionWith,{displayName} との最初のやり取り
Feature.Chat.Heading.FirstInteractionWithThisPerson,この相手との最初のやり取り
Feature.Chat.Heading.LeaveGroup,グループから退出
Feature.Chat.Heading.PartyWithConnections,つながりとパーティ結成
Feature.Chat.Heading.PartyWithFriends,友達とパーティ機能を使おう
Feature.Chat.Heading.SafeChattingWithThisUser,この相手とのチャットにご注意ください
Feature.Chat.Heading.SafeChattingWithUsername,{displayName}さんとのチャットにご注意ください
Feature.Chat.Heading.ShareGameToChat,チャットしてバーチャル空間を共有
Feature.Chat.Heading.UserInvitedYouToJoin,{combinedName}さんがあなたを次のグループに招待しました：
Feature.Chat.Heading.UserInvitedYouToJoinAGroup,{combinedName}さんからグループに招待されました
Feature.Chat.Heading.YouWereInvitedToGroup,グループに招待されました
Feature.Chat.Label.AddConnections,
Feature.Chat.Label.AddFriends,
Feature.Chat.Label.Available,
Feature.Chat.Label.Blocked,ブロック済み
Feature.Chat.Label.ByBuilder,制作: {USERNAME}
Feature.Chat.Label.ChatDetails,チャット詳細
Feature.Chat.Label.ChatDisabled,チャットはオフです
Feature.Chat.Label.ChatGroupName,チャットグループ名
Feature.Chat.Label.ChatInputPlaceholder,発言してください
Feature.Chat.Label.ContentLoadingFailed,このコンテンツを読み込めませんでした
Feature.Chat.Label.CreateUnfilteredChat,チャット拡張機能がついた新規グループを作成
Feature.Chat.Label.Details,
Feature.Chat.Label.ExpandedChatFeatures,広範囲対応チャット機能
Feature.Chat.Label.General,一般
Feature.Chat.Label.Group.ThemRepliedToOther,{DISPLAY_NAME_1} さんが {DISPLAY_NAME_2} さんに返信しました
Feature.Chat.Label.Group.ThemRepliedToThem,{DISPLAY_NAME} さんが自分に返信しました
Feature.Chat.Label.Group.ThemRepliedToYou,{DISPLAY_NAME} さんが返信しました
Feature.Chat.Label.Group.YouRepliedToThem,{DISPLAY_NAME} さんに返信しました
Feature.Chat.Label.GroupName,グループ名
Feature.Chat.Label.HoverToReplyTooltip,マウスオーバーして返信
Feature.Chat.Label.Loading,
Feature.Chat.Label.LongPressToReplyTooltip,長押しで返信
Feature.Chat.Label.Members,メンバー
Feature.Chat.Label.MessageNotAvailable,このメッセージは表示できません
Feature.Chat.Label.MuteInGameChatToastNotifications,ゲーム内チャット通知をミュート
Feature.Chat.Label.MuteInGamePartyToastNotifications,ゲーム内パーティ通知をミュート
Feature.Chat.Label.New,
Feature.Chat.Label.NoChatFound,チャットが見つかりません
Feature.Chat.Label.NoDescriptionYet,まだ詳細はありません。
Feature.Chat.Label.NotImplementedMessageType,メッセージを表示できませんでした。
Feature.Chat.Label.NotSet,設定されていません
Feature.Chat.Label.OneToOne.ThemRepliedToThem,相手への返信
Feature.Chat.Label.OneToOne.ThemRepliedToYou,あなたへの返信
Feature.Chat.Label.OneToOne.YouRepliedToThem,あなたの返信
Feature.Chat.Label.Pending,承認待ち
Feature.Chat.Label.PrivacySettings,プライバシー設定
Feature.Chat.Label.ReplyChatInputPlaceholder,{DISPLAY_NAME}さんに返信
Feature.Chat.Label.ReplyToYourselfChatInputPlaceholder,自分自身に返信
Feature.Chat.Label.ReplyingToOthers,{DISPLAY_NAME}さんの発言…
Feature.Chat.Label.ReplyingToYourself,あなたの発言…
Feature.Chat.Label.SearchConnections,つながりを探す
Feature.Chat.Label.SearchForFriendsAndChat,会話をサーチ
Feature.Chat.Label.SearchFriends,友達をサーチ
Feature.Chat.Label.SearchWord,
Feature.Chat.Label.Sent,送信済み
Feature.Chat.Label.SnoozeChatNotifications,バーチャル空間内チャット通知をミュート:
Feature.Chat.Label.SnoozePartyNotifications,以下のバーチャル空間内パーティ通知をミュート:
Feature.Chat.Label.SwipeToReplyTooltip,スワイプして返信
Feature.Chat.Label.TimestampDaysAbbreviatedPlural,{num_days}日
Feature.Chat.Label.TimestampHoursAbbreviatedPlural,{num_hours}時間
Feature.Chat.Label.TimestampMinutesAbbreviatedPlural,{num_minutes}分
Feature.Chat.Label.TimestampNow,今
Feature.Chat.Label.TimestampOneDayAbbreviated,1日
Feature.Chat.Label.TimestampOneHourAbbreviated,1時間
Feature.Chat.Label.TimestampOneMinuteAbbreviated,1分
Feature.Chat.Label.TimestampOneWeekAbbreviated,1週間
Feature.Chat.Label.TimestampWeeksAbbreviatedPlural,{num_weeks}週間
Feature.Chat.Label.Unavailable,
Feature.Chat.Label.UnfilteredChat,伏字フィルタ処理なしのチャット
Feature.Chat.Label.UnknownUser,未知のユーザー
Feature.Chat.Label.User,ユーザー
Feature.Chat.Label.ViewProfile,プロフィールを見る
Feature.Chat.Label.YouRepliedToYou,自分に返信しました
Feature.Chat.Message.AddConnectionsLimit,チャットグループにはつながりを {connectionsNum} 人まで追加できます。
Feature.Chat.Message.AddConnectionsPartyLimit,パーティにはつながりを {connectionsNum} 人まで追加できます。
Feature.Chat.Message.AddConnectionsPartyLimitSingular,プライバシー設定により、つながっている人1人としかパーティを結成できません。
Feature.Chat.Message.AddFriendsLimit,チャットグループには友達を{connectionsNum}人まで追加できます。
Feature.Chat.Message.AddFriendsPartyLimit,パーティには友達を{connectionsNum}人まで追加できます。
Feature.Chat.Message.AddFriendsPartyLimitSingular,プライバシー設定により、1人の友達としかパーティを結成できません。
Feature.Chat.Message.CannotBeDisplayedThirdPerson,{displayName}さんが表示できないメッセージを送信しました
Feature.Chat.Message.ChatIsDisabledByPrivacySetting,チャットがオフになっています。プライバシー設定でオンにできます。
Feature.Chat.Message.ChatUnavailableRegion,現在、チャットはお住まいの地域では利用できません。
Feature.Chat.Message.ChatUnavailableWithUser,現在、このユーザーはチャットに応答できません。
Feature.Chat.Message.Default,このチャットでは、全員があなたのメッセージを見れるわけではありません。
Feature.Chat.Message.EnableChat,プライバシー設定でチャットをオンにして、つながっている人とチャットしましょう。
Feature.Chat.Message.EnableChat.FriendsRename,友達とチャットするには、プライバシー設定でチャットを有効にしてください。
Feature.Chat.Message.EnableParty,プライバシー設定でパーティ機能をオンにして、つながっている人とチャットしましょう。
Feature.Chat.Message.EnableParty.FriendsRename,友達とパーティ機能を使用するには、プライバシー設定でパーティを有効にしてください。
Feature.Chat.Message.FailedToLeaveGroup,{CONVERSATION_TITLE} の会話を終了できませんでした。
Feature.Chat.Message.FailedToLeaveGroup.V2,グループ（{CONVERSATION_TITLE} ）から削除できませんでした。
Feature.Chat.Message.FailedToRemoveUser,{CONVERSATION_TITLE} の会話からユーザー、{USERNAME} さんを削除することができませんでした。
Feature.Chat.Message.FailedToRemoveUser.V2,グループ（{CONVERSATION_TITLE} ）から {USERNAME} さんを削除できませんでした。
Feature.Chat.Message.FailedToRenameConversation,会話「{EXISTING_NAME}」の名前を「{NEW_NAME}」に変更できませんでした。
Feature.Chat.Message.FailedToRenameConversation.V2,グループ名「{EXISTING_NAME}」を「{NEW_NAME}」に変更できませんでした。
Feature.Chat.Message.GroupConnectionLimitSingular,チャットはつながっている相手で1人しか追加できません。
Feature.Chat.Message.GroupFriendLimitSingular,友達1人しかチャット相手として追加できません。
Feature.Chat.Message.LeaveGroup,このグループでチャットを続けることはできません。
Feature.Chat.Message.LeaveGroup.V2,このグループを抜けますか？
Feature.Chat.Message.MakeConnectionsToChat,Roblox上で人とつながってチャットを始めましょう
Feature.Chat.Message.MakeConnectionsToParty,Roblox上で人とつながってパーティを結成しましょう
Feature.Chat.Message.MakeFriendsToChat,チャットを始めてRoblox上で友達を作ろう
Feature.Chat.Message.MakeFriendsToParty,パーティ機能でRobloxで友達を作ろう
Feature.Chat.Message.MessageContentModerated,メッセージは、規制により送信されませんでした。
Feature.Chat.Message.MessageUnavailable,メッセージが利用できません
Feature.Chat.Message.OneUserTyping,{DISPLAY_NAME} が入力中です...
Feature.Chat.Message.PartyUnavailableRegion,現在、パーティ機能はお住まいの地域では利用できません。
Feature.Chat.Message.PartyUnavailableWithUser,現在、このユーザーはパーティ機能を使用できません。
Feature.Chat.Message.RemoveUser,このチャットグループから {USERNAME} さんを削除しますか？
Feature.Chat.Message.RemoveUser.V2,このグループから {USERNAME} さんを削除しますか？
Feature.Chat.Message.RemovedFromConversation,あなたはグループから削除されました。
Feature.Chat.Message.SeveralUsersTyping,何人かのユーザーが入力中...
Feature.Chat.Message.TurnOnChat,友達とチャットするには、「プライバシー設定」でチャットを有効にしてください。
Feature.Chat.Message.TurnOnParty,友達とパーティ機能を使用するには、[プライバシー設定] で [パーティ] をオンにしてください。
Feature.Chat.Message.TwoUsersTyping,{DISPLAY_NAME_1} と {DISPLAY_NAME_2} が入力中です...
Feature.Chat.PresetChat.Disclaimer,短いメッセージを使うと、すべての年齢層のプレイヤーがゲームプレイを調整できます。
Feature.Chat.Response.ChatNameFullyModerated,チャットグループ名が規制対象です。
Feature.Chat.Response.ChatNameFullyModerated.V2,ゲーム名が内容規制されました。
Feature.Chat.Response.Failed,失敗
Feature.Chat.Response.NetworkError,ネットワークエラー
Feature.Chat.Response.Sending,送信中
Feature.Chat.RobloxConnectUnavailableWithUser,現在、このユーザーはRoblox Connectに応答できません。
Feature.Chat.ShareGameToChat.Favorites,
Feature.Chat.ShareGameToChat.FriendActivity,友達のアクティビティ
Feature.Chat.ShareGameToChat.NoFavoriteGames,お気に入りはありません
Feature.Chat.ShareGameToChat.NoFriendActivity,友達のアクティビティはありません
Feature.Chat.ShareGameToChat.NoPopularGames,人気のバーチャル空間はありません
Feature.Chat.ShareGameToChat.NoRecentGames,最近のものはありません
Feature.Chat.ShareGameToChat.Popular,人気
Feature.Chat.ShareGameToChat.Recent,最近
Feature.Chat.Text.NoConnections,つながりをまだ追加していません。Robloxでつながりたい人を見つけて追加して始めましょう。
Feature.Chat.Text.NoFriends,まだ友達を追加していません。始めるには、友達を見つけてRobloxに追加してください。
Feature.Chat.Title.MuteChatNotifications,ゲームプレイ中に友達からのチャット通知をミュートする
Feature.Chat.Title.NewChat,新規チャット
Feature.Chat.Toast.Error.InvalidUserSelected,このリストに追加できない人が1人以上います
Feature.CommunityLinks.Description.CommunityDefault,告知などを表示するには、 {experienceName} の公式 Guilded（ギルデッド）コミュニティに参加してください！
Feature.CommunityLinks.Heading.CommunityTitle,コミュニティに参加する
Feature.CommunityLinks.Label.ViewButton,
Feature.ContactMethodUpsell.Action.AddPhoneNumber,電話番号を追加
Feature.ContactMethodUpsell.Action.Continue,
Feature.ContactMethodUpsell.Action.LearnMore,
Feature.ContactMethodUpsell.Action.SecureYourAccount,
Feature.ContactMethodUpsell.Description.HomePageUpsellCardAddPhoneText,友達やアバター、Robuxにアクセスし続けるには、電話番号を追加してください。
Feature.ContactMethodUpsell.Label.AddEmail,
Feature.ContactMethodUpsell.Label.AddPhone,
Feature.ContactMethodUpsell.Label.PleaseAddEmail,アカウントに追加するメールアドレスを入力してください。
Feature.ContactMethodUpsell.Label.RecoverYourAccount,パスワードをなくした場合、アカウントを簡単に回復できます。
Feature.ContactMethodUpsell.Title.HomePageUpsellCardLockOutTitle,アクセス拒否されないように注意！
Feature.ContactUpsell.Action.AddEmailInstead,代わりにメールアドレスを追加
Feature.ContactUpsell.Action.Continue,
Feature.ContactUpsell.Header.UnlockVoiceChat,ボイスチャットを使用可能にする
Feature.ContactUpsell.Heading.LetFriendsFindYou,友達に見つけてもらいやすくしましょう！
Feature.Contacts.Action.Invite,招待する
Feature.Contacts.Action.Search,連絡先をサーチ
Feature.Contacts.Description.AddFromContactsDescription,連絡先を追加して、Robloxでつながろう。年齢確認済みの13歳以上のユーザー同士は、信頼するつながりとして追加されます。
Feature.Contacts.Description.AddFromContactsTrustedFriends,連絡先を追加してRobloxでつながろう。年齢確認済みの13歳以上のユーザー同士は、「信頼する友達」になれます。
Feature.Contacts.Description.ContactsList,誰と一緒にRobloxで探検したいですか？Robloxで友達になるために招待リンクを送信してください！
Feature.Contacts.Description.ContactsListDescription,つながりを追加するか連絡先につながりリクエストを送信して、もっと楽しみましょう。
Feature.Contacts.Description.ContactsMixedList,誰と一緒にRobloxで探検したいですか？Roblox上のつながりを追加するか、連絡先にある人たちにつながりリクエストのリンクを送ってください！
Feature.Contacts.Description.ContactsProfileView,あなたの連絡先 {contactName} はRobloxに登録されています。友達になるとプロフィールを見ることができます。
Feature.Contacts.FindFriendsBanner.Button,友達を見つける
Feature.Contacts.FindFriendsBanner.Description,電話番号を追加して、どの友達がRobloxにいるかを確認してください。
Feature.Contacts.FindFriendsBanner.DescriptionPV,Robloxにいる連絡先の方々は利用可能なときにここに表示されます。
Feature.Contacts.FindFriendsBanner.DescriptionV2,電話番号を追加すると、おすすめで友達と繋がりやすくなります。
Feature.Contacts.Heading.HelpFriendsFindYou,
Feature.Contacts.Heading.LetFriendsFindYou,
Feature.Contacts.Heading.SettingSaved,設定を保存しました。
Feature.Contacts.Label.DiscoverabilityOptIn,電話番号を基にしてRobloxユーザーをおすすめしてください。
Feature.Contacts.Label.FindContacts,連絡先を探す
Feature.Contacts.Label.Invite,Robloxへの招待状
Feature.Contacts.Label.OnRoblox,Roblox上
Feature.Contacts.Message.AddFriends,
Feature.Contacts.Message.ContactDiscoverable,友達作りのために、あなたの電話番号が連絡先にあるRobloxユーザーは、あなたを友達として追加して、先方の電話に保存してあるあなたの名前を見ることができます。
Feature.Contacts.Message.ContactsSyncWarning,連絡先は定期的に同期され、他のRobloxユーザーと一致すると保存されるため、友達を見つけるのに役立ちます。これはいつでもデバイス設定で管理できます。
Feature.Contacts.Message.InviteToRoblox,一緒にバーチャル空間制作したり、シェアしたり、探検したりできるように、Robloxでつながりとして追加してください。
Feature.Contacts.Message.NoResults,結果はありません。
Feature.ContentFeed.Action.Delete,投稿を削除
Feature.ContentFeed.Action.Report,規約違反を報告
Feature.ContentFeed.Body.PostsNotFound,投稿は利用できません
Feature.ContentFeed.Label.NotRated,未評価
Feature.ContentFeed.Label.Rating,評価 {rating}%
Feature.ContentFeed.Timestamp.DaysAgo,{numDays}日前
Feature.ContentFeed.Timestamp.HoursAgo,{numHours}時間前
Feature.ContentFeed.Timestamp.MinutesAgo,{numMinutes}分前
Feature.ContentFeed.Timestamp.Now,現在
Feature.ContentFeed.Timestamp.WeeksAgo,{numWeeks}週間前
Feature.DevSubs.Action.CancelSubscription,定期購入をキャンセル
Feature.DevSubs.Action.RenewSubscription,定期購入を更新する
Feature.DevSubs.Label.ActiveSubscriptions,有効期間中の定期購入
Feature.DevSubs.Label.DiscontinueDate,解約日: {date}
Feature.DevSubs.Label.ExpirationDate,期限: {date}
Feature.DevSubs.Label.InactiveSubscriptions,無効となっている定期購入
Feature.DevSubs.Label.RenewalDate,更新日: {date}
Feature.DevSubs.Message.ConfirmCancellation,定期購入をキャンセルしますか？
Feature.DevSubs.UserManagement.MonthlyPrice,{robuxAmount} / 1ヶ月
Feature.DeveloperProducts.Heading.Products,
Feature.DeveloperProducts.Heading.Success,
Feature.DeveloperProducts.Message.BackToStore,ストアに戻る
Feature.DeveloperProducts.Message.OK,
Feature.DeveloperProducts.Message.PurchaseSucceed,「{productName}」を購入しました。購入品は、バーチャル空間参加後に引き換えられます。
Feature.DisplayName.ErrorMessage.AgedUpNameContainPII,名前に個人情報が含まれている可能性があります。
Feature.DisplayName.ErrorMessage.AgedUpNameHasChanged,過去7日間で名前がすでに変更されています
Feature.DisplayName.ErrorMessage.AgedUpNameInappropriate,名前がRobloxでは適切ではありません
Feature.DisplayName.ErrorMessage.AgedUpNameNotAvailable,その名前は利用できません
Feature.DisplayName.ErrorMessage.AgedUpNameTooLong,名前は最大20文字以内にしてください
Feature.DisplayName.ErrorMessage.AgedUpNameTooShort,名前は少なくとも3文字以上にしてください。
Feature.DisplayName.ErrorMessage.AgedUpNameUnsupportedChars,名前に対応していない文字が含まれています
Feature.DisplayName.ErrorMessage.NameContainPII,表示名には個人情報が含まれている可能性があります
Feature.DisplayName.ErrorMessage.NameHasChanged,過去7日間に表示名がすでに変更済みです
Feature.DisplayName.ErrorMessage.NameInappropriate,表示名がRobloxでは適切ではありません
Feature.DisplayName.ErrorMessage.NameMoreThanOneCharacterKind,名前には同じ言語の文字しか使用できません。
Feature.DisplayName.ErrorMessage.NameNotAvailable,表示名を利用できません
Feature.DisplayName.ErrorMessage.NameTooLong,表示名の文字数制限は最大20文字です
Feature.DisplayName.ErrorMessage.NameTooShort,表示名は少なくとも3文字以上にしてください
Feature.DisplayName.ErrorMessage.NameUnsupportedChars,表示名に対応していない文字が含まれています
Feature.DisplayName.ErrorMessage.SomethingWentWrong,
Feature.DisplayName.Label.AgedUpNameField,
Feature.DisplayName.Label.ErrorsWithAgedUpDisplayName,名前にエラーがあります。
Feature.DisplayName.Label.GeneratedUserName,この一意の @ユーザーネーム は、あなたの名前を元におすすめしていますが編集もできます。ログインにはこれを使います。
Feature.DisplayName.Label.MixedCharactersError,一文字しかありません
Feature.DisplayName.Label.ModeratedCheck,内容規制済み
Feature.DisplayName.Label.SignUpAgedUpDisplayName,プロフィールの表示名を選択
Feature.DisplayName.Label.ValidCharacters,有効な文字しか含まれていないこと
Feature.DisplayName.Label.ValidationFailed,不明なエラーです。名前なしで新規登録するにはもう一度試すか、この手順をスキップしてください
Feature.Durables.BottomBar.BuyButton,
Feature.Durables.BottomBar.RentalDuration,{num}日間
Feature.Durables.BottomBar.RentalDurationPlural,
Feature.Durables.BottomBar.Repurchase.ExpiredItemsPlural,{number}個のアイテムが有効期限切れ
Feature.Durables.BottomBar.Repurchase.ExpiredItemsSingular,
Feature.Durables.FTUX.Tooltip,アイテムを所有する日数を選択してください。タイマーは購入後に開始されます。
Feature.Durables.Filter.All,
Feature.Durables.Filter.TimedOptions,時間制オプションのみ
Feature.Durables.Filter.Title,
Feature.Durables.InfoModal.Description,アイテムを保持する期間を選択できます。時計アイコンは、低価格でより柔軟に利用できる期間指定のオプションを示しています。
Feature.Durables.InfoModal.Title,期間限定オプションの紹介
Feature.Durables.ItemDetails.BottomBar.BuyButton.Days,{num}日分を購入
Feature.Durables.ItemDetails.BottomBar.BuyButton.Permanent,永久購入
Feature.Durables.ItemDetails.WearTimeOptions.Button.Infinite,永久
Feature.Durables.ItemDetails.WearTimeOptions.Button.XDay,{num}日
Feature.Durables.ItemDetails.WearTimeOptions.Button.XDays,
Feature.Durables.ItemDetails.WearTimeOptions.Title,オプション
Feature.Durables.Label.ItemExpires,アイテムの有効期限
Feature.Durables.PartiallyExpiredItems.BodyText,この保存されたアバターの一部のアイテムは有効期限が切れたため削除されました。
Feature.Durables.PartiallyExpiredItems.TitleText,アイテムの有効期限が切れました
Feature.Durables.PurchaseModal.SuccessMessage,{itemName}の有効期限が{number}日間延長されました。
Feature.Durables.TimeRemaining.Days,{number}日
Feature.Durables.TimeRemaining.Hours,
Feature.Durables.TimeRemaining.Minutes,{number}分
Feature.Durables.UnifiedBuyModal.Subtitle.TimedOptionText,{days}日間（購入後から開始）
Feature.DynamicUI.Translation.Reporting.IllegalContentEUBody,EU・デジタルサービス法に基づく違法コンテンツを報告するにはこちらへ。 https://www.roblox.com/illegal-content-reporting
Feature.EmptyStatePage.Message.NoInternet,インターネット接続がありません
Feature.EnhancedVideo.Label.Ad,
Feature.ExperienceDetails.Action.ExitFullScreen,
Feature.ExperienceDetails.Action.FullScreen,全画面
Feature.ExperienceDetails.Action.Mute,ミュート
Feature.ExperienceDetails.Action.Unmute,ミュート解除
Feature.ExperienceDetails.AskYourParentModal.Action.AskNow,
Feature.ExperienceDetails.AskYourParentModal.Action.Cancel,
Feature.ExperienceDetails.AskYourParentModal.Label.Body,
Feature.ExperienceDetails.AskYourParentModal.Label.Title,
Feature.ExperienceDetails.AskYourParentToAllowGameModal.Label.Body,このゲームに参加するには、保護者の方の許可が必要です。
Feature.ExperienceDetails.Body.DescriptionTitle,
Feature.ExperienceDetails.Body.NotesTitle,【留意事項】
Feature.ExperienceDetails.Body.StatsInfoTitle,統計と情報
Feature.ExperienceDetails.Description.MadeWithBuild,ビルドで作成されたゲームはAI生成です
Feature.ExperienceDetails.Label.MadeByCreator,{creatorName}さんが作成
Feature.ExperienceDetails.Label.MadeByCreatorWithBuild,{creatorName}さんがビルドを使って作成
Feature.ExperienceDetails.Label.NotPlayable,プレイ不可
Feature.ExperienceDetails.Notes.InExperiencePurchase,他のアイテムや機能と交換できるアイテム（「バーチャル（仮想）空間内トークン」）をRobuxを用いて購入できる場合がありますが、バーチャル空間内トークンは、ゲームを楽しむためのみのものであって、ゲーム外で利用することはできず、前払式支払手段ではありません。バーチャル空間内トークンの購入により、取引が完了し、いかなる場合であっても返金が行われることはありません。バーチャル空間内トークンを用いて交換できる他のアイテムや機能は、クリエーター（制作者）の裁量により、変更される可能性があります。
Feature.ExperienceDetails.PlayButtonMessage.AgreeToNotice,このバーチャル空間をプレイすることにより、私は留意事項に同意します
Feature.ExperienceDetails.PlayButtonText.ActionNeeded,参加する
Feature.ExperienceDetails.PlayButtonText.Buy,
Feature.ExperienceDetails.PlayButtonText.Play,
Feature.ExperienceDetails.PlayButtonText.PlayDemo,デモを再生
Feature.ExperienceDetails.PlayButtonText.Unavailable,
Feature.ExperienceDetails.PlayButtonText.Unlock,ロック解除
Feature.ExperienceDetails.RestrictedUnplayableModal.Action.Ok,
Feature.ExperienceDetails.RestrictedUnplayableModal.Label.Body,R指定（規制対象）バーチャル空間を利用できるのは、18歳以上の成人のみです。
Feature.ExperienceDetails.RestrictedUnplayableModal.Label.Title,R指定コンテンツ
Feature.ExperienceDetails.UnplayableError.AccountRestricted,コンテンツ成熟度設定により、このバーチャル空間にはアクセスできません
Feature.ExperienceDetails.UnplayableError.ComplianceBlocked,現在、このバーチャル空間は利用できません
Feature.ExperienceDetails.UnplayableError.ContextualPlayabilityAgeGated,年齢制限のため、このバーチャル空間にはアクセスできません
Feature.ExperienceDetails.UnplayableError.ContextualPlayabilityAgeGatedByDescriptor,
Feature.ExperienceDetails.UnplayableError.ContextualPlayabilityAgeRecommendationParentalControls,このバーチャル空間に参加するには、コンテンツ成熟度設定を更新してください。
Feature.ExperienceDetails.UnplayableError.ContextualPlayabilityExperienceBlockedParentalControls,保護者がこのバーチャル空間をブロックしました。このバーチャル空間に参加するには、[設定] で保護者の方に許可を出すようお願いしてください。
Feature.ExperienceDetails.UnplayableError.ContextualPlayabilityRegionalAvailability,現在、このバーチャル空間はお住まいの地域ではご利用いただけません
Feature.ExperienceDetails.UnplayableError.ContextualPlayabilityRegionalCompliance,
Feature.ExperienceDetails.UnplayableError.ContextualPlayabilityUnrated,レーティングがついていないため、このバーチャル空間にはアクセスできません
Feature.ExperienceDetails.UnplayableError.DeviceRestrictedCustom,このバーチャル空間は {device} ではご利用いただけません
Feature.ExperienceDetails.UnplayableError.DeviceRestrictedDefault,このバーチャル空間はお使いのデバイスではご利用いただけません
Feature.ExperienceDetails.UnplayableError.FiatPurchaseDeviceRestricted,このバーチャル空間はこのデバイスでは購入できません
Feature.ExperienceDetails.UnplayableError.GameUnapproved,
Feature.ExperienceDetails.UnplayableError.IncorrectConfiguration,
Feature.ExperienceDetails.UnplayableError.InsufficientPermissionFriendsOnly,現在、このバーチャル空間にアクセスする権限がありません
Feature.ExperienceDetails.UnplayableError.InsufficientPermissionGroupOnly,
Feature.ExperienceDetails.UnplayableError.PlaceHasNoPublishedVersion,
Feature.ExperienceDetails.UnplayableError.TemporarilyUnavailable,
Feature.ExperienceDetails.UnplayableError.UnderReview,このバーチャル空間は現在、内容審査中です
Feature.ExperienceDetails.UnplayableError.UniverseRootPlaceIsPrivate,このバーチャル空間はプライベート設定になっています
Feature.ExperienceDetails.UnplayableError.UnplayableOther,
Feature.ExperienceDetails.UpdateMaturitySettingModal.Action.Cancel,
Feature.ExperienceDetails.UpdateMaturitySettingModal.Action.GoToSettings,
Feature.ExperienceDetails.UpdateMaturitySettingModal.Console.Action.Ok,
Feature.ExperienceDetails.UpdateMaturitySettingModal.Console.Label.Body,このバーチャル空間に参加するには、ウェブ上または併用デバイス上でのコンテンツ成熟度設定を更新してください。
Feature.ExperienceDetails.UpdateMaturitySettingModal.Console.Label.Title,コンテンツにアクセスできません
Feature.ExperienceDetails.UpdateMaturitySettingModal.Label.Body,このバーチャル空間にアクセスするには、まずコンテンツ成熟度設定を更新してください。
Feature.ExperienceDetails.UpdateMaturitySettingModal.Label.Title,
Feature.FAE.Action.Continue,
Feature.FAE.Action.Unlock,
Feature.FAE.Action.UnlockChat,
Feature.FAE.CheckIfYouCanJoinGame,このゲームに参加できるかどうかをチェックしましょう。
Feature.FAE.Label.ChatWithFriends,
Feature.FAE.Label.DayLeft,
Feature.FAE.Label.DaysLeft,残り{daysLeft}日
Feature.FAE.Label.GetASecureAgeCheckToUnlockChatAndAddTrustedFriends,安全な年齢チェックを受けて、チャットのロックを解除し、「信頼できる友達」を追加しましょう。
Feature.FAE.Label.LetsCheckYourAge,年齢を確認しましょう
Feature.FAE.Label.LetsCheckYourAgeSoYouCanUseChat,チャットを使うために年齢チェックをしましょう
Feature.FAE.Label.ModalBodyInApp,自撮り写真を撮影することで年齢を確認できます。撮影した写真はこの年齢チェックの目的にのみ使用されます。これは、Roblox（ロブロックス）をすべての人にとってより安全な場所にするための重要なステップです。
Feature.FAE.Label.ModalBodyInAppV3,自撮り写真を撮影してください。写真は年齢の推定にのみ使用します。これはお客様とすべての利用者の安全を確保するためです。
Feature.FAE.Label.ModalBodyTFUnlock,「信頼できる友達」を追加するには、まず年齢チェックを完了してください。
Feature.FAE.Label.ThisAllowsYouToChatSafelyItOnlyTakesAMoment,これにより安全にチャットできます。ほんの少しの時間で完了します。
Feature.FAE.Label.ThisHelpsYouToChatSafelyItOnlyTakesAMoment,これは安全にチャットするのに役に立ちます。ほんの少しの時間で完了します。
Feature.FAE.Label.ToKeepChattingLetsCheckYourAge,チャットを続けるには、年齢チェックをしましょう
Feature.FAE.Label.YouNeedAnAgeCheckToUseChatThisMakesChatSafer,チャットの利用には年齢チェックが必要です。これはお客様とすべての利用者の安全を確保するためです。
Feature.FAE.Label.YoullSoonNeedAnAgeCheckToChat,まもなく、チャットの利用に年齢チェックが必要になります。
Feature.FAE.Label.YourSafetyMattersLetsCheckYourAge,安全第一です。年齢チェックをしましょう
Feature.FaceChat.Subtitle.FeatureDisabled,表情アニメーションが一時的に利用できません。後ほどお試しください。
Feature.FaceChat.Subtitle.UnableToAccessCamera,カメラを使用してアバターを動かすには、OS設定ページでRobloxがカメラを使えるように許可を出してください。
Feature.Favorites.Label.Favorite,
Feature.Favorites.Label.Favorited,お気に入りに登録済み
Feature.FlyoutSidePanel.Action.ContinuePlaying,プレイを続ける
Feature.FlyoutSidePanel.Label.TooltipBody,プロフィール、コンテンツ、設定が新しい場所に移動しました。
Feature.FlyoutSidePanel.Label.TooltipTitle,<b>{itemName}</b>は移動しました
Feature.Friends.Action.AcceptFriend,
Feature.Friends.Action.AccountDeleted,アカウントが削除されました
Feature.Friends.Action.Add,
Feature.Friends.Action.Block,ブロックする
Feature.Friends.Action.Close,
Feature.Friends.Action.ConnectionAdded,つながりを追加しました
Feature.Friends.Action.ConnectionRequestSent,つながりリクエストを送信しました
Feature.Friends.Action.EditProfile,プロフィールを編集
Feature.Friends.Action.FindFriends,
Feature.Friends.Action.FriendAdded,
Feature.Friends.Action.FriendRemoved,友達が削除されました
Feature.Friends.Action.FriendRequestSent,友達リクエストが送信されました
Feature.Friends.Action.GetStarted,始める
Feature.Friends.Action.GoToAddFriends,「友達を追加」へ
Feature.Friends.Action.InviteFriends,連絡先の人たちをRobloxに友達として招待。
Feature.Friends.Action.InviteProviderFriends,{provider} の友達を招待する
Feature.Friends.Action.PendingRequest,承認待ちのリクエスト
Feature.Friends.Action.ShareQR,QRコードをシェア
Feature.Friends.Action.ShowMore,
Feature.Friends.Action.Unblock,ブロックを解除
Feature.Friends.Action.Unfriend,友達解除
Feature.Friends.Action.ViewMore,もっと見る
Feature.Friends.Action.ViewPlatformProfile,ゲーマーカードを表示
Feature.Friends.Button.AddViaLink,リンクから追加
Feature.Friends.Button.GotIt,
Feature.Friends.Description.ContactsModal,あなたの連絡先の中にRobloxを使っている人がいます！アバターとプロフィールを見るには、友達になりましょう。 「友達を追加」ページに移動して、知り合いをさらに探せます。
Feature.Friends.Description.DoMoreWithTrustedConnections,信頼するつながりを活用して、Robloxでさらに楽しみましょう。知り合いの信頼する人だけを追加してください。
Feature.Friends.Description.DoMoreWithTrustedFriends,信頼する友達と一緒に、Robloxでさらに楽しみましょう。知り合いの信頼する人だけを追加してください。
Feature.Friends.Description.FoundFromContactImporter,連絡先インポート機能から送信
Feature.Friends.Description.FromContacts,連絡先から
Feature.Friends.Description.FromContactsV2,連絡先にある {contactName} さん
Feature.Friends.Description.FromQrCode,QRコードから
Feature.Friends.Description.NoMutualFriends,共通の友達はいません
Feature.Friends.Description.NotAFriend,友達ではありません
Feature.Friends.Description.TrustedConnectionExpiredLink,つながりに再度リンクを送信してもらい、30日以内にそのリンクをクリックしてください。
Feature.Friends.Description.TrustedConnectionsUnavailable,お住まいの地域では、信頼するつながり機能はまだ利用できません。
Feature.Friends.Description.TrustedFriendsExpiredLink,友達に再度リンクを送信してもらい、30日以内にそのリンクをクリックしてください。
Feature.Friends.Description.TrustedFriendsInvalidLink,正しいアカウントでログインしていることを確認してから、もう一度お試しください。
Feature.Friends.Description.TrustedFriendsRequestModalBody,信頼できる知り合いのみを追加してください。友達はプロフィールからいつでも管理できます。
Feature.Friends.Description.TrustedFriendsUnavailable,お住まいの地域では、信頼する友達機能はまだ利用できません。
Feature.Friends.Description.YouCanDoMoreWithTrustedFriends,「信頼できる友達」となら、Robloxをもっと楽しめます。この「友達」は、相手のプロフィールからいつでも管理できます。
Feature.Friends.Error.AlreadyFriendError,このユーザーはすでに友達になっています。
Feature.Friends.Error.DefaultFriendingError,リクエストを送信できません。後でもう一度お試しください。
Feature.Friends.Error.InvalidNicknameError,このユーザーのニックネームが無効です。
Feature.Friends.Error.InvalidTargetUserError,このユーザーは、無効であるか存在しません。
Feature.Friends.Error.MaxFriendsError,友達の数が上限に達しました。
Feature.Friends.Error.ParentalControlUnblockError,保護者がこのユーザーをブロックしました。設定でこのユーザーのブロックを解除するには保護者にお願いしてください。
Feature.Friends.Error.TargetAlreadyBlockedError,このユーザーはすでにブロックされています。
Feature.Friends.Error.UnauthorizedError,あなたにはこの操作を行う権限がありません.
Feature.Friends.Error.UnblockTargetBlockedOnPlatform,このユーザーは別のプラットフォームでブロックされています。
Feature.Friends.Error.UnblockTargetNotBlockedError,このユーザーはブロックされていません。何もする必要はありません。
Feature.Friends.Error.UserBannedError,あなたがこの操作をすることは禁止されています。
Feature.Friends.Error.UserBlockedError,ブロックされているため、あなたがこの操作をすることはできません。
Feature.Friends.Error.UserNotPassedCaptcha,Captcha 認証をクリアしていません。
Feature.Friends.Feature.Friends.Heading.AddFriends,
Feature.Friends.FriendingTooltipBody,電話番号であなたを見つけたユーザーからの友達リクエストがあるかもしれません。友達になる前に、実際に相手を知っているかどうかを確認してください。
Feature.Friends.Heading.Activities,アクティビティ
Feature.Friends.Heading.FilterBy,並べ替え：
Feature.Friends.Heading.Friends,
Feature.Friends.Heading.MyConnections,自分の友達
Feature.Friends.Label.AddConnectionVPC,この信頼するつながりを追加するには、保護者の許可が必要です。
Feature.Friends.Label.AddConnectionsHint,人とつながるとRobloxがさらに楽しくなります！
Feature.Friends.Label.AddConnectionsHintBody,知り合いを追加するか、新しいつながりを見つけましょう
Feature.Friends.Label.AddFriendVPC,この信頼する友達を追加するには、保護者の許可が必要です。
Feature.Friends.Label.All,
Feature.Friends.Label.AllowContactsAccess,Robloxにいる友達とつながるには、連絡先へのアクセスを許可してください！
Feature.Friends.Label.Ask,
Feature.Friends.Label.AskYourParent,
Feature.Friends.Label.Cancel,
Feature.Friends.Label.ConnectWithFriends,友達とつながる
Feature.Friends.Label.ConnectedNumDays,友達歴：{num}日
Feature.Friends.Label.ConnectedNumMonths,友達歴：{num}か月
Feature.Friends.Label.ConnectedNumYears,友達歴：{num}年
Feature.Friends.Label.ConnectedOneDay,友達歴：1日
Feature.Friends.Label.ConnectedOneMonth,友達歴：1か月
Feature.Friends.Label.ConnectedOneYear,友達歴：1年
Feature.Friends.Label.ConnectionOwns,1人のつながりが所有
Feature.Friends.Label.ConnectionRecentlyPlayed,<b>1人のつながり</b>が最近プレイしました
Feature.Friends.Label.ConnectionRemoved,削除済みのつながり
Feature.Friends.Label.ConnectionRequest,
Feature.Friends.Label.ConnectionsCount,つながり ({connectionCount}人)
Feature.Friends.Label.ConnectionsOwn,{numberOfConnections} 人のつながりが所有
Feature.Friends.Label.ConnectionsPlayed,{numberOfConnections}件プレイ済み
Feature.Friends.Label.ConnectionsRecentlyPlayed,<b>{numberOfConnections}人のつながり</b>が最近プレイしました
Feature.Friends.Label.ContactsCaption,Roblox上で友達同士がお互いを見つけられるように、Robloxはあなたの連絡先を定期的に同期し、対象となるユーザーを保存します。これは、アカウント設定でいつでも変更できます。
Feature.Friends.Label.FAEEligibleBanner.Body,
Feature.Friends.Label.FewestInteractions,やりとりが少なかった友達
Feature.Friends.Label.FindFriendsHintBody,すでに知っている友達とつながったり、新しい友達を見つけたりしましょう。
Feature.Friends.Label.Followed,フォロー中
Feature.Friends.Label.Follower,フォロワー
Feature.Friends.Label.Followers,
Feature.Friends.Label.Following,
Feature.Friends.Label.FollowsYou,あなたをフォロー中
Feature.Friends.Label.Frequent,一緒に遊んだ人
Feature.Friends.Label.Friend,
Feature.Friends.Label.FriendInvite,Robloxで友達になるように招待しました。
Feature.Friends.Label.FriendOwns,友達1人が持っています
Feature.Friends.Label.FriendRecentlyPlayed,<b>友達1人が</b>最近プレイしました
Feature.Friends.Label.FriendRequest,
Feature.Friends.Label.FriendingTooltip,友達申請のヒント
Feature.Friends.Label.Friends,
Feature.Friends.Label.FriendsAreNowConnections,「友達」が「つながり」に変わりました！
Feature.Friends.Label.FriendsHintBold,プレイしよう！
Feature.Friends.Label.FriendsHintPlain,まずは友達を追加しましょう。
Feature.Friends.Label.FriendsOwn,{numberOfConnections}人の友達が持っています
Feature.Friends.Label.FriendsPlayed,{numberOfConnections}人がプレイ済み
Feature.Friends.Label.FriendsRecentlyPlayed,<b>{numberOfConnections}人の友達</b>が最近プレイしました
Feature.Friends.Label.InGame,
Feature.Friends.Label.IntroducingConnections,「つながり」のご紹介
Feature.Friends.Label.JoinedInYear,{year} 年に利用開始
Feature.Friends.Label.ManageFriendsList,友達リストを管理
Feature.Friends.Label.ManageFriendsListCaption,やりとりが少なかった友達を確認して、友達リストを最新の状態にしておきましょう。
Feature.Friends.Label.MultipleMutuals,共通のつながり{numConnections}人
Feature.Friends.Label.MutualConnection,共通のつながり 1人
Feature.Friends.Label.MutualConnectionTitle,共通のつながり1人
Feature.Friends.Label.MutualConnections,共通のつながり {numConnections} 人
Feature.Friends.Label.MutualConnectionsTitle,
Feature.Friends.Label.MutualFriendTitle,共通の友達1人
Feature.Friends.Label.MutualFriends,共通の友達
Feature.Friends.Label.MutualFriendsTitle,共通の友達{numConnections}人
Feature.Friends.Label.MyProfile,
Feature.Friends.Label.NewConnection,新しいつながり
Feature.Friends.Label.NewFriend,新しい友達
Feature.Friends.Label.NewFriendRequestsMax,{maxRequestsCount} 件以上
Feature.Friends.Label.NoFriendsYet,{name}さんにはまだ友達がいません。
Feature.Friends.Label.NowTrusted,{username}さんが信頼する友達になりました
Feature.Friends.Label.OneMutual,
Feature.Friends.Label.PYMK,知り合いかも
Feature.Friends.Label.Pending,
Feature.Friends.Label.PlayedByUser,<b>{name}</b>さんがプレイ済み
Feature.Friends.Label.PlayedByUserAndOneOther,<b>{name}</b>さんとその他<b>1人のつながり</b>がプレイしました
Feature.Friends.Label.PlayedByUserAndOneOther.FriendsRename,<b>{name}</b>さんと<b>その他1人の友達</b>がプレイ
Feature.Friends.Label.PlayedByUserAndOthers,<b>{name}</b>さんとその他<b>{numOfOthers}人のつながり</b>がプレイしました
Feature.Friends.Label.PlayedByUserAndOthers.FriendsRename,<b>{name}</b>さんとその他<b>{numOfOthers}人の友達がプレイ</b>
Feature.Friends.Label.RenameInfoText,Robloxで「友達」が「つながり」に変わりました。知り合いを 「つながり」（つながっている人）に追加して、オンライン状況の閲覧やパーティ結成機能を使って一緒にプレイしましょう。<br /><br />現在、年齢チェック済みの13歳以上のユーザーは、対象となるつながりと広範囲対応チャット機能を使用できるようになりました。その他にも新機能が近日公開される予定です！
Feature.Friends.Label.Request,リクエスト
Feature.Friends.Label.SearchFriends,
Feature.Friends.Label.SearchPeople,
Feature.Friends.Label.SentFromWithContext,{gameName} から送信されました
Feature.Friends.Label.SingularMutualFriend,
Feature.Friends.Label.Suggested,
Feature.Friends.Label.Unfollowed,フォローをやめました
Feature.Friends.Label.UnlockVoice,ボイスチャットを使用
Feature.Friends.Label.YouAreFollowing,
Feature.Friends.Label.YourLinkedParent,紐づけられた保護者
Feature.Friends.LinkText.LearnMore,
Feature.Friends.Message.DiscoverableSettings,あなたの電話番号を持っているRobloxユーザーへのおすすめ表示を希望しますか？
Feature.Friends.Message.EmptyState,連絡先が利用可能になったら、「友達を追加」で見つかります。
Feature.Friends.Message.FloodLimitExceededError,この動作の実行回数が多すぎます。1分ほど待ってからやり直してください。
Feature.Friends.Message.FriendAdded,
Feature.Friends.Message.NameFromContacts,Robloxを使用するときに、あなたの電話番号を持っているユーザーは自分のデバイスに保存されているあなたの名前を見ることができます。
Feature.Friends.Message.RevokedContacts,この機能を使用するには、デバイスのアプリ設定でRobloxにアクセスして、連絡先を有効にしてください。
Feature.Friends.Message.UploadContactsFailure,コンテンツのロード中に問題が発生しました。「友達を追加」のページから、後でもう一度お試しください。
Feature.Friends.Message.ViewAndConnectHint,つながりリクエストを表示して知っている人を追加しましょう
Feature.Friends.Message.ViewAndConnectTooltip,友達リクエストを表示して、すでに知っている友達と繋がる。
Feature.Friends.Mutual,共通
Feature.Friends.Mutuals,
Feature.Friends.OneMutualConnection,共通のつながりです
Feature.Friends.OneMutualFriend,さんは共通の友達です
Feature.Friends.OneOtherMutualConnection,他の共通のつながり
Feature.Friends.OneOtherMutualFriend,他の共通の友達
Feature.Friends.PluralMutualConnections,
Feature.Friends.PluralMutualFriends,は共通の友達です
Feature.Friends.PluralOtherMutualConnections,
Feature.Friends.PluralOtherMutualFriends,
Feature.Friends.Subtitle.ConnectionsEducation,つながり機能でプレイしたり、チャットしたりしやすくなりました。いつでもつながりを削除したり、ブロックしたり、規約違反の報告をしたりできます。
Feature.Friends.Subtitle.FriendsEducation,「つながり」機能でプレイしたり、チャットしたりしやすくなりました。いつでもつながりを解除したり、ブロックしたり、規約違反の報告をしたりできます。
Feature.Friends.TCEducation.Banner.Text,伏字フィルタ処理なしのチャットとパーティボイスなどの機能を使用できるようにするには、QRコードか連絡先で信頼できるつながりを追加してください。
Feature.Friends.TCEducation.Modal.TextIntro,知り合いと一緒にプレイするとRobloxがさらに楽しくなります。QRコードまたは連絡先を使って追加した年齢チェック済みのユーザーは、「信頼できるつながり」となり、次のような追加特典を利用できます: 
Feature.Friends.TCEducation.Modal.TextIntro.EighteenPlus,年齢チェック済みの18歳以上のユーザーとして、年齢チェック済みの18歳以上のつながり（つながっている人）と信頼できるつながりと一緒にできることがさらに充実します。
Feature.Friends.TCEducation.Modal.TextOutro,他のユーザーを「信頼できるつながり」として追加する新しい方法がもうすぐ利用可能になります。つながりの管理機能を使って、連絡できる人を設定・管理しましょう。
Feature.Friends.TCEducation.Modal.TextOutro.EighteenPlus,QRコードまたは連絡先を使用して、別の年齢チェック済みユーザーを追加すると、信頼できるつながりになります。その他のオプションは、近日公開されます。
Feature.Friends.TCEducation.Title,知り合いを追加しましょう
Feature.Friends.TCFeature.AndMore,その他の新機能も近日公開
Feature.Friends.TCFeature.ChatWithoutFilters,
Feature.Friends.TCFeature.PartyVoice,パーティボイス
Feature.Friends.TFEducation.Banner.Text,伏字フィルタ処理なしのチャットとパーティボイスなどの機能を使用できるようにするには、QRコードか連絡先リストで信頼する友達を追加してください。
Feature.Friends.TFEducation.Modal.TextIntro,知り合いと一緒にプレイしてRobloxをさらに楽しく。QRコードまたは連絡先リストで追加した年齢確認済みのユーザーは、「信頼する友達」となり、以下のような追加特典を利用できます：
Feature.Friends.TFEducation.Modal.TextIntro.EighteenPlus,18歳以上と確認されたユーザーは、同じく18歳以上と確認された友達や信頼する友達と、より多くの機能を利用できます。
Feature.Friends.TFEducation.Modal.TextOutro,他のユーザーを「信頼する友達」として追加する新機能を間もなく利用可能です。友達の管理機能を使って、連絡できる人を設定・管理しましょう。
Feature.Friends.TFEducation.Modal.TextOutro.EighteenPlus,QRコードまたは連絡先リストを使用して、別の年齢確認済みユーザーを追加すると、信頼する友達になれます。その他のオプションは、近日公開されます。
Feature.Friends.Text.IsPlaying,がプレイ中です
Feature.Friends.Text.NoConnections,つながりをまだ追加していません。始めるにはつながりたい人を見つけて追加しましょう
Feature.Friends.Text.NoFriends,
Feature.Friends.Title.TrustedFriendsExpiredLink,リンクが期限切れです
Feature.Friends.Title.TrustedFriendsInvalidLink,リンクが無効です
Feature.Friends.TrustedConnection.AcceptTrustedRequest,信頼できるつながりを承認
Feature.Friends.TrustedConnection.Action.RemoveTrustedConnection,信頼できるつながりを削除
Feature.Friends.TrustedConnection.Label.AddTrustedConnection,信頼できるつながりを追加
Feature.Friends.TrustedConnection.Label.Trusted,信頼する
Feature.Friends.TrustedConnection.Toast.TrustedConnectionRemoved,信頼できるつながりが削除されました
Feature.Friends.TrustedFriend.AcceptTrustedRequest,信頼する友達を承認
Feature.Friends.TrustedFriend.Action.RemoveTrustedFriend,信頼する友達を削除
Feature.Friends.TrustedFriend.AddBack.Header,信頼する友達リクエスト
Feature.Friends.TrustedFriend.Info.Modal.Header,新しい信頼する友達
Feature.Friends.TrustedFriend.Label.AddTrustedFriend,信頼する友達を追加
Feature.Friends.TrustedFriend.Label.AddTrustedFriends,「信頼できる友達」を追加
Feature.Friends.TrustedFriend.Label.AddTrustedFriendsAltCapitalization,信頼できる友達に追加
Feature.Friends.TrustedFriend.Toast.IsATrustedFriendNow,{name}さんが信頼する友達になりました
Feature.Friends.TrustedFriend.Toast.TrustedFriendRemoved,信頼する友達が削除されました
Feature.Friends.TrustedFriend.Toast.TrustedFriendRequestSent,信頼する友達リクエストが送信されました
Feature.FriendsActivityFeed.Label.ScreenTitleNoUsername,最近のアクティビティ
Feature.FriendsActivityFeed.Label.ScreenTitleWithUsername,{username}さんの最近のアクティビティ
Feature.FriendsActivityFeed.Label.ViewRecentActivity,最近のアクティビティを表示
Feature.FriendsActivityFeed.Timestamp.DaysAbbreviatedPlural,
Feature.FriendsActivityFeed.Timestamp.HoursAbbreviatedPlural,
Feature.FriendsActivityFeed.Timestamp.MinutesAbbreviatedPlural,
Feature.FriendsActivityFeed.Timestamp.Now,
Feature.FriendsActivityFeed.Timestamp.OneDayAbbreviated,
Feature.FriendsActivityFeed.Timestamp.OneHourAbbreviated,
Feature.FriendsActivityFeed.Timestamp.OneMinuteAbbreviated,
Feature.FriendsActivityFeed.Timestamp.OneWeekAbbreviated,
Feature.FriendsActivityFeed.Timestamp.WeeksAbbreviatedPlural,
Feature.FriendsMenu.Label.SearchForConnections,
Feature.FriendsMenu.Label.SelectedConnectionsCount,選択済みのつながり {denominator} 人中 {numerator} 人
Feature.FriendsMenu.Label.SelectedConnectionsCountNoLimit,{selectedCount} 人のつながりを選択済み
Feature.FriendsMenu.Label.SelectedFriendsCount,選択済みの友達（ {numerator}/{denominator} ）
Feature.FriendsMenu.Label.SelectedFriendsCountNoLimit,選択済みの友達（{selectedCount}人）
Feature.GameDetails.Action.BuyRobux,
Feature.GameDetails.Action.Continue,
Feature.GameDetails.Action.CopyLink,
Feature.GameDetails.Action.CreatePrivateGame,プライベートサーバーを作成
Feature.GameDetails.Action.GameDetails,
Feature.GameDetails.Action.GiveFeedback,フィードバックを送信
Feature.GameDetails.Action.InviteFriends,
Feature.GameDetails.Action.JoinFriendsInGame,友達に参加
Feature.GameDetails.Action.NotInterested,興味なし
Feature.GameDetails.Action.PauseVideo,ビデオを一時停止
Feature.GameDetails.Action.PlayVideo,ビデオを再生
Feature.GameDetails.Action.Refund,返金をリクエスト
Feature.GameDetails.Action.Report,
Feature.GameDetails.Action.ReportAd,広告の規約違反を報告
Feature.GameDetails.Action.Undo,
Feature.GameDetails.Action.Unlock,アンロック
Feature.GameDetails.Action.WhyThisAd,この広告が表示される理由
Feature.GameDetails.Heading.FeaturedSongs,{experienceName} で上位の曲
Feature.GameDetails.Heading.Media,メディア
Feature.GameDetails.Heading.PurchaseGame,このバーチャル空間をロック解除
Feature.GameDetails.Heading.Recommended,
Feature.GameDetails.Label.Age,
Feature.GameDetails.Label.By,作: 
Feature.GameDetails.Label.Camera,カメラ
Feature.GameDetails.Label.ChatFeatures,チャット機能
Feature.GameDetails.Label.Community,
Feature.GameDetails.Label.ContainsStrongLanguagePillWarning,強烈な表現が含まれます
Feature.GameDetails.Label.ContentMaturity,
Feature.GameDetails.Label.Created,作成日
Feature.GameDetails.Label.Developer,開発者
Feature.GameDetails.Label.DontLikeGame,このゲームは好きではない
Feature.GameDetails.Label.DontLikeImage,この画像は好きではない
Feature.GameDetails.Label.Follow,フォロー
Feature.GameDetails.Label.FriendsSeparator,", "
Feature.GameDetails.Label.Genre,ジャンル
Feature.GameDetails.Label.GenreAdventure,アドベンチャー
Feature.GameDetails.Label.GenreAll,
Feature.GameDetails.Label.GenreBuilding,建築
Feature.GameDetails.Label.GenreComedy,コメディ
Feature.GameDetails.Label.GenreFPS,FPS
Feature.GameDetails.Label.GenreFighting,格闘
Feature.GameDetails.Label.GenreInProgress,現在、このバーチャル空間にRobloxが割り当てたジャンルを表示しています。ジャンルシステムをリニューアル中なのでお楽しみに。
Feature.GameDetails.Label.GenreMedieval,中世
Feature.GameDetails.Label.GenreMilitary,ミリタリー
Feature.GameDetails.Label.GenreNaval,海軍
Feature.GameDetails.Label.GenreRPG,RPG
Feature.GameDetails.Label.GenreSciFi,SF
Feature.GameDetails.Label.GenreUnderConstruction,バーチャル空間のジャンルは現在、作成中のためご利用できません。ジャンルシステムのデザインを改良中ですので今後をお楽しみに。
Feature.GameDetails.Label.GenreWestern,ウエスタン
Feature.GameDetails.Label.Group,
Feature.GameDetails.Label.InappropriateContent,不適切なコンテンツ
Feature.GameDetails.Label.LabelGenreHorror,ホラー
Feature.GameDetails.Label.LabelGenreSports,スポーツ
Feature.GameDetails.Label.LabelGenreTownAndCity,都市開発
Feature.GameDetails.Label.LearnMore,
Feature.GameDetails.Label.LowercaseNumberPlaying,{numActivePlayers}人がアクティブ
Feature.GameDetails.Label.Maturity,成熟度
Feature.GameDetails.Label.MaxPlayers,サーバーのサイズ
Feature.GameDetails.Label.Microphone,マイク
Feature.GameDetails.Label.NineAndOver,9歳以上
Feature.GameDetails.Label.No,いいえ
Feature.GameDetails.Label.None,
Feature.GameDetails.Label.NotSupported,未対応
Feature.GameDetails.Label.PassesAndGear,パスとギア
Feature.GameDetails.Label.Playing,
Feature.GameDetails.Label.ProvideFeedbackTitle,ご意見・ご感想を送信
Feature.GameDetails.Label.Rating,好評価
Feature.GameDetails.Label.ReportAbuse,
Feature.GameDetails.Label.Servers,サーバー
Feature.GameDetails.Label.SomethingElse,
Feature.GameDetails.Label.Store,
Feature.GameDetails.Label.Subgenre,サブジャンル
Feature.GameDetails.Label.Supported,使用可能
Feature.GameDetails.Label.TellUsMorePlaceholder,詳細を教えてください
Feature.GameDetails.Label.TooRepetitive,繰り返しが多すぎる
Feature.GameDetails.Label.Unavailable,
Feature.GameDetails.Label.Updated,更新済み
Feature.GameDetails.Label.Upvoted,「いいね」済み
Feature.GameDetails.Label.Visits,
Feature.GameDetails.Label.VoiceChat,
Feature.GameDetails.Label.VoiceEnabled,ボイス有効化済み
Feature.GameDetails.Label.Votes,{votes} 票
Feature.GameDetails.Label.WhyThisAd,
Feature.GameDetails.Label.Yes,
Feature.GameDetails.Message.AdPreferences,広告設定
Feature.GameDetails.Message.AnonymousFeedbackTermsOfUse,回答は匿名で共有され、 {underlineStart}Roblox利用規約{underlineEnd} に基づいてフィードバック（ご意見・ご感想）とみなされます。
Feature.GameDetails.Message.BuyMoreRobuxToPurchaseGameV2,{gameName} へのアクセスをアンロックするには、あと {shortfallPrice} のRobuxが必要です。Robuxを買い足しますか？
Feature.GameDetails.Message.ExternalLinkWarning,「続ける」をクリックすると、Robloxが所有・管理していないウェブサイトに移動します。独自の異なる規約やプライバシーポリシーが適用される場合があります。
Feature.GameDetails.Message.HelpImproveExperience,ユーザー体験向上にご協力ください
Feature.GameDetails.Message.HidingExperienceQuestion,このバーチャル空間を非表示にしている理由は何ですか？
Feature.GameDetails.Message.LeavingRobloxTitle,Robloxではないサイトに移動中
Feature.GameDetails.Message.PurchaseGame,{gameName}へのアクセスをR${X}でアンロックしますか？
Feature.GameDetails.Message.PurchaseGameV2,{gameName} へのアクセスを {X} Robux でアンロックしますか？
Feature.GameDetails.Message.SponsoredDisclosure.Error,一時的なエラーのため、スポンサー情報を表示できませんでした。
Feature.GameDetails.Message.SponsoredDisclosure.O18NonPersonalizedNoLink,表示されているスポンサーコンテンツは、デバイス情報、位置情報、年齢などの個人を特定しない情報に基づいて、適切なコンテンツを提供しています。このバーチャル空間を提供するのは{CreatorName}で、{PayerName}がスポンサー費用を負担しています。詳細については、アカウントの設定にある「プライバシーとコンテンツ成熟度」ページをご覧ください。
Feature.GameDetails.Message.SponsoredDisclosure.O18PersonalizedNoLink,表示されているスポンサーコンテンツは、位置情報、デバイス情報、年齢、プラットフォーム上の行動などのさまざまな要素に基づいて、関連するコンテンツを提供しています。このバーチャル空間を提供するのは{CreatorName}で、{PayerName}がスポンサー費用を負担しています。詳細については、アカウントの設定にある「プライバシーとコンテンツ成熟度」ページをご覧ください。
Feature.GameDetails.Message.SponsoredDisclosure.U18,デバイス情報、位置、年齢などの非個人化要素に基づいて、適切なコンテンツを提供するために、このスポンサーコンテンツが表示されます。このバーチャル空間のクリエーターは{CreatorName}で、{PayerName}がスポンサー費用を負担しています。
Feature.GameDetails.Message.SponsoredDisclosureNoUniverse.O18NonPersonalNoLink,このスポンサーコンテンツは、適切なコンテンツを提供するため、デバイス情報、位置情報、年齢などの個人を特定しない情報に基づいて表示されています。{PayerName}がスポンサー費用を負担しています。詳細については、アカウントの設定にある「プライバシーとコンテンツ成熟度」ページをご覧ください。
Feature.GameDetails.Message.SponsoredDisclosureNoUniverse.O18PersonalizedNoLink,このスポンサーコンテンツは、関連するコンテンツを提供するため、位置情報、デバイス情報、年齢、プラットフォーム上の行動などのさまざまな要素に基づいて表示されています。{PayerName}がスポンサー費用を負担しています。詳細については、アカウントの設定にある「プライバシーとコンテンツ成熟度」ページをご覧ください。
Feature.GameDetails.Message.SponsoredDisclosureNoUniverse.U18,このスポンサーコンテンツは、適切なコンテンツを提供するため、デバイス情報、位置情報、年齢などの個人を特定しない情報に基づいて表示されています。{PayerName}がスポンサー費用を負担しています。
Feature.GameDetails.Message.SuggestLessOften,この作品のおすすめを減らします
Feature.GameDetails.RatingPercentOnly,評価 {percentRating}%
Feature.GameDetails.Toast.LinkCopied,
Feature.GameFollows.LabelNotifications,
Feature.GameFollows.TooltipFollowLimitReached,上限に到達しました。ほかのバーチャル空間へのフォロー解除をしてこちらをフォローしてください。
Feature.GameFollows.TooltipNotificationsButtonDescription,アクティビティを見逃さないように通知をオンにする
Feature.GameFollows.TooltipNotificationsLimitReached,制限に達しました。まず、他のバーチャル空間の通知をオフにしてください。
Feature.GameFollows.TooltipTurnedOffNotifications,{experienceName} の通知をオフにしました
Feature.GameFollows.TooltipTurnedOnNotifications,{experienceName} の通知を有効にしました
Feature.GamePage.Action.BackToTop,トップに戻る
Feature.GamePage.Label.Ad,
Feature.GamePage.Label.Sponsored,スポンサー広告
Feature.GamePage.Label.SponsoredDisclosure,スポンサー広告アイテムは、クリエーターによって支払われています。EU圏のユーザーには、お持ちのデバイスの種類やご利用の地域、ユーザーのみなさんの属性データ全般に関する一般的な情報に基づいて表示されるかもしれません。EU圏以外では、その他の追加情報に基づいて広告が表示されるかもしれません。
Feature.GamePage.LabelCancelField,
Feature.GamePage.LabelNoSearchResults,結果が見つかりませんでした
Feature.GamePage.LabelSearchInsteadForPlayersNamed,以下の人の名前でサーチ：
Feature.GamePage.LabelShowingResultsFor,以下の結果を表示中:
Feature.GamePage.QuickLaunch.LaunchError.ContextualPlayabilityUnverifiedSeventeenPlusUser,このバーチャル空間は、年齢確認の状態によって利用できません。
Feature.GamePage.QuickLaunch.LaunchError.GuestProhibited,ゲストはこのバーチャル空間に参加できません。
Feature.GamePage.QuickLaunch.LaunchError.PurchaseRequired,このバーチャル空間に行くには購入が必要です。
Feature.GamePage.QuickLaunch.LaunchError.RequestFailed,ネットワークのリクエストが失敗しました。
Feature.GamePage.QuickLaunch.LaunchError.TemporarilyUnavailable,現在、このバーチャル空間は訪問できません。
Feature.GamePass.Heading.PassesForThisGame,パス
Feature.GamepadDisconnect.Label.Message,"ユーザーの ""%s"" のコントローラーへの接続が切断されました。接続したいコントローラーで '%s' を押してください。"
Feature.GamepadDisconnect.Label.MessageGeneric,"ユーザー ""%s"" のためのコントローラーへの接続が切断されました。コントローラーを再接続してください。"
Feature.GamepadDisconnect.Label.Title,コントローラーが見つかりません
Feature.Groups.Action.Cancel,
Feature.Groups.Action.CancelRequest,リクエストをキャンセル
Feature.Groups.Action.Close,閉鎖する
Feature.Groups.Action.Continue,
Feature.Groups.Action.CreateGroup,コミュニティを作成
Feature.Groups.Action.Follow,
Feature.Groups.Action.JoinGroup,コミュニティに参加
Feature.Groups.Action.LeaveGroup,コミュニティを脱退
Feature.Groups.Action.MakePrimary,メインコミュニティに設定
Feature.Groups.Action.More,
Feature.Groups.Action.NotNow,
Feature.Groups.Action.RemovePrimary,メインコミュニティを削除
Feature.Groups.Action.SeeAll,
Feature.Groups.Action.Unfollow,フォロー解除
Feature.Groups.Action.ViewGroup,コミュニティを表示
Feature.Groups.Description.JoinGroupPending,参加リクエストはコミュニティによる審査待ちです。
Feature.Groups.Description.NotEligibleToJoin,ご利用のアカウントでは、このコミュニティに参加できません。
Feature.Groups.Description.PremiumMaxGroups,あなたが参加したコミュニティ数が上限に達しています。
Feature.Groups.Description.RequiresAccountTenureTooltipOneDay,このコミュニティに参加するには、1日前にアカウントを作成する必要があります。
Feature.Groups.Description.RequiresAccountTenureTooltipOneMonth,このコミュニティに参加するには、30日前にアカウントを作成する必要があります。
Feature.Groups.Description.RequiresAccountTenureTooltipOneWeek,このコミュニティに参加するには、7日前にアカウントを作成する必要があります。
Feature.Groups.Description.RequiresAccountTenureTooltipThreeDays,このコミュニティに参加するには、3日前にアカウントを作成する必要があります。
Feature.Groups.Description.RequiresAccountTenureTooltipThreeMonths,このコミュニティに参加するには、90日前にアカウントを作成する必要があります。
Feature.Groups.Heading.Community,
Feature.Groups.Heading.Followers,
Feature.Groups.Heading.Groups,
Feature.Groups.Heading.Members,
Feature.Groups.Heading.MyGroups,マイコミュニティ
Feature.Groups.Heading.Primary,メイン
Feature.Groups.Heading.SocialLinksNew,SNSリンク
Feature.Groups.Heading.SocialMedia,ソーシャルメディア
Feature.Groups.Heading.VerificationRequired,アカウント認証が必要です
Feature.Groups.Heading.Videos,
Feature.Groups.Label.ByOwnerWithFormat,所有者: {ownerName}
Feature.Groups.Label.Follower,
Feature.Groups.Label.FollowerCapital,
Feature.Groups.Label.FollowerCapitalPlural,
Feature.Groups.Label.FollowerPlural,
Feature.Groups.Label.GroupClosed,コミュニティは閉鎖されました
Feature.Groups.Label.GroupLocked,このコミュニティはロックされています
Feature.Groups.Label.Member,
Feature.Groups.Label.MemberCapitalPlural,
Feature.Groups.Label.MemberLowerCase,
Feature.Groups.Label.MemberLowerCasePlural,
Feature.Groups.Label.Owned,所有中
Feature.Groups.Label.PreviousNames,古いコミュニティ名
Feature.Groups.Label.SearchMyGroups,マイコミュニティをサーチ
Feature.Groups.Message.BannedFromGroup,あなたはこのコミュニティから追放されました。
Feature.Groups.Message.GroupClosed,閉鎖済みのコミュニティには参加できません。
Feature.Groups.Message.LoadGroupListError,コミュニティリストを読み込めません。
Feature.Groups.Message.NoGroupsFound,コミュニティが見つかりません。
Feature.Groups.Message.NotInAnyGroups,まだコミュニティのメンバーになっていません。
Feature.Groups.Message.PinLocked,この動作は、ロック済みの暗証番号では実行できません。アカウント設定ページでPINをアンロックしてください。
Feature.Groups.Modal.ContentTextHigh,"このコミュニティに参加するには、アカウント認証をしてください。

1. [アカウント情報] に移動 > [年齢を確認]
2. 認証（確認）プロセスを完了してください"
Feature.Groups.Modal.ContentTextLow,"このコミュニティに参加するには、アカウント認証をしてください。

1. [アカウント情報] に移動
2. 認証オプションを選択
    - [電話番号を追加] 
    - [メールアドレスを追加]
    - [年齢を確認]
3. 認証（確認）プロセスを完了してください"
Feature.Groups.Modal.ContentTextMedium,"このコミュニティに参加するには、アカウント認証をしてください。

1. [アカウント情報] に移動
2. 認証方法を選択
    - [電話番号を追加] と [メールアドレスを追加]
    - [年齢を確認]
3. 認証（確認）プロセスを完了してください"
Feature.Groups.Notification.FailedToFollow,プロフィールをフォローできませんでした。後でもう一度お試しください。
Feature.Groups.Notification.FailedToJoin,コミュニティに参加できませんでした。後でもう一度お試しください。
Feature.Groups.Notification.FailedToLoad,コミュニティを読み込めませんでした。後でもう一度お試しください。
Feature.Groups.Notification.Following,{groupName}をフォローしています。
Feature.Groups.Notification.GroupDoesNotExist,コミュニティが存在しません。
Feature.Groups.Notification.GroupModerated,このコミュニティは現在、内容審査中です。
Feature.Groups.Notification.JoinRequestPending,{groupName}への参加をリクエストしました。
Feature.Groups.Notification.Joined,{groupName}に参加しました。
Feature.Groups.Title.AlreadyFollowing,すでに{groupName}をフォローしています
Feature.Groups.Title.AlreadyMember,すでに{groupName}のメンバーです
Feature.Groups.Title.Follow,{groupName}をフォロー
Feature.Groups.Title.Join,{groupName}に参加
Feature.Groups.Title.RequestedToJoin,すでに{groupName}への参加をリクエストしています
Feature.Groups.Title.UnableToJoin,{groupName}に参加できません
Feature.Home.ActionSeeAll,
Feature.Home.AddProviderFriendHintTitle,ここを押して {provider} の友達を追加！
Feature.Home.Button.Join,一緒に参加
Feature.Home.ClientCacheFallbackBanner.Action.Refresh,
Feature.Home.ClientCacheFallbackBanner.Label.Error,
Feature.Home.ClientCacheFallbackBanner.Label.ErrorRefreshingToastTitle,
Feature.Home.ClientCacheFallbackBanner.Label.RefreshPageToLoadContents,コンテンツを読み込むにはページを更新してください
Feature.Home.Experiment.Reminders.BodyPositiveVariant,みなさんにとってRobloxを安全で楽しい場所にするように心がけましょう。公正を心がけて他のプレイヤーに思いやりを持って接しましょう。
Feature.Home.Experiment.Reminders.BodyShared,最近、お使いのアカウントで {policy_violation} に関するRobloxのルールへの違反がありました。
Feature.Home.Experiment.Reminders.BodyWarningVariant,コミュニティ基準にあるルールを守りましょう。守れない場合は、アカウントに警告が出されるか使用の一時停止処分が下されます。
Feature.Home.Experiment.Reminders.Button,了解しました。
Feature.Home.Experiment.Reminders.Title,当社のコミュニティガイドラインを守りましょう
Feature.Home.Experiment.Reminders.ViolationAdvertising,禁止された広告慣行とコンテンツ
Feature.Home.Experiment.Reminders.ViolationAskingForPII,個人情報の共有
Feature.Home.Experiment.Reminders.ViolationBullyingAndHarassment,いじめと嫌がらせ
Feature.Home.Experiment.Reminders.ViolationCheatingAndExploiting,
Feature.Home.Experiment.Reminders.ViolationContestsAndSweepstakes,違法・規制された商品と活動
Feature.Home.Experiment.Reminders.ViolationDirectingUsersOffPlatform,プラットフォーム外へのユーザー誘導。
Feature.Home.Experiment.Reminders.ViolationDiscriminationAndHate,差別とヘイト
Feature.Home.Experiment.Reminders.ViolationDisruptiveAudio,Robloxシステムの悪用
Feature.Home.Experiment.Reminders.ViolationDmca,知的財産権侵害
Feature.Home.Experiment.Reminders.ViolationEncouragingDangerousBehavior,自殺、自傷行為、有害行為
Feature.Home.Experiment.Reminders.ViolationExtortionAndBlackmail,脅迫、いじめ、嫌がらせ
Feature.Home.Experiment.Reminders.ViolationIllegalAndRegulatedGoodsAndActivities,
Feature.Home.Experiment.Reminders.ViolationIpViolation,
Feature.Home.Experiment.Reminders.ViolationIrlDangerousActivities,自殺、自傷行為、有害行為。
Feature.Home.Experiment.Reminders.ViolationMisleadingImpersonationMisrepresentation,
Feature.Home.Experiment.Reminders.ViolationMisusingRobloxSystems,
Feature.Home.Experiment.Reminders.ViolationOffPlatformSpeechAndBehavior,プラットフォーム外での有害な言動
Feature.Home.Experiment.Reminders.ViolationPoliticalContent,政治的な内容
Feature.Home.Experiment.Reminders.ViolationPoliticalContent.V2,政治的な人物と政治関連団体
Feature.Home.Experiment.Reminders.ViolationProfanity,暴言
Feature.Home.Experiment.Reminders.ViolationRealWorldTragedy,現実世界のデリケートな事象
Feature.Home.Experiment.Reminders.ViolationRobloxEconomy,Robloxの経済活動での違反
Feature.Home.Experiment.Reminders.ViolationRomanticContent,恋愛関係にまつわる内容
Feature.Home.Experiment.Reminders.ViolationScams,詐欺
Feature.Home.Experiment.Reminders.ViolationSexualContent,性的な内容
Feature.Home.Experiment.Reminders.ViolationSharingYourOwnPii,
Feature.Home.Experiment.Reminders.ViolationSpam,スパム
Feature.Home.Experiment.Reminders.ViolationTerrorismExtremism,テロと暴力的過激主義
Feature.Home.Experiment.Reminders.ViolationThreatsOrAbuseOfRobloxEmployeesOrAffiliates,脅迫、いじめ、ハラスメント
Feature.Home.Experiment.Reminders.ViolationTrademark,
Feature.Home.Experiment.Reminders.ViolationViolentContentAndGore,暴力的なコンテンツと流血描写
Feature.Home.Experiment.Reminders.ViolationVirtualCasino,バーチャルカジノ
Feature.Home.Experiment.TextFilterEducation.General.Body.Pii.Modified,チャットが利用停止にならないよう、個人情報は送信しないでください。
Feature.Home.Experiment.TextFilterEducation.General.Body.Pii.Warning,一部のメッセージを変更またはブロックしました。個人情報は送信しないでください。
Feature.Home.Experiment.TextFilterEducation.General.Body.Respect.Modified,チャットが利用停止にならないよう、メッセージでは常に相手を尊重してください。
Feature.Home.Experiment.TextFilterEducation.General.Body.Respect.Warning,一部のメッセージを変更またはブロックしました。今後は相手を尊重したメッセージを送信してください。
Feature.Home.Experiment.TextFilterEducation.General.Body.Romance.Modified,チャットが利用停止にならないよう、恋愛や交際に関するメッセージは避けてください。
Feature.Home.Experiment.TextFilterEducation.General.Body.Romance.Warning,一部のメッセージを変更またはブロックしました。恋愛や交際に関するメッセージは送信しないでください。
Feature.Home.Experiment.TextFilterEducation.General.Body.Spam.Modified,チャットが利用停止にならないよう、同じメッセージは1回だけ送信してください。
Feature.Home.Experiment.TextFilterEducation.General.Body.Spam.Warning,一部のメッセージを変更またはブロックしました。同じメッセージは1回だけ送信してください。
Feature.Home.Experiment.TextFilterEducation.General.Title.Warning,まもなくチャットが利用停止になる可能性があります
Feature.Home.Experiment.TextFilterEducation.Kids.Body.Pii,名前や学校名、住んでいる場所は他の人に伝えないでください。
Feature.Home.Experiment.TextFilterEducation.Kids.Body.Respect,いつも思いやりのある言葉を使いましょう。
Feature.Home.Experiment.TextFilterEducation.Kids.Body.Spam,同じメッセージは1回だけ送信しましょう。
Feature.Home.Experiment.TextFilterEducation.Kids.Title.Modified,一部のメッセージを変更またはブロックしました
Feature.Home.Experiment.TextFilterEducation.Kids.Title.Warning,チャットが利用停止になる可能性があります
Feature.Home.Heading.JoinYourFriends,友達と一緒に参加
Feature.Home.HeadingFriends,友達（{friendCount} 人）
Feature.Home.Label.HappeningNow,開催中
Feature.Home.PeopleList.ChatWith,{username} さんとチャット
Feature.Home.Robux,
Feature.InAppBugReporting.Message.AppVersion,ビルド: {value}
Feature.InAppBugReporting.Message.CommentEmptyError,詳細は空欄にできません。
Feature.InAppBugReporting.Message.CommentLabel,チケットの詳細
Feature.InAppBugReporting.Message.CommentPlaceholder,問題の再現に役立つ詳細を入力してください。
Feature.InAppBugReporting.Message.CommentTooShortError,詳細は少なくとも {minLength} 文字以上でなければなりません
Feature.InAppBugReporting.Message.DeviceName,デバイス: {value}
Feature.InAppBugReporting.Message.MinCharacterCount,最低 {currentCount}/{minCount} 文字
Feature.InAppBugReporting.Message.Screen,画面: {value}
Feature.InAppBugReporting.Message.ScreenshotAnnotation,添付スクリーンショット
Feature.InAppBugReporting.Message.SystemVersion,OS: {value}
Feature.InAppBugReporting.Message.Title,
Feature.InAppBugReporting.Message.ToastFailure,フィードバックを送信できませんでした
Feature.InAppBugReporting.Message.ToastSuccess,フィードバックの送信完了
Feature.InExperienceIntervention.Action.LetUsKnow,お知らせください
Feature.InExperienceIntervention.Action.Understand,了解しました
Feature.InExperienceIntervention.Description.BeRespectful,今後はルールを守り、思いやりを持って行動してください。
Feature.InExperienceIntervention.Description.CannotSend,{number} 分間、テキストチャットでメッセージを送信できなくなります。
Feature.InExperienceIntervention.Description.CannotSend1Day,テキストチャットで1日メッセージを送信できません。
Feature.InExperienceIntervention.Description.CannotSend1Hour,テキストチャットで1時間メッセージを送信できません。
Feature.InExperienceIntervention.Description.CannotSend1Min,1分間、テキストチャットでメッセージを送信できなくなります。
Feature.InExperienceIntervention.Description.CannotSendDays,テキストチャットで{number}日間メッセージを送信できません。
Feature.InExperienceIntervention.Description.CannotSendHours,テキストチャットで{number}時間メッセージを送信できません。
Feature.InExperienceIntervention.Description.CantUsePartyChat,現在、メッセージを送信できません。ルール違反をした場合、アカウントへにアクセスできなくなる場合があります。
Feature.InExperienceIntervention.Description.ChatDisabled,Robloxのコミュニティ基準への違反が繰り返しあったため、チャットのメッセージ送信機能を一時的に無効にしました。
Feature.InExperienceIntervention.Description.ChatIncludes,あなたのテキストチャットに含まれているもの:
Feature.InExperienceIntervention.Description.ChatSuspension.Day.Expired,{number}日間のチャット使用停止が解除されました。再び規則に違反した場合、アカウント停止になる可能性があります。
Feature.InExperienceIntervention.Description.ChatSuspension.Days,あなたのメッセージが規則に違反したため、あと{number}日間チャットを利用できません。再び規則に違反した場合、アカウント停止になる可能性があります。
Feature.InExperienceIntervention.Description.ChatSuspension.Hour.Expired,{number}時間のチャット使用停止が解除されました。再び規則に違反した場合、アカウント停止になる可能性があります。
Feature.InExperienceIntervention.Description.ChatSuspension.Hours,あなたのメッセージが規則に違反したため、あと{number}時間チャットを利用できません。再び規則に違反した場合、アカウント停止になる可能性があります。
Feature.InExperienceIntervention.Description.ChatSuspension.Minute.Expired,{number}分間のチャット使用停止が解除されました。再び規則に違反した場合、アカウント停止になる可能性があります。
Feature.InExperienceIntervention.Description.ChatSuspension.Minutes,あなたのメッセージが規則に違反したため、あと{number}分間チャットを利用できません。再び規則に違反した場合、アカウント停止になる可能性があります。
Feature.InExperienceIntervention.Description.Disclaimer,審査ミスがありましたか？ {startLink}お知らせください{endLink}
Feature.InExperienceIntervention.Description.FeedbackHelps,フィードバックは、当社のシステムの向上に役立ちます。
Feature.InExperienceIntervention.Description.LoseAccess,次に同じことが起きた場合、お持ちのアカウントにアクセスできなくなる可能性があります。
Feature.InExperienceIntervention.Description.MayLoseAccess,次にルール違反があった場合、お持ちのアカウントにアクセスできなくなる可能性があります。
Feature.InExperienceIntervention.Description.Mistake,審査ミスがありましたか？
Feature.InExperienceIntervention.Description.PartyChatMayBeSuspended,Roblox上では、個人情報の共有は許可されていません。再度、ルールを破るとチャットの使用が停止されることがあります。
Feature.InExperienceIntervention.Description.TextChatMayBeSuspended,再度ルールを破るとテキストチャットが使用停止になる場合があります。
Feature.InExperienceIntervention.Heading.CannotChat,{number} 分間チャットを送信できません
Feature.InExperienceIntervention.Heading.ChatBreaksRules,テキストチャットにルール違反があります
Feature.InExperienceIntervention.Heading.ChatSuspended,チャット使用が {number} 分間、停止されました
Feature.InExperienceIntervention.Heading.ChatSuspension.1Day,チャットが1日間使用停止されました
Feature.InExperienceIntervention.Heading.ChatSuspension.1Hour,チャットが1時間使用停止されました
Feature.InExperienceIntervention.Heading.ChatSuspension.1Minute,チャットが1分間使用停止されました
Feature.InExperienceIntervention.Heading.ChatSuspension.Expired,再びチャットを使用できます
Feature.InExperienceIntervention.Heading.ChatSuspension.MultiHour,チャットが{number}時間使用停止されました
Feature.InExperienceIntervention.Heading.ChatSuspension.MultiMinute,チャットが{number}分間使用停止されました
Feature.InExperienceIntervention.Heading.ChatSuspension.Plural,チャットが{number}日間使用停止されました
Feature.InExperienceIntervention.Heading.DontSharePersonalInformation,個人情報を共有しないでください
Feature.InExperienceIntervention.Heading.PartyChatSuspended,チャットが {remainingTime} 、使用停止されました
Feature.InExperienceIntervention.Heading.TakeALook,確認します
Feature.InExperienceIntervention.Heading.TextChatSuspension,チャットの利用停止
Feature.InExperienceIntervention.Label.Complete,
Feature.InExperienceIntervention.Label.EndsOn,終了日：
Feature.InExperienceIntervention.Label.Player,{username}: {evidence}
Feature.InExperienceIntervention.Label.TimeLeft.Day.Plural,
Feature.InExperienceIntervention.Label.TimeLeft.Day.Singular,
Feature.InExperienceIntervention.Label.TimeLeft.Hours,残り{time}
Feature.InExperienceShop.Label.EndTime,あと{timeRemaining}で終了
Feature.InExperienceShop.Label.Timer.Day.Plural,
Feature.InExperienceShop.Label.Timer.Day.Singular,
Feature.InExperienceShop.Label.Timer.Hour.Plural,
Feature.InExperienceShop.Label.Timer.Hour.Singular,
Feature.InExperienceShop.Label.Timer.Minute.Plural,
Feature.InExperienceShop.Label.Timer.Minute.Singular,
Feature.InExperienceShop.Label.Timer.Second.Plural,{number}秒
Feature.InExperienceShop.Label.Timer.Second.Singular,1秒
Feature.Item.Label.DeleteFromInventoryConfirmUndercaseDelete,このアイテムを持ち物から永久に削除しますか？もし気が変わった場合は、バーチャル空間で再び獲得する必要があります。
Feature.Item.Label.DeleteItemUndercase,アイテムを削除
Feature.Landing.Action.PlayNow,今すぐプレイ
Feature.Landing.Action.SignInWithRoblox,
Feature.Landing.Description.ContinuedTermsDisclaimer,続行すると、仲裁条項を含む当社の{startTermsTag}利用規約{endTermsTag}に同意し、当社の{startPrivacyTag}プライバシーポリシー{endPrivacyTag}を確認したものとみなされます。18歳未満の場合は、保護者がアカウントの作成を許可し、当社の利用規約に同意する必要があります。
Feature.Landing.Label.BrazilContentDescriptorInappropriateLanguage,不適切な表現
Feature.Landing.Label.BrazilContentDescriptorViolence,暴力
Feature.Landing.Label.BrazilContentRatingLogoTitle,推奨レーティング：12歳
Feature.Landing.Label.BrazilContentRatingLogoTitleSixteen,推奨レーティング：16歳
Feature.Landing.Label.BrazilInteractiveElementDescriptorInGamePurchases,ゲーム内購入（ランダムアイテムを含む）
Feature.Landing.Label.BrazilInteractiveElementDescriptorUsersInteract,ユーザーが交流・接触
Feature.Landing.Label.InvitedBy,招待者: {name}
Feature.LegallySensitiveContent.Action.FriendDiscovery.NotNow,
Feature.LegallySensitiveContent.Action.FriendDiscovery.TurnOn,オンにする
Feature.LegallySensitiveContent.Description.PhoneNumberDiscoverabilityUpsellConsent.FRnm,あなたの電話番号を持っている人に、Roblox上で友達として追加してもらいやすくします
Feature.LegallySensitiveContent.Heading.TurnOnFriendDiscovery,友達発見をオンにする
Feature.LocaleRestriction.Description.RobloxUnavailable,Robloxは、お住まいの地域で一時的に利用できません。
Feature.LocaleRestriction.Label.LearnMore,
Feature.LocaleRestriction.Title.RobloxUnavailable,Robloxは利用できません
Feature.MarketplaceFAEUpsell.ActionBar.InfoText.PostFAE,年齢チェックが完了しました。無料アイテムをお受け取りください。
Feature.MarketplaceFAEUpsell.ActionBar.InfoText.PreFAE,年齢チェックをして無料アイテムを受け取ろう
Feature.MarketplaceFAEUpsell.ActionBar.PrimaryButton.Text,
Feature.MarketplaceFAEUpsell.Message.AgeCheckCompleteItem,年齢チェックが完了し、{itemName}がまもなく持ち物に追加されます。
Feature.Moderation.Link.SupportForm,サポートフォーム
Feature.Moments.Action.AddMusic,音楽を追加
Feature.Moments.Action.AddSticker,ステッカーを追加
Feature.Moments.Action.AddText,テキストを追加
Feature.Moments.Action.AddVoice,ボイスを追加
Feature.Moments.Action.Back,
Feature.Moments.Action.Cancel,
Feature.Moments.Action.Continue,
Feature.Moments.Action.Delete,
Feature.Moments.Action.Done,
Feature.Moments.Action.Expand,展開
Feature.Moments.Action.GenerateText,テキストを生成
Feature.Moments.Action.GenerateTextFeedbackNotHelpful,役に立たなかった
Feature.Moments.Action.GenerateTextFeedbackPolicy,不適切またはコミュニティガイドライン違反
Feature.Moments.Action.Hide,詳細を非表示
Feature.Moments.Action.HowToCapture,切り抜き方法
Feature.Moments.Action.Join,
Feature.Moments.Action.Leave,
Feature.Moments.Action.Minimize,最小化
Feature.Moments.Action.Ok,
Feature.Moments.Action.Play,
Feature.Moments.Action.Post,
Feature.Moments.Action.Report,
Feature.Moments.Action.Retry,
Feature.Moments.Action.Return,ギャラリーに戻る
Feature.Moments.Action.ReturnToEditing,編集に戻る
Feature.Moments.Action.ShowDetails,
Feature.Moments.Action.ShowMore,
Feature.Moments.Action.TrimVideo,ビデオをトリミング
Feature.Moments.Description.CommunityStandards,発言できることとできないことの詳細については、コミュニティ基準を確認してください。
Feature.Moments.Description.EmptyCapturesLibrary,ここに切り抜きが表示されます。
Feature.Moments.Description.GenerateTextFeedbackDisclosure,AIが生成したものです。投稿前にご確認ください。公開された内容に対する責任はご自身にあります。
Feature.Moments.Description.HowToCaptureStep1,切り抜きが有効になっているバーチャル空間に参加し、ハンバーガーメニューを選択します
Feature.Moments.Description.HowToCaptureStep2,切り抜き操作を有効化します
Feature.Moments.Description.HowToCaptureStep3,ゲームプレイの写真とビデオを切り抜きます
Feature.Moments.Description.LeaveMomentsCreation,変更内容はすべて失われますが、この切り抜きは引き続き<b>切り抜き</b>ギャラリーに保存されます。
Feature.Moments.Description.NoMusicResults,音楽が見つかりません
Feature.Moments.Description.NonInfiniteScrollEndBody,モーメントの停止ポイントに達しました。視聴を続けるには以下をタップしてください。
Feature.Moments.Description.PublishMoment,モーメントの説明をしてください
Feature.Moments.Description.TooManyUploads,本日アップロードしたビデオの数が多すぎます。明日もう一度お試しください。
Feature.Moments.Disclaimer.EveryoneMoments,モーメント内の全員が、公開されているものを閲覧できます
Feature.Moments.Label.All,
Feature.Moments.Label.AttemptingJoinExperience,{placeName}に参加しようとしています。これには数秒かかる場合があります。
Feature.Moments.Label.CaptureLibrary,
Feature.Moments.Label.DeleteMomentBody,削除したモーメントは復元できません。
Feature.Moments.Label.DeleteMomentTitle,モーメントを削除しますか？
Feature.Moments.Label.Error,
Feature.Moments.Label.FeedEndBody,後でもう一度確認するか、独自のモーメントを作成してください。
Feature.Moments.Label.FeedEndTitle,新着のモーメントはありません
Feature.Moments.Label.FeedFailedToLoad,ロードできませんでした
Feature.Moments.Label.FeedMyMoments,マイモーメント
Feature.Moments.Label.FeedTrending,トレンド
Feature.Moments.Label.HowToUseCaptureTitle,切り抜きの使い方
Feature.Moments.Label.LinkCopied,リンクをコピーしました。
Feature.Moments.Label.LinkCopyFailed,リンクをコピーできませんでした。
Feature.Moments.Label.ModeratedRodeoBody,このモーメントは、コミュニティ基準に違反しているため削除されました。モーメントを表示し続けるには、ルールを理解し従っていることを確認してください。
Feature.Moments.Label.MomentDeletedBody,
Feature.Moments.Label.MomentDeletedTitle,
Feature.Moments.Label.MomentFailedToPostBody,問題が発生しました。
Feature.Moments.Label.MomentFailedToPostTitle,モーメントを投稿できませんでした
Feature.Moments.Label.MomentPublishedBody,モーメントが正常に公開されました。
Feature.Moments.Label.MomentPublishedTitle,モーメントが公開されました
Feature.Moments.Label.MomentUnavailable,モーメントは使用できません
Feature.Moments.Label.MomentUnavailableDefault,このモーメントは使用できません。
Feature.Moments.Label.MomentsExperienceName,
Feature.Moments.Label.Music,
Feature.Moments.Label.NonInfiniteScrollEndTitle,現在、新着のモーメントはありません
Feature.Moments.Label.Photos,写真
Feature.Moments.Label.PostDeleted,モーメントが削除されました
Feature.Moments.Label.PostRemovedBody,投稿したモーメントは、コミュニティ基準に違反しています。
Feature.Moments.Label.PublishingRodeoBody,あまり時間はかかりません。
Feature.Moments.Label.Reactions,
Feature.Moments.Label.ReportReason.BreaksRules,この投稿にはルール違反があります
Feature.Moments.Label.ReportReason.IntellectualProperty,この投稿は私の知的財産を侵害しています
Feature.Moments.Label.ReportSubmittedBody,ご意見・ご感想をお寄せくださりありがとうございます。
Feature.Moments.Label.ReportSubmittedTitle,報告が送信されました
Feature.Moments.Label.RobloxPartnerContent,Roblox提携コンテンツ
Feature.Moments.Label.RodeoPublishingTitle,モーメントを公開中
Feature.Moments.Label.Search,
Feature.Moments.Label.ShareLinkTitle,Roblox上のモーメント
Feature.Moments.Label.StayFriendlyModeration,フレンドリーな雰囲気を保ちましょう
Feature.Moments.Label.TextGenerateInProgressBody,オーバーレイを手動で編集する前に、AIがテキストを生成するのをお待ちください。
Feature.Moments.Label.TextGenerateInProgressTitle,生成中
Feature.Moments.Label.TextGenerateOverrideBody,生成により、現在のテキストオーバーレイおよび詳細が置き換えられます。
Feature.Moments.Label.TextGenerateOverrideTitle,テキストは置き換えられます
Feature.Moments.Label.TextGeneratedBody,AIが生成したテキストオーバーレイと詳細が追加されました
Feature.Moments.Label.TextGeneratedTitle,テキストが生成されました
Feature.Moments.Label.TextGenerationFailedBody,テキストを生成できませんでした。もう一度お試しください。
Feature.Moments.Label.TextGenerationFailedTitle,生成に失敗しました
Feature.Moments.Label.TextGenerationFilteredBody,この切り抜きビデオの生成を実行できません。コンテンツが内容規制されています。
Feature.Moments.Label.TextGenerationFilteredTitle,生成が内容規制されました
Feature.Moments.Label.Tone,トーン
Feature.Moments.Label.Tone.Cinematic,シネマモード
Feature.Moments.Label.Tone.Funny,面白い
Feature.Moments.Label.Tone.Hype,エネルギッシュ
Feature.Moments.Label.Tone.Neutral,客観的
Feature.Moments.Label.Videos,
Feature.Moments.Title.GenerateTextFeedbackReason,何が問題でしたか？
Feature.Moments.Title.GenerateTextOptions,
Feature.Moments.Title.LeaveMomentCreation,モーメント作成を退出しますか？
Feature.Moments.Title.MomentRemoved,
Feature.Moments.Title.ReportPost,投稿の規約違反を報告
Feature.MusicPlayer.Action.GoToSongDetails,曲の詳細へ
Feature.MusicPlayer.Action.Report,
Feature.NotApproved.Action.Continue,
Feature.NotApproved.Action.LogOut,
Feature.NotApproved.Action.Pending,
Feature.NotApproved.Action.ReactivateAccount,アカウントを再開する
Feature.NotApproved.Action.ReportMistake,審査ミスを報告
Feature.NotApproved.Action.RuleConfirmation,ルールを知り、それに従うことに同意します。
Feature.NotApproved.Action.UserAgree,
Feature.NotApproved.Action.ViewLess,
Feature.NotApproved.Action.ViewMore,
Feature.NotApproved.Action.ViewRules,ルールを表示
Feature.NotApproved.Action.ViewRulesUGCAvatarGuidelines,UGCアバターガイドラインの規則を表示
Feature.NotApproved.Description.AppealViaSupport,この決定に異議申し立を行う場合は、{link}サポートにお問い合わせください。{linkEnd}
Feature.NotApproved.Description.AppealWithPortal,異議申し立てリクエストをするには、「{startLink}違反と異議申し立て{endLink}」ページへ。
Feature.NotApproved.Description.AppealsProcess,異議申し立てについて詳しくは、 {startLink}コンテンツ内容審査への異議申し立て{endLink}をごらんください。
Feature.NotApproved.Description.AutomatedDetectionAutomatedDecision,このポリシー違反は自動化された方法で検出され、この決定も自動的に行っています
Feature.NotApproved.Description.AutomatedDetectionAutomatedDecision.V2,この違反の検知に自動化されたシステムを使用し、この決定をしました。
Feature.NotApproved.Description.AutomatedDetectionManualDecision,このポリシー違反は自動化された方法で検出されました
Feature.NotApproved.Description.AutomatedDetectionManualDecision.V2,この違反の検知に自動化されたシステムを使用しました。
Feature.NotApproved.Description.AvatarBrokeRules,アバターを変更してください。コミュニティ基準に違反するアバターを持つプレイヤーの場合、まもなくこのゲームは利用停止となります。
Feature.NotApproved.Description.AvatarViolation,これは削除される可能性があります
Feature.NotApproved.Description.Ban,アカウントが停止されました。 {date} 以降、再開できます。
Feature.NotApproved.Description.Ban.V2,違反履歴によりアカウントが一時停止されました。 {date} 以降、再開できます。
Feature.NotApproved.Description.BannedDescription.Kids,このアカウントは今後利用できません。
Feature.NotApproved.Description.Behavior,あなたの行動: 
Feature.NotApproved.Description.BrokeRulesBanned,度重なるルール違反または重大なルール違反により、お使いのアカウントを停止しました。
Feature.NotApproved.Description.BrokeRulesGeneric,あなたの言動に、当社のコミュニティルール違反がありました。
Feature.NotApproved.Description.BrokeRulesPolicy,あなたの言動に {policy} に関するルール違反がありました。
Feature.NotApproved.Description.BrokeRulesPolicy.V2,あなたの言動で以下のルール違反がありました。:  {policy} 
Feature.NotApproved.Description.BrokeRulesSpecific,{policies} に関するルール違反があったため。
Feature.NotApproved.Description.BrokeRulesType,あなたの {type} でコミュニティルールへの違反が1件ありました。
Feature.NotApproved.Description.BrokeRulesTypePolicy,あなたの {type} で {policy} に関するルール違反が1件ありました。
Feature.NotApproved.Description.BrokeRulesTypePolicy.V2,あなたの {type} の1つで以下のルール違反がありました。: {policy}
Feature.NotApproved.Description.CommunityStandards,Robloxをあらゆる年齢層のユーザーのみなさんにお楽しみいただけるようにするため、 {startLink}Robloxコミュニティ基準{endLink} に従ってください。
Feature.NotApproved.Description.Delete,アカウントは削除されました。
Feature.NotApproved.Description.FollowTheRules,ルールを知って、従ってください。
Feature.NotApproved.Description.Foreshadow,ルール違反を続けると、使用の一時停止が長くなり、アカウントがそのものが停止される場合があります。
Feature.NotApproved.Description.Foreshadow.Kids,さらにルール違反があった場合、一時停止期間が延長されたり、アクセス停止となったりする可能性もあります。
Feature.NotApproved.Description.LinkedAccounts,対応は、リンクされたすべてのアカウントでの行動に基づいて判断されます。
Feature.NotApproved.Description.ManualDetectionAutomatedDecision,当社はこの決定を自動的に行いました
Feature.NotApproved.Description.ManualDetectionAutomatedDecision.V2,自動化されたシステムを使用して、この決定をしました。
Feature.NotApproved.Description.Mistake,この決定に対して、ここで異議申し立てするか、当社による審査をリクエストできます。
Feature.NotApproved.Description.Mistake.Kids,何かの間違いであると考えられる場合は、異議申し立てが可能です。
Feature.NotApproved.Description.Mistake.V2,何か間違いがありましたか？ こちらから異議申し立てまたは決定のレビューを依頼できます。
Feature.NotApproved.Description.Mistake.V3,当社の判断に誤りがあると思われる場合は、この決定に異議を申し立てることができます。
Feature.NotApproved.Description.PluralViolation,{type} のうちの1つ
Feature.NotApproved.Description.ReactivationNotice,[続行]を選択してルールを確認してください。その後すぐにプレイできるようになります。
Feature.NotApproved.Description.ReviewProcess,テクノロジーと人の手の両方であなたのアクティビティを審査します。
Feature.NotApproved.Description.RuleExplanation.Bullets.Bullying.Kids,"思いやりを持って、いじめはやめましょう。
誰かを傷つけると脅すのはやめましょう。
他の人の個人情報を守りましょう。"
Feature.NotApproved.Description.RuleExplanation.Bullets.MisusingRobloxSystems,"なりすまし
実際には起きていないことについてユーザーを虚偽に報告する行為
嘘をついて他人に何かをさせる行為
他人のアカウントに不正アクセスしようとする行為
Robloxの安全に関するルールを回避する目的で別のアカウントを作成する行為"
Feature.NotApproved.Description.RuleExplanation.Bullets.PII,"名前、住所、電話番号、メールアドレス
他のアカウントのユーザー名
パスワード"
Feature.NotApproved.Description.RuleExplanation.Bullets.RealLifeEvents,"多くの人が傷ついた、または大きな被害を受けた暴力行為
地震、ハリケーン、竜巻などの悲惨な災害や天災
ニュースで報道された衝撃的な犯罪
特定の人がひどくまたは不公平に扱われる現実の出来事"
Feature.NotApproved.Description.RuleExplanation.Bullets.SSHAndIllegalRegAct,"自分自身や他者を傷つける行為
現実世界で流行している危険な身体的リスクを伴う行為
アルコールや薬物など、違法または危険なもの
賞品を賭けたギャンブル、賭博、または運まかせのゲーム
現実世界で武器を作るための手順や方法"
Feature.NotApproved.Description.RuleExplanation.Bullets.SexualContent.Kids,"Robloxでは友達の関係を保ちます。
いちゃついたり、キスしたり、デートしたりしません。
アバターは、露出の少ない服を着ています。"
Feature.NotApproved.Description.RuleExplanation.Bullets.SharingPII.Kids,"パスワード
実名、住所、電話番号、メールアドレス
他のアカウントのユーザー名
人物の写真"
Feature.NotApproved.Description.RuleExplanation.BullyingHarassmentDiscrimination,"相手に直接意地悪なことを言ったり、特定の人について意地悪な発言をしたりすることは決して許されません。これには、個人情報を共有したり、現実世界で傷つけるような行為をほのめかしたりすることも含まれます。
また、誰かの性格や信念、出身地を理由に意地悪や排除をすることもルール違反です。"
Feature.NotApproved.Description.RuleExplanation.Dating,チャットは親しみやすい雰囲気で行い、いちゃつくようなやり取りは控えましょう。キスやデートなどの恋愛的な行為も禁止されています。また、アバターの服装を過度に露出したものにしないようにすることも大切です。
Feature.NotApproved.Description.RuleExplanation.DirectingUsersOffPlatform,チャットで他のウェブサイトへのリンクを共有したり、他のアプリやソーシャルメディアで自分のプロフィールを見つける方法を教えたりすることはルール違反です。誰かに他のウェブサイトに行くよう言われても従わず、Roblox内で会話およびゲームプレイを続けるようにしましょう。また、Roblox外でRobuxやアイテムを購入・販売・取引することも禁止されています。
Feature.NotApproved.Description.RuleExplanation.MisusingRobloxSystems,Robloxで不正行為や嘘をついたり、その方法を共有することはルール違反です。例：
Feature.NotApproved.Description.RuleExplanation.PII,すべてのユーザーとアカウントの安全を守るため、次のような個人情報の要求や共有はルール違反となります。
Feature.NotApproved.Description.RuleExplanation.RealLifeEvents,"実際に起きた特定の出来事に対する失礼な言動はルール違反です。これには、特に多くの人にとって悲しく恐ろしい出来事やその関係者たちを再現したり、からかったりすることも含まれます。
これには以下が含まれます："
Feature.NotApproved.Description.RuleExplanation.SSHAndIllegalRegulatedActivities,次のような内容を含む危険または有害なコンテンツの作成、チャット、ジョークは厳重に禁止されています。
Feature.NotApproved.Description.RuleExplanation.SharingPII.Kids,次の情報は共有しないでください。
Feature.NotApproved.Description.RuleExplanation.Spam,同一のメッセージ何度も送信することは禁止されています。
Feature.NotApproved.Description.RuleExplanation.Swearing,暴言の使用は固く禁止されており、これには誤字や記号などを使って検出を避けようとする行為も含まれます。
Feature.NotApproved.Description.RuleExplanation.ViolentContentAndGore,リアルな暴力や、人・動物・キャラクターが深刻な身体的または精神的な傷を負っているように見える表現を掲載することは、ルール違反です。
Feature.NotApproved.Description.RuleImportance.Bullets.SharingPII.Kids,"オンライン上では、信頼できる人を見分けるのは難しい場合があります。
知らない人が、あなたの情報を使ってあなたを見つけ出すことがあります。
パスワードを他の人と共有すると、アカウントやRobuxを盗まれてしまう可能性があります。"
Feature.NotApproved.Description.RuleImportance.Bullying.Kids,意地悪な行為は他のプレイヤーを傷つけます。思いやりを持つことで、Robloxを誰にとっても楽しい場所に保つことができます。
Feature.NotApproved.Description.RuleImportance.BullyingHarassmentDiscrimination,コミュニティを誰にとっても楽しいものに保つため、誰かを不安にさせたり、不快にさせたりするような言動は行わないでください。Robloxは、あらゆる人種、民族、性自認、能力、性的指向、宗教の方々のためのものです。
Feature.NotApproved.Description.RuleImportance.Dating,チャットとアバターのやり取りを友情に重点を置いたものにすることで、誰もが安心して楽しめるようになります。
Feature.NotApproved.Description.RuleImportance.DirectingUsersOffPlatform,Robloxは、チャットおよびやり取りの安全性を維持するための安全保護機能を提供しています。リンクをクリックすると、Robloxに似せた偽サイトに誘導され、アカウントやアイテムを盗まれる危険があるほか、不適切な写真や動画が掲載されたサイトに誘導される場合もあります。また、Roblox外でRobuxやアイテムを取引すると、相手が約束を守らず、品物を受け取れないことがあります。
Feature.NotApproved.Description.RuleImportance.MisuingRobloxSystems,全員がルールを守って公平にプレイすれば、不当に有利になる人が出ず、Robloxが誰にとっても楽しめる場であり続けることができます。
Feature.NotApproved.Description.RuleImportance.MisusingRobloxSystems,
Feature.NotApproved.Description.RuleImportance.PII,見知らぬ人があなたの現実世界での身元を知ると、Robloxの外で連絡を取ろうとすることがあります。オンラインで相手が信頼できる人かどうかを判断するのは難しいため、これは危険です。そのため、パスワードは絶対に他人と共有しないでください。共有した場合、第三者にアカウントや獲得したアイテムを盗まれる可能性があります。
Feature.NotApproved.Description.RuleImportance.RealLifeEvents,これらを実際に体験した人は、再現されたり面白おかしく扱われたりすると、動揺し嫌な思いをするでしょう。
Feature.NotApproved.Description.RuleImportance.SSHAndIllegalRegulatedActivities,自分や他の人を傷つけるコンテンツを共有するのは危険です。もし困っていることがあれば、信頼できる大人に相談することが大切です。危険な行為を示すコンテンツを共有すると、他の人が真似して深刻な怪我につながるおそれがあります。このようなコンテンツを共有せず、ご自身とRobloxを利用する全員の安全を守りましょう。
Feature.NotApproved.Description.RuleImportance.SexualContent.Kids,友人関係を維持したチャットとアバターで、Robloxを誰にとっても楽しい場所にしましょう。
Feature.NotApproved.Description.RuleImportance.Spam,迷惑メッセージは会話の流れを追いにくくし、楽しみを妨げます。
Feature.NotApproved.Description.RuleImportance.Swearing,Robloxは、子どもを含むすべての人のためのプラットフォームです。コミュニティ全体に敬意を払い、誰もが心地よく感じる言葉づかいを心がけましょう。
Feature.NotApproved.Description.RuleImportance.ViolentContentAndGore,当コミュニティには小さなお子様も参加しているため、過度な暴力表現があると、怖がったり不安を感じたりすることがあります。
Feature.NotApproved.Description.SecondChance.Details,プレイに戻れるようになりました。この決定に対して後から異議を申し立てることはできません。
Feature.NotApproved.Description.SecondChance.Second,これまで責任ある行動をされてきたため、今回は一時停止の対象にはなりません。
Feature.NotApproved.Description.SuspendedUntil,{date}{time}まで一時停止されています。
Feature.NotApproved.Description.Violation,コンテンツ審査スタッフがあなたのRobloxでの言動を当社の{startLink}利用規約{endLink}に違反していると判断しました。
Feature.NotApproved.Description.WarningDescription.Kids,ルール違反がありました。これが続くと、一時停止処分となる場合があります。
Feature.NotApproved.Heading.AccountBanned,アカウントが停止されました
Feature.NotApproved.Heading.AccountDeleted,
Feature.NotApproved.Heading.AccountTerminated,
Feature.NotApproved.Heading.Banned,使用停止中
Feature.NotApproved.Heading.BannedMultipleDays,{number} 日間、アクセス停止されました
Feature.NotApproved.Heading.BannedMultipleHours,{number} 時間、アクセス停止されました
Feature.NotApproved.Heading.BannedMultipleMinutes,{number} 分間、アクセス停止されました
Feature.NotApproved.Heading.BannedMultipleSeconds,{number} 秒間、アクセス停止されました
Feature.NotApproved.Heading.BannedOneDayOnly,1日間、アクセス停止されました
Feature.NotApproved.Heading.BannedOneHour,1時間、アクセス停止されました
Feature.NotApproved.Heading.BannedOneMinute,1分間、アクセス停止されました
Feature.NotApproved.Heading.BannedOneSecond,1秒間、アクセス停止されました
Feature.NotApproved.Heading.Error,不明なエラーが発生しました。後でもう一度お試しください。
Feature.NotApproved.Heading.ReactivationNotice,プレイに戻る
Feature.NotApproved.Heading.RecentlyChecked,最近のチェック内容
Feature.NotApproved.Heading.RuleExplanation.Bullying.Kids,人に敬意を持って接する
Feature.NotApproved.Heading.RuleExplanation.BullyingHarassmentDiscrimination,誰もが快適に過ごせる空間を作る
Feature.NotApproved.Heading.RuleExplanation.Dating,友達同士の関係を保つ
Feature.NotApproved.Heading.RuleExplanation.DirectingUsersOffPlatform,Robloxでやり取りを完結
Feature.NotApproved.Heading.RuleExplanation.MisusingRobloxSystems,公平かつ誠実にプレイする
Feature.NotApproved.Heading.RuleExplanation.PII,個人情報を保護
Feature.NotApproved.Heading.RuleExplanation.RealLifeEvents,実際の出来事に配慮すること
Feature.NotApproved.Heading.RuleExplanation.SSHAndIllegalRegulatedActivities,健やかな心と体でプレイを楽しむ
Feature.NotApproved.Heading.RuleExplanation.SexualContent.Kids,友人関係を保つ
Feature.NotApproved.Heading.RuleExplanation.SharingPII.Kids,個人情報は非公開に
Feature.NotApproved.Heading.RuleExplanation.Spam,和やかに会話をする
Feature.NotApproved.Heading.RuleExplanation.Swearing,敬意と親しみやすさを意識した言葉づかい
Feature.NotApproved.Heading.RuleExplanation.ViolentContentAndGore,落ち着いた状態でプレイ
Feature.NotApproved.Heading.RuleImportance,これが重要な理由
Feature.NotApproved.Heading.RuleImportance.Kids,
Feature.NotApproved.Heading.SecondChance,この基本ルールを学んだら、すぐプレイに戻りましょう
Feature.NotApproved.Heading.SecondChance.Details,今回のみ一時停止を回避するという結果に同意されますか？
Feature.NotApproved.Heading.Suspended,一時停止中
Feature.NotApproved.Heading.Suspended14Days,14日間、アクセスが一時停止されました
Feature.NotApproved.Heading.Suspended1Year,1年間、アクセスが停止されました
Feature.NotApproved.Heading.SuspendedOneDay,1日間、アクセスが一時停止されました
Feature.NotApproved.Heading.SuspendedOneHour,1時間、アクセスが一時停止されました
Feature.NotApproved.Heading.SuspendedSevenDays,7日間、アクセスが一時停止されました
Feature.NotApproved.Heading.SuspendedSixHours,6時間、アクセスが一時停止されました
Feature.NotApproved.Heading.SuspendedSixMonths,6ヶ月間、アクセスが一時停止されました
Feature.NotApproved.Heading.SuspendedSixtyDays,60日間、アクセスが一時停止されました
Feature.NotApproved.Heading.SuspendedThirtyDays,30日間、アクセスが一時停止されました
Feature.NotApproved.Heading.SuspendedThreeDays,3日間、アクセスが一時停止されました
Feature.NotApproved.Heading.Warning,
Feature.NotApproved.Heading.WhatNext,今後の流れ
Feature.NotApproved.Heading.Why,その理由：
Feature.NotApproved.Label.AbuseType.AccountTheft,アカウント窃盗
Feature.NotApproved.Label.AbuseType.AdultContent,成人向けコンテンツ
Feature.NotApproved.Label.AbuseType.Advertisement,
Feature.NotApproved.Label.AbuseType.Advertising,
Feature.NotApproved.Label.AbuseType.AssetOwnership,アセットの所有権
Feature.NotApproved.Label.AbuseType.Billing,支払い
Feature.NotApproved.Label.AbuseType.BlockedContent,BlockedContent
Feature.NotApproved.Label.AbuseType.Bullying.Kids,いじめ
Feature.NotApproved.Label.AbuseType.Bullying.Note.Kids,あなたのアクティビティに、他人を傷つけるような言葉が見つかりました。
Feature.NotApproved.Label.AbuseType.Chargeback,チャージバック
Feature.NotApproved.Label.AbuseType.CheatandExploits,チートとエクスプロイト
Feature.NotApproved.Label.AbuseType.ChildEndangerment,児童を危険にさらすこと
Feature.NotApproved.Label.AbuseType.ChildEndangerment.V2,児童の搾取
Feature.NotApproved.Label.AbuseType.ChildEndangerment.V3,有害なコンテンツや言動
Feature.NotApproved.Label.AbuseType.ClickbaitAds,釣り広告
Feature.NotApproved.Label.AbuseType.Commerce,Eコマース
Feature.NotApproved.Label.AbuseType.CompromisedAccount,アカウント乗っ取り
Feature.NotApproved.Label.AbuseType.ContestsandSweepstakes,コンテストと懸賞
Feature.NotApproved.Label.AbuseType.CopyrightDMCA,著作権・DMCA
Feature.NotApproved.Label.AbuseType.DMCA,DMCA（デジタルミレニアム著作権法）
Feature.NotApproved.Label.AbuseType.DMCAEarlyLegalStrike,デジタルミレニアム著作権法の初期法的ストライク
Feature.NotApproved.Label.AbuseType.DMCAFinalLegalStrike,デジタルミレニアム著作権法の最終法的ストライク
Feature.NotApproved.Label.AbuseType.Dating,恋愛・デートの誘い
Feature.NotApproved.Label.AbuseType.DatingImagery,デート関連の画像
Feature.NotApproved.Label.AbuseType.DatingandRomanticContent,デート・恋愛関係にまつわる内容
Feature.NotApproved.Label.AbuseType.Depressive,陰鬱な内容
Feature.NotApproved.Label.AbuseType.DerogatoryHarrassment,名誉毀損・ハラスメント
Feature.NotApproved.Label.AbuseType.DirectingUsersOffPlatform,サイト外へのユーザー誘導
Feature.NotApproved.Label.AbuseType.DirectingUsersOffPlatform.V2,プラットフォーム外へのユーザー誘導
Feature.NotApproved.Label.AbuseType.Discriminatory,差別的
Feature.NotApproved.Label.AbuseType.DiscriminatoryContent,差別的な内容
Feature.NotApproved.Label.AbuseType.DiscriminatoryorNaziContent,ナチス関連や差別的な内容
Feature.NotApproved.Label.AbuseType.DisruptiveAudio,迷惑な音声
Feature.NotApproved.Label.AbuseType.DistortedAudio,音声のゆがみ
Feature.NotApproved.Label.AbuseType.DrugandAlcoholReferences,麻薬とアルコールへの言及
Feature.NotApproved.Label.AbuseType.DrugsAlcohol,薬物、アルコールなど
Feature.NotApproved.Label.AbuseType.EncouragingDangerousBehavior,危険な行為の推奨
Feature.NotApproved.Label.AbuseType.ExplicitNudityPorn,明らかなヌード・ポルノ
Feature.NotApproved.Label.AbuseType.ExplicitSexualReferencesandInnuendo,明らかに性的なものへの言及とほのめかし
Feature.NotApproved.Label.AbuseType.Exploiting,搾取
Feature.NotApproved.Label.AbuseType.ExtortionandBlackmail,強要と脅迫
Feature.NotApproved.Label.AbuseType.GangImages,ギャングの画像
Feature.NotApproved.Label.AbuseType.Grooming,わいせつ目的の児童の手なづけ行為
Feature.NotApproved.Label.AbuseType.Harassment,ハラスメント（嫌がらせ）
Feature.NotApproved.Label.AbuseType.HiddenMessageClothing,隠されたメッセージのついた服
Feature.NotApproved.Label.AbuseType.IllegalandRegulatedContent,違法・規制されたコンテンツ
Feature.NotApproved.Label.AbuseType.IllicitSubstance,非合法な薬物
Feature.NotApproved.Label.AbuseType.Impersonation,なりすまし
Feature.NotApproved.Label.AbuseType.Inappropriate,不適切
Feature.NotApproved.Label.AbuseType.InappropriateContent,
Feature.NotApproved.Label.AbuseType.IpViolation,
Feature.NotApproved.Label.AbuseType.IrlDangerousActivities,実際に危険な活動
Feature.NotApproved.Label.AbuseType.LoudEarbleeders,大きすぎる音
Feature.NotApproved.Label.AbuseType.Malicious,悪質
Feature.NotApproved.Label.AbuseType.MinorSwearing,暴言（軽度）
Feature.NotApproved.Label.AbuseType.Misleading,誤解を与える内容
Feature.NotApproved.Label.AbuseType.MisusingRobloxSystems,
Feature.NotApproved.Label.AbuseType.Nazis,ナチス関連
Feature.NotApproved.Label.AbuseType.None,
Feature.NotApproved.Label.AbuseType.NoneoftheAbove,上記のどれでもない
Feature.NotApproved.Label.AbuseType.NotRelatedtoRoblox,Robloxとは無関係のもの
Feature.NotApproved.Label.AbuseType.OffPlatformSpeechandBehavior,プラットフォーム外での言動
Feature.NotApproved.Label.AbuseType.OffSiteLinks,サイト外へのリンク
Feature.NotApproved.Label.AbuseType.Other,
Feature.NotApproved.Label.AbuseType.PersonalAttackHarassmentBullying,個人攻撃・ハラスメント・いじめ
Feature.NotApproved.Label.AbuseType.PhishingScam,フィッシング・詐欺
Feature.NotApproved.Label.AbuseType.PlayersScreamingintoMicrophone,マイクに大声で叫ぶプレイヤー
Feature.NotApproved.Label.AbuseType.PoliticalContent,政治的なコンテンツ
Feature.NotApproved.Label.AbuseType.PoliticalContent.V2,
Feature.NotApproved.Label.AbuseType.Politics,政治
Feature.NotApproved.Label.AbuseType.PornographicSounds,ポルノ的な音
Feature.NotApproved.Label.AbuseType.Privacy,
Feature.NotApproved.Label.AbuseType.PrivacyAskingforPII,プライバシー: 個人識別情報を聞くこと
Feature.NotApproved.Label.AbuseType.PrivacyGivingPII,プライバシー：個人識別情報を与えること
Feature.NotApproved.Label.AbuseType.Profanity,
Feature.NotApproved.Label.AbuseType.RMT,リアルマネートレーディング（RMT）
Feature.NotApproved.Label.AbuseType.RealInfo,実際の情報
Feature.NotApproved.Label.AbuseType.RealLifeThreats,実際的な脅し
Feature.NotApproved.Label.AbuseType.RealLifeTragedy,実社会での痛ましい事件
Feature.NotApproved.Label.AbuseType.RealLifeTragedy.V2,
Feature.NotApproved.Label.AbuseType.RedArmbandsNotNazis,赤い腕章（ナチスではない）
Feature.NotApproved.Label.AbuseType.RobloxEconomy,Robloxの経済活動
Feature.NotApproved.Label.AbuseType.Scamming,
Feature.NotApproved.Label.AbuseType.SeekingSexualContent,性的な内容を求めること
Feature.NotApproved.Label.AbuseType.SexualAdultContent,性的または成人向けの内容
Feature.NotApproved.Label.AbuseType.SexualContent,
Feature.NotApproved.Label.AbuseType.SexualContent.Kids,アダルトコンテンツ
Feature.NotApproved.Label.AbuseType.SexualContent.Note.Kids,子どもには不適切な言葉や画像が見つかりました。例えば、ヌード写真や恋愛関連のものなどです。
Feature.NotApproved.Label.AbuseType.SharingPII.Kids,個人情報のシェア
Feature.NotApproved.Label.AbuseType.SharingPII.Note.Kids,実名、電話番号、または実在の人物の写真などが見つかりました。
Feature.NotApproved.Label.AbuseType.Shock,ショックな内容
Feature.NotApproved.Label.AbuseType.Spam,
Feature.NotApproved.Label.AbuseType.SuggestiveSexualizedImagery,挑発的・性的なイメージ
Feature.NotApproved.Label.AbuseType.SuicideSelfHarm,自殺・自傷行為
Feature.NotApproved.Label.AbuseType.Swearing,
Feature.NotApproved.Label.AbuseType.TerrorismExtremism,テロまたは過激思想
Feature.NotApproved.Label.AbuseType.TextFilterProfanity,伏字処理 / 暴言
Feature.NotApproved.Label.AbuseType.Threats,脅し
Feature.NotApproved.Label.AbuseType.ThreatsOrAbuseOfRobloxEmployeesOrAffiliates,Robloxの社員または関連業者への脅しまたは虐待
Feature.NotApproved.Label.AbuseType.Trademark,商標権侵害
Feature.NotApproved.Label.AbuseType.UnclassifiedMild,未分類（軽度）
Feature.NotApproved.Label.AbuseType.ViolentContentAndGore,
Feature.NotApproved.Label.AbuseType.VirtualCasino,
Feature.NotApproved.Label.AbuseType.VirtualCasino.Note,Robloxでは、第三者によるRobuxの購入、販売、取引、Roblox Corporationからだと偽って表示してあるプロモーションコード、またはコミュニティ・ペイアウト制度の不適切な使用は禁止されています。
Feature.NotApproved.Label.ChargebackNextSteps,次にできることは？
Feature.NotApproved.Label.CommunityStandards,コミュニティ基準
Feature.NotApproved.Label.ConsoleDeviceNoticeUA,別のデバイスでRoblox.comにログインして、アカウントの再有効化を始めてください。
Feature.NotApproved.Label.Days,{number}日間
Feature.NotApproved.Label.Decision,決定
Feature.NotApproved.Label.DecisionMethod,審査方法
Feature.NotApproved.Label.DecisionMethod.V2,当社の審査方法
Feature.NotApproved.Label.EmailReactivationNoticeUA,このアカウントをまたアクティブな状態に戻すにはメールアドレスを確認してください。 
Feature.NotApproved.Label.EmailVerificationButtonText,メールアドレスを確認
Feature.NotApproved.Label.EmailVerificationNotice,お持ちのアカウントは不正請求により一時停止されました。アカウントのロック解除をするには、メールアドレスの確認が必要です。
Feature.NotApproved.Label.Evidence.VoiceRecording,{date} の {time} の {experienceName} でのボイスチャットの会話
Feature.NotApproved.Label.ExploitDetected,エクスプロイトが検出されました
Feature.NotApproved.Label.Hours,{hours}時間{minutes} 分
Feature.NotApproved.Label.LatestActivity,当社が審査した最新アクティビティ
Feature.NotApproved.Label.LoadingImage,画像を読み込み中
Feature.NotApproved.Label.LogoutProgress,ログアウト中
Feature.NotApproved.Label.MenuContent,メニューの内容
Feature.NotApproved.Label.MessageToUser.AltConsequence.V2,このアカウントは、コミュニティ基準に重大な違反があったため停止されたアカウントに紐づけられています。違反については、停止されたアカウントを使用して異議申し立てを行うことができます。
Feature.NotApproved.Label.MessageToUser.AltConsequence.V3,"このアカウントは、コミュニティ基準に重大な違反があったためアクセスが停止されたアカウント（@{account}）に紐づけられています。違反については、停止されたアカウントのみが異議申し立てを行うことができます。

2つのアカウントが互いに紐づけられるべきではない場合は、このアカウントを使用して、「違反と異議申し立て」から異議申し立てを行ってください。"
Feature.NotApproved.Label.Mistake,
Feature.NotApproved.Label.ModeratorMessage, 内容審査スタッフのメモ
Feature.NotApproved.Label.ModeratorNote,内容審査スタッフのメモ
Feature.NotApproved.Label.OffensiveItem,不適切アイテム
Feature.NotApproved.Label.OffensiveItem.V2,不適切なアイテム
Feature.NotApproved.Label.OpenMenu,メニューを開く
Feature.NotApproved.Label.PageProgress,ページの進行状況バー
Feature.NotApproved.Label.ParentReactivationNoticeUA,このアカウントを再度有効にするには、あなたの親（保護者）または法定後見人が手伝わなければなりません。
Feature.NotApproved.Label.ParentVerificationButtonText,
Feature.NotApproved.Label.ParentVerificationNotice,お持ちのアカウントは不正請求により停止されました。親（保護者）または法定後見人がアカウントのロック解除に同意し、Roblox上での特定の操作を承認する必要があります。
Feature.NotApproved.Label.Reason,
Feature.NotApproved.Label.RecentViolation,最近の違反
Feature.NotApproved.Label.ReviewDate,審査日
Feature.NotApproved.Label.Reviewed,審査済み
Feature.NotApproved.Label.RuleAcknowledgment,理解された場合は、チェックマークをつけてご確認ください。
Feature.NotApproved.Label.RuleBreakingAddsUp,ルール違反は積み上がる
Feature.NotApproved.Label.RuleExplanation.Acknowledgement,このルールを理解しました
Feature.NotApproved.Label.RuleViolationsAddUp,ルール違反件数は累積されます
Feature.NotApproved.Label.Sublabel.AccountUsernameOrDisplayNameReset,不適切なユーザーネームまたは表示名
Feature.NotApproved.Label.Sublabel.AdvertisingAdFraud,詐欺広告
Feature.NotApproved.Label.Sublabel.AdvertisingAdTransparency,広告の透明性
Feature.NotApproved.Label.Sublabel.AdvertisingAdTransparencyAdsDisclosure,広告の開示
Feature.NotApproved.Label.Sublabel.AdvertisingAgeInappropriateContent,年齢にふさわしくないコンテンツ
Feature.NotApproved.Label.Sublabel.AdvertisingBodyAlterations,身体改造
Feature.NotApproved.Label.Sublabel.AdvertisingCharitableCauses,慈善目的
Feature.NotApproved.Label.Sublabel.AdvertisingClothingUndergarmentsRestricted,衣装、下着／水着 - R指定
Feature.NotApproved.Label.Sublabel.AdvertisingClothingUndergarmentsSports,下着／水着 - スポーツ
Feature.NotApproved.Label.Sublabel.AdvertisingCryptocurrenciesAndNfts,暗号通貨とNFT
Feature.NotApproved.Label.Sublabel.AdvertisingDirectingOffPlatformGeneral,
Feature.NotApproved.Label.Sublabel.AdvertisingDirectingOffPlatformPermittedUrls,プラットフォーム外へのユーザー誘導 - 許可済み
Feature.NotApproved.Label.Sublabel.AdvertisingDirectingUsersOffPlatform,
Feature.NotApproved.Label.Sublabel.AdvertisingEconomicOpportunity,経済的機会
Feature.NotApproved.Label.Sublabel.AdvertisingEconomicOpportunityNetworking,経済的機会 - ネットワークと求職
Feature.NotApproved.Label.Sublabel.AdvertisingEntertainmentFilmTvAdult,エンターテイメント映画／テレビ - 大人
Feature.NotApproved.Label.Sublabel.AdvertisingEntertainmentFilmTvTeens,エンターテイメント映画／テレビ - 10代の若者
Feature.NotApproved.Label.Sublabel.AdvertisingEntertainmentFilmTvYoungTeens,エンターテイメント映画／テレビ - 10代前半の若者
Feature.NotApproved.Label.Sublabel.AdvertisingEntertainmentGamingAdult,エンターテイメントゲーム - 大人
Feature.NotApproved.Label.Sublabel.AdvertisingEntertainmentGamingTeens,エンターテイメントゲーム - 10代の若者
Feature.NotApproved.Label.Sublabel.AdvertisingEntertainmentGamingYoungTeens,エンターテイメントゲーム - 10代前半の若者
Feature.NotApproved.Label.Sublabel.AdvertisingFinancialServices,金融サービス
Feature.NotApproved.Label.Sublabel.AdvertisingFinancialServicesAdults,金融サービス - 大人
Feature.NotApproved.Label.Sublabel.AdvertisingFinancialServicesOther,金融サービス - その他
Feature.NotApproved.Label.Sublabel.AdvertisingFinancialServicesTeens,金融サービス - 10代
Feature.NotApproved.Label.Sublabel.AdvertisingFoodAndBeverageFoodAndBeverages,食品・飲料 - その他
Feature.NotApproved.Label.Sublabel.AdvertisingFoodAndBeverageHfssFoods,食品・飲料 - HFSS
Feature.NotApproved.Label.Sublabel.AdvertisingFoodAndBeverageInfantFoods,乳児食
Feature.NotApproved.Label.Sublabel.AdvertisingFuneralServices,葬儀サービス
Feature.NotApproved.Label.Sublabel.AdvertisingHighRiskSports,危険度の高いスポーツ
Feature.NotApproved.Label.Sublabel.AdvertisingIllegalAndRegulatedGoods,違法・規制された商品
Feature.NotApproved.Label.Sublabel.AdvertisingIllegalBodyAlterations,
Feature.NotApproved.Label.Sublabel.AdvertisingIllegalCosmetics,規制された商品 - 化粧品
Feature.NotApproved.Label.Sublabel.AdvertisingIllegalCounterfeitingAndPiracy,偽造、海賊版
Feature.NotApproved.Label.Sublabel.AdvertisingIllegalHealthDietAndMedical,健康、食事、医療
Feature.NotApproved.Label.Sublabel.AdvertisingIllegalKitchenKnives,規制された商品 - 包丁
Feature.NotApproved.Label.Sublabel.AdvertisingIllegalMedicalDevices,規制された商品 - 医療機器
Feature.NotApproved.Label.Sublabel.AdvertisingIllegalOtcPharmaceuticals,規制された商品 - 一般用医薬品
Feature.NotApproved.Label.Sublabel.AdvertisingIllegalOther,規制された商品 - その他
Feature.NotApproved.Label.Sublabel.AdvertisingInvestigativeAndLegalServices,調査・法律サービス
Feature.NotApproved.Label.Sublabel.AdvertisingMaliciousSoftware,悪意のあるソフトウェア
Feature.NotApproved.Label.Sublabel.AdvertisingMartialArts,武道
Feature.NotApproved.Label.Sublabel.AdvertisingMatureMedia,成人向けメディア
Feature.NotApproved.Label.Sublabel.AdvertisingMisleadingReward,誤解を招く報酬
Feature.NotApproved.Label.Sublabel.AdvertisingMultiLevelMarketing,ネットワークビジネス
Feature.NotApproved.Label.Sublabel.AdvertisingNoReward,報酬なし
Feature.NotApproved.Label.Sublabel.AdvertisingOnlineServicesLiveAi,オンラインサービス - ライブAI
Feature.NotApproved.Label.Sublabel.AdvertisingOnlineServicesSocialCommerce,オンラインサービス - ソーシャルコマース
Feature.NotApproved.Label.Sublabel.AdvertisingParanormalAstrologicalAndOccult,超常現象、占星術、オカルト
Feature.NotApproved.Label.Sublabel.AdvertisingPolitics,
Feature.NotApproved.Label.Sublabel.AdvertisingReligion,宗教
Feature.NotApproved.Label.Sublabel.AdvertisingToysHobbyAndLearning,おもちゃ、趣味、学習
Feature.NotApproved.Label.Sublabel.AdvertisingToysHobbyAndLearningAdults,おもちゃ、趣味、学習 - 大人
Feature.NotApproved.Label.Sublabel.AdvertisingToysHobbyAndLearningOther,おもちゃ、趣味、学習 - その他
Feature.NotApproved.Label.Sublabel.AdvertisingToysHobbyAndLearningTeens,おもちゃ、趣味、学習 - 10代の若者
Feature.NotApproved.Label.Sublabel.AdvertisingTravelAndEvents,旅行とイベント
Feature.NotApproved.Label.Sublabel.AdvertisingUnauthorizedAdvertising,不正広告
Feature.NotApproved.Label.Sublabel.AdvertisingUnrequestedAd,リクエストしていない広告
Feature.NotApproved.Label.Sublabel.CommerceAdultSexualProducts,アダルトグッズ・成人向け製品
Feature.NotApproved.Label.Sublabel.CommerceAlcoholAndAlcoholRelatedProducts,アルコール・アルコール関連製品
Feature.NotApproved.Label.Sublabel.CommerceAnimalsPlantsAndRelatedProducts,動物、植物、および関連製品
Feature.NotApproved.Label.Sublabel.CommerceAutomotiveProducts,自動車関連製品
Feature.NotApproved.Label.Sublabel.CommerceBabyPregnancyAndChildcareProducts,ベビー用品、妊婦向け用品、育児用品
Feature.NotApproved.Label.Sublabel.CommerceBeautyAndPersonalCare,美容・パーソナルケア製品
Feature.NotApproved.Label.Sublabel.CommerceDigitalProducts,デジタル製品
Feature.NotApproved.Label.Sublabel.CommerceDocumentsFinancialInstrumentsAndEconomicOpportunity,文書、金融商品、ビジネスチャンス
Feature.NotApproved.Label.Sublabel.CommerceElectronics,電子機器
Feature.NotApproved.Label.Sublabel.CommerceEvents,イベント
Feature.NotApproved.Label.Sublabel.CommerceFoodAndBeverages,食品・飲料
Feature.NotApproved.Label.Sublabel.CommerceGambling,ギャンブル
Feature.NotApproved.Label.Sublabel.CommerceGiftsCardsorDiscountCards,ギフトカードまたは割引カード
Feature.NotApproved.Label.Sublabel.CommerceHazardousMaterial,有害物質
Feature.NotApproved.Label.Sublabel.CommerceHealthcare,ヘルスケア製品
Feature.NotApproved.Label.Sublabel.CommerceHumanBodyPartsFluidsAndRelatedProducts,人体の一部分、体液、および関連製品
Feature.NotApproved.Label.Sublabel.CommerceIllegalProductsAndServices,違法な製品とサービス
Feature.NotApproved.Label.Sublabel.CommerceInsufficientProductDescription,製品の詳細の記載不備
Feature.NotApproved.Label.Sublabel.CommerceMisleadingBundledDigitalItem,誤解を招くバンドル（セット）販売のデジタルアイテム
Feature.NotApproved.Label.Sublabel.CommerceNoBundledDigitalItem,バンドル（セット）販売のデジタルアイテムはありません
Feature.NotApproved.Label.Sublabel.CommercePreOrder,予約販売
Feature.NotApproved.Label.Sublabel.CommercePreOwnedRecalledProducts,中古品またはリコール品
Feature.NotApproved.Label.Sublabel.CommerceSellerIntegrityViolation,販売者の誠実さに関する違反
Feature.NotApproved.Label.Sublabel.CommerceServices,サービス
Feature.NotApproved.Label.Sublabel.CommerceTobaccoAndEntheogens,タバコ・幻覚剤
Feature.NotApproved.Label.Sublabel.CommerceToysAndGames,おもちゃ・ゲーム
Feature.NotApproved.Label.Sublabel.CommerceWeaponsFirearmsAndRelatedProducts,武器、銃器および関連製品
Feature.NotApproved.Label.Sublabel.ContentMaturityMissingDescriptor,成熟度とコンプライアンスに関する不正確な質問票の提出
Feature.NotApproved.Label.Sublabel.ContentMaturityMissingModeratePlusDescriptor,
Feature.NotApproved.Label.Sublabel.ContentMaturityMissingSensitiveDescriptor,
Feature.NotApproved.Label.Sublabel.ContentMaturityMissingUnplayableDescriptor,
Feature.NotApproved.Label.Sublabel.ContentMaturityOffByMoreThanOneBucket,
Feature.NotApproved.Label.Sublabel.ContentMaturityOffByOneBucket,
Feature.NotApproved.Label.Sublabel.EconomicOpportunity,
Feature.NotApproved.Label.Sublabel.Emissive,
Feature.NotApproved.Label.Sublabel.ExperienceSpam,スパム行為
Feature.NotApproved.Label.Sublabel.FraudAbuseOfTheAffiliateSystem,アフィリエイトシステムの悪用
Feature.NotApproved.Label.Sublabel.FraudAttemptedUnauthorizedPaymentMethodUse,不正な支払い方法の使用を試みました
Feature.NotApproved.Label.Sublabel.FraudPaymentAbuse,不正な支払い
Feature.NotApproved.Label.Sublabel.FraudRepeatedRefundRequests,返金リクエストの繰り返し
Feature.NotApproved.Label.Sublabel.FraudSuspiciousAccountPatterns,不審なアカウント使用パターン
Feature.NotApproved.Label.Sublabel.FraudSuspiciousRefundRequests,不審な返金リクエスト
Feature.NotApproved.Label.Sublabel.FraudUnauthorizedPurchase,不正購入
Feature.NotApproved.Label.Sublabel.FraudUseOfUnauthorizedOffPlatformTransactions,Robloxのコンテンツに対するプラットフォーム外での不正な決済方法の使用
Feature.NotApproved.Label.Sublabel.FraudUseOfUnauthorizedPaymentMethod,不正な支払い方法の使用
Feature.NotApproved.Label.Sublabel.FraudVirtualEconomyAbuse,バーチャル経済活動の悪用
Feature.NotApproved.Label.Sublabel.RealLifeEvents,現実の出来事
Feature.NotApproved.Label.Sublabel.RomanceOrSex,恋愛または性的な内容
Feature.NotApproved.Label.Sublabel.TextScrubbed,不適切なバーチャル空間名または詳細
Feature.NotApproved.Label.Sublabel.TextScrubbed.Note,バーチャル空間名またはバーチャル空間の説明が不適切と判断されたため、いずれもプレースホルダーに変更されました。クリエーターハブまたはStudioで新しい名前と説明を作成できます。
Feature.NotApproved.Label.Sublabel.UGCBundleAccessories,アクセサリ（髪、しっぽ、追加の手肢など）
Feature.NotApproved.Label.Sublabel.UGCBundleBakedInAssets,ベイクした組み込みアセット
Feature.NotApproved.Label.Sublabel.UGCBundleClothing,衣装
Feature.NotApproved.Label.Sublabel.UGCBundleHead,動かない頭部
Feature.NotApproved.Label.Sublabel.UGCBundleInvisible,見えないボディパーツ
Feature.NotApproved.Label.Sublabel.UGCBundleMakeup,
Feature.NotApproved.Label.Sublabel.UGCBundleTattoos,タトゥー
Feature.NotApproved.Label.Sublabel.UGCDuplicate,重複コンテンツ
Feature.NotApproved.Label.Sublabel.UGCMiscategorization,誤分類
Feature.NotApproved.Label.Sublabel.UGCSpam,
Feature.NotApproved.Label.Suspension,使用停止
Feature.NotApproved.Label.Violation,違反
Feature.NotApproved.Label.WhatHappened,どうなっているの？
Feature.NotApproved.SubHeading.RuleExplanation.BullyingHarassmentDiscrimination,いじめや差別の禁止
Feature.NotApproved.SubHeading.RuleExplanation.Dating,恋愛やデートの禁止
Feature.NotApproved.SubHeading.RuleExplanation.DirectingUsersOffPlatform,リンクの共有やRoblox外での取引の禁止
Feature.NotApproved.SubHeading.RuleExplanation.MisusingRobloxSystems,チート行為や嘘、悪ふざけの禁止
Feature.NotApproved.SubHeading.RuleExplanation.PII,連絡先やアカウント情報の共有の禁止
Feature.NotApproved.SubHeading.RuleExplanation.RealLifeEvents,心を乱す出来事の再現やからかいは禁止
Feature.NotApproved.SubHeading.RuleExplanation.SSHAndIllegalRegulatedActivities,危険または有害な行動の禁止
Feature.NotApproved.SubHeading.RuleExplanation.Spam,迷惑メッセージはルール違反
Feature.NotApproved.SubHeading.RuleExplanation.Swearing,暴言の禁止
Feature.NotApproved.SubHeading.RuleExplanation.ViolentContentAndGore,過剰な暴力表現の禁止
Feature.NotApproved.Title.AvatarBrokeRules,あなたのアバターにルール違反がありました
Feature.Notifications.Action.PushUpsellAllow,許可する
Feature.Notifications.Action.PushUpsellNotNow,
Feature.Notifications.Action.SnoozeFifteenMinutes,15分
Feature.Notifications.Action.SnoozeFourHours,4時間
Feature.Notifications.Action.SnoozeOneDay,
Feature.Notifications.Action.SnoozeOneHour,
Feature.Notifications.Action.UntilITurnItBackOn,オンに戻すまで
Feature.Notifications.Heading.PushUpsellChat,連絡を取り合いましょう
Feature.Notifications.Heading.PushUpsellGeneric,お見逃しなく
Feature.Notifications.Heading.RemoveSnoozeFeedback,{title} の通知がミュート解除されました
Feature.Notifications.Heading.SnoozeFeedback,{title} の通知が {duration} 、ミュートされました
Feature.Notifications.Heading.TurnOnNotifications,通知をオンにする
Feature.Notifications.Label.GetUpdatesFromExperience,{experienceName} から退席中のアクティビティ更新を受け取りますか？
Feature.Notifications.Label.PushUpsellChat,チャットの更新履歴、パーティへの招待、コンテンツの提案などのプッシュ通知を許可。
Feature.Notifications.Label.PushUpsellGeneric,チャットメッセージ、招待、友達リクエストなどアクティビティの通知を受け取りましょう。
Feature.Notifications.Label.ReceiveActivityUpdates,離席中のアクティビティの更新を受け取る
Feature.Notifications.Label.SecondsAbbreviated,秒
Feature.Notifications.Response.NotificationsEnabledForExperience,{experienceName} の通知がオンになっています
Feature.Notifications.Webview.Title.ParentalControlsLaunch,保護者コントロールの更新
Feature.Notifications.Webview.Title.PolicyUpdate,ポリシーの更新
Feature.Notifications.Webview.Title.SpendingSettings,課金制限
Feature.PaidAccessPurchases.Webview.Title.Checkout,
Feature.PaidAccessRefunds.Webview.Title.RequestRefund,
Feature.Parents.Action.SendEmail,Eメールを送信
Feature.Parents.Description.EnterParentEmail.ChildInstructions,この手順については、保護者の方に手伝ってもらいましょう。年齢を確認して、アカウントと紐づけるために、保護者の方にメールをお送りします。
Feature.Parents.Description.EnterParentEmail.NoPC,保護者の方は、紐づけ後、お子様の特定の操作を許可できるようになります。
Feature.Parents.Description.EnterParentEmail.PC,保護者の方は、紐づけ後、保護者コントロール機能やお子様のスクリーン時間、課金などに関する使用状況についての洞察にアクセスできるようになります。
Feature.Parents.Description.EnterParentEmailV4,この手順は、保護者の方にお願いしてください。{lineBreak}当社から保護者の方には、年齢を確認し、あなたのアカウントと紐づけるようメールを送信します。{lineBreak}保護者の方は、紐づけした後に保護者コントロール機能、お子様のスクリーン時間や友達に関する使用状況などにアクセスできるようになります。
Feature.Parents.Description.EnterParentEmailWithoutParentalControl,この手順は、保護者の方にお願いしてください。{lineBreak}当社から保護者の方には、年齢を確認し、あなたのアカウントと紐づけるようメールを送信します。{lineBreak}保護者の方は、紐づけした後にお子様の特定の機能にアクセスできるようになります。
Feature.Parents.Description.ParentalEmailFooter,このメールアドレスは、保護者権限つきのRobloxアカウントに紐づけられます。当社のデータ慣行について詳しくは、 {linkStart}プライバシーポリシー{linkEnd}をごらんください。
Feature.Parents.Label.Email,
Feature.Parents.Label.ParentEmail,
Feature.Parents.Message.ConflictingPendingConsent,すでに許可をリクエストしています。新しいリクエストを送信するには、[設定] でリクエストをキャンセルしてください。
Feature.Parents.Message.EmailIneligible,このメールは対象外です。 Robloxで保護者権限のリクエストをするには、別のメールアドレスを使用してください。
Feature.Parents.Message.InvalidEmail,
Feature.Parents.Message.RequestCreatedEmailNotSent,Robloxアカウントを紐づけた後、保護者コントロールで保護者の方にこのリクエストが表示されます。
Feature.Parents.Message.SomethingWentWrong,
Feature.Parents.Message.TooManyAttemptAskParent,試行回数が多すぎます。すでに許可をリクエストしている場合は、保護者の方にEメールを確認してもらってください。
Feature.Parents.Message.TooManyAttempts,
Feature.Parents.Title.EnterParentEmail,
Feature.Parents.Title.EnterParentEmailV2,
Feature.Parents.Title.SomethingWentWrong,
Feature.PlatformRestriction.Action.Continue,
Feature.PlatformRestriction.Action.Pending,
Feature.PlatformRestriction.Action.Signout,
Feature.PlatformRestriction.Content.NeedPermission,Robloxを使用するには、保護者の許可が必要です。保護者の方が承認したら、ログアウトしてから再度ログインしてRobloxにアクセスしてください。
Feature.PlatformRestriction.Title.AskParent,
Feature.PlayerSearchResults.Action.AddFriend,
Feature.PlayerSearchResults.Label.FromSearch,サーチから
Feature.PlayerSearchResults.Label.KeywordTooShort,少なくとも3文字入力してください
Feature.PlayerSearchResults.Label.NewUsername,新しいユーザーネーム
Feature.PlayerSearchResults.Label.NoResultsFound,
Feature.PlayerSearchResults.Label.NoResultsTryAnotherWay,他の方法で友達を探してみてください。
Feature.PlayerSearchResults.Label.Previously,前の名前は
Feature.PlayerSearchResults.Label.ThisIsYou,これがあなたです
Feature.PlayerSearchResults.Label.You,あなた
Feature.PlayerSearchResults.Label.YouAreConnections,つながっています
Feature.PlayerSearchResults.Label.YouAreFollowing,フォローしています
Feature.PlayerSearchResults.Label.YouAreFriends,友達になりました
Feature.Profile.Action.AboutThisProfile,このプロフィールについて
Feature.Profile.Action.Accept,
Feature.Profile.Action.AcceptFriends,友達を承認する
Feature.Profile.Action.Add,
Feature.Profile.Action.AllRequestsIgnored,リクエストをすべて無視しました
Feature.Profile.Action.Chat,
Feature.Profile.Action.CopyProfileLink,プロフィールのリンクをコピー
Feature.Profile.Action.EditAppearance,外見を編集
Feature.Profile.Action.EditAvatar,アバターを編集
Feature.Profile.Action.EditBackground,背景を編集
Feature.Profile.Action.EditEmotes,リアクションを編集
Feature.Profile.Action.EditLook,ルックを編集
Feature.Profile.Action.JoinGame,
Feature.Profile.Action.Pending,
Feature.Profile.Action.Save,
Feature.Profile.Action.ShareProfile,プロフィールを共有
Feature.Profile.Action.ShareProfileLink,プロフィールのリンクを共有
Feature.Profile.Action.SwitchAvatar,アバターを切り替え
Feature.Profile.Action.ToQRCode,
Feature.Profile.Action.UserBlocked,ユーザーがブロックされています
Feature.Profile.Action.ViewFullProfile,プロフィール全体を表示
Feature.Profile.Action.ViewProfile,プロフィールを表示
Feature.Profile.Description.AboutModalCaption,みんなにあなたのことを知ってもらいましょう。安全を心がけて、詳しい個人情報を公開しないでください。
Feature.Profile.Description.InspectAndBuy,クリックしてルックを確認し、購入しましょう。
Feature.Profile.Description.QrCodeDescription,QRコードをスキャンしてもらって、Robloxでつながろう。年齢確認済みの13歳以上のユーザーがQRコードの直接スキャンでつながった場合、「信頼できる友達」として追加されます。
Feature.Profile.Description.QrCodeDescription.FriendsRename,他のユーザーにQRコードをスキャンしてもらって、Robloxでつながろう。年齢確認済みの13歳以上のユーザーはQRコードの直接スキャンでつながった場合、信頼する友達として追加されます。
Feature.Profile.Description.QrCodeScanning,他の方にデバイスのカメラでRobloxのQRコードをスキャンしてもらうと、すぐに友達として追加できます！
Feature.Profile.Description.RecognizeConnectionsByCustomName,カスタム名を設定するとつながっている人が分かりやすく表示されるようになります。連絡先やカスタム名からインポートされた名前はあなたにしか表示されません。
Feature.Profile.Description.RecognizeFriendsByCustomName,カスタム名を設定すると友達が分かりやすく表示されるようになります。連絡先やカスタム名からインポートされた名前はあなたにしか表示されません。
Feature.Profile.Description.SaySomething,
Feature.Profile.Description.ScanQR,QRコードのスキャンで知り合いに追加してもらいましょう。
Feature.Profile.Description.SetCustomName,"<font weight=""medium"">{displayName}</font> のカスタム名を設定。"
Feature.Profile.Description.SetCustomNameNoDisplayName,カスタム名を設定。
Feature.Profile.Description.SocialNetworksCaptionEveryone,現在、全員に表示中。
Feature.Profile.Description.SocialNetworksCaptionFollowers,現在、友達とフォロー中のユーザー、フォロワーに表示中。
Feature.Profile.Description.SocialNetworksCaptionFollowing,現在、友達とフォロー中のユーザーだけに表示中。
Feature.Profile.Description.SocialNetworksCaptionFriends,現在、友達だけに表示中。
Feature.Profile.Description.SocialNetworksCaptionNoOne,だれも閲覧できません。
Feature.Profile.Description.UsernameInsufficientFunds,ユーザーネームを変更するにはあと{icon}{rbx} 必要です。Robuxを買い足しますか？
Feature.Profile.Description.UsernamePrice,1000
Feature.Profile.Header.BuyWholeLook,全体のルックを買う
Feature.Profile.Header.InspectAndBuy,{username}さんのアバター
Feature.Profile.Header.InspectAndBuy.BuySection,合計（{numberOfSelectedItems}/{totalNumberOfItems}アイテム）
Feature.Profile.Header.InspectAndBuy.Tooltip,アバターを買う
Feature.Profile.Header.Inventory,
Feature.Profile.Header.Store,
Feature.Profile.Heading.AgedUpDisplayName,
Feature.Profile.Heading.AgedUpDisplayNameUpdated,名前を更新しました。
Feature.Profile.Heading.DisplayName,
Feature.Profile.Heading.DisplayNameUpdated,表示名が更新されました
Feature.Profile.Heading.EditAgedUpDisplayName,名前を編集
Feature.Profile.Heading.EditDisplayName,表示名を編集
Feature.Profile.Heading.InsufficientFunds,資金が足りません
Feature.Profile.Heading.ProfileFrame,プロフィールフレーム
Feature.Profile.Heading.ProfilePictureSaved,プロフィール写真が正常に保存されました
Feature.Profile.Heading.ProfileQRCode,
Feature.Profile.Heading.Statistics,
Feature.Profile.Heading.Username,
Feature.Profile.Heading.UsernameUpdated,ユーザネームが更新されました
Feature.Profile.Label.AboutDetailsHeading,{name}について
Feature.Profile.Label.AboutPlaceholder,発言してください...
Feature.Profile.Label.AddFriend,
Feature.Profile.Label.AgedUpDisplayNameCaption,これはRoblox（ロブロックス）で他のユーザーに表示されるメインの公開名です。本名など、友達があなたを認識できる名前を選択してください。
Feature.Profile.Label.AgedUpDisplayNameConnectionsCaption,これはRoblox（ロブロックス）で他のユーザーに表示されるメインの公開名です。本名など、あなたを認識できる名前を選択してください。
Feature.Profile.Label.AgedUpDisplayNameFailed,"名前を保存できません。別の名前をお試しください。
"
Feature.Profile.Label.AgedUpDisplayNameFriendsCaption,これはRobloxで他のユーザーに表示されるメインの公開名です。本名など、友達があなたを認識できる名前を選択してください。
Feature.Profile.Label.AgedUpDisplayNameModalCaption,"名前は7日に1回しか変更できません。
"
Feature.Profile.Label.AgedUpDisplayNameTooShort,
Feature.Profile.Label.Cancel,
Feature.Profile.Label.CustomName,カスタム名
Feature.Profile.Label.CustomizeName,名前をカスタマイズ
Feature.Profile.Label.CustomizeNamePlaceholder,
Feature.Profile.Label.DisplayNameCaption,これはRoblox（ロブロックス）で他のユーザーに表示されるメインの公開名です。
Feature.Profile.Label.DisplayNameFailed,表示名は保存できません。もう一度お試しください。
Feature.Profile.Label.DisplayNameModalCaption,表示名は7日に1回しか変更できません。
Feature.Profile.Label.DisplayNameTooShort,表示名は少なくとも3文字以上にしてください。
Feature.Profile.Label.EditBackground,
Feature.Profile.Label.NoBioYet,説明文がありません
Feature.Profile.Label.NoPreviousName,古い名前がありません
Feature.Profile.Label.NoSocialLink,まだSNSリンクがありません
Feature.Profile.Label.PlayedTogetherInGameDescription,{experience_name} で一緒にプレイしました
Feature.Profile.Label.PlayingExperience,<b>{experienceName}</b>をプレイ中
Feature.Profile.Label.QRCodeFriendRequest,QRコードから送信されました
Feature.Profile.Label.RecentAgedUpDisplayName,"最近、名前が変更されています。名前は7日ごとに1回しか変更できません。
"
Feature.Profile.Label.RecentDisplayName,最近、ディスプレイ名が変更されています。表示名は7日ごとに1回しか変更できません。
Feature.Profile.Label.UnableToJoin,参加できません
Feature.Profile.Label.UserIsPlayingExperience,<b>{userName}</b>さんは<b>{experienceName}</b>をプレイ中
Feature.Profile.Label.UsernameDescription,これはRoblox上でのあなたの一意の名前です。ユーザーネームの変更には {icon}{price} の費用がかかります。
Feature.Profile.Label.ViewDetails,
Feature.Profile.Message.BlockError,ユーザーをブロックできません。ブロックした人数が多すぎるかもしれません。
Feature.Profile.Message.FriendAdded,
Feature.Profile.Message.InvalidAliasError,名前を保存できません。別の名前をお試しください。
Feature.Profile.Message.NoExperienceAccess,{name} さんはあなたがアクセスできないバーチャル空間にいます。
Feature.Profile.Message.QRLoadFailed,ロードできませんでした。
Feature.Profile.Message.QRNofificationRequest,さんがQRコードから友達リクエストを送信しました
Feature.Profile.Message.QRNotificationRequest,
Feature.Profile.Message.QRNotificationRequest.FriendsRename,
Feature.Profile.Title.QrScanner,QRスキャナー
Feature.Profile.Tooltip.CurrencyTransfer.Body,Robuxを送られるようになりました。
Feature.Profile.Tooltip.CustomNameProfile,カスタム名を設定すると、もっと簡単に友達が分かるようになります。
Feature.Profile.Tooltip.DisplayName,友達に分かるように名前をアップデートしましょう。
Feature.Profile.Tooltip.QrScanner,友達を素早く追加するには友達のQRコードをスキャンしてください。
Feature.ProfileBadges.VerifiedBadgeInfo,このバッジは、所有者が優れた本物のクリエーターやブランド、または著名人であることを認証します。
Feature.ProfileBadges.VerifiedBadgeInfoLink,
Feature.ProfileBadges.VerifiedBadgeInfoTitle,認証済みバッジ
Feature.ProfileBadges.action.close,
Feature.QualtricsSurveyPrompt.Action.Cancel,
Feature.QualtricsSurveyPrompt.Action.Close,
Feature.QualtricsSurveyPrompt.Action.Continue,
Feature.QualtricsSurveyPrompt.Action.Done,
Feature.QualtricsSurveyPrompt.Action.Next,
Feature.QualtricsSurveyPrompt.Action.Retry,
Feature.QualtricsSurveyPrompt.Action.Send,
Feature.QualtricsSurveyPrompt.Description.Error,
Feature.QualtricsSurveyPrompt.Description.PromptText,こんにちは。 {DisplayName}さん、Robloxの改善にご協力ください。アンケートに答えてご意見をお聞かせください！
Feature.QualtricsSurveyPrompt.Description.TakeAQuickSurvey,簡単なアンケートに答えて、Robloxの改善にご協力ください。
Feature.QualtricsSurveyPrompt.Heading.GiveUsFeedback,ご意見・ご感想をお寄せください
Feature.QualtricsSurveyPrompt.Heading.Title,Robloxの改善に協力する
Feature.QualtricsSurveyPrompt.Heading.WebviewName,アンケート
Feature.QualtricsSurveyPrompt.Response.SurveySubmitted,ご意見・ご感想をありがとうございます。
Feature.Reauthentication.Message.Error.Default,
Feature.ReportAbuse.Action.Close,
Feature.ReportAbuse.Action.Continue,
Feature.ReportAbuse.Action.ContinueReport,規約違反の報告を続ける
Feature.ReportAbuse.Action.EnterChatLineReporting,
Feature.ReportAbuse.Action.ErrorModalGoBack,
Feature.ReportAbuse.Action.ReturnToExperience,バーチャル空間に戻る
Feature.ReportAbuse.Action.Submit,
Feature.ReportAbuse.Action.TextMute,{name} からのチャットをブロック
Feature.ReportAbuse.DSAIllegal.ReportLink,EUデジタルサービス法に基づく違法なコンテンツを報告。
Feature.ReportAbuse.DSAIllegal.ReportPageTitle,違法なコンテンツを報告
Feature.ReportAbuse.Description.IpInfringementReportModal,<b>このコードを保存してください。</b><b>クリエーターハブ</b>の<b>知的財産</b>ツール、またはメールを使って<b>削除リクエスト</b>を完了する際に必要になります（<i>詳細は利用規約を参照</i>）。<b>このコードの有効期限は48時間です。</b>
Feature.ReportAbuse.Heading.ReportAbuse,
Feature.ReportAbuse.Label.CategoryBullyingV2,いじめ、嫌がらせ、差別
Feature.ReportAbuse.Label.CategoryContent,不適切なコンテンツ - プレース、画像、モデル
Feature.ReportAbuse.Label.CategoryDating,恋愛関係
Feature.ReportAbuse.Label.CategoryInappropriate,不適切な言葉 - 暴言、アダルトコンテンツ
Feature.ReportAbuse.Label.CategoryOther,その他のルール違反
Feature.ReportAbuse.Label.CategoryPrivateInfo,個人情報の要求または提供
Feature.ReportAbuse.Label.CategoryScamming,不正行為、チート行為、詐欺
Feature.ReportAbuse.Label.CategoryTheft,アカウント窃盗 - フィッシング、ハッキング、アカウント売買
Feature.ReportAbuse.Label.CategoryThreats,リアルでの脅迫、自殺予告
Feature.ReportAbuse.Label.ChooseOne,一つ選ぶ
Feature.ReportAbuse.Label.Confirmation.Subheading,当社はあなたの報告をレビューして必要に応じて措置を取ります。みなさんからのご意見・ご感想はコミュニティを安全に保つのに役立っています。
Feature.ReportAbuse.Label.Confirmation.Title,ご報告ありがとうございます。
Feature.ReportAbuse.Label.FinishChatReport,チャットの報告を終了
Feature.ReportAbuse.Label.GenericReportIllegalContentMessage,違法なコンテンツや子どもに有害なコンテンツを報告
Feature.ReportAbuse.Label.Optional,
Feature.ReportAbuse.Label.PleaseSelectOne,1つ選択してください。
Feature.ReportAbuse.Label.Report,
Feature.ReportAbuse.Label.ReportSubmitted,
Feature.ReportAbuse.Label.SelectChatLine,報告するチャットを1つ選択
Feature.ReportAbuse.Label.SentInAnotherChat,別のチャットで送信済み
Feature.ReportAbuse.Label.SentPrivately,非公開で送信済み
Feature.ReportAbuse.Label.TakeItDownCopy,米国法典第47編第223a条で定義された、同意のない性的な画像を報告する。
Feature.ReportAbuse.Label.TellUsWhatHappened,何が起きたか教えてください。（任意）
Feature.ReportAbuse.Label.TellUsWhatHappenedNoOptional,何が起きたか教えてください。
Feature.ReportAbuse.Label.UserTextMuted,{name} からのチャットをブロックしました
Feature.ReportAbuse.Label.UserTextMutedError,{name} からのチャットをブロックできませんでした
Feature.ReportAbuse.Label.WhatWasWrong,どんな問題ですか？
Feature.ReportAbuse.Label.WhereDidItHappen,どこで起きましたか？
Feature.ReportAbuse.Label.YourReportCode,固有の報告コード：
Feature.ReportAbuse.Message.ChatLineReportingInfoText,規約違反の報告には、選択済みの内容を含む、このチャンネル上のすべてのメッセージが含まれます。
Feature.ReportAbuse.Message.ErrorBEDUIFetchFailed,報告を読み込めませんでした。もう一度試してください。
Feature.ReportAbuse.Message.ErrorSubmit,レポートの送信中にエラーが発生しました。
Feature.ReportAbuse.Message.ErrorSubmitFailure,報告を送信できませんでした。もう一度試してください。
Feature.ReportAbuse.Message.Loading,
Feature.ReportAbuse.Message.OSACopy1,報告内容を審査し、適切な対応をします。当社が報告のあったユーザーに対してあなたの情報を共有することはありません。
Feature.ReportAbuse.Message.OSACopy2,報告のあったユーザーまたはコンテンツは自動的にブロックされません。ユーザーとのやり取りを制限したい場合は、相手をブロックできます。
Feature.ReportAbuse.Message.OSACopy3,英国オンライン安全法に基づいて違法なコンテンツを報告できます。
Feature.ReportAbuse.Message.OSACopy4,違法なコンテンツや子供に有害なコンテンツを報告してください。
Feature.ReportAbuse.Message.OSACopyReadOnly,違法コンテンツおよび（または）子供に有害なコンテンツを報告するには、こちらへ: https://www.roblox.com/illegal-content-reporting
Feature.ReportAbuse.Message.Success,レポートを送信しました。
Feature.ReportAbuse.Message.ThankYouReport,ありがとうございました。当社は、お送りいただいた規約違反の報告を使ってRobloxをみなさんにとって楽しくて安全な場所にするように努めます。
Feature.ReportAbuse.Message.UserTextMuted,このバーチャル空間内では、ミュート済みの相手からテキストチャットを受信することはありません。
Feature.ReportAbuse.Message.UserTextMutedErrorDoesNotExist,{name} さんが見つかりません。すでにバーチャル空間から退出している可能性があります。
Feature.ReportAbuse.Message.UserTextMutedErrorSelf,自分のチャットはブロックできません。
Feature.ReportAbuse.Message.UserTextMutedSystem,ユーザー（ ‘{name}’ ）はミュートされています。元に戻すには ‘/unmute {name}' と入力してください。
Feature.ReportAbuse.Problem.Bullying,
Feature.ReportAbuse.Problem.Cheating,
Feature.ReportAbuse.Problem.Dating,恋愛関係・性的内容
Feature.ReportAbuse.Problem.Hate,ヘイト
Feature.ReportAbuse.Problem.Links,プラットフォーム外へのリンク
Feature.ReportAbuse.Problem.Personal,個人情報
Feature.ReportAbuse.Problem.Scamming,
Feature.ReportAbuse.Problem.Spamming,
Feature.ReportAbuse.Problem.Swearing,
Feature.ReportAbuse.Problem.Violence,
Feature.ReportAbuse.ProblemDescription.Bullying,いじめ、嫌がらせ、または脅迫
Feature.ReportAbuse.ProblemDescription.Cheating,ルール違反、ハックやコードを使用した悪用
Feature.ReportAbuse.ProblemDescription.Dating,デート、恋愛、または性的内容
Feature.ReportAbuse.ProblemDescription.Hate,ヘイト、中傷、または差別
Feature.ReportAbuse.ProblemDescription.Links,Roblox以外のウェブサイトやアプリへのリンク
Feature.ReportAbuse.ProblemDescription.Personal,
Feature.ReportAbuse.ProblemDescription.Scamming,詐欺、詐称、または偽の取引
Feature.ReportAbuse.ProblemDescription.Spamming,スパムまたは重複メッセージの送信
Feature.ReportAbuse.ProblemDescription.Swearing,暴言、罵り、または汚い言葉
Feature.ReportAbuse.ProblemDescription.Violence,極端な暴力または流血描写
Feature.ReportAbuse.Title.SelectInSceneContinueYourReport,
Feature.ReportAbuse.Title.SelectInSceneIpReport,知的財産侵害の報告を開始していただきありがとうございます
Feature.RobloxSubscription.Action.Subscribe,
Feature.RobloxSubscription.Action.TryItForFree,無料で試す
Feature.RobloxSubscription.Body.AlreadySubscribed,お持ちのPlus定期購入で、すでにゲーム内特典が提供されています。
Feature.RobloxSubscription.Body.GenericError,現在、この操作を完了できません。もう一度お試しください。
Feature.RobloxSubscription.Body.UnsupportedPlatform,この定期購入は、このデバイスではご購入いただけません。
Feature.RobloxSubscription.Description.AgeCheckTrial,年齢チェックで年齢をご確認ください。Robloxからのお礼として、Roblox Plusを1週間無料でご利用いただけます。この無料トライアルのご利用にお支払い方法の入力は必要ありません。
Feature.RobloxSubscription.Description.Benefit.Customize,プロフィールフレームとアプリのテーマでカスタマイズ
Feature.RobloxSubscription.Description.Benefit.DiscountV2,最初の60日間は10%オフ、その後はアイテムとアバターが20%オフ
Feature.RobloxSubscription.Description.ExclusiveBenefits,少ないRobuxでもっと楽しく。Roblox Plusを定期購入しましょう。
Feature.RobloxSubscription.Disclosure.BlackbirdTermsAgreement,"\u{201C}{ctaText}\u{201D}をクリックすると、<a href=""{termsUrl}"">Roblox定期購入規約</a>に同意したとみなされます。キャンセルするまで、毎月自動的に料金が課金されます。"
Feature.RobloxSubscription.Label.BlackbirdPSDiscount,無料プライベートサーバー
Feature.RobloxSubscription.Label.BlackbirdPriceTag,{price}/{periodType}
Feature.RobloxSubscription.Label.BlackbirdTr,Robuxを無料で送信
Feature.RobloxSubscription.Label.BlackbirdUpsellBanner,Roblox Plusで{discountPercentage}%オフに
Feature.RobloxSubscription.Label.BlackbirdVTDiscountFirst,ゲーム内アイテム、アバターなどが{discountPercent}%オフ
Feature.RobloxSubscription.Label.BlackbirdVTDiscountSecond,{periodIndex}{periodType}より後は、これらのアイテムが{discountPercent}%オフ
Feature.RobloxSubscription.Label.FreeTrialDisclosureShort,「続ける」をクリックすると、{linkStart}Roblox定期購入規約{linkEnd}に同意したものとみなされます。
Feature.RobloxSubscription.Label.FreeTrialDisclosureV2,「無料で試す」をクリックすると、{linkStart}Roblox定期購入規約{linkEnd}に同意したものとみなされます。無料トライアルは1か月で終了し、以降は毎月自動的に課金されますが、キャンセルはいつでも可能です。
Feature.RobloxSubscription.Label.FreeTrialText,無料トライアルを入手
Feature.RobloxSubscription.Label.RobloxPlusPriceRowV2,{boldStart}1か月無料、{boldEnd}その後{price}（{periodType}）
Feature.RobloxSubscription.Label.month,か月
Feature.RobloxSubscription.Label.months,
Feature.RobloxSubscription.Title.AgeCheckTrial,Plusを1週間無料で利用
Feature.RobloxSubscription.Title.AlreadySubscribed,うれしいお知らせです
Feature.RobloxSubscription.Title.GenericError,
Feature.RobloxSubscription.Title.GetBlackbird,Roblox Plusを取得する
Feature.RobloxSubscription.Title.UnsupportedPlatform,Roblox Plusはこちらではご利用いただけません
Feature.SafetyDashboard.Heading.AccountStatus.V2,アカウント状況、違反、異議申し立て
Feature.Schools.Action.AlreadyGraduated,卒業済みです
Feature.Schools.Action.CantFindSchool,学校が見つからない場合
Feature.Schools.Action.Continue,
Feature.Schools.Action.LeaveSchool,学校を削除
Feature.Schools.Action.Ok,
Feature.Schools.Action.PrivacyPolicy,
Feature.Schools.Action.Remove,
Feature.Schools.Action.ResendCode,
Feature.Schools.Action.Share,共有
Feature.Schools.Action.TermsOfService,
Feature.Schools.Action.UnidaysPrivacyPolicy,UNiDAYSプライバシーポリシー
Feature.Schools.Action.UnidaysTermsOfService,UNiDAYS利用規約
Feature.Schools.Body.EnterCode,UNiDAYSから、ワンタイムコードが記載されたメールが{user_email}に送信されました。以下にコードを入力して、あなたの学校を確認してください。
Feature.Schools.Body.UnidaysShare,あなたのメールアドレスは他のユーザーには表示されません。
Feature.Schools.Body.UnidaysTerms,当社は、UNiDAYSと提携して、あなたの学校のメールアドレスを確認します。「続ける」をクリックすると、UNiDAYSのサービス規約およびプライバシーポリシーに同意したものとみなされます。
Feature.Schools.Caption.AlumniGroupOnGraduate,卒業すると、{school}の卒業生グループに所属します。
Feature.Schools.Caption.RemovedOnGraduate,卒業すると、{school}から削除されます。
Feature.Schools.Description.CantFindSchoolNotify,学校がRobloxに登録され次第、通知します。
Feature.Schools.Description.CantVerifySchool,提供された情報から学校を確認できませんでした。
Feature.Schools.Description.ConnectWithFellowAlumni,他の卒業生とつながる
Feature.Schools.Description.FeatureAvailableBody,学校の友達を見つける。
Feature.Schools.Description.InviteFriendsExclusiveItem,他の人を招待して認証しましょう。学校が立ち上がったら無料アイテムが手に入ります。
Feature.Schools.Description.InviteFriendsUnlockSooner,該当校の卒業生グループがより早く立ち上がるよう協力しましょう。
Feature.Schools.Description.InviteOthersToVerify,他の人を招待して認証しましょう
Feature.Schools.Description.MoreVerifiedAlumniNeeded,認証済みの卒業生がもっと必要です
Feature.Schools.Description.NotAvailableInRegion,学校機能はまだ利用できません。
Feature.Schools.Description.RemoveSchoolBody,学校に再参加するには、学校のメールアドレスを再確認する必要があります。受け取った報酬アイテムはすべて削除されます。
Feature.Schools.Description.SchoolIsLiveBody,
Feature.Schools.Description.SchoolUnavailableBody,現在、この学校はRobloxでは利用できません。
Feature.Schools.Description.UpsellDisclaimer,学校の表示はその学校の人だけに行われます。学校の変更や削除はいつでも可能です。
Feature.Schools.Description.UpsellTagline,あなたと同じ学校の認証済みの生徒を見つけて、つながり、プレイしましょう。
Feature.Schools.Description.WaitlistAlumniBody,準備が整いました。該当校の卒業生グループが立ち上がり次第、通知します。
Feature.Schools.Description.WaitlistBody,あなたは創設メンバーです。クラスメートを招待して、一緒に学校を立ち上げましょう。
Feature.Schools.Error.AlreadyLinked,このメールアドレスは、すでに別のアカウントに紐づけられています。
Feature.Schools.Error.InvalidEmail,有効な学校のメールアドレスを入力してください。
Feature.Schools.Error.InvalidPassCode,このコードは間違っています。
Feature.Schools.Error.NotSchoolEmail,学校が発行したメールアドレスを使用してください。
Feature.Schools.Error.OtpAlreadyUsed,このコードはすでに使用済みです。
Feature.Schools.Error.OtpExpired,このコードは有効期限切れです。
Feature.Schools.Error.OtpInvalidFormat,このコードは形式が無効です。
Feature.Schools.Error.OtpTooManyAttempts,本日の最大試行回数に達しました。
Feature.Schools.Error.SomethingWentWrong,
Feature.Schools.Error.UnidaysEmailNotFound,UNiDAYSでこのメールアドレスが見つかりません。
Feature.Schools.Filter.AllYears,すべての年
Feature.Schools.Filter.Apply,
Feature.Schools.Filter.GradYear,卒業年
Feature.Schools.GiftForYou,受け取れるギフト
Feature.Schools.Heading.AddSchool,学校を追加
Feature.Schools.Heading.AddSchoolNow,クラスメートと一緒に参加
Feature.Schools.Heading.CantFindSchool,学校が見つかりません
Feature.Schools.Heading.CantVerifySchool,学校を確認できません
Feature.Schools.Heading.CheckYourEmail,メールをチェックしてください
Feature.Schools.Heading.EnterSchoolEmail,学校のメールアドレスを入力
Feature.Schools.Heading.InviteYourClassmates,クラスメートを招待する
Feature.Schools.Heading.InviteYourFriends,友達を招待する
Feature.Schools.Heading.JoinClassmates,
Feature.Schools.Heading.MembersWithCount,メンバー{count}人
Feature.Schools.Heading.RemoveYourSchool,
Feature.Schools.Heading.SchoolIsLive,あなたの学校が公開されました
Feature.Schools.Heading.SchoolUnavailable,あなたの学校は利用できません
Feature.Schools.Heading.SelectGraduationYear,卒業年度を選択
Feature.Schools.Heading.ShareWithFriends,友達と共有
Feature.Schools.Heading.ThanksForInterest,ご関心をお寄せくださりありがとうございます
Feature.Schools.Heading.YouJoinedSchool,{school}に参加しました！
Feature.Schools.Heading.YourFounderReward,あなたの創立者報酬
Feature.Schools.Label.AlumniGroupLaunches,卒業生グループの立ち上げ
Feature.Schools.Label.Classmates,
Feature.Schools.Label.ConfirmSchool,学校を選択
Feature.Schools.Label.ConnectWithClassmates,同級生とつながる
Feature.Schools.Label.DidntGetCode,コードを受信しませんでしたか？
Feature.Schools.Label.MoreToUnlockSchool,該当校の有効化まで、あと{count}人必要です
Feature.Schools.Label.ResendInSeconds,{time}後に再送信
Feature.Schools.Label.SchoolLaunches,学校の立ち上げ
Feature.Schools.Label.SchoolVerified,認証済みです
Feature.Schools.Label.Search,
Feature.Schools.Label.SuggestedEmail,もしかして：{email}
Feature.Schools.Label.UnlockAlumniGroup,保留中の卒業生グループ
Feature.Schools.Label.UpsellPerkFindFriends,学校の友達を見つける
Feature.Schools.Label.UpsellPerkPlayAndChat,オンライン状況を確認して、簡単に一緒にプレイ
Feature.Schools.Label.UpsellPerkTrends,学校でのトレンドを見つけよう
Feature.Schools.Placeholder.Email,生徒のメールアドレス
Feature.Schools.Placeholder.SixDigitCode,
Feature.Schools.RewardGiftBody,学校の確認ありがとうございます。新しいアイテムは [アバター] > [アクセサリー] > [背中] に追加されました。
Feature.Screentime.Content.ScreentimeLimitDialog,1日のスクリーン時間制限に達しました。また明日、Robloxにアクセスしてください。
Feature.Screentime.Description.HeartbeatConsecutiveFailure,内部エラーです。ログインし直してください。
Feature.Screentime.Description.MoreScreentimeDescription,スクリーン時間を一時的に延長します
Feature.Screentime.Heading.ScreentimeLimitDialog,1日のスクリーン時間制限に達しました。
Feature.Screentime.Label.FifteenMoreMinutes,あと15分間延長
Feature.Screentime.Label.FiveMoreMinutes,あと5分間延長
Feature.Screentime.Label.Options,スクリーン時間を延長
Feature.SecurityFeedback.Header.NewLogin,新しいアクティビティの通知
Feature.Settings.Description.AccountSettingsScan,"コンパニオンデバイスのカメラでQRコードをスキャン
してRobloxアプリのアカウント設定を開きます。"
Feature.Settings.Description.AccountSettingsWebsite,"プライバシー、セキュリティ操作などにアクセスするには
ウェブまたはコンパニオンデバイスにアクセスしてください。"
Feature.Settings.Description.CrossPlatform,"すべてのプラットフォームのユーザーとバーチャル空間に参加し、
より多くのバーチャル空間でより大勢の人に会えます。"
Feature.Settings.Description.PlatformAccountSettingsSuccess,{platform} 設定が正しく設定され、訪問する準備ができました！
Feature.Settings.Description.SwitchProfile,ここで {platform} のプロフィールを切りかえできます。
Feature.Settings.Heading.AccountSettings,
Feature.Settings.Heading.PlatformAccountSettings,{platform} の設定
Feature.Settings.Heading.SwitchProfile,プロフィールを切りかえ
Feature.Settings.Label.Allowed,許可済み
Feature.Settings.Label.CrossPlatform,クロスプレイ
Feature.Settings.Label.Disabled,オフ
Feature.Settings.Label.Disallowed,許可なし
Feature.Settings.Label.Enabled,オン
Feature.Settings.Label.Error,
Feature.Settings.Label.Loading,読み込み中
Feature.Settings.Label.Multiplayer,マルチプレイヤー
Feature.Settings.Label.Open,開く
Feature.Settings.Label.Recommended,
Feature.Settings.Label.SharedContent,共有済みコンテンツ
Feature.Settings.Subheading.AccountSettingsScan,QRコードをスキャン
Feature.Settings.Subheading.AccountSettingsWebsite,ウェブサイトに行く
Feature.SettingsHub.Action.AllowInSettings,設定で許可
Feature.SettingsHub.Action.CancelSearch,
Feature.SettingsHub.Action.InviteFriend,招待
Feature.SettingsHub.Action.NotNow,
Feature.SettingsHub.Action.Ok,
Feature.SettingsHub.Action.OpenSettings,
Feature.SettingsHub.Description.CameraPermissionRequestQRCode,QRコードをスキャンするには、カメラへのアクセスが必要です。
Feature.SettingsHub.Description.ContactsPermissionAndroid,"1. [権限] を選択
2. [連絡先] を選択
3. Robloxに [連絡先] へのアクセスを許可"
Feature.SettingsHub.Description.ContactsPermissionAndroidDeeplinkNotSupported,"1. [設定] > [権限] に移動
2. 連絡先を選択
3. Robloxに連絡先へのアクセスを許可"
Feature.SettingsHub.Description.ContactsPermissionIOS,友達とつながるには、Robloxが連絡先にアクセスできるようにします。
Feature.SettingsHub.Description.ContactsPermissionRequest,友達とつながるには、連絡先へのアクセスが必要です。
Feature.SettingsHub.Description.QRCodeCameraPermissionAndroid,"1. [権限] を選択
2. [カメラ] を選択
3. Robloxに [カメラ] へのアクセスを許可"
Feature.SettingsHub.Description.QRCodeCameraPermissionAndroidDeeplinkNotSupported,"1. 次に移動 [設定] > [権限]
2. [カメラ] を選択
3. Robloxに [カメラ] へのアクセスを許可"
Feature.SettingsHub.Description.QRCodeCameraPermissionIOS,QRコードをスキャンするには、Robloxにカメラへのアクセスを許可してください。
Feature.SettingsHub.Label.ConnectionsListLoadErrorMessage,つながりを読み込めませんでした。後でもう一度お試しください。
Feature.SettingsHub.Label.FriendsListLoadErrorMessage,友達を読み込めませんでした。後でもう一度お試しください。
Feature.SettingsHub.Label.InviteSearchNoResults,
Feature.SettingsHub.Label.Invited,招待済み
Feature.SettingsHub.Label.Moderated,
Feature.SettingsHub.Label.NoConnectionsPageMessage,つながりを追加して一緒に探検しましょう。
Feature.SettingsHub.Label.NoConnectionsScreen,つながりを追加して一緒に参加できるように招待しましょう！
Feature.SettingsHub.Label.NoFriendsPageMessage,友達を追加して一緒に探検しましょう。
Feature.SettingsHub.Label.NoFriendsScreen,友達を作って一緒に参加できるように招待しよう！
Feature.SettingsHub.Label.ReportComment,何が良くなかったかを分かるように説明してください。
Feature.SettingsHub.Label.SearchForFriendsPlaceholder.FriendsRename,
Feature.SettingsHub.Label.Sending,送信しています
Feature.SettingsHub.Prompt.AllowAccessToCamera,カメラへのアクセスを許可しますか？
Feature.SettingsHub.Prompt.AllowAccessToContacts,連絡先へのアクセスを許可しますか？
Feature.SettingsHub.Prompt.NeedCameraAccess,カメラへのアクセスが必要です
Feature.SettingsHub.Prompt.NeedContactsAccess,連絡先へのアクセスが必要です
Feature.SettingsHub.Prompt.RestartOnMicAccessChange,マイクへのアクセス設定の変更を適用するにはアプリを再起動する必要があります。
Feature.SettingsHub.Prompt.Subtitle.AllowMicrophoneAccess,ボイスチャットを開始するにはRobloxがマイクにアクセスできるようにしてください。
Feature.SocialShare.Action.CopyLink,
Feature.SocialShare.Action.Redirect,リダイレクト中...
Feature.SocialShare.Action.Share,
Feature.SocialShare.Description.InvalidLinkError,このリンクは存在しません。
Feature.SocialShare.Description.InviteExpiredError,招待リンクの有効期限が切れました。 {experienceName} に参加しますか？
Feature.SocialShare.Description.InviterNotHereError,招待者がバーチャル空間から退出しました。 {experienceName} に参加しますか？
Feature.SocialShare.Label.Copied,コピー済み
Feature.SocialShare.Label.CopyLinkToShareWithPeople,リンクをコピーして知り合いと共有
Feature.SocialShare.Label.InvalidLinkError,
Feature.SocialShare.Label.InviteExpiredError,招待リンクが期限切れです
Feature.SocialShare.Label.InviterNotHereError,ここには招待者がいません。
Feature.SocialShare.Response.Error,
Feature.SocialShare.Response.Error.Subtext,また後でお試しください。
Feature.SocialShare.ShareWithPeopleYouKnow,知り合いと共有する
Feature.SocialTab.Label.AddFriendHint,ここを押して友達を追加
Feature.SocialTab.Label.AddFriendHintBody,友達とロブロックスを楽しみましょう！
Feature.SocialTab.Label.Connect,
Feature.SocialTab.Label.CreateAndExploreGroups,コミュニティを作って活用
Feature.SocialTab.Label.Groups,
Feature.SongDetails.Action.Favorite,お気に入り登録
Feature.SongDetails.Action.Report,
Feature.SongDetails.Action.ReportAudio,音声を報告
Feature.SongDetails.Body.DescriptionTitle,
Feature.SongDetails.Label.DateUploaded,アップロード日時
Feature.SongDetails.Label.ExperiencesFeaturing,使用中のバーチャル空間
Feature.SongDetails.Label.ExperiencesFeaturingTrack,{trackName} を使用中のバーチャル空間
Feature.SongDetails.Label.Genre,
Feature.SongDetails.Label.InappropriateAudio,不適切な音声
Feature.SongDetails.Label.InappropriateThumbnail,不適切なサムネイル画像
Feature.SongDetails.Label.Length,長さ
Feature.SongDetails.Label.MonthlyListeners,月間リスナー数
Feature.SongDetails.Label.SongPreview,曲のプレビュー
Feature.SongDetails.Label.SongsAvailableBy,利用可能な {artistName} の曲
Feature.SongDetails.Label.SongsBy,{artistName} の曲
Feature.SongDetails.Label.ThousandPlus,1000曲以上
Feature.SongDetails.Label.Vendor,プロバイダ
Feature.Squads.Action.Add,追加する
Feature.Squads.Action.AddOthers,他の人を追加
Feature.Squads.Action.ConnectToVoice,ボイスに接続
Feature.Squads.Action.ContinueWithoutVoice,ボイスなしで続ける
Feature.Squads.Action.Delete,
Feature.Squads.Action.DisconnectFromVoice,ボイスを終了
Feature.Squads.Action.DontJoin,
Feature.Squads.Action.Edit,
Feature.Squads.Action.Invite,
Feature.Squads.Action.InviteAgain,もう一度招待
Feature.Squads.Action.Join,
Feature.Squads.Action.JoinWithParty,パーティと一緒に参加
Feature.Squads.Action.JoinWithPrivateParty,プライベートパーティで参加
Feature.Squads.Action.Ok,
Feature.Squads.Action.Party,パーティ
Feature.Squads.Action.Remove,外す
Feature.Squads.Action.Retry,
Feature.Squads.Action.ScheduleAParty,パーティの日程を設定する
Feature.Squads.Action.ScheduleParty,パーティを計画しよう
Feature.Squads.Action.Start,開始
Feature.Squads.Action.Switch,
Feature.Squads.Action.TapToStartNewParty,クリックして新規パーティを開始
Feature.Squads.Action.View,
Feature.Squads.Action.VoiceErrorGeneral,通話
Feature.Squads.Action.VoiceErrorPartyNotVoiceEligible,
Feature.Squads.Action.VoiceErrorUserIneligible,
Feature.Squads.Action.WaitingForParty,パーティ待機中
Feature.Squads.Action.Yes,
Feature.Squads.Description.AddFriends,追加する友達には、このグループ上のすべてのメッセージ履歴が表示されます。
Feature.Squads.Description.AlreadyJoined,すでにこのパーティに参加しています
Feature.Squads.Description.DeleteScheduledSquad,予定されているパーティを削除してもよろしいですか？
Feature.Squads.Description.DisconnectVoiceDueToLowMemory,デバイスのメモリが不足しています。ボイスを終了すると、Robloxがクラッシュするのを防ぎます。パーティにはそのまま残ります。
Feature.Squads.Description.FailedToJoin,パーティへの参加中に問題が発生しました。もう一度やり直してください。
Feature.Squads.Description.Going,行く予定
Feature.Squads.Description.Interested,興味あり
Feature.Squads.Description.InviteConnectionsToParty,選択済みのつながり（つながっている人）をパーティに招待するとグループにも招待することになります。つながりはチャット履歴を閲覧できます。
Feature.Squads.Description.InviteFriendsToParty,選択済みの友達をパーティに招待するとグループにも招待することになります。友達はチャット履歴を閲覧できます。
Feature.Squads.Description.Invited,
Feature.Squads.Description.InvitedToExperience,すでにバーチャル空間に招待されています。招待プロセスの完了後、もう一度やり直せます。
Feature.Squads.Description.JoinAnotherParty,現在、アクティブなパーティに参加しています。現在のパーティを退出して、このパーティに切り替えますか？
Feature.Squads.Description.JoinWithLowMemory,デバイスのメモリが不足しています。ボイスなしで接続すると、Robloxがクラッシュするのを防ぎます。
Feature.Squads.Description.LuckyRecommendationRevealed,グループ全員が参加できます
Feature.Squads.Description.LuckyRecommendationRolling,グループに適したものを見つける
Feature.Squads.Description.LuckyRecommendationRow,始めましょう！
Feature.Squads.Description.ManyPeopleActive,{userCount} 人がアクティブです
Feature.Squads.Description.NoResponse,返答がありません
Feature.Squads.Description.NotGoing,不参加
Feature.Squads.Description.OneOnOneExpandedChatFeaturesActivePartyError,拡張機能を備えた1対1のチャットは、パーティがアクティブな間はグループチャットに変換できません。
Feature.Squads.Description.OnePersonActive,1 人がアクティブです
Feature.Squads.Description.PartyEnded,パーティは終了しました。新しいパーティを結成しますか？
Feature.Squads.Description.PartyFull,現在、このパーティは満員です。再試行しますか？
Feature.Squads.Description.PleaseTryAgain,
Feature.Squads.Description.RemoveFromChat,この人をグループから削除しますか？
Feature.Squads.Description.RemoveFromParty,{displayName} はグループチャットから削除されます。
Feature.Squads.Description.ScheduledPartyAlreadyExists,選択した時間にはすでにパーティが予定されています
Feature.Squads.Description.Title,
Feature.Squads.Description.User,
Feature.Squads.Description.YouAddedMoreThanTwoToChat,グループに {username} さんとその他 {userCountMinusOne} 人のユーザーが追加されました
Feature.Squads.Description.YouAddedToChat,チャットに {username} さんを追加しました
Feature.Squads.Description.YouAddedTwoToChat,グループに {username1} さんと {username2} さんを追加しました
Feature.Squads.Description.YouHaveNoScheduledParties,今後のパーティーの予定はありません
Feature.Squads.Description.upsellInviteText,返信がありません。もう一度招待できます。
Feature.Squads.Label.AddFriends,友達を追加しますか？
Feature.Squads.Label.Audio,
Feature.Squads.Label.Connecting,接続中
Feature.Squads.Label.DeleteScheduledParty,予定されているパーティを削除
Feature.Squads.Label.DeletedScheduledParty,削除された日程設定済みのパーティ
Feature.Squads.Label.Error,
Feature.Squads.Label.Experience,
Feature.Squads.Label.FailedToJoin,パーティに参加できません
Feature.Squads.Label.FindExperiences,バーチャル空間を見つける
Feature.Squads.Label.FindExperiencesPlayTogether,一緒にプレイできるバーチャル空間を探す
Feature.Squads.Label.FriendJoinedYourParty,{combinedName}さんがパーティに参加しました
Feature.Squads.Label.InviteConnectionsConfirmation,選択済みのつながりをグループに招待しますか？
Feature.Squads.Label.InviteFriendsConfirmation,選択済みの友達をグループに招待しますか？
Feature.Squads.Label.InvitedToExperience,バーチャル空間に招待されました
Feature.Squads.Label.JoinAnotherParty,パーティを切りかえ
Feature.Squads.Label.JoinExperiencesTogether,一緒にバーチャル空間に参加
Feature.Squads.Label.JoinParty,パーティに参加
Feature.Squads.Label.LeaveParty,パーティから退出
Feature.Squads.Label.Loading,
Feature.Squads.Label.LowMemory,メモリ不足です
Feature.Squads.Label.LuckyRecommendationRevealed,これを試してみてください
Feature.Squads.Label.LuckyRecommendationRolling,ゲームを選ぶ
Feature.Squads.Label.LuckyRecommendationRow,何をプレイすればいいかわからないですか？
Feature.Squads.Label.MultiplePeopleJoinedYourParty,複数のユーザーがパーティに参加しました
Feature.Squads.Label.MuteMic,マイクをミュート
Feature.Squads.Label.Party,
Feature.Squads.Label.PartyCountStatus,{partyCount} 人がパーティに参加中
Feature.Squads.Label.PartyEnded,パーティは終了しました
Feature.Squads.Label.PartyEndedText,
Feature.Squads.Label.PartyFull,パーティは満員です
Feature.Squads.Label.PartyOperationFailed,パーティ関連の操作ができません
Feature.Squads.Label.PartyStartedText,パーティを開始しました
Feature.Squads.Label.PartyVolume,パーティの音量
Feature.Squads.Label.RemoveFromChat,グループから削除しますか？
Feature.Squads.Label.RemoveFromParty,パーティから削除
Feature.Squads.Label.ScheduledParty,スケジュール済みのパーティ
Feature.Squads.Label.SoloPlay,1人で参加
Feature.Squads.Label.StartParty,パーティを開始
Feature.Squads.Label.StartTime,開始時刻
Feature.Squads.Label.ThisFieldIsRequired,この欄は必須です
Feature.Squads.Label.TwoFriendsJoinedYourParty,{combinedName1}さんと{combinedName2}さんがパーティに参加しました
Feature.Squads.Label.UnmuteMic,マイクをミュート解除
Feature.Squads.Label.UpcomingParties,今後のパーティ
Feature.Squads.Label.UserDropdownMenuVoiceErrorUserIneligible,現在、相手が音声にアクセスできません
Feature.Squads.Label.UsersParty,{displayName}さんのパーティー
Feature.Squads.Label.ViewChat,チャットを表示
Feature.Squads.Label.ViewParty,パーティを表示
Feature.Squads.Label.VoiceChats,
Feature.Squads.Label.VoiceErrorGeneral,ボイスに接続されていません
Feature.Squads.Label.VoiceErrorPartyNotVoiceEligible,このパーティは音声を利用できません。フィルタ処理をゆるくしたボイスチャットができる新しいグループを作れます。
Feature.Squads.Label.VoiceErrorUserIneligible,現在、パーティのボイスチャットにアクセスできません
Feature.Squads.Label.Volume,
Feature.Squads.Label.WaitingForCombinedName,{combinedName} が参加するのを待っています
Feature.Squads.Label.WaitingForOthers, 他のプレイヤーを待っています
Feature.Squads.Label.WillYouJoinScheduledParty,{displayName}さんのパーティーに参加しますか？
Feature.Squads.Label.YouJoinedFriendParty,{combinedName} のパーティに参加しました
Feature.Subscription.Action.ReportSubscription,定期購入の規約違反を報告
Feature.Subscription.Action.SeeMore,
Feature.Subscription.Action.Subscribe,申し込む
Feature.Subscription.Action.SubscribePayAnotherWay,別の方法で支払う
Feature.Subscription.Action.SubscribeWithCreditDebitCard,クレジットカードかデビットカードで定期購入
Feature.Subscription.Action.SubscribeWithRobloxCredit,Robloxクレジットで定期購入
Feature.Subscription.Email.PricePerMonthLabel,{purchasePrice}/月額
Feature.Subscription.Error.GenericSubscribeError,定期購入（購読）手続き中に問題が発生しました。また後でお試しください。
Feature.Subscription.Footer.PurchasePromptLegalText,「定期購入」をクリックすると、利用規約に同意したものとみなされます。毎月自動的に料金が課金され、いつでもキャンセルできます。
Feature.Subscription.Heading.Subscriptions,
Feature.Subscription.Message.MonthlySpendRestrictionsMonthlyLimitExceed,保護者コントロールで設定された月間購入限度額に達しました。来月まで新しく購入することはできません。
Feature.Subscription.Message.ReportSubmitted,
Feature.Subscription.Text.DisclaimerTextMonthly,毎月更新。いつでもキャンセル可。
Feature.Subscription.Text.PerMonth,（月額）
Feature.Subscription.Text.Subscribed,定期購入/購読済み
Feature.Timeout.Label.OK,
Feature.Timeout.Prompt.BodyText,{rule}のため、アバターがリセットされました。マーケットプレイスは引き続きご利用いただけますが、アバターに変更を行っても{time}まで保存されません。
Feature.Timeout.Prompt.TitleText,アバターをリセットしました
Feature.Timeout.WarningBanner.DisabledMessage,アバターの保存が無効になっています
Feature.Timeout.WarningBanner.DisabledUntilMessage,アバターの保存は、{time}まで無効になっています
Feature.Toast.Heading.PurchaseMessage.Success,アンロック済み
Feature.Toast.Message.PurchaseMessage.SuccessV3,{gameName} へのアクセスを {price} Robuxでアンロックしました。
Feature.Toast.NetworkingError.Forbidden,権限がありません。
Feature.Toast.NetworkingError.NotFound,コンテンツが見つかりませんでした。
Feature.Toast.NetworkingError.ServiceUnavailable,
Feature.Toast.NetworkingError.SomethingIsWrong,問題が発生しました。もう一度お試しください。
Feature.Toast.NetworkingError.Timeout,タイムアウトしました。もう一度お試しください
Feature.Toast.NetworkingError.TooManyRequests,サーバーが混雑しています。後でもう一度お試しください。
Feature.Toast.NetworkingError.UnableToConnect,接続できませんでした。後でもう一度お試しください。
Feature.Toast.NetworkingError.Unauthorized,ログアウトされました。もう一度ログインしてください。
Feature.Toast.ScanQrCodeError.UnrecognizableQrCode,QRコードが認識できません。もう一度お試しください。
Feature.Toast.Username.Copied,ユーザーネームをクリップボードにコピーしました。
Feature.Toast.VoteError.AssetNotVoteable,バーチャル空間には投票できません。
Feature.Toast.VoteError.Default,動作が利用できません。
Feature.Toast.VoteError.FloodCheckThresholdMet,頻繁に投票しすぎです。
Feature.Toast.VoteError.PlayGame,評価する前に、このバーチャル空間に行くことが必須です。
Feature.UniversalFeatureRestrictions.AbuseVector.AgeVerification.DialogBody.Suspended,当社のコミュニティ基準に繰り返し違反したため、現在、年齢チェックを利用できません。制限が解除された後、もう一度お試しください。
Feature.UniversalFeatureRestrictions.AbuseVector.AgeVerification.DialogTitle.Suspended,年齢チェックの利用停止
Feature.UniversalFeatureRestrictions.AbuseVector.RobloxKick.DialogBody.Banned,度重なるルール違反または重大なルール違反により、このゲームへのアクセスが停止されました。
Feature.UniversalFeatureRestrictions.AbuseVector.RobloxKick.DialogBody.Suspended,あなたの言動にルール違反があったため、このゲームをプレイすることはできません。
Feature.UniversalFeatureRestrictions.AbuseVector.RobloxKick.DialogTitle.Banned,Robloxにより、このゲームの利用が停止されました
Feature.UniversalFeatureRestrictions.AbuseVector.RobloxKick.DialogTitle.Suspended.Day,Robloxにより、このゲームの利用が1日停止されました
Feature.UniversalFeatureRestrictions.AbuseVector.RobloxKick.DialogTitle.Suspended.Days,Robloxにより、このゲームの利用が{number}日間停止されました
Feature.UniversalFeatureRestrictions.AbuseVector.RobloxKick.DialogTitle.Suspended.Hour,Robloxにより、このゲームの利用が1時間停止されました
Feature.UniversalFeatureRestrictions.AbuseVector.RobloxKick.DialogTitle.Suspended.Hours,Robloxにより、このゲームの利用が{number}時間停止されました
Feature.UniversalFeatureRestrictions.AbuseVector.RobloxKick.DialogTitle.Suspended.Minute,Robloxにより、このゲームの利用が1分間停止されました
Feature.UniversalFeatureRestrictions.AbuseVector.RobloxKick.DialogTitle.Suspended.Minutes,Robloxにより、このゲームの利用が{number}分間停止されました
Feature.VerificationUpsell.Action.AddPhone,
Feature.VerificationUpsell.Action.AddPhoneVoice,ボイスチャット用の電話番号を追加
Feature.VerificationUpsell.Action.ChangeEmail,メールアドレスの変更
Feature.VerificationUpsell.Action.ChangeNumber,番号を変更
Feature.VerificationUpsell.Action.ChangePhoneNumber,電話番号を変更
Feature.VerificationUpsell.Action.CodeResent,
Feature.VerificationUpsell.Action.Continue,
Feature.VerificationUpsell.Action.ContinueLogOut,続けてログアウト
Feature.VerificationUpsell.Action.Edit,
Feature.VerificationUpsell.Action.EditPhoneNumber,電話番号を編集
Feature.VerificationUpsell.Action.EnableVoice,ボイスチャットをオンにする
Feature.VerificationUpsell.Action.GenericSkip,飛ばす
Feature.VerificationUpsell.Action.Logout,ログアウトする
Feature.VerificationUpsell.Action.Next,
Feature.VerificationUpsell.Action.NotNow,
Feature.VerificationUpsell.Action.NotNow.2,
Feature.VerificationUpsell.Action.Ok,
Feature.VerificationUpsell.Action.PrivacyPolicy,
Feature.VerificationUpsell.Action.ResendCode,
Feature.VerificationUpsell.Action.ResendConfirmationEmail,メールを再送
Feature.VerificationUpsell.Action.SendConfirmationEmail,
Feature.VerificationUpsell.Action.TermsOfUse,
Feature.VerificationUpsell.Action.TurnOn,
Feature.VerificationUpsell.Action.UserEmail,代わりにメールアドレスを使用
Feature.VerificationUpsell.Description.AddEmailTextOver13,購入を続けるには、メールアドレスを追加してください。
Feature.VerificationUpsell.Description.AddEmailTextUnder13,購入を続けるには、保護者のメールアドレスを追加してもらってください。
Feature.VerificationUpsell.Description.AddParentalEmail,アカウントの設定を完了して、ゲームの進行状況やアイテム、またはRobuxへのアクセスが失われないようにするには保護者の回復用メールアドレスを追加してください。
Feature.VerificationUpsell.Description.AddPhoneBody,WhatsApp またはショートメッセージ（SMS）経由でワンタイム認証コードを送信します。 メッセージ受信とデータ通信料金が適用される場合があります。
Feature.VerificationUpsell.Description.AddPhoneBodyVoice,
Feature.VerificationUpsell.Description.EnterPassword,パスワードを入力して下さい。
Feature.VerificationUpsell.Description.IDVerificationAddEmailText,年齢確認の前にメールアドレスを入力してください。これは、お持ちのアカウントにアクセスできなくなったときのための回復手段となります。	
Feature.VerificationUpsell.Description.LogoutAddEmailTextOver13,アクセス拒否されないように、ログアウトする前にメールアドレスを登録してください。
Feature.VerificationUpsell.Description.LogoutAddEmailTextUnder13,アクセス拒否されないように、ログアウトする前に保護者のメールアドレスを登録してください。
Feature.VerificationUpsell.Description.LogoutAddEmailTextUnder13V2,ロックアウトされないようにするには、ログアウトする前に保護者の回復用メールアドレスを追加してください。
Feature.VerificationUpsell.Description.LogoutAddPhoneTextV2,アカウントを素早く回復するには電話番号を追加してください。これをしないとゲーム進行やアイテム、Robuxへのアクセスが失われる可能性があります。
Feature.VerificationUpsell.Description.LogoutAddPhoneTextV3,アカウント復旧を迅速に行うため、電話番号を追加してください。電話番号は、ログインや友達とのつながりなどに役立ちます。
Feature.VerificationUpsell.Description.PhoneNumberNeverPublic,
Feature.VerificationUpsell.Description.ShortCodeLegalDisclaimerUA,「続ける」をクリックすると、 お使いの電話番号を送信し、当社の SMS利用規約 および プライバシーポリシー に同意したとみなされます。 一回限りの確認コードをお送りします。メッセージやデータの送受信料金が適用される場合があります。ヘルプが必要な場合は、「HELP」と書いて返信してください。
Feature.VerificationUpsell.Description.VerificationCodeSmsFeesMayApply,
Feature.VerificationUpsell.Description.VerifyEmailBody,当社から {emailAddress} に送信した確認メールにあるリンクをクリックしてください。
Feature.VerificationUpsell.Description.VoiceLegalConsent,音声サービスを有効にする目的や内容審査、安全性の確保、Robloxのサービスとツールの向上のためにRobloxによる私の音声の録音、収集、保存に同意します。
Feature.VerificationUpsell.Description.VoiceLegalConsent2,
Feature.VerificationUpsell.Description.VoiceLegalDisclaimer,「ボイスチャットをオンにする」を選ぶことにより、音声サービスを有効にする目的や内容審査、安全性の確保、Robloxのサービスとツールの向上のためにRobloxによる私の音声の録音、収集、保存に同意します。
Feature.VerificationUpsell.Description.VoiceLegalDisclaimer3,「確認する」を選択することで、音声サービスを有効にする目的や内容審査、安全性の確保、Robloxのサービスとツールの向上のためにRobloxによる自分の音声の収集、使用、保存に同意します。
Feature.VerificationUpsell.Heading.AddEmail,アカウントを認証してください
Feature.VerificationUpsell.Heading.FinishAccountSetup,アカウント設定を完了
Feature.VerificationUpsell.Heading.PhoneNumberVerified,電話番号の確認を完了！
Feature.VerificationUpsell.Heading.TryVoiceChat,ボイスチャットを試す
Feature.VerificationUpsell.Heading.VerificationCode,
Feature.VerificationUpsell.Heading.VerifiedSuccessfully.V2,認証完了！
Feature.VerificationUpsell.Heading.VerifyEmail,
Feature.VerificationUpsell.Heading.VerifyOnLogout,
Feature.VerificationUpsell.Heading.VerifyYourPhone,電話番号を確認
Feature.VerificationUpsell.Heading.VoiceChatEnabledMobile,ボイスチャットがオンになりました！バーチャル空間内で今すぐ試しましょう。
Feature.VerificationUpsell.Heading.VoiceChatError,電話番号を追加しました！[設定] > [プライバシー] > [マイクとカメラ入力] でボイスチャットをオンにしてください。
Feature.VerificationUpsell.Heading.VoiceChatJoinFailed,現在、ボイスチャットに参加できません。やり直してください
Feature.VerificationUpsell.Heading.VoiceChatTurnedOn,ボイスチャットがオンです
Feature.VerificationUpsell.Label.EmailInputPlaceholderOver13,
Feature.VerificationUpsell.Label.EmailInputPlaceholderUnder13,
Feature.VerificationUpsell.Label.EmailInputPlaceholderUnder13V2,保護者の回復用メールアドレス
Feature.VerificationUpsell.Label.EnterCode,{phoneNumber} に送信されたコードを入力
Feature.VerificationUpsell.Label.PasswordInputPlaceholder,アカウントのパスワードの確認
Feature.VerificationUpsell.Label.PhoneNumber,
Feature.VerificationUpsell.Label.SixDigitCode,
Feature.VerificationUpsell.Label.VerifyPhoneNumber,
Feature.VerificationUpsell.Label.Verifying,確認中
Feature.VerificationUpsell.Message.Confirmation,認証コードを {phoneNumber} にテキスト送信します。ショートメッセージ利用料金が発生する場合があります。
Feature.VerificationUpsell.Message.InvalidEmailAddress,
Feature.VerificationUpsell.Message.InvalidSmsCode,
Feature.VerificationUpsell.Message.WrongPassword,パスワードが間違っています。もう一度お試しください。
Feature.VerificationUpsell.Response.ErrorPhoneFormatInvalid,この電話番号の形式が無効です。確認してもう一度お試しください。
Feature.VerificationUpsell.Response.ErrorTryAgain,
Feature.VerificationUpsell.Response.InvalidPhoneNumberError,この電話番号は使用できません。別の電話番号を入力してください。
Feature.VerificationUpsell.Response.PhoneHasTooManyAssociatedAccounts,1つの電話番号に紐づけできるアカウント数が上限に達しました。
Feature.VerificationUpsell.Response.TooManyAttemptsTryAgainLater,
Feature.VirtualEvents.AttendanceBeforeEvent,
Feature.VirtualEvents.AttendanceDuringEvent,参加中
Feature.VirtualEvents.DescriptionLabel,
Feature.VirtualEvents.EnableNotificationsModalBody,Robloxを使っていないときでも興味のあるイベントについての更新をゲット。
Feature.VirtualEvents.EnableNotificationsModalTitle,イベントのプッシュ通知
Feature.VirtualEvents.EventCancelledText,このイベントはキャンセルされました。
Feature.VirtualEvents.EventNotFound,イベントが見つかりません
Feature.VirtualEvents.EventsListTitle,
Feature.VirtualEvents.GetNotifiedButton,有効化
Feature.VirtualEvents.GoHome,ホームに戻る
Feature.VirtualEvents.HostedByLabel,主催者：
Feature.VirtualEvents.Join,
Feature.VirtualEvents.JoinEvent,イベントに参加
Feature.VirtualEvents.Label.Challenge,チャレンジ
Feature.VirtualEvents.Label.DateAtTime,{date} {time}
Feature.VirtualEvents.Label.EarlyAccess,早期アクセス
Feature.VirtualEvents.Label.Ended,
Feature.VirtualEvents.Label.Expansion,拡張
Feature.VirtualEvents.Label.Festival,フェスティバル
Feature.VirtualEvents.Label.HappeningNow,
Feature.VirtualEvents.Label.InDays,{number}日後
Feature.VirtualEvents.Label.ItemDrop,アイテム投下
Feature.VirtualEvents.Label.MoreLevels,レベル増設
Feature.VirtualEvents.Label.NewContent,新着コンテンツ
Feature.VirtualEvents.Label.NewFeature,新機能
Feature.VirtualEvents.Label.NewLocation,新着エリア
Feature.VirtualEvents.Label.NewMap,新着マップ
Feature.VirtualEvents.Label.NewSeason,新シーズン
Feature.VirtualEvents.Label.Quest,クエスト
Feature.VirtualEvents.Label.Rating,高評価 {rating}%
Feature.VirtualEvents.Label.ReminderSetForEventTime,{eventName} のリマインダーが {eventTime} に設定されました。
Feature.VirtualEvents.Label.StartsInHours,{number}時間後
Feature.VirtualEvents.Label.StartsInMinutes,{number}分後
Feature.VirtualEvents.Label.StartsInOneDay,1日後
Feature.VirtualEvents.Label.StartsInOneHour,1時間後
Feature.VirtualEvents.Label.StartsNow,今すぐ開始
Feature.VirtualEvents.NotNowButton,
Feature.VirtualEvents.NotifyMe,
Feature.VirtualEvents.ShareModalBody,このイベントに人を招待するか、チャットでイベントについて共有するには、以下のイベントリンクをコピーしてください。
Feature.VirtualEvents.ShareModalCallToAction,チャットでシェア...
Feature.VirtualEvents.ShareModalLinkCopy,コピーする
Feature.VirtualEvents.ShareModalTitle,このイベントをシェアする
Feature.VirtualEvents.UnfollowEvent,イベントのフォロー解除
Features.Transfers.Action.BuyRobux,
Features.Transfers.Action.Continue,
Features.Transfers.Action.Ok,
Features.Transfers.Action.TurnOnTwoStepVerification,2段階認証をオンにする
Features.Transfers.Action.VPC.Ask,
Features.Transfers.Action.VPC.AskParentBodyReceive,Robuxを受け取るには、保護者の許可が必要です。
Features.Transfers.Action.VPC.AskParentBodySend,Robuxを送るには、保護者の許可が必要です。
Features.Transfers.Action.VPC.AskParentTitle,
Features.Transfers.Body.DailyLimitExceededError,1日に送信できるRobuxの上限を超えています。しばらくしてから、再度お試しください。
Features.Transfers.Body.DailyLimitTwoStepVerificationUpsell,Robuxの送信に関する1日の上限に達しました。2段階認証をオンにして、より高い上限が適用されるかどうかを確認しましょう。
Features.Transfers.Body.ExpiredTransferError,非アクティブ状態だったため、@{username}さんから送られたRobuxの受け取り期限が切れました。
Features.Transfers.Body.GenericReceiveError,現在、お使いのアカウントはRobuxを受け取れません。
Features.Transfers.Body.GenericSentError,問題が発生したため、Robuxが送信されませんでした。接続を確認して、もう一度お試しください。
Features.Transfers.Body.MonthlyLimitExceededError,1か月に送信できるRobuxの上限を超えています。しばらくしてから、再度お試しください。
Features.Transfers.Body.MonthlyLimitTwoStepVerificationUpsell,Robuxの送信に関する1か月の上限に達しました。2段階認証をオンにして、より高い上限が適用されるかどうかを確認しましょう。
Features.Transfers.Body.ReceiverLimitHitError,このユーザーは現在、この金額を受け取ることができません。送金額を少なくするか、後でもう一度お試しください。
Features.Transfers.Body.TransferAmountBelowMinimumError,{minAmount} Robux以上を送信してください。
Features.Transfers.Body.TransferAmountExceedsMaximumError,最大{maxAmount} Robuxまで送ることができます。
Features.Transfers.Body.UnableReceiveRobuxError,
Features.Transfers.Body.UnableSendRobuxError,現在、お使いのアカウントからRobuxを送信できません。
Features.Transfers.Error.GreaterThanMaxAmount,最大{amount} Robuxを送ることができます。
Features.Transfers.Error.InsufficientBalance,{amount} Robuxを購入してこの取引を完了しましょう。
Features.Transfers.Error.LowerThanMinAmount,Robuxを{amount}以上送信してください。
Features.Transfers.Label.ConnectedDays,つながり歴：{amount}日
Features.Transfers.Label.ConnectedDaysSingular,
Features.Transfers.Label.ConnectedMonths,つながり歴：{amount}か月
Features.Transfers.Label.ConnectedMonthsSingular,
Features.Transfers.Label.ConnectedSince,つながり歴：{year}年
Features.Transfers.Notification.ReceiveSuccess,すでにRobuxを受け取っています
Features.Transfers.RobuxTransfer.Action.Edit,
Features.Transfers.RobuxTransfer.Action.Next,
Features.Transfers.RobuxTransfer.Action.Send,
Features.Transfers.RobuxTransfer.Action.TryAgain,
Features.Transfers.RobuxTransfer.Disclaimer.AgeEstimationTransfer,Robuxを送信するには年齢チェックが必要です。一度送信すると、キャンセルすることはできません。
Features.Transfers.RobuxTransfer.Error.ReceiverNotAllowed,現在、@{username}さんはRobuxを受け取れません。
Features.Transfers.RobuxTransfer.Heading.SendRobux,Robuxを送信
Features.Transfers.RobuxTransfer.Label.JoinedInYear,{year}年に利用開始
Features.Transfers.RobuxTransfer.Label.MutualConnection,共通の友達{amount}人
Features.Transfers.RobuxTransfer.Label.MutualConnectionSingular,
Features.Transfers.RobuxTransfer.Label.NewConnection,
Features.Transfers.RobuxTransfer.Label.RecipientWillGet,受信者は、手数料を差し引いた{amount}Robuxを受け取ります。
Features.Transfers.RobuxTransfer.Label.RecipientWillGetInApp,受信者には、{amount}Robuxが届きます。
Features.Transfers.RobuxTransfer.Label.RecipientWillGetInGame,受信者には、手数料を差し引いた{amount}Robuxが届きます。ゲーム内送信には、{commissionPercentage}%のクリエーター手数料が含まれます。
Features.Transfers.RobuxTransfer.SentInstantNoFee,Robuxは手数料なしで即座に送信されます
Features.Transfers.RobuxTransfers.Label.SuccessNotification,{amount}Robuxを送信しました
Features.Transfers.Title.UpsellSubscription,
Features.Transfers.Transfer.Block.RequireReceiverFAE,Robuxを受け取ることができるように、年齢を確認しましょう。
Features.Transfers.Transfer.Block.RequireSenderFAE,Robuxを送れるように年齢確認をしましょう
Features.Transfers.Transfer.Body.RequireFAE,これにより、すべてのユーザーがRobuxを安全に送ったり受け取ったりできるようになります。
Features.Transfers.Transfers.Label.ReceivedNotification,{amount} Robuxを受け取りました
IAPExperience.BuyRobux.Alert.SuccessfulMessage,Robuxを購入できました！
IAPExperience.BuyRobux.Banner.Text,Robuxでアバターの更新を購入したり、バーチャル空間内での特殊能力を購入できます
IAPExperience.BuyRobux.Banner.Title,
IAPExperience.BuyRobux.Text.MoreRobux2,あと {robux} Robux
IAPExperience.InsufficientRobux.Action.BuyRobux,
IAPExperience.InsufficientRobux.Action.Cancel,
IAPExperience.InsufficientRobux.Action.RobuxStore,Robuxストアへ
IAPExperience.InsufficientRobux.Text.BuyRobux,{robux} を買ってこのアイテムを購入しましょう
IAPExperience.InsufficientRobux.Text.CurrentBalance,現在の残高
IAPExperience.InsufficientRobux.Text.DontHaveEnough,このアイテムを購入するには、Robuxが足りません。
IAPExperience.InsufficientRobux.Text.MissingRobux,Robuxの不足額
IAPExperience.InsufficientRobux.Text.YouNeed,追加で {robux} 必要です。Robuxのパッケージをもっと購入してから、バーチャル空間に戻ってきてください。
IAPExperience.InsufficientRobux.Title.InsufficientRobux,Robuxが足りません
IAPExperience.LeaveRoblox.Action.Cancel,
IAPExperience.LeaveRoblox.Action.Continue,
IAPExperience.LeaveRoblox.Text.ExternalWebsiteWarning,
IAPExperience.LeaveRoblox.Title.LeavingRoblox,Robloxから退出中
IAPExperience.Loading.Text.PurchasingItem,アイテムを購入中...
IAPExperience.Loading.Text.PurchasingRobux,Robuxを購入中...
IAPExperience.Loading.Text.WaitingForPurchase,購入まで待機中...
IAPExperience.Loading.Text.WaitingForRobux,Robuxが付与されるまで待機中...
IAPExperience.PremiumUpsell.Action.Subscribe,定期購入する
IAPExperience.PremiumUpsell.Body.RobuxDiscount,Robuxを購入すると10%の追加ボーナスつき
IAPExperience.PremiumUpsell.Label.AvatarShopBenefits,アバターショップでの限定アイテムと割引アイテムへのアクセス
IAPExperience.PremiumUpsell.Label.Disclosure,定期購入を <b>月額 {currencySymbol}{price} で申し込みます。いつでもキャンセルできます。</b> Robloxの利用規約とプライバシーポリシーが適用されます。
IAPExperience.PremiumUpsell.Label.PremiumBenefitListDesc,Robloxプレミアムに含まれるもの
IAPExperience.PremiumUpsell.Label.PremiumOnlyBenefits,プレミアム会員の限定特典へのアクセス
IAPExperience.PremiumUpsell.Label.PremiumPolicy,毎月更新。いつでもキャンセルできます。
IAPExperience.PremiumUpsell.Label.PremiumPrice,<b>{currencySymbol}{price}</b>/月額
IAPExperience.PremiumUpsell.Label.RobloxPremium,Robloxプレミアム
IAPExperience.PremiumUpsell.Label.RobuxPerMonth,月額 {robux}
IAPExperience.PremiumUpsell.Label.ShortDisclosure,Roblox利用規約とプライバシーポリシーが適用されます。
IAPExperience.PurchaseError.AlreadyPremium,開発者がRobloxプレミアムの購入をすすめているようですが、あなたはすでにプレミアム会員です！
IAPExperience.PurchaseError.Text.AlreadyOwn,
IAPExperience.PurchaseError.Text.AlreadySubscribed,定期購入は [設定] > [定期購入] から管理できます。
IAPExperience.PurchaseError.Text.EconomicRestrictionPromptTitle,この操作を完了できません
IAPExperience.PurchaseError.Text.EconomicRestrictionsDays,1件の違反により、この購入はできません: {violation}。 {day} 日後にもう一度お試しください。
IAPExperience.PurchaseError.Text.EconomicRestrictionsDaysGeneral,
IAPExperience.PurchaseError.Text.EconomicRestrictionsHours,1件の違反により、この購入はできません: {violation}。 {hour} 時間後にもう一度お試しください。
IAPExperience.PurchaseError.Text.EconomicRestrictionsHoursGeneral,
IAPExperience.PurchaseError.Text.FailedGrant,支払いは完了しましたが、まだRobuxを受け取っていません。後でもう一度お試しください。
IAPExperience.PurchaseError.Text.FailedGrantUnknown,アイテムを購入できませんでした。Robuxはアカウントから差し引かれていません。もう一度やり直してください。
IAPExperience.PurchaseError.Text.FailedRobuxPurchase,購入できませんでした。課金されていません。もう一度お試しください。
IAPExperience.PurchaseError.Text.Limited,この限定アイテムは、もう複製されていません。お持ちのアカウントは課金されていません。
IAPExperience.PurchaseError.Text.NotEnoughRobux,このアイテムを買うにはお手持ちのRobuxでは足りません。このバーチャル空間を終了して、Robuxのページで追加購入してください。
IAPExperience.PurchaseError.Text.NotForSale,
IAPExperience.PurchaseError.Text.NotForSaleExperience,
IAPExperience.PurchaseError.Text.Ok,
IAPExperience.PurchaseError.Text.ParentalLimit,保護者の方かアカウント所有者が設定した月ごとの購入限度額があるため、購入処理を完了できませんでした。保護者コントロールの設定内容が変更されない限り、来月まで何かを新規購入することはできません。
IAPExperience.PurchaseError.Text.ParentalRestrictionSubscription,月額利用制限のあるアカウントでは、定期購入をご利用いただけません
IAPExperience.PurchaseError.Text.PremiumOnly,
IAPExperience.PurchaseError.Text.PremiumPlatformUnavailable,Robloxプレミアムの購入は、お使いのプラットフォームでは対応していません。プレミアムを購入するにはデスクトップを使用してください。
IAPExperience.PurchaseError.Text.PurchaseLimit,購入額が上限に達したため、購入処理を完了できませんでした。24〜72時間以内にもう1度購入してみてください。もし、できない場合は、新規購入するためには、来月まで待つ必要があるかもしれません。購入限度額を変更したり削除したりすることはできません。
IAPExperience.PurchaseError.Text.RestrictedUser,このバーチャル空間のコンテンツにアクセスできません。
IAPExperience.PurchaseError.Text.SubscriptionNotForSale,現在、これは定期購入できません
IAPExperience.PurchaseError.Text.SubscriptionUnsupportedLocale,現在、この定期購入はお住まいの国ではご利用いただけません
IAPExperience.PurchaseError.Text.SubscriptionUnsupportedPlatform,ここでは、これを定期購入できません
IAPExperience.PurchaseError.Text.ThirdPartyDisabled,
IAPExperience.PurchaseError.Text.Under13,
IAPExperience.PurchaseError.Text.UnknownError,
IAPExperience.PurchaseError.Text.VpcRequired,保護者の方に手伝ってもらえば、このバーチャル空間のパスや定期購入をしたり、ストアページから購入できます。
IAPExperience.PurchaseError.Title.AlreadySubscribed,定期購入済み
IAPExperience.PurchaseError.Title.CantSubscribe,定期購入できません
IAPExperience.PurchaseError.Title.Error,
IAPExperience.PurchaseError.Title.RobuxPurchaseFailed,Robuxをゲットできません
IAPExperience.PurchasePrompt.Action.Buy,
IAPExperience.PurchasePrompt.Action.Cancel,
IAPExperience.PurchasePrompt.Body.PurchaseCompleted,{ITEM_NAME}の購入に成功しました。
IAPExperience.PurchasePrompt.Body.PurchaseItemsSuccess,アイテムの購入に成功しました。
IAPExperience.PurchasePrompt.BuyRobuxAndExperience,Robuxとバーチャル空間を買う
IAPExperience.PurchasePrompt.BuyRobuxAndSubscription,Robux購入とサブスクリプション（定期購入）
IAPExperience.PurchasePrompt.Header.BuyAvatar,
IAPExperience.PurchasePrompt.Header.BuyRobuxAndAvatar,Robuxとアバターを購入
IAPExperience.PurchasePrompt.Label.BlackbirdDiscount,Plus特典（{discountPercentage}%オフ）
IAPExperience.PurchasePrompt.Label.BlackbirdDiscountEligibleItems,Plus特典（対象アイテムが{discountPercentage}%オフ）
IAPExperience.PurchasePrompt.Label.BlackbirdDiscountNoPercent,Plusの特典
IAPExperience.PurchasePrompt.Label.BlackbirdSummary,Plusで{robuxIcon}{savingsAmount}お得に
IAPExperience.PurchasePrompt.Label.GenericDiscount,割引（{discountPercentage}%オフ）
IAPExperience.PurchasePrompt.Label.GenericDiscountNoPercent,割引
IAPExperience.PurchasePrompt.Label.Subtotal,小計
IAPExperience.PurchasePrompt.Label.SubtotalWithItemCount,小計（{itemCount}件のアイテム）
IAPExperience.PurchasePrompt.Label.Total,
IAPExperience.PurchasePrompt.Label.TotalPriceV2,合計金額
IAPExperience.PurchasePrompt.Text.BuyItemQuestion,「{name}」を購入しますか？
IAPExperience.PurchasePrompt.Text.BuyItemQuestionIncludingWarning,エンターテインメントのご利用はほどほどを心がけて、合理的にお使いください。「{name}」を購入しますか？
IAPExperience.PurchasePrompt.Text.Loading,
IAPExperience.PurchasePrompt.Text.RemainingBalance,決済後の残高：
IAPExperience.PurchasePrompt.Text.RemainingBalanceV2,この決済後の残高は {robux} になります
IAPExperience.PurchasePrompt.Text.TestPurchase,これはテスト購入です。お持ちのアカウントには課金されません。
IAPExperience.PurchasePrompt.Title.BuyExperience,バーチャル空間を買う
IAPExperience.PurchasePrompt.Title.BuyGamepass,パスを買う
IAPExperience.PurchasePrompt.Title.BuyItem,
IAPExperience.PurchasePrompt.Title.BuyItemV2,
IAPExperience.PurchasePrompt.Title.BuyItems,
IAPExperience.PurchasePrompt.Title.BuyRobuxAndItem,Robuxとアイテムを購入
IAPExperience.PurchasePrompt.Title.BuyRobuxAndItems,Robuxとアイテムを買う
IAPExperience.PurchasePrompt.Title.BuyRobuxOnly,
IAPExperience.PurchasePrompt.Title.PurchaseCompleted,
IAPExperience.PurchaseSuccess.Action.BackToGame,ゲームに戻る
IAPExperience.PurchaseSuccess.Action.BackToShop,ショップに戻る
IAPExperience.PurchaseSuccess.Action.Equip,アバターに装備
IAPExperience.PurchaseSuccess.Text.BalanceNow,現在の残高は {robux} です。
IAPExperience.PurchaseSuccess.Text.YouOwn,現在、 {name} を所有中！
IAPExperience.PurchaseSuccess.Title.PurchaseSucceeded,購入できました
IAPExperience.RobuxUpsell.Action.BuyRobux,
IAPExperience.RobuxUpsell.Action.BuyRobuxAndItem,
IAPExperience.RobuxUpsell.Action.Cancel,
IAPExperience.RobuxUpsell.Text.AdditionalRobux,あと {robux} 必要です。
IAPExperience.RobuxUpsell.Text.BestValue,ベストバリュー
IAPExperience.RobuxUpsell.Text.BetterValue,よりお得
IAPExperience.RobuxUpsell.Text.Bonus,ボーナス
IAPExperience.RobuxUpsell.Text.BonusBannerInfo,パソコンやウェブサイト、ギフトカード経由で購入すると毎回、ロバックスが最大25％増
IAPExperience.RobuxUpsell.Text.BonusBannerV1,🎉 パソコンで購入したため、ボーナス {robux} が含まれています！
IAPExperience.RobuxUpsell.Text.BuyRobuxQuestion,以下を購入しますか：
IAPExperience.RobuxUpsell.Text.DisclosurePayment,あなたの支払い方法に課金されます。
IAPExperience.RobuxUpsell.Text.DisclosureTerms,Roblox利用規約が適用されます。
IAPExperience.RobuxUpsell.Text.DisclosureTermsURL,Roblox {termsofuse} が適用されます。
IAPExperience.RobuxUpsell.Text.ForYou,
IAPExperience.RobuxUpsell.Text.LastPurchased,前回の購入
IAPExperience.RobuxUpsell.Text.Loading,
IAPExperience.RobuxUpsell.Text.MoreRobux,同じ価格でロバックスを増量
IAPExperience.RobuxUpsell.Text.NeedMoreRobux,Robuxがもっと必要です
IAPExperience.RobuxUpsell.Text.PopularItem,
IAPExperience.RobuxUpsell.Text.PurchaseNotAvailableOnHeadSet,ヘッドセットデバイスでは、まだRobuxの購入に対応していません。別のデバイス上でお試しください。
IAPExperience.RobuxUpsell.Text.RemainingBalance,残りの {robux} が残高に加算されます。
IAPExperience.RobuxUpsell.Text.TermsOfUse,
IAPExperience.RobuxUpsell.Text.VNGDisclosureTerms,Roblox-VNGの利用規約が適用されます。
IAPExperience.RobuxUpsell.Text.VNGDisclosureTermsURL,Roblox-VNGの {termsofuse} が適用されます。
IAPExperience.RobuxUpsell.Text.WouldYouBuy,{robux} のパッケージを購入しますか？
IAPExperience.RobuxUpsell.Title.InsufficientFunds,
IAPExperience.RobuxUpsell.Title.InsufficientRobux,
IAPExperience.SubscriptionPurchasePrompt.Label.GetSubscription,
IAPExperience.SubscriptionPurchasePrompt.Label.TestFlowDisclaimer,このダイアログはプレビューです。定期購入の詳細がユーザーにどのように見えているかを表しています。「申し込む」をクリックしても課金されません。
IAPExperience.U13Confirm.Action.Cancel,
IAPExperience.U13Confirm.Action.Confirm,
IAPExperience.U13Confirm.Text.ParentalConsentWarningPaymentModal13To17,私がアカウント所有者の親か法的な保護者であることを認めます。この購入を承認し、利用規約に同意します。
IAPExperience.U13Confirm.Text.U13MonthlyThreshold1Modal,
IAPExperience.U13Confirm.Text.U13MonthlyThreshold2Modal,
IAPExperience.U13Confirm.Text.U13PaymentModal,この購入には、実際のお金の交換が関わります。私の年齢が18歳以上であり、アカウント所有者の親か法的保護者であることを認めます。この購入を許可し、利用規約に同意します。
IAPExperience.U13Confirm.Title.Warning,
InGame.CommonUI.Button.KeepPlaying,
InGame.CommonUI.Button.Retry,
InGame.CommonUI.Label.FAQWebviewTitle,ボイスについてのよくあるご質問
InGame.ConnectionError.Action.JoinNewServer,新しいサーバーに参加
InGame.ConnectionError.Action.JoinTheLine,列に加わる
InGame.ConnectionError.Action.Restart,再起動
InGame.ConnectionError.Description.DontWantToWait,待ちたくない場合
InGame.ConnectionError.Description.FriendsServerIsFullJoiningNewServer,友達のサーバーは満員のため、新しいサーバーに参加しています。
InGame.ConnectionError.Description.FriendsServerIsFullWaitingToJoin,友達のサーバーは満員のため、参加待ちをしています。
InGame.ConnectionError.Description.WantToJoinYourFriend,友達のサーバーに参加しますか？
InGame.ConnectionError.Heading.VRDisconnected,ヘッドセットへの接続が切断されています
InGame.ConnectionError.Joining,サーバーに接続中
InGame.ConnectionError.Message.RestartApp,プレイし続けるには、アプリを再起動してください。
InGame.ConnectionError.PlacelaunchGameEnded,このバーチャル空間が終了したか、システムエラーが原因でサーバーが予期せず利用できなくなりました
InGame.ConnectionError.PlacelaunchHttpError,Httpエラーが発生しました。クライアントを閉じて、もう一度試してください。
InGame.ConnectionError.Queue,あなたの順番: {POSITION}
InGame.EmotesMenu.ErrorMessageAnimationPlaying,この動作中はリアクションを表示できません。
InGame.EmotesMenu.ErrorMessageNotSupported,ここではリアクションは使えません。
InGame.EmotesMenu.ErrorMessageSwitchToR15,リアクションを表示するにはR15アバターに切り替えてください。
InGame.EmotesMenu.ErrorMessageTemporarilyUnavailable,今はリアクションを使えません。
InGame.InspectMenu.Action.Cancel,
InGame.InspectMenu.Action.Confirm,
InGame.InspectMenu.Action.LimitReached,アイテム数が上限に達しました
InGame.InspectMenu.Action.SoldOut,
InGame.InspectMenu.Action.TryOn,つける
InGame.InspectMenu.Label.Avatar,{PLAYER_NAME} さんのアバター
InGame.InspectMenu.Label.OwnedItems,所有済みアイテム ({QUANTITY})
InGame.InspectMenu.Label.VerifiedAvatar,{PLAYER_NAME} {VERIFIED_BADGE} さんのアバター
InGame.UnknownNamespace.GameChat.FriendChatNotifier.JoinMessage,あなたの友達の{RBX_NAME}さんが、このバーチャル空間に参加しました。
InGame.UnknownNamespace.GameChat_ChatCommandsTeller_MuteCommand,/mute <スピーカー> : スピーカーをミュート。
InGame.UnknownNamespace.GameChat_ChatCommandsTeller_TeamCommand,/team <メッセージ> または /t <メッセージ> : 自分のチームメンバーにチームチャットを送る。
InGame.UnknownNamespace.GameChat_ChatCommandsTeller_UnMuteCommand,/unmute <スピーカー> : スピーカーのミュートを解除。
InGame.UnknownNamespace.GameChat_ChatCommandsTeller_WhisperCommand,/whisper <スピーカー> または /w <スピーカー> : プライベートメッセージチャンネルを開く
InGame.UnknownNamespace.GameChat_FriendChatNotifier_JoinMessage,あなたがつながっている {RBX_NAME} がバーチャル空間に参加しました。
InGame.UnknownNamespace.GameChat_PrivateMessaging_CannotWhisperToSelf,自分自身に話しかけることは出来ません。
InGame.UnknownNamespace.GameChat_TeamChat_NowInTeam,あなたは現在「{RBX_NAME}」チームに所属しています。
InstantApps.Shortcuts.Label.AddToHomeMenuItem,ホーム画面に追加
Luobu.Authentication.Login.Label.AntiAddictionText,
Luobu.Authentication.Login.Label.NetworkLicense,
Luobu.Authentication.Message.UnknownErrorTryAgain,不明なエラーが発生しました。アプリを再起動してください。
Luobu.Authentication.UserAgreementsPrompt.BodyText.Part1,
Luobu.Authentication.UserAgreementsPrompt.BodyText.Part2,
Luobu.Authentication.UserAgreementsPrompt.Button.Consent,
Luobu.Authentication.UserAgreementsPrompt.Button.Dissent,
Luobu.Authentication.UserAgreementsPrompt.Permissions.Camera.Description,
Luobu.Authentication.UserAgreementsPrompt.Permissions.Camera.Title,
Luobu.Authentication.UserAgreementsPrompt.Permissions.Description,
Luobu.Authentication.UserAgreementsPrompt.Permissions.Network.Description,
Luobu.Authentication.UserAgreementsPrompt.Permissions.Network.Title,
Luobu.Authentication.UserAgreementsPrompt.Permissions.Storage.Description,
Luobu.Authentication.UserAgreementsPrompt.Permissions.Storage.Title,
Luobu.Authentication.UserAgreementsPrompt.Title,
Luobu.Authentication.UserAgreementsSecondPrompt.BodyText.Part1,なし/A
Luobu.Authentication.UserAgreementsSecondPrompt.BodyText.Part2,N/A
Luobu.Authentication.UserAgreementsSecondPrompt.Button.Acknowledge,
Luobu.Authentication.UserAgreementsSecondPrompt.Title,
MobilePlatform.TutorialUpsell.Action.BeginTutorial,チュートリアルを開始
MobilePlatform.TutorialUpsell.Action.Skip,
MobilePlatform.TutorialUpsell.Label.StartWithATutorial,
MobilePlatform.TutorialUpsell.Label.TutorialDescription,プラットフォームの使い方を順を追って学びましょう。
Notifications.DesktopPushNotificationPrompts.Action.OK,
Notifications.DesktopPushNotificationPrompts.Description.EnablePrompt,通知をオンにして、更新や友達からのメッセージを受け取りましょう。設定画面でいつでも変更できます。
Notifications.DesktopPushNotificationPrompts.Description.MenuBarPrompt,Robloxはデバイスを起動した瞬間に開始し、終了してもメニューバーに留まります。これは設定画面でいつでも変更できます。
Notifications.DesktopPushNotificationPrompts.Description.SystemTrayPrompt,Robloxはデバイスを起動した瞬間に開始し、終了してもトレイに留まります。設定画面でいつでも変更できます。
Notifications.DesktopPushNotificationPrompts.Heading.EnablePrompt,バックグラウンドで連絡を取り合いましょう
Notifications.DesktopPushNotificationPrompts.Heading.SystemTrayPrompt,Roblox（ロブロックス）はいつでもワンクリックでアクセス
Notifications.DesktopPushNotificationPrompts.Label.GetNotifications,通知を受け取る
Notifications.NotificationStream.Bundle.ShowLess,
Notifications.NotificationStream.Bundle.ShowMoreV2,あと {notificationCount}
Notifications.NotificationStream.Label.AllCaughtUp,通知はありません。
Notifications.NotificationStream.Label.Notifications,
Notifications.SafetyAvatarModeration.Description.NotificationTypeInExpWarnMsg,アバターを変更してください。コミュニティ基準に違反するアバターを持つプレイヤーは、まもなくこのゲームの利用が停止されるようになります。
Notifications.SafetyAvatarModeration.Label.NotificationTypeInExpWarn,
Notifications.SquadRegroupPrompt.ToastAction.Dismiss,
Notifications.SquadRegroupPrompt.ToastAction.Join,
Notifications.SquadRegroupPrompt.ToastLabel.ContinuePlayingTogether,一緒にプレイを続ける
Notifications.SquadRegroupPrompt.ToastLabel.JoinANewServer,新しいサーバーに参加しよう
Notifications.ToastNotifications.Label.LeaveExperienceConfirmation,退出してから新しいセッションに参加しますか？
Notifications.ToastNotifications.Title.LeavingExperience,バーチャル空間から退出中
PlayerFeedbacks.VoteForm.Message.Action.Report,
PlayerFeedbacks.VoteForm.Message.MaxLengthCharacters,{count} 文字未満にしてください。
PlayerFeedbacks.VoteForm.Message.MinLengthCharacters,{count} 文字以上にしてください。
PlayerFeedbacks.VoteForm.Message.ReportAbuseInsteadLong,安全に関する問題がありましたか？ <u>規約違反の報告はこちら</u>。
PlayerFeedbacks.VoteForm.Message.SubmitSuccess,
PlayerFeedbacks.VoteForm.PromptBanner.GiveFeedbackButton,
PlayerFeedbacks.VoteForm.PromptBanner.Message,回答内容は、匿名でクリエーターと共有されます
PlayerFeedbacks.VoteForm.PromptBanner.Title,このバーチャル空間の向上に協力する
PlayerFeedbacks.VoteForm.PromptBanner.TitleOnly,このバーチャル空間の向上のためクリエーターに協力する
Purchasing.PurchaseDialog.Heading.PendingDeveloperProductLimitReached,購入できません
Purchasing.PurchaseDialog.Message.PendingDeveloperProductLimitReached,新しく製品を購入する前にバーチャル空間に参加して購入済みアイテムを引き換えましょう。
Purchasing.PurchaseDialog.Message.PendingDeveloperProductOnHome,購入したものを受け取るには参加
Purchasing.RobloxProducts.Label.RobuxBalance,残高: {var1} Robux
Roblox.ReferralRewards.AdditionalCreatorTerms,その他のクリエーター規約
Roblox.ReferralRewards.Expires,有効期限：
Roblox.ReferralRewards.ReferralProgramTerms,紹介プログラム規約
Roblox.ReferralRewards.RewardBannerBody,友達を招待すると『{gameName}』から {rewardName}がもらえます。規約が適用されます。
Roblox.ReferralRewards.RewardBannerHeader,{rewardName} をゲット！
Roblox.ReferralRewards.RewardBannerModalCreatorSupport,この報酬は {creatorName} により提供されています。サポートが必要な場合やご質問は、クリエーターに直接お問い合わせください。
Roblox.ReferralRewards.RewardBannerModalRewardDetails,報酬の詳細
Roblox.ReferralRewards.RewardBannerModalTitle,友達紹介報酬
Search.GlobalSearch.Action.LoadMore,
Search.GlobalSearch.Example.SearchCatalog,カタログをサーチ
Search.GlobalSearch.Example.SearchGames,
Search.GlobalSearch.Example.SearchMarketplace,マーケットプレイスをサーチ
Search.GlobalSearch.TopResultsLabel,検索トップ
Verification.Identity.Action.SkipVoiceChat,ボイスチャットなしで参加
Verification.Identity.Heading.LetsChat,チャットしましょう！
Verification.Identity.Heading.V2LetsChat,
Verification.Identity.Heading.YourNewWayToChat,新しいチャットの仕方です！
Verification.Identity.Label.AgeVerifyPrompt,Robloxを最大限に活用するには年齢確認をしてください！
Verification.Identity.Label.ConnectingToMobile,お持ちのモバイルに接続中
Verification.Identity.Label.DontShowAgain,次回から表示しない
Verification.Identity.Label.EnableChatWithVoice,このバーチャル空間で音声を使ってチャットするには、マイクをオンにします。
Verification.Identity.Label.EnableMicrophone,マイクを有効化
Verification.Identity.Label.EnableVoiceChat,
Verification.Identity.Label.EnableVoiceChat1,このバーチャル空間内でボイスチャットをオンにします。
Verification.Identity.Label.EnableVoiceChat2,発言するときは、当社の <b>コミュニティ基準</b> に従い、規約違反をしている人がいたら報告してください。
Verification.Identity.Label.HavingTroubleScanCode,問題が発生していますか？上のQRコードをスキャンして認証プロセスを再開してください。
Verification.Identity.Label.JoinWithoutMicrophone,マイクなしで参加する
Verification.Identity.Label.LearnMoreAboutVoiceRecording,音声録音についての詳細
Verification.Identity.Label.PleaseDoNotClose,認証プロセスが完了するまでこのウィンドウを閉じないでください。
Verification.Identity.Label.UpdatingRoblox,Robloxプロフィールを更新中
Verification.Identity.Label.UsesVoiceChat,このバーチャル空間はボイスチャットを使用しています。ボイスチャットをオンにすると、音声対応のバーチャル空間でマイク入力が使用されます。
Verification.Identity.Label.V2ClickToConsent,音声サービスを有効にする目的や内容審査、安全性の確保、当社のサービスとツールの向上のためにRobloxによる私の音声の録音、収集、保存に同意します。
Verification.Identity.Label.V2EnableVoiceChat,
Verification.Identity.Label.V2EnableVoiceChat1,このバーチャル空間内で会話するにはボイスチャットをオンにします。
Verification.Identity.Label.V2JoinWithout,
Verification.Identity.Label.VerificationWaitingForResults,結果を待っています
Verification.Identity.Label.VerifyInBrowser,続けるには、お持ちのモバイルブラウザの認証手続きを完了してください。
Verification.Identity.Label.VerifyingYou,本人確認中
Verification.Identity.Label.VoiceCollectionConsent,有効化をクリックすることで、内容審査と安全、クオリティ向上の理由、安全対策ツールと音声処理ツール向上の目的でのみ、Robloxによる音声録音の収集、使用、保管に同意します。
Verification.Identity.Label.VoiceCollectionConsent2,
Xbox.Old.ActiveUserLostConnectionPhrase,ユーザー「%s」がログアウトしました。続行したいコントローラの「A」を押してください。
Xbox.Old.ActiveUserLostConnectionTitle,アクティブユーザーを削除しました
Xbox.Old.AlertOccurredTitle,警告を発しました
Xbox.Old.CPPWelcomePhrase,"デスクトップ、スマートフォン、タブレットを含む全てのプラットフォーム上の人たちとXbox One上でRobloxに参加することが可能になりました！

つまり、使用機種を問わず、友達と一緒に探索できて、さらに多くのバーチャル空間でさらに大勢の人たちに出会えるということです！オプションは、アカウント設定で変更可能です。"
Xbox.Old.CPPWelcomeTitle,クロスプラットフォームプレイにようこそ！
Xbox.Old.ControllerLostConnectionPhrase,ユーザー「%s」 のコントローラが切断されました。続行したいコントローラの「A」を押してください。
Xbox.Old.ControllerLostConnectionTitle,コントローラがありません
Xbox.Old.DefaultAlertPhrase,Robloxに接続できませんでした。しばらくしてからやり直してください。
Xbox.Old.PlatformLinkInfoMessage,あなたの新しいRobloxアカウントを作成しました。すべてのバーチャル空間での進行状況と購入アイテムはこのRobloxアカウントに保存されます。どのプラットフォームからでもサインインしてプレイを続行できます！
Xbox.Old.PlatformLinkInfoTitle,Roblox（ロブロックス）へようこそ！
Xbox.Old.PlayMyPlaceMoreGamesPhrase,Roblox.com にサインインしてもっとバーチャル空間を制作したり、作品を編集したりしましょう！
Xbox.Old.PlayMyPlaceMoreGamesTitle,マイ・バーチャル空間
Xbox.Old.ReauthInvalidSessionPhrase,すべてのRobloxセッションからサインアウトしました。
Xbox.Old.ReauthMaintenancePhrase,現在、メンテナンス中です。まもなく復旧します。
Xbox.Old.ReauthMaintenanceTitle,メンテナンス中
Xbox.Old.ReauthRemovedPhrase,アクティブなユーザーにおいて変更が検出されました。再度サインインしてください。
Xbox.Old.ReauthRemovedTitle,ユーザーを変更しました
Xbox.Old.ReauthSignedOutPhrase,Xbox Liveアカウントからログアウト完了しました。再開するにはサインインしてください。
Xbox.Old.ReauthSignedOutTitle,ログアウト完了
Xbox.Old.ReauthUnknownPhrase,エラーが発生したのでサインアウトしました。訪問を続けるには、もう一度サインインしてください。
Xbox.Old.ReauthUnlinkPhrase,Robloxアカウントのリンク解除に成功しました。再度サインインするか、Robloxアカウントを新規登録するか選択可能です。
Xbox.Old.ReauthUnlinkTitle,アカウントがリンク解除されました
Xbox.Old.ResizeScreenInputHint,画面をサイズ変更
Xbox.Old.ResizeScreenPrompt,右スティックを使って端を調整してホワイトボックスが画面の外に出るようにする
Xbox.Old.ScreenSizeWord,画面サイズ
Xbox.Old.UnlockedUGCPhrase,5つの注目のバーチャル空間を訪問したので、コミュニティメンバーが制作した全種類のバーチャル空間にアクセスできるようになりました！「見つけよう」の画面に行ってアンロックした新しいバーチャル空間の数々をみてみましょう！
Xbox.Old.UnlockedUGCTitle,すべてのバーチャル空間をアンロック済み！
