Key,Value
AccountIdentity.AgeCheck.Label.AgeBandOver13,13세 이상
AccountIdentity.AgeCheck.Label.AgeBandOver13Checked,나이가 13세 이상으로 확인되었습니다
AccountIdentity.AgeCheck.Label.AgeBandOver18,18세 이상
AccountIdentity.AgeCheck.Label.AgeBandOver18Checked,나이가 18세 이상으로 확인되었습니다
AccountIdentity.AgeCheck.Label.AgeBandUnder13,13세 미만
AccountIdentity.AgeCheck.Label.AgeGroup13To15,13~15세
AccountIdentity.AgeCheck.Label.AgeGroup16To17,16~17세
AccountIdentity.AgeCheck.Label.AgeGroup18To20,18~20세
AccountIdentity.AgeCheck.Label.AgeGroup18To24,만 18~24세
AccountIdentity.AgeCheck.Label.AgeGroup9To12,9-12
AccountIdentity.AgeCheck.Label.AgeGroupOver21,21세 이상
AccountIdentity.AgeCheck.Label.AgeGroupOver25,만 25세 이상
AccountIdentity.AgeCheck.Label.AgeGroupUnder9,5~8세
Amp.AccountSettingsUpsell.Email.Button.Cancel,취소
Amp.AccountSettingsUpsell.Email.Button.Settings,설정
Amp.AccountSettingsUpsell.Email.Modal.ContentText,"이 체험을 이용하려면 이메일 인증을 진행하세요.

1. 설정 메뉴에서 계정 정보로 이동합니다.
2. 이메일 주소 추가를 선택합니다.
3. 인증 절차를 진행합니다.
"
Amp.AccountSettingsUpsell.Email.Modal.Title,이메일 인증 필요
Amp.AccountSettingsUpsell.Phone.Button.Cancel,
Amp.AccountSettingsUpsell.Phone.Button.Settings,
Amp.AccountSettingsUpsell.Phone.Modal.ContentText,"이 체험을 이용하려면 휴대폰 인증을 진행하세요.

1. 설정 메뉴에서 계정 정보로 이동합니다.
2. 휴대폰 번호 추가를 선택합니다.
3. 인증 절차를 완료합니다."
Amp.AccountSettingsUpsell.Phone.Modal.Title,휴대폰 인증 필요
Amp.ErrorScreen.BodyText,액세스 상태를 가져오지 못했습니다
Amp.ErrorScreen.Cancel,
Amp.ErrorScreen.Retry,다시 시도
Amp.ErrorScreen.Title,오류가 발생했어요
Amp.ErrorScreen.UserMismatchBody,다른 계정의 QR 코드를 스캔하셨습니다. 계속하려면 계정을 전환하고 다시 스캔하세요.
Amp.ErrorScreen.UserMismatchTitle,잘못된 계정입니다
Amp.FAEUpsell.Modal.ExternalLink.ButtonCancel,
Amp.FAEUpsell.Modal.ExternalLink.ButtonStart,계속하기
Amp.FAEUpsell.Modal.ExternalLink.Text,이렇게 하면 더 많은 게임과 채팅 같은 기능을 이용할 수 있습니다.
Amp.FAEUpsell.Modal.ExternalLink.Title,나이 확인
Amp.FAEUpsell.Modal.Failed.ButtonClose,닫기
Amp.FAEUpsell.Modal.Failed.ButtonRetry,
Amp.FAEUpsell.Modal.Failed.Text,오류가 발생했어요. 나중에 다시 시도하세요.
Amp.FAEUpsell.Modal.Failed.Title,나이 확인 오류
Amp.FAEUpsell.Modal.Loading.ButtonCancel,
Amp.FAEUpsell.Modal.Loading.Text,이 과정에는 다소 시간이 걸릴 수 있습니다. 취소하시면 나이가 확인되지 않을 수도 있습니다.
Amp.FAEUpsell.Modal.Loading.Title,나이 확인 중
Amp.FAEUpsell.Modal.QRCode.Description,나이 확인을 완료하여 더 많은 게임과 기능을 이용하세요. 휴대폰 또는 태블릿으로 이 QR 코드를 스캔하세요.
Amp.FAEUpsell.Modal.QRCode.Footer,스캔하지 않으시겠어요? 모바일 기기에서 Roblox 앱을 다운로드하고 설정 > 계정 정보로 이동하세요.
Amp.FAEUpsell.Modal.QRCode.Title,모바일 앱에서 나이 확인을 완료하세요.
Amp.IDVErrorScreen.Close,
Amp.IDVErrorScreen.Declined,죄송합니다. 보안상의 이유로 인증이 거부되었습니다. 다시 시도하려면 며칠 후에 다시 확인하세요.
Amp.IDVErrorScreen.Retry,문제가 발생했어요. 페이지를 새로 고침하고 다시 시도하세요.
Amp.IDVErrorScreen.Timeout,죄송합니다. 인증 절차가 만료되었습니다. 페이지를 새로 고침한 후 다시 시도하세요.
Amp.IDVErrorScreen.Title,인증 실패
Amp.IDVUpsell.Button.Cancel,
Amp.IDVUpsell.Button.StartVerification,인증 시작
Amp.IDVUpsell.Directions.IDBody,"운전면허증, 여권, 신분증, 체류허가증"
Amp.IDVUpsell.Directions.IDHeader,유효한 신분증을 준비하세요
Amp.IDVUpsell.Directions.PhoneBody,계속하려면 스마트폰이 필요합니다
Amp.IDVUpsell.Directions.PhoneHeader,스마트폰을 사용하세요
Amp.IDVUpsell.Modal.Disclaimer,참고: 제삼자 서비스 제공업체를 통해 본인 인증 절차를 시작하려고 합니다. 본 절차 과정에서 수집되는 정보는 계정 보안 및/또는 Roblox 기능 활성화 목적으로 사용됩니다.
Amp.IDVUpsell.Modal.PrivacyLinkText,Roblox 개인 생체정보 처리방침
Amp.IDVUpsell.Modal.QRHeaderText,QR 코드를 스캔해 시작하세요
Amp.IDVUpsell.Modal.Title,나이 인증 필요
Amp.IDVUpsell.PrivacyPageHeader,개인정보 처리방침
Amp.Upsell.Action.AskNow,지금 요청하기
Amp.Upsell.Description.PrologueEnablePurchase,"지역별 제한으로 인해, 구매에 보호자의 동의가 필요합니다."
Amp.Upsell.Description.PrologueJoinExperience,이 체험에 참가하려면 보호자의 허락을 받아야 합니다.
Amp.Upsell.Description.PrologueTextVpc,보호자의 허락을 받아야 합니다.
Amp.Upsell.Description.PrologueUnblockUser,{displayName} 님을 차단 해제하려면 보호자 동의가 필요합니다
Amp.Upsell.Message.EmailSent,{parentEmail}(으)로 이메일이 전송되었습니다
Amp.Upsell.Message.EmailSentPluralParent,연결된 보호자 이메일 주소로 이메일이 전송되었습니다
Amp.Upsell.Title.AskYourParent,보호자에게 요청하세요
Amp.Upsell.Title.RequestSent,요청 전송 완료
Application.ConnectionError.Action.Ok,확인
Application.ConnectionError.ErrorCode,오류 코드: {errorCode}
Application.Logout.Action.Logout,로그아웃
Application.Logout.Message.Confirmation,정말로 로그아웃할까요?
Application.Logout.Title.Logout,
Application.Settings.AccountSettingsTitle,계정 설정
Application.Settings.AppSettingsTitle,앱 설정
Application.Settings.DeviceSettings.Title,기기 설정
Application.Settings.VR.Comfort.Description,움직임과 시야를 조정해 멀미를 줄입니다.
Application.Settings.VR.Comfort.Profile.Description,사전 설정 중 하나를 선택하거나 '사용자 정의'를 선택하여 컴포트 옵션을 수동으로 설정하세요.
Application.Settings.VR.Comfort.Profile.Option.Comfort,편안함
Application.Settings.VR.Comfort.Profile.Option.Custom,사용자 지정
Application.Settings.VR.Comfort.Profile.Option.Default,기본
Application.Settings.VR.Comfort.Profile.Option.Expert,전문가
Application.Settings.VR.Comfort.Profile.Title,컴포트 프로필
Application.Settings.VR.Comfort.SafetyBubbleMode.Description,나에게 가까워져도 페이드 아웃 처리하지 않을 사용자를 선택하세요.
Application.Settings.VR.Comfort.SafetyBubbleMode.Option.Anyone,모두
Application.Settings.VR.Comfort.SafetyBubbleMode.Option.NoOne,없음
Application.Settings.VR.Comfort.SafetyBubbleMode.Option.OnlyFriends,친구만
Application.Settings.VR.Comfort.SafetyBubbleMode.Title,안전 영역
Application.Settings.VR.Comfort.SteppedRotationEnabled.Description,"부드럽게 연속적으로 움직이는 대신, 정해진 각도로 나누어 시야를 회전시키는 이동 설정입니다."
Application.Settings.VR.Comfort.SteppedRotationEnabled.Title,단계적 회전
Application.Settings.VR.Comfort.ThirdPersonFixedCamEnabled.Description,부드러운 카메라 움직임으로 인해 발생하는 멀미 방지에 도움이 됩니다. 플레이어가 움직일 때 카메라는 제자리에 머물다가 곧바로 플레이어 뒤를 비춥니다. 3인칭에서만 작동합니다.
Application.Settings.VR.Comfort.ThirdPersonFixedCamEnabled.Title,3인칭 컴포트 카메라
Application.Settings.VR.Comfort.Title,컴포트 설정
Application.Settings.VR.Comfort.VignetteEnabled.Description,멀미를 방지하거나 줄이기 위해 움직일 때 시야를 줄이는 컴포트 설정입니다.
Application.Settings.VR.Comfort.VignetteEnabled.Title,컴포트 비네트
Application.Settings.VRAccountSettingsExplanation,"개인정보 보호, 보안 제어 등에 액세스하려면
웹 또는 호환 기기를 이용하세요."
Application.Settings.VRAccountSettingsSubtitle,웹 또는 호환 기기 이용
Application.Settings.VolumeSliderDescription,"메뉴 효과, 게임 사운드, 음성 채팅 등 Roblox에서의 전반적인 사운드 볼륨을 제어합니다."
Authentication.AccountPicker.Button.CreateAccount,계정 생성
Authentication.AccountPicker.Button.SignIntoAnotherAccount,다른 계정에 로그인
Authentication.AccountPicker.Label.AllAccounts,모든 계정
Authentication.AccountPicker.Label.Manage,관리
Authentication.AccountPicker.Label.ManageAccounts,계정 관리
Authentication.AccountPicker.Label.RemoveAccount,계정을 삭제할까요?
Authentication.AccountPicker.Label.RemoveAccountCancel,
Authentication.AccountPicker.Label.RemoveAccountDescription,다시 로그인하기 전까지 이 기기에서 더는 해당 계정을 볼 수 없습니다.
Authentication.AccountPicker.Label.RemoveAccountRemove,삭제
Authentication.AccountPicker.Label.SignedOut,로그아웃되었습니다
Authentication.AccountRecovery.Action.AddAPasskey,"네, 새 패스키를 추가합니다"
Authentication.AccountRecovery.Action.Continue,
Authentication.AccountRecovery.Action.Delete,제거
Authentication.AccountRecovery.Action.DeleteAll,변경 사항 제거
Authentication.AccountRecovery.Action.DontDeleteCredentials,전체 유지
Authentication.AccountRecovery.Action.Next,다음
Authentication.AccountRecovery.Action.Ok,
Authentication.AccountRecovery.Action.ResetPassword,비밀번호 재설정
Authentication.AccountRecovery.Action.Save,유지
Authentication.AccountRecovery.Action.SendCode,인증 코드 받기
Authentication.AccountRecovery.Action.SkipAddingPasskey,"아니요, 이 단계를 건너뜁니다"
Authentication.AccountRecovery.Action.UpdatePassword,비밀번호 업데이트
Authentication.AccountRecovery.Action.UseAnotherMethod,다른 방법 사용
Authentication.AccountRecovery.Action.UseBackupCode,백업 코드 사용
Authentication.AccountRecovery.Action.UseEmail,이메일 사용
Authentication.AccountRecovery.Action.UseEmailInstead,대신 이메일 사용
Authentication.AccountRecovery.Action.UsePhone,전화번호 사용
Authentication.AccountRecovery.Action.UsePhoneInstead,대신 전화번호 사용
Authentication.AccountRecovery.Action.UseUsernameEmailInstead,사용자 이름이나 이메일을 사용하세요
Authentication.AccountRecovery.Description.AccountSecuredConfirmation,모든 변경 사항이 제거되었습니다.
Authentication.AccountRecovery.Description.CannotRecoverAccount,"보안을 위해, 2단계 인증이 활성화된 계정을 복구하려면 다른 인증 방법이 하나 더 필요합니다. 이 계정에는 안전한 복구를 위한 백업 방법이 없습니다. 기본 2단계 인증 방법을 다시 사용해 보거나, 백업 코드를 사용하여 2단계 인증 챌린지를 건너뛰세요."
Authentication.AccountRecovery.Description.ChooseAccount,복구하려는 계정을 선택합니다.
Authentication.AccountRecovery.Description.CreateNewPassword,기존 비밀번호와 다른 강력한 비밀번호를 만드세요.
Authentication.AccountRecovery.Description.CreateNewPasswordAddEmail,새 비밀번호를 생성하고 이메일을 추가하면 나중에 계정을 보호하는 데 도움이 됩니다.
Authentication.AccountRecovery.Description.DeviceDoesNotSupportPasskey,강화된 보호 프로그램에 등록되어 있습니다. 계정 보안을 유지하려면 로그인할 때 패스키 또는 보안 키가 필요합니다. 이 기기는 패스키를 지원하지 않으므로 로그인하기 어려울 수 있습니다. 앞으로는 빠른 로그인을 사용하여 다른 로그인 기기에서 로그인할 수 있습니다.
Authentication.AccountRecovery.Description.EmailCodeSent,이 이메일 주소의 Roblox 계정이 있는 경우 인증 코드를 받습니다. 스팸 폴더를 포함한 모든 받은 편지함 폴더를 확인하세요.
Authentication.AccountRecovery.Description.EmailCodeSentForUser,제공해 주신 이메일 주소가 계정으로 연결된 경우 해당 주소로 6자리 인증 코드가 발송되었을 것입니다. 스팸 폴더를 포함한 모든 받은 편지함 폴더를 확인하세요.
Authentication.AccountRecovery.Description.EmailUnavailableInfo,일부 이메일은 연령 변경으로 인해 조정되어 사용할 수 없을 수 있습니다. 하지만 계정 복구에는 계속 사용할 수 있습니다.
Authentication.AccountRecovery.Description.EnhancedProtectionAddPasskey,강화된 보호 프로그램에 등록되어 있습니다. 계정 보안을 유지하려면 로그인할 때 패스키 또는 보안 키가 필요합니다.{lineBreak}{lineBreak}개인 기기를 사용하는 경우 지금 새 패스키를 설정하는 것을 권장드립니다. 그러면 나중에 이 기기에서 쉽게 로그인할 수 있습니다. 공유 기기 또는 공용 기기를 사용하는 경우 이 단계를 건너뛰세요.
Authentication.AccountRecovery.Description.EnterABackupCode,이제 저장해 둔 백업 코드를 입력하세요.
Authentication.AccountRecovery.Description.EnterContactMethodAssociatedWithYourAccount,"계정과 연동된 이메일 또는 전화번호를 입력합니다. 만약 이전에 구매한 이력이 있는 경우, 청구 이메일을 사용해 보세요."
Authentication.AccountRecovery.Description.EnterEmailAddress,이제 이메일 주소를 입력하세요. Roblox에서 구매에 사용한 이메일 주소도 가능합니다.
Authentication.AccountRecovery.Description.EnterPhoneBackupCodeOrAnotherEmail,"이제 전화번호나 백업 코드, 다른 이메일 주소를 입력하세요. Roblox에서 구매에 사용한 이메일 주소도 가능합니다."
Authentication.AccountRecovery.Description.EnterPhoneNumberSecondMethod,이제 회원님의 계정과 연결된 전화번호를 입력하세요.
Authentication.AccountRecovery.Description.EnterPhoneOrAnotherEmail,이제 전화번호나 다른 이메일 주소를 입력하세요. Roblox에서 구매에 사용한 이메일 주소도 가능합니다.
Authentication.AccountRecovery.Description.InvalidateCredentialInfo,회원님이 진행하지 않은 것으로 보이는 보안 변경 사항을 발견했습니다. 본인이 변경한 것이 아닌 경우 제거해 주세요.
Authentication.AccountRecovery.Description.InvalidateCredentialsIntro,
Authentication.AccountRecovery.Description.InvalidateCredentialsWarning,알 수 없는 변경 사항을 유지하면 계정이 위험에 처할 수 있습니다. 제거된 변경 사항은 되돌릴 수 없습니다.
Authentication.AccountRecovery.Description.KeepTwoStepMethodDynamic,계정에서 {twoStepMethod} 기능을 사용하도록 설정하셨습니다. 계속 액세스할 수 있다면 유지하세요. 다시 로그인하실 때 사용하도록 요청드리겠습니다.
Authentication.AccountRecovery.Description.NoChangesMade,추가적인 보호 수단을 설정하여 계정 보안을 유지하세요.
Authentication.AccountRecovery.Description.PhoneCodeSent,이 전화번호의 Roblox 계정이 있는 경우 인증 코드를 받습니다. SMS 또는 WhatsApp을 확인하세요.
Authentication.AccountRecovery.Description.PhoneCodeSentForUser,제공해 주신 전화번호가 계정으로 연결된 경우 해당 번호로 6자리 인증 코드가 발송되었을 것입니다. 코드가 WhatsApp 메시지나 SMS 형식으로 전송되었을 수 있습니다.
Authentication.AccountRecovery.Description.PlatformNotSupported,해당 플랫폼 및 기기에서는 계정 복구가 지원되지 않습니다. 확인을 선택하여 이 창을 닫고 로그인 페이지로 돌아가세요. 다른 기기에서 계정을 복구하세요. 그런 다음 ‘빠른 로그인’을 선택하고 안내에 따라 이미 로그인된 다른 기기로 안전하게 로그인하세요.
Authentication.AccountRecovery.Description.SaveTwoStepMethod,계속 액세스할 수 있다면 유지하세요. 다시 로그인하실 때 사용하도록 요청드리겠습니다.
Authentication.AccountRecovery.Description.SendCodeContactMethodConfirmation,제공해 주신 연락처가 Roblox 계정과 연결된 경우 6자리 인증 코드를 보내드립니다.
Authentication.AccountRecovery.Description.SomethingWentWrongVerifyAgain,문제가 발생했어요. '계속'을 눌러 다시 시도하세요.
Authentication.AccountRecovery.Description.TrustedLocationResetPassword,"{username} 님 안녕하세요, 현재 신뢰할 수 있는 위치에서 계정에 액세스하고 있습니다. 지금 비밀번호를 재설정해 Roblox 계정에 대한 액세스를 복구하세요."
Authentication.AccountRecovery.Description.TrustedLocationResetPasswordSkip2SV,"{username} 님, 안녕하세요. 현재 신뢰할 수 있는 위치에서 계정에 액세스하고 있습니다. 2단계 인증을 건너뛰고 지금 비밀번호를 재설정하여 복구를 완료할 수 있습니다."
Authentication.AccountRecovery.Description.TrustedLocationSkip2SV,"{username} 님, 안녕하세요. 현재 신뢰할 수 있는 위치에서 계정에 액세스하고 있습니다. 2단계 인증을 건너뛰고 복구를 완료할 수 있습니다."
Authentication.AccountRecovery.Description.UpdateEmailConfirmation,계정 복구에 다른 이메일을 사용하셨습니다. 이메일 주소를 {email}(으)로 업데이트하겠습니다.
Authentication.AccountRecovery.Description.VerifyAgain,2단계 인증이 활성화된 계정을 복구하기 전에 본인 인증을 완료해 주세요. '계속'을 눌러 2단계 인증 절차를 다시 시작하세요.
Authentication.AccountRecovery.Heading.AccountSecuredConfirmation,계정이 안전하게 보호됩니다
Authentication.AccountRecovery.Heading.BackupCodesGenerated,백업 코드 생성됨
Authentication.AccountRecovery.Heading.BillingEmailAdded,청구 이메일 추가됨
Authentication.AccountRecovery.Heading.CannotRecoverAccount,계정을 복구할 수 없습니다
Authentication.AccountRecovery.Heading.ChooseVerificationMethod,인증 방법을 선택하세요
Authentication.AccountRecovery.Heading.EmailAdded,이메일 추가됨
Authentication.AccountRecovery.Heading.EnhancedProtectionPostRecoveryPasskey,개인 기기인가요?
Authentication.AccountRecovery.Heading.EnhancedProtectionProgramPostRecoveryNoPasskey,이 기기는 패스키를 지원하지 않으므로 일부 기능이 제한될 수 있습니다.
Authentication.AccountRecovery.Heading.EnrolledInEnhancedProtection,보호 강화 프로그램에 등록됨
Authentication.AccountRecovery.Heading.EnterSecondMethod,2단계 인증 방법 입력
Authentication.AccountRecovery.Heading.InvalidateCredential,계정 변경 사항
Authentication.AccountRecovery.Heading.InvalidateCredentials,
Authentication.AccountRecovery.Heading.NoChangesMade,변경 사항 없음
Authentication.AccountRecovery.Heading.PasskeyAdded,패스키가 추가되었습니다.
Authentication.AccountRecovery.Heading.PhoneNumberAdded,휴대폰 번호 추가됨
Authentication.AccountRecovery.Heading.ResetPassword,
Authentication.AccountRecovery.Heading.RobloxAccountRecovery,Roblox 계정 복구
Authentication.AccountRecovery.Heading.SaveTwoStepMethod,기존 2단계 인증 수단을 유지하시겠어요?
Authentication.AccountRecovery.Heading.TwoStepMethodAdded,{value} 추가됨
Authentication.AccountRecovery.Heading.UpdateEmail,이메일 업데이트
Authentication.AccountRecovery.Heading.UseAnotherDevice,다른 기기 사용
Authentication.AccountRecovery.Label.AddEmail,이메일 주소 추가
Authentication.AccountRecovery.Label.Authenticator2sv,인증 앱 2단계 인증
Authentication.AccountRecovery.Label.Authenticator2svCapitalized,인증기 2단계 인증
Authentication.AccountRecovery.Label.BackupCode,백업 코드
Authentication.AccountRecovery.Label.ConfirmNewPasswordV2,새 비밀번호 확인
Authentication.AccountRecovery.Label.Email2sv,이메일 2단계 인증
Authentication.AccountRecovery.Label.Email2svCapitalized,
Authentication.AccountRecovery.Label.EmailUnavailable,이메일 이용 불가
Authentication.AccountRecovery.Label.EnterCode,코드 입력
Authentication.AccountRecovery.Label.NewPasswordV2,새 비밀번호
Authentication.AccountRecovery.Label.Or,또는
Authentication.AccountRecovery.Label.PreviousContactMethodVerification,{contactMethod} 인증 완료
Authentication.AccountRecovery.Label.ResendCode,코드 다시 보내기
Authentication.AccountRecovery.Label.ResendCodeTimer,{timeLeft}초 후 코드 다시 보내기
Authentication.AccountRecovery.Label.SecurityKey2sv,보안 키 2단계 인증
Authentication.AccountRecovery.Label.SecurityKey2svCapitalized,
Authentication.AccountRecovery.Label.UsernameEmail,사용자 이름/이메일
Authentication.AccountRecovery.LabelEmail,이메일
Authentication.AccountRecovery.LabelPhone,휴대폰
Authentication.AccountRecovery.LabelTwoStepVerification,2단계 인증
Authentication.AccountRecovery.Message.Error.AccountNotFound,계정을 찾을 수 없습니다.
Authentication.AccountRecovery.Message.Error.InvalidCode,유효하지 않은 코드입니다.
Authentication.AccountRecovery.Message.Error.InvalidEmail,유효하지 않은 이메일.
Authentication.AccountRecovery.Message.Error.InvalidPassword,유효하지 않은 비밀번호입니다.
Authentication.AccountRecovery.Message.Error.TooManyRequests,요청이 너무 많습니다. 나중에 다시 시도하세요.
Authentication.AccountRecovery.Message.Error.TryADifferentOne,다른 것을 시도해 보세요.
Authentication.AccountRecovery.MessagePasswordsDoNotMatch,비밀번호가 일치하지 않습니다.
Authentication.AccountRecovery.MessageUnknownError,알 수 없는 오류
Authentication.AccountSwitch.Action.AddAccount,계정 추가
Authentication.AccountSwitch.Action.AddAnAccount,
Authentication.AccountSwitch.Action.Continue,
Authentication.AccountSwitch.Action.CreateNewAccount,새 계정 만들기
Authentication.AccountSwitch.Action.LogoutAllAccounts,모든 계정에서 로그아웃
Authentication.AccountSwitch.Action.RemoveAllAccounts,모든 계정을 삭제하시겠어요?
Authentication.AccountSwitch.Action.SignInToExistingAccount,기존 계정에 로그인
Authentication.AccountSwitch.Action.SwitchAccount,계정 전환
Authentication.AccountSwitch.Description.AccountLimit.2,계정 한도에 도달했습니다. 새 계정을 추가하려면 먼저 계정을 삭제하세요.
Authentication.AccountSwitch.Description.ContinueSignOutOthers,{username} 계정으로 계속 진행하면 다른 계정에서 로그아웃됩니다.
Authentication.AccountSwitch.Description.LogoutConfirmation,새 계정을 추가하려면 먼저 이 기기의 다른 Roblox 계정에서 로그아웃해야 합니다
Authentication.AccountSwitch.Description.PleaseTryAgainLater,나중에 다시 시도하세요
Authentication.AccountSwitch.Description.RemoveAllAccounts,로그아웃하면 이 기기에서 모든 계정이 삭제됩니다.
Authentication.AccountSwitch.Description.RemoveCurrentAccount,삭제 시에는 다시 로그인하지 않는 한 이 기기에 더 이상 해당 계정이 표시되지 않습니다. 랜딩 페이지로 다시 이동합니다.
Authentication.AccountSwitch.Description.TryLoggingInDirectly.2,직접 로그인해 보세요
Authentication.AccountSwitch.Header.CantSwitchAccountsSentenceCase,계정을 전환할 수 없음
Authentication.AccountSwitch.Header.LogoutAllAccounts,
Authentication.AccountSwitch.Header.RemoveCurrentAccount,현재 계정을 삭제하시겠어요?
Authentication.AccountSwitch.Header.SignOutOtherAccounts,다른 계정에서 로그아웃할까요?
Authentication.AccountSwitch.Header.SwitchAccountSentenceCase,
Authentication.AccountSwitch.Heading.SwitchAccount,
Authentication.AccountSwitch.Label.AccountLimitReached.2,계정을 추가하려면 먼저 한 계정에서 로그아웃하세요.
Authentication.CrossDevice.Action.CancelLogin,
Authentication.CrossDevice.Action.ConfirmLogin,로그인 확인
Authentication.CrossDevice.Action.Done,완료
Authentication.CrossDevice.Action.Enter,입력
Authentication.CrossDevice.Action.GoBack,돌아가기
Authentication.CrossDevice.Action.Next,
Authentication.CrossDevice.Action.TryAgain,
Authentication.CrossDevice.Description.ConfirmOnSignedInDevice,계속하려면 로그인한 기기에서 확인하세요.
Authentication.CrossDevice.Description.QuickSignInInstructionsModal,로그인된 기기에서 QR 코드를 스캔하거나 <b>더 보기 > 빠른 로그인</b>으로 이동하여 아래 코드를 입력하세요.
Authentication.CrossDevice.Description.SigningInAs,{identifier}(으)로 로그인
Authentication.CrossDevice.EnterCodeInstruction,그런 다음 이 코드를 입력하세요
Authentication.CrossDevice.GoToInstruction,컴퓨터나 휴대폰에서 다음으로 이동하세요.
Authentication.CrossDevice.Heading.LoginAnotherDevice,다른 기기에 로그인하기
Authentication.CrossDevice.Heading.LoginCode,빠른 로그인 코드
Authentication.CrossDevice.Heading.LoginWarning,로그인하려면 다음 사항을 따르세요.
Authentication.CrossDevice.Heading.QuickLogin,빠른 로그인
Authentication.CrossDevice.Heading.SignInWithQrCode,QR 코드로 로그인
Authentication.CrossDevice.Heading.SigninAnotherDevice,다른 기기에서 로그인
Authentication.CrossDevice.Heading.WaitingForConfirmation,확인을 기다리는 중
Authentication.CrossDevice.Heading.Warning,주의!
Authentication.CrossDevice.Label.CodeHeader,옵션 2
Authentication.CrossDevice.Label.CodeNotVerified,빠른 로그인 코드가 인증되지 않았습니다.
Authentication.CrossDevice.Label.Confirm,
Authentication.CrossDevice.Label.ConfirmAndLoginAs,다른 기기에서의 %s 로그인 여부 확인 중
Authentication.CrossDevice.Label.ConfirmOnDevice,다른 기기에서 로그인을 확인하세요
Authentication.CrossDevice.Label.ConfirmationMessage1,다음에 로그인하려고 합니다: %s
Authentication.CrossDevice.Label.ConfirmationMessage2,"이 새로운 기기에서 회원님의 계정, Robux 및 인벤토리에 접근할 수 있게 됩니다."
Authentication.CrossDevice.Label.ConfirmationMessage3,본인임을 확인해 주세요.
Authentication.CrossDevice.Label.Continue,
Authentication.CrossDevice.Label.DevicePrompt,"이미 로그인 중인 다른 기기를 열고 이 코드를 입력한 다음, 체험을 시작하세요."
Authentication.CrossDevice.Label.EnterCodeTextBox,코드를 입력하세요.
Authentication.CrossDevice.Label.EnterOtherDeviceCode,다른 기기의 코드 입력
Authentication.CrossDevice.Label.InvalidLocationError,로그인하려는 기기와 위치가 일치하지 않습니다. 동일한 네트워크에서 다시 시도하세요.
Authentication.CrossDevice.Label.LogginInAs,%s(으)로 로그인 중
Authentication.CrossDevice.Label.LoginInstructions,계속하려면 아래 지침을 따르세요.
Authentication.CrossDevice.Label.LoginInstructionsV2,Roblox 앱을 열고 다음으로 이동하세요.
Authentication.CrossDevice.Label.LoginLocation,이미 로그인 중인 기기에서 <b>계정 설정 > 빠른 로그인</b> 메뉴를 열고 위 코드를 입력하세요.
Authentication.CrossDevice.Label.LoginLocationV2,<b>'더 보기' 페이지 > '빠른 로그인'</b>에서 코드를 입력하세요.
Authentication.CrossDevice.Label.NotAvailableOnNetwork,이 네트워크에서 사용할 수 없는 기능입니다. 나중에 다시 시도하세요.
Authentication.CrossDevice.Label.OK,
Authentication.CrossDevice.Label.QrCodeError,"QR 코드를 표시하는 데 문제가 있습니다. 이 페이지를 새로 고침하거나, 아래 지침에 따라 다른 기기에서 로그인하세요."
Authentication.CrossDevice.Label.QrCodeLogin,QR 코드 로그인
Authentication.CrossDevice.Label.QrHeader,옵션 1
Authentication.CrossDevice.Label.QrInstructions,로그인 중인 기기의 카메라로 이 QR 코드를 스캔하세요.
Authentication.CrossDevice.Label.QuestCDLShortLinkInstruction,컴퓨터나 휴대폰에서 <b>roblox.com/quest</b>로 이동해 이 코드를 입력하고 로그인을 완료하세요.
Authentication.CrossDevice.Label.QuickSignInWarning,보안을 위해 새 기기에서 생성한 코드만 입력해 주세요.
Authentication.CrossDevice.Label.SigninInstructionHeading,새로운 기기에서 {username} 계정으로 로그인하려면
Authentication.CrossDevice.Label.SigninInstructionOne,1. 새로운 기기에서 로그인 페이지를 엽니다.
Authentication.CrossDevice.Label.SigninInstructionThree,3. 아래 입력란에 해당 코드를 입력합니다.
Authentication.CrossDevice.Label.SigninInstructionTwo,2. '빠른 로그인'을 선택하여 코드를 받습니다.
Authentication.CrossDevice.Label.Warning1,• 직접 요청한 코드만 입력할 것
Authentication.CrossDevice.Label.Warning2,• 다른 사용자의 코드를 입력하지 말 것
Authentication.CrossDevice.Response.InvalidCode,입력한 코드가 유효하지 않습니다. 정확하게 입력했는지 다시 확인해 보세요.
Authentication.CrossDevice.Response.LoginFail,로그인 실패
Authentication.CrossDevice.Response.LoginSuccess,로그인 완료
Authentication.Login.Action.ConnectionError.RetryReady,
Authentication.Login.Action.ConnectionError.RetryWait,잠시 후 다시 시도: {WaitTime}
Authentication.Login.Action.Continue,계속
Authentication.Login.Action.DownloadNow,지금 다운로드
Authentication.Login.Action.EmailACode,이메일로 로그인 코드 받기
Authentication.Login.Action.EmailMeCode,이메일로 코드 받기
Authentication.Login.Action.EmailOtpWaitTime,{WaitTime}초 후 코드 다시 보내기
Authentication.Login.Action.ForgotPasswordOrUsernameQuestionCapitalized,비밀번호 또는 사용자 이름을 잊으셨나요?
Authentication.Login.Action.ForgotUsername,사용자 이름을 잊어버리셨나요?
Authentication.Login.Action.ForgotUsernameOrPassword,사용자 이름이나 비밀번호를 잊어버리셨나요?
Authentication.Login.Action.LogInEmailOneTimeCode,이메일로 일회용 코드 받기
Authentication.Login.Action.NeedHelp,도움이 필요하세요?
Authentication.Login.Action.Next,
Authentication.Login.Action.QQLogin,QQ 로그인
Authentication.Login.Action.QuickSignIn,
Authentication.Login.Action.ResendCode,
Authentication.Login.Action.SendCodeSentenceCase,코드 전송
Authentication.Login.Action.SendVerificationEmail,인증 이메일 보내기
Authentication.Login.Action.SignIn,로그인
Authentication.Login.Action.SignInSentenceCase,
Authentication.Login.Action.SignInWithQrCode,
Authentication.Login.Action.UsePasskey,패스키 사용
Authentication.Login.Action.WeChatLogin,WeChat 로그인
Authentication.Login.Button.CloseAndSwitchPlatformAccount,{platformAccountName} 계정으로 전환하려면 Roblox를 종료하세요
Authentication.Login.Button.UseDifferentRobloxAccount,다른 Roblox 계정 사용
Authentication.Login.Description.AccountSelectorHelp,연결된 모든 계정이 여기에 나열됩니다.
Authentication.Login.Description.DownloadNewVersion,회원님의 계정에서는 Roblox의 이 버전을 이용할 수 없습니다. 계속하려면 올바른 버전을 다운로드하세요.
Authentication.Login.Description.EnterOneTimeCodeHelpV2,{email}(으)로 방금 전송된 코드를 입력하세요
Authentication.Login.Description.GetOneTimeCodeHelp,일회용 코드를 받으려면 계정의 인증된 이메일을 입력하세요.
Authentication.Login.Description.PasskeyDescription,"이 계정은 비밀번호보다 더욱 안전한 로그인 방식인 패스키를 보유하고 있습니다. 지문, 얼굴, 또는 화면 잠금을 사용해 로그인하세요."
Authentication.Login.Description.PasskeyLoginIncompatibleDevice,내 기기가 패스키를 지원하는지 확인할 수 없습니다. 다시 시도하거나 '로그인할 수 없음'을 탭하여 이메일 또는 전화번호를 통해 계정을 복구하세요.
Authentication.Login.Description.PasskeyMobileOnly,패스키는 모바일에서만 사용할 수 있습니다. 다른 방법으로 로그인하세요.
Authentication.Login.Description.SigningInWith,로그인 방법: <b>{identifier}</b>
Authentication.Login.Description.UsernameHandle,@<b>{username}</b>
Authentication.Login.Description.VerificationCodeSentTo,Roblox 계정이 있는 경우 이메일 주소({email})로 인증 코드가 전송됩니다.
Authentication.Login.Error.PasskeyOnlyAccount,계정에 로그인용 패스키만 설정되어 있습니다. 패스키로 로그인을 시도하거나 계정을 복구하세요.
Authentication.Login.Error.PlatformAccountConnectionFailure,플랫폼 계정을 인증할 수 없습니다. 나중에 다시 시도하세요.
Authentication.Login.Heading.EnterYourCode,
Authentication.Login.Heading.IncompatibleAccounts,계정이 호환되지 않음
Authentication.Login.Heading.Login,
Authentication.Login.Heading.LoginRoblox,Roblox에 로그인
Authentication.Login.Heading.LoginRobloxAccountSwitching,
Authentication.Login.Heading.NewAppAvailable,새로운 Roblox 앱 다운로드
Authentication.Login.Heading.SignIn,
Authentication.Login.Heading.SignInAnotherWay,다른 방법으로 로그인
Authentication.Login.Heading.SignInToRoblox,
Authentication.Login.Heading.SignInWithRoblox,Roblox로 로그인
Authentication.Login.Label.AccountSelectorTitle,로그인할 계정 선택
Authentication.Login.Label.AgedUpUsername,고유한 @사용자 이름을 추가하세요
Authentication.Login.Label.ConnectionError.RetryDisabled,"죄송합니다. 서버에 접속하는 동안 문제가 발생했습니다.

재시도가 잠시 비활성화되었습니다. 나중에 다시 시도하세요."
Authentication.Login.Label.ConnectionError.RetryReady,"죄송합니다. 서버에 접속하는 동안 문제가 발생했습니다.

다시 시도하세요."
Authentication.Login.Label.ConnectionError.RetryWait,"죄송합니다. 서버에 접속하는 동안 문제가 발생했습니다.

잠시 기다렸다가 다시 시도하세요."
Authentication.Login.Label.ConnectionError.Title,연결 오류
Authentication.Login.Label.Email,
Authentication.Login.Label.EmailAddress,이메일 주소
Authentication.Login.Label.EmailNeedsVerification,이메일 인증이 필요합니다
Authentication.Login.Label.EmailOrPhone,이메일 또는 전화번호
Authentication.Login.Label.EnterCode,
Authentication.Login.Label.EnterEmail,이메일 입력
Authentication.Login.Label.EnterHere,여기에 입력
Authentication.Login.Label.EnterOneTimeCode,일회용 코드 입력
Authentication.Login.Label.EnterOneTimeCodeLoginHelp,방금 이메일로 전송된 코드를 입력하세요
Authentication.Login.Label.EnterPassword,비밀번호를 입력하세요.
Authentication.Login.Label.EnterYourPassword,비밀번호를 입력하세요
Authentication.Login.Label.ForgotPassword,비밀번호를 잊으셨나요?
Authentication.Login.Label.ForgotYourPassword,
Authentication.Login.Label.GetOneTimeCode,일회용 코드 받기
Authentication.Login.Label.LearnMore,더 알아보기
Authentication.Login.Label.LinkAccountWarning,"Roblox 계정이 {platform}에서 사용하는 계정에 연결되며, 다음 번 참가 시 자동으로 로그인됩니다! 언제든지 설정 화면에서 연결을 해제할 수 있습니다. 새 계정에 연결하기 전에 잠시 지연이 발생할 수 있습니다."
Authentication.Login.Label.PasskeyIncompatible,패스키가 호환되지 않음
Authentication.Login.Label.Password,비밀번호
Authentication.Login.Label.Phone,전화번호
Authentication.Login.Label.QQUserCancel,QQ에서 로그아웃하셨어요. QQ에 다시 로그인하세요.
Authentication.Login.Label.SelectAnAccount,계정을 선택하세요
Authentication.Login.Label.TroubleSigningIn,로그인에 문제가 있나요?
Authentication.Login.Label.UnverifiedEmailInstructions,이메일로 로그인하려면 먼저 인증해야 합니다. 사용자 이름으로도 로그인할 수 있어요.
Authentication.Login.Label.Username,사용자 이름
Authentication.Login.Label.UsernameEmailOrPhoneNumber,"사용자 이름, 이메일 또는 휴대폰 번호"
Authentication.Login.Label.UsernameEmailPhone,사용자 이름/이메일/전화번호
Authentication.Login.Label.UsernameOrEmail,사용자 이름 또는 이메일
Authentication.Login.Label.UsernameOrPhone,사용자 이름 또는 전화번호
Authentication.Login.Label.VerificationCode,인증 코드
Authentication.Login.Label.WeChatUserCancel,WeChat에서 로그아웃하셨어요. WeChat에 다시 로그인하세요.
Authentication.Login.Label.WeChatVersionNotSupported,WeChat 버전이 지원되지 않습니다
Authentication.Login.LinkIllegalChildAccountLinking,이 Roblox 계정을 Xbox 자녀 계정에 연결할 수 없습니다. 다른 계정을 사용하거나 설정을 확인하세요.
Authentication.Login.QrCodeLoginTitle,QR 코드 스캔으로 로그인
Authentication.Login.Response.AccountNotFound,계정을 찾을 수 없습니다. 다시 시도하세요.
Authentication.Login.Response.AlreadyLinked,이 Roblox 계정은 이미 {platform}상의 다른 계정에 연결되어 있습니다. 다른 Roblox 계정으로 로그인해 보세요.
Authentication.Login.Response.EnterEmailForLoginCode,로그인하려면 이메일 주소를 입력하세요
Authentication.Login.Response.ErrorUseCorporateNetwork,로그인하려면 회사 네트워크상에 있어야 합니다.
Authentication.Login.Response.IncorrectEmailOrPassword,이메일 또는 비밀번호가 일치하지 않습니다.
Authentication.Login.Response.IncorrectOtpCode,올바르지 않은 코드입니다. 코드를 재확인하고 다시 시도하세요.
Authentication.Login.Response.IncorrectPhoneOrPassword,전화번호 또는 비밀번호가 일치하지 않습니다.
Authentication.Login.Response.IncorrectUsernamePassword,사용자 이름 또는 비밀번호가 일치하지 않습니다.
Authentication.Login.Response.InvalidEmail,유효하지 않은 이메일 주소입니다.
Authentication.Login.Response.InvalidPasskeyCredential,이 패스키로 로그인할 수 없습니다. 액세스를 다시 확보하려면 '비밀번호 또는 사용자 이름 분실'을 이용하세요.
Authentication.Login.Response.MoreThanOneUsername,이메일이 1개 이상의 사용자 이름과 연결되어 있습니다. 사용자 이름으로 로그인하세요.
Authentication.Login.Response.NoLoginMethods,이 계정에 로그인할 수 있는 방법이 없습니다. 계정 복구를 시도하거나 지원 센터에 문의하세요.
Authentication.Login.Response.PlatformAlreadyLinked,이 {platform} 계정은 이미 다른 Roblox 계정에 연결되어 있습니다. 연결된 Roblox 계정으로 로그인하세요.
Authentication.Login.Response.RelinkingFreeze,지난 90일 동안 {platform}상의 다른 계정에 연결된 Roblox 계정입니다. 다른 Roblox 계정으로 로그인해 보세요.
Authentication.Login.Response.Require2FA,콘솔에서는 2단계 인증이 지원되지 않습니다. 안전하게 로그인하려면 오른쪽의 안내 사항을 따르세요.
Authentication.Login.Response.Require2FAGeneric,이 기기에서는 추가적인 필수 인증이 지원되지 않습니다. 안전하게 로그인하려면 오른쪽의 안내 사항을 따르세요.
Authentication.Login.Response.ServiceUnavailable,서비스 이용 불가. 나중에 다시 시도하세요.
Authentication.Login.Response.SomethingWentWrong,오류가 발생했어요. 나중에 다시 시도하세요.
Authentication.Login.Response.TencentLoginFailurePleaseTryAgain,로그인 실패. 다시 시도하세요.
Authentication.Login.Response.TooManyAttemptsPleaseWait,시도 가능 횟수를 초과했습니다. 잠시 기다려 주세요.
Authentication.Login.Response.UnableToSignIn,로그인할 수 없습니다.
Authentication.Login.Response.UnknownError,
Authentication.Login.Response.UnknownErrorLoginWithDifferentMethod,문제가 발생했습니다. 다른 방법으로 로그인하세요.
Authentication.Login.Response.UnverifiedEmailLoginWithUsername,인증되지 않은 이메일입니다. 사용자 이름으로 로그인하세요.
Authentication.Login.WeChat.AntiAddictionText,"건전하지 않은 체험과 저작권 문제가 있는 체험은 방문하지 마시고, 사기 행위에 연루되지 않도록 스스로를 보호하세요. 이곳에서의 체험은 두뇌 발달에 도움이 되지만, 지나치게 오래 방문하는 것은 건강에 좋지 않습니다. 방문 시간을 잘 조절해서 건강한 생활을 유지하세요."
Authentication.Login.WeChat.NotInstalled,Wechat이 설치되어 있지 않습니다
Authentication.OneTimePasscode.Action.ChangeEmailV2,이메일 변경
Authentication.OneTimePasscode.Action.Continue,
Authentication.OneTimePasscode.Action.GetHelp,지원 받기
Authentication.OneTimePasscode.Action.Resend,재전송
Authentication.OneTimePasscode.Description.DidntReceiveCode,코드를 받지 못하셨나요?
Authentication.OneTimePasscode.Description.ReviewAndConsentToTerms,자녀를 대신해 다음 약관을 검토하고 이에 동의해 주세요. 개별 약관에 따라 동의하거나 동의하지 않음을 선택할 수 있습니다. 선택적 약관에 동의하지 않더라도 자녀의 Roblox 이용은 여전히 가능할 수 있습니다. 
Authentication.OneTimePasscode.Description.SendVerificationCode,회원가입에 필요한 인증 코드를 보호자님께 보내드립니다
Authentication.OneTimePasscode.Label.CodeSent,코드 전송 완료
Authentication.OneTimePasscode.Label.ConsentNeeded,동의 필요
Authentication.OneTimePasscode.Label.ParentConsentNeeded,보호자 동의 필요
Authentication.OneTimePasscode.Label.SixDigitCode,6자리 코드
Authentication.Passkey.Action.Continue,
Authentication.Passkey.Action.CreatePasskey,패스키 생성하기
Authentication.Passkey.Action.KeepUsingPassword,"아니요, 계속 비밀번호를 쓰겠습니다"
Authentication.Passkey.Action.TryAgainLaterAcknowledgement,나중에
Authentication.Passkey.Action.TryAgainNowAcknowledgement,지금 시도하기
Authentication.Passkey.Description.Benefits,패스키는 다른 사람이 재사용하거나 추측할 수 없으므로 더 안전하고 빠른 로그인 방법입니다
Authentication.Passkey.Description.DataPolicy,Roblox는 사용자의 생체 정보를 저장하지 않습니다
Authentication.Passkey.Description.Error,귀하의 패스키를 등록할 수 없습니다. 다시 시도해 주세요.
Authentication.Passkey.Description.Purpose,"Face ID, 지문 또는 디바이스 잠금 해제에 사용하는 PIN으로 Roblox에 로그인하세요"
Authentication.Passkey.Description.UpsellRegistrationSuccess,"이제 Face ID, 지문 또는 기기 PIN을 사용해 Roblox에 로그인할 수 있습니다."
Authentication.Passkey.Label.UpsellErrorTitle,다시 시도하기
Authentication.Passkey.Label.UpsellTitle,패스키로 더 빠르게 로그인
Authentication.Passkey.Label.UpsellToastPageTitle,패스키 생성 완료!
Authentication.Passkey.Label.UpsellToastTitle,패스키가 생성되었습니다!
Authentication.ResetPassword.Response.ResetPasswordStarted,계속하기 전에 비밀번호를 재설정해야 합니다.
Authentication.SignUp.Action.Cancel,
Authentication.SignUp.Action.Continue,
Authentication.SignUp.Action.CreateAPasskey,패스키 생성
Authentication.SignUp.Action.CreateAccount,
Authentication.SignUp.Action.CreateAccountSentenceCase,
Authentication.SignUp.Action.EnableFaceId,Face ID 활성화
Authentication.SignUp.Action.ExitModalLeave,나가기
Authentication.SignUp.Action.IUnderstand,이해했습니다
Authentication.SignUp.Action.NextWord,
Authentication.SignUp.Action.SetupLater,나중에 설정
Authentication.SignUp.Action.StartOver,처음부터 다시 시작
Authentication.SignUp.Action.UseEmail,이메일 주소 사용
Authentication.SignUp.Action.UsePhoneNumber,
Authentication.SignUp.Button.OKCaptialized,
Authentication.SignUp.Button.RetryLogIn,로그인 재시도
Authentication.SignUp.Description.AccountAlreadyLinked,{platformAccountName} 계정은 이미 Roblox계정에 연결되어 있습니다. 로그인을 다시 시도하세요.
Authentication.SignUp.Description.AgreeToTermsWithGuardian.NoParameters,"Roblox 이용 약관(중재 포함)에 동의하며 개인정보 처리방침을 인정합니다. 18세 미만인 경우, 이 계정을 생성하는 데 부모 또는 보호자의 동의를 얻었으며 부모 또는 보호자가 이용 약관에 동의하였음을 인정합니다."
Authentication.SignUp.Description.BirthdayHelp,나에게 보이는 콘텐츠를 정하는 데 도움이 됩니다. 다른 사람에게는 보이지 않습니다.
Authentication.SignUp.Description.BirthdayHelp3,이 정보는 관련 콘텐츠를 표시하는 데 도움이 되며 다른 사람과 공유되지 않습니다.
Authentication.SignUp.Description.BirthdayValuePropC,
Authentication.SignUp.Description.ClickNextAgreeToTerms,'다음'을 선택하면 중재 조항을 포함한 이용 약관 및 개인정보 처리방침에 동의하는 것으로 간주됩니다.
Authentication.SignUp.Description.CreateAPassword,Roblox 계정의 비밀번호를 만드세요
Authentication.SignUp.Description.CreateAccountPasskeyEmphasisDescription,"패스키를 사용하면 기기를 잠금 해제하는 데 사용하는 Face ID, 지문 또는 PIN으로 빠르게 로그인할 수 있습니다."
Authentication.SignUp.Description.CreatePasskeyOrOTP,Roblox 계정의 패스키를 만들거나 이메일을 추가하여 일회용 비밀번호로 로그인하세요.
Authentication.SignUp.Description.EnsureNeverLoseAccount,Roblox 계정에 대한 액세스 권한을 유지할 수 있습니다.
Authentication.SignUp.Description.EnterParentEmail,보호자 이메일 주소를 입력하고 인증 코드를 받으세요(신분증이 필요하지 않음).
Authentication.SignUp.Description.FaceIdPromo,Face ID는 Roblox 계정에 로그인하는 가장 안전하고 간편한 방법입니다.
Authentication.SignUp.Description.GenderHelp2,자신에게 적합한 아바타를 선택하는 데 도움이 됩니다.
Authentication.SignUp.Description.OneMoreStep,한 단계 추가하기
Authentication.SignUp.Description.Or,
Authentication.SignUp.Description.ParentEmailDisclaimer,Roblox 개인정보 처리방침에 따라 계정 복구 목적으로 보호자 이메일을 요청합니다
Authentication.SignUp.Description.PasskeyTryAgain,죄송합니다. 패스키 등록 중 오류가 발생했습니다. 다른 사용자 이름으로 다시 등록해 주세요.
Authentication.SignUp.Description.RobloxNotAvailableInRegion,현재 지역에서는 Roblox를 일시적으로 이용할 수 없습니다.
Authentication.SignUp.Description.SecureAccountWithPasskeyText,나중에 휴대전화로 빠르게 로그인할 수 있도록 패스키로 계정의 보안을 유지하거나 수동으로 로그인할 수 있도록 비밀번호를 추가하세요.
Authentication.SignUp.Description.SignUpAgreement.FullCopy.Continue,"'계속하기'를 클릭하면 당사의 이용 약관(중재 포함)에 동의하며 개인정보 처리방침을 인정하는 것으로 간주됩니다. 18세 미만인 경우, 이 계정을 생성하는 데 부모 또는 보호자의 동의를 얻었으며 부모 또는보호자가 이용 약관에 동의하였음을 인정하는 것으로 간주됩니다."
Authentication.SignUp.Description.SignUpAgreement.FullCopy.CreateAccount,"'계정 생성'을 클릭하면 당사의 이용 약관(중재 포함)에 동의하며 개인정보 처리방침을 인정하는 것으로 간주됩니다. 18세 미만인 경우, 이 계정을 생성하는 데 부모 또는 보호자의 동의를 얻었으며 부모 또는 보호자가 이용 약관에 동의하였음을 인정하는 것으로 간주됩니다."
Authentication.SignUp.Description.SignUpAgreement.ShortCopy,Roblox의 이용 약관(중재 포함)에 동의하며 개인정보 처리방침을 인정합니다.
Authentication.SignUp.Description.SignupAgreement.FullCopy.CreateAccount,
Authentication.SignUp.Description.ThisKeepYourAccountSecure,Roblox 계정을 안전하게 지킬 수 있습니다.
Authentication.SignUp.Description.Try,사용해 보기
Authentication.SignUp.Description.UnderAgeAlert,Roblox를 플레이할 수 있는 최소 연령에 도달하지 않았습니다.
Authentication.SignUp.Description.UsernameHelp,Roblox에서 다른 사람들이 보게 될 내 이름입니다. 향후 로그인할 때 이 사용자 이름을 기억하세요.
Authentication.SignUp.Description.UsernameHelpV2,"로그인 시 사용되고 타인에게 보이는 이름이니, 기억하기 쉽게 정하세요."
Authentication.SignUp.Description.UsernameRule1,3~20자 이내여야 합니다.
Authentication.SignUp.Description.UsernameRule2,"영문자(a~z), 숫자(0~9), 밑줄 표시(_)만 사용할 수 있습니다"
Authentication.SignUp.Description.VerificationLinkingText,"Roblox 계정이 {platform}상의 계정에 연결됩니다. 언제든지 설정 화면에서 연결을 해제할 수 있습니다. {platform}상의 다른 계정에 연결하기 전에 잠시 지연이 발생할 수 있습니다. '회원가입'을 클릭하면, 중재 조항을 포함한 이용 약관 및 개인정보 처리방침에 동의하는 것으로 간주됩니다."
Authentication.SignUp.Description.VerificationLinkingText.VariableButtonName,"Roblox 계정이 {platform}상의 계정에 연결됩니다. 언제든지 설정 화면에서 연결을 해제할 수 있습니다. {platform}상의 다른 계정에 연결하기 전에 잠시 지연이 발생할 수 있습니다. '{ctaButton}'을(를) 클릭하면, 중재 조항을 포함한 이용 약관 및 개인정보 처리방침에 동의하는 것으로 간주됩니다."
Authentication.SignUp.Description.VerificationPage,'회원가입'을 누르면 중재 조항을 포함한 이용 약관 및 개인정보 처리방침에 동의하는 것으로 간주됩니다.
Authentication.SignUp.Description.VerificationPage.CreateAccount,'계정 생성'을 누르면 중재 조항을 포함한 이용 약관 및 개인정보 처리방침에 동의하는 것으로 간주됩니다.
Authentication.SignUp.Description.VerificationPageMultiStep,'계속'을 누르면 중재 조항을 포함한 이용 약관 및 개인정보 처리방침에 동의하는 것으로 간주됩니다.
Authentication.SignUp.Description.VerifiedParentalConsentModal.EnterContinue,코드를 입력하고 '계속'을 클릭하면 자녀의 Roblox 이용을 승인하게 됩니다.
Authentication.SignUp.Header.CreatePassword,"{username} 님, 비밀번호를 생성하세요"
Authentication.SignUp.Header.CreatePasswordOrPasskey,"{username} 님, 비밀번호 또는 패스키를 생성하세요"
Authentication.SignUp.Header.CreatedAccountChooseSignin,계정이 생성되었습니다. 로그인 방법을 선택하세요.
Authentication.SignUp.Header.GenderPage6,마지막입니다! 성별을 선택하세요(선택 사항)
Authentication.SignUp.Header.PleaseTryAgain,다시 시도하세요
Authentication.SignUp.Header.UsernamePage4,다음으로 사용자 이름을 생성하세요
Authentication.SignUp.Header.WhatIsYourBirthday,생년월일을 알려주시겠어요?
Authentication.SignUp.Heading.CannotSignUp,회원가입할 수 없음
Authentication.SignUp.Heading.CountryCodeSelector,국가 선택
Authentication.SignUp.Heading.PasswordPage,비밀번호 생성
Authentication.SignUp.Heading.PickAUsername,사용자 이름을 선택하세요
Authentication.SignUp.Heading.RetryLogIn,
Authentication.SignUp.Heading.SecureWithFaceId,Face ID로 계정 보안 유지
Authentication.SignUp.Heading.UserGreetingWithName,{username}님 안녕하세요
Authentication.SignUp.Heading.UserGreetingWithNameAndPasskeyPassword,"{username} 님, 패스키 또는 비밀번호를 생성하세요"
Authentication.SignUp.Heading.WhatsYourBirthday,
Authentication.SignUp.Label.Age,나이
Authentication.SignUp.Label.Birthday,생년월일
Authentication.SignUp.Label.BirthdayHeaderB,먼저 생년월일을 선택하세요
Authentication.SignUp.Label.BirthdayPickerWithDateAndAge,{date}(만 {yearsOld}세)
Authentication.SignUp.Label.BirthdayWithAge,생년월일({yearsOld}세)
Authentication.SignUp.Label.ConfirmBirthday,생년월일 확인
Authentication.SignUp.Label.Continue,
Authentication.SignUp.Label.Day,일
Authentication.SignUp.Label.EmailAddress,
Authentication.SignUp.Label.EnterYourEmail,
Authentication.SignUp.Label.EnterYourParentsEmail,보호자 이메일 입력
Authentication.SignUp.Label.Error.MinimumAge5,새 계정은 5세 이상이어야 합니다
Authentication.SignUp.Label.Error.UsernameAlreadyInUse,이미 사용 중인 사용자 이름입니다
Authentication.SignUp.Label.Error.UsernameContainsBoundingUnderscore,사용자 이름은 '_'로 시작하거나 끝날 수 없습니다
Authentication.SignUp.Label.Error.UsernameContainsInvalidCharacter,"사용자 이름에는 문자, 숫자, '_'만 사용할 수 있습니다"
Authentication.SignUp.Label.Error.UsernameContainsMultipleUnderscores,사용자 이름에는 '_'을 한 개만 사용할 수 있습니다
Authentication.SignUp.Label.Error.UsernameContainsPII,사용자 이름에는 개인정보를 포함할 수 없습니다
Authentication.SignUp.Label.Error.UsernameInappropriate,Roblox에 적합하지 않은 사용자 이름입니다
Authentication.SignUp.Label.Error.UsernameLengthTooShortOrTooLong,사용자 이름은 3자에서 20자 사이여야 합니다
Authentication.SignUp.Label.ErrorsWithPassword,비밀번호에 오류가 있습니다.
Authentication.SignUp.Label.ErrorsWithUsername,사용자 이름에 오류가 있습니다.
Authentication.SignUp.Label.ExitModalSubtitle,계정 만들기가 거의 끝나갑니다. 지금 나가면 모든 진행 사항을 잃게 됩니다.
Authentication.SignUp.Label.ExitModalTitle,계정 만들기에서 나갈까요?
Authentication.SignUp.Label.FullDateString,{Year}년 {Month}월 {Day}일
Authentication.SignUp.Label.Gender,성별
Authentication.SignUp.Label.GenderFemale,여성
Authentication.SignUp.Label.GenderMale,남성
Authentication.SignUp.Label.Girl,여자아이
Authentication.SignUp.Label.MaybeTryOneOfThese,이런 사용자 이름은 어떠신가요?
Authentication.SignUp.Label.Month,월
Authentication.SignUp.Label.NewPasswordError1,비밀번호는 8자 이상이어야 합니다
Authentication.SignUp.Label.NewPasswordError2,비밀번호는 사용자 이름과 같을 수 없습니다
Authentication.SignUp.Label.NewPasswordError3,추측하기 쉬운 비밀번호가 아니어야 합니다
Authentication.SignUp.Label.OptionalGender,성별(선택 사항)
Authentication.SignUp.Label.OptionalGenderShort,선택 사항
Authentication.SignUp.Label.ParentEmailAddress,보호자 이메일 주소
Authentication.SignUp.Label.PasswordError1,최소 8자여야 합니다
Authentication.SignUp.Label.PasswordError2,사용자 이름과 동일하지 않아야 합니다
Authentication.SignUp.Label.PasswordError2.V2,사용자 이름과 일치하지 않습니다.
Authentication.SignUp.Label.PasswordError3,
Authentication.SignUp.Label.PasswordError3.V2,유추하기 어려운 비밀번호여야 합니다.
Authentication.SignUp.Label.PasswordErrorLengthNew,비밀번호는 8자에서 200자 사이여야 합니다.
Authentication.SignUp.Label.PasswordErrorSimple,비밀번호가 너무 단순합니다.
Authentication.SignUp.Label.PasswordPlaceholder,영문 알파벳 최소 8자 이상
Authentication.SignUp.Label.PhoneNumber,
Authentication.SignUp.Label.SelectBirthdaySentenceCase,생년월일 선택
Authentication.SignUp.Label.SelectYourBirthday,생년월일을 선택하세요
Authentication.SignUp.Label.SetUpPasskey,또는 패스키 설정
Authentication.SignUp.Label.SignUp,회원가입
Authentication.SignUp.Label.Skip,건너뛰기
Authentication.SignUp.Label.Use8CharPassword,8자 이상 사용하세요
Authentication.SignUp.Label.UsernameError1,"영문 알파벳, 숫자, 특수문자 '_' 만 사용할 수 있습니다"
Authentication.SignUp.Label.UsernameError2,3-20자여야 합니다
Authentication.SignUp.Label.UsernameError3,누군가가 이미 사용 중인 이름이 아니어야 합니다
Authentication.SignUp.Label.UsernameError4,Roblox에서 사용하기에 적합해야 합니다
Authentication.SignUp.Label.UsernameError5,_으로 시작하거나 끝날 수 없습니다
Authentication.SignUp.Label.UsernameError6,_는 하나만 포함할 수 있습니다
Authentication.SignUp.Label.UsernameError7,개인정보를 포함하지 않아야 합니다
Authentication.SignUp.Label.WhensYourBirthday,생일을 알려주시겠어요?
Authentication.SignUp.Label.Year,년
Authentication.SignUp.Label.YearsOld,({yearsOld}세)
Authentication.SignUp.Labely.Boy,남자아이
Authentication.SignUp.Message.Username.NoRealNameUse,실명을 사용하지 마세요
Authentication.SignUp.PasswordErrorLength,8자에서 200자 사이여야 합니다.
Authentication.SignUp.Response.AgedUpDisplayNameSetFirst,먼저 이름을 설정해야 합니다.
Authentication.SignUp.Response.BirthdayMustBeSetFirst,먼저 생년월일을 설정해야 합니다.
Authentication.SignUp.Response.ErrorTryAgain,오류가 발생했어요. 나중에 다시 시도해 주세요.
Authentication.SignUp.Response.InvalidBirthday,유효하지 않은 생년월일
Authentication.SignUp.Response.InvalidEmail,유효하지 않은 이메일입니다.
Authentication.SignUp.Response.InvalidPhoneNumber,유효하지 않은 전화번호.
Authentication.SignUp.Response.PasswordComplexity,좀 더 복잡한 비밀번호를 만드세요.
Authentication.SignUp.Response.PhoneNumberAlreadyLinked,이미 다른 계정에 연결된 전화번호입니다.
Authentication.SignUp.Response.UsernameMustBeSetFirst,먼저 사용자 이름을 설정해야 합니다.
Authentication.SignUp.Title,
Authentication.TwoStepVerification.Action.Approve,승인
Authentication.TwoStepVerification.Action.ChangePassword,비밀번호 변경
Authentication.TwoStepVerification.Action.Deny,거부
Authentication.TwoStepVerification.Action.GoToSecurity,
Authentication.TwoStepVerification.Action.Okay,
Authentication.TwoStepVerification.CrossDevice.Authentication,다른 기기에서 인증하려고 하시나요?
Authentication.TwoStepVerification.CrossDevice.BirthdateChange,다른 기기에서 생일을 변경하려고 하시나요?
Authentication.TwoStepVerification.CrossDevice.Deactivation,다른 기기에서 계정을 비활성화하려고 하시나요?
Authentication.TwoStepVerification.CrossDevice.LimitedResale,다른 기기에서 리미티드 아이템을 재판매하려고 하시나요?
Authentication.TwoStepVerification.CrossDevice.PrivacyChange,다른 기기에서 거래 개인정보 설정을 변경하려고 하시나요?
Authentication.TwoStepVerification.CrossDevice.Reactivation,다른 기기에서 계정을 재활성화하려고 하시나요?
Authentication.TwoStepVerification.CrossDevice.RecoveryCodes,다른 기기에서 복구 코드를 생성하려고 하시나요?
Authentication.TwoStepVerification.CrossDevice.Resale,다른 기기에서 아이템을 재판매하려고 하시나요?
Authentication.TwoStepVerification.CrossDevice.Spend,다른 기기에서 Robux를 사용하려고 하시나요?
Authentication.TwoStepVerification.CrossDevice.Trade,다른 기기에서 거래하려고 하시나요?
Authentication.TwoStepVerification.Description.LoginToNewDevice,새로운 기기에 로그인하려고 하시나요?
Authentication.TwoStepVerification.Description.PostLoginActionConfirmation,다른 기기에서 작업을 완료하려고 시도 중인가요?
Authentication.TwoStepVerification.Header.AttemptDenied,시도가 거부되었습니다
Authentication.TwoStepVerification.Header.AttemptExpired,시도가 만료되었습니다
Authentication.TwoStepVerification.Header.LoginAttemptExpired,로그인 시도가 만료됨
Authentication.TwoStepVerification.Label.AlreadyReviewed,다른 기기에서 검토됨
Authentication.TwoStepVerification.Label.AttemptReviewed,시도 검토됨
Authentication.TwoStepVerification.Label.CodeInputPlaceholderText,{codeLength}자리 코드 입력
Authentication.TwoStepVerification.Label.DateTimeLabel,"날짜, 시간"
Authentication.TwoStepVerification.Label.DeviceTypeLabel,기기 유형
Authentication.TwoStepVerification.Label.DidNotReceive,
Authentication.TwoStepVerification.Label.Expired,시도가 만료되었습니다.
Authentication.TwoStepVerification.Label.IPAddressLabel,IP 주소
Authentication.TwoStepVerification.Label.InvalidCode,유효하지 않은 코드
Authentication.TwoStepVerification.Label.Location,{country} {subdivision} {city}
Authentication.TwoStepVerification.Label.LocationLabel,위치
Authentication.TwoStepVerification.Label.LocationWithoutCity,{country} {subdivision}
Authentication.TwoStepVerification.Label.LocationWithoutCountry,{subdivision} {city}
Authentication.TwoStepVerification.Label.LocationWithoutSubdivision,{country} {city}
Authentication.TwoStepVerification.Label.LoginExpired,계정에 대한 로그인 시도가 만료되었습니다
Authentication.TwoStepVerification.Label.NeedHelpMessage,도움이 필요하신가요? 지원 센터를 방문하세요
Authentication.TwoStepVerification.Label.PasswordChangeRecommended,계정 보안을 위해 비밀번호를 변경하는 것이 좋습니다.
Authentication.TwoStepVerification.Label.Resend,
Authentication.TwoStepVerification.Label.SomeoneMightHavePassword,누군가가 비밀번호를 알고 있는 것 같습니다.
Authentication.TwoStepVerification.Label.TwoStepRequired,거래를 진행하려면 2단계 인증이 되어 있어야 합니다. 설정> 보안으로 이동해 2단계 인증을 완료하세요.
Authentication.TwoStepVerification.Label.TwoStepRequiredLogout,거래를 진행하려면 2단계 인증이 되어 있어야 합니다. 설정 > 보안으로 이동해 2단계 인증을 완료하세요. 2단계 인증을 활성화하면 현재 세션에서 로그아웃됩니다.
Authentication.TwoStepVerification.Label.TwoStepVerification,
Authentication.TwoStepVerification.Label.UnknownDevice,알 수 없는 기기 유형
Authentication.TwoStepVerification.Label.UnknownIPAddress,알 수 없는 IP 주소
Authentication.TwoStepVerification.Label.UnknownLocation,알 수 없는 지역
Authentication.TwoStepVerification.Response.DefaultError,오류가 발생했어요. 다시 시도하세요.
Authentication.TwoStepVerification.Response.TooManyAttempts,시도 가능 횟수를 초과했습니다. 나중에 다시 시도하세요.
Authentication.TwoStepVerification.Title.VerificationRequired,인증 필요
AvatarGeneration.SelfieConsent.AgreeButton,동의
AvatarGeneration.SelfieConsent.BodyTextLink,"이미지를 업로드함으로써 해당 이미지를 사용할 권리는 본인에게 있음을 확인하며, Roblox가 아바타 생성을 위해 이 이미지를 수집하고, 사용하고, 다른 크리에이터와 해당 이미지의 Gen AI 렌더링을 공유할 수 있음에 동의합니다."
AvatarGeneration.SelfieConsent.CancelButton,
AvatarGeneration.SelfieConsent.PrivacyLinkText,
AvatarGeneration.SelfieConsent.Title,이미지를 사용해 아바타를 생성합니다.
Common.AlertsAndOptions.Title.Warning,경고
Common.GameSorts.Label.BlendedSerpPeopleAlsoJoin,이런 것도 많이들 참여해요
Common.GameSorts.Label.Favorites,즐겨찾기
Common.Presence.Label.InExperience,체험 내
Common.Presence.Label.Invisible,오프라인
Common.Presence.Label.Offline,
Common.Presence.Label.Online,온라인
Common.Presence.Label.RobloxStudio,Roblox Studio
Common.UGCValidation.ErrorLabel.AQSFail_AnimationTooLong,애니메이션이 너무 깁니다({duration}초). 이모티콘 애니메이션은 {maxLength}초 이하여야 합니다.
Common.UGCValidation.ErrorLabel.AQSFail_AnimationTooShort,애니메이션이 너무 짧습니다({duration}초). 이모티콘 애니메이션은 {minLength}초 이상이어야 합니다.
Common.UGCValidation.ErrorLabel.AQSFail_MeshIslandML,신체에 분리된 작은 메시 구성 요소(메시 분리 영역)가 있습니다. 플로팅 지오메트리를 제거하고 모든 메시 부품이 올바르게 연결되었는지 확인하세요.
Common.UGCValidation.ErrorLabel.AQSFail_TooManyDisconnectedComponents,"애셋 품질: {partName}에는 분리 영역이 {num_disconnected_components}개 존재하며, 이는 최대치인 {max_disconnected_components}을(를) 초과합니다."
Common.UGCValidation.ErrorLabel.AQSInputDataError,입력 데이터가 올바르지 않거나 불완전하여 품질 점수를 제대로 계산할 수 없습니다. 모델을 확인하거나 버그 신고를 제출하세요.
Common.UGCValidation.ErrorLabel.AQSInternalError,"애셋 품질 오류로 인해 점수를 생성할 수 없습니다. 입력 데이터의 정확성을 확인하고 다시 시도하거나, 버그 신고를 제출하세요."
Common.UGCValidation.ErrorLabel.AQSWarn_CageMeshDistance,애셋 품질 경고: 케이지-메시 거리 점수가 {score}입니다. 외부 케이지와 메시 사이의 최대 거리는 {max_distance}입니다. 외부 케이지 버텍스의 {negative_sdf_percent}%가 렌더링 메시 내부에 있습니다.
Common.UGCValidation.ErrorLabel.AQSWarn_CageMeshDistanceAvatar,애셋 품질 경고: 바디 케이지 거리 점수가 {score}입니다. 바디 케이지와 메시 사이의 최대 거리는 {max_distance}입니다. 바디 케이지 버텍스의 {negative_sdf_percent}%가 바디 메시 내부에 있습니다.
Common.UGCValidation.ErrorLabel.AQSWarn_CageMeshDistanceHead,애셋 품질 경고: 헤드 케이지 거리 점수가 {score}입니다. 헤드 케이지와 메시 사이의 최대 거리는 {max_distance}입니다. 헤드 케이지 버텍스의 {negative_sdf_percent}%가 헤드 메시 내부에 있습니다.
Common.UGCValidation.ErrorLabel.AQSWarn_CageRelevancy,애셋 품질 경고: 케이지 관련성 점수는 {score}입니다. 수정된 외부 케이지 버텍스의 {irrelevant_percent}%가 장신구를 포함하지 않습니다.
Common.UGCValidation.ErrorLabel.AQSWarn_CageUV,애셋 품질 경고: {cage_name}의 케이지 UV 점수가 {score}입니다. 잘못된 UV 수: {incorrect_uv_count}.
Common.UGCValidation.ErrorLabel.AQSWarn_DegenTriangles,애셋 품질: {partName}에는 퇴화 삼각형이 {degenerate_triangle_percent}% 존재합니다(점수: {score}).
Common.UGCValidation.ErrorLabel.AQSWarn_DynamicHead,애셋 품질 경고: 다이내믹 헤드 표현 점수가 {score}입니다.
Common.UGCValidation.ErrorLabel.AQSWarn_JointNumber,"애셋 품질: 조인트 구성 점수 {score}(조인트: {joint_number}, 왼손: {left_hand_joint_number}, 오른손: {right_hand_joint_number})."
Common.UGCValidation.ErrorLabel.AQSWarn_MeshIslandVolume,애셋 품질: {partName}에는 {num_disconnected_components}개 구성 요소 중 작은 분리 영역이 {num_small_volume_islands}개 존재합니다(점수:{score}).
Common.UGCValidation.ErrorLabel.AQSWarn_MeshManifold,애셋 품질: {partName}에는 메시 매니폴드 문제가 있습니다(점수: {score}).
Common.UGCValidation.ErrorLabel.AQSWarn_MeshNotWatertight,애셋 품질: {partName} 메시가 방수가 되지 않습니다(경계 에지 {boundary_edges_percent}%).
Common.UGCValidation.ErrorLabel.AQSWarn_MeshOutsideOuterCage,애셋 품질 경고: 메시 포함 점수가 {score}입니다. 메시 버텍스의 {mesh_outside_outer_cage_percent}%가 외부 케이지 외부에 있습니다.
Common.UGCValidation.ErrorLabel.AQSWarn_MissingData,입력 데이터가 불완전하거나 유효하지 않아 {measureName}의 애셋 품질 점수를 계산할 수 없습니다. 이로 인해 업로드가 차단되지는 않습니다.
Common.UGCValidation.ErrorLabel.AQSWarn_TextureComplexity,애셋 품질: 텍스처 {textureName}의 복잡도가 낮습니다(점수: {score}).
Common.UGCValidation.ErrorLabel.AQSWarn_TextureResolution,애셋 품질: 텍스처 {textureName}의 해상도가 {texture_width}x{texture_height}입니다(점수: {score}).
Common.UGCValidation.ErrorLabel.AQSWarn_TriangleIntersection,애셋 품질: {partName}에는 교차하는 삼각형 면이 {intersecting_tri_face_percent}% 존재합니다(점수: {score}).
Common.UGCValidation.ErrorLabel.AQSWarn_UVBound,애셋 품질: {partName}에는 경계 밖에 있는 UV 버텍스가 {uv_outside_bound_vert_percent}% 존재합니다(점수: {score}).
Common.UGCValidation.ErrorLabel.AQSWarn_VertexSimilarity,애셋 품질: {partName}에는 유사한 버텍스가 {similar_vertex_percent}% 존재합니다(점수: {score}).
Common.UGCValidation.ErrorLabel.AccessoryAttachmentOutOfBounds,'{AttachmentName}'의 액세서리 부착물 '{PartName}'은(는) 메쉬 표면 근처에 배치해야 합니다. 현재 위치 [{CurrentPosition}]이(가) 유효 영역을 벗어났습니다. [{ClosestValidPosition}]에 더 가깝게 이동하세요.
Common.UGCValidation.ErrorLabel.AccessorySkinning_ExtraJoint,핸들에 허용되는 스키마에 포함되지 않는 조인트 {jointName}에 대한 스킨이 적용되어 있습니다. 표준 R15 조인트와 스키닝 전달 조인트만 허용됩니다.
Common.UGCValidation.ErrorLabel.AccessorySkinning_MissingTransferJoint,"{assetType}에서는 스키닝 전달을 사용해야 하지만, 필요한 조인트 {requiredJointName}이(가) 없습니다."
Common.UGCValidation.ErrorLabel.AccessorySkinning_NotLeaderOrFollower,"핸들에 조인트 {jointName}에 대한 스킨이 적용되어 있지만, 이 애셋에는 자동 스킨이 적용되어야 합니다. {validJointNameList}에 대해서만 스킨을 적용할 수 있습니다."
Common.UGCValidation.ErrorLabel.AccessorySkinning_RequiredSkinningTransfer,{assetType}에서는 스키닝 전달을 사용해야 합니다. WrapLayer.AutoSkin을 EnabledOverride로 설정하세요.
Common.UGCValidation.ErrorLabel.AccessorySkinning_RigidIsSkinned,리지드 액세서리에 지원되지 않는 스키닝 데이터가 있습니다. 메시와 함께 본을 가져오지 않도록 하세요.
Common.UGCValidation.ErrorLabel.AccessorySkinning_TransferJointWithoutAutoSkin,"핸들에 조인트 {jointName}이(가) 포함되어 있으며, 이는 WrapLayer.AutoSkin이 EnabledOverride로 설정된 경우에만 허용됩니다."
Common.UGCValidation.ErrorLabel.AccessorySkinning_WeightNotFull,조인트를 전달하기 위해 스킨이 적용된 버텍스에는 완전한 가중치를 적용해야 합니다.
Common.UGCValidation.ErrorLabel.AnimationPack_DuplicateAnimationId,애니메이션 팩 번들에 여러 클립에서 사용되는 중복 애니메이션 ID '{animationId}'이(가) 포함되어 있습니다: {instancePaths}. 각 애니메이션 클립은 고유한 애니메이션 자산을 참조해야 합니다.
Common.UGCValidation.ErrorLabel.AnimationPack_InvalidR15AnimChildren,애니메이션 팩 번들에 예상되는 애니메이션 유형이 없습니다: {missingAnimationTypes}. 각 애니메이션 유형에는 예상되는 StringValue 하위 항목을 정확히 포함하는 R15Anim 폴더가 하나 있어야 합니다.
Common.UGCValidation.ErrorLabel.Animation_WeightNotPositive,애니메이션 '{animationName}'의 가중치 값이 {weight}입니다. 가중치는 0보다 커야 합니다. 애니메이션을 수정하세요.
Common.UGCValidation.ErrorLabel.AssetSchemaMissingItem,필요한 {ExpectedClass}의 {ExpectedName}을(를) {ParentPath} 내에서 찾지 못했습니다
Common.UGCValidation.ErrorLabel.AssetSchemaUnexpectedItems,다음 인스턴스는 승인된 스키마의 일부가 아니며 제거되어야 합니다: {UnexpectedDescendantPaths}.
Common.UGCValidation.ErrorLabel.AssetSchemaWrongRootClass,업로드할 애셋 조건은 {ExpectedClass}인 반면 현재 애셋은 {RootClass}입니다.
Common.UGCValidation.ErrorLabel.AssetSchemaWrongRootName,"업로드할 애셋의 이름이 {ExpectedClass}여(이어)야 하지만, 현재 애셋의 이름은 {RootClass}입니다."
Common.UGCValidation.ErrorLabel.ContentNotEditable,{InstanceFullName}.{FieldName}에는 아직 저장되지 않은 편집 가능한 콘텐츠가 있습니다. 게시하기 전에 애셋으로 저장한 후 다시 시도하세요.
Common.UGCValidation.ErrorLabel.CurveAnim_BodyPartHasPosition,CurveAnimation의 신체 부위 '{bodyPartName}'에 위치(이동) 트랙이 있습니다. 애니메이션 신체 부위는 회전만 가능합니다. 위치 트랙은 허용되지 않습니다. 이 신체 부위에서 위치 트랙을 제거하세요.
Common.UGCValidation.ErrorLabel.CurveAnim_BodyPartTranslationExceedsThreshold,CurveAnimation의 신체 부위 '{bodyPartName}'이(가) 시작 위치에서 {distance} 스터드 만큼 움직입니다. 허용되는 최대 이동 거리는 {maxDistance} 스터드 입니다. 신체 부위의 위치 이동을 줄이세요.
Common.UGCValidation.ErrorLabel.CurveAnim_BodyPartWithBoneHasPosition,"CurveAnimation에 HRD/DRD 뼈대가 포함되어 있으며 신체 부위 '{bodyPartName}'에 위치(이동) 트랙이 있습니다. 애니메이션에 뼈대가 있는 경우, 관절 분리를 방지하기 위해 신체 부위를 이동할 수 없습니다. 신체 부위에서 모든 위치 트랙을 제거하세요."
Common.UGCValidation.ErrorLabel.CurveAnim_BonePositionNotAllowed,CurveAnimation의 {boneName} 뼈대에는 위치(이동) 트랙이 있습니다. HRD/DRD 뼈대는 회전만 가능합니다. 위치 트랙은 관절 분리를 유발하므로 허용되지 않습니다. 이 뼈대에서 위치 애니메이션을 제거하세요.
Common.UGCValidation.ErrorLabel.CurveAnim_BoneTranslationExceedsThreshold,CurveAnimation의 뼈대 '{boneName}'이(가) 시작 위치에서 {distance} 스터드 만큼 움직입니다. 허용되는 최대 이동 거리는 {maxDistance} 스터드 입니다. 뼈대의 위치 이동을 줄이세요.
Common.UGCValidation.ErrorLabel.CurveAnim_BonesNotAllowed,CurveAnimation에는 아직 지원되지 않는 HRD/DRD 뼈대 폴더가 포함되어 있습니다. 업로드하기 전에 모든 뼈대 하위 폴더를 제거하세요.
Common.UGCValidation.ErrorLabel.CurveAnim_BoundsExceeded,CurveAnimation의 신체 부위는 HumanoidRootPart에서 {minHeight}스터드보다 낮거나 {maxDistance}스터드 이상 떨어져 있으면 안 됩니다. 애니메이션을 수정하세요.
Common.UGCValidation.ErrorLabel.CurveAnim_ChildrenOnMarkerOrRig,CurveAnimation의 자식 항목인 MarkerCurves 및 AnimationRigData는 자식 항목을 포함할 수 없습니다.
Common.UGCValidation.ErrorLabel.CurveAnim_ContainsScripts,"CurveAnimation 계층 구조에 Scripts, LocalScripts 또는 ModuleScripts가 포함되어 있습니다. 해당 항목을 제거하세요."
Common.UGCValidation.ErrorLabel.CurveAnim_FetchFailed,CurveAnimation 데이터를 불러오는 데 실패했습니다. 애니메이션 애셋이 유효하지 않거나 액세스할 수 없는 상태일 수 있습니다.
Common.UGCValidation.ErrorLabel.CurveAnim_InvalidBodyPartHierarchy,CurveAnimation에 유효하지 않은 계층 구조를 가진 신체 부위 폴더({folderName})가 포함되어 있습니다(허용되지 않거나 잘못 설정된 자식 항목이 있음).
Common.UGCValidation.ErrorLabel.CurveAnim_InvalidBoneName,"CurveAnimation의 '{boneName}' 폴더는 인식되는 HRD/DRD 뼈대 이름이 아닙니다. 애니메이션 하위 폴더는 유효한 R15 신체 부위이거나 인식되는 뼈대 이름(예: HeadBase, Spine, Chest, LeftClavicle, RightClavicle, LeftToeBase, RightToeBase 또는 LeftHandIndex1과 같은 손가락 뼈대)이어야 합니다."
Common.UGCValidation.ErrorLabel.CurveAnim_InvalidCurveData,CurveAnimation에 '시간' 또는 '값'이 유효하지 않은 Curve가 있습니다. 애니메이션을 수정하세요.
Common.UGCValidation.ErrorLabel.CurveAnim_InvalidInstanceTypes,CurveAnimation 계층 구조에는 {allowedTypes}만 포함할 수 있습니다. 다른 인스턴스 유형은 모두 제거하세요.
Common.UGCValidation.ErrorLabel.CurveAnim_InvalidLength,CurveAnimation의 길이는 {minLength}~{maxLength}초여야 합니다. 애니메이션을 수정하세요.
Common.UGCValidation.ErrorLabel.CurveAnim_InvalidMarkerData,CurveAnimation에 '시간' 또는 '값'이 유효하지 않거나 '값'이 너무 긴 MarkerCurve가 포함되어 있습니다. 애니메이션을 수정하세요.
Common.UGCValidation.ErrorLabel.CurveAnim_InvalidNumericalData,CurveAnimation에 수치 데이터가 유효하지 않은 Curve가 있습니다. 애니메이션을 수정하세요.
Common.UGCValidation.ErrorLabel.CurveAnim_InvalidRigData,AnimationRigData 내부 유효성을 확인하는 데 실패했습니다. AnimationRigData가 올바르게 설정되었는지 확인하세요.
Common.UGCValidation.ErrorLabel.CurveAnim_InvalidRigDataR15Plus,AnimationRigData R15+ 내부 유효성을 확인하는 데 실패했습니다. 뼈대 애니메이션에 대해 AnimationRigData가 올바르게 설정되었는지 확인하세요.
Common.UGCValidation.ErrorLabel.CurveAnim_InvalidTags,CurveAnimation에는 타임스탬프 태그를 하나만 포함할 수 있습니다. 다른 모든 태그를 제거하세요.
Common.UGCValidation.ErrorLabel.CurveAnim_JointRotationExceeded,CurveAnimation의 시간이 {time}초일 때 관절({bodyPart})의 회전 각도가 휴식 자세에서 {rotation}도입니다. 최대 허용 각도는 {maxRotation}도입니다. 애니메이션을 수정하세요.
Common.UGCValidation.ErrorLabel.CurveAnim_KeysTooClose,최대 {maxFPS}FPS 애니메이션을 기준으로 CurveAnimation의 Curve({curvePath})에 있는 키 프레임 간격이 너무 가깝습니다. 애니메이션을 수정하세요.
Common.UGCValidation.ErrorLabel.CurveAnim_LoopingNotEnabled,CurveAnimation '{animationName}'에 루프가 활성화되어 있지 않습니다. 마켓플레이스에 업로드되는 애니메이션은 루프가 되어야 합니다. 루프 속성을 활성화하세요.
Common.UGCValidation.ErrorLabel.CurveAnim_MultipleBodyRoots,CurveAnimation에 2개 이상의 신체 부위 또는 HumanoidRootPart 자식 폴더가 포함되어 있습니다. 신체 부위 또는 HumanoidRootPart의 이름을 가진 자식 폴더는 1개만 있어야 합니다.
Common.UGCValidation.ErrorLabel.CurveAnim_MultipleRigData,CurveAnimation에 2개 이상의 AnimationRigData 자식 항목이 포함되어 있습니다. AnimationRigData 자식 항목 1개만 있어야 합니다.
Common.UGCValidation.ErrorLabel.CurveAnim_NegativeKeyTime,CurveAnimation의 Curve({curvePath})에 시간 값이 음수인 키 프레임이 있습니다. 애니메이션을 수정하세요.
Common.UGCValidation.ErrorLabel.CurveAnim_NoBodyRoot,CurveAnimation에 신체 부위 또는 HumanoidRootPart 자식 폴더가 없습니다. 신체 부위 또는 HumanoidRootPart의 이름을 가진 자식 폴더는 1개만 있어야 합니다.
Common.UGCValidation.ErrorLabel.CurveAnim_NoJointManipulation,CurveAnimation에 관절 조작이 포함되어 있지 않습니다.
Common.UGCValidation.ErrorLabel.CurveAnim_NoRigData,CurveAnimation에 AnimationRigData 자식 항목이 없습니다. AnimationRigData 자식 항목은 1개만 있어야 합니다.
Common.UGCValidation.ErrorLabel.CurveAnim_NotCurveAnimation,참조된 애니메이션은 CurveAnimation이 아닙니다. 애니메이션이 올바르게 업로드되었는지 확인하세요.
Common.UGCValidation.ErrorLabel.CurveAnim_PartTooFar,CurveAnimation의 시간이 {time}초일 때 신체 부위({bodyPart})가 HumanoidRootPart에서 {distance}스터드만큼 떨어져 있습니다. 신체 부위는 HumanoidRootPart에서 {maxDistance}스터드 이상 떨어져 있으면 안 됩니다. 애니메이션을 수정하세요.
Common.UGCValidation.ErrorLabel.CurveAnim_PartTooLow,CurveAnimation의 시간이 {time}초일 때 신체 부위({bodyPart})가 HumanoidRootPart에서 {height}스터드만큼 떨어진 높이에 있습니다. 신체 부위는 HumanoidRootPart에서 {minHeight}스터드보다 낮으면 안 됩니다. 애니메이션을 수정하세요.
Common.UGCValidation.ErrorLabel.CurveAnim_PositionSeparation,"CurveAnimation에 신체 부위가 위치상 분리되어 있습니다. LowerTorso만 위치를 변경할 수 있으며, 그 외 모든 신체 부위는 방향만 변경할 수 있습니다. {bodyPart} 신체 부위가 부모 부위에서 {maxMovement}스터드 이상 떨어져 있습니다. 애니메이션을 수정하세요."
Common.UGCValidation.ErrorLabel.CurveAnim_RotationTooFast,CurveAnimation의 시간이 {time}초일 때 신체 부위({bodyPart})가 초당 {speed}의 회전 속도로 움직이고 있습니다. 초당 최대 회전 속도는 {maxSpeed}입니다. 애니메이션을 수정하세요.
Common.UGCValidation.ErrorLabel.CurveAnim_SpeedTooFast,CurveAnimation의 시간이 {time}초일 때 신체 부위({bodyPart})가 초당 {speed}의 스터드 속도로 움직이고 있습니다. 초당 최대 스터드 속도는 {maxSpeed}입니다. 애니메이션을 수정하세요.
Common.UGCValidation.ErrorLabel.CurveAnim_SpeedTooFastLegacy,CurveAnimation의 신체 부위( {bodyPart})가 프레임 간에 {maxMovement} 이상의 스터드 속도로 움직입니다. 애니메이션을 수정하세요.
Common.UGCValidation.ErrorLabel.CurveAnim_TooManyDescendants,CurveAnimation에 {count}개의 하위 항목이 있습니다. 최대 허용 개수는 {maxAllowed}개이니 하위 항목 개수를 줄이세요.
Common.UGCValidation.ErrorLabel.CurveAnim_TooManyKeys,CurveAnimation의 Curve에 대한 키 개수가 너무 많습니다. Curve당 최대 개수는 {maxAllowed}개입니다. 애니메이션을 수정하세요.
Common.UGCValidation.ErrorLabel.CurveAnim_TooManyMarkerCurves,CurveAnimation에 {maxAllowed}개 이상의 MarkerCurve가 포함되어 있습니다. MarkerCurve 하위 항목은 {maxAllowed}개 이하여야 합니다.
Common.UGCValidation.ErrorLabel.CurveAnim_TooManyMarkers,CurveAnimation에 마커 {count}개가 포함된 MarkerCurve가 있습니다. MarkerCurve당 최대 개수는 {maxAllowed}개입니다. 애니메이션을 수정하세요.
Common.UGCValidation.ErrorLabel.CurveAnim_UnexpectedChild,CurveAnimation에 예상치 못한 자식 항목({childName})이 포함되어 있습니다.
Common.UGCValidation.ErrorLabel.DynamicHeadCageMisaligned,마켓플레이스의 다이내믹 헤드는 케이징을 적절히 처리하여 케이지의 눈과 입 정점이 메시 정점과 일치해야 합니다. 케이징과 메시의 정렬을 개선하세요.
Common.UGCValidation.ErrorLabel.DynamicHeadHappyNotShown,다이내믹 헤드의 미소 표정을 감지할 수 없습니다. 입의 케이지 랜드마크를 조정하여 머리에서 입이 있는 위치와 일치시키고 미소 표정을 지을 수 있는지 확인하세요.
Common.UGCValidation.ErrorLabel.DynamicHeadLeftEyeNotClose,다이내믹 헤드의 왼쪽 눈 감기 표정을 감지할 수 없습니다. 왼쪽 눈의 케이지 랜드마크를 조정하여 머리의 왼쪽 눈과 일치시키고 감을 수 있는지 확인하세요.
Common.UGCValidation.ErrorLabel.DynamicHeadMISSINGCAGE,마켓플레이스의 다이내믹 헤드에 헤드 케이지가 없습니다. 다이내믹 헤드용 헤드 케이지를 만드세요.
Common.UGCValidation.ErrorLabel.DynamicHeadMouthNotOpen,다이내믹 헤드의 입 벌리기 표정을 감지할 수 없습니다. 입의 케이지 랜드마크를 조정하여 머리에서 입이 있는 위치와 일치시키고 입을 벌릴 수 있는지 확인하세요.
Common.UGCValidation.ErrorLabel.DynamicHeadNOFACS,"마켓플레이스의 다이내믹 헤드는 애니메이션화되어 있어야 하지만, 이 헤드에는 FACS 데이터가 없습니다."
Common.UGCValidation.ErrorLabel.DynamicHeadRightEyeNotClose,다이내믹 헤드의 오른쪽 눈 감기 표정을 감지할 수 없습니다. 오른쪽 눈의 케이지 랜드마크를 조정하여 머리의 오른쪽 눈과 일치시키고 감을 수 있는지 확인하세요.
Common.UGCValidation.ErrorLabel.DynamicHeadSadNotShown,다이내믹 헤드의 찡그린 표정을 감지할 수 없습니다. 입의 케이지 랜드마크를 조정하여 머리에서 입이 있는 위치와 일치시키고 찡그린 표정을 지을 수 있는지 확인하세요.
Common.UGCValidation.ErrorLabel.EmissiveMap_NotAllowed,이 애셋은 신뢰할 수 있는 크리에이터 프로그램에 속한 크리에이터만 사용할 수 있는 발광형 맵을 사용합니다. 업로드하기 전에 모든 발광형 맵 콘텐츠를 제거하거나 프로그램에 참여하세요.
Common.UGCValidation.ErrorLabel.EmoteAnimation_InvalidMaxPartTranslationAttribute,게시된 애니메이션에 유효한 최대 부위 이동 거리 값이 없습니다. 애니메이션을 다시 게시하세요.
Common.UGCValidation.ErrorLabel.EmoteAnimation_InvalidUGCAttribute,게시된 애니메이션에 유효한 UGC 감정 표현 마커가 없습니다. 애니메이션을 다시 게시하세요.
Common.UGCValidation.ErrorLabel.EmoteAnimation_MaxPartTranslationCalcFailed,게시된 애니메이션 데이터에서 최대 부위 이동 거리를 계산할 수 없습니다. 애니메이션을 다시 게시하세요.
Common.UGCValidation.ErrorLabel.EmoteAnimation_MaxPartTranslationMismatch,"게시된 애니메이션은 최대 부위 이동 거리를 {taggedTranslation} 스터드로 지정했지만, 애니메이션 데이터에서는 {calculatedTranslation} 스터드로 계산됩니다. 애니메이션을 다시 게시하세요."
Common.UGCValidation.ErrorLabel.FaceControlsOverrideFACSNotEmpty,FaceControls의 InternalOverrideFACSData 속성은 업로드 시 비워두어야 합니다.
Common.UGCValidation.ErrorLabel.FacsExpandsHead,FACS(표정 코딩 시스템)이 사용자의 머리가 {modPercent}% 확대된 것을 감지했습니다. 머리를 변경하는 것은 얼굴 애니메이션에 대한 마켓플레이스 정책에 위배됩니다.
Common.UGCValidation.ErrorLabel.FacsShrinksHead,FACS(표정 코딩 시스템)이 사용자의 머리가 {modPercent}% 축소된 것을 감지했습니다. 머리를 변경하는 것은 얼굴 애니메이션에 대한 마켓플레이스 정책에 위배됩니다.
Common.UGCValidation.ErrorLabel.FailureWithoutReason,알 수 없는 이유로 유효성 검사에 실패했습니다. 다시 시도하거나 문제가 지속될 경우 버그 신고하기를 여세요.
Common.UGCValidation.ErrorLabel.FolderStructureMismatch,업로드 형식이 예상 폴더 구조와 일치하지 않습니다. 다시 시도하거나 버그 신고를 제출하세요.
Common.UGCValidation.ErrorLabel.HeadNotDynamic,"마켓플레이스의 다이내믹 헤드는 핵심 얼굴 움직임이 제대로 애니메이션화되도록 설정되어야 하지만, 유의미한 움직임 변화가 감지되지 않았습니다."
Common.UGCValidation.ErrorLabel.HrdBone_OutOfBounds,뼈대 {bonePath}이(가) 메시 파트 {partName}에서 너무 멀리 떨어져 있습니다. 뼈대를 메시 파트 크기 경계에 더 가깝게 배치하세요.
Common.UGCValidation.ErrorLabel.HrdBone_TooCloseToParent,뼈대 {bonePath}이(가) 상위 뼈대에 너무 가깝습니다. 뼈대 위치를 약간 조정하세요.
Common.UGCValidation.ErrorLabel.HrdBone_TransformNotIdentity,"뼈대 {bonePath}에는 변형 속성이 있지만, 마켓플레이스 업로드에서는 아직 이 속성이 활성화되지 않았습니다. 이를 Identity CFrame으로 재설정하세요."
Common.UGCValidation.ErrorLabel.HrdCheck_BoneNotMappedInHRD,"뼈대({boneName})는 허용되지만, HumanoidRigDescription 또는 DigitsRigDescription에서 명시적으로 매핑해야 합니다."
Common.UGCValidation.ErrorLabel.HrdCheck_BoneWithoutHrd,{bonePath}에서 뼈대를 발견했습니다. 뼈대를 사용하려면 HumanoidRigDescription을 사용해야 합니다.
Common.UGCValidation.ErrorLabel.HrdCheck_DrdInvalidSide,"{partName} 내부의 DigitsRigDescription은 {expectedSide} 측과 관련이 있어야 하지만, 속성 값은 {foundSide}입니다."
Common.UGCValidation.ErrorLabel.HrdCheck_DrdWithoutHrd,HumanoidRigDescription이 없는 DigitsRigDescription은 포함할 수 없습니다
Common.UGCValidation.ErrorLabel.HrdCheck_DuplicateInstance,"인스턴스 {instName}이(가) 두 번 이상 표시되지만, 뼈대 계층 구조 내에 한 번만 존재할 수 있습니다."
Common.UGCValidation.ErrorLabel.HrdCheck_ImproperParent,"인스턴스 {instName}은(는) {parentName}의 하위에 있지만, 기존 뼈대를 기준으로 할 때에는 {expectedParentName}의 하위에 있어야 합니다."
Common.UGCValidation.ErrorLabel.HrdCheck_TempR15BonesUploadNotAllowed,신체 업로드에 대한 HumanoidRigDescription 및 추가 뼈대가 아직 활성화되지 않았습니다.
Common.UGCValidation.ErrorLabel.HrdCheck_UndefinedInstanceInBoneTree,클래스 {className}의 인스턴스 {instName}은(는) 뼈대 구조에 있지만 정의된 R15plus 스키마의 일부가 아닙니다.
Common.UGCValidation.ErrorLabel.HrdImproperJointMapping,선택적 조인트 {jointName}이(가) HRD에 잘못 매핑되어 있습니다. 이 조인트는 {boneName}라는 뼈대에 매핑되어야 합니다.
Common.UGCValidation.ErrorLabel.HrdMissingStandardJoint,"조인트 {jointName}은(는) 표준 R15 조인트이지만, 리그 연결부가 HRD에 연결되어 있지 않습니다. 아바타의 HRD가 Motor6d가 아닌 AttachmentConstraint에 연결되어 있는지 확인하세요."
Common.UGCValidation.ErrorLabel.HrdProperties_MinAboveMax,"{jointName}의 범위가 HRD에서 설정되어 있지만, 최소 범위에 최대 범위보다 큰 구성 요소가 있어 범위가 유효하지 않습니다."
Common.UGCValidation.ErrorLabel.HrdProperties_OriginOutsideBounds,HumanoidRigDescription의 originOffset이 범위를 벗어났습니다. OriginOffset은 회전이 없어야 하며 {valueMin}과(와) {valueMax} 사이의 값이어야 합니다.
Common.UGCValidation.ErrorLabel.HrdProperties_PropertyOutOfRange,{jointName} {propertyName}은(는) HRD/DRD에서 {currentValue}(으)로 설정되어 있습니다. 허용되는 범위는 {valueMin}부터 {valueMax}까지입니다.
Common.UGCValidation.ErrorLabel.HrdProperties_UncontainedJoint,"HRD 속성 {jointName}은(는) {foundMeshName} 내의 인스턴스에서 참조되지만, 포함된 목록에 속해 있지 않습니다. Studio에서 게시하고 있으며 아바타 수준에 HRD/DRD만 있는 경우, 버그 신고를 제출해 주세요."
Common.UGCValidation.ErrorLabel.HrdTposePosition,조인트 {jointName}에 허용 범위를 벗어난 TposeAdjustment 위치가 있습니다. 오프셋을 +-({offsetLimit}) 사이로 줄여 주세요.
Common.UGCValidation.ErrorLabel.HrdTposeRotation,조인트 {jointName}에 권장 방향({expectedOrientation})에서 {degLimit}도 이상 벗어난 TposeAdjustment가 있습니다.
Common.UGCValidation.ErrorLabel.InstanceTagsFound,"다음 인스턴스는 태그가 있지만, 마켓플레이스 애셋은 태그를 사용할 수 없습니다: {ProblematicDescendantPaths}"
Common.UGCValidation.ErrorLabel.InternalError,내부 오류로 인해 자산을 제대로 검증할 수 없습니다. 문제가 지속되면 버그 신고를 작성하세요. ValidationJobId: {ValidationJobId}
Common.UGCValidation.ErrorLabel.JointRotAtt_Moved,"{instPath}은(는) 이동된 jointRotation이지만, 마켓플레이스 업로드에서는 아직 이 인스턴스를 조정하지 못할 수 있습니다. 위치를 {expectedPosition}(으)로 재설정하세요."
Common.UGCValidation.ErrorLabel.JointRotAtt_MultipleAttachments,인스턴스 {parentPath}에는 JointRotation 자식 항목을 2개 이상 포함할 수 없습니다.
Common.UGCValidation.ErrorLabel.JointRotAtt_Rotated,"{instPath}은(는) 회전된 jointRotation이지만, 마켓플레이스 업로드에서는 아직 이 인스턴스를 조정하지 못할 수 있습니다. 방향을 {expectedOrientation}(으)로 재설정하세요."
Common.UGCValidation.ErrorLabel.JointRotAtt_UnrecognizedParent,"인스턴스 {parentPath}에는 JointRotation 자식 항목이 있지만, 이는 허용되는 R15plus 스키마에 포함되지 않습니다."
Common.UGCValidation.ErrorLabel.JointRotAtt_WrongInstanceClass,인스턴스 {instPath}의 이름이 JointRotation으로 되어 있습니다. 하지만 이 이름은 연결부의 자식 항목 연결부용으로만 사용하도록 예약된 이름입니다.
Common.UGCValidation.ErrorLabel.LCDeformTooLarge,아바타에 레이어드 의상을 입히면 허용되는 크기({maxSize})를 초과하여 변형됩니다.
Common.UGCValidation.ErrorLabel.LeaderVertsNearCageIslands,속눈썹의 버텍스 중 RBX_Leader에 스킨된 항목이 내부 케이지의 눈 랜드마크에서 너무 멀리 떨어져 있습니다. RBX_Leader에 스킨된 모든 버텍스가 내부 케이지의 눈 영역에 더 가깝게 위치하도록 하세요
Common.UGCValidation.ErrorLabel.MeasureCageMeshDistanceAvatar_CageInsideMesh,바디 케이지가 바디 메시와 교차합니다. 바디 케이지 정점의 {negtiveSDFPercent}%가 바디 메시 내부에 있습니다.
Common.UGCValidation.ErrorLabel.MeasureCageMeshDistanceAvatar_CageTooFar,"헤드 케이지가 헤드 메시에서 너무 멀리 떨어져 있습니다. 헤드 케이지와 메시 사이의 최대 거리가 {max_sdf}이며, 이는 허용 한도 {max_sdf_threshold}을(를) 초과합니다"
Common.UGCValidation.ErrorLabel.MeasureCageMeshDistanceHead_CageInsideMesh,헤드 케이지가 헤드 메시와 교차합니다. 헤드 케이지 정점의 {negtiveSDFPercent}%가 헤드 메시 내부에 있습니다.
Common.UGCValidation.ErrorLabel.MeasureCageMeshDistanceHead_CageTooFar,
Common.UGCValidation.ErrorLabel.MeasureCageMeshDistance_CageInsideMesh,외부 케이지가 렌더링 메시와 교차합니다. 외부 케이지 정점의 {negtiveSDFPercent}%가 렌더링 메시 내부에 있습니다.
Common.UGCValidation.ErrorLabel.MeasureCageMeshDistance_CageTooFar,"외부 케이지가 렌더 메시에서 너무 멀리 떨어져 있습니다. 외부 케이지와 메시 사이의 최대 거리가 {max_sdf}이며 , 이는 허용 한도 {max_sdf_threshold}을(를) 초과합니다."
Common.UGCValidation.ErrorLabel.MeasureCageRelevancy,수정된 외부 케이지 정점의 {outer_cage_face_irrelevant_percent}%가 장신구를 포함하지 않습니다. 반드시 필요한 경우에만 외부 케이지를 움직이세요.
Common.UGCValidation.ErrorLabel.MeasureCageUV,{cage_name} 케이지 내에 올바르지 않거나 템플릿에 속하지 않는 UV 값이 {incorrect_uv_count}개 있습니다. 케이지 UV를 수정하세요.
Common.UGCValidation.ErrorLabel.MeasureMeshOutsideOuterCage,장신구의 메시 정점 중 {mesh_outside_outer_cage_percent}%가 외부 케이지 외부에 있습니다. 장신구의 더 많은 부분이 케이지 사이에 위치하도록 조정하세요.
Common.UGCValidation.ErrorLabel.MeshPartBounds_TooLarge,"{partName} 메시의 {axis}축 크기가 '{currentSize}' 스터드로, 허용되는 최대 개별 부품 크기인 '{maxSize}' 스터드보다 큽니다. 메시 크기를 줄이세요."
Common.UGCValidation.ErrorLabel.MeshPartBounds_TooSmall,"{partName} 메시의 {axis}축 크기가 '{currentSize}' 스터드로, 허용되는 최소 개별 부품 크기인 '{minSize}' 스터드보다 작습니다. 메시 크기를 늘리세요."
Common.UGCValidation.ErrorLabel.MissingRequiredAttachment,첨부 파일({attName})은 {partName} 하위 항목에 정확히 한 번만 존재해야 합니다.
Common.UGCValidation.ErrorLabel.NoAttributes,'{RootInstanceName}'(또는 하위 항목)에 속성이 포함되어 있습니다. 다음({InstanceNameList})에서 속성을 제거해야 합니다.
Common.UGCValidation.ErrorLabel.PropertiesNotSensible,{ClassName} '{InstancePath}'에 유효하지 않은 속성({ProblematicProperties})이 있습니다. 표시된 바이트 제한을 초과했습니다(제한이 0이면 속성이 비어 있어야 함). 다른 속성에는 NaN/Inf 값이 포함되어 있거나 기본 크기 제한을 초과합니다.
Common.UGCValidation.ErrorLabel.RigAttachmentOutOfBounds,'{AttachmentName}'의 리그 부착물 '{PartName}'은(는) 이 신체 부위가 인접 부위에 연결되는 조인트 경계 근처에 배치해야 합니다. 현재 위치 [{CurrentPosition}]가 연결 평면에서 너무 멀리 떨어져 있습니다. [{ClosestValidPosition}]에 더 가깝게 이동하세요.
Common.UGCValidation.ErrorLabel.SelectionCountNotOne,Roblox에 애셋을 업로드하려면 정확히 1개의 인스턴스와 관련된 업로드 유형을 선택해야 합니다.
Common.UGCValidation.ErrorLabel.SerializedAssetTooLarge,이 애셋은 너무 커서 업로드할 수 없습니다({sizeBytes}바이트가 최대치인 {maxSizeBytes}바이트를 초과합니다). 크기를 줄이고 다시 시도해 주세요.
Common.UGCValidation.ErrorLabel.TagsFoundOnSingleInstance,인스턴스 {ProblematicDescendantPath}에는 태그가 없어야 합니다.
Common.UGCValidation.ErrorLabel.TestWorkflowMessageV2,Hub 우선 번역 동기화 워크플로우를 엔드투엔드로 확인하는 데 사용되는 두 번째 테스트 오류 문자열.
Common.UGCValidation.ErrorLabel.UnallowedFacsJoints,"머리 메쉬 파트에 {jointName}의 얼굴 애니메이션이 있으며, 이는 FACS(표정 코딩 시스템)에서 사용할 수 없습니다. 이 조인트의 이름을 변경한 후 머리를 다시 가져오세요."
Common.UGCValidation.ErrorLabel.UnallowedJointSkinned,바디 파트 {partName}에는 R15plus 스키마에 포함되지 않는 가상 조인트 {jointName}에 대한 스킨이 적용되어 있습니다.
Common.VerifiedParentalConsent.Action.Cancel,
Common.VerifiedParentalConsent.Action.Close,
Common.VerifiedParentalConsent.Action.GoToSettings,설정으로 이동
Common.VerifiedParentalConsent.Description.SpendingRestrictionWithSettings,지역별 제한에 따라 구매하려면 보호자의 동의가 필요합니다. 설정 > 지출에서 보호자의 동의를 받으세요.
Common.VerifiedParentalConsent.Description.SpendingRestrictionWithoutSettings,지역별 제한에 따라 구매하려면 보호자의 동의가 필요합니다. 웹 또는 호환 기기로 설정 > 지출 페이지를 방문해 보호자의 동의를 받으세요.
Common.VerifiedParentalConsent.Label.AskParent,
Common.VisitGame.Label.Play,참가
CommonUI.Controls.Action.Accept,수락
CommonUI.Controls.Action.Apply,적용
CommonUI.Controls.Action.Back,뒤로
CommonUI.Controls.Action.Cancel,
CommonUI.Controls.Action.CloseRoblox,Roblox 닫기
CommonUI.Controls.Action.Confirm,
CommonUI.Controls.Action.Done,
CommonUI.Controls.Action.Next,
CommonUI.Controls.Action.OK,
CommonUI.Controls.Action.Refresh,새로 고침
CommonUI.Controls.Action.ResetAll,모두 재설정
CommonUI.Controls.Action.Search,검색
CommonUI.Controls.Action.ShowMore,더 보기
CommonUI.Controls.Action.Submit,제출
CommonUI.Controls.Action.Yes,예
CommonUI.Controls.Birthdaypicker.Label.Date,날짜
CommonUI.Controls.Input.Optional,{inputLabel}(선택 사항)
CommonUI.Controls.Label.April,4월
CommonUI.Controls.Label.AprilAbbreviated,
CommonUI.Controls.Label.August,8월
CommonUI.Controls.Label.AugustAbbreviated,
CommonUI.Controls.Label.Day,
CommonUI.Controls.Label.December,12월
CommonUI.Controls.Label.DecemberAbbreviated,
CommonUI.Controls.Label.February,2월
CommonUI.Controls.Label.FebruaryAbbreviated,
CommonUI.Controls.Label.ForceUpdateBody,업데이트하려면 Roblox를 다시 시작해야 합니다. Roblox를 다시 실행하세요.
CommonUI.Controls.Label.ForceUpdateTitle,업데이트 필요
CommonUI.Controls.Label.Friday,금요일
CommonUI.Controls.Label.FridayAbbreviated,금
CommonUI.Controls.Label.InvalidDateFormat,유효하지 않은 날짜 형식
CommonUI.Controls.Label.January,1월
CommonUI.Controls.Label.JanuaryAbbreviated,
CommonUI.Controls.Label.July,7월
CommonUI.Controls.Label.June,6월
CommonUI.Controls.Label.LastWeek,지난주
CommonUI.Controls.Label.LastYear,지난해
CommonUI.Controls.Label.March,3월
CommonUI.Controls.Label.MarchAbbreviated,
CommonUI.Controls.Label.May,5월
CommonUI.Controls.Label.Monday,월요일
CommonUI.Controls.Label.MondayAbbreviated,
CommonUI.Controls.Label.Month,
CommonUI.Controls.Label.November,11월
CommonUI.Controls.Label.NovemberAbbreviated,
CommonUI.Controls.Label.October,10월
CommonUI.Controls.Label.OctoberAbbreviated,
CommonUI.Controls.Label.PageCount,{current:int}/{total:int}
CommonUI.Controls.Label.Saturday,토요일
CommonUI.Controls.Label.SaturdayAbbreviated,토
CommonUI.Controls.Label.SelectDate,날짜 선택
CommonUI.Controls.Label.SelectTheTime,시간 선택
CommonUI.Controls.Label.September,9월
CommonUI.Controls.Label.SeptemberAbbreviated,
CommonUI.Controls.Label.Sunday,일요일
CommonUI.Controls.Label.SundayAbbreviated,
CommonUI.Controls.Label.ThisMonth,이번 달
CommonUI.Controls.Label.ThisWeek,이번 주
CommonUI.Controls.Label.ThisYear,올해
CommonUI.Controls.Label.Thursday,목요일
CommonUI.Controls.Label.ThursdayAbbreviated,목
CommonUI.Controls.Label.Today,오늘
CommonUI.Controls.Label.Tuesday,화요일
CommonUI.Controls.Label.TuesdayAbbreviated,화
CommonUI.Controls.Label.Wednesday,수요일
CommonUI.Controls.Label.WednesdayAbbreviated,수
CommonUI.Controls.Label.Year,
CommonUI.Controls.NoResultsFound,검색 결과 없음
CommonUI.Features.Action.ClassicUnlockGetTheme,테마 받기
CommonUI.Features.Action.ClassicUnlockManage,
CommonUI.Features.Action.Close,
CommonUI.Features.Action.Go,이동
CommonUI.Features.Action.LessLowercase,간략히 보기
CommonUI.Features.Action.MoreLowercase,
CommonUI.Features.Action.Send,보내기
CommonUI.Features.Heading.ClassicUnlock,Roblox 20주년을 기념하세요!
CommonUI.Features.Heading.GameDetails,체험 설명
CommonUI.Features.Label.About,소개
CommonUI.Features.Label.AboutUs,회사 소개
CommonUI.Features.Label.AcceptConnection,인맥 수락
CommonUI.Features.Label.AcceptFriend,친구 수락
CommonUI.Features.Label.AddConnection,인맥 추가
CommonUI.Features.Label.AddConnections,
CommonUI.Features.Label.AddFriend,친구 추가
CommonUI.Features.Label.AdjustScreen,화면 조정
CommonUI.Features.Label.AppInformation,앱 정보
CommonUI.Features.Label.Avatar,아바타
CommonUI.Features.Label.Badges,배지
CommonUI.Features.Label.Blog,블로그
CommonUI.Features.Label.Careers,인재 채용
CommonUI.Features.Label.Catalog,Roblox 카탈로그
CommonUI.Features.Label.ChannelWithChannelName,채널: {channelName}
CommonUI.Features.Label.Charts,차트
CommonUI.Features.Label.Chat,채팅
CommonUI.Features.Label.ClassicUnlockDescription,기간 한정 클래식 룩을 즐겨보세요
CommonUI.Features.Label.ClassicUnlockManagementSnackbar,설정에서 클래식 테마 관리
CommonUI.Features.Label.ClientCoreScriptVersion,Client-CoreScript-Version: {clientCoreScriptVersion}
CommonUI.Features.Label.Connect,친구
CommonUI.Features.Label.Connection,인맥
CommonUI.Features.Label.Connections,
CommonUI.Features.Label.ControllerBar.HoldPrefix,길게 누르기:
CommonUI.Features.Label.ControllerBar.Search,
CommonUI.Features.Label.ControllerBar.ToPlaySuffix,플레이
CommonUI.Features.Label.CreateGames,만들기
CommonUI.Features.Label.CreationCenter,게임 창작물 센터
CommonUI.Features.Label.DevSubs,가입
CommonUI.Features.Label.Discover,둘러보기
CommonUI.Features.Label.ForYou,추천
CommonUI.Features.Label.Friends,
CommonUI.Features.Label.Game,체험
CommonUI.Features.Label.Games,게임
CommonUI.Features.Label.GiftCards,기프트 카드 구매
CommonUI.Features.Label.Groups,커뮤니티
CommonUI.Features.Label.Help,도움말
CommonUI.Features.Label.HelpAndSafety,도움말 및 안전
CommonUI.Features.Label.Home,홈
CommonUI.Features.Label.Inventory,인벤토리
CommonUI.Features.Label.InviteConnections,인맥 초대
CommonUI.Features.Label.JoinConnections,인맥과 합류하기
CommonUI.Features.Label.Learn,학습
CommonUI.Features.Label.Licensing,라이선싱
CommonUI.Features.Label.LuobuRiderTerms,Luobu 전용 특별 약관
CommonUI.Features.Label.LuobuThirdPartyDataUse,제3자 공유 목록
CommonUI.Features.Label.Me,나
CommonUI.Features.Label.Messages,메시지
CommonUI.Features.Label.Moments,모멘트
CommonUI.Features.Label.More,
CommonUI.Features.Label.MoreEvents,더 많은 이벤트가 곧 진행될 예정입니다!
CommonUI.Features.Label.Newsroom,뉴스룸
CommonUI.Features.Label.OfficialStore,공식 상점
CommonUI.Features.Label.Parents,보호자 가이드
CommonUI.Features.Label.Players,회원
CommonUI.Features.Label.Premium,Premium
CommonUI.Features.Label.Privacy,
CommonUI.Features.Label.PrivacyGuidelinesChildren,아동을 위한 개인정보 처리방침
CommonUI.Features.Label.PrivacyPolicy,
CommonUI.Features.Label.Profile,프로필
CommonUI.Features.Label.RM,
CommonUI.Features.Label.Redeem,코드 사용
CommonUI.Features.Label.RemoveConnection,친구 삭제
CommonUI.Features.Label.ReportLogs,로그 보고
CommonUI.Features.Label.ReportLogsSentenceCase,로그 전송
CommonUI.Features.Label.Settings,
CommonUI.Features.Label.Startup,시작
CommonUI.Features.Label.SupportCenter,체험 지원 기록
CommonUI.Features.Label.TencentNotice,알림
CommonUI.Features.Label.Terms,이용 약관
CommonUI.Features.Label.TermsOfService,서비스 약관
CommonUI.Features.Label.TermsOfUse,
CommonUI.Features.Label.Thanks,감사합니다
CommonUI.Features.Label.TheHunt,Roblox 이벤트
CommonUI.Features.Label.Trades,거래
CommonUI.Features.Label.Unchecked,선택 해제됨
CommonUI.Features.Label.VNGMigrationBody,현재 거주 중인 지역에서 Roblox를 계속 사용하려면 새로운 Roblox-VNG 앱을 다운로드하고 Roblox 사용자 이름으로 로그인하세요.
CommonUI.Features.Label.VNGMigrationBodyPC,현재 거주 중인 지역에서 Roblox를 계속 사용하려면 새로운 Roblox - VN 앱을 다운로드하고 Roblox 사용자 이름으로 로그인하세요.
CommonUI.Features.Label.VNGMigrationGoButton,Roblox-VNG 앱으로 이동
CommonUI.Features.Label.VNGMigrationGoButtonPC,Roblox - VN 앱으로 이동
CommonUI.Features.Label.VNGMigrationTip,유용한 팁: Roblox-VNG 앱에서 '빠른 로그인'을 선택해 더 간편하게 로그인할 수 있습니다.
CommonUI.Features.Label.VNGMigrationTitle,Roblox가 이제 Roblox-VNG로 새롭게 태어납니다!
CommonUI.Features.Label.VNGMigrationTitlePC,Roblox가 이제 Roblox - VN으로 새롭게 태어납니다!
CommonUI.Features.Label.VRFTUX,VR 튜토리얼
CommonUI.Features.Label.Version,버전
CommonUI.Features.Label.VersionWithNumber,버전: {versionNumber}
CommonUI.Features.Label.X,Roblox Plus
CommonUI.Features.Label.sGroups,
CommonUI.Features.Labels.ConnectTo,연결 대상
CommonUI.Features.Labels.OrYouCan,기타 방법:
CommonUI.Features.Labels.Retry,재시도
CommonUI.Features.Labels.ServerCommunicationError,Roblox 서버와 통신하던 중 오류가 발생했습니다.
CommonUI.Features.Labels.With,수단:
CommonUI.Features.NavBar.Build,빌드
CommonUI.Features.Prompt.ReportLogsQuestion,로컬 로그 파일을 Backtrace로 보낼까요?
CommonUI.Features.Prompt.ReportLogsResult,보고서를 보냈습니다.
CommonUI.Features.StudioCTA.Tooltip.Body,Studio를 무료로 다운로드하세요!
CommonUI.Features.StudioCTA.Tooltip.Title,Roblox에서 체험 제작을 시작하세요
CommonUI.Messages.Action.Apply,
CommonUI.Messages.Action.Dismiss,해제
CommonUI.Messages.Action.OK,
CommonUI.Messages.Action.Reset,재설정
CommonUI.Messages.Action.View,보기
CommonUI.Messages.Label.ActionNotAvailableOnCurrentDevice,현재 기기에서 아직 지원되지 않는 작업입니다. 다른 기기에서 시도하세요.
CommonUI.Messages.Label.ActionNotAvailableOnVRHeadsetDevice,아직 헤드셋 기기에서 지원되지 않는 기능입니다. 다른 기기에서 시도하세요.
CommonUI.Messages.Label.AgeBlock,연령 제한으로 인해 해당 서비스를 이용할 수 없는 계정입니다.
CommonUI.Messages.Label.Alert,
CommonUI.Messages.Label.FeatureNotAvailableForAccount,이 기능을 사용할 수 없는 계정입니다.
CommonUI.Messages.Label.OR,
CommonUI.Messages.Label.Password,
CommonUI.Messages.Label.ToExitFullscreen,전체 화면 종료
CommonUI.Messages.Message.NoLicenses,라이선스 없음
CommonUI.Messages.Response.NoResults,결과 없음
CommonUI.Messages.Response.PageError,페이지를 불러오는 중 오류 발생
CommonUI.Messages.Response.SomethingWentWrong,
CommonUI.Messages.SystemMessage.AndroidDeprecationBodyPhase1,조만간 Roblox에서 Android 6 및 7 지원을 중단합니다. 계속 플레이하려면 기기를 Android 8 이상으로 업그레이드하세요.
CommonUI.Messages.SystemMessage.AndroidDeprecationBodyPhase2,{date}부터 Roblox에서 Android 6 및 7 지원을 중단합니다. 계속 플레이하려면 기기를 Android 8 이상으로 업그레이드하세요.
CommonUI.Messages.SystemMessage.AndroidDeprecationBodyPhase2Fallback,2025년 7월 19일부터 Roblox에서 Android 6 및 7 지원을 중단합니다. 계속 플레이하려면 기기를 Android 8 이상으로 업그레이드하세요.
CommonUI.Messages.SystemMessage.AndroidDeprecationBodyPhase3,Roblox에서는 더 이상 Android 6 및 7을 지원하지 않습니다. 계속 플레이하려면 기기를 Android 8 이상으로 업그레이드하세요.
CommonUI.Messages.SystemMessage.AndroidDeprecationSystemRequirementsLinkLabel,모바일 시스템 요구 사항
CommonUI.Messages.SystemMessage.AndroidDeprecationTitlePhase1,조치 필요: 기기 업데이트
CommonUI.Messages.SystemMessage.AndroidDeprecationTitlePhase2,
CommonUI.Messages.SystemMessage.AndroidDeprecationTitlePhase3,
CommonUI.Messages.SystemMessage.DeprecationMobileSystemRequirementsLinkLabel,
CommonUI.Messages.SystemMessage.DeprecationTitle,
CommonUI.Messages.SystemMessage.IosDeprecationBodyPhase1,곧 Roblox에서 iOS 13 지원하지 않게 됩니다. 계속 플레이하려면 기기를 iOS 14 이상으로 업그레이드하세요.
CommonUI.Messages.SystemMessage.IosDeprecationBodyPhase2Fallback,2026년 6월 5일부터 Roblox는 더 이상 iOS 13을 지원하지 않습니다. 계속 플레이하려면 기기를 iOS 14 이상으로 업그레이드하세요.
CommonUI.Messages.SystemMessage.IosDeprecationBodyPhase3,Roblox는 더 이상 iOS 13을 지원하지 않습니다. 계속 플레이하려면 기기를 iOS 14 이상으로 업그레이드하세요.
CommonUI.Messages.SystemMessage.PS4onPS5DeprecationBody,새롭게 출시된 PlayStation®5용 Roblox를 설치하고 플레이하세요. {date}부터 PlayStation®5에서는 PlayStation®4용 Roblox를 플레이할 수 없습니다.
CommonUI.Messages.SystemMessage.PS4onPS5DeprecationTitle,이제 PlayStation®5에서 Roblox를 이용할 수 있습니다
CommonUI.Messages.SystemMessage.PS4onPS5HardDeprecationBody,PlayStation®4 버전의 Roblox는 더 이상 PlayStation®5에서 지원되지 않습니다. 계속 플레이하려면 PlayStation®5용 새 Roblox 앱을 다운로드하세요.
CommonUI.UserAgreements.Popup.Agree,
CommonUI.UserAgreements.Popup.Agree2,
CommonUI.UserAgreements.Popup.Agreement.Optional,
CommonUI.UserAgreements.Popup.Agreement.OptionalPersonalInformationPolicy,선택적 개인정보의 수집 및 처리
CommonUI.UserAgreements.Popup.Agreement.PersonalInformationPolicy,필수 개인정보의 수집 및 처리
CommonUI.UserAgreements.Popup.Agreement.PrivacyPolicy,
CommonUI.UserAgreements.Popup.Agreement.Required,필수
CommonUI.UserAgreements.Popup.Agreement.StudioTermsForVNGSKU,Studio 약관. 귀하와 Roblox Corporation 간에 적용되는 본 약관은 귀하가 Roblox Corporation이 제공하는 별도 서비스인 Roblox Studio를 사용하여 콘텐츠를 제작하거나 업로드할 때 적용됩니다
CommonUI.UserAgreements.Popup.Agreement.TermsOfService,
CommonUI.UserAgreements.Popup.Agreement.ThirdPartyPersonalInformationPolicy,개인정보의 제삼자 제공
CommonUI.UserAgreements.Popup.Agreement.TransferPersonalInformationPolicy,개인정보의 국외 이전
CommonUI.UserAgreements.Popup.CheckboxMessage,아래의 전체 약관을 검토했으며 이에 동의합니다
CommonUI.UserAgreements.Popup.ContactCustomerSupport,고객 지원에 문의
CommonUI.UserAgreements.Popup.ConvertToVNCheckboxMessage,I agree to all terms and conditions below
CommonUI.UserAgreements.Popup.ConvertToVNMessage,"By clicking on the Agree button below, you are changing your country to Vietnam, migrating to the Roblox – VNG app and cannot revert back. Your use of the Roblox - VNG app is subject to the following terms that supersede any previous terms with Roblox Corporation. Please review and consent to the following:"
CommonUI.UserAgreements.Popup.DefaultAgreementTitle,약관 업데이트
CommonUI.UserAgreements.Popup.FailAndRetryMessage,죄송합니다. 이용 약관에 동의하는 동안 문제가 발생했습니다. 다시 시도하세요.
CommonUI.UserAgreements.Popup.KISAMessage,다음 약관을 검토하고 동의해 주세요. 개별 약관에 동의하거나 동의하지 않을 수 있습니다. 선택 약관에 동의하지 않더라도 Roblox를 계속 사용할 수 있습니다.
CommonUI.UserAgreements.Popup.Message,Roblox를 계속 사용하려면 '동의'를 눌러 아래 업데이트된 약관에 동의해 주세요. 미성년자인 경우 부모님이나 보호자에게 이 문서를 보여 주세요. 변경된 부분은 다음과 같습니다.
CommonUI.UserAgreements.Popup.PromotionalEmailsCheckbox,"선택 사항: Roblox의 최신 릴리스, 기간 한정 프로모션 정보 등도 이메일로 받아 보고 싶어요."
CommonUI.UserAgreements.Popup.SignupMessage,'동의'를 클릭하면 이용 약관 및 개인정보 처리방침에 동의하는 것으로 간주됩니다.
CommonUI.UserAgreements.Popup.Title,
CommonUI.UserAgreements.Popup.TitleOnWebview,약관
CommonUI.UserAgreements.Popup.TransferCurrency.Message,다른 통화의 기존 기프트 카드 잔액이 있습니다. 계속 진행하려면 고객 서비스에 문의해 해당 금액을 이전하세요.
CommonUI.UserAgreements.Popup.TransferCurrency.Title,기존 기프트 카드 잔액
CommonUI.UserAgreements.Popup.VNSignupCheckboxMessage,I have read and agree to all terms and conditions below
CommonUI.UserAgreements.Popup.VNSignupMessage,"By clicking Agree, you agree to the Terms of Use, Studio Terms and the Privacy Policy:"
CoreScripts.Ads.Label.SponsoredAds,스폰서
CoreScripts.Ads.Label.SponsoredAdsDisclosureStatic,"스폰서 체험은 크리에이터가 비용을 지불합니다. EU 사용자의 경우, 기기 유형, 위치, 인구 통계에 관한 일반적인 정보를 기반으로 표시될 수 있습니다. EU 외 지역은 추가 정보를 기반으로 광고가 표시될 수 있습니다."
CoreScripts.BulkPurchasePrompt.CompletedPrompt.SuccessHeading,구매 완료
CoreScripts.Feedback.FeedbackBar.ExitFeedbackButton,
CoreScripts.InGameMenu.Actions.Continue,
CoreScripts.InGameMenu.Cancel,
CoreScripts.InGameMenu.Controls.RobloxMenu,Roblox 메뉴
CoreScripts.InGameMenu.GameSettings.PartyVoiceVolume,파티 음성 볼륨
CoreScripts.InGameMenu.GameSettings.UINavToggle,UI 탐색 전환
CoreScripts.InGameMenu.GameSettings.Volume,볼륨
CoreScripts.InGameMenu.Leave,
CoreScripts.InGameMenu.PageTitle.InviteFriends,친구 초대
CoreScripts.InGameMenu.Traversal.HistoryDescription,이전에 방문한 게임에 참가
CoreScripts.InGameMenu.Traversal.LeaveBody,이 체험에서 나가고 {PREVIOUS_EXPERIENCE}(으)로 돌아갑니다.
CoreScripts.InGameMenu.Traversal.LeaveHeader,나갈까요?
CoreScripts.PremiumModal.Title.Error,오류
CoreScripts.PublishAssetPrompt.ResultModalOk,
CoreScripts.PublishAvatarPrompt.PurchaseCompleteDescription,완료되면 인벤토리에서 아이템을 확인할 수 있습니다.
CoreScripts.PurchasePrompt.Button.OK,
CoreScripts.PurchasePrompt.Button.Settings,
CoreScripts.PurchasePrompt.CancelPurchase.Cancel,
CoreScripts.PurchasePrompt.ItemType.Bundle,번들
CoreScripts.PurchasePrompt.ProductType.Product,상품
CoreScripts.PurchasePrompt.PurchaseDetails.ScaryModalOne,"이 구매는 실물 화폐 교환으로 이루어집니다. 

본인은 18세 이상이며 계정 소유자의 부모 또는 법적 보호자임에 동의합니다. 또한 이 구매를 허용하고 이용 약관에 동의합니다."
CoreScripts.PurchasePrompt.PurchaseDetails.ScaryModalParental,회원님은 이번 달에 Roblox에서 상당히 많은 구매를 하셨습니다. 이 구매 및 이후 모든 구매에 대한 영수증은 이 계정의 인증된 보호자 이메일로 전송됩니다. 
CoreScripts.PurchasePrompt.PurchaseDetails.ScaryModalTwo,회원님은 이번 달에 Roblox에서 상당히 많은 구매를 하셨습니다. 그래도 계속 진행할까요? 이 구매는 실물 화폐 교환으로 이루어집니다. 이 구매를 승인하려면 회원님이 계정 소유자의 부모 또는 법적 보호자여야 합니다.
CoreScripts.PurchasePrompt.PurchaseFailed.AlreadyOwn,이미 보유하고 있는 아이템입니다. 계정에 비용이 청구되지 않아요.
CoreScripts.PurchasePrompt.PurchaseFailed.CannotGetBalance,지금은 잔액을 가져올 수 없습니다. 계정에 비용이 청구되지 않습니다. 나중에 다시 시도하세요.
CoreScripts.PurchasePrompt.PurchaseFailed.CannotGetItemPrice,지금은 아이템 가격을 가져올 수 없습니다. 계정에 비용이 청구되지 않습니다. 나중에 다시 시도하세요.
CoreScripts.PurchasePrompt.PurchaseFailed.Enable2SV,
CoreScripts.PurchasePrompt.PurchaseFailed.Enable2SVLogout,
CoreScripts.PurchasePrompt.PurchaseFailed.InvalidFunds,Robux가 부족해 구매하지 못했습니다. 계정에 비용이 청구되지 않아요.
CoreScripts.PurchasePrompt.PurchaseFailed.Limited,본 아이템은 한정판 아이템으로 더 이상 재고가 없습니다. www.roblox.com에서 다른 사용자에게 구매하세요. 계정에 비용이 청구되지 않습니다.
CoreScripts.PurchasePrompt.PurchaseFailed.NotEnoughRobux,Robux가 부족해 본 아이템을 구매할 수 없습니다. Robux를 구매하려면 www.roblox.com을 방문하세요.
CoreScripts.PurchasePrompt.PurchaseFailed.NotEnoughRobuxNoUpsell,아이템 구매에 충분한 Robux를 보유하고 있지 않습니다.
CoreScripts.PurchasePrompt.PurchaseFailed.NotEnoughRobuxXbox,Robux가 부족해 이 아이템을 구매할 수 없습니다. 체험에서 나간 후 Robux 화면으로 이동해 Robux를 구매하세요.
CoreScripts.PurchasePrompt.PurchaseFailed.NotForSale,현재 판매 중인 아이템이 아닙니다. 계정에 비용이 청구되지 않아요.
CoreScripts.PurchasePrompt.PurchaseFailed.NotForSaleHere,이 체험에서 판매할 수 없는 아이템입니다. 계정에 비용이 청구되지 않았습니다.
CoreScripts.PurchasePrompt.PurchaseFailed.PremiumOnly,이 아이템을 구매하려면 Roblox Premium에 가입해야 합니다.
CoreScripts.PurchasePrompt.PurchaseFailed.PurchaseDisabled,체험 내 구매가 일시적으로 비활성화되어 구매에 실패했습니다. 계정에 비용이 청구되지 않습니다. 나중에 다시 시도해 주세요.
CoreScripts.PurchasePrompt.PurchaseFailed.ThirdPartyDisabled,이 플레이스에 대한 제삼자 아이템 판매가 비활성화 상태입니다. 계정에 비용이 청구되지 않습니다.
CoreScripts.PurchasePrompt.PurchaseFailed.Under13,본 아이템은 만 13세 미만 계정으로 구매할 수 없어요. 계정에 비용이 청구되지 않아요.
CoreScripts.PurchasePrompt.PurchaseFailed.UnknownFailure,오류가 발생해 {ITEM_NAME}(을)를 구매하지 못했습니다. 계정에 비용이 청구되지 않습니다. 나중에 다시 시도하세요.
CoreScripts.PurchasePrompt.PurchaseFailed.UnknownFailureNoItemName,오류가 발생해 구매하지 못했습니다. 계정에 비용이 청구되지 않습니다. 나중에 다시 시도하세요.
CoreScripts.PurchasePrompt.PurchaseMessage.Succeeded,{ITEM_NAME} 구매 완료!
CoreScripts.PurchasePrompt.Title.BuyItem,아이템 구매
CoreScripts.PurchasePrompt.Title.VerificationRequired,
CoreScripts.TextChat.Action.SendQuickWords,간단한 메시지 보내기
CoreScripts.TextChat.ChannelTabs.Friends,
CoreScripts.TextChat.ChannelTabs.Global2,글로벌
CoreScripts.TextChat.ChannelTabs.Here,여기
CoreScripts.TextChat.ChannelTabs.System,시스템
CoreScripts.TextChat.ChannelTabs.Team,팀
CoreScripts.TextChat.ChatCommands.Mute.Description,/mute <speaker>: 사용자 음소거
CoreScripts.TextChat.ChatCommands.Unmute.Description,/unmute <speaker>: 스피커 음소거 해제.
CoreScripts.TextChat.ChatTranslation.ChatWindow.SystemMessageNew,지원되는 언어로 자동 번역됩니다
CoreScripts.TextChat.ChatTranslation.FTUX.TitleNew,지원되는 언어에 대한 채팅 번역이 설정되었습니다
CoreScripts.TextChat.ChatWindow.ChatDisabled.AskForPermission,여기서는 시스템 메시지만 볼 수 있습니다. 커뮤니케이션 설정에서 보호자에게 채팅 권한을 요청하세요.
CoreScripts.TextChat.ChatWindow.ChatDisabled.AskForPermissionToAgeCheck,여기서는 시스템 메시지만 볼 수 있습니다. 커뮤니케이션 설정에서 보호자에게 연령 확인 권한을 요청하세요.
CoreScripts.TextChat.ChatWindow.ChatDisabled.CheckAgeInAccountInfo,여기서는 시스템 메시지만 볼 수 있습니다. 설정 > 계정 정보에서 나이 확인을 완료하여 채팅을 잠금 해제하세요.
CoreScripts.TextChat.ChatWindow.ChatDisabled.CheckAgeInSettings,여기서는 시스템 메시지만 볼 수 있습니다. 채팅을 하려면 커뮤니케이션 설정에서 나이 확인을 받으세요.
CoreScripts.TextChat.ChatWindow.ChatDisabled.DontMissMessages,놓치는 메시지가 없도록 나이 확인을 완료하고 채팅을 이용하세요.
CoreScripts.TextChat.ChatWindow.ChatDisabled.GetAnAgeCheck,여기서는 시스템 메시지만 볼 수 있습니다. 채팅하려면 연령을 인증하세요.
CoreScripts.TextChat.ChatWindow.ChatDisabled.OnlyViewSystemMessages,여기서는 시스템 메시지만 볼 수 있습니다.
CoreScripts.TextChat.ChatWindow.ChatDisabled.RegionUnavailable,여기서는 시스템 메시지만 볼 수 있습니다. 현재 계신 지역에서는 채팅을 이용할 수 없습니다.
CoreScripts.TextChat.ChatWindow.ChatDisabled.SettingOff,여기서는 시스템 메시지만 볼 수 있습니다. 채팅을 켜려면 커뮤니케이션 설정을 업데이트하세요.
CoreScripts.TextChat.ChatWindow.ChatEnabled.ChatInRegion,현재 같은 지역에 있는 사용자와만 채팅하고 시스템 메시지를 볼 수 있습니다.
CoreScripts.TextChat.ChatWindow.ChatEnabled.ChatWithAgeGroupAAndTF,비슷한 연령대의 사람들 및 신뢰할 수 있는 친구들과만 채팅할 수 있습니다.
CoreScripts.TextChat.ChatWindow.ChatEnabled.ChatWithAgeGroupAndTC,비슷한 연령대의 사람들과 신뢰할 수 있는 인맥과만 채팅할 수 있습니다.
CoreScripts.TextChat.ChatWindow.ChatEnabled.ChatWithOnlinePlayers.BelowThreshold, 지금 플레이 중인 모든 사람에게 인사하세요!
CoreScripts.TextChat.ChatWindow.ChatEnabled.ChatWithOnlinePlayers.Local.WithCount,다른 플레이어 {RBX_COUNT}명이 채팅에 참여하고 있어요. 인사해 보세요!
CoreScripts.TextChat.ChatWindow.ChatEnabled.ChatWithOnlinePlayers.V3,👋 지금 플레이 중인 모든 사람에게 인사하세요!
CoreScripts.TextChat.ChatWindow.ChatEnabled.ChatWithTF,신뢰할 수 있는 친구들과만 채팅할 수 있습니다.
CoreScripts.TextChat.ChatWindow.ChatEnabled.Global2,이 게임에서 더 많은 사람과 채팅하세요. 연령대가 비슷한 사람과만 채팅할 수 있습니다.
CoreScripts.TextChat.ChatWindow.ChatWithOnlinePlayers.Local.Friendly,✨ 지금 플레이 중인 모든 사람들과 인사를 나누며 즐거운 대화에 참여해 보세요!
CoreScripts.TextChat.ChatWindow.ChatWithOnlinePlayers.Local.WithCount,👋 플레이어 {RBX_COUNT}명이 채팅에 참여하고 있어요. 인사해 보세요!
CoreScripts.TextChat.ChatWindow.HandFreeTranscriptionFTUX,길게 눌러 핸즈프리 모드로 전환
CoreScripts.TextChat.ChatWindow.RephrasedLabel,표현이 변경됨
CoreScripts.TextChat.ChatWindow.RephrasedReason.Description,Roblox는 안전 규칙을 위반하는 메시지의 표현을 변경합니다.
CoreScripts.TextChat.ChatWindow.RewrittenLabel,수정됨
CoreScripts.TextChat.ChatWindow.SummarySystemMessage,Roblox는 플레이어 메시지의 요약을 자동으로 생성합니다.
CoreScripts.TextChat.ChatWindow.Transcribing,텍스트로 변환 중...
CoreScripts.TextChat.ChatWindow.TranscriptionFailed,인식되지 않았습니다! 다시 시도하세요.
CoreScripts.TextChat.ChatWindow.TranscriptionLanguageUnsupported,해당 언어는 아직 지원되지 않습니다!
CoreScripts.TextChat.ChatWindow.TranscriptionNoMicAccessToastBody,마이크를 사용하려면 기기 설정으로 이동하여 Roblox에 마이크 권한을 부여하세요.
CoreScripts.TextChat.ChatWindow.TranscriptionNoMicAccessToastHeader,마이크에 액세스할 수 없습니다
CoreScripts.TextChat.ChatWindow.TranscriptionU13MicAccessToastBody,"음성으로 메시지를 보내기 위해, 저희는 개인정보 처리방침에 따라 사용자의 오디오를 처리하고 즉시 삭제합니다."
CoreScripts.TextChat.ChatWindow.TranscriptionU13MicAccessToastHeader,음성으로 텍스트 채팅을 사용하도록 설정하셨습니다
CoreScripts.TextChat.ChatWindow.TrustedLabel,신뢰할 수 있음
CoreScripts.TextChat.ChatWindows.RewrittenReasonLabel,Roblox는 안전 규칙을 위반하는 메시지를 수정합니다.
CoreScripts.TextChat.Clear.Help.Description,/clear 또는 /cls: 채팅 창에서 메시지 지우기 
CoreScripts.TextChat.Description.AskYourParentForPermissionToChat,'개인 정보'>'커뮤니케이션 설정'에서 보호자에게 채팅 권한을 요청하세요.
CoreScripts.TextChat.Description.RobloxSummarizesMessagesFromAllPlayers,Roblox는 모든 연령대의 플레이어에게서 받은 메시지를 요약합니다.
CoreScripts.TextChat.Description.TurnOnChatInSettings,'개인 정보' > '커뮤니케이션 설정'에서 채팅을 활성화하세요.
CoreScripts.TextChat.Description.UnlockChatPrivacyCommunications,'개인 정보'>'커뮤니케이션 설정'에서 나이 확인을 완료하고 채팅 이용하세요.
CoreScripts.TextChat.Description.UnlockChatWithAnAgeCheck,나이 확인 후 채팅 잠금을 해제하세요.
CoreScripts.TextChat.Emote.Error.DoesNotExist,감정 표현이 존재하지 않습니다.
CoreScripts.TextChat.Emote.Error.NotEnabled,감정 표현을 여기에서 사용할 수 없습니다.
CoreScripts.TextChat.Emote.Error.NotEquipped,감정 표현을 장착하고 있지 않습니다.
CoreScripts.TextChat.Emote.Error.NotOwnedGeneric,해당 감정 표현을 보유하고 있지 않습니다.
CoreScripts.TextChat.EnableChatButton.Label.UnlockChat,채팅 잠금 해제
CoreScripts.TextChat.Help.FirstLine,다음은 기본적인 채팅 명령어입니다:
CoreScripts.TextChat.InputBar.Hint.Gamepad,메뉴의 '{CHAT_BUTTON}' 버튼을 이용해 채팅
CoreScripts.TextChat.InputBar.Hint.GamepadConnected,'{CONFIRM_KEY}'(을)를 눌러 입력
CoreScripts.TextChat.InputBar.Hint.GamepadConnectedConfirm,
CoreScripts.TextChat.InputBar.Hint.MouseKeyboard,여기를 클릭하거나 {KEY} 키를 누른 후 채팅을 시작하세요
CoreScripts.TextChat.InputBar.Hint.PrivacySettingsDisabled,채팅 설정으로 인해 메시지를 보내고 받을 수 없습니다.
CoreScripts.TextChat.InputBar.Hint.Touch,여기를 클릭한 후 내용을 입력하세요
CoreScripts.TextChat.MessageStatus.Warning.Floodchecked,잠시 기다린 후 또 다른 메시지를 보낼 수 있습니다.
CoreScripts.TextChat.MessageStatus.Warning.InvalidPrivacySettings,
CoreScripts.TextChat.MessageStatus.Warning.MessageTooLong,메시지 길이 한도를 초과했습니다.
CoreScripts.TextChat.MessageStatus.Warning.ModerateChatOff,읽기 전용 보기를 끄셨습니다.
CoreScripts.TextChat.MessageStatus.Warning.ModerateChatOn,읽기 전용 보기를 키셨습니다. 역할 권한에 따라 일부 메시지는 읽기 전용으로 설정됩니다.
CoreScripts.TextChat.MessageStatus.Warning.ModerationTimeout,현재 채팅 메시지를 보낼 수 없기 때문에 아무도 내가 보낸 메시지를 볼 수 없습니다.
CoreScripts.TextChat.MessageStatus.Warning.TextFilterFailed,현재 채팅 필터링에 문제가 있어 메시지 표시가 느릴 수 있습니다.
CoreScripts.TextChat.MessageStatus.Warning.Unknown,메시지를 보낼 수 없습니다.
CoreScripts.TextChat.Mute.Error.CannotMuteSelf,자신을 음소거할 수 없습니다.
CoreScripts.TextChat.Mute.Error.MultipleMatches,다음 사용자들이 이 표시 이름을 사용하고 있습니다: {RBX_LIST_NAMES}
CoreScripts.TextChat.Mute.Error.TargetDoesNotExist,사용자 '{RBX_NAME}' 님이 존재하지 않습니다.
CoreScripts.TextChat.Mute.Success,사용자 '{RBX_NAME}' 님이 음소거되었습니다.
CoreScripts.TextChat.Notification.WhisperChat.Created,현재 {RBX_NAME} 님과 비공개 채팅 중이에요.
CoreScripts.TextChat.Online.Help.Description3,/online: 이 채널에서 채팅할 수 있는 사용자 수.
CoreScripts.TextChat.Online.Success.Plural,현재 플레이어 {RBX_COUNT}명이 온라인 상태이며 채팅할 수 있습니다.
CoreScripts.TextChat.Online.Success.Plural2,다른 플레이어 {RBX_COUNT}명이 온라인 상태이며 채팅할 수 있습니다.
CoreScripts.TextChat.Online.Success.Singular,
CoreScripts.TextChat.Online.Success.Singular3,
CoreScripts.TextChat.TeamChat.Error.NotOnTeam,팀에 소속되어 있지 않으면 팀 채팅을 이용할 수 없습니다.
CoreScripts.TextChat.TeamChat.PrefixText,[팀]
CoreScripts.TextChat.Toast.ModerateChatOff.Subtitle,비슷한 연령대의 사람들 및 신뢰할 수 있는 인맥과만 대화할 수 있습니다.
CoreScripts.TextChat.Toast.ModerateChatOff.Subtitle.FriendsRename,
CoreScripts.TextChat.Toast.ModerateChatOff.Title,읽기 전용 보기를 끄셨습니다
CoreScripts.TextChat.Toast.ModerateChatOn.Subtitle,역할 권한에 따라 일부 메시지는 읽기 전용으로 설정됩니다.
CoreScripts.TextChat.Toast.ModerateChatOn.Title,읽기 전용 보기를 켜셨습니다
CoreScripts.TextChat.Tooltip.Global.Body,여기 있는 사람이나 게임 내의 더 많은 사람들과 채팅해 보세요.
CoreScripts.TextChat.Tooltip.Global.Header,더 많은 사람과 채팅하기
CoreScripts.TextChat.Tooltip.QuickWords.Body,모든 연령대의 플레이어와 협력하세요.
CoreScripts.TextChat.Tooltip.QuickWords.Header,간단한 메시지를 이용해 함께 플레이하기
CoreScripts.TextChat.Unmute.Success,사용자 '{RBX_NAME}' 님이 음소거 해제되었습니다.
CoreScripts.TextChat.Version.Success,{RBX_VERSION}
CoreScripts.TextChat.Whisper.Error.CannotChat,이 사람과 채팅할 수 없습니다.
CoreScripts.TextChat.WhisperChat.PrefixText.Incoming,[보내는 사람: {RBX_NAME}]
CoreScripts.TextChat.WhisperChat.PrefixText.Outgoing,[받는 사람: {RBX_NAME}]
CoreScripts.TopBar.Back,
CoreScripts.TopBar.Chat,
CoreScripts.TopBar.LoadingScreen.AutoTranslate,자동 번역됨
CoreScripts.TopBar.Music,음악
CoreScripts.TopBar.MusicLoading,재생 중인 음악이 없습니다
CoreScripts.TopBar.MusicNotVerified,재생 중인 오디오가 인증되지 않았습니다
CoreScripts.TopBar.Traversal.History,기록
Feature.AbuseReportDialog.Label.GeneralError,오류가 발생했습니다. 나중에 다시 시도하세요.
Feature.Accessibility.Action.ScrollDown,아래로 스크롤
Feature.Accessibility.Action.ScrollUp,위로 스크롤
Feature.Accessibility.AppTheme.CategoryCalm,차분함
Feature.Accessibility.AppTheme.CategoryDynamic,다이내믹
Feature.Accessibility.AppTheme.CategorySpecial,스페셜
Feature.Accessibility.AppTheme.CircuitRush,회로 돌진
Feature.Accessibility.AppTheme.Classic,클래식
Feature.Accessibility.AppTheme.CosmicDust,우주의 가루
Feature.Accessibility.AppTheme.Default,
Feature.Accessibility.AppTheme.ElectricLime,짜릿한 라임
Feature.Accessibility.AppTheme.HyperPlum,하이퍼 자두
Feature.Accessibility.AppTheme.InfernoBlast,지옥불 폭발
Feature.Accessibility.AppTheme.KineticEnergy,운동 에너지
Feature.Accessibility.AppTheme.LavaGlow,용암의 빛
Feature.Accessibility.AppTheme.NebulaDrift,성운 이동
Feature.Accessibility.AppTheme.NitroFrost,니트로 서리
Feature.Accessibility.AppTheme.PixelPop,픽셀 팝
Feature.Accessibility.AppTheme.PolarFreeze,극지 동결
Feature.Accessibility.AppTheme.QuantumPulse,양자 
Feature.Accessibility.AppTheme.StarBurst,별 폭발
Feature.Accessibility.AppTheme.SuperCharge,슈퍼 충전
Feature.Accessibility.Description.AppThemeMode,앱 모드를 선택하세요. 다른 기기에는 영향을 주지 않습니다.
Feature.Accessibility.Description.DeviceAppTheme,앱 테마를 선택하세요. 모든 기기 유형에 반영됩니다.
Feature.Accessibility.Description.DeviceAppThemeExclusive,Plus 전용 테마를 둘러보고 체험을 맞춤화하세요. 지금 테마를 사용해 보고 구독하여 선택한 테마를 저장하세요.
Feature.Accessibility.Description.DeviceAppThemeUpsell,Plus 전용 테마를 둘러보고 체험을 맞춤화하세요. 지금 테마를 사용해보고 구독하여 선택한 테마를 저장하세요.
Feature.Accessibility.Description.DeviceLevelTheme,이 기기의 테마를 선택하세요.(참고: 다른 기기의 Roblox 표시 방식은 변경되지 않습니다.)
Feature.Accessibility.Description.Haptics,Roblox 앱의 전체적인 진동을 조절합니다
Feature.Accessibility.Description.LaunchAtStartup,컴퓨터를 켤 때 Roblox를 자동으로 실행합니다
Feature.Accessibility.Description.Main,"이 설정은 이 기기에만 적용됩니다. 체험 내 설정 메뉴에서도 그래픽, 이동, 접근성을 조절할 수 있습니다."
Feature.Accessibility.Description.MinimizeToTray,창을 닫을 경우 Roblox를 완전히 종료하지 않고 시스템 트레이로 보냅니다
Feature.Accessibility.Description.PreferredTextSize,Roblox에서 자신의 원하는 대로 텍스트 크기를 조정하세요
Feature.Accessibility.Description.PreferredTransparency,일부 배경의 투명도를 조정해 대비를 개선합니다
Feature.Accessibility.Description.ReducedMotion,모션 효과를 중지하거나 줄입니다
Feature.Accessibility.Description.SkyStyle,홈 환경을 위한 하늘 스타일을 선택하세요
Feature.Accessibility.Description.UiNavigationKeyBind,{uiNavigationKey} 키를 사용해 UI 탐색 모드 시작 및 종료
Feature.Accessibility.Description.VREnvironmentSetting,홈 화면 환경을 선택하세요.
Feature.Accessibility.DeviceLevelTheme.Dark,다크
Feature.Accessibility.DeviceLevelTheme.Light,라이트
Feature.Accessibility.DeviceLevelTheme.System,
Feature.Accessibility.Header.Haptics,햅틱
Feature.Accessibility.Header.ShowInMenuBar,메뉴 바에서 보기
Feature.Accessibility.Heading.AppThemeMode,모드
Feature.Accessibility.Heading.DeviceAppTheme,앱 테마
Feature.Accessibility.Heading.DeviceLevelTheme,기기 레벨 테마
Feature.Accessibility.Heading.DevicePreferences,기기 기본 설정
Feature.Accessibility.Heading.DevicePreferencesV2,
Feature.Accessibility.Heading.ExclusiveThemes,특별 테마
Feature.Accessibility.Heading.LaunchAtLogin,로그인 시 시작
Feature.Accessibility.Heading.LaunchAtStartup,시작 시 실행
Feature.Accessibility.Heading.MinimizeToTray,닫기 시 트레이로 최소화
Feature.Accessibility.Heading.PreferredTextSize,텍스트 크기
Feature.Accessibility.Heading.PreferredTransparency,배경 투명도
Feature.Accessibility.Heading.ReducedMotion,모션 감소
Feature.Accessibility.Heading.SkyStyle,하늘 스타일
Feature.Accessibility.Heading.UiNavigationKeyBind,
Feature.Accessibility.Heading.VREnvironmentSetting,VR 환경
Feature.Accessibility.Label.AppThemeBadgeNew,신규
Feature.Accessibility.Label.AppThemeUnlockBanner,Plus로 앱 테마 잠금 해제
Feature.Accessibility.PreferredTextSize.Default,
Feature.Accessibility.PreferredTextSize.Largest,최대
Feature.Accessibility.PreferredTransparency.Opaque,불투명
Feature.Accessibility.PreferredTransparency.Transparent,투명
Feature.Accessibility.SkyStyle.Day,낮
Feature.Accessibility.SkyStyle.Night,밤
Feature.Accessibility.VREnvironmentSetting.Dark,
Feature.Accessibility.VREnvironmentSetting.Light,
Feature.Accessibility.VREnvironmentSetting.System,
Feature.AccountLock.Action.Continue,
Feature.AccountLock.Action.Ok,
Feature.AccountLock.Action.Signout,
Feature.AccountLock.Content.AccountMismatchDialog,
Feature.AccountLock.Content.ErrorDialog,계정을 잠금 해제하지 못했습니다. {continue}(을)를 클릭해 다시 시도하세요.
Feature.AccountLock.Content.LockedDialog,해당 계정에서 의심스러운 활동이 감지되었습니다. 실제 사용자 여부가 확인되면 계정이 잠금 해제됩니다.
Feature.AccountLock.Content.RateLimitDialog,잠금 해제 시도 횟수 제한에 도달했습니다. 제한 횟수가 초기화될 때까지 다시 시도할 수 없습니다.
Feature.AccountLock.Title.AccountLocked,계정 잠김
Feature.AccountLock.Title.RateLimit,{hh}시간 {mm}분 후에 다시 시도해 보세요
Feature.AccountLock.Title.TryAgain,다시 잠금 해제하세요
Feature.AccountLock.Title.WrongAccount,
Feature.AccountReactivation.Content.AccountDeactivatedMessage,현재 계정이 비활성화되어 있습니다.
Feature.AccountReactivation.Heading.AccountDeactivated,비활성화된 계정
Feature.AccountReactivation.Label.DefaultError,
Feature.AccountReactivation.Label.Reactivate,재활성화
Feature.AccountSecurityPrompt.Action.AbortDismissForeverAddEmail,
Feature.AccountSecurityPrompt.Action.AuthenticatorUpsellNextButtonMessage,
Feature.AccountSecurityPrompt.Action.ContinueChangePassword,
Feature.AccountSecurityPrompt.Action.DismissForever,30일 동안 표시하지 않음
Feature.AccountSecurityPrompt.Action.DismissTemporary,임시 해제
Feature.AccountSecurityPrompt.Action.SecureAccount,내 계정 보호
Feature.AccountSecurityPrompt.Action.SetUpAuthenticatorAccountRestoresPolicyUpsell,인증 앱 설정
Feature.AccountSecurityPrompt.Action.SetUpEmail2SV,
Feature.AccountSecurityPrompt.Action.SubmitChangePassword,
Feature.AccountSecurityPrompt.Action.UnlockAccountPin,계정 잠금 해제
Feature.AccountSecurityPrompt.Description.AccountRestoresPolicyUpdateV3Short,"계정이 도용될 경우, Roblox에서는 이를 복구하지 못할 가능성이 높습니다."
Feature.AccountSecurityPrompt.Description.AccountRestoresPolicyUpsellMessageBody,"계정 보호를 위해 인증 앱을 통한 2단계 인증을 설정하세요. {linkStartSettings}계정 설정{linkEndSettings}으로 이동해 이 작업을 수행할 수 있습니다. 계정이 도용될 경우, Roblox에서는 이를 복구하거나 손실된 아이템 및 가상 통화를 포함한 계정의 가치를 복구하지 못할 수 있습니다."
Feature.AccountSecurityPrompt.Description.AccountRestoresPolicyWithDate,"{date}부터, 계정이 해킹된 경우 계정 복구 자격을 얻으려면 인증 앱을 통한 2단계 인증을 활성화해야 합니다."
Feature.AccountSecurityPrompt.Description.AreYouSureDismissForeverChangePassword,누군가 허락 없이 회원님의 계정을 사용하고 있을 수 있습니다. 계정 보안을 위해 비밀번호를 재설정하세요.
Feature.AccountSecurityPrompt.Description.AuthenticatorSetupPromptClickHere,사용자의 보안은 우리에게 중요합니다. 인증 앱을 설정하려면 {styleTagStart}여기를 클릭{styleTagEnd}하세요.
Feature.AccountSecurityPrompt.Description.AuthenticatorSetupPromptNewShort,"인증 앱을 통한 2단계 인증을 활성화해 계정 보안을 유지하세요. 계정이 도용된 경우, 지원 센터에서는 손해를 복구할 수 있도록 돕는 과정에서 사용자가 설정해 둔 보안 조치를 평가합니다. 자세한 내용은 {linkStart}도움말 페이지{linkEnd}에서 확인하세요."
Feature.AccountSecurityPrompt.Description.ChangeYourPassword,계정 보안을 위해 비밀번호를 재설정하세요.
Feature.AccountSecurityPrompt.Description.ChangeYourPasswordClickHereStyled,"계정 보안을 위해, {styleTagStart}여기를 클릭{styleTagEnd}한 후 비밀번호를 재설정하세요."
Feature.AccountSecurityPrompt.Description.ChangeYourPasswordSuccess,비밀번호 변경을 완료했어요.
Feature.AccountSecurityPrompt.Description.Email2SVUpsellMessageBody,이메일로 전송되는 보안 코드로 계정 및 아이템을 보호하세요. 지금 바로 이메일 2단계 인증을 설정하세요!
Feature.AccountSecurityPrompt.Description.EnterYourAccountPin,비밀번호를 변경하려면 이 계정의 PIN을 입력하세요.
Feature.AccountSecurityPrompt.Description.NoChangeForceReset,비밀번호를 변경하지 않으면 {boldStart}{days}일{boldEnd} 후에 비밀번호가 자동으로 재설정됩니다.
Feature.AccountSecurityPrompt.Description.NoChangeForceResetSingular,비밀번호를 변경하지 않으면 {boldStart}1일{boldEnd} 후에 비밀번호가 자동으로 재설정됩니다.
Feature.AccountSecurityPrompt.Description.UnusualActivity,회원님의 계정에서 비정상적인 활동이 감지되었습니다.
Feature.AccountSecurityPrompt.Header.AccountPinExpired,계정 PIN이 만료됨
Feature.AccountSecurityPrompt.Header.AccountPinRequired,계정 PIN 입력
Feature.AccountSecurityPrompt.Header.AccountRestoresPolicyUpdate,계정 복구 정책 업데이트
Feature.AccountSecurityPrompt.Header.AccountRestoresPolicyUpdateV3,인증 앱을 통한 2단계 인증을 설정하세요
Feature.AccountSecurityPrompt.Header.AccountRestoresPolicyUpsell,계정을 보호하세요!
Feature.AccountSecurityPrompt.Header.AreYouSure,계속할까요?
Feature.AccountSecurityPrompt.Header.AuthenticatorUpsellDownloadAuthenticator,인증 앱 다운로드
Feature.AccountSecurityPrompt.Header.AuthenticatorUpsellWelcomeMessage,계정 보안을 최대로 강화하세요!
Feature.AccountSecurityPrompt.Header.ChangeYourPassword,
Feature.AccountSecurityPrompt.Header.CreateAStrongPassword,강력한 비밀번호를 만드세요
Feature.AccountSecurityPrompt.Header.Email2SVUpsell,계정 보안을 강화하세요!
Feature.AccountSecurityPrompt.Header.KeepYourAccountSafeShort,인증 앱으로 계정을 안전하게 보호하세요
Feature.AccountSecurityPrompt.Header.Success,
Feature.AccountSecurityPrompt.Header.UnusualActivityDetected,비정상적인 활동이 감지되었습니다!
Feature.AccountSecurityPrompt.Header.YourPasswordMightBeStolen,비밀번호 유출 가능성이 있습니다!
Feature.AccountSecurityPrompt.Label.AccountPin,계정 PIN
Feature.AccountSecurityPrompt.Label.AuthenticatorUpsellBadActorHeadline,유해 행위자의 접근을 차단하세요
Feature.AccountSecurityPrompt.Label.AuthenticatorUpsellBadActorMessage,"비밀번호나 이메일이 유출되더라도, 타인이 내 계정에 로그인하는 것을 방지할 수 있습니다."
Feature.AccountSecurityPrompt.Label.AuthenticatorUpsellDownloadInstruction,기기에 인증 앱을 다운로드하세요. 다음 앱들을 추천해 드립니다.
Feature.AccountSecurityPrompt.Label.AuthenticatorUpsellGoogleOption,Google Authenticator
Feature.AccountSecurityPrompt.Label.AuthenticatorUpsellMicrosoftOption,Microsoft Authenticator
Feature.AccountSecurityPrompt.Label.AuthenticatorUpsellProtectRobuxHeadline,게임 및 Robux 등을 보호하세요
Feature.AccountSecurityPrompt.Label.AuthenticatorUpsellProtectRobuxMessage,"게임, Robux, 리미티드 아이템 등에 대한 이용 권한을 잃지 않도록 추가 보안 단계를 설정하세요."
Feature.AccountSecurityPrompt.Label.AuthenticatorUpsellSetupAuthenticatorButtonMessage,
Feature.AccountSecurityPrompt.Label.AuthenticatorUpsellTwilioOption,Twilio Authy
Feature.AccountSecurityPrompt.Label.AuthenticatorUpsellTwoFactorHeadline,2단계가 1단계보다 더욱 안전합니다
Feature.AccountSecurityPrompt.Label.AuthenticatorUpsellTwoFactorMessage,로그인 및 고가 아이템 구매 시 다른 기기로 비밀번호 및 고유 코드를 받아 입력하세요.
Feature.AccountSecurityPrompt.Label.ConfirmNewPassword,
Feature.AccountSecurityPrompt.Label.CurrentPassword,현재 비밀번호
Feature.AccountSecurityPrompt.Label.IForgotMyPassword,비밀번호를 잊어버렸어요
Feature.AccountSecurityPrompt.Label.NewPassword,
Feature.AccountSecurityPrompt.Label.TimeRemaining,남은 시간
Feature.AccountSecurityPrompt.Label.UseAUniquePassword,다른 앱에서 사용하지 않는 비밀번호를 사용하세요
Feature.AccountSecurityPrompt.Message.Error.Input.PasswordsDoNotMatch,새 비밀번호가 확인란에 입력한 내용과 일치하지 않습니다.
Feature.AccountSecurityPrompt.Message.Error.Password.Default,알 수 없는 오류가 발생했어요.
Feature.AccountSecurityPrompt.Message.Error.Password.Flooded,시도 가능 횟수를 초과했습니다. 나중에 다시 시도하세요.
Feature.AccountSecurityPrompt.Message.Error.Password.InvalidCurrentPassword,현재 비밀번호가 일치하지 않습니다.
Feature.AccountSecurityPrompt.Message.Error.Password.InvalidPassword,새 비밀번호가 보안 요구 사항에 맞지 않습니다.
Feature.AccountSecurityPrompt.Message.Error.Password.PinLocked,회원님의 계정 PIN 사용이 중지되었습니다.
Feature.AccountSecurityPrompt.Message.Error.PasswordValidation.DumbStrings,
Feature.AccountSecurityPrompt.Message.Error.PasswordValidation.ForbiddenPassword,사용할 수 없는 비밀번호입니다. 다른 비밀번호를 만드세요.
Feature.AccountSecurityPrompt.Message.Error.PasswordValidation.PasswordSameAsUsername,사용자 이름을 비밀번호로 사용할 수 없습니다.
Feature.AccountSecurityPrompt.Message.Error.PasswordValidation.ShortPassword,비밀번호는 영문 알파벳 8자 이상이어야 합니다.
Feature.AccountSecurityPrompt.Message.Error.PasswordValidation.WeakPassword,"비밀번호는 영문 알파벳 8자 이상이어야 하며, 숫자 2개, 알파벳 4개, 기호 1개를 포함해야 합니다."
Feature.AccountSecurityPrompt.Message.Error.Pin.AccountLocked,계정 사용이 중지되었습니다.
Feature.AccountSecurityPrompt.Message.Error.Pin.Default,
Feature.AccountSecurityPrompt.Message.Error.Pin.Flooded,
Feature.AccountSecurityPrompt.Message.Error.Pin.IncorrectPin,PIN이 일치하지 않습니다.
Feature.AccountSecurityPrompt.Message.Error.Pin.NoAccountPin,계정 PIN이 존재하지 않습니다.
Feature.AccountSecurityPrompt.Message.Error.PromptAssignments.Default,
Feature.AccountSettings.Action.Verify,인증
Feature.AccountSettings.Description.AddPhoneNumber,전화번호를 추가해 로그인하거나 친구들과 소통하는 등 다양하게 활용해 보세요.
Feature.AccountSettings.Description.NotShownPublicly,사용자 전화번호는 절대 공개적으로 표시되지 않습니다.
Feature.AccountSettings.Example.Facebook,예: www.facebook.com/Roblox
Feature.AccountSettings.Example.Guilded,예: guilded.gg/roblox
Feature.AccountSettings.Example.Twitch,예: www.twitch.tv/roblox/profile
Feature.AccountSettings.Example.Twitter,예: @Roblox
Feature.AccountSettings.Example.YouTube,예: www.youtube.com/user/roblox
Feature.AccountSettings.Heading.Communication,커뮤니케이션
Feature.AccountSettings.Heading.SocialNetworks,소셜 네트워크
Feature.AccountSettings.Heading.Tab.AccountInfo,계정 정보
Feature.AccountSettings.Heading.Tab.AccountInfoV2,
Feature.AccountSettings.Heading.Tab.AppPermissions,앱 권한
Feature.AccountSettings.Heading.Tab.Billing,결제 수단
Feature.AccountSettings.Heading.Tab.BillingV2,
Feature.AccountSettings.Heading.Tab.Notifications,
Feature.AccountSettings.Heading.Tab.ParentalControls,자녀 보호 기능
Feature.AccountSettings.Heading.Tab.ParentalControlsV2,
Feature.AccountSettings.Heading.Tab.Privacy,개인정보
Feature.AccountSettings.Heading.Tab.PrivacyContentRestrictions,개인정보 및 콘텐츠 이용 제한
Feature.AccountSettings.Heading.Tab.Robux,Robux
Feature.AccountSettings.Heading.Tab.Security,보안
Feature.AccountSettings.Heading.Tab.Spending,지출
Feature.AccountSettings.Heading.Tab.Subscriptions,구독
Feature.AccountSettings.Label.Discord,Discord
Feature.AccountSettings.Label.DropDown.Everyone,
Feature.AccountSettings.Label.DropDown.FollowersV3,"친구, 팔로잉, 팔로워"
Feature.AccountSettings.Label.DropDown.FollowingV2,"친구, 내가 팔로우하는 사용자"
Feature.AccountSettings.Label.DropDown.Friends,
Feature.AccountSettings.Label.DropDown.NoOne,
Feature.AccountSettings.Label.Facebook,Facebook
Feature.AccountSettings.Label.Guilded,Guilded
Feature.AccountSettings.Label.SocialLinksVisibility,공개 대상
Feature.AccountSettings.Label.TencentReputation,텐센트 게임 크레딧
Feature.AccountSettings.Label.Twitch,Twitch
Feature.AccountSettings.Label.X,X
Feature.AccountSettings.Label.YouTube,YouTube
Feature.AccountSettings.Message.Error.InvalidFacebookUrl,유효하지 않은 Facebook 프로필 URL입니다.
Feature.AccountSettings.Message.Error.InvalidGuildedUrl,유효하지 않은 Guilded 프로필 URL입니다.
Feature.AccountSettings.Message.Error.InvalidTwitchUrl,유효하지 않은 Twitch 프로필 URL입니다.
Feature.AccountSettings.Message.Error.InvalidXUrl,유효하지 않은 X 핸들입니다.
Feature.AccountSettings.Message.Error.InvalidYouTubeUrl,유효하지 않은 YouTube URL입니다.
Feature.AddFriends.Action.FriendAdded,친구 추가됨
Feature.AddFriends.Action.IgnoreAll,전체 거절
Feature.AddFriends.Action.IgnoreAllAltCase,모두 무시
Feature.AddFriends.Action.IgnoreConnectionRequest,인맥 요청 무시
Feature.AddFriends.Action.IgnoreFriendRequest,친구 요청 무시
Feature.AddFriends.Action.IgnoreTrustedFriendRequest,신뢰할 수 있는 친구 요청 무시
Feature.AddFriends.Action.RequestIgnored,요청이 무시됨
Feature.AddFriends.Description.CameraPermissionWarning,카메라 접근이 활성화되어 있지 않습니다. QR 코드 스캔 기능을 사용하려면 '설정' > '애플리케이션' > 'Roblox'에서 카메라 접근을 허용하세요.
Feature.AddFriends.Heading.AddFriends,
Feature.AddFriends.Heading.FindPeople,회원 검색
Feature.AddFriends.Label.AddFriendsTooltip,"먼저 친구를 찾은 후, 함께 Roblox를 탐험하세요."
Feature.AddFriends.Label.AgedUpSearchForFriendsPrompt,"사용자 이름이나 이름으로 검색해, 아는 사람들을 Roblox에서 찾으세요."
Feature.AddFriends.Label.ConnectWithContacts,"연락처 목록의 친구들을 초대하거나, 이미 Roblox에 있는 친구들과 소통하세요!"
Feature.AddFriends.Label.ConnectionRequests,인맥 요청
Feature.AddFriends.Label.ContactsTile,연락처
Feature.AddFriends.Label.DeclineAllBackgrounded,친구 요청을 모두 무시합니다. 1분 정도 걸릴 수 있습니다.
Feature.AddFriends.Label.EmptyState,Roblox에서 함께하고 싶은 사람이 있나요? 인맥을 추가해 Roblox에서 더 많은 콘텐츠를 즐겨 보세요!
Feature.AddFriends.Label.EmptyState.FriendsRename,Roblox에서 함께하고 싶은 사람이 있나요? 친구를 추가해 Roblox에서 더 많은 콘텐츠를 즐겨 보세요!
Feature.AddFriends.Label.EmptyStatePrompt,"Roblox에서 함께하고 싶은 사람이 있나요? 친구로 추가할 사람을 찾아 보거나, 이미 알고 있는 친구와 소통하세요!"
Feature.AddFriends.Label.FriendRequests,친구 요청
Feature.AddFriends.Label.InputPlaceholder.SearchForPeople,
Feature.AddFriends.Label.InputPlaceholder.SearchForPeopleAltCapitalization,사람 검색
Feature.AddFriends.Label.MyQRTile,내 QR
Feature.AddFriends.Label.MyQrCode,내 QR 코드
Feature.AddFriends.Label.QRCodeTitle,QR 코드
Feature.AddFriends.Label.SchoolTile,학급 친구
Feature.AddFriends.Label.SearchForFriendsPrompt,"사용자 이름이나 표시 이름으로 검색해, 아는 사람들을 Roblox에서 찾으세요."
Feature.AddFriends.Label.ShareQRCodeAddConnection,QR 코드를 공유해 아는 사람을 추가하세요
Feature.AddFriends.Label.SyncContactsInvitePeople,연락처를 동기화해 친구를 찾고 초대하세요!
Feature.AddFriends.Label.SyncWithContacts,
Feature.AddFriends.Label.TrustedConnectionRequests,신뢰할 수 있는 인맥 요청
Feature.AddFriends.Label.TrustedFriendRequests,신뢰할 수 있는 친구 요청
Feature.AddFriends.Text.EmptyState,Roblox에서 함께하고 싶은 사람이 있나요?{lineBreak}인맥을 추가해 Roblox에서 더 많은 콘텐츠를 즐겨 보세요!
Feature.AddFriends.Text.EmptyState.FriendsRename,Roblox에서 함께하고 싶은 사람이 있나요?{lineBreak}친구를 추가해 Roblox에서 더 많은 콘텐츠를 즐겨 보세요!
Feature.AddFriends.Title.AddConnectionsToolTip,Roblox는 인맥과 함께할 때 더욱 즐겁답니다
Feature.AddFriends.Title.AddFriendsToolTip,Roblox는 친구와 함께할 때 즐거움이 배가되죠!
Feature.AddFriends.Title.AddFriendsTooltipTitle,Roblox는 친구와 함께할 때 더욱 즐겁답니다!
Feature.AddFriends.Title.CameraPermission,카메라 권한
Feature.AddFriends.Title.ConnectWithContacts,연락처에서 추가
Feature.AddFriends.Title.ShareQRCode,QR 코드에서 추가
Feature.AgeGuidelines.DisplayName.StrongLanguage,과격한 표현
Feature.AgeGuidelines.Label.CreatorEnabled,크리에이터 활성화됨
Feature.AgeVerificationUpsell.Body.AgeSettingsRedirect,더 많은 콘텐츠와 기능을 만나보세요.
Feature.AgeVerificationUpsell.Button.Cancel,
Feature.AgeVerificationUpsell.Button.Continue,
Feature.AgeVerificationUpsell.Button.Settings,나이 인증
Feature.AgeVerificationUpsell.Modal.ContentText,"이 체험에 액세스하려면 나이 인증을 완료하세요.

1. 계정 정보 > 나이 인증으로 이동하세요.
2. 인증 절차를 완료하세요.
"
Feature.AgeVerificationUpsell.Modal.Title,
Feature.AgeVerificationUpsell.Title.AgeSettingsRedirect,설정에서 나이 확인 받기
Feature.AppealsPortal.Action.FinalAppeal,최종 이의 신청 보내기
Feature.AppealsPortal.Action.OK,
Feature.AppealsPortal.Action.Send,
Feature.AppealsPortal.Action.SendAppeal,이의 신청
Feature.AppealsPortal.Description,이 위반 사항에 관해 자세한 내용을 확인할 수 없습니다.
Feature.AppealsPortal.Description.AppealAccepted.Multiple,"당사는 {violationsList} 및 {singleViolation}에 대한 이의 사항을 검토하였으며 회원님의 활동이 커뮤니티 기준에서 설명된 규칙을 위반하지 않았음을 확인하였습니다. 따라서 회원님의 계정에 어떠한 불이익도 발생하지 않으며, 제기해 주신 이의 내용은 당사의 검토 절차를 개선하는 데 활용하도록 하겠습니다. 감사합니다!"
Feature.AppealsPortal.Description.AppealAccepted.None,"저희는 귀하의 이의 신청을 검토한 결과, 귀하의 활동이 커뮤니티 정책에 명시된 규칙을 위반하지 않은 것으로 확인되었습니다. 따라서 계정에는 어떠한 제재도 적용되지 않습니다. 이번 검토 과정은 내부 심사 품질을 향상시키는 데 큰 도움이 되었습니다. 감사합니다!"
Feature.AppealsPortal.Description.AppealAccepted.V2,"{violations}에 대한 이의 신청을 검토한 끝에, 회원님의 활동이 실제로 커뮤니티 규정에 명시된 규칙을 위반하지 않는 것으로 확인했으며, 이에 따라 계정에 대한 처분도 없을 것입니다. 보내주신 이의 신청이 저희의 검토 절차를 개선하는 데 도움이 되었습니다. 감사합니다!"
Feature.AppealsPortal.Description.AppealDenied.Multiple,"{violationsList}, {singleViolation}에 대한 이의 신청을 주의 깊게 검토한 결과, 여전히 해당 활동은 Roblox의 커뮤니티 규정을 위반한 것으로 판단됩니다. 이러한 결정이 유감스러울 수 있다는 점을 저희도 이해하고 있으며, 이의 신청을 보내 주셔서 감사하다는 말씀을 드립니다."
Feature.AppealsPortal.Description.AppealDenied.None,"저희는 귀하의 이의 신청을 신중히 검토하였으며, 귀하의 활동이 여전히 커뮤니티 정책에 명시된 규칙을 위반한 것으로 판단하였습니다. 이 결정이 실망스러울 수 있다는 점을 이해하며, 이의 신청을 제출해 주신데에 감사드립니다."
Feature.AppealsPortal.Description.AppealDenied.Singular,"{singleViolation}에 대한 이의 신청을 주의 깊게 검토한 결과, 여전히 해당 활동은 Roblox의 커뮤니티 규정을 위반한 것으로 판단됩니다. 이러한 결정이 유감스러울 수 있다는 점을 저희도 이해하고 있으며, 이의 신청을 보내 주셔서 감사하다는 말씀을 드립니다."
Feature.AppealsPortal.Description.AppealDenied.V2,"{violations}에 대한 이의 신청을 신중하게 검토한 끝에, 여전히 회원님의 활동이 커뮤니티 규정에 명시된 규칙을 위반하는 것으로 확인했습니다. 이의를 신청해 주셔서 감사합니다."
Feature.AppealsPortal.Description.AppealDisclosures,이의 제기 자세히 알아보기: {link}공개에 대해 자세히 알아보고 검토하세요.{linkEnd}
Feature.AppealsPortal.Description.AppealIneligible,더 이상 이 결정에 대해 이의를 신청할 수 없습니다. 본인 인증을 완료한 후 다시 시도하세요.
Feature.AppealsPortal.Description.AppealReceived,곧 관련 결정에 대해 답변을 드리겠습니다. 얼마나 복잡한 사안인지에 따라 영업일 기준 5일 내로 답변을 드릴 수 있을 것으로 예상합니다. 이의 신청을 보내주셔서 감사합니다.
Feature.AppealsPortal.Description.AppealReceived.Plural,곧 관련 결정에 대해 답변을 드리겠습니다. 사안의 복잡성을 고려해 영업일 기준 {number}일 내로 답변을 드릴 수 있을 것으로 예상합니다. 이의 신청을 보내주셔서 감사합니다.
Feature.AppealsPortal.Description.AppealReceived.Singular,곧 관련 결정에 대해 답변을 드리겠습니다. 사안의 복잡성을 고려해 영업일 기준 1일 내로 답변을 드릴 수 있을 것으로 예상합니다. 이의 신청을 보내주셔서 감사합니다.
Feature.AppealsPortal.Description.AppealRequiresIdv,"이 결정에 대해 이의를 신청하려면 본인 인증을 진행해야 합니다. 이미 신분증으로 본인 인증을 진행한 경우, 해당 정보를 사용할 수 있습니다."
Feature.AppealsPortal.Description.AppealSubmitted,무시 - 필요하지 않음
Feature.AppealsPortal.Description.AppealSubmittedComplexity,실제 시간은 제기된 문제의 복잡성 및 포함된 정보의 관련성 등 다양한 요소의 영향을 받습니다.
Feature.AppealsPortal.Description.AppealSubmittedDecisionTime,영업일 기준 5일 내에 결정이 내려집니다.
Feature.AppealsPortal.Description.AppealSubmittedDecisionTime.Plural,영업일 기준 {number}일 내에 결정이 내려집니다.
Feature.AppealsPortal.Description.AppealSubmittedDecisionTime.Singular,영업일 기준 1일 내에 결정이 내려집니다.
Feature.AppealsPortal.Description.AppealSubmittedUpdate,결정 내용과 조치 결과를 제공해 주신 이메일 주소로 보내 드리겠습니다.
Feature.AppealsPortal.Description.AppealSubmittedUpdate.OptOut,결정이 내려지고 제공해 주신 이메일 주소에 조치가 취해지면 업데이트 소식을 전해 드리겠습니다. 이 이의 제기에 관련된 내용을 더 이상 수신하지 않기로 표시하는 경우 업데이트를 받으실 수 없습니다.
Feature.AppealsPortal.Description.AppealsPortal,과거 위반 이력을 확인하고 이의 신청을 관리하세요. 모든 콘텐츠와 행동은 {link}Roblox 커뮤니티 규정{linkEnd}을 준수해야 합니다.
Feature.AppealsPortal.Description.DetailsUnavailable,
Feature.AppealsPortal.Description.IssueClosed,계정 정지를 피하기 위해 당사의 규칙을 숙지하기로 결정하였으므로 본 문제는 종료되었습니다.
Feature.AppealsPortal.Description.MatchEmail,이메일 주소가 일치해야 합니다.
Feature.AppealsPortal.Description.MiscAppeal,판단에 실수가 있었다고 생각되는 경우 알려주세요.
Feature.AppealsPortal.Description.MiscAppealLink,여기 보이지 않는 결정에 대해 이의 제기하세요
Feature.AppealsPortal.Description.NoCommunications,이 이의 신청과 관련된 모든 커뮤니케이션을 수신 거부하기로 선택하셨습니다.
Feature.AppealsPortal.Description.OneAppeal,보내기를 선택하여 이 정보가 사실이며 이 결정에 대해 전송하는 이의 제기가 단 한 건임을 확인합니다.
Feature.AppealsPortal.Description.OtherWarning,원활한 검토를 위해 '기타'는 해당하는 이의 신청 유형이 없는 경우에만 선택해 주세요. 카테고리가 틀린 이의 신청은 종료 처리됩니다.
Feature.AppealsPortal.Description.RequestAppealReview.V3,검토는 {link}Roblox 커뮤니티 규정{linkEnd}을 기반으로 진행됩니다.
Feature.AppealsPortal.Description.RequiredField,필수 입력 내용입니다.
Feature.AppealsPortal.Description.VerifyIdentityToAppeal,이를 통해 이 계정이 차단된 계정에 연결되어 있는지 확인할 수 있습니다.
Feature.AppealsPortal.Description.ViolationInactive,추가 조치가 필요하지 않으므로 본 문제는 종료되었습니다.
Feature.AppealsPortal.Header.AppealAccepted,보내주신 이의 신청을 확인했습니다
Feature.AppealsPortal.Header.AppealDenied,보내주신 이의 신청을 거부했습니다
Feature.AppealsPortal.Header.AppealReceived,
Feature.AppealsPortal.Header.RequestAppeal,
Feature.AppealsPortal.Header.ViolationInactive,규정 위반 사항 해결됨
Feature.AppealsPortal.Heading.ActivityReviewed,검토한 활동
Feature.AppealsPortal.Heading.AppealDecision,결정에 이의 제기하기
Feature.AppealsPortal.Heading.AppealSubmitted,이의 신청을 접수했습니다
Feature.AppealsPortal.Heading.AppealTimeline,이의 제기 일정
Feature.AppealsPortal.Heading.AppealUnavailable,이의 신청 불가
Feature.AppealsPortal.Heading.MiscAppeal,
Feature.AppealsPortal.Heading.VerifyIdentityToAppeal,이의 신청을 제출할 수 있도록 본인 인증을 진행해 주세요.
Feature.AppealsPortal.Heading.ViolationsAndAppeals,규정 위반 및 이의 신청
Feature.AppealsPortal.Label.AccessoryDescription,장신구 설명
Feature.AppealsPortal.Label.Account,계정
Feature.AppealsPortal.Label.ActivityReviewed,Roblox에서 검토한 활동
Feature.AppealsPortal.Label.Ad,광고
Feature.AppealsPortal.Label.AdId,광고 ID
Feature.AppealsPortal.Label.AltAccount,대체 계정
Feature.AppealsPortal.Label.AppealComment,보내주신 코멘트:
Feature.AppealsPortal.Label.AppealMessageCharacterCount,{current}/{max}자
Feature.AppealsPortal.Label.AppealReason,이의 제기하는 이유가 무엇인가요?
Feature.AppealsPortal.Label.AppealReason.Placeholder,결정을 변경해야 하는 이유에 대해 알려주세요.
Feature.AppealsPortal.Label.AssetId,애셋 ID
Feature.AppealsPortal.Label.AssetName,애셋 이름
Feature.AppealsPortal.Label.AudioStartTime,오디오 시작 시간
Feature.AppealsPortal.Label.AvatarItem,아바타 아이템
Feature.AppealsPortal.Label.Billing,청구
Feature.AppealsPortal.Label.BundleDescription,번들 설명
Feature.AppealsPortal.Label.BundleId,번들 ID
Feature.AppealsPortal.Label.BundleName,번들 이름
Feature.AppealsPortal.Label.ChatEvidenceId,채팅 증거 ID
Feature.AppealsPortal.Label.Cheating,치트
Feature.AppealsPortal.Label.ContentMaturity,콘텐츠 수위 설문조사 제출
Feature.AppealsPortal.Label.DecisionCategory,어떤 종류의 결정에 이의 제기하고 싶으신가요?
Feature.AppealsPortal.Label.DisplayName,표시 이름
Feature.AppealsPortal.Label.DropdownPlaceholder,하나를 선택하세요
Feature.AppealsPortal.Label.EmailConfirmation,이메일을 확인하세요
Feature.AppealsPortal.Label.EmailInput,내 이메일 주소
Feature.AppealsPortal.Label.EmailOptOutCheckbox,이 이의 제기에 관련된 내용을 더 이상 수신하고 싶지 않은 경우 체크 표시하세요.
Feature.AppealsPortal.Label.Experience.ContentMaturity,내가 보유한 체험 - 콘텐츠 수위
Feature.AppealsPortal.Label.Experience.Suspension,내가 보유한 체험 - 서스펜션
Feature.AppealsPortal.Label.ExperienceIOwnContentMaturity,
Feature.AppealsPortal.Label.ExperienceIOwnSuspension,
Feature.AppealsPortal.Label.ExperienceLinkPrompt,내 체험 링크를 입력하세요
Feature.AppealsPortal.Label.ExploitDetected,기기 익스플로잇 감지됨
Feature.AppealsPortal.Label.Group,그룹
Feature.AppealsPortal.Label.ID,ID
Feature.AppealsPortal.Label.IDArg,ID: {id}
Feature.AppealsPortal.Label.ImageOrOtherAsset,이미지 또는 기타 애셋
Feature.AppealsPortal.Label.ImmersiveBrandedAd,통합 광고
Feature.AppealsPortal.Label.ImmersiveBrandedAdPlacementId,통합 광고 배치 ID
Feature.AppealsPortal.Label.Location,
Feature.AppealsPortal.Label.LookDescription,공유된 아바타 설명
Feature.AppealsPortal.Label.LookId,공유된 아바타 ID
Feature.AppealsPortal.Label.LookName,공유된 아바타 이름
Feature.AppealsPortal.Label.PlaceIDPrompt,플레이스 ID가 뭔가요?
Feature.AppealsPortal.Label.PlaceId,플레이스 ID
Feature.AppealsPortal.Label.PlaceName,플레이스 이름
Feature.AppealsPortal.Label.ProfileDescription,프로필 설명
Feature.AppealsPortal.Label.Reason,이유
Feature.AppealsPortal.Label.ReportAndAppeals,
Feature.AppealsPortal.Label.Type.Asset,애셋
Feature.AppealsPortal.Label.Type.Audio,오디오
Feature.AppealsPortal.Label.Type.Avatar,
Feature.AppealsPortal.Label.Type.AvatarAccessory,아바타 장신구
Feature.AppealsPortal.Label.Type.AvatarAccessoryText,아바타 장신구 이름 및 설명
Feature.AppealsPortal.Label.Type.Bundle,
Feature.AppealsPortal.Label.Type.BundleText,번들 이름 및 설명
Feature.AppealsPortal.Label.Type.Chat,
Feature.AppealsPortal.Label.Type.CommerceProduct,커머스 상품
Feature.AppealsPortal.Label.Type.ContentMaturity,
Feature.AppealsPortal.Label.Type.Experience,
Feature.AppealsPortal.Label.Type.Game,
Feature.AppealsPortal.Label.Type.Image,이미지
Feature.AppealsPortal.Label.Type.Look,공유된 아바타
Feature.AppealsPortal.Label.Type.LookText,공유된 아바타 이름 및 설명
Feature.AppealsPortal.Label.Type.Mesh,메시
Feature.AppealsPortal.Label.Type.Model,모델
Feature.AppealsPortal.Label.Type.Plugin,플러그인
Feature.AppealsPortal.Label.Type.Post,게시
Feature.AppealsPortal.Label.Type.Screenshot,스크린샷
Feature.AppealsPortal.Label.Type.UserProfile,사용자 프로필
Feature.AppealsPortal.Label.Type.Video,동영상
Feature.AppealsPortal.Label.Type.Voice,음성 채팅
Feature.AppealsPortal.Label.TypeBrokeRules.Generic,규칙에 맞지 않는 행동을 하셨습니다
Feature.AppealsPortal.Label.TypeLower.Account,
Feature.AppealsPortal.Label.TypeLower.Ad,
Feature.AppealsPortal.Label.TypeLower.AltAccount,
Feature.AppealsPortal.Label.TypeLower.Asset,
Feature.AppealsPortal.Label.TypeLower.Audio,
Feature.AppealsPortal.Label.TypeLower.Avatar,
Feature.AppealsPortal.Label.TypeLower.AvatarAccessory,
Feature.AppealsPortal.Label.TypeLower.AvatarAccessoryText,
Feature.AppealsPortal.Label.TypeLower.Behavior,행동
Feature.AppealsPortal.Label.TypeLower.Bundle,
Feature.AppealsPortal.Label.TypeLower.BundleText,
Feature.AppealsPortal.Label.TypeLower.Chat,
Feature.AppealsPortal.Label.TypeLower.CommerceProduct,
Feature.AppealsPortal.Label.TypeLower.ContentMaturity,
Feature.AppealsPortal.Label.TypeLower.Experience,
Feature.AppealsPortal.Label.TypeLower.Game,
Feature.AppealsPortal.Label.TypeLower.Image,
Feature.AppealsPortal.Label.TypeLower.ImmersiveBrandedAd,
Feature.AppealsPortal.Label.TypeLower.Look,
Feature.AppealsPortal.Label.TypeLower.LookText,
Feature.AppealsPortal.Label.TypeLower.Mesh,
Feature.AppealsPortal.Label.TypeLower.Model,
Feature.AppealsPortal.Label.TypeLower.PlaceId,
Feature.AppealsPortal.Label.TypeLower.Plugin,
Feature.AppealsPortal.Label.TypeLower.Post,
Feature.AppealsPortal.Label.TypeLower.Screenshot,
Feature.AppealsPortal.Label.TypeLower.UserProfile,
Feature.AppealsPortal.Label.TypeLower.Video,
Feature.AppealsPortal.Label.TypeLower.Voice,
Feature.AppealsPortal.Label.TypePlural.Asset,
Feature.AppealsPortal.Label.TypePlural.Audio,
Feature.AppealsPortal.Label.TypePlural.Avatar,
Feature.AppealsPortal.Label.TypePlural.AvatarAccessory,
Feature.AppealsPortal.Label.TypePlural.AvatarAccessoryText,
Feature.AppealsPortal.Label.TypePlural.Bundle,
Feature.AppealsPortal.Label.TypePlural.BundleText,
Feature.AppealsPortal.Label.TypePlural.Chat,텍스트 채팅
Feature.AppealsPortal.Label.TypePlural.CommerceProduct,
Feature.AppealsPortal.Label.TypePlural.Experience,
Feature.AppealsPortal.Label.TypePlural.Game,
Feature.AppealsPortal.Label.TypePlural.Image,
Feature.AppealsPortal.Label.TypePlural.Look,
Feature.AppealsPortal.Label.TypePlural.LookText,
Feature.AppealsPortal.Label.TypePlural.Mesh,
Feature.AppealsPortal.Label.TypePlural.Model,
Feature.AppealsPortal.Label.TypePlural.Plugin,
Feature.AppealsPortal.Label.TypePlural.Screenshot,
Feature.AppealsPortal.Label.TypePlural.Video,
Feature.AppealsPortal.Label.TypePlural.Voice,
Feature.AppealsPortal.Label.UploadTime,업로드 시간
Feature.AppealsPortal.Label.Username,
Feature.AppealsPortal.Label.ViolativeExperienceDescription,규정을 위반하는 체험 설명
Feature.AppealsPortal.Label.ViolativeExperienceName,규정을 위반하는 체험 이름
Feature.Avatar.Action.AddNewMakeupLook,새로운 룩 추가
Feature.Avatar.Action.Cancel,
Feature.Avatar.Action.CancelSelection,선택 취소
Feature.Avatar.Action.Clear,지우기
Feature.Avatar.Action.ComposerPost,
Feature.Avatar.Action.ComposerPreviewAndPost,미리 보기 및 게시
Feature.Avatar.Action.CreateSet,
Feature.Avatar.Action.CreateSetFirstRun,세트 만들기
Feature.Avatar.Action.Default,기본값
Feature.Avatar.Action.DefaultView,기본 보기
Feature.Avatar.Action.Delete,
Feature.Avatar.Action.DeleteAvatars,아바타 삭제
Feature.Avatar.Action.DeleteSet,세트 삭제
Feature.Avatar.Action.Discard,폐기
Feature.Avatar.Action.EditProfilePicture,프로필 사진 편집
Feature.Avatar.Action.GoBack,
Feature.Avatar.Action.GotIt,
Feature.Avatar.Action.Keep,
Feature.Avatar.Action.Leave,종료하기
Feature.Avatar.Action.ManageCharacters,캐릭터 관리
Feature.Avatar.Action.ManageMakeupLooks,룩 관리
Feature.Avatar.Action.Marketplace,마켓플레이스
Feature.Avatar.Action.MyPublishedAvatars,내가 게시한 아바타
Feature.Avatar.Action.MySharedAvatars,
Feature.Avatar.Action.Next,
Feature.Avatar.Action.NotNow,지금 안 함
Feature.Avatar.Action.Pan,팬
Feature.Avatar.Action.Posting,게시 중
Feature.Avatar.Action.Remove,
Feature.Avatar.Action.RemoveAll,전체 제거
Feature.Avatar.Action.RemoveFromSet,세트에서 제거
Feature.Avatar.Action.Rename,이름 변경
Feature.Avatar.Action.RenameSet,세트 이름 변경
Feature.Avatar.Action.Reset,
Feature.Avatar.Action.RestoreLastSaved,마지막으로 저장한 아바타 복원
Feature.Avatar.Action.Revert,되돌리기
Feature.Avatar.Action.Rotate,회전
Feature.Avatar.Action.Save,저장
Feature.Avatar.Action.SaveAsNew,새 코스튬으로 저장
Feature.Avatar.Action.Select,선택
Feature.Avatar.Action.SelectMultipleItems,여러 아이템 선택
Feature.Avatar.Action.SelectSlot,슬롯 선택
Feature.Avatar.Action.Share,공유
Feature.Avatar.Action.ShareAvatar,아바타 게시
Feature.Avatar.Action.ShareCurrentAvatar,현재 아바타 게시
Feature.Avatar.Action.Shop,상점
Feature.Avatar.Action.ShopForMore,더 다양한 아이템 구매
Feature.Avatar.Action.ShowMore,
Feature.Avatar.Action.SlotEmote,슬롯에 감정 표현 추가
Feature.Avatar.Action.Stay,남기
Feature.Avatar.Action.Switch,전환
Feature.Avatar.Action.TryOn,장착해 보기
Feature.Avatar.Action.Unequip,장착 해제
Feature.Avatar.Action.Unselect,선택 해제
Feature.Avatar.Action.UnslotEmote,슬롯에서 감정 표현 제거
Feature.Avatar.Action.Update,업데이트
Feature.Avatar.Action.UpdateExistingCharacter,기존 캐릭터 업데이트
Feature.Avatar.Action.UpdateExistingMakeupLook,기존 룩 업데이트
Feature.Avatar.Action.UpdateMakeupLook,룩 업데이트
Feature.Avatar.Action.Zoom,줌
Feature.Avatar.AvatarWidgetTitle,스타일 탐색
Feature.Avatar.BackgroundGeneration.Action.Cancel,
Feature.Avatar.BackgroundGeneration.Action.DeleteBackground,
Feature.Avatar.BackgroundGeneration.Action.DiscardDialogCancel,
Feature.Avatar.BackgroundGeneration.Action.DiscardDialogConfirm,
Feature.Avatar.BackgroundGeneration.Action.Okay,
Feature.Avatar.BackgroundGeneration.Action.Publish,
Feature.Avatar.BackgroundGeneration.Action.Upload,업로드하기
Feature.Avatar.BackgroundGeneration.Action.View,
Feature.Avatar.BackgroundGeneration.Action.ViewExclusiveBackgrounds,
Feature.Avatar.BackgroundGeneration.Description.CreateBackgroundsWithPlus,Plus로 배경을 만드세요.
Feature.Avatar.BackgroundGeneration.Description.DiscardDialog,배경이 아직 게시되지 않았습니다. 지금 나가면 배경이 삭제됩니다.
Feature.Avatar.BackgroundGeneration.Description.ReadyToUse,작품을 사용할 준비가 되었습니다.
Feature.Avatar.BackgroundGeneration.Description.ReviewBeforePublish,"이 배경은 AI로 생성되었습니다. 게시하면 Roblox 커뮤니티 규정을 준수하며 권한이 없는 콘텐츠를 사용하지 않는다고 확인하는 것으로 간주됩니다. 인벤토리에 표시되기 전에 검토를 거치며, 게시된 아이템은 수정할 수 없습니다."
Feature.Avatar.BackgroundGeneration.Description.ReviewBeforeUpload,이 배경은 AI로 생성되었습니다. 업로드하면 Roblox 커뮤니티 규정을 준수하며 권한이 없는 콘텐츠를 사용하지 않는다고 확인하는 것으로 간주됩니다. 인벤토리에 표시되기 전에 검토를 거칩니다. 업로드된 아이템은 수정할 수 없습니다.
Feature.Avatar.BackgroundGeneration.Description.UnlockExclusiveBackgrounds,Plus로 무료 전용 배경을 잠금 해제하세요.
Feature.Avatar.BackgroundGeneration.Description.ViewExclusiveBackgrounds,무료 Plus 전용 배경을 확인해 보세요.
Feature.Avatar.BackgroundGeneration.Error.CouldntPublish,아이템이 커뮤니티 규정을 충족하지 않습니다
Feature.Avatar.BackgroundGeneration.Error.LimitReached,사용량 한도에 도달했습니다. 꾸미기를 계속하려면 나중에 다시 시도하세요.
Feature.Avatar.BackgroundGeneration.Error.LimitReachedDay,사용량 한도에 도달했습니다. 꾸미기를 계속하려면 내일 다시 시도하세요.
Feature.Avatar.BackgroundGeneration.Error.LimitReachedHour,사용량 한도에 도달했습니다. 꾸미기를 계속하려면 1시간 후에 다시 시도하세요.
Feature.Avatar.BackgroundGeneration.Error.LimitReachedMinute,사용량 한도에 도달했습니다. 꾸미기를 계속하려면 1분 후에 다시 시도하세요.
Feature.Avatar.BackgroundGeneration.Error.Moderation,해당 프롬프트는 가이드라인에 위배됩니다. 표현을 수정해 보세요.
Feature.Avatar.BackgroundGeneration.Error.ModerationFailed,이 배경은 Roblox 커뮤니티 규정을 준수하지 않으므로 인벤토리에 추가되지 않았습니다. 새로운 배경을 생성해보세요.
Feature.Avatar.BackgroundGeneration.Error.System,배경을 생성하는 중에 문제가 발생했습니다. 다시 시도하세요.
Feature.Avatar.BackgroundGeneration.Label.CharacterCount,{max}개 중 {count}개
Feature.Avatar.BackgroundGeneration.Label.Description,설명
Feature.Avatar.BackgroundGeneration.Label.ExclusiveWithPlus,Plus 독점 제공
Feature.Avatar.BackgroundGeneration.Label.Name,이름
Feature.Avatar.BackgroundGeneration.PromptPlaceholder,배경을 설명해 주세요...
Feature.Avatar.BackgroundGeneration.Status.Generating,배경 생성 중...
Feature.Avatar.BackgroundGeneration.Status.Preparing,배경 준비 중...
Feature.Avatar.BackgroundGeneration.Title,배경 만들기
Feature.Avatar.BackgroundGeneration.Title.DiscardDialog,게시하지 않고 나갈까요?
Feature.Avatar.BackgroundGeneration.Title.PublishBackground,
Feature.Avatar.BackgroundGeneration.Title.PublishToInventory,인벤토리에 게시
Feature.Avatar.BackgroundGeneration.Title.UploadBackground,
Feature.Avatar.BackgroundGeneration.Title.UploadToInventory,인벤토리에 업로드
Feature.Avatar.BackgroundGeneration.Tooltip.CreateBackground,Plus로 무료로 배경을 만드세요!
Feature.Avatar.BackgroundGeneration.Tooltip.PublishBackground,
Feature.Avatar.Backgrounds.Title,배경
Feature.Avatar.ColorAdjustmentPage.AdjustmentNotAvailableForBody,이 신체 스타일은 조정할 수 없습니다.
Feature.Avatar.ColorAdjustmentPage.Label.SelectDefaultColors,원래 신체의 색상으로 설정
Feature.Avatar.ColorAdjustmentPage.Title,피부색
Feature.Avatar.ComposerPosting,
Feature.Avatar.Description.MakeupIntroFtux,끝없는 메이크업 조합으로 나만의 독특한 룩을 만들어보세요.
Feature.Avatar.EmoteAlreadyAssigned,이미 슬롯에 추가되어 있는 감정 표현이에요
Feature.Avatar.Feature.Avatar.BackgroundGeneration.Title,
Feature.Avatar.Feature.DisplayName.ErrorMessage.SomethingWentWrong,
Feature.Avatar.Generic.Error,
Feature.Avatar.GetInspired,영감 얻기
Feature.Avatar.Header.Post,
Feature.Avatar.Heading.AccessoryAdjustmentTitle,장신구 조정
Feature.Avatar.Heading.Active,활성
Feature.Avatar.Heading.All,전체
Feature.Avatar.Heading.Animations,애니메이션
Feature.Avatar.Heading.AvatarLooksWidget,
Feature.Avatar.Heading.BodyParts,신체 부위
Feature.Avatar.Heading.Clothing,복장
Feature.Avatar.Heading.DeleteAssets,애셋 삭제
Feature.Avatar.Heading.DeleteCharacter,이 캐릭터를 삭제할까요?
Feature.Avatar.Heading.DuplicateCharacter,캐릭터 중복
Feature.Avatar.Heading.Emotes,감정 표현
Feature.Avatar.Heading.Expired,만료됨
Feature.Avatar.Heading.Filter,필터
Feature.Avatar.Heading.Filters,
Feature.Avatar.Heading.LooksAvatarSaved,아바타를 저장했습니다!
Feature.Avatar.Heading.LooksCharacterSaved,캐릭터 저장 완료!
Feature.Avatar.Heading.LooksPurchaseFailed,구매 실패
Feature.Avatar.Heading.LooksPurchasePartialSuccess,일부 구매 완료
Feature.Avatar.Heading.MakeupLookSaved,메이크업 룩이 저장되었습니다!
Feature.Avatar.Heading.Manage,
Feature.Avatar.Heading.MySharedAvatarsTitle,
Feature.Avatar.Heading.Outfits,코스튬
Feature.Avatar.Heading.RenameCharacter,캐릭터 이름 변경
Feature.Avatar.Heading.SaveCostume,캐릭터 저장
Feature.Avatar.Heading.SelectToUpdate,업데이트 항목 선택
Feature.Avatar.Heading.SetLimitReached,세트 한도에 도달함
Feature.Avatar.Heading.SetNameDuplicate,이름 복제
Feature.Avatar.Heading.SetNameNotAllowed,허용되지 않는 이름
Feature.Avatar.Heading.SetUpdateFailed,세트를 업데이트할 수 없음
Feature.Avatar.Heading.SharePublicAvatar,아바타를 공유하세요
Feature.Avatar.Heading.SortBy,정렬 기준
Feature.Avatar.Heading.UsedName,이미 사용되었던 이름
Feature.Avatar.Heading.WearConfirmation,아이템 장착
Feature.Avatar.HeroWidget.BundleTitle,코블록스 팩트브레이커
Feature.Avatar.HeroWidget.CapsuleDescription,Roblox 오리지널 아이템에 대한 세 가지 새로운 해석
Feature.Avatar.HeroWidget.CapsulePoolDescription,물보라를 일으킬 3가지 신규 아이템
Feature.Avatar.HeroWidget.CapsulePoolTitle,수영장 파티
Feature.Avatar.HeroWidget.CapsuleTitle,재해석된 클래식 아이템
Feature.Avatar.ItemDidNotMeetRobloxCommunityStandards.BodyText,"{category} ""{item}""은(는) Roblox 커뮤니티 규정에 위반되어 제거됐습니다.{lineBreak}규정 위반 및 이의 신청 페이지로 가서 자세히 알아보거나 다른 검토를 요청하세요."
Feature.Avatar.ItemDidNotMeetRobloxCommunityStandards.TitleText,아이템이 Roblox 커뮤니티 규정을 충족하지 않습니다
Feature.Avatar.ItemsRemovedFromAvatar.TitleText,아바타에서 아이템이 제거됨
Feature.Avatar.Label,
Feature.Avatar.Label.AbyssBlue,심연의 파란색
Feature.Avatar.Label.AbyssBlueDark,어비스 블루(다크)
Feature.Avatar.Label.AbyssBlueLight,어비스 블루(라이트)
Feature.Avatar.Label.Accessory,장신구
Feature.Avatar.Label.AccessoryAdjustment.Entry.Tooltip,장신구를 알맞게 조정하세요!
Feature.Avatar.Label.AccessoryAdjustment.Items.Tooltip,조정할 아이템을 선택하세요
Feature.Avatar.Label.AccessoryCannotBeAdjustedWarning,이 아이템은 조정할 수 없습니다.
Feature.Avatar.Label.Add,추가
Feature.Avatar.Label.AddEdit,추가/편집
Feature.Avatar.Label.AddManage,추가/관리
Feature.Avatar.Label.AddManage2,
Feature.Avatar.Label.AllAvatarSets,
Feature.Avatar.Label.AllFolders,
Feature.Avatar.Label.AllHeads,전체 머리
Feature.Avatar.Label.AnimationFullSet,전체 세트
Feature.Avatar.Label.AvatarAdjustment,아바타 조정
Feature.Avatar.Label.AvatarBackground,아바타 배경
Feature.Avatar.Label.Avatars,
Feature.Avatar.Label.Back,후면
Feature.Avatar.Label.Backgrounds,
Feature.Avatar.Label.Blocky,블록형
Feature.Avatar.Label.BodyColorAdvancedView,고급
Feature.Avatar.Label.BodyColorAllLimbs,
Feature.Avatar.Label.BodyColorHead,머리
Feature.Avatar.Label.BodyColorLeftArm,왼팔
Feature.Avatar.Label.BodyColorLeftLeg,왼 다리
Feature.Avatar.Label.BodyColorRightArm,오른팔
Feature.Avatar.Label.BodyColorRightLeg,오른 다리
Feature.Avatar.Label.BodyColorStandardView,표준
Feature.Avatar.Label.BodyColorTorso,몸통
Feature.Avatar.Label.BodyParts,신체 부위: {bodyPart}
Feature.Avatar.Label.BodySize,몸 크기
Feature.Avatar.Label.BodyType,체형
Feature.Avatar.Label.Bodysuits,바디수트
Feature.Avatar.Label.Bottom,하의
Feature.Avatar.Label.Bottoms,
Feature.Avatar.Label.Build,
Feature.Avatar.Label.BuyAvatarQuestion,이 아바타를 구매하시겠어요?
Feature.Avatar.Label.BuyLookQuestion,이 코스튬을 구매하시겠어요?
Feature.Avatar.Label.BuyMakeupQuestion,이 메이크업 룩을 구매하시겠어요?
Feature.Avatar.Label.BuyOutfitLuobuMultiple,Please moderate your entertainment and make rational consumption. Would you like to buy [{numItems}] items?
Feature.Avatar.Label.BuyOutfitLuobuSingle,Please moderate your entertainment and make rational consumption. Would you like to buy [1] item?
Feature.Avatar.Label.BuyOutfitMultiple,아이템 [{numItems}]개를 구매할까요?
Feature.Avatar.Label.BuyOutfitSingle,아이템 [1]개를 구매할까요?
Feature.Avatar.Label.By,개발:
Feature.Avatar.Label.ClassicFaces,클래식 얼굴
Feature.Avatar.Label.ClassicHeads,클래식 머리
Feature.Avatar.Label.ClassicPants,클래식 바지
Feature.Avatar.Label.ClassicShirts,클래식 셔츠
Feature.Avatar.Label.ClassicTShirts,클래식 티셔츠
Feature.Avatar.Label.ClearByCategory,{category} 지우기
Feature.Avatar.Label.Climb,오르기
Feature.Avatar.Label.ClimbAnimations,오르기 애니메이션
Feature.Avatar.Label.CostumeWarning,"이름에는 알파벳과 숫자, 빈 칸만 사용할 수 있어요"
Feature.Avatar.Label.CountSelected,{itemCount}개 선택됨
Feature.Avatar.Label.Creations,작품
Feature.Avatar.Label.CurrentlyWearing,현재 장착 중
Feature.Avatar.Label.DefaultBody,기본 신체
Feature.Avatar.Label.DeleteSetBody,이 세트를 삭제해도 세트 내의 의상은 삭제되지 않습니다.
Feature.Avatar.Label.Details,세부 정보({quantity}개)
Feature.Avatar.Label.DetailsButton,세부 정보
Feature.Avatar.Label.DressesAndSkirts,원피스 및 치마
Feature.Avatar.Label.DuplicateMakeupLookDialog,이미 이 룩을 '{lookName}'(으)로 추가했습니다. 다시 추가할까요?
Feature.Avatar.Label.DynamicHead,다이내믹 헤드
Feature.Avatar.Label.DynamicHeads,
Feature.Avatar.Label.Emote,
Feature.Avatar.Label.EnterCostumeName,새로운 캐릭터 이름 입력
Feature.Avatar.Label.EnterNewCostumeName,캐릭터의 새로운 이름을 입력하세요
Feature.Avatar.Label.EyeMakeup,눈
Feature.Avatar.Label.Eyebrows,눈썹
Feature.Avatar.Label.Eyelashes,속눈썹
Feature.Avatar.Label.Face,얼굴
Feature.Avatar.Label.FaceMakeup,
Feature.Avatar.Label.FacialAnimation,얼굴 애니메이션
Feature.Avatar.Label.Fall,낙하
Feature.Avatar.Label.FallAnimations,낙하 애니메이션
Feature.Avatar.Label.Front,전면
Feature.Avatar.Label.FullBody,전신
Feature.Avatar.Label.FullMasks,전면 마스크
Feature.Avatar.Label.FullPair,한 쌍
Feature.Avatar.Label.Gear,장비
Feature.Avatar.Label.GenericSetError,문제가 발생했습니다. 다시 시도하세요.
Feature.Avatar.Label.GetLookQuestion,이 코스튬을 무료로 받으시겠어요?
Feature.Avatar.Label.GetOutfitMultiple,아이템 [{numItems}]개를 무료로 획득하시겠어요?
Feature.Avatar.Label.GetOutfitOne,아이템 [1]개를 무료로 획득하시겠어요?
Feature.Avatar.Label.Hair,헤어
Feature.Avatar.Label.HandAndArm,손과 팔
Feature.Avatar.Label.Hat,모자
Feature.Avatar.Label.Head,
Feature.Avatar.Label.HeadBody,머리 및 몸
Feature.Avatar.Label.HeadRefinement.Adjust.Title,머리 조정
Feature.Avatar.Label.HeadRefinement.Adjust.Tooltip,머리는 여기에서 조정하세요!
Feature.Avatar.Label.HeadRefinement.CombinedCategories.Tooltip,클래식 아이템이 모두 '머리'로 이동했습니다
Feature.Avatar.Label.HeadRefinement.DH.Title,클래식 모양
Feature.Avatar.Label.HeadRefinement.Description,클래식 얼굴과 함께 사용할 머리 스타일을 선택하세요.
Feature.Avatar.Label.HeadRefinement.Description.Unsupported,이 머리 스타일은 조정할 수 없습니다.
Feature.Avatar.Label.HeadRefinement.FacialAnimation,
Feature.Avatar.Label.HeadRefinement.Title,머리 모양
Feature.Avatar.Label.HeadSize,머리 크기
Feature.Avatar.Label.Heads,
Feature.Avatar.Label.Idle,빈둥대기
Feature.Avatar.Label.IdleAnimations,빈둥대기 애니메이션
Feature.Avatar.Label.Jacket,재킷
Feature.Avatar.Label.Jackets,
Feature.Avatar.Label.Jump,점프
Feature.Avatar.Label.JumpAnimations,점프 애니메이션
Feature.Avatar.Label.LayeredClothingR15Warning,이 아이템을 사용하려면 체형을 R15로 업데이트하세요.
Feature.Avatar.Label.LayeredClothingSwitchR6Warning,R6 캐릭터 사용에는 제한이 있습니다. 전환하면 지원되지 않는 모든 아이템이 제거됩니다.
Feature.Avatar.Label.LeftArm,
Feature.Avatar.Label.LeftArms,
Feature.Avatar.Label.LeftInitial,좌
Feature.Avatar.Label.LeftLeg,
Feature.Avatar.Label.LeftLegs,
Feature.Avatar.Label.LeftShoe,왼쪽 신발
Feature.Avatar.Label.LeftShoes,
Feature.Avatar.Label.LipMakeup,입술
Feature.Avatar.Label.LoadingSets,세트 불러오는 중
Feature.Avatar.Label.Looks,룩
Feature.Avatar.Label.Makeup,메이크업
Feature.Avatar.Label.MakeupLayer,레이어 {layerIndex}
Feature.Avatar.Label.MakeupLooks,메이크업 룩
Feature.Avatar.Label.ManageItems,아이템 관리
Feature.Avatar.Label.Message.BlockingSavePrompt,지금 저장하지 않으면 모든 변경 사항을 잃게 됩니다.
Feature.Avatar.Label.Message.DeleteAvatars,이 작업은 취소할 수 없습니다.
Feature.Avatar.Label.Message.DuplicateAvatar,이전에 비슷한 아바타를 만든 적이 있습니다.
Feature.Avatar.Label.ModerationFailed,규정에 맞지 않습니다
Feature.Avatar.Label.Mood,기분
Feature.Avatar.Label.MultiNoLongerAvailableInCollection,이 애셋은 이 컬렉션에서 더 이상 사용할 수 없게 됩니다:
Feature.Avatar.Label.MyPostedAvatars.Tooltip,게시된 아바타는 마켓플레이스에 공개됩니다
Feature.Avatar.Label.Name,
Feature.Avatar.Label.Neck,
Feature.Avatar.Label.Newest,최신
Feature.Avatar.Label.NoExpiredItems,만료된 {itemType} 없음
Feature.Avatar.Label.NoItems,{itemType} 없음
Feature.Avatar.Label.NoLongerAvailableInCollection,이 컬렉션에서 더 이상 사용할 수 없게 됩니다
Feature.Avatar.Label.NoSets,아직 세트 없음
Feature.Avatar.Label.Outerwear,겉옷
Feature.Avatar.Label.OutfitIncomplete,만든 코스튬을 구매하지 않았으며 체험에 나타나지 않습니다
Feature.Avatar.Label.OutfitPurchaseFailure,"죄송합니다, 아이템 [{numItems}]개를 구매하지 못했습니다!"
Feature.Avatar.Label.OutfitPurchaseSuccess,아이템 [{numItems}]개 구매 완료!
Feature.Avatar.Label.PPEEmoteR15Warning,감정 표현을 사용하고 아바타의 포즈를 취하려면 체형을 R15로 업데이트하세요.
Feature.Avatar.Label.PPEFinalBody,두 모습 모두 앱 전체에서 프로필 사진으로 사용됩니다.
Feature.Avatar.Label.PPEFinalHeader,미리 보기
Feature.Avatar.Label.PPEFinalSubheader,멋지네요!
Feature.Avatar.Label.PPEFinishedToast,프로필 사진이 변경되었습니다!
Feature.Avatar.Label.PPEPositionCameraHeader,카메라 배치
Feature.Avatar.Label.PPEViewCloseupButton,클로즈업 보기
Feature.Avatar.Label.PPEViewFullButton,아바타 전체 보기
Feature.Avatar.Label.Pants,바지
Feature.Avatar.Label.PantsClassic,기본형 바지
Feature.Avatar.Label.Photobooth,포토부스
Feature.Avatar.Label.ProfileFrames,프레임
Feature.Avatar.Label.ProfileFramesUnlockBanner,Plus로 프레임 잠금 해제
Feature.Avatar.Label.Props,소도구
Feature.Avatar.Label.Purchased,
Feature.Avatar.Label.QuickMenuCustomizeTitle,꾸미기 옵션
Feature.Avatar.Label.QuickMenuLandingPageTitle,아바타 옵션
Feature.Avatar.Label.R15,R15
Feature.Avatar.Label.R6,R6
Feature.Avatar.Label.R6R15,R6 / R15
Feature.Avatar.Label.RecentlyWorn,최근 장착
Feature.Avatar.Label.RemoveFromSetBody,"해당 아바타가 이 세트에서 제거되며, 삭제되지는 않습니다."
Feature.Avatar.Label.Replace,교체
Feature.Avatar.Label.ResetToNewCharacter,새 캐릭터로 전환 중입니다. 전체 코스튬 아이템을 재설정할까요? 아니면 그대로 유지할까요?
Feature.Avatar.Label.Right,우
Feature.Avatar.Label.RightArm,
Feature.Avatar.Label.RightArms,
Feature.Avatar.Label.RightInitial,
Feature.Avatar.Label.RightLeg,
Feature.Avatar.Label.RightLegs,
Feature.Avatar.Label.RightShoe,오른쪽 신발
Feature.Avatar.Label.RightShoes,
Feature.Avatar.Label.Run,달리기
Feature.Avatar.Label.RunAnimations,달리기 애니메이션
Feature.Avatar.Label.SavedSimilarCharacter,이전에 비슷한 캐릭터를 만든 적이 있어요:
Feature.Avatar.Label.SavedSimilarCharacterNoName,이전에 비슷한 캐릭터를 만든 적이 있어요.
Feature.Avatar.Label.Scenes,풍경
Feature.Avatar.Label.SearchLandingPage.Title.RecentSearches,최근 검색
Feature.Avatar.Label.SearchLandingPage.Title.RecentlyViewedItems,최근 조회
Feature.Avatar.Label.SearchLandingPage.Title.RecentlyViewedSearchItems,계속 쇼핑하기
Feature.Avatar.Label.SelectItem,아이템 선택
Feature.Avatar.Label.SetAvatarCount,아바타 {itemCount}개
Feature.Avatar.Label.SetLimitReachedBody,최대 {setLimit}개 세트만 보유할 수 있습니다. 공간을 확보하려면 하나를 삭제하세요
Feature.Avatar.Label.SetNameDuplicateBody,이미 해당 이름의 세트가 있습니다. 다른 이름을 선택하세요.
Feature.Avatar.Label.SetNameNotAllowedBody,다른 이름을 선택하세요
Feature.Avatar.Label.SharePublicAvatar.Tooltip,마켓플레이스에 아바타 게시
Feature.Avatar.Label.Shirt,셔츠
Feature.Avatar.Label.ShirtClassic,기본형 셔츠
Feature.Avatar.Label.Shirts,
Feature.Avatar.Label.ShoeL,신발(왼쪽)
Feature.Avatar.Label.ShoeR,신발(오른쪽)
Feature.Avatar.Label.Shoes,신발
Feature.Avatar.Label.Shorts,반바지
Feature.Avatar.Label.Shoulder,어깨
Feature.Avatar.Label.Skin,피부
Feature.Avatar.Label.Sweater,스웨터
Feature.Avatar.Label.Sweaters,
Feature.Avatar.Label.Swim,수영
Feature.Avatar.Label.SwimAnimations,수영 애니메이션
Feature.Avatar.Label.SwitchToR15,R15로 전환
Feature.Avatar.Label.TShirt,티셔츠
Feature.Avatar.Label.TShirtClassic,기본형 티셔츠
Feature.Avatar.Label.Title.AccessoryAdjustment,
Feature.Avatar.Label.Title.AddNewAvatar,새 아바타로 추가
Feature.Avatar.Label.Title.AddToMyAvatars,내 아바타에 추가
Feature.Avatar.Label.Title.AddToMyMakeupLooks,내 메이크업 룩에 추가
Feature.Avatar.Label.Title.AvatarName,아바타 이름 입력
Feature.Avatar.Label.Title.AvatarSwitcher,내 아바타
Feature.Avatar.Label.Title.BlockingSavePrompt,아바타를 저장할까요?
Feature.Avatar.Label.Title.BodyShape,
Feature.Avatar.Label.Title.ClothingLayering,복장 레이어링
Feature.Avatar.Label.Title.DeleteMultipleAvatars,아바타 {count}개를 삭제할까요?
Feature.Avatar.Label.Title.DeleteSingleAvatar,이 아바타를 삭제할까요?
Feature.Avatar.Label.Title.DuplicateAvatar,아바타 복제
Feature.Avatar.Label.Title.Emotes,
Feature.Avatar.Label.Title.HeadAdjustment,
Feature.Avatar.Label.Title.Inventory,
Feature.Avatar.Label.Title.MakeupLayering,메이크업 레이어링
Feature.Avatar.Label.Title.ManageAvatars,아바타 관리
Feature.Avatar.Label.Title.MyInventory,내 인벤토리
Feature.Avatar.Label.Title.ProfilePhoto,프로필 사진
Feature.Avatar.Label.Title.ReplaceAvatar,아바타 교체
Feature.Avatar.Label.Title.Save,
Feature.Avatar.Label.Title.SaveToMyAvatars,내 아바타에 저장
Feature.Avatar.Label.Title.UpdateAvatar,기존 아바타 교체
Feature.Avatar.Label.Title.WearAfterPurchase,구매 후 장착
Feature.Avatar.Label.Title.WearAndSaveAfterPurchase,구매 후 장착 및 저장
Feature.Avatar.Label.Top,상의
Feature.Avatar.Label.Torso,
Feature.Avatar.Label.Torsos,
Feature.Avatar.Label.TropicalRunway,트로피컬 런웨이
Feature.Avatar.Label.TryOnFail,아이템을 장착하지 못했습니다. 나중에 다시 시도하세요.
Feature.Avatar.Label.TryOnManagerDescriptor,총계: {numItems}개 아이템
Feature.Avatar.Label.Unavailable,해당 없음
Feature.Avatar.Label.UsedNameLong,이전에 이 이름을 사용하신 적이 있는 것 같네요. 그래도 저장할까요?
Feature.Avatar.Label.Waist,허리
Feature.Avatar.Label.Walk,걷기
Feature.Avatar.Label.WalkAnimations,걷기 애니메이션
Feature.Avatar.Label.WholeBody,전체 몸통
Feature.Avatar.Message.AddAvatarAgain,이미 이 아바타를 '{prevAvatar}'(으)로 추가했습니다. 다시 추가할까요?
Feature.Avatar.Message.AdjustAndFit,아이템 조정 및 맞추기
Feature.Avatar.Message.AlreadyAcquired,이미 획득한 아이템이에요.
Feature.Avatar.Message.AvatarAdded,'{avatarName}'(이)가 추가되었습니다
Feature.Avatar.Message.AvatarDeleted,아바타가 삭제됨
Feature.Avatar.Message.AvatarRenamed,아바타 이름 변경됨
Feature.Avatar.Message.AvatarUpdated,'{avatarName}'(이)가 업데이트되었습니다
Feature.Avatar.Message.BulkDeleteMakeupLook,{count}개의 메이크업 룩이 삭제됨
Feature.Avatar.Message.CameraFacialAnimationPaused,감정 표현을 사용할 때는 카메라 기능이 일시적으로 중지됩니다
Feature.Avatar.Message.ClassicHeadAndR6CameraWarning,클래식 머리 및 R6 아바타는 얼굴 애니메이션을 지원하지 않습니다
Feature.Avatar.Message.ClearAccessories,현재 입고 있는 모든 장신구를 지웁니다.
Feature.Avatar.Message.ClearAnimations,현재 장착 중인 애니메이션을 모두 지웁니다.
Feature.Avatar.Message.ClearBody,현재 신체에 입고 있는 모든 것을 지웁니다.
Feature.Avatar.Message.ClearClothes,현재 입고 있는 의상을 모두 지웁니다.
Feature.Avatar.Message.ClearMakeupConfirmation,모든 메이크업 아이템이 제거됩니다.
Feature.Avatar.Message.DeepLinkEquipFailed,장착하려는 아이템은 더 이상 이용할 수 없습니다
Feature.Avatar.Message.EnhancedAvatarHeads,"이제 기본 머리가 얼굴 애니메이션을 지원합니다. ‘머리’에서 모든 머리를 찾고, ‘머리 조정’에서 머리 모양과 얼굴 애니메이션을 조정하세요."
Feature.Avatar.Message.EquipCostumeConfirmation,캐릭터를 저장하지 않으셨습니다. 캐릭터를 정말 전환할까요?
Feature.Avatar.Message.ErrorNotAuthorized,사용자에게 이 작업을 수행할 권한이 없습니다
Feature.Avatar.Message.FTUXSelfieViewClosedTooltip,여기에서 카메라 및 셀프뷰 제어를 찾을 수 있습니다
Feature.Avatar.Message.FTUXSelfieViewOpenedTooltip,카메라를 사용해 아바타가 자신처럼 웃거나 움직이게 만드세요
Feature.Avatar.Message.FaceNotVisible,선택한 얼굴은 이 머리에서는 보이지 않습니다.
Feature.Avatar.Message.FailedAvatarRename,아바타 이름 변경 실패
Feature.Avatar.Message.FailedDeleteCostume,코스튬 삭제 실패.
Feature.Avatar.Message.FailedRenameCostume,캐릭터 이름 변경 실패
Feature.Avatar.Message.FailedToLoadAvatar,아바타 불러오기 실패
Feature.Avatar.Message.FailedUpdateOutfit,코스튬 업데이트 실패
Feature.Avatar.Message.FailedWritePPE,프로필 사진 업데이트 실패
Feature.Avatar.Message.HatLimitTooltip,모자는 최대 3개까지 장착할 수 있어요
Feature.Avatar.Message.InvalidAssetsEquipped,장착된 일부 아이템을 더 이상 사용할 수 없습니다.
Feature.Avatar.Message.InvalidItem,존재하지 않는 아이템입니다.
Feature.Avatar.Message.InvalidName,유효하지 않은 이름
Feature.Avatar.Message.LCSortClassicWarning,클래식 아이템은 편집할 수 없습니다
Feature.Avatar.Message.LCSortEntry,복장 순서 조정
Feature.Avatar.Message.LCSortListTooltip,레이어링 순서를 편집하려면 아이템 섬네일을 끌어서 놓으세요
Feature.Avatar.Message.LCSortNoEquipped,장착된 3D 복장이 없습니다. 편집할 아이템을 장착하세요
Feature.Avatar.Message.LCSortResetBody,조정 사항이 취소됩니다. 계속 진행할까요?
Feature.Avatar.Message.LCSortUnequipBody,아이템을 장착 해제할까요?
Feature.Avatar.Message.LayeredMakeupSortNoEquipped,장착된 레이어드 메이크업 아이템이 없습니다. 편집하려면 아이템을 장착하세요.
Feature.Avatar.Message.LeaveAccessoryAdjustmentWarning,조정을 적용하지 않았습니다. 정말로 나가시겠어요?
Feature.Avatar.Message.LeavingComposerWithoutSave,종료하면 지금까지의 변경 사항이 저장되지 않습니다.
Feature.Avatar.Message.LooksAvatarSaved,언제든 맞춤 설정에서 아바타 이름을 편집할 수 있습니다
Feature.Avatar.Message.LooksCharacterSaved,맞춤 설정 시 언제든지 캐릭터 이름을 편집할 수 있습니다
Feature.Avatar.Message.LooksPurchaseFailedNetworkError,네트워크 오류. 나중에 다시 시도하세요.
Feature.Avatar.Message.LooksPurchasePartialSuccessGenericPP,"{numSuccessItems}개의 아이템은 구매가 완료되었으며, {numFailureItems}개의 아이템은 구매하지 못했습니다"
Feature.Avatar.Message.LooksPurchasePartialSuccessGenericPS,
Feature.Avatar.Message.LooksPurchasePartialSuccessGenericSP,
Feature.Avatar.Message.LooksPurchasePartialSuccessGenericSS,
Feature.Avatar.Message.LooksPurchaseSuccessPlural,아이템 {numItems}개 구매 완료!
Feature.Avatar.Message.LooksPurchaseSuccessSingular,
Feature.Avatar.Message.MakeupLookAdded,메이크업 룩 추가됨
Feature.Avatar.Message.MakeupLookRenamed,메이크업 룩의 이름이 변경됨
Feature.Avatar.Message.MakeupLookSaved,언제든 사용자 정의에서 메이크업 룩 이름을 편집할 수 있습니다.
Feature.Avatar.Message.MakeupLookUpdated,메이크업 룩 업데이트됨
Feature.Avatar.Message.MakeupSortNoEquipped,장착된 메이크업 아이템이 없습니다. 편집할 아이템을 장착하세요.
Feature.Avatar.Message.MakeupSortResetBody,변경 사항이 취소됩니다. 계속 진행할까요?
Feature.Avatar.Message.MakeupSortUnequipBody,
Feature.Avatar.Message.ModerationFailed,한 개 이상의 아바타가 커뮤니티 가이드라인을 준수하지 않습니다.
Feature.Avatar.Message.MultiAvatarDeleted,
Feature.Avatar.Message.NewControlLocationFullBody,전신(기존의 '구매한 캐릭터')은 이제 '전신' 슬롯에서 찾을 수 있습니다.
Feature.Avatar.Message.NewControlLocationProfile,이제 '더 보기' 메뉴에서 프로필 사진을 확인하세요
Feature.Avatar.Message.NewCustomize,이제 아바타를 더 빠르고 쉽게 꾸밀 수 있습니다. 몇 가지 변경 사항이 있으니 탭하여 새로운 기능을 확인해 보세요.
Feature.Avatar.Message.NoAccessoriesEquipped,조정 가능한 장신구가 없습니다.
Feature.Avatar.Message.OutfitCleared,의상 삭제됨
Feature.Avatar.Message.PostToMarketplaceTooltip,게시물은 마켓플레이스에 공개됩니다
Feature.Avatar.Message.R15AnimationsPrompt,애니메이션을 사용하려면 체형을 R15로 업데이트하세요.
Feature.Avatar.Message.R15EmotesPrompt,감정 표현을 사용하려면 체형을 R15로 업데이트하세요.
Feature.Avatar.Message.R15StylesPrompt,신체 비율을 맞춤화하려면 체형을 R15로 업데이트하세요.
Feature.Avatar.Message.ReachedMaxOutfits,보유한 코스튬 수가 한도에 도달했어요.
Feature.Avatar.Message.RenameCostumeSuccess,이름 변경 완료!
Feature.Avatar.Message.ResetAdjustment,
Feature.Avatar.Message.RestoredLastSaved,마지막 저장 복원됨
Feature.Avatar.Message.RevertToDefault,프로필 사진을 기본 이미지로 되돌릴까요?
Feature.Avatar.Message.SaveFailure,아바타를 저장할 수 없습니다. 나중에 다시 시도하세요.
Feature.Avatar.Message.SaveSuccess,아바타 저장됨
Feature.Avatar.Message.SaveSuccessWithInvalidAssets,아바타가 저장됐습니다. 일부 아이템은 현재 사용할 수 없어 제거되었습니다.
Feature.Avatar.Message.SaveThrottled,다시 저장하려면 잠시 기다려주세요
Feature.Avatar.Message.SelectEmote,감정 표현을 선택하고 아바타의 포즈를 취하세요!
Feature.Avatar.Message.ShareAvatarWithCommunity,내 아바타를 마켓플레이스에 게시하세요
Feature.Avatar.Message.ShareAvatarWithCommunityDisclaimer,규정 준수 확인이 완료되면 링크를 사용할 수 있습니다
Feature.Avatar.Message.SharePublicAvatar,"소셜 미디어에서 아바타를 공유하여, 파급력을 높이고 창의력을 뽐내세요"
Feature.Avatar.Message.TryOnCameraHeadWarning,클래식 머리는 얼굴 애니메이션을 지원하지 않습니다
Feature.Avatar.Message.UnknownErrorCreatingMakeupLook,알 수 없는 오류가 발생했습니다. 메이크업 룩이 생성되지 않았습니다.
Feature.Avatar.Message.UnknownErrorCreatingOutfit,알 수 없는 오류가 발생했습니다. 코스튬이 생성되지 않았습니다.
Feature.Avatar.Message.UpdateOutfitSuccess,업데이트 완료!
Feature.Avatar.Message.UpdateRequired,업데이트가 필요합니다. 이 아이템을 확인하려면 Roblox를 최신 버전으로 업데이트하세요.
Feature.Avatar.Placeholder.NameYourAvatar,아바타 이름을 지으세요
Feature.Avatar.Placeholder.WriteAvatarCaption,아바타 캡션을 작성하세요(선택 사항)
Feature.Avatar.RevokedItems.BodyText,"{category} 아이템 ""{item}""이(가) 이 저장된 아바타에서 제거되었으므로, 지불한 기본가를 환불해 드리겠습니다.{lineBreak}자세한 내용은 수신함을 확인하세요."
Feature.Avatar.RevokedItems.BodyTextMultiple,"다음 아이템이 저장된 아바타에서 제거되었으므로, 지불한 기본가를 환불해 드리겠습니다.{lineBreak}{items}{lineBreak}자세한 내용은 받은 수신함을 확인하세요."
Feature.Avatar.RevokedItems.ViewInbox,수신함 보기
Feature.Avatar.SetNameDuplicate,
Feature.Avatar.Text.MakeupLayeringTooltip,
Feature.Avatar.Title.AvatarRefinement,아바타 세부 조정
Feature.Avatar.Title.BulkDeleteMakeupLooks,{count}개의 메이크업 룩을 삭제할까요?
Feature.Avatar.Title.BuyAvatar,아바타 구매
Feature.Avatar.Title.BuyMakeup,메이크업 룩 구매하기
Feature.Avatar.Title.BuyOutfit,코스튬 구매
Feature.Avatar.Title.ClearAccessoriesConfirmation,모든 장신구를 지울까요?
Feature.Avatar.Title.ClearAnimationsConfirmation,모든 애니메이션을 지울까요?
Feature.Avatar.Title.ClearBodyConfirmation,신체 전체를 지울까요?
Feature.Avatar.Title.ClearClothesConfirmation,모든 의상을 지울까요?
Feature.Avatar.Title.ClearMakeupConfirmation,모든 메이크업을 지울까요?
Feature.Avatar.Title.CreateSet,
Feature.Avatar.Title.DeleteSet,
Feature.Avatar.Title.DuplicateMakeupLook,룩 복제
Feature.Avatar.Title.EnhancedAvatarHeads,향상된 아바타 머리
Feature.Avatar.Title.FindYourStyle,나만의 스타일 찾기
Feature.Avatar.Title.GetOutfit,코스튬 획득
Feature.Avatar.Title.LCSortPage,복장 정렬
Feature.Avatar.Title.LCSortReset,기본값으로 재설정
Feature.Avatar.Title.LCSortUnequip,아이템 장착 해제
Feature.Avatar.Title.LayeredMakeupSortPage,
Feature.Avatar.Title.LooksWidget,코스튬 아이디어
Feature.Avatar.Title.MakeupIntroFtux,메이크업 소개
Feature.Avatar.Title.MakeupSortPage,
Feature.Avatar.Title.MakeupSortReset,
Feature.Avatar.Title.MakeupSortUnequip,
Feature.Avatar.Title.Move,
Feature.Avatar.Title.NameAvatarOutfit,
Feature.Avatar.Title.NewCustomizeLook,꾸미기에 새로운 스타일이 추가됐습니다!
Feature.Avatar.Title.NewToMarketplaceItemWidget,마켓플레이스 첫 등장
Feature.Avatar.Title.OutfitIncomplete,코스튬 미완성
Feature.Avatar.Title.Preview,
Feature.Avatar.Title.RemoveFromSet,
Feature.Avatar.Title.RenameMakeupLook,메이크업 룩 이름 바꾸기
Feature.Avatar.Title.RenameSet,
Feature.Avatar.Title.ResetToDefault,
Feature.Avatar.Title.ResetToNewCharacter,새 캐릭터
Feature.Avatar.Title.RevertToDefault,기본값으로 되돌리기
Feature.Avatar.Title.SaveMakeupLook,룩 이름 지정하기
Feature.Avatar.Title.SavedAvatarsLocation,저장된 아바타가 여기 표시됩니다
Feature.Avatar.Title.SelectEmoteForAvatar,아바타 포즈를 위한 감정 표현을 선택하세요
Feature.Avatar.Title.SelectMakeupLookForUpdate,메이크업 룩 선택
Feature.Avatar.Title.SelectMakeupLooks,룩 선택
Feature.Avatar.Title.SelectSet,세트 선택
Feature.Avatar.Title.SingleDeleteOutfit,'{outfitName}'을(를) 삭제할까요?
Feature.Avatar.Title.TrendingItemWidget,트렌드 아이템
Feature.Avatar.Title.TrendingLooksWidget,트렌드 스타일
Feature.Avatar.Title.UnsavedChanges,저장되지 않은 변경 사항
Feature.Avatar.Title.UpdateMakeupLook,이 룩을 업데이트할까요?
Feature.Avatar.Title.YourTryOns,내 시착 아이템
Feature.Avatar.Toast.AvatarCaptionExceedMaximum,"캡션은 문자 1,000개까지 입력할 수 있습니다"
Feature.Avatar.Toast.AvatarPostSuccessfully,게시를 완료했습니다
Feature.Avatar.Toast.AvatarTitleExceedMaximum,제목은 문자 50개까지 입력할 수 있습니다
Feature.Avatar.Toast.ComposeWithoutClothing,아바타는 적어도 하나 이상의 복장 또는 장신구 아이템을 장착해야 합니다
Feature.Avatar.Toast.MaxOutfitsSelected,최대 {maxSelectCount}개까지 선택할 수 있습니다
Feature.Avatar.Toast.PostWithParticleEffect,파티클 효과는 게시 후 최종 섬네일에 표시됩니다
Feature.Avatar.Tooltip.CustomizeOverhaulSubcategories,카테고리를 변경하려면 여기를 클릭하세요
Feature.Avatar.UnavailableItems.BodyText,"{category} ""{item}""은(는) 현재 검토 중이므로 사용할 수 없습니다.{lineBreak}아이템이 Roblox에서 제거되면 일주일 이내로 환불 처리됩니다."
Feature.Avatar.UnavailableItems.BodyTextMultiple,다음 아이템이 현재 검토 중이므로 사용할 수 없습니다.{lineBreak}{items}{lineBreak}아이템이 Roblox에서 제거되면 일주일 이내로 환불 처리됩니다.
Feature.Avatar.UnavailableItems.ConfirmText,
Feature.Avatar.UnavailableItems.TitleText,아이템 사용 불가
Feature.Avatar.tooltip.ExpiredItemsFilter,만료된 시간 제한 옵션 아이템 찾기
Feature.AvatarBundleReceivedInteractiveAlert.Action.Ok,
Feature.AvatarBundleReceivedInteractiveAlert.Action.TakeALook,
Feature.AvatarBundleReceivedInteractiveAlert.BodyText.AddedToInventory,"{avatarName}(이)가 인벤토리에 추가되었습니다!
{fontColorSpanStart}아바타 > 꾸미기 > 캐릭터 > 구매 완료{fontColorSpanEnd}로 이동해 확인하세요"
Feature.AvatarBundleReceivedInteractiveAlert.BodyText.AddedToInventoryWithPath,"{avatarName}(이)가 인벤토리에 추가되었습니다!
{fontColorSpanStart}{inventoryPath}{fontColorSpanEnd}(으)로 이동해 확인하세요"
Feature.AvatarBundleReceivedInteractiveAlert.BodyText.BackAccessoriesInventoryPath,아바타 > 꾸미기 > 장신구> 후면
Feature.AvatarBundleReceivedInteractiveAlert.BodyText.HeadAccessoriesInventoryPath,아바타 > 꾸미기 > 장신구> 머리
Feature.AvatarBundleReceivedInteractiveAlert.BodyText.UnknownAddedToInventory,"아바타가 인벤토리에 추가되었습니다!
{fontColorSpanStart}아바타 > 꾸미기 > 캐릭터 > 구매 완료{fontColorSpanEnd}로 이동해 확인하세요"
Feature.AvatarBundleReceivedInteractiveAlert.Title.ItemsAcquired,획득한 아이템
Feature.BiometricChallenge.Action.Cancel,
Feature.BiometricChallenge.Action.Continue,
Feature.BiometricChallenge.Content.LivenessHostedPrompt,인간 여부를 확인하려면 외부 브라우저를 열고 잠시 셀카를 찍으세요.
Feature.BiometricChallenge.Content.Loading,불러오는 중...
Feature.BiometricChallenge.Content.QRHelpFull,{prompt} 모바일 기기에서 Roblox 앱을 다운로드하고 앱에서 다시 시도해 보세요.
Feature.BiometricChallenge.Content.QRHelpPrompt,스캔이 안 되나요?
Feature.BiometricChallenge.Content.ScanQR,휴대폰 또는 태블릿으로 이 QR 코드를 스캔하여 계정 잠금을 해제하세요.
Feature.BiometricChallenge.Title.ConfirmHuman,인간 여부 확인
Feature.BiometricChallenge.Title.QRHandoff,모바일 앱에서 보안 확인이 필요합니다
Feature.BlockingModal.Action.Block,차단
Feature.BlockingModal.Action.BlockAndReport,차단하고 신고
Feature.BlockingModal.Action.Cancel,
Feature.BlockingModal.Heading.BlockUser,{DisplayName} 님을 차단할까요?
Feature.BlockingModal.Message.BlockConfirmation,"이 사용자를 차단하면 인맥 또는 팔로워 목록에서 삭제되며, 메시지, 요청, 초대 등을 나에게 보낼 수 없게 됩니다.<br /><br />차단한 사실은 상대에게 알려지지 않습니다."
Feature.BlockingModal.Message.BlockConfirmation.FriendsRename,"이 사용자를 차단하면 친구 또는 팔로워 목록에서 삭제됩니다. 상대가 메시지나 요청, 초대 등을 내게 보낼 수 없습니다.<br /><br />차단한 사실은 상대에게 알려지지 않습니다."
Feature.Build.Action.Add,
Feature.Build.Action.AddFriends,
Feature.Build.Action.AddPlaytester,플레이테스터 추가
Feature.Build.Action.AddPlaytesters,
Feature.Build.Action.AddToPlaytest,플레이테스트에 추가
Feature.Build.Action.Approve,
Feature.Build.Action.Archive,보관
Feature.Build.Action.ArchiveGame,게임 보관
Feature.Build.Action.Build,
Feature.Build.Action.Buy,구매하기
Feature.Build.Action.BuyRobux,Robux 구매하기
Feature.Build.Action.Cancel,
Feature.Build.Action.CopyText,텍스트 복사
Feature.Build.Action.Create,
Feature.Build.Action.CreateDeveloperProduct,
Feature.Build.Action.Delete,
Feature.Build.Action.Dismiss,
Feature.Build.Action.DontAskAgain,다시 묻지 않음
Feature.Build.Action.DontShowAgain,다시 표시하지 않음
Feature.Build.Action.EarnRobux,Robux 획득
Feature.Build.Action.Edit,편집
Feature.Build.Action.HideAutosaved,자동 저장된 버전 숨기기
Feature.Build.Action.ManageLimit,한도 관리
Feature.Build.Action.Next,
Feature.Build.Action.NotNow,
Feature.Build.Action.NotifyMe,알림 받기
Feature.Build.Action.OK,
Feature.Build.Action.OpenSettings,설정 열기
Feature.Build.Action.Play,
Feature.Build.Action.Playtest,플레이테스트
Feature.Build.Action.Preview,
Feature.Build.Action.Publish,
Feature.Build.Action.PublishLatest,최신 게시
Feature.Build.Action.Reject,거절
Feature.Build.Action.Restore,복원
Feature.Build.Action.Resume,다시 시작
Feature.Build.Action.Retry,
Feature.Build.Action.Revert,
Feature.Build.Action.Save,
Feature.Build.Action.SetDailyLimit,일일 한도 설정
Feature.Build.Action.SetLimit,한도 설정
Feature.Build.Action.Settings,
Feature.Build.Action.Share,
Feature.Build.Action.ShareLink,링크 공유
Feature.Build.Action.ShowMore,
Feature.Build.Action.Stats,통계
Feature.Build.Action.Submit,제출하기
Feature.Build.Action.UpdateRating,등급 업데이트
Feature.Build.Action.UpdateWithChanges,변경 사항으로 업데이트
Feature.Build.Action.View,
Feature.Build.Action.ViewUsage,사용량 보기
Feature.Build.Analytics.AnalyzeChatPrompt,지난 {days}일 동안의 내 {analyzeName}은(는) 어떻게 되나요?
Feature.Build.Analytics.AnalyzeName.Arppu,유료 사용자당 평균 수익
Feature.Build.Analytics.AnalyzeName.D1Retention,1일 차 유지율
Feature.Build.Analytics.AnalyzeName.DailyActiveUsers,일일 활성 사용자 수
Feature.Build.Analytics.AnalyzeName.PayerConversion,유료 사용자 전환
Feature.Build.Analytics.AnalyzeName.PlaythroughRate,플레이스루 비율
Feature.Build.Analytics.AnalyzeName.TotalPlaytime,총 플레이타임
Feature.Build.Analytics.Description.Arppu,유료 사용자당 평균 수익은 획득한 총 Robux를 유료 플레이어 수로 나눈 값입니다. 각 구매자가 평균적으로 지출하는 금액을 보여줍니다.
Feature.Build.Analytics.Description.D1Retention,1일 차 유지율은 처음 참가한 플레이어들 중 하루 뒤에 다시 방문하는 플레이어의 수를 측정합니다. 체험의 지속성을 초기에 파악할 수 있는 지표입니다.
Feature.Build.Analytics.Description.DailyActiveUsers,일일 활성 사용자 수는 매일 체험을 시작하는 고유 플레이어 수를 나타냅니다. 이 수치를 추적하여 지속적으로 재방문하는 플레이어 수를 확인하고 성장 또는 감소 추이를 파악하세요.
Feature.Build.Analytics.Description.PayerConversion,유료 사용자 전환은 체험 내에서 Robux를 지출한 플레이어의 비율입니다. 이를 사용하여 수익 창출이 플레이어를 구매자로 얼마나 효과적으로 전환하고 있는지 측정할 수 있습니다.
Feature.Build.Analytics.Description.PlaythroughRate,플레이스루 비율은 전체 플레이 세션을 완료한 방문자의 비율입니다. 비율이 높다는 것은 플레이어가 체험을 쉽게 시작하고 끝까지 플레이할 가치가 있다고 생각하는 것을 의미합니다.
Feature.Build.Analytics.Description.TotalPlaytime,총 플레이타임은 해당 기간 동안 모든 플레이어가 체험에 소요한 시간을 합산한 것입니다. 플레이타임이 증가하면 일반적으로 더 많은 참여 세션이 있다는 신호입니다.
Feature.Build.Analytics.DurationHours,{number}시간
Feature.Build.Analytics.KeyStats,주요 통계
Feature.Build.Analytics.LastMonth,지난달
Feature.Build.Analytics.LastWeek,
Feature.Build.Analytics.Likes,좋아요
Feature.Build.Analytics.Month.Apr,
Feature.Build.Analytics.Month.Aug,
Feature.Build.Analytics.Month.Dec,
Feature.Build.Analytics.Month.Feb,
Feature.Build.Analytics.Month.Jan,
Feature.Build.Analytics.Month.Jul,
Feature.Build.Analytics.Month.Jun,
Feature.Build.Analytics.Month.Mar,
Feature.Build.Analytics.Month.May,
Feature.Build.Analytics.Month.Nov,
Feature.Build.Analytics.Month.Oct,
Feature.Build.Analytics.Month.Sep,
Feature.Build.Analytics.NoData,사용 가능한 데이터 없음
Feature.Build.Analytics.Overview,개요
Feature.Build.Analytics.Percent,{number}%
Feature.Build.Analytics.Players,플레이어
Feature.Build.Analytics.Sheet.Analyze,분석
Feature.Build.Analytics.Sheet.ViewInOverview,개요에서 보기
Feature.Build.Analytics.Summary.Arppu,유료 플레이어 1인당 평균 Robux 수입.
Feature.Build.Analytics.Summary.D1Retention,다음 날 다시 플레이하는 신규 플레이어 비율.
Feature.Build.Analytics.Summary.DailyActiveUsers,선택한 기간 동안 참가한 고유 플레이어 수.
Feature.Build.Analytics.Summary.PayerConversion,구매한 플레이어의 비율.
Feature.Build.Analytics.Summary.PlaythroughRate,전체 플레이스루에 도달한 세션의 비율.
Feature.Build.Analytics.Summary.TotalPlaytime,플레이어가 내 체험에서 보낸 총 시간.
Feature.Build.Analytics.Title.Arppu,ARPPU
Feature.Build.Analytics.Title.ConcurrentUsers,총 플레이어
Feature.Build.Analytics.Title.D1Retention,
Feature.Build.Analytics.Title.DailyActiveUsers,
Feature.Build.Analytics.Title.PayerConversion,
Feature.Build.Analytics.Title.PlaythroughRate,
Feature.Build.Analytics.Title.TotalPlaytime,
Feature.Build.Analytics.Visits,방문 수
Feature.Build.Content.NewGame,새 게임
Feature.Build.Description.ActivateDeveloperProduct,개발자 상품 {PRODUCT_ID}을(를) 판매하세요.
Feature.Build.Description.AdCampaignModerationReview,모든 광고 캠페인은 Roblox 규정 준수 팀에서 검토합니다. 이 절차에는 최대 24시간이 소요될 수 있습니다.
Feature.Build.Description.AdCampaignSheetRunDates,{startDate}~{endDate} 실행
Feature.Build.Description.AdvertisingAgreement,계속 진행하면 {advertisingTermsStart}Roblox 광고 약관{advertisingTermsEnd} 및 {advertisingStandardsStart}광고 규정{advertisingStandardsEnd}에 동의하는 것으로 간주됩니다.
Feature.Build.Description.ArchiveRemoval,이 게임을 보관하면 해당 게임이 Build에서 삭제됩니다. 크리에이터 허브 또는 Roblox Studio에서 계속 액세스하고 복원할 수 있습니다.
Feature.Build.Description.AutoBuyUsage,Robux를 사용하여 제작할 때 추가 Build 사용량을 자동으로 구매하세요. 언제든지 일일 지출 한도를 설정할 수 있습니다.
Feature.Build.Description.BoostAudienceForPlays,오디언스를 확대하여 더 많은 플레이를 확보하세요.
Feature.Build.Description.BuildIdeaGame,나만의 아이디어로 게임을 만들어 보세요
Feature.Build.Description.BuildReplyNotif,Build에서 답변이 있을 때 알림을 받으세요.
Feature.Build.Description.BuyRobuxToCreate,"계속 제작하려면 Robux를 더 구매하거나, 내일 무료 Build 사용량이 초기화될 때까지 기다리세요."
Feature.Build.Description.BuyUsageOrWait,"Robux로 Build 사용량을 더 구매하거나, 일일 한도가 초기화될 때까지 기다리세요."
Feature.Build.Description.CampaignRunDates,캠페인은 {startDate}~{endDate} 에 실행됩니다.
Feature.Build.Description.ChoosePlaytesters,플레이테스트를 도와줄 친구를 선택하세요.
Feature.Build.Description.CreateDeveloperProduct,"{PRICE} Robux로 ""{NAME}""을(를) 만듭니다(판매 중단)."
Feature.Build.Description.DeactivateDeveloperProduct,개발자 상품 {PRODUCT_ID}을(를) 판매 중단합니다.
Feature.Build.Description.EarnedRobuxAppliedFirst,"Robux를 획득한 경우, 해당 Robux가 광고 캠페인 비용에 우선 적용됩니다."
Feature.Build.Description.EnableBuildNotifs,Build에서 보내는 최신 소식을 받으려면 기기 설정에서 알림을 켜세요.
Feature.Build.Description.FriendsLinkOnly,친구만 이 링크에 액세스할 수 있습니다. 더 많은 사람이 플레이하기를 원하시면 게임의 대상 설정을 변경하세요.
Feature.Build.Description.GameCreationDone,게임 생성 및 게시가 완료되었습니다. 게임을 열어 플레이테스트할 수 있습니다.
Feature.Build.Description.GameSavedPlaytest,게임 생성이 완료되었으며 새 버전이 저장되었습니다. 게임을 열어 플레이테스트할 수 있습니다.
Feature.Build.Description.HubSettings,크리에이터 허브에서 모든 설정을 관리하세요
Feature.Build.Description.InviteFriendLimit,친구를 최대 {MAX_INVITES}명 선택한 후 게임 링크를 공유하세요.
Feature.Build.Description.MakeAudienceAvail,이 대상에게 체험을 제공하려면 게시하세요.
Feature.Build.Description.ManageAppearance,게임이 다른 사람에게 표시되는 방식을 관리하세요.
Feature.Build.Description.ManageDeveloperProduct,개발자 상품을 관리합니다.
Feature.Build.Description.NoMonetizationProducts,게임 내에서 Robux를 획득하기 위해 만들고자 하는 아이템에 대해 설명해 주세요
Feature.Build.Description.PlayAfterPublish,이 체험을 게시한 후 플레이할 수 있는 사람을 선택하세요.
Feature.Build.Description.PlaytestLatest,최신 버전을 플레이테스트하고 있습니다. 공유할 준비가 되면 게시하세요.
Feature.Build.Description.PlaytestLocked,첫 게임을 만든 후 플레이테스트를 시작할 수 있습니다.
Feature.Build.Description.PlaytesterAccess,친구를 플레이테스터로 추가하거나 게임의 대상 설정을 변경하여 더 많은 사람이 플레이할 수 있도록 하세요.
Feature.Build.Description.PrivateShare,게임을 공유하려면 게임의 대상 설정을 변경하세요.
Feature.Build.Description.PromoteGameWithAdCampaign,{durationDays}일 광고 캠페인으로 오디언스를 확대하고 게임을 홍보하세요.
Feature.Build.Description.RaiseLimitOrWait,"계속 제작하려면 일일 Robux 한도를 늘리거나, 내일 초기화될 때까지 기다리세요."
Feature.Build.Description.RatingAgreement,게시하면 이 콘텐츠 등급이 정확하다는 데 동의하는 것으로 간주됩니다.
Feature.Build.Description.RestoreLatest,이 버전이 최신 게시 버전이 됩니다.
Feature.Build.Description.RevertToVersion,확인을 눌러 최신 변경 사항을 복구하고 {VERSION} 버전으로 돌아가세요.
Feature.Build.Description.ShareLatest,최신 버전에서 변경된 사항을 공유하세요.
Feature.Build.Description.UpdateDeveloperProduct,개발자 상품 {PRODUCT_ID}을(를) 업데이트하세요.
Feature.Build.Description.VersionChanges,이 버전에서 변경된 사항을 플레이어에게 알려주세요.
Feature.Build.Error.DeveloperProductDescriptionTooLong,"설명은 1,000자 이하여야 합니다."
Feature.Build.Error.DeveloperProductNameRequired,상품 이름을 입력하세요.
Feature.Build.Error.DeveloperProductNameTooLong,이름은 50자 이하여야 합니다.
Feature.Build.Error.DeveloperProductPriceInvalid,"가격은 1~1,000,000,000 Robux 사이의 정수여야 합니다."
Feature.Build.Error.DeveloperProductTextModerated,Roblox 규정 준수 팀이 이 제품의 텍스트를 변경했습니다. 다른 표현을 사용해 보세요.
Feature.Build.Header.AccessSharing,액세스 및 공유
Feature.Build.Header.AllVersions,모든 버전
Feature.Build.Header.ContentMaturity,콘텐츠 수위
Feature.Build.Header.CustomAnswer,사용자 정의 답변
Feature.Build.Header.GameDetails,게임 세부 정보
Feature.Build.Header.Overview,
Feature.Build.Header.PastCampaigns,과거 캠페인
Feature.Build.Header.UpdateDetails,세부 정보 업데이트
Feature.Build.Label.Access,액세스
Feature.Build.Label.AdClicks,광고 클릭 수
Feature.Build.Label.AdViews,광고 조회수
Feature.Build.Label.AdditionalUsage,추가 Build 사용량
Feature.Build.Label.AdditionalUsed,{LIMIT} 중 {USED} 사용됨
Feature.Build.Label.AdsManager,광고 관리자
Feature.Build.Label.All,
Feature.Build.Label.AmountAvailable,{AMOUNT} 이용 가능
Feature.Build.Label.Autosaved,자동 저장됨
Feature.Build.Label.Available,이용 가능
Feature.Build.Label.AvailableForPurchase,구매 가능
Feature.Build.Label.BackToBuild,빌드로 돌아가기
Feature.Build.Label.Building,제작 중...
Feature.Build.Label.CaptureLibrary,캡처 라이브러리
Feature.Build.Label.CaptureSelectionCount,{MAX_SELECTIONS}개 중 {SELECTED_COUNT}개 선택됨
Feature.Build.Label.ContentRating,콘텐츠 등급
Feature.Build.Label.Created,제작 정보
Feature.Build.Label.CreatedDate,{YEAR}년 {MONTH}월 {DAY}일
Feature.Build.Label.CreatorHub,크리에이터 허브
Feature.Build.Label.DateRange,{startDate}~{endDate}
Feature.Build.Label.DefaultDeveloperProduct,상품 {PRODUCT_ID}
Feature.Build.Label.DefaultDeveloperProductName,개발자 상품
Feature.Build.Label.Deleted,삭제됨
Feature.Build.Label.DescribeIdea,아이디어 설명
Feature.Build.Label.Description,
Feature.Build.Label.DeveloperProductDescription,설명: {DESCRIPTION}
Feature.Build.Label.DeveloperProductName,"이름: ""{NAME}"""
Feature.Build.Label.DeveloperProductPrice,가격: {PRICE} Robux
Feature.Build.Label.DeveloperProductPriceUnavailable,?
Feature.Build.Label.Done,
Feature.Build.Label.EasyPerformanceReport,간편한 성과 보고서
Feature.Build.Label.Error,
Feature.Build.Label.Free,무료
Feature.Build.Label.FreeBuildUsage,무료 Build 사용량
Feature.Build.Label.Friends,
Feature.Build.Label.FriendsOnly,
Feature.Build.Label.GamePlays,게임 플레이 횟수
Feature.Build.Label.GetMoreBuildUsage,Build 사용량 더 구매하기
Feature.Build.Label.Hi,안녕하세요
Feature.Build.Label.IconThumbnails,아이콘 및 섬네일
Feature.Build.Label.Images2D,2D 이미지
Feature.Build.Label.InProgress,진행 중
Feature.Build.Label.InputNeeded,입력 필요
Feature.Build.Label.InviteCount,{COUNT}/{MAX_INVITES}
Feature.Build.Label.Limited,제한됨
Feature.Build.Label.Live,라이브
Feature.Build.Label.Loading,
Feature.Build.Label.MaximizeForGamePlays,게임 플레이 횟수 극대화
Feature.Build.Label.Models3D,3D 모델
Feature.Build.Label.Name,
Feature.Build.Label.NoLimit,한도 없음
Feature.Build.Label.NotStarted,시작 전
Feature.Build.Label.OffSale,판매 중단
Feature.Build.Label.OnSale,판매 중
Feature.Build.Label.Pending,보류 중
Feature.Build.Label.PercentUsed,{PERCENT}% 사용됨
Feature.Build.Label.PlayTime,플레이 시간
Feature.Build.Label.PreviouslyPublished,이전에 게시됨
Feature.Build.Label.Price,가격
Feature.Build.Label.PriceUnavailable,--
Feature.Build.Label.Pricing,가격 책정
Feature.Build.Label.Private,비공개
Feature.Build.Label.Public,공개
Feature.Build.Label.PubliclyUnavailable,공개적으로 이용 불가
Feature.Build.Label.Published,게시됨
Feature.Build.Label.Purchased,
Feature.Build.Label.Ready,준비
Feature.Build.Label.RegionalPricing,지역별 가격
Feature.Build.Label.ResetsDaily,매일 재설정
Feature.Build.Label.RestoredVersion,{VERSION} 복원됨
Feature.Build.Label.RobuxUsage,{USED}/{LIMIT}
Feature.Build.Label.Search,
Feature.Build.Label.SearchAssets,애셋 검색
Feature.Build.Label.SearchGames,게임 검색
Feature.Build.Label.SearchTasks,작업 검색
Feature.Build.Label.SelectOption,옵션 선택
Feature.Build.Label.ShareAddedFriends,추가한 친구와 공유
Feature.Build.Label.Shared,공유 완료
Feature.Build.Label.Sounds,사운드
Feature.Build.Label.TargetAllRobloxPlayers,모든 Roblox 플레이어를 대상으로 하세요
Feature.Build.Label.Thinking,생각 중
Feature.Build.Label.Title,제목
Feature.Build.Label.TitleDescription,제목 및 설명
Feature.Build.Label.Tool,도구
Feature.Build.Label.ToolAssetDone,애셋 삽입됨
Feature.Build.Label.ToolAssetFailed,애셋을 삽입할 수 없음
Feature.Build.Label.ToolAssetRunning,애셋 삽입 중
Feature.Build.Label.ToolAssetSearchDone,애셋 라이브러리 검색됨
Feature.Build.Label.ToolAssetSearchFailed,애셋 라이브러리를 검색할 수 없음
Feature.Build.Label.ToolAssetSearchRunning,애셋 라이브러리 검색 중
Feature.Build.Label.ToolClientDMDone,클라이언트 DataModel 검색됨
Feature.Build.Label.ToolClientDMFailed,클라이언트 DataModel을 검색할 수 없음
Feature.Build.Label.ToolClientDMRunning,클라이언트 DataModel 검색 중
Feature.Build.Label.ToolGameInfoDone,게임 정보 업데이트됨
Feature.Build.Label.ToolGameInfoFailed,게임 정보를 업데이트할 수 없음
Feature.Build.Label.ToolGameInfoRunning,게임 정보 업데이트 중
Feature.Build.Label.ToolGameSaveDone,저장된 게임
Feature.Build.Label.ToolGameSaveFailed,게임을 저장할 수 없음
Feature.Build.Label.ToolGameSaveRunning,게임 저장 중
Feature.Build.Label.ToolImageDone,생성된 이미지
Feature.Build.Label.ToolImageFailed,이미지를 생성할 수 없음
Feature.Build.Label.ToolImageRunning,이미지 생성 중
Feature.Build.Label.ToolInspectDone,클라이언트 인스턴스 검사 완료
Feature.Build.Label.ToolInspectFailed,클라이언트 인스턴스를 검사할 수 없음
Feature.Build.Label.ToolInspectRunning,클라이언트 인스턴스 검사 중
Feature.Build.Label.ToolLogsDone,요청된 로그
Feature.Build.Label.ToolLogsFailed,로그를 요청할 수 없음
Feature.Build.Label.ToolLogsRunning,로그 요청 중
Feature.Build.Label.ToolLuauDone,Luau 실행됨
Feature.Build.Label.ToolLuauFailed,Luau를 실행할 수 없음
Feature.Build.Label.ToolLuauRunning,Luau 실행 중
Feature.Build.Label.ToolModelDone,생성된 3D 모델
Feature.Build.Label.ToolModelFailed,3D 모델을 생성할 수 없음
Feature.Build.Label.ToolModelRunning,3D 모델 생성 중
Feature.Build.Label.ToolPlanPresentDone,계획 제시됨
Feature.Build.Label.ToolPlanPresentFailed,계획을 제시할 수 없음
Feature.Build.Label.ToolPlanPresentRunning,계획 제시 중
Feature.Build.Label.ToolPlanUpdateDone,계획 업데이트됨
Feature.Build.Label.ToolPlanUpdateFailed,계획을 업데이트할 수 없음
Feature.Build.Label.ToolPlanUpdateRunning,계획 업데이트 중
Feature.Build.Label.ToolPrimitiveDone,생성된 프리미티브 모양
Feature.Build.Label.ToolPrimitiveFailed,프리미티브 모양을 생성할 수 없음
Feature.Build.Label.ToolPrimitiveRunning,프리미티브 모양 생성 중
Feature.Build.Label.ToolQuestionDone,질문함
Feature.Build.Label.ToolQuestionFailed,질문할 수 없음
Feature.Build.Label.ToolQuestionRunning,질문하는 중
Feature.Build.Label.ToolReqUpdateDone,요건 업데이트됨
Feature.Build.Label.ToolReqUpdateFailed,요건을 업데이트할 수 없음
Feature.Build.Label.ToolReqUpdateRunning,요건 업데이트 중
Feature.Build.Label.ToolScriptDone,스크립트 실행됨
Feature.Build.Label.ToolScriptFailed,스크립트를 실행할 수 없음
Feature.Build.Label.ToolScriptRunning,스크립트 실행 중
Feature.Build.Label.ToolSkillLoadDone,스킬 불러옴
Feature.Build.Label.ToolSkillLoadFailed,스킬을 불러올 수 없음
Feature.Build.Label.ToolSkillLoadRunning,스킬 불러오는 중
Feature.Build.Label.ToolSkillsDone,사용 가능한 스킬 목록
Feature.Build.Label.ToolSkillsFailed,사용 가능한 스킬 목록을 생성할 수 없음
Feature.Build.Label.ToolSkillsRunning,
Feature.Build.Label.ToolTasksPlanDone,작업 계획됨
Feature.Build.Label.ToolTasksPlanFailed,작업을 계획할 수 없음
Feature.Build.Label.ToolTasksPlanRunning,작업 계획 중
Feature.Build.Label.ToolThumbnailDone,게임 섬네일 설정
Feature.Build.Label.ToolThumbnailFailed,게임 섬네일을 설정하지 못함
Feature.Build.Label.ToolThumbnailRunning,게임 섬네일 설정 중
Feature.Build.Label.UniverseNumber,{UNIVERSE_ID} 유니버스
Feature.Build.Label.Unknown,알 수 없음
Feature.Build.Label.UnlimitedUsed,{USED} 사용됨 • 한도 없음
Feature.Build.Label.UpdateTitleDesc,제목 및 설명 업데이트
Feature.Build.Label.Updated,업데이트 시간
Feature.Build.Label.Usage,사용량
Feature.Build.Label.UsageUsed,{USED} 사용됨
Feature.Build.Label.UsernameHandle,@{USERNAME}
Feature.Build.Label.Version,
Feature.Build.Label.VersionCompact,v{VERSION_NUMBER}
Feature.Build.Label.VersionDate,{VERSION} · {CREATED_DATE}
Feature.Build.Label.VersionPadded,v0{VERSION_NUMBER}
Feature.Build.Label.VersionTitleDesc,버전 이름 및 설명
Feature.Build.Label.Video,
Feature.Build.Message.AccountRequirements,회원님의 계정이 Build 사용 요건을 충족하지 않습니다.
Feature.Build.Message.AccountTooNew,계정을 새로 만든 지 얼마 안 돼서 게시할 수 없습니다. 2일 후에 다시 시도해 보세요.
Feature.Build.Message.AdCampaignCreateFailed,캠페인을 생성하지 못했습니다. 다시 시도해 보세요.
Feature.Build.Message.AdCampaignCreated,광고 캠페인 생성됨
Feature.Build.Message.AdPerformanceLoadFailed,광고 실적을 불러올 수 없습니다
Feature.Build.Message.AdsPromotionBannerSubtitle,무료로 오디언스를 확대하세요
Feature.Build.Message.AdsPromotionBannerTitle,무료 프로모션이 {promotionCount}건 남았습니다
Feature.Build.Message.AdsPromotionBannerTitleSingular,무료 프로모션이 1건 남았습니다
Feature.Build.Message.AdsStatsEmpty,광고 캠페인으로 오디언스를 확대하고 게임을 홍보하세요
Feature.Build.Message.AdsStatsEmptyFree,무료 광고 캠페인으로 오디언스를 확대하고 게임을 홍보하세요
Feature.Build.Message.AllFriendsAdded,모든 친구를 플레이테스터로 추가했습니다.
Feature.Build.Message.AnswerBuildQuestion,아래에서 Build의 질문에 답하세요.
Feature.Build.Message.AssetDetailsUnavailable,애셋 세부 정보를 이용할 수 없습니다.
Feature.Build.Message.AssetsLoadFailed,애셋을 불러오지 못했습니다.
Feature.Build.Message.AudienceIneligible,이 오디언스에 대한 자격 없음
Feature.Build.Message.BuildAccountBlocked,현재 회원님의 계정에서는 Build를 이용할 수 없습니다.
Feature.Build.Message.BuildBusy,Build 사용량이 많습니다. 잠시 후 다시 시도하세요.
Feature.Build.Message.BuildConnectFailed,Build에 연결되지 않았습니다. 다시 시도해 보세요.
Feature.Build.Message.BuildInternalError,Build에 문제가 발생했습니다. 다시 시도해 보세요.
Feature.Build.Message.BuildResponseFailed,Build가 응답하지 않았습니다. 다시 시도해 보세요.
Feature.Build.Message.BuildStillWorking,"작업 진행 중입니다. 기다리는 동안 앱을 종료하거나, Roblox를 플레이하거나, 다른 프로젝트를 시작할 수 있습니다."
Feature.Build.Message.BuildStopped,Build를 중단했습니다.
Feature.Build.Message.BuildTemporarilyDown,Build를 일시적으로 이용할 수 없습니다. 1분 후 다시 시도해 보세요.
Feature.Build.Message.CompletedTasks,완료한 작업 {COUNT}개
Feature.Build.Message.ConversationGone,이 대화는 더 이상 이용할 수 없습니다. 새 대화를 시작하세요.
Feature.Build.Message.ConversationNotFound,이 대화를 찾지 못했습니다. 새 대화를 시작하세요.
Feature.Build.Message.CreateGameToUseBuild,Build 사용을 시작하려면 새 게임을 만드세요.
Feature.Build.Message.CreatedRevertedVer,되돌린 버전을 생성했습니다.
Feature.Build.Message.ErrorCodeText,({ERROR_CODE}) {ERROR_TEXT}
Feature.Build.Message.ExpandAudience,크리에이터 허브에서 오디언스 자격을 확대하세요
Feature.Build.Message.ExperiencesLoadFailed,체험을 불러오지 못함
Feature.Build.Message.FailedTitle,{TITLE} 실패
Feature.Build.Message.FinishedTitle,{TITLE} 완료
Feature.Build.Message.FriendsLoadFailed,친구를 불러오지 못했습니다. 다시 시도해 보세요.
Feature.Build.Message.GameNotCreated,게임이 만들어지지 않았습니다. 다시 시도하세요.
Feature.Build.Message.GamePublishFailed,게임을 게시하지 못했습니다. 다시 시도하세요.
Feature.Build.Message.GameShared,게임 공유됨
Feature.Build.Message.GameSharedWith,{DISPLAY_NAME} 님에게 게임 공유됨
Feature.Build.Message.HiDisplayName,"{DISPLAY_NAME} 님, 안녕하세요"
Feature.Build.Message.ImageUploadFailed,이미지를 업로드하지 못했습니다. 다시 시도해 보세요.
Feature.Build.Message.InvalidMessage,메시지에 문제가 발생했어요. 메시지를 수정하고 다시 시도하세요.
Feature.Build.Message.InvitesLoadFailed,초대를 불러오지 못함
Feature.Build.Message.LimitBelowSpend,오늘 이미 사용한 {ALREADY_SPENT} Robux 미만으로 한도를 설정할 수 없습니다.
Feature.Build.Message.LinkCopied,링크가 클립보드에 복사되었습니다.
Feature.Build.Message.LoadingVersions,버전 기록을 불러오는 중...
Feature.Build.Message.NoAssetsFound,애셋을 찾을 수 없습니다.
Feature.Build.Message.NoCapturesAvailable,사용 가능한 캡처가 없습니다.
Feature.Build.Message.NoDescriptionProvided,설명을 입력하지 않았습니다.
Feature.Build.Message.NoFriendsToAdd,아직 추가할 친구가 없습니다. 먼저 Roblox에서 친구를 찾아보세요.
Feature.Build.Message.NoResults,
Feature.Build.Message.NoVersionHistory,아직 버전 기록이 없습니다.
Feature.Build.Message.OneTaskCompleted,1개 작업 완료
Feature.Build.Message.OutOfBuildUsage,Build 사용량이 소진되었습니다. 계속 제작하려면 Robux 사용 옵션을 확인하세요.
Feature.Build.Message.PlaytestersAdded,{MAX_INVITES}명 중 {INVITED_COUNT}명의 플레이테스터가 추가됨
Feature.Build.Message.PublicPublishFailed,게임이 게시되었지만 공개되지 못했습니다. 다시 시도하세요.
Feature.Build.Message.PublishExpandAudience,오디언스를 확대하려면 게시하세요
Feature.Build.Message.PublishNotReverted,게시한 내용을 되돌리지 못했습니다. 다시 시도하세요.
Feature.Build.Message.PublishPromotionUpsell,게임 게시가 완료되었습니다. 축하드립니다! Roblox에서 더 많은 플레이어를 확보할 수 있는 무료 프로모션이 {promotionCount}건 있습니다.
Feature.Build.Message.PublishPromotionUpsellSingular,게임 게시가 완료되었습니다. 축하드립니다! Roblox에서 더 많은 플레이어를 확보할 수 있는 무료 프로모션이 1건 있습니다.
Feature.Build.Message.PublishReverted,게시를 되돌렸습니다.
Feature.Build.Message.QuestionnaireNeeded,이 게임은 Build 외부에서 편집되었습니다. 게시하려면 콘텐츠 설문지를 작성해 주세요.
Feature.Build.Message.ReadyToPlay,게임을 Roblox에서 플레이할 준비가 되었습니다!
Feature.Build.Message.ResetHours,{HOURS}시간 후 재설정
Feature.Build.Message.ResetOneHour,1시간 후 재설정
Feature.Build.Message.RestoreVersionFailed,이 버전을 복원하지 못했습니다. 다시 시도하세요.
Feature.Build.Message.RevertVersionFail,되돌린 버전이 만들어지지 않았습니다. 다시 시도하세요.
Feature.Build.Message.RunningTitle,{title} 실행 중
Feature.Build.Message.SafetyPolicy,이 메시지는 Roblox 안전 정책에 위배됩니다. 메시지를 수정하고 다시 시도하세요.
Feature.Build.Message.SaveChangesFailed,변경 사항을 저장하지 못했습니다. 다시 시도해 보세요.
Feature.Build.Message.ShareExperience,{EXPERIENCE_NAME} 공유
Feature.Build.Message.ShareLinkFailed,공유 링크를 생성하지 못했습니다. 다시 시도해 보세요.
Feature.Build.Message.SignedOut,로그아웃되었습니다. 로그인한 후 다시 시도해 주세요.
Feature.Build.Message.TasksCompleted,{NUM_COMPLETED_TASKS}개 작업 완료
Feature.Build.Message.ThinkingSeconds,{SECONDS}초 동안 생각 중
Feature.Build.Message.TryAgain,다시 시도하세요.
Feature.Build.Message.TurnToPortrait,게임을 계속 진행하려면 기기를 세로 모드로 전환하세요.
Feature.Build.Message.VersionHistoryLoad,버전 기록을 불러오지 못했습니다.
Feature.Build.Message.WhatToCreate,오늘 무엇을 만들어 보시겠어요?
Feature.Build.Message.WorkedMinutesSeconds,{MINUTES}분 {REM_SECONDS}초 동안 작업함
Feature.Build.Message.WorkedSeconds,{SECONDS}초 동안 작업함
Feature.Build.Message.WorkingOnTasks,작업 진행 중
Feature.Build.Notification.Message.Continue,계속하려면 빌드 채팅을 다시 시작하세요.
Feature.Build.Notification.Message.Review,결과를 검토하려면 빌드 채팅을 다시 시작하세요.
Feature.Build.Notification.Title.Finished,빌드 완료
Feature.Build.Notification.Title.NeedInput,빌드에 대한 의견 필요
Feature.Build.Placeholder.DescribeProduct,판매하고자 하는 제품에 대해 설명해 주세요
Feature.Build.Placeholder.DescribeProductUpdate,업데이트 설명
Feature.Build.Prompt.CreateDeveloperProduct,"개발자 상품을 만들고, 게임에 연결하고, 변경 사항을 확인 및 게시하고, 구매할 수 있도록 도와주세요."
Feature.Build.Title.AdCampaignActive,광고 캠페인이 활성화되었습니다
Feature.Build.Title.AdCampaignDuration,{durationDays}일 광고 캠페인
Feature.Build.Title.AddFriendsToPlaytest,플레이테스트를 도와줄 친구 추가
Feature.Build.Title.AddImages,이미지 추가
Feature.Build.Title.AdsStatsEmpty,캠페인 시작하기
Feature.Build.Title.AdsStatsEmptyFree,첫 번째 캠페인 시작하기
Feature.Build.Title.ArchiveThisGame,이 게임을 보관하시겠어요?
Feature.Build.Title.AssetLibrary,라이브러리
Feature.Build.Title.Audience,오디언스
Feature.Build.Title.BuildQuestion,Build에 질문이 있습니다
Feature.Build.Title.BuildQuestions,Build에 몇 가지 질문이 있습니다
Feature.Build.Title.BuildUnavailable,Build를 이용할 수 없음
Feature.Build.Title.BuildUsage,Build 사용량
Feature.Build.Title.ChangesNotLive,변경 사항이 아직 라이브 상태가 아닙니다
Feature.Build.Title.ChatBuildUnavailable,Build를 이용할 수 없습니다.
Feature.Build.Title.Content,콘텐츠
Feature.Build.Title.DailyRobuxReached,일일 Robux 한도에 도달함
Feature.Build.Title.DeveloperProduct,
Feature.Build.Title.EditDeveloperProduct,상품 편집
Feature.Build.Title.ExperienceAudience,체험 오디언스
Feature.Build.Title.FreeUsageReached,무료 Build 사용량 한도에 도달함
Feature.Build.Title.FriendsOnlyPlay,친구만 플레이할 수 있습니다
Feature.Build.Title.GameCreationDone,게임 제작 완료
Feature.Build.Title.GamePrivate,비공개 게임입니다
Feature.Build.Title.GenericError,오류 발생
Feature.Build.Title.GetUsers,사용자 가져오기
Feature.Build.Title.NoMonetizationProducts,게임 내에서 수익을 올리세요
Feature.Build.Title.NoRobuxForUsage,Build 사용량을 위한 Robux가 남아 있지 않음
Feature.Build.Title.Playtesters,플레이테스터
Feature.Build.Title.PlaytestersOnlyPlay,플레이테스터만 플레이할 수 있습니다
Feature.Build.Title.PromoteGame,게임을 홍보하세요
Feature.Build.Title.PromoteGameFree,게임을 무료로 홍보하세요
Feature.Build.Title.PushNotifications,푸시 알림
Feature.Build.Title.RevertLastChange,마지막 변경 사항을 되돌리시겠어요?
Feature.Build.Title.Tasks,작업
Feature.Build.Title.TurnActivity,턴 활동
Feature.Build.Title.VersionHistory,버전 기록
Feature.Build.Title.VersionInfo,버전 정보
Feature.Build.Title.VersionInformation,
Feature.Build.Title.VersionNumber,{VERSION} 버전
Feature.Build.Title.Versions,
Feature.Build.Title.WhatsIncluded,포함 사항
Feature.BuyRobux.Heading.Banner,Robux 구매
Feature.Call.Error.Description.Generic,
Feature.Captures.Action.NoThanks,아니요 안 할래요
Feature.Captures.Action.Share,
Feature.Captures.Action.ShareYourCapture,캡처를 공유하세요
Feature.Captures.Body.ShareCapturePrompt,캡처를 공유할까요?
Feature.Captures.Description.AllowPhotoAccessInfo,캡처를 저장하려면 Roblox가 기기의 카메라 롤에 액세스할 수 있어야 합니다.
Feature.Captures.Title.AllowPhotoAccessInfo,사진에 액세스 허용
Feature.Captures.Title.ShareCapturePrompt,캡처 공유
Feature.Captures.Toast.CaptureSaved,캡처 저장 완료
Feature.Captures.Toast.CaptureSavedToDevice,기기에 저장됨
Feature.Catalog.Action.Buy,구매
Feature.Catalog.Action.Cancel,
Feature.Catalog.Action.Checkout.GoToCustomize,꾸미기로 이동하기
Feature.Catalog.Action.Checkout.ManageInCustomize,꾸미기에서 관리
Feature.Catalog.Action.Checkout.UnavailableItems,
Feature.Catalog.Action.Checkout.Wear,장착
Feature.Catalog.Action.CheckoutPlural,결제 보기({count}건)
Feature.Catalog.Action.CheckoutSingular,1개 아이템 결제
Feature.Catalog.Action.CloseDetails,세부 정보 닫기
Feature.Catalog.Action.CopyLink,링크 복사
Feature.Catalog.Action.Customize,꾸미기
Feature.Catalog.Action.Delete,
Feature.Catalog.Action.DeleteAvatar,
Feature.Catalog.Action.DescribeAvatar,아바타 설명(선택)
Feature.Catalog.Action.Favorite,
Feature.Catalog.Action.Favorites.BrowseMarketplace,마켓플레이스 둘러보기
Feature.Catalog.Action.GoBack,
Feature.Catalog.Action.ItemOptions,아이템 옵션
Feature.Catalog.Action.LoadMore,더 불러오기
Feature.Catalog.Action.Next,
Feature.Catalog.Action.OpenDetails,세부 정보 열기
Feature.Catalog.Action.Owned,{count}개 보유 중
Feature.Catalog.Action.Post,
Feature.Catalog.Action.PreviewAndPost,
Feature.Catalog.Action.Remove,
Feature.Catalog.Action.RemoveFavorite,
Feature.Catalog.Action.Rent,빌리기
Feature.Catalog.Action.Replace,
Feature.Catalog.Action.Report,신고하기
Feature.Catalog.Action.Sell,판매
Feature.Catalog.Action.ShareVia,공유...
Feature.Catalog.Action.Submit,
Feature.Catalog.Action.Try,
Feature.Catalog.Action.Upgrade,업그레이드
Feature.Catalog.Action.ViewDetailsPage,세부 정보 페이지 보기
Feature.Catalog.Action.ViewExperienceDetails,체험 세부 정보 보기
Feature.Catalog.Action.ViewTerms,약관 보기
Feature.Catalog.ActionSeeAll,전체 보기
Feature.Catalog.AvatarWidgetTitle,
Feature.Catalog.Checkout.Title.PurchasedFailedPlural,{count}개의 아이템을 구매할 수 없습니다
Feature.Catalog.Checkout.WearAfterPurchase,
Feature.Catalog.Description.AttributionAlertBody,이 지역을 떠나 {experienceName}에 참가합니다.
Feature.Catalog.Feature.Catalog.Label.ClassicShirt,기본 셔츠
Feature.Catalog.Feature.Catalog.Label.ClassicTShirt,기본 티셔츠
Feature.Catalog.Feature.Catalog.Label.TotalItems,합계: {itemCount}개 아이템
Feature.Catalog.Feature.Catalog.Label.TotalItemsParenthesis,합계({itemCount}개 아이템)
Feature.Catalog.Header.Checkout,결제
Feature.Catalog.Header.InvalidOutfit,유효하지 않은 의상
Feature.Catalog.Header.PostAvatar,
Feature.Catalog.Heading.AvailableItems,사용 가능 아이템
Feature.Catalog.Heading.BuyItem,
Feature.Catalog.Heading.FreeItemConfirmation,아이템 획득
Feature.Catalog.Heading.GoToExperience,체험에 참가할까요?
Feature.Catalog.Heading.HoldingPolicy,보류 정책
Feature.Catalog.Heading.InExperienceOnly,체험 내에서 획득 가능
Feature.Catalog.Heading.InsufficientFunds,Robux 부족
Feature.Catalog.Heading.ItemInfo,아이템 정보
Feature.Catalog.Heading.ItemRemoved,아이템 삭제 완료
Feature.Catalog.Heading.ItemsOnSale,판매 중 아이템
Feature.Catalog.Heading.NotForSale,구매 불가 아이템
Feature.Catalog.Heading.Overview,
Feature.Catalog.Heading.PremiumOnly,Roblox Plus 멤버 전용
Feature.Catalog.Heading.QuantityLimitReached,크리에이터가 설정해 둔 한도에 도달했습니다.
Feature.Catalog.Heading.QuickMenu,퀵 메뉴
Feature.Catalog.Heading.Resellers,재판매자
Feature.Catalog.Heading.SellItem,아이템 판매
Feature.Catalog.Heading.Sellers,판매자
Feature.Catalog.Heading.SetPrice,정가
Feature.Catalog.Heading.ShowBodyParts,신체 파트 표시
Feature.Catalog.Heading.ShowHeadType,머리 유형 표시
Feature.Catalog.Heading.ShowShoes,신발 표시
Feature.Catalog.Heading.TakeOffSale,
Feature.Catalog.HeroWidget.BundleTitle,Korblox Pactbreaker가 등장합니다
Feature.Catalog.HeroWidget.CapsuleDescription,
Feature.Catalog.HeroWidget.CapsulePoolDescription,
Feature.Catalog.HeroWidget.CapsulePoolTitle,
Feature.Catalog.HeroWidget.CapsuleTitle,
Feature.Catalog.Label.Adjustable,조정 가능
Feature.Catalog.Label.AdvancedMaterials,고급 재질
Feature.Catalog.Label.AllItems,전체 아이템
Feature.Catalog.Label.AlreadyOwned,이미 보유 중인 아이템입니다
Feature.Catalog.Label.Animation,
Feature.Catalog.Label.Attributes,특성
Feature.Catalog.Label.Attribution,제작 장소:
Feature.Catalog.Label.AvailableForSale,
Feature.Catalog.Label.AvailableToPremiumMembers,Premium을 이용 중이므로 구매 가능합니다
Feature.Catalog.Label.Avatar,
Feature.Catalog.Label.AvatarEmoteSelection,
Feature.Catalog.Label.AvatarTitle,아바타 제목
Feature.Catalog.Label.Avatars,
Feature.Catalog.Label.AveragePrice,평균 가격
Feature.Catalog.Label.AveragePriceColon,평균 가격:
Feature.Catalog.Label.BackAccessories,후면 장신구
Feature.Catalog.Label.Backgrounds,
Feature.Catalog.Label.Bestselling,판매도순
Feature.Catalog.Label.Body,신체
Feature.Catalog.Label.Bundle,
Feature.Catalog.Label.Bundles,
Feature.Catalog.Label.BuyConfirmation,{creatorName} 님이 판매하는 {itemName}(을)를 구매할까요?
Feature.Catalog.Label.BuyConfirmationIncludingWarning,엔터테인먼트를 적당히 즐기며 합리적으로 소비하세요. {creatorName}의 {itemName} 아이템을 구매할까요?
Feature.Catalog.Label.BuyItems,
Feature.Catalog.Label.BuyPrice,구매 가격:
Feature.Catalog.Label.BuyRobux,
Feature.Catalog.Label.Category,카테고리
Feature.Catalog.Label.CategoryType,종류
Feature.Catalog.Label.Characters,캐릭터
Feature.Catalog.Label.Checkout.CheckoutButtonFtuxTooltip,"여기서 착용해 본 아이템을 확인하고 제거하세요
"
Feature.Catalog.Label.Checkout.ClearAllItemsOnAvatarBody,아바타에 장착 중인 소유하지 않은 아이템이 모두 제거됩니다.
Feature.Catalog.Label.Checkout.DontWarnAgainText,다시 알려주지 마세요
Feature.Catalog.Label.Checkout.GoToCustomizeBody,꾸미기 화면에서만 보유한 아이템을 장착하거나 제거할 수 있습니다.
Feature.Catalog.Label.Checkout.InExperienceOnly,체험 내에서만 이용 가능
Feature.Catalog.Label.Checkout.ItemReplacedOnAvatarBody,한 번에 카테고리당 한 개의 아이템만 장착할 수 있습니다. 새 아이템을 장착하면 현재 장착 중인 아이템이 항상 대체됩니다.
Feature.Catalog.Label.Checkout.LimitReached,한도 도달
Feature.Catalog.Label.Checkout.OffSale,구매 불가
Feature.Catalog.Label.Checkout.OutOfStock,품절
Feature.Catalog.Label.Checkout.PriceChanged,가격 변경됨
Feature.Catalog.Label.Checkout.SoldOut,매진
Feature.Catalog.Label.Checkout.Unavailable,이용 불가
Feature.Catalog.Label.Checkout.WearAvatarReplaceAllItemsBody,이 아바타에 장착하면 현재 장착 중인 모든 아이템이 교체됩니다.
Feature.Catalog.Label.ClassicShirt,
Feature.Catalog.Label.ClassicTShirt,
Feature.Catalog.Label.Clothing,
Feature.Catalog.Label.CreatorName,크리에이터 이름
Feature.Catalog.Label.CurrentBalance,현재 잔액:
Feature.Catalog.Label.CustomizeAvatar,아바타 꾸미기
Feature.Catalog.Label.DeleteAvatarConfirmationPromptMessage,삭제하면 이 액션을 실행 취소할 수 없습니다.
Feature.Catalog.Label.Details,
Feature.Catalog.Label.DynamicHeads,
Feature.Catalog.Label.Emissive,이미시브
Feature.Catalog.Label.EmissiveInfo,방출형 아이템은 빛을 내며 자체적으로 빛을 발산하므로 어두운 환경에서도 밝고 눈에 잘 띕니다.
Feature.Catalog.Label.Emotes,
Feature.Catalog.Label.EyeMakeup,
Feature.Catalog.Label.Eyebrow,
Feature.Catalog.Label.EyebrowMakeup,
Feature.Catalog.Label.Eyebrows,
Feature.Catalog.Label.Eyelash,
Feature.Catalog.Label.EyelashMakeup,
Feature.Catalog.Label.Eyelashes,
Feature.Catalog.Label.FaceAccessories,얼굴 장신구
Feature.Catalog.Label.FaceMakeup,
Feature.Catalog.Label.Favorites,
Feature.Catalog.Label.Fee,수수료 {feePercentage}%:
Feature.Catalog.Label.Filter.Creator,크리에이터
Feature.Catalog.Label.Filter.Curator,큐레이터
Feature.Catalog.Label.Filter.Filters,
Feature.Catalog.Label.Filter.Hide,숨기기
Feature.Catalog.Label.Filter.PriceMax,최고
Feature.Catalog.Label.Filter.PriceMin,최저
Feature.Catalog.Label.Filter.SalesType,판매 유형
Feature.Catalog.Label.Filter.Show,표시하기
Feature.Catalog.Label.Filter.Sorts,정렬
Feature.Catalog.Label.Filter.TotalValue,총계
Feature.Catalog.Label.Filter.UnavailableItems,이용 불가 아이템
Feature.Catalog.Label.FreeItemConfirmation,{creatorName}의 {itemName}(을)를 무료로 받으시겠어요?
Feature.Catalog.Label.FreeUpperCase,
Feature.Catalog.Label.FromPrice,최저가: {itemPrice}
Feature.Catalog.Label.FrontAccessories,전면 장신구
Feature.Catalog.Label.FullBodies,
Feature.Catalog.Label.FullBody,
Feature.Catalog.Label.Gear,
Feature.Catalog.Label.Get,획득
Feature.Catalog.Label.GetPremiumAndPrice,Premium 가입 시 적용되는 할인 가격:
Feature.Catalog.Label.HD,HD
Feature.Catalog.Label.Hair,
Feature.Catalog.Label.HeadShape,
Feature.Catalog.Label.HighDefinitionInfo,"HD 아이템은 디테일과 재질, 핏 모두 높은 수준의 장인 정신으로 제작됩니다."
Feature.Catalog.Label.Holding,
Feature.Catalog.Label.InExperienceOnly,이 아이템의 최초 판매 및 구매는 체험 내에서만 가능합니다.
Feature.Catalog.Label.InMultipleExperiences,{NUM_EXPERIENCES}개의 체험 내
Feature.Catalog.Label.InSingleExperience,
Feature.Catalog.Label.InSpecificExperience,{EXPERIENCE_NAME} 내
Feature.Catalog.Label.IncludedParts,포함된 부품
Feature.Catalog.Label.InsufficientFunds,Robux가 부족해서 이 아이템을 구매할 수 없어요.
Feature.Catalog.Label.ItemCount,{itemCount}개의 아이템
Feature.Catalog.Label.ItemExperienceLimitReached,이 아이템은 크리에이터가 설정한 구매 한도에 도달해 더 이상 획득할 수 없습니다. 그래도 [{EXPERIENCE_NAME}]에 입장하시겠어요?
Feature.Catalog.Label.ItemExperienceLimitReachedTitle,구매 한도 도달
Feature.Catalog.Label.ItemExperienceSoldOut,체험에서 원본 아이템이 품절되었습니다. 그래도 [{EXPERIENCE_NAME}]에 입장하시겠어요?
Feature.Catalog.Label.ItemExperienceSoldOutTitle,품절 아이템
Feature.Catalog.Label.ItemInAHold,아이템을 보류 중인가요?
Feature.Catalog.Label.ItemOwnedCount,보유 아이템({itemCount})
Feature.Catalog.Label.ItemsCount,
Feature.Catalog.Label.LeftArm,
Feature.Catalog.Label.Limited,리미티드
Feature.Catalog.Label.LimitedU,리미티드 U
Feature.Catalog.Label.LipMakeup,
Feature.Catalog.Label.Makeup,
Feature.Catalog.Label.Makeup.MakeupMax6LayersPromptBody,"새 메이크업 레이어는 항상 맨 위에 표시되며, 사용자가 슬롯을 비울 때까지 맨 아래 레이어를 대체합니다."
Feature.Catalog.Label.MakeupCartDescriptionText,"눈과 입술, 얼굴 중 원하는 항목 6개와 더불어 속눈썹 1개 및 눈썹 1개"
Feature.Catalog.Label.MakeupLooks,
Feature.Catalog.Label.MarketplaceToAvatarPage,아바타를 꾸미기 위해 마켓플레이스에서 나가게 됩니다.
Feature.Catalog.Label.MaxPerUser,사용자당 최대 개수
Feature.Catalog.Label.MinimumAmount,최소 아이템 개수가 0개를 초과해야 합니다.
Feature.Catalog.Label.MinimumAmountCustom,최소 금액은 {minimumAmount}보다 높은 금액이어야 합니다.
Feature.Catalog.Label.MostFavorited,인기 상품순
Feature.Catalog.Label.MostPopular,최고 인기
Feature.Catalog.Label.NA,
Feature.Catalog.Label.NeckAccessories,목 장신구
Feature.Catalog.Label.New,
Feature.Catalog.Label.NewCollectibles,새로운 컬렉터블 아이템!
Feature.Catalog.Label.No,아니요
Feature.Catalog.Label.NoLongerAvailable,이 아이템은 더 이상 판매하지 않습니다
Feature.Catalog.Label.NoSellersWarning,"앗, 이 아이템을 파는 사람이 없어요"
Feature.Catalog.Label.None,
Feature.Catalog.Label.NotAvailable,현재 이용할 수 없는 아이템입니다
Feature.Catalog.Label.OfferApplied,제안 적용됨
Feature.Catalog.Label.OnSale,
Feature.Catalog.Label.OriginalPrice,원래 가격
Feature.Catalog.Label.OutOfStock,
Feature.Catalog.Label.Owned,보유 중
Feature.Catalog.Label.PBR,재질
Feature.Catalog.Label.PBR.false,
Feature.Catalog.Label.PBR.true,
Feature.Catalog.Label.PBRInfo,고급 재질의 아바타 아이템은 물리 기반 렌더링(PBR)을 사용해 현실에서처럼 변화하고 빛나는 빛과 그림자가 표현되어 더욱 자연스럽게 보입니다.
Feature.Catalog.Label.PBRInfoTitle,물리 기반 렌더링(PBR)
Feature.Catalog.Label.ParticleEffects,파티클 효과
Feature.Catalog.Label.ParticleEffectsInfo,파티클 효과가 있는 아이템은 애니메이션 시각 효과를 생성하여 역동적이고 생동감 있는 느낌을 줍니다.
Feature.Catalog.Label.Placement,배치
Feature.Catalog.Label.PrePremiumPrice,(아이템 가격:
Feature.Catalog.Label.Premium,
Feature.Catalog.Label.PremiumDiscount,Premium을 이용 중이므로 {percent}% 할인이 적용됩니다
Feature.Catalog.Label.PremiumOnly,Premium 사용자만 이용 가능합니다
Feature.Catalog.Label.Price,
Feature.Catalog.Label.PriceColon,가격:
Feature.Catalog.Label.PriceFromResale,재판매 가격 {itemPrice}
Feature.Catalog.Label.PriceHighToLow,높은 가격순
Feature.Catalog.Label.PriceLowToHigh,낮은 가격순
Feature.Catalog.Label.PriceRange,가격 범위
Feature.Catalog.Label.PriceUnavailable,
Feature.Catalog.Label.PurchaseConfirmation,{creatorName} 님이 판매하는 {itemName}(을)를 {itemPrice}에 구매할까요?
Feature.Catalog.Label.Purchased,구매 완료!
Feature.Catalog.Label.QuantityLimitReached,해당 크리에이터는 1인당 구매 가능한 아이템 수에 제한을 두고 있습니다.
Feature.Catalog.Label.QuantitySold,판매량
Feature.Catalog.Label.QuickMenuMarketplaceTitle,마켓플레이스 옵션
Feature.Catalog.Label.RecentlyCreated,최근 제작순
Feature.Catalog.Label.RecentlyPublished,최근 게시됨
Feature.Catalog.Label.Recommendations,이런 건 어떠세요
Feature.Catalog.Label.Redeemed,사용 완료!
Feature.Catalog.Label.Relevance,관련도순
Feature.Catalog.Label.RentOption,대여 옵션
Feature.Catalog.Label.RentOptionInfo,이 아이템을 3일 동안 저렴한 가격에 이용해보세요. 구매 후 타이머가 시작됩니다.
Feature.Catalog.Label.ReportItem,아이템 신고하기
Feature.Catalog.Label.ResaleFeePolicy,재판매 수수료 정책
Feature.Catalog.Label.Resellable,재판매 가능
Feature.Catalog.Label.RobuxFee,수수료 {feePercentage}%를 제외한 금액:
Feature.Catalog.Label.Sale,
Feature.Catalog.Label.SalePrice,판매 가격:
Feature.Catalog.Label.SaveAsCharacter,캐릭터로 저장
Feature.Catalog.Label.SaveOptions,옵션 저장
Feature.Catalog.Label.Search,
Feature.Catalog.Label.SearchSuggestions,연관 검색 결과
Feature.Catalog.Label.SellCut,획득:
Feature.Catalog.Label.SellPageUpsell,Roblox Plus 멤버십을 보유한 사용자만 판매할 수 있습니다.
Feature.Catalog.Label.SellSuccess,판매 아이템
Feature.Catalog.Label.SerialNumberColon,일련 번호:
Feature.Catalog.Label.ShoulderAccessories,어깨 장신구
Feature.Catalog.Label.SoldOut,
Feature.Catalog.Label.SupportsHeadShapes,머리 모양 지원
Feature.Catalog.Label.TakeOffResaleConfirmation,아이템 재판매를 정말 중지할까요?
Feature.Catalog.Label.TimedOptions,기간 한정 옵션
Feature.Catalog.Label.Timer.Day.Plural,{number}일 남음
Feature.Catalog.Label.Timer.Day.Singular,1일 남음
Feature.Catalog.Label.Timer.Hour.Plural,{number}시간 남음
Feature.Catalog.Label.Timer.Hour.Singular,1시간 남음
Feature.Catalog.Label.Timer.Minute.Plural,{number}분 남음
Feature.Catalog.Label.Timer.Minute.Singular,1분 남음
Feature.Catalog.Label.Timer.Second.Plural,{number}초 남음
Feature.Catalog.Label.Timer.Second.Singular,1초 남음
Feature.Catalog.Label.Tops,
Feature.Catalog.Label.Torso,
Feature.Catalog.Label.TotalItemsParenthesis,
Feature.Catalog.Label.TotalUnformatted,합계
Feature.Catalog.Label.Tradable,거래 가능
Feature.Catalog.Label.TryOns,시착 아이템
Feature.Catalog.Label.TryOnsMultiple,시착 아이템({numItems})
Feature.Catalog.Label.Unlimited,언리미티드
Feature.Catalog.Label.Username,
Feature.Catalog.Label.UsingBundleParts,번들 파트 {count}개 사용
Feature.Catalog.Label.WaistAccessories,허리 장신구
Feature.Catalog.Label.WearAfterPurchase,구매 후 아이템 장착하기
Feature.Catalog.Label.WearAvatarAfterPurchase,구매 후 아바타 장착
Feature.Catalog.Label.WearOutfitAfterPurchase,구매 후 코스튬을 장착하세요
Feature.Catalog.Label.Yes,
Feature.Catalog.LabelAccessories,
Feature.Catalog.LabelAccessoryHats,
Feature.Catalog.LabelAllCreators,전체 크리에이터
Feature.Catalog.LabelAllHeads,
Feature.Catalog.LabelAllTime,전체 기간
Feature.Catalog.LabelAnyPrice,전체 가격
Feature.Catalog.LabelClassicHeads,
Feature.Catalog.LabelCollectibles,컬렉터블 아이템
Feature.Catalog.LabelContentDeleted,삭제된 콘텐츠
Feature.Catalog.LabelFree,
Feature.Catalog.LabelNoResellers,재판매자 없음
Feature.Catalog.LabelOffSale,
Feature.Catalog.LabelPants,
Feature.Catalog.LabelPastDay,어제
Feature.Catalog.LabelPastWeek,
Feature.Catalog.LabelShirts,
Feature.Catalog.LabelTShirts,
Feature.Catalog.Message.AvatarModerated,이 아바타는 커뮤니티 가이드라인을 충족하지 않습니다. 다른 아바타를 게시해 보세요
Feature.Catalog.Message.AvatarModerationModerated,커뮤니티 가이드라인을 충족하지 않습니다
Feature.Catalog.Message.AvatarModerationPending,검토 중
Feature.Catalog.Message.AvatarNotAvailable,이 아바타는 더 이상 이용할 수 없습니다
Feature.Catalog.Message.AvatarSharePanel,
Feature.Catalog.Message.AvatarUnderReview,아바타를 검토 중입니다. 승인되면 내 아바타를 공유할 수 있습니다
Feature.Catalog.Message.BodyCategoryTooltip,머리 및 헤어를 여기에서 이용하세요
Feature.Catalog.Message.CannotBeResold,이 아이템은 재판매할 수 없습니다
Feature.Catalog.Message.CaptionLimit,
Feature.Catalog.Message.Checkout.PurchaseFailed,계속 진행하려면 아이템을 검토하거나 삭제하세요
Feature.Catalog.Message.Checkout.UnavailableItems,구매할 수 없는 아이템이 있습니다. 계속하려면 해당 아이템을 삭제하세요.
Feature.Catalog.Message.CollectiblesInfo,컬렉터블 아이템은 보류 기간이 지나면 원래 재고가 남아 있더라도 다른 사용자에게 재판매할 수 있습니다. Roblox Plus 멤버가 되면 컬렉터블 아이템을 재판매할 수 있습니다.
Feature.Catalog.Message.FTUXFavoritePillTooltip,즐겨찾기에 추가하기
Feature.Catalog.Message.Favorites.CategoryEmpty,이 카테고리에 아직 저장한 항목이 없습니다.
Feature.Catalog.Message.Favorites.Empty,아직 저장한 항목이 없습니다.
Feature.Catalog.Message.HighDefinitionCategoryTooltip,Roblox에서 최고급으로 제작된 아이템을 찾아 보세요
Feature.Catalog.Message.HoldingPolicyL1,구매한 재판매 아이템은 최대 {days}일 동안 보류됩니다. 아이템은 이 보류 기간이 종료된 후에만 재판매할 수 있습니다. 아이템을 재판매하려면 Plus 사용자여야 합니다.
Feature.Catalog.Message.HoldingPolicyL2,아이템 구매를 완료하면 오리지널 판매는 최대 {purchaseDays}일 동안 보류됩니다. 아이템은 이 보류 기간이 종료된 후에만 재판매할 수 있으며 재판매는 최대 {resaleDays}일 동안 보류됩니다. 재판매를 하려면 Premium 사용자여야 합니다.
Feature.Catalog.Message.MustWearClothing,
Feature.Catalog.Message.ParticleEffectsWarning,
Feature.Catalog.Message.PriceCouldBeDifferent,아이템 유형에 따라 아이템의 가격 책정 규칙이 결정됩니다
Feature.Catalog.Message.ReportCatalogItemPhrase,아이템을 신고해 주시면 검토 후 적절한 조치를 취하겠습니다.
Feature.Catalog.Message.ResaleFeePolicy,"재판매를 포함한 모든 마켓플레이스 거래의 수익은 Roblox와 거래에 관련된 사용자 간에 공유됩니다. 재판매의 경우, 사용자가 여러분의 가격을 수락하면 여러분(재판매자)은 이들이 지불하는 Robux의 {yourSharePercent}%를 받게 됩니다. Roblox 및 기타 사용자(아이템 크리에이터 포함)는 나머지 {robloxFeePercent}%를 받게 됩니다."
Feature.Catalog.Message.SuccessfullyPosted,
Feature.Catalog.Message.TitleLimit,
Feature.Catalog.RFYFeedTitle,계속 둘러보기
Feature.Catalog.RFYWidgetTitle,
Feature.Catalog.Response.GenericError,
Feature.Catalog.Response.NoItemsFound,아이템을 찾을 수 없습니다.
Feature.Catalog.Response.PlacedOnSaleSuccess,판매 개시 완료
Feature.Catalog.Response.ReportSubmitted,신고 제출이 완료되었으며 해당 팀에서 곧 검토를 진행할 예정입니다.
Feature.Catalog.Response.TakenOffSaleSuccess,판매 중단 완료
Feature.Catalog.Search.LandingPage.Empty,"색상, 유형, 테마 등으로 검색"
Feature.Catalog.Search.Placeholder,"아이템, 의상 검색"
Feature.Catalog.Text.OfferAppliedToHighestItem,가장 높은 아이템에 혜택 적용됨
Feature.Catalog.Title.AvatarSharePanel,아바타 공유 준비를 마쳤습니다
Feature.Catalog.Title.Checkout,
Feature.Catalog.Title.Checkout.ClearAllItemsOnAvatarTitle,모든 아이템을 지울까요?
Feature.Catalog.Title.Checkout.GoToCustomizeTitle,편집하려면 꾸미기로 이동하세요
Feature.Catalog.Title.Checkout.ItemRemovedSingular,아이템 제거 완료
Feature.Catalog.Title.Checkout.ItemReplacedOnAvatarTitle,아이템 대체됨
Feature.Catalog.Title.Checkout.ItemsPurchased,아이템 {count}개 구매 완료
Feature.Catalog.Title.Checkout.OfferFailedToFetch,이용 가능한 혜택을 가져오지 못했습니다. 나중에 다시 시도해 주세요.
Feature.Catalog.Title.Checkout.OfferFailedToUpdate,혜택을 전환하지 못했습니다. 나중에 다시 시도해 주세요.
Feature.Catalog.Title.Checkout.PurchaseFailedPlural,
Feature.Catalog.Title.Checkout.PurchaseFailedSingular,1개의 아이템을 구매할 수 없습니다
Feature.Catalog.Title.Checkout.TryOnMultipleItemsFtuxBody,여러 아이템을 선택해 아바타에 함께 장착하고 완전한 스타일을 연출하세요. 각 아이템은 카테고리별로 하나씩만 선택할 수 있습니다.
Feature.Catalog.Title.Checkout.TryOnMultipleItemsFtuxTitle,한 번에 여러 아이템을 입어 보세요
Feature.Catalog.Title.Checkout.UnavailableItems,이용할 수 없는 아이템
Feature.Catalog.Title.Checkout.WearAvatarReplaceAllItemsTitle,아바타에 장착할까요?
Feature.Catalog.Title.CheckoutPlural,{count}개 아이템 결제
Feature.Catalog.Title.CheckoutSingular,
Feature.Catalog.Title.Makeup.MakeupMax6LayersPromptTitle,맨 아래 레이어를 바꾸시겠어요?
Feature.Catalog.Title.RentalFtuxText,아이템을 대여해서 3일 동안 이용해보세요
Feature.Catalog.Toast.AddedToFavorites,즐겨찾기에 추가됨
Feature.Catalog.Toast.AvatarPriceChangedBecauseOfOwned,아이템 {number}개를 보유 중이므로 가격이 변경되었습니다
Feature.Catalog.Toast.AvatarUnderReview,"아바타 검토 중
아바타 검토가 완료된 후에 공유할 수 있습니다"
Feature.Catalog.Toast.FavoritedLook,아바타를 즐겨찾기에 추가했습니다!
Feature.Catalog.Toast.LinkCopied,링크가 클립보드에 복사되었습니다
Feature.Catalog.Toast.RemovedFromFavorites,즐겨찾기에서 제거되었습니다
Feature.Catalog.Toast.UnfavoritedLook,아바타를 즐겨찾기에서 제거했습니다
Feature.Catalog.TrustedConnection.Label.Trusted,
Feature.Chat.Action.Add,
Feature.Chat.Action.Cancel,
Feature.Chat.Action.Confirm,
Feature.Chat.Action.Continue,
Feature.Chat.Action.Copy,복사
Feature.Chat.Action.Create,
Feature.Chat.Action.Delete,
Feature.Chat.Action.Edit,
Feature.Chat.Action.GroupOSADoNotJoin,거절하기
Feature.Chat.Action.GroupOSAJoin,참가하기
Feature.Chat.Action.LearnMore,자세한 정보
Feature.Chat.Action.Leave,
Feature.Chat.Action.MuteVoice,음소거
Feature.Chat.Action.Remove,
Feature.Chat.Action.RemoveFromGroup,그룹에서 삭제
Feature.Chat.Action.RemoveUser,사용자 삭제
Feature.Chat.Action.Reply,답장
Feature.Chat.Action.Report,
Feature.Chat.Action.ReportUser,사용자 신고
Feature.Chat.Action.Save,
Feature.Chat.Action.Send,
Feature.Chat.Action.StartChatWithFriends,
Feature.Chat.Action.Stay,머물기
Feature.Chat.Action.Translate,번역
Feature.Chat.Action.UnmuteVoice,음소거 해제
Feature.Chat.Action.ViewAssetDetails,자세히 보기
Feature.Chat.Description.ConversationInviteGroupCreatedOn,{creation_date}에 생성된 그룹
Feature.Chat.Description.CreateUnfilteredChatCell,"이 그룹의 모든 멤버가 초대되지만, 요건을 충족하지 않은 멤버는 참여할 수 없습니다."
Feature.Chat.Description.CreateUnfilteredChatDialog,"확장된 채팅 기능을 이용하면 필터링 없는 채팅이 가능합니다.

이 그룹의 모든 멤버가 초대되지만, 기준을 충족하지 않는 사용자는 참여할 수 없습니다."
Feature.Chat.Description.CreateUnfilteredChatWithVoice,"확장된 채팅 기능을 이용하면 필터링 없는 채팅과 음성 채팅이 가능합니다.

이 그룹의 모든 멤버가 초대되지만, 기준을 충족하지 않는 사용자는 참여할 수 없습니다."
Feature.Chat.Description.ExpressiveChatLearnMore,"다채로운 채팅 기능에는 필터링 없는 채팅 및 파티 음성 기능 등이 포함되어 있습니다.

다채로운 채팅은 모든 멤버가 조건을 충족하며 내 채팅이 업그레이드될 때까지 이용이 제한됩니다."
Feature.Chat.Description.InlineContextCardDescription,낯선 사람과 채팅할 때는 주의하세요. 개인정보를 공유하거나 다른 채팅 앱으로 이동하지 마세요. 다른 사람의 프로필에서 그 사람을 차단 또는 신고할 수 있습니다.
Feature.Chat.Description.NameGroup,그룹 이름을 설정해 주세요
Feature.Chat.Description.NameGroupChat,채팅그룹 이름 설정
Feature.Chat.Description.OSAContextCardDescription,회원님의 안전은 중요합니다. 불편하신가요? 언제든 이 사람의 프로필에서 이 사람을 차단하거나 신고할 수 있습니다.
Feature.Chat.Description.OSAGroupDescriptionWithLinker,회원님의 안전은 중요합니다. 이 사람의 프로필에서 언제든 이 사람을 차단 또는 신고할 수 있습니다. <a href='{osaViewDetailsUrl}'>세부 정보 보기</a>
Feature.Chat.Description.SnoozeDescription,'다시 알림'은 체험 메뉴에서 끌 수 있습니다
Feature.Chat.Drawer.Join,
Feature.Chat.Drawer.PinGame,핀하기
Feature.Chat.Drawer.PlayGame,체험 방문
Feature.Chat.Drawer.ViewDetails,
Feature.Chat.Heading.ChatWithConnections,인맥과 채팅하기
Feature.Chat.Heading.ChatWithFriends,친구와 채팅하기
Feature.Chat.Heading.CreateUnfilteredChatDialog,확장된 채팅 기능을 이용할 수 있는 새 그룹을 만들까요?
Feature.Chat.Heading.ExpressiveChat,다채로운 채팅
Feature.Chat.Heading.FailedToLeaveGroup,그룹 나가기 실패
Feature.Chat.Heading.FailedToRemoveUser,사용자 삭제 실패
Feature.Chat.Heading.FirstConversationWith,{displayName} 님과의 첫 대화
Feature.Chat.Heading.FirstConversationWithThisUser,이 사람과의 첫 대화
Feature.Chat.Heading.FirstInteractionWith,{displayName} 님과의 첫 상호작용
Feature.Chat.Heading.FirstInteractionWithThisPerson,이 사람과의 첫 상호작용
Feature.Chat.Heading.LeaveGroup,그룹 나가기
Feature.Chat.Heading.PartyWithConnections,인맥과 파티하기
Feature.Chat.Heading.PartyWithFriends,친구와 파티하기
Feature.Chat.Heading.SafeChattingWithThisUser,이 사람과 안전하게 채팅하세요
Feature.Chat.Heading.SafeChattingWithUsername,{displayName} 님과 안전하게 채팅하기
Feature.Chat.Heading.ShareGameToChat,채팅에서 체험 공유
Feature.Chat.Heading.UserInvitedYouToJoin,{combinedName} 님이 나를 초대했습니다
Feature.Chat.Heading.UserInvitedYouToJoinAGroup,{combinedName} 님이 나를 그룹에 초대했습니다
Feature.Chat.Heading.YouWereInvitedToGroup,그룹에 참가하도록 초대되었습니다
Feature.Chat.Label.AddConnections,
Feature.Chat.Label.AddFriends,
Feature.Chat.Label.Available,
Feature.Chat.Label.Blocked,차단됨
Feature.Chat.Label.ByBuilder,개발자: {USERNAME}
Feature.Chat.Label.ChatDetails,채팅 정보
Feature.Chat.Label.ChatDisabled,채팅이 비활성화됨
Feature.Chat.Label.ChatGroupName,채팅그룹 이름
Feature.Chat.Label.ChatInputPlaceholder,내용을 입력하세요
Feature.Chat.Label.ContentLoadingFailed,이 콘텐츠를 불러올 수 없습니다
Feature.Chat.Label.CreateUnfilteredChat,확장된 채팅 기능을 지원하는 새 그룹 만들기
Feature.Chat.Label.Details,
Feature.Chat.Label.ExpandedChatFeatures,다채로운 채팅 기능
Feature.Chat.Label.General,일반
Feature.Chat.Label.Group.ThemRepliedToOther,{DISPLAY_NAME_1} 님이 {DISPLAY_NAME_2} 님에게 답장 보냄
Feature.Chat.Label.Group.ThemRepliedToThem,{DISPLAY_NAME} 님이 자신에게 답장 보냄
Feature.Chat.Label.Group.ThemRepliedToYou,{DISPLAY_NAME} 님이 내게 답장 보냄
Feature.Chat.Label.Group.YouRepliedToThem,{DISPLAY_NAME} 님에게 답장 보냄
Feature.Chat.Label.GroupName,그룹 이름
Feature.Chat.Label.HoverToReplyTooltip,답장하려면 마우스를 위로 가져가세요
Feature.Chat.Label.Loading,
Feature.Chat.Label.LongPressToReplyTooltip,답장하려면 길게 누르세요
Feature.Chat.Label.Members,멤버
Feature.Chat.Label.MessageNotAvailable,이 메시지는 이용할 수 없습니다
Feature.Chat.Label.MuteInGameChatToastNotifications,게임 내 채팅 알림 음소거
Feature.Chat.Label.MuteInGamePartyToastNotifications,게임 내 파티 알림 음소거
Feature.Chat.Label.New,
Feature.Chat.Label.NoChatFound,채팅을 찾을 수 없음
Feature.Chat.Label.NoDescriptionYet,설명이 아직 없습니다.
Feature.Chat.Label.NotImplementedMessageType,이 메시지를 표시할 수 없어요.
Feature.Chat.Label.NotSet,설정 안 됨
Feature.Chat.Label.OneToOne.ThemRepliedToThem,자신에게 답장 보냄
Feature.Chat.Label.OneToOne.ThemRepliedToYou,내게 답장 보냄
Feature.Chat.Label.OneToOne.YouRepliedToThem,답장 보냄
Feature.Chat.Label.Pending,
Feature.Chat.Label.PrivacySettings,개인정보 설정
Feature.Chat.Label.ReplyChatInputPlaceholder,{DISPLAY_NAME} 님에게 답장 보내기
Feature.Chat.Label.ReplyToYourselfChatInputPlaceholder,자신에게 답장
Feature.Chat.Label.ReplyingToOthers,{DISPLAY_NAME} 님의 말...
Feature.Chat.Label.ReplyingToYourself,회원님의 말...
Feature.Chat.Label.SearchConnections,인맥 검색
Feature.Chat.Label.SearchForFriendsAndChat,대화 검색
Feature.Chat.Label.SearchFriends,친구 검색
Feature.Chat.Label.SearchWord,
Feature.Chat.Label.Sent,전송됨
Feature.Chat.Label.SnoozeChatNotifications,체험 내 채팅 알림 음소거:
Feature.Chat.Label.SnoozePartyNotifications,체험 내 파티 알림 음소거 대상:
Feature.Chat.Label.SwipeToReplyTooltip,밀어서 답장하기
Feature.Chat.Label.TimestampDaysAbbreviatedPlural,{num_days}일
Feature.Chat.Label.TimestampHoursAbbreviatedPlural,{num_hours}시간
Feature.Chat.Label.TimestampMinutesAbbreviatedPlural,{num_minutes}분
Feature.Chat.Label.TimestampNow,방금
Feature.Chat.Label.TimestampOneDayAbbreviated,1일
Feature.Chat.Label.TimestampOneHourAbbreviated,1시간
Feature.Chat.Label.TimestampOneMinuteAbbreviated,1분
Feature.Chat.Label.TimestampOneWeekAbbreviated,1주
Feature.Chat.Label.TimestampWeeksAbbreviatedPlural,{num_weeks}주
Feature.Chat.Label.Unavailable,사용 불가
Feature.Chat.Label.UnfilteredChat,필터링되지 않은 채팅
Feature.Chat.Label.UnknownUser,알 수 없는 사용자
Feature.Chat.Label.User,사용자
Feature.Chat.Label.ViewProfile,프로필 보기
Feature.Chat.Label.YouRepliedToYou,
Feature.Chat.Message.AddConnectionsLimit,채팅 그룹 최대 정원은 {connectionsNum}명입니다.
Feature.Chat.Message.AddConnectionsPartyLimit,한 파티에서 최대{connectionsNum}명의 인맥을 보유할 수 있습니다.
Feature.Chat.Message.AddConnectionsPartyLimitSingular,개인정보 설정에 따라 1명의 인맥과만 파티를 형성할 수 있습니다.
Feature.Chat.Message.AddFriendsLimit,채팅 그룹에 추가할 수 있는 친구는 최대 {connectionsNum}명입니다.
Feature.Chat.Message.AddFriendsPartyLimit,파티에 참여할 수 있는 친구 수는 최대 {connectionsNum}명입니다.
Feature.Chat.Message.AddFriendsPartyLimitSingular,개인정보 설정으로 인해 친구 1명과만 파티를 구성할 수 있습니다.
Feature.Chat.Message.CannotBeDisplayedThirdPerson,{displayName} 님이 표시할 수 없는 메시지를 보냈습니다.
Feature.Chat.Message.ChatIsDisabledByPrivacySetting,채팅이 비활성화되었습니다. 개인정보 설정에서 활성화할 수 있습니다.
Feature.Chat.Message.ChatUnavailableRegion,현재 이 지역에서는 채팅을 이용할 수 없습니다.
Feature.Chat.Message.ChatUnavailableWithUser,현재 이 사용자와는 채팅을 할 수 없습니다.
Feature.Chat.Message.Default,채팅 참가자 중 일부는 회원님의 메시지를 볼 수 없어요.
Feature.Chat.Message.EnableChat,인맥과 이야기를 나누려면 개인정보 설정에서 채팅을 활성화하세요.
Feature.Chat.Message.EnableChat.FriendsRename,친구와 채팅하려면 '개인정보 설정'에서 채팅 기능을 켜세요.
Feature.Chat.Message.EnableParty,인맥과 파티를 이용하려면 개인정보 설정에서 파티 기능을 켜야 합니다.
Feature.Chat.Message.EnableParty.FriendsRename,친구와 파티 기능을 활용하려면 '개인정보 설정'에서 파티 기능을 켜세요.
Feature.Chat.Message.FailedToLeaveGroup,{CONVERSATION_TITLE} 대화에서 회원님을 삭제할 수 없습니다.
Feature.Chat.Message.FailedToLeaveGroup.V2,{CONVERSATION_TITLE} 그룹에서 회원님을 삭제할 수 없습니다.
Feature.Chat.Message.FailedToRemoveUser,{CONVERSATION_TITLE} 대화에서 {USERNAME} 님을 삭제할 수 없습니다.
Feature.Chat.Message.FailedToRemoveUser.V2,{CONVERSATION_TITLE} 그룹에서 {USERNAME} 님을 삭제할 수 없습니다.
Feature.Chat.Message.FailedToRenameConversation,대화 이름 {EXISTING_NAME}(을)를 {NEW_NAME}(으)로 변경할 수 없어요.
Feature.Chat.Message.FailedToRenameConversation.V2,그룹 이름 {EXISTING_NAME}(을)를 {NEW_NAME}(으)로 변경할 수 없습니다.
Feature.Chat.Message.GroupConnectionLimitSingular,오직 1명의 인맥만 채팅에 추가할 수 있습니다.
Feature.Chat.Message.GroupFriendLimitSingular,1명의 친구만 추가하여 채팅할 수 있습니다.
Feature.Chat.Message.LeaveGroup,회원님은 본 그룹과 채팅할 수 없게 됩니다.
Feature.Chat.Message.LeaveGroup.V2,그룹에서 정말 나가시겠어요?
Feature.Chat.Message.MakeConnectionsToChat,Roblox에서 인맥을 만들고 함께 채팅하세요
Feature.Chat.Message.MakeConnectionsToParty,Roblox에서 인맥을 맺고 함께 파티 구성하기
Feature.Chat.Message.MakeFriendsToChat,Roblox에서 친구를 사귀고 함께 채팅하세요
Feature.Chat.Message.MakeFriendsToParty,Roblox에서 친구를 사귀고 함께 파티를 구성하세요
Feature.Chat.Message.MessageContentModerated,메시지가 규정에 맞지 않아 전송하지 못했습니다.
Feature.Chat.Message.MessageUnavailable,메시지 확인 불가
Feature.Chat.Message.OneUserTyping,{DISPLAY_NAME} 님이 메시지 입력 중...
Feature.Chat.Message.PartyUnavailableRegion,현재 이 지역에서는 파티를 이용할 수 없습니다.
Feature.Chat.Message.PartyUnavailableWithUser,현재 이 사용자와는 파티를 이용할 수 없습니다.
Feature.Chat.Message.RemoveUser,{USERNAME} 님을 채팅그룹에서 정말 삭제할까요?
Feature.Chat.Message.RemoveUser.V2,{USERNAME} 님을 그룹에서 정말 삭제할까요?
Feature.Chat.Message.RemovedFromConversation,회원님은 그룹에서 삭제되었습니다.
Feature.Chat.Message.SeveralUsersTyping,여러 사용자가 메시지 입력 중...
Feature.Chat.Message.TurnOnChat,친구와 이야기를 나누려면 개인정보 설정에서 채팅을 활성화하세요.
Feature.Chat.Message.TurnOnParty,친구와 파티를 구성하려면 개인정보 설정에서 파티를 활성화하세요.
Feature.Chat.Message.TwoUsersTyping,{DISPLAY_NAME_1} 님 및 {DISPLAY_NAME_2} 님이 메시지 입력 중...
Feature.Chat.PresetChat.Disclaimer,'간단한 메시지'를 통해 모든 연령대의 플레이어가 게임 플레이를 조율할 수 있습니다.
Feature.Chat.Response.ChatNameFullyModerated,채팅 그룹 이름이 규정에 맞지 않습니다.
Feature.Chat.Response.ChatNameFullyModerated.V2,그룹 이름이 규정에 맞지 않습니다.
Feature.Chat.Response.Failed,실패
Feature.Chat.Response.NetworkError,네트워크 오류
Feature.Chat.Response.Sending,전송 중
Feature.Chat.RobloxConnectUnavailableWithUser,현재 이 사용자와는 Roblox Connect를 이용할 수 없습니다.
Feature.Chat.ShareGameToChat.Favorites,
Feature.Chat.ShareGameToChat.FriendActivity,친구 활동
Feature.Chat.ShareGameToChat.NoFavoriteGames,즐겨찾기 없음
Feature.Chat.ShareGameToChat.NoFriendActivity,친구 활동이 없어요
Feature.Chat.ShareGameToChat.NoPopularGames,이용 가능한 인기 체험이 없습니다
Feature.Chat.ShareGameToChat.NoRecentGames,최근 체험 없음
Feature.Chat.ShareGameToChat.Popular,인기
Feature.Chat.ShareGameToChat.Recent,최근
Feature.Chat.Text.NoConnections,아직 추가한 인맥이 없습니다. 시작하려면 Roblox에서 인맥을 찾아 추가하세요.
Feature.Chat.Text.NoFriends,아직 추가한 친구가 없습니다. 시작하려면 먼저 Roblox에서 친구를 찾아 추가하세요.
Feature.Chat.Title.MuteChatNotifications,게임 플레이 중 친구의 채팅 알림 음소거
Feature.Chat.Title.NewChat,새 채팅
Feature.Chat.Toast.Error.InvalidUserSelected,이 목록에는 추가할 수 없는 사람이 한 명 이상 있습니다
Feature.CommunityLinks.Description.CommunityDefault,공식 Guilded 커뮤니티에 가입하고 {experienceName} 관련 공지 등 다양한 것들을 확인하세요!
Feature.CommunityLinks.Heading.CommunityTitle,커뮤니티 가입
Feature.CommunityLinks.Label.ViewButton,
Feature.ContactMethodUpsell.Action.AddPhoneNumber,휴대폰 번호 추가
Feature.ContactMethodUpsell.Action.Continue,
Feature.ContactMethodUpsell.Action.LearnMore,
Feature.ContactMethodUpsell.Action.SecureYourAccount,계정 보안
Feature.ContactMethodUpsell.Description.HomePageUpsellCardAddPhoneText,"친구, 아바타, Robux에 대한 접근 권한을 잃는 일이 발생하지 않도록 휴대폰 번호를 추가해 두세요."
Feature.ContactMethodUpsell.Label.AddEmail,
Feature.ContactMethodUpsell.Label.AddPhone,
Feature.ContactMethodUpsell.Label.PleaseAddEmail,계정에 추가할 이메일 주소를 입력하세요.
Feature.ContactMethodUpsell.Label.RecoverYourAccount,비밀번호를 분실한 경우에도 계정을 손쉽게 복구하세요.
Feature.ContactMethodUpsell.Title.HomePageUpsellCardLockOutTitle,계정 잠김을 방지하세요
Feature.ContactUpsell.Action.AddEmailInstead,대신 이메일 추가
Feature.ContactUpsell.Action.Continue,
Feature.ContactUpsell.Header.UnlockVoiceChat,음성 채팅 잠금 해제
Feature.ContactUpsell.Heading.LetFriendsFindYou,친구들이 나를 찾을 수 있게 해 주세요
Feature.Contacts.Action.Invite,초대
Feature.Contacts.Action.Search,연락처 검색
Feature.Contacts.Description.AddFromContactsDescription,Roblox에서 인맥이 될 수 있도록 연락처를 추가하세요. 두 사용자가 모두 13세 이상으로 확인되면 신뢰할 수 있는 인맥이 됩니다.
Feature.Contacts.Description.AddFromContactsTrustedFriends,연락처를 추가하여 Roblox에서 사용자를 연결하세요. 두 사용자 모두 연령 인증을 완료한 만 13세 이상이면 신뢰할 수 있는 친구로 설정됩니다.
Feature.Contacts.Description.ContactsList,누구와 함께 Roblox를 탐험하고 싶나요? Roblox 친구 초대 링크를 보내세요!
Feature.Contacts.Description.ContactsListDescription,연락처 목록의 사람들과 인맥을 맺고 Roblox를 더 풍성하게 즐기세요.
Feature.Contacts.Description.ContactsMixedList,"누구와 함께 Roblox를 탐험하고 싶나요? Roblox에서 친구를 추가하거나, 연락처 목록에 있는 사람들에게 친구 요청 링크를 보내세요."
Feature.Contacts.Description.ContactsProfileView,회원님의 연락처 {contactName}(이)가 Roblox에 있습니다. 친구가 되면 이들의 전체 프로필을 볼 수 있습니다.
Feature.Contacts.FindFriendsBanner.Button,친구 찾기
Feature.Contacts.FindFriendsBanner.Description,휴대폰 번호를 추가해 Roblox에 있는 친구들을 확인하세요.
Feature.Contacts.FindFriendsBanner.DescriptionPV,Roblox에서 친구들의 연락처가 이용 가능할 경우 여기에 표시됩니다.
Feature.Contacts.FindFriendsBanner.DescriptionV2,휴대폰 번호를 추가해 친구들과 소통하세요.
Feature.Contacts.Heading.HelpFriendsFindYou,
Feature.Contacts.Heading.LetFriendsFindYou,
Feature.Contacts.Heading.SettingSaved,설정을 저장했습니다.
Feature.Contacts.Label.DiscoverabilityOptIn,내 휴대폰 번호를 가진 Roblox 사용자에게 나를 추천해 주세요.
Feature.Contacts.Label.FindContacts,연락처 찾기
Feature.Contacts.Label.Invite,Roblox에 초대
Feature.Contacts.Label.OnRoblox,Roblox에 있음
Feature.Contacts.Message.AddFriends,
Feature.Contacts.Message.ContactDiscoverable,"더 쉽게 친구를 만날 수 있도록, 내 휴대폰 번호를 가지고 있는 Roblox 사용자들이 나를 친구로 추가하고 기기에 저장된 내 이름을 볼 수 있게 됩니다."
Feature.Contacts.Message.ContactsSyncWarning,"연락처는 정기적으로 동기화되며, 다른 Roblox 사용자와 일치하는 항목이 저장되어 친구를 찾는 데 도움이 됩니다. 본 기능은 기기 설정 메뉴에서 언제든지 변경할 수 있습니다."
Feature.Contacts.Message.InviteToRoblox,저와 Roblox 친구가 되어 함께 체험을 만들고 공유하고 탐험해요.
Feature.Contacts.Message.NoResults,결과가 없습니다.
Feature.ContentFeed.Action.Delete,게시물 제거
Feature.ContentFeed.Action.Report,신고
Feature.ContentFeed.Body.PostsNotFound,게시물을 이용할 수 없습니다
Feature.ContentFeed.Label.NotRated,평가 없음
Feature.ContentFeed.Label.Rating,평점 {rating}%
Feature.ContentFeed.Timestamp.DaysAgo,{numDays}일 전
Feature.ContentFeed.Timestamp.HoursAgo,{numHours}시간 전
Feature.ContentFeed.Timestamp.MinutesAgo,{numMinutes}분 전
Feature.ContentFeed.Timestamp.Now,
Feature.ContentFeed.Timestamp.WeeksAgo,{numWeeks}주 전
Feature.DevSubs.Action.CancelSubscription,가입 취소
Feature.DevSubs.Action.RenewSubscription,가입 갱신
Feature.DevSubs.Label.ActiveSubscriptions,활성화된 가입
Feature.DevSubs.Label.DiscontinueDate,종료일: {date}
Feature.DevSubs.Label.ExpirationDate,
Feature.DevSubs.Label.InactiveSubscriptions,비활성화된 가입
Feature.DevSubs.Label.RenewalDate,갱신일: {date}
Feature.DevSubs.Message.ConfirmCancellation,정말로 가입을 취소할까요?
Feature.DevSubs.UserManagement.MonthlyPrice,{robuxAmount}/월
Feature.DeveloperProducts.Heading.Products,
Feature.DeveloperProducts.Heading.Success,
Feature.DeveloperProducts.Message.BackToStore,상점으로 돌아가기
Feature.DeveloperProducts.Message.OK,
Feature.DeveloperProducts.Message.PurchaseSucceed,'{productName}' 항목을 구매했습니다. 체험에 참가하면 구매한 항목을 받을 수 있습니다.
Feature.DisplayName.ErrorMessage.AgedUpNameContainPII,이름에 개인정보가 포함되어 있을 수 있습니다
Feature.DisplayName.ErrorMessage.AgedUpNameHasChanged,지난 7일 동안 이름을 변경한 적이 있습니다
Feature.DisplayName.ErrorMessage.AgedUpNameInappropriate,Roblox에서 사용하기에 적합하지 않은 이름입니다
Feature.DisplayName.ErrorMessage.AgedUpNameNotAvailable,이름을 사용할 수 없습니다
Feature.DisplayName.ErrorMessage.AgedUpNameTooLong,사용 가능한 이름의 길이는 최대 20자입니다
Feature.DisplayName.ErrorMessage.AgedUpNameTooShort,이름의 길이는 최소 3자 이상이어야 합니다
Feature.DisplayName.ErrorMessage.AgedUpNameUnsupportedChars,이름에 지원되지 않는 문자가 포함되어 있습니다
Feature.DisplayName.ErrorMessage.NameContainPII,표시 이름에 개인 정보가 포함되어 있을 수 있습니다
Feature.DisplayName.ErrorMessage.NameHasChanged,지난 7일 동안 표시 이름을 변경한 적이 있습니다
Feature.DisplayName.ErrorMessage.NameInappropriate,Roblox에서 사용하기에 적합하지 않은 표시 이름입니다
Feature.DisplayName.ErrorMessage.NameMoreThanOneCharacterKind,이름은 한 가지 언어로만 지을 수 있습니다
Feature.DisplayName.ErrorMessage.NameNotAvailable,표시 이름을 사용할 수 없습니다
Feature.DisplayName.ErrorMessage.NameTooLong,표시 이름의 최대 길이는 20자입니다
Feature.DisplayName.ErrorMessage.NameTooShort,표시 이름의 길이는 최소 3자 이상이어야 합니다
Feature.DisplayName.ErrorMessage.NameUnsupportedChars,표시 이름에 지원되지 않는 문자가 있습니다
Feature.DisplayName.ErrorMessage.SomethingWentWrong,
Feature.DisplayName.Label.AgedUpNameField,
Feature.DisplayName.Label.ErrorsWithAgedUpDisplayName,이름에 오류가 있습니다.
Feature.DisplayName.Label.GeneratedUserName,"이 @사용자 이름은 회원님의 이름을 바탕으로 제안된 것이며, 수정이 가능합니다. 로그인할 때 이 이름을 사용하게 됩니다."
Feature.DisplayName.Label.MixedCharactersError,한 종류의 문자(언어)만 포함합니다
Feature.DisplayName.Label.ModeratedCheck,규정에 맞지 않음
Feature.DisplayName.Label.SignUpAgedUpDisplayName,Roblox 프로필 이름을 정하세요
Feature.DisplayName.Label.ValidCharacters,유효한 문자만 포함합니다
Feature.DisplayName.Label.ValidationFailed,알 수 없는 오류가 발생했습니다. 이름 없이 가입하려면 다시 시도하거나 이 단계를 건너뛰세요.
Feature.Durables.BottomBar.BuyButton,
Feature.Durables.BottomBar.RentalDuration,{num}일 동안
Feature.Durables.BottomBar.RentalDurationPlural,
Feature.Durables.BottomBar.Repurchase.ExpiredItemsPlural,아이템 {number}개 만료됨
Feature.Durables.BottomBar.Repurchase.ExpiredItemsSingular,
Feature.Durables.FTUX.Tooltip,아이템을 보유할 기간을 선택하세요. 구매 후 타이머가 시작됩니다.
Feature.Durables.Filter.All,
Feature.Durables.Filter.TimedOptions,기간 한정 옵션만 가능
Feature.Durables.Filter.Title,
Feature.Durables.InfoModal.Description,"아이템을 얼마나 오래 보관할지 선택할 수 있습니다. 시계 아이콘은 시간에 기반한 옵션을 보여주며, 낮은 가격으로 더 많은 유연성을 제공합니다."
Feature.Durables.InfoModal.Title,기간 한정 옵션 소개
Feature.Durables.ItemDetails.BottomBar.BuyButton.Days,{num}일 구매하기
Feature.Durables.ItemDetails.BottomBar.BuyButton.Permanent,영구 구매하기
Feature.Durables.ItemDetails.WearTimeOptions.Button.Infinite,영구적
Feature.Durables.ItemDetails.WearTimeOptions.Button.XDay,{num}일
Feature.Durables.ItemDetails.WearTimeOptions.Button.XDays,
Feature.Durables.ItemDetails.WearTimeOptions.Title,옵션
Feature.Durables.Label.ItemExpires,아이템 만료 일자
Feature.Durables.PartiallyExpiredItems.BodyText,저장된 아바타의 일부 아이템이 만료되어 삭제되었습니다.
Feature.Durables.PartiallyExpiredItems.TitleText,만료된 아이템
Feature.Durables.PurchaseModal.SuccessMessage,{itemName}이(가) {number}일 연장되었습니다.
Feature.Durables.TimeRemaining.Days,{number}일
Feature.Durables.TimeRemaining.Hours,
Feature.Durables.TimeRemaining.Minutes,{number}분
Feature.Durables.UnifiedBuyModal.Subtitle.TimedOptionText,{days}일(구매 후 시작)
Feature.DynamicUI.Translation.Reporting.IllegalContentEUBody,유럽 연합 디지털 서비스법에 따른 불법 콘텐츠를 신고하려면 다음 페이지를 방문하세요. https://www.roblox.com/illegal-content-reporting
Feature.EmptyStatePage.Message.NoInternet,인터넷에 연결되지 않음
Feature.EnhancedVideo.Label.Ad,
Feature.ExperienceDetails.Action.ExitFullScreen,
Feature.ExperienceDetails.Action.FullScreen,전체 화면
Feature.ExperienceDetails.Action.Mute,
Feature.ExperienceDetails.Action.Unmute,
Feature.ExperienceDetails.AskYourParentModal.Action.AskNow,
Feature.ExperienceDetails.AskYourParentModal.Action.Cancel,
Feature.ExperienceDetails.AskYourParentModal.Label.Body,이 체험에 참가하려면 보호자의 허락을 받아야 합니다
Feature.ExperienceDetails.AskYourParentModal.Label.Title,
Feature.ExperienceDetails.AskYourParentToAllowGameModal.Label.Body,이 게임에 참가하려면 보호자의 허락이 필요합니다.
Feature.ExperienceDetails.Body.DescriptionTitle,
Feature.ExperienceDetails.Body.NotesTitle,참고
Feature.ExperienceDetails.Body.StatsInfoTitle,통계 및 정보
Feature.ExperienceDetails.Description.MadeWithBuild,빌드 게임은 AI로 생성됩니다
Feature.ExperienceDetails.Label.MadeByCreator,제작: {creatorName}
Feature.ExperienceDetails.Label.MadeByCreatorWithBuild,빌드로 제작: {creatorName}
Feature.ExperienceDetails.Label.NotPlayable,플레이할 수 없음
Feature.ExperienceDetails.Notes.InExperiencePurchase,"아이템을 구매하여 Robux(""체험 내 토큰"")와 기타 아이템 또는 기능을 교환할 수 있는 옵션이 존재할 수 있습니다. 체험 내 토큰은 체험을 즐기기 위한 목적으로만 사용되며, 체험 밖에선 사용이 불가하고, 선불형 결제 수단으로 간주되지 않습니다. 체험 내 토큰 구매는 최종적이며 어떤 경우에도 환불이 불가합니다. 체험 내 토큰과 교환 가능한 기타 아이템 및 기능은 크리에이터의 재량에 따라 필요한 경우 변경될 수 있습니다."
Feature.ExperienceDetails.PlayButtonMessage.AgreeToNotice,이 체험을 플레이함으로써 참고 사항에 동의합니다
Feature.ExperienceDetails.PlayButtonText.ActionNeeded,
Feature.ExperienceDetails.PlayButtonText.Buy,
Feature.ExperienceDetails.PlayButtonText.Play,
Feature.ExperienceDetails.PlayButtonText.PlayDemo,데모 플레이
Feature.ExperienceDetails.PlayButtonText.Unavailable,
Feature.ExperienceDetails.PlayButtonText.Unlock,잠금 해제
Feature.ExperienceDetails.RestrictedUnplayableModal.Action.Ok,
Feature.ExperienceDetails.RestrictedUnplayableModal.Label.Body,청소년 이용 제한 체험은 18세 이상 사용자만 참가할 수 있습니다.
Feature.ExperienceDetails.RestrictedUnplayableModal.Label.Title,콘텐츠 이용 제한
Feature.ExperienceDetails.UnplayableError.AccountRestricted,이 체험은 콘텐츠 수위 설정으로 인해 이용할 수 없습니다
Feature.ExperienceDetails.UnplayableError.ComplianceBlocked,이 체험은 현재 이용할 수 없습니다
Feature.ExperienceDetails.UnplayableError.ContextualPlayabilityAgeGated,이 체험은 나이 제한으로 인해 이용할 수 없습니다
Feature.ExperienceDetails.UnplayableError.ContextualPlayabilityAgeGatedByDescriptor,
Feature.ExperienceDetails.UnplayableError.ContextualPlayabilityAgeRecommendationParentalControls,이 체험에 참가하려면 콘텐츠 수위 설정을 업데이트하세요.
Feature.ExperienceDetails.UnplayableError.ContextualPlayabilityExperienceBlockedParentalControls,보호자가 차단한 체험입니다. 이 체험에 참가하려면 보호자가 설정 메뉴에서 차단을 해제해야 합니다.
Feature.ExperienceDetails.UnplayableError.ContextualPlayabilityRegionalAvailability,이 체험은 현재 사용자 지역에서 이용할 수 없습니다
Feature.ExperienceDetails.UnplayableError.ContextualPlayabilityRegionalCompliance,
Feature.ExperienceDetails.UnplayableError.ContextualPlayabilityUnrated,이 체험은 등급 평가를 거치지 않아 이용이 불가능합니다
Feature.ExperienceDetails.UnplayableError.DeviceRestrictedCustom,이 체험은 {device}에서 이용할 수 없습니다
Feature.ExperienceDetails.UnplayableError.DeviceRestrictedDefault,이 체험은 사용자 기기에서 이용할 수 없습니다
Feature.ExperienceDetails.UnplayableError.FiatPurchaseDeviceRestricted,이 체험은 본 기기에서 구매할 수 없습니다
Feature.ExperienceDetails.UnplayableError.GameUnapproved,
Feature.ExperienceDetails.UnplayableError.IncorrectConfiguration,
Feature.ExperienceDetails.UnplayableError.InsufficientPermissionFriendsOnly,이 체험에 대한 이용 권한이 없습니다
Feature.ExperienceDetails.UnplayableError.InsufficientPermissionGroupOnly,
Feature.ExperienceDetails.UnplayableError.PlaceHasNoPublishedVersion,
Feature.ExperienceDetails.UnplayableError.TemporarilyUnavailable,
Feature.ExperienceDetails.UnplayableError.UnderReview,이 체험은 현재 검토 중입니다
Feature.ExperienceDetails.UnplayableError.UniverseRootPlaceIsPrivate,이 체험은 비공개로 설정되어 있습니다
Feature.ExperienceDetails.UnplayableError.UnplayableOther,
Feature.ExperienceDetails.UpdateMaturitySettingModal.Action.Cancel,
Feature.ExperienceDetails.UpdateMaturitySettingModal.Action.GoToSettings,
Feature.ExperienceDetails.UpdateMaturitySettingModal.Console.Action.Ok,
Feature.ExperienceDetails.UpdateMaturitySettingModal.Console.Label.Body,이 체험에 참가하려면 웹 또는 호환 기기에서 콘텐츠 수위 설정을 업데이트하세요.
Feature.ExperienceDetails.UpdateMaturitySettingModal.Console.Label.Title,콘텐츠 이용 불가
Feature.ExperienceDetails.UpdateMaturitySettingModal.Label.Body,이 체험을 이용하려면 먼저 콘텐츠 수위 설정을 업데이트하세요.
Feature.ExperienceDetails.UpdateMaturitySettingModal.Label.Title,
Feature.FAE.Action.Continue,
Feature.FAE.Action.Unlock,
Feature.FAE.Action.UnlockChat,
Feature.FAE.CheckIfYouCanJoinGame,이 게임에 참가할 수 있는지 확인해 보겠습니다.
Feature.FAE.Label.ChatWithFriends,
Feature.FAE.Label.DayLeft,
Feature.FAE.Label.DaysLeft,{daysLeft}일 남음
Feature.FAE.Label.GetASecureAgeCheckToUnlockChatAndAddTrustedFriends,안전한 나이 확인 절차를 완료하여 채팅 기능을 이용하고 신뢰할 수 있는 친구를 추가하세요.
Feature.FAE.Label.LetsCheckYourAge,연령 확인
Feature.FAE.Label.LetsCheckYourAgeSoYouCanUseChat,채팅을 사용할 수 있도록 나이를 확인하겠습니다
Feature.FAE.Label.ModalBodyInApp,"셀카를 찍으면 나이 확인에 도움이 되며, 사진은 이번 나이 확인에만 사용됩니다. 이는 Roblox를 모두에게 안전한 공간으로 만들기 위한 핵심적인 절차입니다."
Feature.FAE.Label.ModalBodyInAppV3,셀카를 촬영하세요. 오직 나이를 추정하기 위한 수단으로만 사용합니다. 이를 통해 모두에게 더욱 안전한 채팅을 만들어갈 수 있습니다.
Feature.FAE.Label.ModalBodyTFUnlock,신뢰할 수 있는 친구를 추가하려면 먼저 연령 인증 절차를 완료하세요.
Feature.FAE.Label.ThisAllowsYouToChatSafelyItOnlyTakesAMoment,안전한 채팅을 위해 필요합니다. 잠깐이면 끝낼 수 있어요.
Feature.FAE.Label.ThisHelpsYouToChatSafelyItOnlyTakesAMoment,안전한 채팅을 위한 절차입니다. 잠깐이면 끝낼 수 있어요.
Feature.FAE.Label.ToKeepChattingLetsCheckYourAge,"계속 채팅하기 전에, 나이를 확인해 볼까요?"
Feature.FAE.Label.YouNeedAnAgeCheckToUseChatThisMakesChatSafer,채팅을 사용하려면 나이를 확인해 주셔야 합니다. 이를 위해 모두에게 더욱 안전한 채팅을 만들어갈 수 있습니다.
Feature.FAE.Label.YoullSoonNeedAnAgeCheckToChat,이제 채팅하려면 나이 확인이 필요해집니다
Feature.FAE.Label.YourSafetyMattersLetsCheckYourAge,안전을 위해 나이를 확인해 주세요
Feature.FaceChat.Subtitle.FeatureDisabled,얼굴 애니메이션을 일시적으로 이용할 수 없습니다. 나중에 다시 시도하세요.
Feature.FaceChat.Subtitle.UnableToAccessCamera,"카메라를 사용해 아바타를 애니메이션화하려면, OS 설정으로 이동해 Roblox에서의 카메라 사용을 허용하세요"
Feature.Favorites.Label.Favorite,
Feature.Favorites.Label.Favorited,즐겨찾기 완료
Feature.FlyoutSidePanel.Action.ContinuePlaying,계속 플레이
Feature.FlyoutSidePanel.Label.TooltipBody,"프로필, 콘텐츠 및 설정이 새 위치로 옮겨졌습니다."
Feature.FlyoutSidePanel.Label.TooltipTitle,<b>{itemName}</b> 옮겨짐
Feature.Friends.Action.AcceptFriend,
Feature.Friends.Action.AccountDeleted,계정이 삭제됨
Feature.Friends.Action.Add,
Feature.Friends.Action.Block,
Feature.Friends.Action.Close,
Feature.Friends.Action.ConnectionAdded,인맥이 추가됨
Feature.Friends.Action.ConnectionRequestSent,인맥 요청을 보냈어요
Feature.Friends.Action.EditProfile,프로필 편집
Feature.Friends.Action.FindFriends,
Feature.Friends.Action.FriendAdded,
Feature.Friends.Action.FriendRemoved,친구가 삭제되었습니다
Feature.Friends.Action.FriendRequestSent,친구 요청이 전송됨
Feature.Friends.Action.GetStarted,시작하기
Feature.Friends.Action.GoToAddFriends,친구 추가로 이동
Feature.Friends.Action.InviteFriends,연락처 목록에 있는 사람을 Roblox 친구로 초대하세요.
Feature.Friends.Action.InviteProviderFriends,{provider} 친구 초대
Feature.Friends.Action.PendingRequest,요청 대기 중
Feature.Friends.Action.ShareQR,QR 코드 공유
Feature.Friends.Action.ShowMore,
Feature.Friends.Action.Unblock,차단 해제
Feature.Friends.Action.Unfriend,친구 끊기
Feature.Friends.Action.ViewMore,
Feature.Friends.Action.ViewPlatformProfile,게이머 카드 보기
Feature.Friends.Button.AddViaLink,링크를 통해 추가
Feature.Friends.Button.GotIt,
Feature.Friends.Description.ContactsModal,"Roblox에 내 연락처 목록이 있습니다! 친구가 되어 전체 아바타와 프로필을 확인하세요. 친구 추가 페이지로 이동하면, 아는 사이일 수 있는 사람을 더 많이 확인할 수 있습니다."
Feature.Friends.Description.DoMoreWithTrustedConnections,신뢰할 수 있는 인맥과 함께 Roblox에서 더 많은 것을 즐기세요. 아는 사람과 신뢰할 수 있는 사람만 추가하세요.
Feature.Friends.Description.DoMoreWithTrustedFriends,신뢰할 수 있는 친구와 함께 Roblox에서 더 많은 것을 즐기세요. 아는 사람과 신뢰할 수 있는 사람만 추가하세요.
Feature.Friends.Description.FoundFromContactImporter,연락처 가져오기에서 전송됨
Feature.Friends.Description.FromContacts,연락처에서
Feature.Friends.Description.FromContactsV2,연락처 목록의 {contactName} 님
Feature.Friends.Description.FromQrCode,QR 코드로 요청
Feature.Friends.Description.NoMutualFriends,서로 아는 친구 없음
Feature.Friends.Description.NotAFriend,친구 아님
Feature.Friends.Description.TrustedConnectionExpiredLink,인맥에게 링크를 다시 요청하세요. 30일 이내에 링크를 클릭해야 합니다.
Feature.Friends.Description.TrustedConnectionsUnavailable,현재 계신 지역에서는 아직 신뢰할 수 있는 인맥 기능을 이용할 수 없습니다.
Feature.Friends.Description.TrustedFriendsExpiredLink,친구에게 링크를 다시 요청하세요. 30일 이내에 링크를 클릭해야 합니다.
Feature.Friends.Description.TrustedFriendsInvalidLink,올바른 계정으로 로그인했는지 확인한 다음 다시 시도하세요.
Feature.Friends.Description.TrustedFriendsRequestModalBody,아는 사람과 신뢰할 수 있는 사람만 추가하세요. 이 친구는 언제든지 프로필에서 관리할 수 있습니다.
Feature.Friends.Description.TrustedFriendsUnavailable,현재 계신 지역에서는 아직 신뢰할 수 있는 친구 기능을 이용할 수 없습니다.
Feature.Friends.Description.YouCanDoMoreWithTrustedFriends,신뢰할 수 있는 친구와 함께 Roblox에서 더 많은 것을 즐길 수 있습니다. 이 친구는 언제든지 프로필에서 관리할 수 있습니다.
Feature.Friends.Error.AlreadyFriendError,이미 친구인 사용자입니다.
Feature.Friends.Error.DefaultFriendingError,친구 요청을 보낼 수 없습니다. 나중에 다시 시도하세요.
Feature.Friends.Error.InvalidNicknameError,사용자의 닉네임이 유효하지 않습니다.
Feature.Friends.Error.InvalidTargetUserError,사용자가 유효하지 않거나 존재하지 않습니다.
Feature.Friends.Error.MaxFriendsError,친구 수가 최대 한도에 도달했습니다.
Feature.Friends.Error.ParentalControlUnblockError,보호자가 차단한 사용자입니다. 설정에서 차단을 해제하도록 보호자에게 요청하세요.
Feature.Friends.Error.TargetAlreadyBlockedError,이미 차단된 사용자입니다.
Feature.Friends.Error.UnauthorizedError,사용자에게 이 작업을 수행할 권한이 없습니다.
Feature.Friends.Error.UnblockTargetBlockedOnPlatform,이 사용자는 다른 플랫폼에서 차단되었습니다.
Feature.Friends.Error.UnblockTargetNotBlockedError,차단되지 않은 사용자입니다. 차단할 수 있습니다!
Feature.Friends.Error.UserBannedError,회원님의 작업 수행이 정지되었습니다.
Feature.Friends.Error.UserBlockedError,회원님의 작업 수행이 차단되었습니다.
Feature.Friends.Error.UserNotPassedCaptcha,Captcha를 통과하지 못했습니다.
Feature.Friends.Feature.Friends.Heading.AddFriends,
Feature.Friends.FriendingTooltipBody,일부 친구 요청은 단지 내 휴대폰 번호를 이용해 나를 찾은 사용자가 보낸 것일 수도 있습니다. 친구 초대를 수락하기 전에 내가 아는 사람인지 꼭 확인하세요.
Feature.Friends.Heading.Activities,활동
Feature.Friends.Heading.FilterBy,필터링 기준
Feature.Friends.Heading.Friends,
Feature.Friends.Heading.MyConnections,내 친구
Feature.Friends.Label.AddConnectionVPC,이 사용자를 신뢰할 수 있는 인맥으로 추가하려면 보호자의 허락이 필요합니다.
Feature.Friends.Label.AddConnectionsHint,인맥과 함께하면 Roblox가 더욱 재미있어져요!
Feature.Friends.Label.AddConnectionsHintBody,이미 알고 있는 사람을 추가하거나 새로운 인맥을 찾아보세요
Feature.Friends.Label.AddFriendVPC,이 사용자를 신뢰할 수 있는 친구로 추가하려면 보호자의 허락을 받아야 합니다.
Feature.Friends.Label.All,
Feature.Friends.Label.AllowContactsAccess,Roblox에서 친구와 연결해 소통하려면 연락처에 대한 액세스를 허용하세요!
Feature.Friends.Label.Ask,요청
Feature.Friends.Label.AskYourParent,보호자의 허락을 받으세요.
Feature.Friends.Label.Cancel,
Feature.Friends.Label.ConnectWithFriends,친구와 인맥 맺기
Feature.Friends.Label.ConnectedNumDays,친구가 된 지 {num}일
Feature.Friends.Label.ConnectedNumMonths,친구가 된 지 {num}개월
Feature.Friends.Label.ConnectedNumYears,친구가 된 지 {num}년
Feature.Friends.Label.ConnectedOneDay,친구가 된 지 1일
Feature.Friends.Label.ConnectedOneMonth,친구가 된 지 1개월
Feature.Friends.Label.ConnectedOneYear,친구가 된 지 1년
Feature.Friends.Label.ConnectionOwns,1명의 인맥이 다음을 소유합니다.
Feature.Friends.Label.ConnectionRecentlyPlayed,<b>1명의 인맥</b>이 최근 플레이한 체험이에요
Feature.Friends.Label.ConnectionRemoved,인맥이 삭제되었습니다
Feature.Friends.Label.ConnectionRequest,
Feature.Friends.Label.ConnectionsCount,인맥 {connectionCount}명
Feature.Friends.Label.ConnectionsOwn,{numberOfConnections}명의 인맥이 다음을 소유합니다.
Feature.Friends.Label.ConnectionsPlayed,{numberOfConnections}명이 플레이함
Feature.Friends.Label.ConnectionsRecentlyPlayed,<b>{numberOfConnections}명의 인맥</b>이 최근 플레이한 체험이에요
Feature.Friends.Label.ContactsCaption,"Roblox는 이곳에서 나와 친구가 서로를 찾을 수 있도록 돕기 위해, 연락처를 정기적으로 동기화하고 일치하는 사용자를 저장합니다. 본 설정은 계정 설정 메뉴에서 언제든지 변경할 수 있습니다."
Feature.Friends.Label.FAEEligibleBanner.Body,신뢰할 수 있는 친구를 추가하려면 먼저 나이 확인 절차를 완료하세요.
Feature.Friends.Label.FewestInteractions,거의 대화하지 않는 친구
Feature.Friends.Label.FindFriendsHintBody,이미 알고 있는 친구와 소통하거나 새로운 친구를 찾으세요.
Feature.Friends.Label.Followed,팔로우함
Feature.Friends.Label.Follower,팔로워
Feature.Friends.Label.Followers,
Feature.Friends.Label.Following,팔로잉
Feature.Friends.Label.FollowsYou,나를 팔로우 중
Feature.Friends.Label.Frequent,함께 플레이함
Feature.Friends.Label.Friend,
Feature.Friends.Label.FriendInvite,Roblox 친구로 초대받았어요.
Feature.Friends.Label.FriendOwns,친구 1명이 보유함
Feature.Friends.Label.FriendRecentlyPlayed,<b>친구 1명</b>이 최근에 플레이함
Feature.Friends.Label.FriendRequest,
Feature.Friends.Label.FriendingTooltip,친구 맺기 관련 팁
Feature.Friends.Label.Friends,
Feature.Friends.Label.FriendsAreNowConnections,Roblox의 친구라는 명칭이 이제 인맥으로 변경되었습니다!
Feature.Friends.Label.FriendsHintBold,같이 플레이해요!
Feature.Friends.Label.FriendsHintPlain,먼저 친구를 추가하세요.
Feature.Friends.Label.FriendsOwn,친구 {numberOfConnections}명이 보유함
Feature.Friends.Label.FriendsPlayed,
Feature.Friends.Label.FriendsRecentlyPlayed,<b>친구 {numberOfConnections}명</b>이 최근에 플레이함
Feature.Friends.Label.InGame,체험 중
Feature.Friends.Label.IntroducingConnections,인맥 기능을 소개합니다
Feature.Friends.Label.JoinedInYear,{year}년에 가입함
Feature.Friends.Label.ManageFriendsList,친구 목록 관리
Feature.Friends.Label.ManageFriendsListCaption,"친구 목록을 최신 상태로 유지하기 위해, 거의 대화하지 않는 친구 목록을 검토하세요."
Feature.Friends.Label.MultipleMutuals,서로 아는 인맥 {numConnections}명
Feature.Friends.Label.MutualConnection,서로 아는 인맥 1명
Feature.Friends.Label.MutualConnectionTitle,공통 인맥 1명
Feature.Friends.Label.MutualConnections,
Feature.Friends.Label.MutualConnectionsTitle,공통 인맥 {numConnections}명
Feature.Friends.Label.MutualFriendTitle,서로 아는 친구 1명
Feature.Friends.Label.MutualFriends,서로 아는 친구
Feature.Friends.Label.MutualFriendsTitle,서로 아는 친구 {numConnections}명
Feature.Friends.Label.MyProfile,내 프로필
Feature.Friends.Label.NewConnection,새로운 인맥
Feature.Friends.Label.NewFriend,새 친구
Feature.Friends.Label.NewFriendRequestsMax,{maxRequestsCount}+
Feature.Friends.Label.NoFriendsYet,{name} 님은 아직 친구가 없습니다.
Feature.Friends.Label.NowTrusted,{username} 님이 이제 신뢰할 수 있는 친구가 되었습니다
Feature.Friends.Label.OneMutual,
Feature.Friends.Label.PYMK,아는 사이일 수 있는 사람
Feature.Friends.Label.Pending,대기 중
Feature.Friends.Label.PlayedByUser,<b>{name}</b> 님이 플레이한 체험이에요
Feature.Friends.Label.PlayedByUserAndOneOther,<b>{name}</b> 님 외 <b>1명의 인맥</b>이 플레이한 경험이에요
Feature.Friends.Label.PlayedByUserAndOneOther.FriendsRename,<b>{name}</b> 님 외 <b>1명의 친구</b>가 플레이함
Feature.Friends.Label.PlayedByUserAndOthers,<b>{name}</b> 님 외 <b>{numOfOthers}명의 인맥</b>이 플레이한 체험이에요
Feature.Friends.Label.PlayedByUserAndOthers.FriendsRename,<b>{name}</b> 님 외 <b>{numOfOthers}명의 친구</b>가 플레이함
Feature.Friends.Label.RenameInfoText,"Roblox 친구가 이제 인맥으로 변경되었습니다. 알고 있는 사람을 인맥으로 추가해 접속 상태를 바로 확인하고, 파티를 시작하고, 함께 플레이하세요. <br /><br />이제 나이 확인을 완료한 13세 이상의 사용자는 일정 자격을 갖춘 인맥과 함께 다채로운 채팅 기능을 잠금 해제할 수 있습니다. 곧 더 많은 기능도 추가될 예정입니다!"
Feature.Friends.Label.Request,
Feature.Friends.Label.SearchFriends,
Feature.Friends.Label.SearchPeople,
Feature.Friends.Label.SentFromWithContext,전송 위치: {gameName}
Feature.Friends.Label.SingularMutualFriend,
Feature.Friends.Label.Suggested,
Feature.Friends.Label.Unfollowed,언팔로우됨
Feature.Friends.Label.UnlockVoice,음성 잠금 해제
Feature.Friends.Label.YouAreFollowing,내가 현재 팔로잉
Feature.Friends.Label.YourLinkedParent,연결된 보호자
Feature.Friends.LinkText.LearnMore,자세히 알아보기
Feature.Friends.Message.DiscoverableSettings,내 휴대폰 번호를 알고 있는 Roblox 사용자에게 나를 추천할까요?
Feature.Friends.Message.EmptyState,연락처를 사용할 수 있게 되면 '친구 추가'에서 각 연락처를 볼 수 있습니다.
Feature.Friends.Message.FloodLimitExceededError,같은 작업을 너무 자주 반복하셨네요. 잠시 기다렸다가 다시 시도하세요.
Feature.Friends.Message.FriendAdded,
Feature.Friends.Message.NameFromContacts,"Roblox 이용 시, 내 전화번호를 알고 있는 사용자들은 각자의 기기에 저장된 내 이름을 볼 수 있게 됩니다."
Feature.Friends.Message.RevokedContacts,"이 기능을 사용하려면, 기기의 앱 설정에서 Roblox로 이동해 연락처를 활성화하세요."
Feature.Friends.Message.UploadContactsFailure,콘텐츠를 불러오는 중에 문제가 발생했습니다. 친구 추가 페이지에서 나중에 다시 시도하세요.
Feature.Friends.Message.ViewAndConnectHint,인맥 요청을 확인하고 알고 있는 사람을 추가하세요
Feature.Friends.Message.ViewAndConnectTooltip,"친구 요청을 확인하고, 이미 알고 있는 친구와의 소통을 시작합니다."
Feature.Friends.Mutual,공통 인맥
Feature.Friends.Mutuals,
Feature.Friends.OneMutualConnection,은(는) 서로 아는 인맥입니다
Feature.Friends.OneMutualFriend,님은 서로 아는 친구입니다
Feature.Friends.OneOtherMutualConnection,명의 서로 아는 인맥
Feature.Friends.OneOtherMutualFriend,명의 사용자는 서로 아는 친구입니다
Feature.Friends.PluralMutualConnections,
Feature.Friends.PluralMutualFriends,
Feature.Friends.PluralOtherMutualConnections,
Feature.Friends.PluralOtherMutualFriends,
Feature.Friends.Subtitle.ConnectionsEducation,"인맥과 더 쉽게 플레이하고 채팅하세요. 언제든 인맥을 삭제하거나, 차단하거나, 신고할 수 있습니다."
Feature.Friends.Subtitle.FriendsEducation,"친구들과 더 쉽게 플레이하고 채팅하세요. 언제든 친구를 끊거나, 차단하거나, 신고할 수 있습니다."
Feature.Friends.TCEducation.Banner.Text,"QR 코드나 연락처로 신뢰할 수 있는 인맥을 추가해 필터링 없는 채팅, 파티 음성 기능 등을 잠금 해제하세요."
Feature.Friends.TCEducation.Modal.TextIntro,"아는 사람들과 함께하면 Roblox가 더 즐거워집니다. 나이가 확인된 사용자를 QR 코드나 연락처를 통해 추가하면 신뢰할 수 있는 인맥이 되며, 다음과 같은 추가 혜택을 잠금 해제할 수 있습니다."
Feature.Friends.TCEducation.Modal.TextIntro.EighteenPlus,"18세 이상 사용자로 연령 확인을 완료했으므로, 연령이 확인된 18세 이상의 인맥 및 신뢰할 수 있는 인맥과 더 다양한 활동을 할 수 있습니다."
Feature.Friends.TCEducation.Modal.TextOutro,신뢰할 수 있는 인맥을 추가하는 새로운 방법이 곧 공개됩니다. 인맥을 관리해 내게 연락할 수 있는 대상의 범위를 조정하세요.
Feature.Friends.TCEducation.Modal.TextOutro.EighteenPlus,연령이 확인된 다른 사용자를 QR 코드나 연락처를 통해 추가하면 신뢰할 수 있는 인맥으로 등록됩니다. 더 다양한 방법도 곧 공개될 예정입니다.
Feature.Friends.TCEducation.Title,아는 사람들을 추가하세요
Feature.Friends.TCFeature.AndMore,그 외 더 많은 기능들
Feature.Friends.TCFeature.ChatWithoutFilters,필터링 없는 채팅
Feature.Friends.TCFeature.PartyVoice,파티 음성
Feature.Friends.TFEducation.Banner.Text,"QR 코드나 연락처로 신뢰할 수 있는 친구를 추가해 필터링 없는 채팅, 파티 음성 기능 등을 이용하세요."
Feature.Friends.TFEducation.Modal.TextIntro,"아는 사람들과 함께하면 더 풍성하게 Roblox를 즐길 수 있어요. 연령 인증을 완료한 사용자를 QR 코드나 연락처를 통해 추가하면 신뢰할 수 있는 친구로 설정되며, 다음과 같은 추가 혜택을 이용할 수 있습니다."
Feature.Friends.TFEducation.Modal.TextIntro.EighteenPlus,"만 18세 이상 사용자로 연령 인증을 완료했으므로, 연령 인증이 완료된 만 18세 이상의 친구 및 신뢰할 수 있는 친구와 더 다양한 활동을 할 수 있습니다."
Feature.Friends.TFEducation.Modal.TextOutro,다른 사람을 신뢰할 수 있는 친구로 추가하는 새로운 방법이 곧 공개됩니다. 친구를 관리해 내게 연락할 수 있는 대상을 관리하세요.
Feature.Friends.TFEducation.Modal.TextOutro.EighteenPlus,연령 인증이 완료된 다른 사용자를 QR 코드나 연락처를 통해 추가하면 신뢰할 수 있는 친구로 설정됩니다. 더 다양한 방법도 곧 공개될 예정입니다.
Feature.Friends.Text.IsPlaying,님이 플레이 중이에요
Feature.Friends.Text.NoConnections,아직 추가한 인맥이 없습니다. 시작하려면 인맥을 찾아 추가하세요.
Feature.Friends.Text.NoFriends,
Feature.Friends.Title.TrustedFriendsExpiredLink,링크가 만료됨
Feature.Friends.Title.TrustedFriendsInvalidLink,링크가 유효하지 않습니다
Feature.Friends.TrustedConnection.AcceptTrustedRequest,신뢰할 수 있는 인맥 수락
Feature.Friends.TrustedConnection.Action.RemoveTrustedConnection,신뢰할 수 있는 인맥에서 삭제
Feature.Friends.TrustedConnection.Label.AddTrustedConnection,신뢰할 수 있는 인맥 추가
Feature.Friends.TrustedConnection.Label.Trusted,
Feature.Friends.TrustedConnection.Toast.TrustedConnectionRemoved,신뢰할 수 있는 인맥이 삭제됨
Feature.Friends.TrustedFriend.AcceptTrustedRequest,신뢰할 수 있는 친구 수락하기
Feature.Friends.TrustedFriend.Action.RemoveTrustedFriend,신뢰할 수 있는 친구에서 삭제하기
Feature.Friends.TrustedFriend.AddBack.Header,
Feature.Friends.TrustedFriend.Info.Modal.Header,신뢰할 수 있는 새로운 친구
Feature.Friends.TrustedFriend.Label.AddTrustedFriend,신뢰할 수 있는 친구 추가하기
Feature.Friends.TrustedFriend.Label.AddTrustedFriends,
Feature.Friends.TrustedFriend.Label.AddTrustedFriendsAltCapitalization,신뢰할 수 있는 친구 추가
Feature.Friends.TrustedFriend.Toast.IsATrustedFriendNow,{name} 님은 이제 신뢰할 수 있는 친구입니다
Feature.Friends.TrustedFriend.Toast.TrustedFriendRemoved,신뢰할 수 있는 친구에서 삭제함
Feature.Friends.TrustedFriend.Toast.TrustedFriendRequestSent,신뢰할 수 있는 친구 요청을 보냄
Feature.FriendsActivityFeed.Label.ScreenTitleNoUsername,최근 활동
Feature.FriendsActivityFeed.Label.ScreenTitleWithUsername,{username} 님의 최근 활동
Feature.FriendsActivityFeed.Label.ViewRecentActivity,최근 활동 보기
Feature.FriendsActivityFeed.Timestamp.DaysAbbreviatedPlural,
Feature.FriendsActivityFeed.Timestamp.HoursAbbreviatedPlural,
Feature.FriendsActivityFeed.Timestamp.MinutesAbbreviatedPlural,
Feature.FriendsActivityFeed.Timestamp.Now,
Feature.FriendsActivityFeed.Timestamp.OneDayAbbreviated,
Feature.FriendsActivityFeed.Timestamp.OneHourAbbreviated,
Feature.FriendsActivityFeed.Timestamp.OneMinuteAbbreviated,
Feature.FriendsActivityFeed.Timestamp.OneWeekAbbreviated,
Feature.FriendsActivityFeed.Timestamp.WeeksAbbreviatedPlural,
Feature.FriendsMenu.Label.SearchForConnections,
Feature.FriendsMenu.Label.SelectedConnectionsCount,선택한 인맥 {numerator}/{denominator}명
Feature.FriendsMenu.Label.SelectedConnectionsCountNoLimit,선택한 인맥 {selectedCount}명
Feature.FriendsMenu.Label.SelectedFriendsCount,선택된 친구({numerator}/{denominator}명)
Feature.FriendsMenu.Label.SelectedFriendsCountNoLimit,선택된 친구({selectedCount}명)
Feature.GameDetails.Action.BuyRobux,
Feature.GameDetails.Action.Continue,
Feature.GameDetails.Action.CopyLink,
Feature.GameDetails.Action.CreatePrivateGame,비공개 서버 만들기
Feature.GameDetails.Action.GameDetails,
Feature.GameDetails.Action.GiveFeedback,피드백 제공
Feature.GameDetails.Action.InviteFriends,
Feature.GameDetails.Action.JoinFriendsInGame,친구들에게 합류
Feature.GameDetails.Action.NotInterested,관심 없음
Feature.GameDetails.Action.Refund,환불 요청
Feature.GameDetails.Action.Report,
Feature.GameDetails.Action.ReportAd,광고 신고
Feature.GameDetails.Action.Undo,실행 취소
Feature.GameDetails.Action.Unlock,
Feature.GameDetails.Action.WhyThisAd,이 광고가 나타나는 이유
Feature.GameDetails.Heading.FeaturedSongs,{experienceName} 내 인기곡
Feature.GameDetails.Heading.Media,미디어
Feature.GameDetails.Heading.PurchaseGame,체험 잠금 해제
Feature.GameDetails.Heading.Recommended,
Feature.GameDetails.Label.Age,
Feature.GameDetails.Label.By,
Feature.GameDetails.Label.Camera,카메라
Feature.GameDetails.Label.ChatFeatures,채팅 기능
Feature.GameDetails.Label.Community,
Feature.GameDetails.Label.ContainsStrongLanguagePillWarning,과격한 표현 포함
Feature.GameDetails.Label.ContentMaturity,
Feature.GameDetails.Label.Created,개발 완료일
Feature.GameDetails.Label.Developer,개발자
Feature.GameDetails.Label.DontLikeGame,게임이 마음에 들지 않음
Feature.GameDetails.Label.DontLikeImage,이미지가 마음에 들지 않음
Feature.GameDetails.Label.Follow,팔로우
Feature.GameDetails.Label.FriendsSeparator,", "
Feature.GameDetails.Label.Genre,장르
Feature.GameDetails.Label.GenreAdventure,모험
Feature.GameDetails.Label.GenreAll,
Feature.GameDetails.Label.GenreBuilding,건설
Feature.GameDetails.Label.GenreComedy,코미디
Feature.GameDetails.Label.GenreFPS,FPS
Feature.GameDetails.Label.GenreFighting,격투
Feature.GameDetails.Label.GenreInProgress,현재 이 체험에 대해 Roblox에서 지정한 장르를 표시 중입니다. 더욱 향상된 장르 시스템을 디자인 중이니 많이 기대해 주세요.
Feature.GameDetails.Label.GenreMedieval,중세
Feature.GameDetails.Label.GenreMilitary,군사
Feature.GameDetails.Label.GenreNaval,해군
Feature.GameDetails.Label.GenreRPG,RPG
Feature.GameDetails.Label.GenreSciFi,SF
Feature.GameDetails.Label.GenreUnderConstruction,체험 장르는 현재 구축 중이라 이용할 수 없습니다. 더욱 향상된 장르 시스템을 디자인 중이니 많이 기대해 주세요.
Feature.GameDetails.Label.GenreWestern,서부극
Feature.GameDetails.Label.Group,
Feature.GameDetails.Label.InappropriateContent,콘텐츠가 부적절함
Feature.GameDetails.Label.LabelGenreHorror,공포
Feature.GameDetails.Label.LabelGenreSports,스포츠
Feature.GameDetails.Label.LabelGenreTownAndCity,마을 및 도시
Feature.GameDetails.Label.LearnMore,
Feature.GameDetails.Label.LowercaseNumberPlaying,{numActivePlayers} 활성화
Feature.GameDetails.Label.Maturity,수위
Feature.GameDetails.Label.MaxPlayers,서버 크기
Feature.GameDetails.Label.Microphone,마이크
Feature.GameDetails.Label.NineAndOver,9세 이상
Feature.GameDetails.Label.No,
Feature.GameDetails.Label.None,
Feature.GameDetails.Label.NotSupported,지원 안 함
Feature.GameDetails.Label.PassesAndGear,패스 및 장비
Feature.GameDetails.Label.Playing,
Feature.GameDetails.Label.ProvideFeedbackTitle,
Feature.GameDetails.Label.Rating,평점
Feature.GameDetails.Label.ReportAbuse,
Feature.GameDetails.Label.Servers,서버
Feature.GameDetails.Label.SomethingElse,기타
Feature.GameDetails.Label.Store,
Feature.GameDetails.Label.Subgenre,하위 장르
Feature.GameDetails.Label.Supported,지원
Feature.GameDetails.Label.TellUsMorePlaceholder,더 자세히 알려주세요
Feature.GameDetails.Label.TooRepetitive,너무 반복적임
Feature.GameDetails.Label.Unavailable,
Feature.GameDetails.Label.Updated,업데이트 날짜
Feature.GameDetails.Label.Upvoted,추천함
Feature.GameDetails.Label.Visits,
Feature.GameDetails.Label.VoiceChat,
Feature.GameDetails.Label.VoiceEnabled,음성 채팅 사용
Feature.GameDetails.Label.Votes,{votes}표
Feature.GameDetails.Label.WhyThisAd,왜 이 광고가 나타나나요?
Feature.GameDetails.Label.Yes,
Feature.GameDetails.Message.AdPreferences,광고 기본 설정
Feature.GameDetails.Message.AnonymousFeedbackTermsOfUse,응답은 익명으로 공유되며 {underlineStart}Roblox 이용 약관{underlineEnd}에 따라 피드백으로 처리됩니다.
Feature.GameDetails.Message.BuyMoreRobuxToPurchaseGameV2,{gameName} 체험을 잠금 해제하려면 {shortfallPrice}의 Robux가 더 필요합니다. Robux를 더 구매할까요?
Feature.GameDetails.Message.ExternalLinkWarning,'계속'을 클릭하면 Roblox가 소유하거나 운영하는 웹사이트가 아닌 다른 페이지로 이동하게 됩니다. 해당 웹사이트에서는 다른 개인정보 처리방침이 적용될 수 있습니다.
Feature.GameDetails.Message.HelpImproveExperience,체험 개선을 도와주세요
Feature.GameDetails.Message.HidingExperienceQuestion,이 체험을 숨기는 이유에 대해 알려주세요.
Feature.GameDetails.Message.LeavingRobloxTitle,안녕히 가세요
Feature.GameDetails.Message.PurchaseGame,R${X}(으)로 {gameName} 체험을 잠금 해제할까요?
Feature.GameDetails.Message.PurchaseGameV2,{X} Robux를 사용해 {gameName} 체험을 잠금 해제할까요?
Feature.GameDetails.Message.SponsoredDisclosure.Error,일시적인 오류로 인해 스폰서십 정보를 표시할 수 없습니다.
Feature.GameDetails.Message.SponsoredDisclosure.O18NonPersonalizedNoLink,"이 스폰서 콘텐츠는 적절한 콘텐츠를 제공하기 위해 기기 정보, 위치, 나이와 같은 개인 맞춤화되지 않은 요소를 기반으로 표시됩니다. 이 체험의 크리에이터는 {CreatorName}입니다. 스폰서십 비용은 {PayerName}에서 지급했습니다. 자세한 내용은 계정 설정 내 '개인정보 보호 및 콘텐츠 성숙도' 페이지에서 확인하실 수 있습니다."
Feature.GameDetails.Message.SponsoredDisclosure.O18PersonalizedNoLink,"이 스폰서 콘텐츠는 위치, 기기 정보, 연령, 플랫폼 이용 행태 등 다양한 요소를 기반으로 관련성 높은 콘텐츠를 제공하기 위해 표시됩니다. 이 체험의 크리에이터는 {CreatorName}입니다. 스폰서십 비용은 {PayerName}에서 지급했습니다. 자세한 내용은 계정 설정 내 '개인정보 및 콘텐츠 수위' 페이지에서 확인하실 수 있습니다."
Feature.GameDetails.Message.SponsoredDisclosure.U18,"이 스폰서 콘텐츠는 적절한 콘텐츠를 제공하기 위해 기기 정보, 위치, 나이와 같은 개인 맞춤화되지 않은 요소를 기반으로 표시됩니다. 이 체험의 크리에이터는 {CreatorName}입니다. 스폰서십을 지불한 자는 {PayerName}입니다."
Feature.GameDetails.Message.SponsoredDisclosureNoUniverse.O18NonPersonalNoLink,"이 스폰서 콘텐츠는 적절한 콘텐츠를 제공하기 위해 기기 정보, 위치, 나이와 같은 비개인화 요소를 기반으로 표시됩니다. 스폰서십 비용은 {PayerName}에서 지급했습니다. 자세한 내용은 계정 설정 내 '개인정보 및 콘텐츠 수위' 페이지에서 확인하실 수 있습니다."
Feature.GameDetails.Message.SponsoredDisclosureNoUniverse.O18PersonalizedNoLink,"이 스폰서 콘텐츠는 관련성 높은 콘텐츠를 제공하기 위해 위치, 기기 정보, 연령, 플랫폼 이용 행태 등의 다양한 요소를 기반으로 표시됩니다. 스폰서십 비용은 {PayerName}에서 지급했습니다. 자세한 내용은 계정 설정 내 '개인정보 및 콘텐츠 수위' 페이지에서 확인하실 수 있습니다."
Feature.GameDetails.Message.SponsoredDisclosureNoUniverse.U18,"이 스폰서 콘텐츠는 적절한 콘텐츠를 제공하기 위해 기기 정보, 위치, 연령 등의 비개인화 요소를 기반으로 표시됩니다. 스폰서십 비용은 {PayerName}에서 지급했습니다."
Feature.GameDetails.Message.SuggestLessOften,이런 제안은 앞으로 덜 보여 드릴게요
Feature.GameDetails.RatingPercentOnly,평가 {percentRating}%
Feature.GameDetails.Toast.LinkCopied,
Feature.GameFollows.LabelNotifications,
Feature.GameFollows.TooltipFollowLimitReached,제한에 도달했어요. 이 체험을 팔로우하려면 다른 체험을 언팔로우하세요.
Feature.GameFollows.TooltipNotificationsButtonDescription,활동을 놓치지 않도록 알림을 켜세요
Feature.GameFollows.TooltipNotificationsLimitReached,한도에 도달했습니다. 먼저 다른 체험에 대한 알림을 끄세요.
Feature.GameFollows.TooltipTurnedOffNotifications,{experienceName}에 대한 알림 사용이 중지되었습니다
Feature.GameFollows.TooltipTurnedOnNotifications,{experienceName}에 대한 알림이 사용 설정되었습니다
Feature.GamePage.Action.BackToTop,맨 위로 돌아가기
Feature.GamePage.Label.Ad,
Feature.GamePage.Label.Sponsored,
Feature.GamePage.Label.SponsoredDisclosure,"스폰서 아이템은 크리에이터가 비용을 지불합니다. EU 사용자의 경우, 기기 유형, 위치, 인구 통계에 관한 일반적인 정보를 기반으로 표시될 수 있습니다. EU 외 지역은 추가 정보를 기반으로 광고가 표시될 수 있습니다."
Feature.GamePage.LabelCancelField,
Feature.GamePage.LabelNoSearchResults,결과를 찾을 수 없습니다
Feature.GamePage.LabelSearchInsteadForPlayersNamed,대신 다음 이름의 회원 검색:
Feature.GamePage.LabelShowingResultsFor,검색 결과 - 검색어:
Feature.GamePage.QuickLaunch.LaunchError.ContextualPlayabilityUnverifiedSeventeenPlusUser,나이 인증 결과로 인해 이 체험을 이용할 수 없습니다.
Feature.GamePage.QuickLaunch.LaunchError.GuestProhibited,게스트는 이 체험에 참여할 수 없습니다.
Feature.GamePage.QuickLaunch.LaunchError.PurchaseRequired,이 체험은 구매 후 방문이 가능합니다.
Feature.GamePage.QuickLaunch.LaunchError.RequestFailed,네트워크 요청 실패.
Feature.GamePage.QuickLaunch.LaunchError.TemporarilyUnavailable,현재 이 체험을 방문할 수 없습니다.
Feature.GamePass.Heading.PassesForThisGame,패스
Feature.GamepadDisconnect.Label.Message,사용자의 컨트롤러 '%s'에 대한 연결이 끊어졌습니다. 연결하려는 컨트롤러에서 '%s'를 누르세요.
Feature.GamepadDisconnect.Label.MessageGeneric,사용자의 컨트롤러 '%s'에 대한 연결이 끊어졌습니다. 컨트롤러를 다시 연결하세요.
Feature.GamepadDisconnect.Label.Title,컨트롤러 없음
Feature.Groups.Action.Cancel,
Feature.Groups.Action.CancelRequest,요청 취소
Feature.Groups.Action.Close,
Feature.Groups.Action.Continue,
Feature.Groups.Action.CreateGroup,커뮤니티 만들기
Feature.Groups.Action.Follow,
Feature.Groups.Action.JoinGroup,
Feature.Groups.Action.LeaveGroup,커뮤니티 나가기
Feature.Groups.Action.MakePrimary,기본 커뮤니티로 설정
Feature.Groups.Action.More,
Feature.Groups.Action.NotNow,
Feature.Groups.Action.RemovePrimary,기본 커뮤니티 설정 해제
Feature.Groups.Action.SeeAll,
Feature.Groups.Action.Unfollow,언팔로우
Feature.Groups.Action.ViewGroup,커뮤니티 보기
Feature.Groups.Description.JoinGroupPending,커뮤니티에서 참가 요청을 검토하고 있습니다.
Feature.Groups.Description.NotEligibleToJoin,이 커뮤니티에 가입할 수 없는 계정입니다.
Feature.Groups.Description.PremiumMaxGroups,가입한 커뮤니티 수가 한도에 도달했어요.
Feature.Groups.Description.RequiresAccountTenureTooltipOneDay,이 커뮤니티에 가입하려면 1일 동안 계정을 보유해야 해요.
Feature.Groups.Description.RequiresAccountTenureTooltipOneMonth,이 커뮤니티에 가입하려면 30일 동안 계정을 보유해야 해요.
Feature.Groups.Description.RequiresAccountTenureTooltipOneWeek,이 커뮤니티에 가입하려면 7일 동안 계정을 보유해야 해요.
Feature.Groups.Description.RequiresAccountTenureTooltipThreeDays,이 커뮤니티에 가입하려면 3일 동안 계정을 보유해야 해요.
Feature.Groups.Description.RequiresAccountTenureTooltipThreeMonths,이 커뮤니티에 가입하려면 90일 동안 계정을 보유해야 해요.
Feature.Groups.Heading.Community,
Feature.Groups.Heading.Followers,
Feature.Groups.Heading.Groups,
Feature.Groups.Heading.Members,
Feature.Groups.Heading.MyGroups,내 커뮤니티
Feature.Groups.Heading.Primary,
Feature.Groups.Heading.SocialLinksNew,소셜 링크
Feature.Groups.Heading.SocialMedia,소셜 미디어
Feature.Groups.Heading.VerificationRequired,계정 인증 필요
Feature.Groups.Heading.Videos,
Feature.Groups.Label.ByOwnerWithFormat,소유자: {ownerName}
Feature.Groups.Label.Follower,
Feature.Groups.Label.FollowerCapital,
Feature.Groups.Label.FollowerCapitalPlural,
Feature.Groups.Label.FollowerPlural,
Feature.Groups.Label.GroupClosed,커뮤니티가 닫힘
Feature.Groups.Label.GroupLocked,커뮤니티가 잠겼습니다
Feature.Groups.Label.Member,
Feature.Groups.Label.MemberCapitalPlural,
Feature.Groups.Label.MemberLowerCase,
Feature.Groups.Label.MemberLowerCasePlural,
Feature.Groups.Label.Owned,
Feature.Groups.Label.PreviousNames,이전 이름
Feature.Groups.Label.SearchMyGroups,내 커뮤니티 검색
Feature.Groups.Message.BannedFromGroup,이 커뮤니티에서 차단되었습니다.
Feature.Groups.Message.GroupClosed,닫힌 커뮤니티에는 가입할 수 없습니다.
Feature.Groups.Message.LoadGroupListError,커뮤니티 목록을 불러오지 못했습니다.
Feature.Groups.Message.NoGroupsFound,커뮤니티를 찾을 수 없음.
Feature.Groups.Message.NotInAnyGroups,커뮤니티의 멤버가 아닙니다.
Feature.Groups.Message.PinLocked,잠긴 핀으로는 이 작업을 수행할 수 없습니다. 계정 설정 페이지에서 핀을 잠금 해제하세요.
Feature.Groups.Modal.ContentTextHigh,"계정을 인증하고 커뮤니티에 가입하세요.

1. '계정 정보' > '나이 인증'으로 이동하세요.
2. 인증 절차를 완료하세요."
Feature.Groups.Modal.ContentTextLow,"계정을 인증하고 커뮤니티에 가입하세요.

1. '계정 정보'로 이동하세요.
2. 인증 수단을 선택하세요.
    - 휴대폰 번호 추가
    - 이메일 주소 추가
    - 나이 인증
3. 인증 절차를 완료하세요."
Feature.Groups.Modal.ContentTextMedium,"계정을 인증하고 커뮤니티에 가입하세요.

1. '계정 정보'로 이동하세요.
2. 인증 수단을 선택하세요.
    - 휴대폰 번호 추가 및 이메일 주소 추가
    - 나이 인증
3. 인증 절차를 완료하세요."
Feature.Groups.Notification.FailedToFollow,프로필을 팔로우하지 못했습니다. 나중에 다시 시도해 주세요.
Feature.Groups.Notification.FailedToJoin,커뮤니티에 하지 못했습니다. 나중에 다시 시도하세요.
Feature.Groups.Notification.FailedToLoad,커뮤니티를 불러오지 못했습니다. 나중에 다시 시도하세요.
Feature.Groups.Notification.Following,{groupName} 팔로잉 중.
Feature.Groups.Notification.GroupDoesNotExist,커뮤니티가 존재하지 않습니다.
Feature.Groups.Notification.GroupModerated,이 커뮤니티는 현재 규정 준수 확인 중입니다.
Feature.Groups.Notification.JoinRequestPending,{groupName}에 참가 요청했습니다.
Feature.Groups.Notification.Joined,{groupName}에 참가했습니다.
Feature.Groups.Title.AlreadyFollowing,이미 {groupName} 그룹을 팔로잉 중입니다
Feature.Groups.Title.AlreadyMember,이미 {groupName}의 멤버입니다
Feature.Groups.Title.Follow,{groupName} 팔로우
Feature.Groups.Title.Join,{groupName}에 참가
Feature.Groups.Title.RequestedToJoin,이미 {groupName}에 가입을 요청했습니다
Feature.Groups.Title.UnableToJoin,{groupName}에 참여할 수 없음
Feature.Home.ActionSeeAll,
Feature.Home.AddProviderFriendHintTitle,{provider} 친구를 추가하려면 여기를 누르세요!
Feature.Home.Button.Join,
Feature.Home.ClientCacheFallbackBanner.Action.Refresh,
Feature.Home.ClientCacheFallbackBanner.Label.Error,
Feature.Home.ClientCacheFallbackBanner.Label.ErrorRefreshingToastTitle,
Feature.Home.ClientCacheFallbackBanner.Label.RefreshPageToLoadContents,콘텐츠를 불러오려면 페이지를 새로 고침하세요
Feature.Home.Experiment.Reminders.BodyPositiveVariant,"모두에게 안전하고 즐거운 Roblox가 될 수 있도록 커뮤니티 규정을 따라 주세요. 공정하게 플레이하고, 다른 플레이어를 존중해 주세요."
Feature.Home.Experiment.Reminders.BodyShared,최근 회원님의 계정이 {policy_violation} 관련 Roblox 규정을 위반했습니다.
Feature.Home.Experiment.Reminders.BodyWarningVariant,커뮤니티 규정의 지침을 준수해 주세요. 그렇지 않고 경고를 계속 받으면 계정이 정지될 수도 있어요.
Feature.Home.Experiment.Reminders.Button,
Feature.Home.Experiment.Reminders.Title,커뮤니티 규정을 따라 주세요
Feature.Home.Experiment.Reminders.ViolationAdvertising,금지된 광고 관행 및 콘텐츠
Feature.Home.Experiment.Reminders.ViolationAskingForPII,개인정보 공유
Feature.Home.Experiment.Reminders.ViolationBullyingAndHarassment,따돌림 및 괴롭힘
Feature.Home.Experiment.Reminders.ViolationCheatingAndExploiting,사기
Feature.Home.Experiment.Reminders.ViolationContestsAndSweepstakes,불법/규제 대상 물품과 활동
Feature.Home.Experiment.Reminders.ViolationDirectingUsersOffPlatform,플랫폼 밖으로 사용자를 유인하는 행위
Feature.Home.Experiment.Reminders.ViolationDiscriminationAndHate,차별 및 혐오
Feature.Home.Experiment.Reminders.ViolationDisruptiveAudio,Roblox 시스템 오용
Feature.Home.Experiment.Reminders.ViolationDmca,지식 재산권 침해
Feature.Home.Experiment.Reminders.ViolationEncouragingDangerousBehavior,"자살, 자해, 해악 행위"
Feature.Home.Experiment.Reminders.ViolationExtortionAndBlackmail,"위협, 따돌림, 괴롭힘"
Feature.Home.Experiment.Reminders.ViolationIllegalAndRegulatedGoodsAndActivities,불법 및 규제 대상 물품과 활동
Feature.Home.Experiment.Reminders.ViolationIpViolation,
Feature.Home.Experiment.Reminders.ViolationIrlDangerousActivities,"자살, 자해, 해악 행위."
Feature.Home.Experiment.Reminders.ViolationMisleadingImpersonationMisrepresentation,
Feature.Home.Experiment.Reminders.ViolationMisusingRobloxSystems,
Feature.Home.Experiment.Reminders.ViolationOffPlatformSpeechAndBehavior,플랫폼 외부에서의 유해한 언행
Feature.Home.Experiment.Reminders.ViolationPoliticalContent,정치적 콘텐츠
Feature.Home.Experiment.Reminders.ViolationPoliticalContent.V2,정치적 인물 및 주체
Feature.Home.Experiment.Reminders.ViolationProfanity,비속어
Feature.Home.Experiment.Reminders.ViolationRealWorldTragedy,현실 세계의 민감한 사건
Feature.Home.Experiment.Reminders.ViolationRobloxEconomy,Roblox 경제 규정 위반
Feature.Home.Experiment.Reminders.ViolationRomanticContent,로맨틱한 콘텐츠
Feature.Home.Experiment.Reminders.ViolationScams,신용 사기
Feature.Home.Experiment.Reminders.ViolationSexualContent,성적인 콘텐츠
Feature.Home.Experiment.Reminders.ViolationSharingYourOwnPii,
Feature.Home.Experiment.Reminders.ViolationSpam,스팸
Feature.Home.Experiment.Reminders.ViolationTerrorismExtremism,테러 및 폭력적인 극단주의
Feature.Home.Experiment.Reminders.ViolationThreatsOrAbuseOfRobloxEmployeesOrAffiliates,
Feature.Home.Experiment.Reminders.ViolationTrademark,
Feature.Home.Experiment.Reminders.ViolationViolentContentAndGore,폭력 및 고어 콘텐츠
Feature.Home.Experiment.Reminders.ViolationVirtualCasino,가상 카지노
Feature.Home.Experiment.TextFilterEducation.General.Body.Pii.Modified,채팅 액세스 권한을 잃지 않으려면 개인 정보를 타인에게 공개하지 마세요.
Feature.Home.Experiment.TextFilterEducation.General.Body.Pii.Warning,회원님이 보낸 메시지 일부를 불가피하게 변경하거나 차단하였습니다. 개인 정보를 타인에게 공개하면 안 된다는 것을 잊지 마세요.
Feature.Home.Experiment.TextFilterEducation.General.Body.Respect.Modified,채팅 액세스 권한을 잃지 않으려면 항상 메시지에 정중한 표현을 사용하세요.
Feature.Home.Experiment.TextFilterEducation.General.Body.Respect.Warning,회원님이 보낸 메시지 일부를 불가피하게 변경하거나 차단하였습니다. 항상 메시지에 정중한 표현을 사용하세요.
Feature.Home.Experiment.TextFilterEducation.General.Body.Romance.Modified,채팅 액세스 권한을 잃지 않으려면 로맨스나 연애에 관련된 메시지를 보내지 마세요.
Feature.Home.Experiment.TextFilterEducation.General.Body.Romance.Warning,회원님이 보낸 메시지 일부를 불가피하게 변경하거나 차단하였습니다. 로맨스나 연애에 관련된 메시지를 보내면 안 된다는 것을 잊지 마세요.
Feature.Home.Experiment.TextFilterEducation.General.Body.Spam.Modified,채팅 액세스 권한을 잃지 않으려면 같은 메시지를 한 번만 보내세요.
Feature.Home.Experiment.TextFilterEducation.General.Body.Spam.Warning,회원님이 보낸 메시지 일부를 불가피하게 변경하거나 차단하였습니다. 같은 메시지를 한 번만 보내야 한다는 것을 잊지 마세요.
Feature.Home.Experiment.TextFilterEducation.General.Title.Warning,곧 채팅 액세스 권한을 잃게 될 수 있습니다.
Feature.Home.Experiment.TextFilterEducation.Kids.Body.Pii,"이름, 학교, 거주지를 타인에게 공유하면 안 된다는 것을 잊지 마세요."
Feature.Home.Experiment.TextFilterEducation.Kids.Body.Respect,항상 친절한 단어를 사용해야 한다는 것을 잊지 마세요.
Feature.Home.Experiment.TextFilterEducation.Kids.Body.Spam,같은 메시지를 한 번만 보내야 한다는 것을 잊지 마세요.
Feature.Home.Experiment.TextFilterEducation.Kids.Title.Modified,회원님이 보낸 메시지 일부를 불가피하게 변경하거나 차단하였습니다.
Feature.Home.Experiment.TextFilterEducation.Kids.Title.Warning,채팅을 못하게 될 수 있습니다.
Feature.Home.Heading.JoinYourFriends,친구와 합류
Feature.Home.HeadingFriends,친구 ({friendCount}명)
Feature.Home.Label.HappeningNow,지금 진행 중
Feature.Home.PeopleList.ChatWith,{username} 님과 채팅
Feature.Home.Robux,
Feature.InAppBugReporting.Message.AppVersion,빌드: {value}
Feature.InAppBugReporting.Message.CommentEmptyError,세부 사항은 반드시 입력해야 합니다
Feature.InAppBugReporting.Message.CommentLabel,신고 내용 설명
Feature.InAppBugReporting.Message.CommentPlaceholder,문제를 재현할 수 있도록 세부 사항을 제공해 주세요.
Feature.InAppBugReporting.Message.CommentTooShortError,세부 정보는 {minLength}자 이상이어야 합니다
Feature.InAppBugReporting.Message.DeviceName,기기: {value}
Feature.InAppBugReporting.Message.MinCharacterCount,최소 {currentCount}/{minCount}자
Feature.InAppBugReporting.Message.Screen,화면: {value}
Feature.InAppBugReporting.Message.ScreenshotAnnotation,스크린샷이 첨부됨
Feature.InAppBugReporting.Message.SystemVersion,OS: {value}
Feature.InAppBugReporting.Message.Title,
Feature.InAppBugReporting.Message.ToastFailure,피드백을 제출하지 못했습니다
Feature.InAppBugReporting.Message.ToastSuccess,피드백 제출 완료
Feature.InExperienceIntervention.Action.LetUsKnow,의견을 전해 주세요
Feature.InExperienceIntervention.Action.Understand,
Feature.InExperienceIntervention.Description.BeRespectful,앞으로는 규칙을 준수하고 타인을 존중해 주세요.
Feature.InExperienceIntervention.Description.CannotSend,{number}분 동안 텍스트 채팅에서 메시지를 보낼 수 없습니다.
Feature.InExperienceIntervention.Description.CannotSend1Day,1일 동안 텍스트 채팅에서 메시지를 보낼 수 없습니다.
Feature.InExperienceIntervention.Description.CannotSend1Hour,1시간 동안 텍스트 채팅에서 메시지를 보낼 수 없습니다.
Feature.InExperienceIntervention.Description.CannotSend1Min,1분 동안 텍스트 채팅에서 메시지를 보낼 수 없습니다.
Feature.InExperienceIntervention.Description.CannotSendDays,{number}일 동안 텍스트 채팅에서 메시지를 보낼 수 없습니다.
Feature.InExperienceIntervention.Description.CannotSendHours,"{number}시간 동안 텍스트 채팅에서 메시지를 보
낼 수 없습니다."
Feature.InExperienceIntervention.Description.CantUsePartyChat,지금은 메시지를 보낼 수 없습니다. 또 규칙을 위반하면 계정 액세스가 차단될 수 있습니다.
Feature.InExperienceIntervention.Description.ChatDisabled,Roblox의 커뮤니티 규정을 반복적으로 위반해 채팅에서 메시지를 보내는 기능을 일시적으로 비활성화했습니다.
Feature.InExperienceIntervention.Description.ChatIncludes,텍스트 채팅에 포함된 내용:
Feature.InExperienceIntervention.Description.ChatSuspension.Day.Expired,채팅 {number}일 정지 기간이 끝났습니다. 규정을 또 위반하면 일시 정지당할 수 있습니다.
Feature.InExperienceIntervention.Description.ChatSuspension.Days,회원님이 보낸 한 개 이상의 메시지가 규정을 위반했기 때문에 {number}일간 채팅을 사용할 수 없습니다. 규정을 또 위반하면 일시 정지당할 수 있습니다.
Feature.InExperienceIntervention.Description.ChatSuspension.Hour.Expired,채팅 {number}시간 정지 기간이 끝났습니다. 규정을 또 위반하면 일시 정지당할 수 있습니다.
Feature.InExperienceIntervention.Description.ChatSuspension.Hours,회원님이 보낸 한 개 이상의 메시지가 규정을 위반했기 때문에 {number}시간 동안 채팅을 사용할 수 없습니다. 규정을 또 위반하면 일시 정지당할 수 있습니다.
Feature.InExperienceIntervention.Description.ChatSuspension.Minute.Expired,채팅 {number}분 정지 기간이 끝났습니다. 규정을 또 위반하면 일시 정지당할 수 있습니다.
Feature.InExperienceIntervention.Description.ChatSuspension.Minutes,회원님이 보낸 한 개 이상의 메시지가 규정을 위반했기 때문에 {number}분간 채팅을 사용할 수 없습니다. 규정을 또 위반하면 일시 정지당할 수 있습니다.
Feature.InExperienceIntervention.Description.Disclaimer,오류가 있나요? {startLink}의견을 전해 주세요{endLink}
Feature.InExperienceIntervention.Description.FeedbackHelps,피드백은 시스템 개선에 도움이 됩니다.
Feature.InExperienceIntervention.Description.LoseAccess,이러한 일이 다시 발생하면 계정에 액세스하지 못하게 될 수도 있습니다.
Feature.InExperienceIntervention.Description.MayLoseAccess,규칙을 다시 위반하면 계정에 액세스하지 못하게 될 수도 있습니다.
Feature.InExperienceIntervention.Description.Mistake,오류가 있나요?
Feature.InExperienceIntervention.Description.PartyChatMayBeSuspended,Roblox에서는 개인정보 공유가 허용되지 않습니다. 규칙을 다시 위반할 경우 채팅 사용이 정지될 수 있습니다.
Feature.InExperienceIntervention.Description.TextChatMayBeSuspended,규칙을 다시 위반하면 텍스트 채팅 사용이 일시 정지될 수 있습니다.
Feature.InExperienceIntervention.Heading.CannotChat,{number}분 동안 채팅을 보낼 수 없습니다
Feature.InExperienceIntervention.Heading.ChatBreaksRules,규칙을 위반하는 텍스트 채팅을 했습니다
Feature.InExperienceIntervention.Heading.ChatSuspended,{number}분간 채팅 사용이 정지되었습니다
Feature.InExperienceIntervention.Heading.ChatSuspension.1Day,1일간 채팅 사용이 정지되었습니다
Feature.InExperienceIntervention.Heading.ChatSuspension.1Hour,1시간 동안 채팅 사용이 정지되었습니다
Feature.InExperienceIntervention.Heading.ChatSuspension.1Minute,1분간 채팅 사용이 정지되었습니다
Feature.InExperienceIntervention.Heading.ChatSuspension.Expired,채팅을 다시 이용할 수 있습니다
Feature.InExperienceIntervention.Heading.ChatSuspension.MultiHour,{number}시간 동안 채팅 사용이 정지되었습니다
Feature.InExperienceIntervention.Heading.ChatSuspension.MultiMinute,
Feature.InExperienceIntervention.Heading.ChatSuspension.Plural,{number}일간 채팅 사용이 정지되었습니다
Feature.InExperienceIntervention.Heading.DontSharePersonalInformation,개인정보 공유 금지
Feature.InExperienceIntervention.Heading.PartyChatSuspended,채팅 정지 해제까지 {remainingTime}
Feature.InExperienceIntervention.Heading.TakeALook,확인해 보겠습니다
Feature.InExperienceIntervention.Heading.TextChatSuspension,텍스트 채팅 일시 정지
Feature.InExperienceIntervention.Label.Complete,
Feature.InExperienceIntervention.Label.EndsOn,종료일시:
Feature.InExperienceIntervention.Label.Player,{username}: {evidence}
Feature.InExperienceIntervention.Label.TimeLeft.Day.Plural,
Feature.InExperienceIntervention.Label.TimeLeft.Day.Singular,
Feature.InExperienceIntervention.Label.TimeLeft.Hours,{time} 남음
Feature.InExperienceShop.Label.EndTime,{timeRemaining} 후 종료
Feature.InExperienceShop.Label.Timer.Day.Plural,
Feature.InExperienceShop.Label.Timer.Day.Singular,
Feature.InExperienceShop.Label.Timer.Hour.Plural,
Feature.InExperienceShop.Label.Timer.Hour.Singular,
Feature.InExperienceShop.Label.Timer.Minute.Plural,
Feature.InExperienceShop.Label.Timer.Minute.Singular,
Feature.InExperienceShop.Label.Timer.Second.Plural,{number}초
Feature.InExperienceShop.Label.Timer.Second.Singular,1초
Feature.Item.Label.DeleteFromInventoryConfirmUndercaseDelete,이 아이템을 인벤토리에서 영구적으로 삭제할까요? 마음이 바뀐다면 해당 아이템을 체험에서 다시 획득해야 합니다.
Feature.Item.Label.DeleteItemUndercase,아이템 삭제
Feature.Landing.Action.PlayNow,지금 플레이
Feature.Landing.Action.SignInWithRoblox,
Feature.Landing.Description.ContinuedTermsDisclaimer,"계속하면 중재를 포함한 당사의 {startTermsTag}약관{endTermsTag}에 동의하고 {startPrivacyTag}개인정보 처리방침{endPrivacyTag}의 내용을 인정하는 것으로 간주됩니다. 만 18세 미만인 경우, 부모나 보호자가 계정 생성 및 당사의 약관에 동의해야 합니다."
Feature.Landing.Label.BrazilContentDescriptorInappropriateLanguage,부적절한 언어
Feature.Landing.Label.BrazilContentDescriptorViolence,폭력
Feature.Landing.Label.BrazilContentRatingLogoTitle,권장 등급: 12세
Feature.Landing.Label.BrazilContentRatingLogoTitleSixteen,권장 등급: 만 16세
Feature.Landing.Label.BrazilInteractiveElementDescriptorInGamePurchases,게임 내 구매(랜덤 아이템 포함)
Feature.Landing.Label.BrazilInteractiveElementDescriptorUsersInteract,사용자 상호작용
Feature.Landing.Label.InvitedBy,초대한 사람: {name}
Feature.LegallySensitiveContent.Action.FriendDiscovery.NotNow,
Feature.LegallySensitiveContent.Action.FriendDiscovery.TurnOn,켜기
Feature.LegallySensitiveContent.Description.PhoneNumberDiscoverabilityUpsellConsent.FRnm,내 전화번호를 알고 있는 사람들이 Roblox에서 나를 친구로 추가할 수 있도록 도와줍니다
Feature.LegallySensitiveContent.Heading.TurnOnFriendDiscovery,친구 찾기 켜기
Feature.LocaleRestriction.Description.RobloxUnavailable,
Feature.LocaleRestriction.Label.LearnMore,
Feature.LocaleRestriction.Title.RobloxUnavailable,Roblox 이용 불가
Feature.MarketplaceFAEUpsell.ActionBar.InfoText.PostFAE,"나이 확인 완료, 무료 아이템을 받으세요."
Feature.MarketplaceFAEUpsell.ActionBar.InfoText.PreFAE,나이 확인을 완료하고 무료 아이템을 획득하세요
Feature.MarketplaceFAEUpsell.ActionBar.PrimaryButton.Text,
Feature.MarketplaceFAEUpsell.Message.AgeCheckCompleteItem,나이 확인이 완료되었습니다. 곧 인벤토리에서 {itemName} 아이템을 확인할 수 있습니다.
Feature.Moderation.Link.SupportForm,문의 양식
Feature.Moments.Action.AddMusic,음악 추가
Feature.Moments.Action.AddSticker,스티커 추가
Feature.Moments.Action.AddText,텍스트 추가
Feature.Moments.Action.AddVoice,음성 추가
Feature.Moments.Action.Back,
Feature.Moments.Action.Cancel,
Feature.Moments.Action.Continue,
Feature.Moments.Action.Delete,
Feature.Moments.Action.Done,
Feature.Moments.Action.Expand,펼치기
Feature.Moments.Action.GenerateText,텍스트 생성
Feature.Moments.Action.GenerateTextFeedbackNotHelpful,도움이 되지 않음
Feature.Moments.Action.GenerateTextFeedbackPolicy,부적절하거나 규정을 위반함
Feature.Moments.Action.Hide,세부 정보 숨기기
Feature.Moments.Action.HowToCapture,캡처 방법
Feature.Moments.Action.Join,
Feature.Moments.Action.Leave,
Feature.Moments.Action.Minimize,최소화
Feature.Moments.Action.Ok,
Feature.Moments.Action.Play,
Feature.Moments.Action.Post,
Feature.Moments.Action.Report,
Feature.Moments.Action.Retry,
Feature.Moments.Action.Return,갤러리로 돌아가기
Feature.Moments.Action.ReturnToEditing,편집으로 돌아가기
Feature.Moments.Action.ShowDetails,세부 정보 표시
Feature.Moments.Action.ShowMore,
Feature.Moments.Action.TrimVideo,동영상 잘라내기
Feature.Moments.Description.CommunityStandards,허용되는 표현과 금지되는 표현에 대한 자세한 내용은 커뮤니티 규정을 확인하세요.
Feature.Moments.Description.EmptyCapturesLibrary,내 캡처가 표시되는 곳입니다.
Feature.Moments.Description.GenerateTextFeedbackDisclosure,AI가 생성했습니다. 게시하기 전에 검토하세요. 게시된 내용에 대한 책임은 사용자에게 있습니다.
Feature.Moments.Description.HowToCaptureStep1,캡처가 활성화된 체험에 참가해서 햄버거 메뉴를 선택합니다.
Feature.Moments.Description.HowToCaptureStep2,캡처 제어를 활성화합니다.
Feature.Moments.Description.HowToCaptureStep3,게임 플레이 사진 및 동영상을 캡처합니다.
Feature.Moments.Description.LeaveMomentsCreation,"모든 변경 사항이 사라지지만, 이 캡처는 <b>캡처</b> 갤러리에서 계속 확인하실 수 있습니다."
Feature.Moments.Description.NoMusicResults,음악을 찾을 수 없음
Feature.Moments.Description.NonInfiniteScrollEndBody,모멘트에서 정지 지점에 도달했습니다. 계속 보려면 아래를 누르세요.
Feature.Moments.Description.PublishMoment,모멘트에 대한 설명을 작성해 주세요
Feature.Moments.Description.TooManyUploads,오늘 업로드한 동영상이 너무 많습니다. 내일 다시 시도하세요.
Feature.Moments.Disclaimer.EveryoneMoments,모멘트에 참여하는 모든 사람이 게시된 내용을 볼 수 있습니다
Feature.Moments.Label.All,
Feature.Moments.Label.AttemptingJoinExperience,{placeName}에 참가하려고 시도 중입니다. 몇 초 정도 걸릴 수 있습니다.
Feature.Moments.Label.CaptureLibrary,
Feature.Moments.Label.DeleteMomentBody,모멘트가 삭제되면 복구할 수 없습니다.
Feature.Moments.Label.DeleteMomentTitle,모멘트를 삭제할까요?
Feature.Moments.Label.Error,
Feature.Moments.Label.FeedEndBody,나중에 다시 확인하거나 나만의 모멘트를 만들어 보세요.
Feature.Moments.Label.FeedEndTitle,모두 확인했습니다
Feature.Moments.Label.FeedFailedToLoad,피드를 불러오지 못했습니다.
Feature.Moments.Label.FeedMyMoments,내 모멘트
Feature.Moments.Label.FeedTrending,트렌드
Feature.Moments.Label.HowToUseCaptureTitle,캡처 사용 방법
Feature.Moments.Label.LinkCopied,링크를 복사했습니다.
Feature.Moments.Label.LinkCopyFailed,링크를 복사하지 못했습니다.
Feature.Moments.Label.ModeratedRodeoBody,이 모멘트는 당사 커뮤니티 규정에 위배되므로 삭제되었습니다. 모멘트가 계속 표시되도록 하려면 규정을 숙지하고 준수하세요.
Feature.Moments.Label.MomentDeletedBody,
Feature.Moments.Label.MomentDeletedTitle,
Feature.Moments.Label.MomentFailedToPostBody,문제가 발생했습니다.
Feature.Moments.Label.MomentFailedToPostTitle,모멘트를 게시하지 못했습니다
Feature.Moments.Label.MomentPublishedBody,모멘트 게시가 완료되었습니다.
Feature.Moments.Label.MomentPublishedTitle,모멘트 게시됨
Feature.Moments.Label.MomentUnavailable,모멘트 이용 불가
Feature.Moments.Label.MomentUnavailableDefault,이 모멘트는 이용할 수 없습니다.
Feature.Moments.Label.MomentsExperienceName,
Feature.Moments.Label.Music,
Feature.Moments.Label.NonInfiniteScrollEndTitle,지금은 모두 확인했습니다
Feature.Moments.Label.Photos,사진
Feature.Moments.Label.PostDeleted,모멘트 삭제됨
Feature.Moments.Label.PostRemovedBody,게시하신 모멘트는 당사 커뮤니티 규정에 위배됩니다.
Feature.Moments.Label.PublishingRodeoBody,오래 걸리지 않을 겁니다.
Feature.Moments.Label.Reactions,반응
Feature.Moments.Label.ReportReason.BreaksRules,이 게시물이 규칙을 위반하였습니다
Feature.Moments.Label.ReportReason.IntellectualProperty,이 게시물은 나의 지식 재산권을 침해합니다
Feature.Moments.Label.ReportSubmittedBody,피드백을 제공해 주셔서 감사합니다!
Feature.Moments.Label.ReportSubmittedTitle,신고 제출 완료
Feature.Moments.Label.RobloxPartnerContent,Roblox 파트너 콘텐츠
Feature.Moments.Label.RodeoPublishingTitle,모멘트 게시 중
Feature.Moments.Label.Search,
Feature.Moments.Label.ShareLinkTitle,Roblox의 모멘트
Feature.Moments.Label.StayFriendlyModeration,친근한 분위기를 유지해 보세요
Feature.Moments.Label.TextGenerateInProgressBody,오버레이를 수동으로 편집하기 전에 AI가 생성한 텍스트가 표시될 때까지 기다려 주세요.
Feature.Moments.Label.TextGenerateInProgressTitle,생성 진행 중
Feature.Moments.Label.TextGenerateOverrideBody,생성 시 현재 텍스트 오버레이 및 설명이 대체됩니다.
Feature.Moments.Label.TextGenerateOverrideTitle,텍스트가 대체됩니다
Feature.Moments.Label.TextGeneratedBody,AI가 생성한 오버레이와 설명이 추가되었습니다.
Feature.Moments.Label.TextGeneratedTitle,텍스트 생성됨
Feature.Moments.Label.TextGenerationFailedBody,텍스트를 생성하지 못했습니다. 다시 시도해 보세요.
Feature.Moments.Label.TextGenerationFailedTitle,생성 실패
Feature.Moments.Label.TextGenerationFilteredBody,콘텐츠 필터링으로 인해 이 캡처된 동영상에서 생성 기능을 사용할 수 없습니다.
Feature.Moments.Label.TextGenerationFilteredTitle,생성이 차단되었습니다
Feature.Moments.Label.Tone,어조
Feature.Moments.Label.Tone.Cinematic,시네마틱함
Feature.Moments.Label.Tone.Funny,유쾌함
Feature.Moments.Label.Tone.Hype,활기참
Feature.Moments.Label.Tone.Neutral,무난함
Feature.Moments.Label.Videos,
Feature.Moments.Title.GenerateTextFeedbackReason,어떤 문제가 생겼나요?
Feature.Moments.Title.GenerateTextOptions,
Feature.Moments.Title.LeaveMomentCreation,모멘트 만들기를 종료할까요?
Feature.Moments.Title.MomentRemoved,
Feature.Moments.Title.ReportPost,게시물 신고
Feature.MusicPlayer.Action.GoToSongDetails,'노래 세부 정보'로 이동
Feature.MusicPlayer.Action.Report,리포트
Feature.NotApproved.Action.Continue,
Feature.NotApproved.Action.LogOut,
Feature.NotApproved.Action.ReactivateAccount,내 계정 재활성화
Feature.NotApproved.Action.ReportMistake,오류 신고
Feature.NotApproved.Action.RuleConfirmation,규칙을 숙지하고 따를 것에 동의합니다.
Feature.NotApproved.Action.UserAgree,
Feature.NotApproved.Action.ViewLess,
Feature.NotApproved.Action.ViewMore,
Feature.NotApproved.Action.ViewRules,규칙 보기
Feature.NotApproved.Action.ViewRulesUGCAvatarGuidelines,UGC 아바타 가이드라인에서 규칙 보기
Feature.NotApproved.Description.AppealViaSupport,이 결정에 대해 이의를 신청하려면 지원 {link}센터로 문의하세요.{linkEnd}
Feature.NotApproved.Description.AppealWithPortal,이의 신청을 하려면 {startLink}규정 위반 및 이의 신청{endLink}을 방문하세요.
Feature.NotApproved.Description.AppealsProcess,이의 신청 절차에 대한 자세한 정보는 {startLink}콘텐츠 규정 준수 확인 이의 신청{endLink}에서 확인하세요.
Feature.NotApproved.Description.AutomatedDetectionAutomatedDecision,"본 정책 위반은 자동화 시스템에 의해 감지되었으며, 본 결정은 자동화에 의해 진행되었습니다"
Feature.NotApproved.Description.AutomatedDetectionAutomatedDecision.V2,Roblox는 자동화된 시스템을 사용해 해당 위반을 감지하고 결정을 내렸습니다.
Feature.NotApproved.Description.AutomatedDetectionManualDecision,본 정책 위반은 자동화 시스템에 의해 감지되었습니다
Feature.NotApproved.Description.AutomatedDetectionManualDecision.V2,Roblox는 자동화된 시스템을 사용해 해당 위반 사항을 감지했습니다.
Feature.NotApproved.Description.AvatarBrokeRules,아바타를 변경해 주세요. 커뮤니티 규정을 위반하는 아바타를 사용하는 플레이어는 곧 이 게임 이용이 정지됩니다.
Feature.NotApproved.Description.AvatarViolation,삭제될 수 있습니다
Feature.NotApproved.Description.Ban,계정이 비활성화되었습니다. {date}일 후에 재활성화할 수 있습니다.
Feature.NotApproved.Description.Ban.V2,위반 이력에 따라 계정이 일시 정지되었습니다. {date} 이후에 다시 활성화할 수 있습니다.
Feature.NotApproved.Description.BannedDescription.Kids,더 이상 이 계정을 사용할 수 없습니다.
Feature.NotApproved.Description.Behavior,회원님의 행동
Feature.NotApproved.Description.BrokeRulesBanned,규칙을 반복해서 위반하거나 위반 정도가 심각해 사용자의 계정을 정지했습니다.
Feature.NotApproved.Description.BrokeRulesGeneric,커뮤니티 규칙에 맞지 않는 행동을 하셨습니다.
Feature.NotApproved.Description.BrokeRulesPolicy,{policy} 규칙에 맞지 않는 행동을 하셨습니다.
Feature.NotApproved.Description.BrokeRulesPolicy.V2,
Feature.NotApproved.Description.BrokeRulesSpecific,은 {policies} 규칙 위반에 해당합니다.
Feature.NotApproved.Description.BrokeRulesType,{type}(이)가 커뮤니티 규칙에 맞지 않습니다.
Feature.NotApproved.Description.BrokeRulesTypePolicy,{type}(이)가 {policy} 규칙에 맞지 않습니다.
Feature.NotApproved.Description.BrokeRulesTypePolicy.V2,
Feature.NotApproved.Description.CommunityStandards,모든 연령대의 사용자가 Roblox를 재미있게 즐길 수 있도록 {startLink}Roblox 커뮤니티 규정{endLink}을 준수해 주세요.
Feature.NotApproved.Description.Delete,계정이 영구 정지되었습니다.
Feature.NotApproved.Description.FollowTheRules,규칙을 파악하고 준수하세요.
Feature.NotApproved.Description.Foreshadow,"규칙을 계속 위반할 경우, 이용 정지 기간이 늘어나거나 계정이 영구 정지될 수 있습니다."
Feature.NotApproved.Description.Foreshadow.Kids,규정을 더 많이 위반하면 더 오랜 기간 이용이 정지될 수 있습니다. 또는 이용이 차단될 수 있습니다.
Feature.NotApproved.Description.LinkedAccounts,관련 조치는 연결된 모든 계정에서 발생한 사용자의 행동을 기반으로 결정됩니다.
Feature.NotApproved.Description.ManualDetectionAutomatedDecision,본 결정은 자동화에 의해 진행되었습니다
Feature.NotApproved.Description.ManualDetectionAutomatedDecision.V2,Roblox는 자동화된 시스템을 사용해 해당 결정을 내렸습니다.
Feature.NotApproved.Description.Mistake,여기서 이 결정에 관해 이의를 신청하거나 재검토를 요청할 수 있습니다.
Feature.NotApproved.Description.Mistake.Kids,오류가 있었나요? 이의를 신청할 수 있습니다.
Feature.NotApproved.Description.Mistake.V2,오류가 있나요? 여기서 이 결정에 관해 이의를 신청하거나 재검토를 요청할 수 있습니다.
Feature.NotApproved.Description.Mistake.V3,판단에 실수가 있었다고 생각되는 경우 이 결정에 대한 이의를 신청할 수 있습니다.
Feature.NotApproved.Description.PluralViolation,내 {type} 중 하나
Feature.NotApproved.Description.ReactivationNotice,'계속'을 선택하여 규칙을 검토하고 바로 플레이를 즐기세요.
Feature.NotApproved.Description.ReviewProcess,회원님의 활동에는 기술 및 인적 검토가 모두 적용됩니다.
Feature.NotApproved.Description.RuleExplanation.Bullets.Bullying.Kids,"항상 친절한 태도로 다른 사람을 괴롭히지 마세요. 
다른 사람을 해치겠다고 위협하지 마세요. 
다른 사람의 개인정보를 보호하세요."
Feature.NotApproved.Description.RuleExplanation.Bullets.MisusingRobloxSystems,"다른 사람을 사칭하는 행위
실제로 발생하지 않은 일에 대한 사용자 신고
사람들을 속여 무언가를 하게 하는 행위
타인의 계정에 대한 무단 접근 시도
Roblox를 안전하게 유지하는 규칙을 우회하기 위한 새 Roblox 계정 생성"
Feature.NotApproved.Description.RuleExplanation.Bullets.PII,"이름, 주소, 전화번호, 이메일
다른 계정의 사용자 이름
비밀번호"
Feature.NotApproved.Description.RuleExplanation.Bullets.RealLifeEvents,"많은 사람이 다치거나 막대한 피해를 입은 폭력 행위
지진, 허리케인, 토네이도와 같은 끔찍한 사고 또는 자연재해
뉴스에 보도된 충격적인 범죄
특정 사람들이 잔혹하거나 불공정한 대우를 받는 실제 사건"
Feature.NotApproved.Description.RuleExplanation.Bullets.SSHAndIllegalRegAct,"자신이나 타인을 해치는 방법
온라인 트렌드를 포함한 현실 세계에서의 위험한 신체적 도전
주류 및 마약과 같은 불법 또는 위험한 행위
상금을 위한 도박, 베팅 또는 기회 게임
현실 세계에서 무기를 만드는 방법"
Feature.NotApproved.Description.RuleExplanation.Bullets.SexualContent.Kids,"우리는 Roblox에서 친구로 지냅니다.
우리는 추파를 던지거나, 키스하거나, 데이트를 하지 않습니다.
우리 아바타는 지나치게 노출된 옷을 입지 않습니다."
Feature.NotApproved.Description.RuleExplanation.Bullets.SharingPII.Kids,"비밀번호
실명, 주소, 전화번호 또는 이메일
다른 계정의 사용자 이름
인물 사진"
Feature.NotApproved.Description.RuleExplanation.BullyingHarassmentDiscrimination,"다른 사람에게 또는 특정인에 대해 불쾌한 말을 하는 것은 절대 허용되지 않습니다. 여기에는 개인 정보를 공유하거나 실제로 상처를 주는 등의 방식으로 다른 사람에게 해를 끼치겠다고 위협하는 것도 포함됩니다. 
또한 정체성, 믿음 또는 출신 지역에 따라 다른 사람을 배제하거나 불쾌하게 대하는 것도 규칙에 위배됩니다."
Feature.NotApproved.Description.RuleExplanation.Dating,"채팅할 때는 친근하게 대하고, 추파를 던지지 마세요. 키스나 데이트와 같은 애정 표현은 허용되지 않습니다. 또한, 아바타의 옷차림이 지나치게 노출이 심하지 않게 주의하세요."
Feature.NotApproved.Description.RuleExplanation.DirectingUsersOffPlatform,"채팅에서 다른 웹사이트로 연결되는 링크를 공유하거나 다른 앱이나 소셜 미디어에서 프로필을 찾는 방법을 알려주는 것은 규칙에 위배됩니다. 누군가가 다른 웹사이트를 방문해 보라고 해도 절대 그렇게 하지 마세요. 항상 Roblox에서 게임플레이에 관한 대화만 하세요.
또한 Roblox 외부에서 Robux 또는 Roblox 아이템을 구매, 판매 또는 거래하는 것도 허용되지 않습니다."
Feature.NotApproved.Description.RuleExplanation.MisusingRobloxSystems,"다음과 같이 Roblox에서 부정행위를 하거나, 거짓말을 하거나, 그러한 방법을 공유하는 것은 규칙에 위배됩니다."
Feature.NotApproved.Description.RuleExplanation.PII,모든 사용자와 계정을 안전하게 보호하기 위해 다음과 같은 개인 정보를 요청하거나 공유하는 것은 규칙에 위배됩니다.
Feature.NotApproved.Description.RuleExplanation.RealLifeEvents,"현실 세계에서 일어난 특정 사건에 무례한 태도를 취하는 것은 규칙에 위배됩니다. 여기에는 많은 사람에게 슬픔이나 공포심을 일으킨 사건이나 해당 사건에 연루된 사람을 재현하거나 조롱하는 것이 포함됩니다.
다음과 같은 상황이 포함됩니다."
Feature.NotApproved.Description.RuleExplanation.SSHAndIllegalRegulatedActivities,"다음과 같은 위험하거나 유해한 주제에 대해 콘텐츠를 제작하거나, 채팅하거나, 농담하는 것은 절대 허용되지 않습니다."
Feature.NotApproved.Description.RuleExplanation.SharingPII.Kids,다음 정보는 공유하지 마세요:
Feature.NotApproved.Description.RuleExplanation.Spam,같은 말을 반복해서 메시지로 보내는 것은 허용되지 않습니다.
Feature.NotApproved.Description.RuleExplanation.Swearing,"욕설은 절대 허용되지 않습니다. 여기에는 탐지 시스템을 우회하기 위해 오타, 기호 또는 기타 방법을 사용하는 것도 포함됩니다."
Feature.NotApproved.Description.RuleExplanation.ViolentContentAndGore,"사실적인 폭력을 표현하거나 사람, 동물 또는 캐릭터가 신체적 또는 정서적으로 심각한 상처를 입은 것처럼 보이게 하는 것은 규칙에 위배됩니다."
Feature.NotApproved.Description.RuleImportance.Bullets.SharingPII.Kids,"온라인에서 누구를 신뢰해야 할지 알기 어려울 수 있습니다.
낯선 사람이 내 정보를 사용하여 나를 찾을 수 있습니다.
비밀번호를 공유하면 다른 사람이 내 계정이나 Robux를 탈취할 수 있습니다."
Feature.NotApproved.Description.RuleImportance.Bullying.Kids,나쁜 행동은 다른 플레이어에게 상처를 줍니다. 친절하게 행동하면 모두가 Roblox를 즐길 수 있습니다.
Feature.NotApproved.Description.RuleImportance.BullyingHarassmentDiscrimination,"모두가 즐거운 커뮤니티를 만들기 위해, 타인을 불안하거나 불편하게 만드는 말이나 행동을 하지 않아야 합니다. Roblox는 모든 인종, 민족, 성 정체성, 능력, 성적 취향 및 종교를 위한 공간입니다."
Feature.NotApproved.Description.RuleImportance.Dating,채팅과 아바타를 우정에 집중하면 모두가 편안한 환경을 조성할 수 있습니다.
Feature.NotApproved.Description.RuleImportance.DirectingUsersOffPlatform,"Roblox는 채팅과 상호작용을 안전하게 유지해 주는 안전 보호 기능을 갖추고 있습니다. 사용자의 계정과 아이템을 탈취하기 위한 가짜 웹사이트로 연결되는 링크는 Roblox와 똑같이 꾸며진 외관을 갖고 있습니다. 또한, 해당 사이트에는 부적절한 사진이나 동영상이 포함되어 있을 수 있습니다. Roblox 외부에서 Robux나 아이템을 거래하는 경우, 상대방이 약속한 사항을 제공하지 않고 거짓말을 할 수 있습니다."
Feature.NotApproved.Description.RuleImportance.MisuingRobloxSystems,그 누구도 불공정하게 유리한 상황이 되는 일이 없도록 모두가 규칙을 준수하고 정직하게 플레이하면 Roblox는 모든 사람에게 즐거운 공간이 될 수 있습니다.
Feature.NotApproved.Description.RuleImportance.MisusingRobloxSystems,
Feature.NotApproved.Description.RuleImportance.PII,"낯선 사람이 현실에서 내가 누구인지 알아내면, Roblox 외부에서 연락을 시도할 수 있습니다. 온라인에서는 상대가 좋은 사람인지 나쁜 사람인지 알기 어렵기 때문에 위험한 상황이 발생할 수 있습니다. 이런 이유로 비밀번호는 절대 공유하지 않아야 합니다. 누군가가 내 계정과 내가 얻은 모든 것을 탈취할 수 있기 때문입니다."
Feature.NotApproved.Description.RuleImportance.RealLifeEvents,이러한 상황을 겪은 사람은 상황이 재현되거나 조롱당하는 것을 보고 큰 불쾌감을 느낄 수 있습니다.
Feature.NotApproved.Description.RuleImportance.SSHAndIllegalRegulatedActivities,자신이나 다른 사람을 해치는 콘텐츠를 공유하는 것은 안전하지 않습니다. 힘든 시간을 보내고 있다면 믿을 수 있는 어른과 대화를 나누는 것이 중요합니다. 위험한 스턴트를 공유하는 등의 행동은 다른 사람들이 그런 스턴트를 시도하다가 심각한 부상을 입게 할 위험이 있습니다. 이러한 내용을 공유하지 않는 것이 자신과 Roblox의 모든 사람을 안전하게 지키는 길입니다.
Feature.NotApproved.Description.RuleImportance.SexualContent.Kids,친근한 채팅과 아바타로 모두가 Roblox를 즐길 수 있습니다.
Feature.NotApproved.Description.RuleImportance.Spam,스팸은 대화를 방해하고 재미를 망칩니다.
Feature.NotApproved.Description.RuleImportance.Swearing,Roblox는 어린 아이들을 포함한 모든 사람을 위한 공간입니다. 우리는 커뮤니티 전체를 존중하고 반기는 단어를 사용합니다.
Feature.NotApproved.Description.RuleImportance.ViolentContentAndGore,"우리 커뮤니티에는 어린아이들도 포함되어 있으며, 극단적인 폭력을 목격할 경우, 아이들이 공포감이나 불안감을 느낄 수 있습니다."
Feature.NotApproved.Description.SecondChance.Details,이제 다시 게임을 즐길 수 있습니다. 나중에 이 결정에 대한 이의 신청을 할 수 없습니다.
Feature.NotApproved.Description.SecondChance.Second,과거에 책임감 있게 행동하셨기 때문에 이번 한 번은 계정 이용 정지를 면할 수 있었습니다.
Feature.NotApproved.Description.SuspendedUntil,{date} {time}까지 이용이 일시 중지됩니다 .
Feature.NotApproved.Description.Violation,회원님은 Roblox의 {startLink}이용 약관{endLink}을 위반한 것으로 확인되었습니다.
Feature.NotApproved.Description.WarningDescription.Kids,규칙을 위반하셨습니다. 같은 일이 계속 발생할 경우 계정이 일시 정지될 수 있습니다.
Feature.NotApproved.Heading.AccountBanned,계정 이용이 정지됨
Feature.NotApproved.Heading.AccountDeleted,
Feature.NotApproved.Heading.AccountTerminated,계정이 종료되었습니다
Feature.NotApproved.Heading.Banned,영구 정지됨
Feature.NotApproved.Heading.BannedMultipleDays,{number}일간 일시 정지됨
Feature.NotApproved.Heading.BannedMultipleHours,{number}시간 일시 정지
Feature.NotApproved.Heading.BannedMultipleMinutes,{number}분 일시 정지
Feature.NotApproved.Heading.BannedMultipleSeconds,{number}초 일시 정지
Feature.NotApproved.Heading.BannedOneDayOnly,1일간 일시 정지됨
Feature.NotApproved.Heading.BannedOneHour,1시간 일시 정지
Feature.NotApproved.Heading.BannedOneMinute,1분 일시 정지
Feature.NotApproved.Heading.BannedOneSecond,1초 일시 정지
Feature.NotApproved.Heading.Error,알 수 없는 오류가 발생했어요. 나중에 다시 시도하세요.
Feature.NotApproved.Heading.ReactivationNotice,다시 게임을 즐기세요
Feature.NotApproved.Heading.RecentlyChecked,최근 확인한 사항
Feature.NotApproved.Heading.RuleExplanation.Bullying.Kids,다른 사용자를 존중하는 마음으로 대해 주세요
Feature.NotApproved.Heading.RuleExplanation.BullyingHarassmentDiscrimination,모든 사람을 환영해 주세요
Feature.NotApproved.Heading.RuleExplanation.Dating,친구 사이로만 지내기
Feature.NotApproved.Heading.RuleExplanation.DirectingUsersOffPlatform,Roblox에서만 활동하기
Feature.NotApproved.Heading.RuleExplanation.MisusingRobloxSystems,공정하고 정직하게 플레이하기
Feature.NotApproved.Heading.RuleExplanation.PII,개인 정보 보호
Feature.NotApproved.Heading.RuleExplanation.RealLifeEvents,실제 사건을 존중하는 태도 보이기
Feature.NotApproved.Heading.RuleExplanation.SSHAndIllegalRegulatedActivities,건강한 마음과 몸 유지하기
Feature.NotApproved.Heading.RuleExplanation.SexualContent.Kids,친근한 분위기 유지하기
Feature.NotApproved.Heading.RuleExplanation.SharingPII.Kids,내 정보를 비공개로 유지하세요
Feature.NotApproved.Heading.RuleExplanation.Spam,대화를 유도하세요
Feature.NotApproved.Heading.RuleExplanation.Swearing,친절하고 정중한 단어를 사용하세요
Feature.NotApproved.Heading.RuleExplanation.ViolentContentAndGore,침착하게 플레이하세요
Feature.NotApproved.Heading.RuleImportance,이러한 방침이 중요한 이유는 무엇인가요?
Feature.NotApproved.Heading.RuleImportance.Kids,이러한 태도가 중요한 이유
Feature.NotApproved.Heading.SecondChance,이 규칙을 숙지하고 즉시 게임을 다시 즐기세요.
Feature.NotApproved.Heading.SecondChance.Details,이번 한 번만 이용 정지를 피하시겠어요?
Feature.NotApproved.Heading.Suspended,이용 정지됨
Feature.NotApproved.Heading.Suspended14Days,14일 이용 정지
Feature.NotApproved.Heading.Suspended1Year,1년 이용 정지
Feature.NotApproved.Heading.SuspendedOneDay,1일 이용 정지
Feature.NotApproved.Heading.SuspendedOneHour,1시간 이용 정지
Feature.NotApproved.Heading.SuspendedSevenDays,7일 이용 정지
Feature.NotApproved.Heading.SuspendedSixHours,6시간 이용 정지
Feature.NotApproved.Heading.SuspendedSixMonths,6개월 이용 정지
Feature.NotApproved.Heading.SuspendedSixtyDays,60일 이용 정지
Feature.NotApproved.Heading.SuspendedThirtyDays,30일 이용 정지
Feature.NotApproved.Heading.SuspendedThreeDays,3일 이용 정지
Feature.NotApproved.Heading.Warning,주의
Feature.NotApproved.Heading.WhatNext,다음 단계
Feature.NotApproved.Heading.Why,이유가 무엇인가요?
Feature.NotApproved.Label.AbuseType.AccountTheft,계정 도난
Feature.NotApproved.Label.AbuseType.AdultContent,성인용 콘텐츠
Feature.NotApproved.Label.AbuseType.Advertisement,
Feature.NotApproved.Label.AbuseType.Advertising,
Feature.NotApproved.Label.AbuseType.AssetOwnership,애셋 소유권
Feature.NotApproved.Label.AbuseType.Billing,비용 청구
Feature.NotApproved.Label.AbuseType.BlockedContent,BlockedContent
Feature.NotApproved.Label.AbuseType.Bullying.Kids,괴롭힘
Feature.NotApproved.Label.AbuseType.Bullying.Note.Kids,회원님의 활동에서 상처를 주는 단어가 발견되었습니다.
Feature.NotApproved.Label.AbuseType.Chargeback,지불 거절
Feature.NotApproved.Label.AbuseType.CheatandExploits,치트 및 익스플로잇(핵 사용)
Feature.NotApproved.Label.AbuseType.ChildEndangerment,아동 학대
Feature.NotApproved.Label.AbuseType.ChildEndangerment.V2,아동 착취
Feature.NotApproved.Label.AbuseType.ChildEndangerment.V3,유해한 콘텐츠/행동
Feature.NotApproved.Label.AbuseType.ClickbaitAds,낚시성 광고
Feature.NotApproved.Label.AbuseType.Commerce,커머스
Feature.NotApproved.Label.AbuseType.CompromisedAccount,손상된 계정
Feature.NotApproved.Label.AbuseType.ContestsandSweepstakes,콘테스트 및 경품 행사
Feature.NotApproved.Label.AbuseType.CopyrightDMCA,저작권 또는 DMCA
Feature.NotApproved.Label.AbuseType.DMCA,DMCA
Feature.NotApproved.Label.AbuseType.DMCAEarlyLegalStrike,DMCA 조기 법적 시행
Feature.NotApproved.Label.AbuseType.DMCAFinalLegalStrike,DMCA 최종 법적 시행
Feature.NotApproved.Label.AbuseType.Dating,연애
Feature.NotApproved.Label.AbuseType.DatingImagery,연애 관련 이미지
Feature.NotApproved.Label.AbuseType.DatingandRomanticContent,연애 관련 또는 로맨틱 콘텐츠
Feature.NotApproved.Label.AbuseType.Depressive,우울
Feature.NotApproved.Label.AbuseType.DerogatoryHarrassment,비하 또는 괴롭힘
Feature.NotApproved.Label.AbuseType.DirectingUsersOffPlatform,사용자를 플랫폼 외부로 유도함
Feature.NotApproved.Label.AbuseType.DirectingUsersOffPlatform.V2,
Feature.NotApproved.Label.AbuseType.Discriminatory,차별
Feature.NotApproved.Label.AbuseType.DiscriminatoryContent,차별적인 콘텐츠
Feature.NotApproved.Label.AbuseType.DiscriminatoryorNaziContent,차별적 혹은 나치 관련 콘텐츠
Feature.NotApproved.Label.AbuseType.DisruptiveAudio,체험에 지장을 주는 오디오 파일
Feature.NotApproved.Label.AbuseType.DistortedAudio,왜곡된 오디오 파일
Feature.NotApproved.Label.AbuseType.DrugandAlcoholReferences,약물 및 술 관련 언급
Feature.NotApproved.Label.AbuseType.DrugsAlcohol,약물 및 술
Feature.NotApproved.Label.AbuseType.EncouragingDangerousBehavior,위험한 행위 조장
Feature.NotApproved.Label.AbuseType.ExplicitNudityPorn,노골적인 누드 또는 포르노
Feature.NotApproved.Label.AbuseType.ExplicitSexualReferencesandInnuendo,노골적인 성적 묘사 및 암시
Feature.NotApproved.Label.AbuseType.Exploiting,익스플로잇
Feature.NotApproved.Label.AbuseType.ExtortionandBlackmail,협박 및 갈취
Feature.NotApproved.Label.AbuseType.GangImages,범죄 단체 이미지
Feature.NotApproved.Label.AbuseType.Grooming,그루밍
Feature.NotApproved.Label.AbuseType.Harassment,
Feature.NotApproved.Label.AbuseType.HiddenMessageClothing,숨겨진 메시지의 복장
Feature.NotApproved.Label.AbuseType.IllegalandRegulatedContent,불법 및 규제 대상 콘텐츠
Feature.NotApproved.Label.AbuseType.IllicitSubstance,불법 약물
Feature.NotApproved.Label.AbuseType.Impersonation,사칭
Feature.NotApproved.Label.AbuseType.Inappropriate,부적절함
Feature.NotApproved.Label.AbuseType.InappropriateContent,부적절한 콘텐츠
Feature.NotApproved.Label.AbuseType.IpViolation,
Feature.NotApproved.Label.AbuseType.IrlDangerousActivities,현실 세계에서의 신체적으로 위험한 활동
Feature.NotApproved.Label.AbuseType.LoudEarbleeders,귀가 찢어질 듯한 소음
Feature.NotApproved.Label.AbuseType.Malicious,악의적 행위
Feature.NotApproved.Label.AbuseType.MinorSwearing,가벼운 욕설
Feature.NotApproved.Label.AbuseType.Misleading,오해의 소지가 있음
Feature.NotApproved.Label.AbuseType.MisusingRobloxSystems,
Feature.NotApproved.Label.AbuseType.Nazis,나치 관련
Feature.NotApproved.Label.AbuseType.None,
Feature.NotApproved.Label.AbuseType.NoneoftheAbove,해당 사항 없음
Feature.NotApproved.Label.AbuseType.NotRelatedtoRoblox,Roblox와 관련 없음
Feature.NotApproved.Label.AbuseType.OffPlatformSpeechandBehavior,플랫폼 외부에서의 언행
Feature.NotApproved.Label.AbuseType.OffSiteLinks,외부 링크
Feature.NotApproved.Label.AbuseType.Other,
Feature.NotApproved.Label.AbuseType.PersonalAttackHarassmentBullying,"인신공격, 괴롭힘, 따돌림"
Feature.NotApproved.Label.AbuseType.PhishingScam,피싱 또는 신용 사기
Feature.NotApproved.Label.AbuseType.PlayersScreamingintoMicrophone,마이크에 대고 비명을 지르는 플레이어
Feature.NotApproved.Label.AbuseType.PoliticalContent,정치적인 콘텐츠
Feature.NotApproved.Label.AbuseType.PoliticalContent.V2,정치인 또는 정치 단체
Feature.NotApproved.Label.AbuseType.Politics,정치
Feature.NotApproved.Label.AbuseType.PornographicSounds,음란한 소리
Feature.NotApproved.Label.AbuseType.Privacy,
Feature.NotApproved.Label.AbuseType.PrivacyAskingforPII,개인정보 관련: 개인식별정보 요청
Feature.NotApproved.Label.AbuseType.PrivacyGivingPII,개인정보 관련: 개인식별정보 제공
Feature.NotApproved.Label.AbuseType.Profanity,
Feature.NotApproved.Label.AbuseType.RMT,실제 화폐 거래
Feature.NotApproved.Label.AbuseType.RealInfo,실제 정보
Feature.NotApproved.Label.AbuseType.RealLifeThreats,실제 위협
Feature.NotApproved.Label.AbuseType.RealLifeTragedy,현실 세계의 사건 및 사고
Feature.NotApproved.Label.AbuseType.RealLifeTragedy.V2,
Feature.NotApproved.Label.AbuseType.RedArmbandsNotNazis,빨간 완장(나치 관련 제외)
Feature.NotApproved.Label.AbuseType.RobloxEconomy,Roblox 이코노미
Feature.NotApproved.Label.AbuseType.Scamming,
Feature.NotApproved.Label.AbuseType.SeekingSexualContent,성적인 콘텐츠 찾기
Feature.NotApproved.Label.AbuseType.SexualAdultContent,성적 또는 성인용 콘텐츠
Feature.NotApproved.Label.AbuseType.SexualContent,
Feature.NotApproved.Label.AbuseType.SexualContent.Kids,성인 콘텐츠
Feature.NotApproved.Label.AbuseType.SexualContent.Note.Kids,아동에게 적합하지 않은 단어 또는 사진이 발견되었습니다. 누드 사진이나 로맨스와 같은 내용이죠.
Feature.NotApproved.Label.AbuseType.SharingPII.Kids,
Feature.NotApproved.Label.AbuseType.SharingPII.Note.Kids,"실명, 전화번호 또는 실제 사람의 사진과 같은 항목을 발견했습니다."
Feature.NotApproved.Label.AbuseType.Shock,충격적인 내용
Feature.NotApproved.Label.AbuseType.Spam,
Feature.NotApproved.Label.AbuseType.SuggestiveSexualizedImagery,외설적이거나 선정적인 이미지
Feature.NotApproved.Label.AbuseType.SuicideSelfHarm,자살 또는 자해
Feature.NotApproved.Label.AbuseType.Swearing,욕설
Feature.NotApproved.Label.AbuseType.TerrorismExtremism,테러리즘 및 극단주의
Feature.NotApproved.Label.AbuseType.TextFilterProfanity,텍스트 필터링 또는 비속어
Feature.NotApproved.Label.AbuseType.Threats,협박
Feature.NotApproved.Label.AbuseType.ThreatsOrAbuseOfRobloxEmployeesOrAffiliates,Roblox 직원 또는 관계자에 대한 위협 및 가학적 행위
Feature.NotApproved.Label.AbuseType.Trademark,상표권 침해
Feature.NotApproved.Label.AbuseType.UnclassifiedMild,경미한 미분류 위반
Feature.NotApproved.Label.AbuseType.ViolentContentAndGore,
Feature.NotApproved.Label.AbuseType.VirtualCasino,
Feature.NotApproved.Label.AbuseType.VirtualCasino.Note,"Roblox는 제삼자를 통한 Robux 구매, 판매, 거래, Roblox Corporation에서 발행한 것으로 위장한 프로모션 코드, 커뮤니티 페이아웃 시스템의 부적절한 사용을 허용하지 않습니다."
Feature.NotApproved.Label.ChargebackNextSteps,이제 뭘 해야 하나요?
Feature.NotApproved.Label.CommunityStandards,커뮤니티 규정
Feature.NotApproved.Label.ConsoleDeviceNoticeUA,계정 재활성화를 시작하려면 다른 기기에서 Roblox.com에 로그인하세요.
Feature.NotApproved.Label.Days,
Feature.NotApproved.Label.Decision,결정
Feature.NotApproved.Label.DecisionMethod,결정 방식
Feature.NotApproved.Label.DecisionMethod.V2,검토 방식
Feature.NotApproved.Label.EmailReactivationNoticeUA,계정을 재활성화하려면 이메일 주소를 인증하세요. 
Feature.NotApproved.Label.EmailVerificationButtonText,이메일 인증
Feature.NotApproved.Label.EmailVerificationNotice,승인되지 않은 청구로 인해 계정이 일시 정지되었습니다. 계정을 잠금 해제하려면 이메일 주소를 인증해야 합니다.
Feature.NotApproved.Label.Evidence.VoiceRecording,{date} {time} {experienceName}의 음성 채팅 대화
Feature.NotApproved.Label.ExploitDetected,익스플로잇 감지됨
Feature.NotApproved.Label.Hours,{hours}시간 {minutes}분
Feature.NotApproved.Label.LatestActivity,검토된 최근 활동
Feature.NotApproved.Label.LoadingImage,이미지 불러오는 중
Feature.NotApproved.Label.LogoutProgress,로그아웃 진행 중
Feature.NotApproved.Label.MenuContent,메뉴 콘텐츠
Feature.NotApproved.Label.MessageToUser.AltConsequence.V2,이 계정은 커뮤니티 규정을 심각하게 위반하여 차단된 계정에 연결되어 있습니다. 차단된 계정을 사용하여 위반 사항에 대해 이의를 신청할 수 있습니다.
Feature.NotApproved.Label.MessageToUser.AltConsequence.V3,"이 계정은 Roblox의 커뮤니티 규정을 심각하게 위반하여 이용 정지된 계정(@{account})에 연결되어 있습니다. 이용 정지된 계정만 위반 사항에 대해 이의 신청할 수 있습니다. 

두 계정이 서로 연결되어 있지 않은 경우, 이 계정을 사용하여 '위반 및 이의 신청'에서 이의 신청을 제출하세요."
Feature.NotApproved.Label.Mistake,
Feature.NotApproved.Label.ModeratorMessage, 규정 위반 안내
Feature.NotApproved.Label.ModeratorNote,규정 준수 확인 팀의 메시지
Feature.NotApproved.Label.OffensiveItem,위반 항목
Feature.NotApproved.Label.OffensiveItem.V2,부적절한 아이템
Feature.NotApproved.Label.OpenMenu,메뉴 열기
Feature.NotApproved.Label.PageProgress,페이지 진행 
Feature.NotApproved.Label.ParentReactivationNoticeUA,계정을 재활성화하려면 부모 또는 법적 보호자의 도움이 필요합니다.
Feature.NotApproved.Label.ParentVerificationButtonText,보호자에게 요청
Feature.NotApproved.Label.ParentVerificationNotice,승인되지 않은 청구로 인해 계정이 일시 정지되었습니다. 부모나 보호자가 계정 잠금 해제에 동의하고 나면 Roblox에서의 특정 작업을 승인할 수 있게 됩니다.
Feature.NotApproved.Label.Reason,
Feature.NotApproved.Label.RecentViolation,최근 위반 사항
Feature.NotApproved.Label.ReviewDate,검토 날짜
Feature.NotApproved.Label.Reviewed,검토 일자
Feature.NotApproved.Label.RuleAcknowledgment,이해했다면 확인해 주세요.
Feature.NotApproved.Label.RuleBreakingAddsUp,규칙 위반은 누적됩니다
Feature.NotApproved.Label.RuleExplanation.Acknowledgement,규칙을 이해했습니다
Feature.NotApproved.Label.RuleViolationsAddUp,규칙 위반 누적
Feature.NotApproved.Label.Sublabel.AccountUsernameOrDisplayNameReset,부적절한 사용자 또는 표시 이름
Feature.NotApproved.Label.Sublabel.AdvertisingAdFraud,광고 사기
Feature.NotApproved.Label.Sublabel.AdvertisingAdTransparency,광고 투명성
Feature.NotApproved.Label.Sublabel.AdvertisingAdTransparencyAdsDisclosure,광고 공개
Feature.NotApproved.Label.Sublabel.AdvertisingAgeInappropriateContent,연령에 부적절한 콘텐츠
Feature.NotApproved.Label.Sublabel.AdvertisingBodyAlterations,신체 변화
Feature.NotApproved.Label.Sublabel.AdvertisingCharitableCauses,자선 사업
Feature.NotApproved.Label.Sublabel.AdvertisingClothingUndergarmentsRestricted,속옷/수영복 복장 - 제한
Feature.NotApproved.Label.Sublabel.AdvertisingClothingUndergarmentsSports,속옷/수영복 - 스포츠
Feature.NotApproved.Label.Sublabel.AdvertisingCryptocurrenciesAndNfts,암호화폐 및 NFT
Feature.NotApproved.Label.Sublabel.AdvertisingDirectingOffPlatformGeneral,플랫폼 외부로의 사용자 유도
Feature.NotApproved.Label.Sublabel.AdvertisingDirectingOffPlatformPermittedUrls,플랫폼 외부로 사용자 유도 - 허용
Feature.NotApproved.Label.Sublabel.AdvertisingDirectingUsersOffPlatform,
Feature.NotApproved.Label.Sublabel.AdvertisingEconomicOpportunity,경제적 기회
Feature.NotApproved.Label.Sublabel.AdvertisingEconomicOpportunityNetworking,경제적 기회 - 네트워킹 및 구직 활동
Feature.NotApproved.Label.Sublabel.AdvertisingEntertainmentFilmTvAdult,엔터테인먼트 영화/TV - 성인
Feature.NotApproved.Label.Sublabel.AdvertisingEntertainmentFilmTvTeens,엔터테인먼트 영화/TV - 청소년
Feature.NotApproved.Label.Sublabel.AdvertisingEntertainmentFilmTvYoungTeens,엔터테인먼트 영화/TV - 10대 초반 청소년
Feature.NotApproved.Label.Sublabel.AdvertisingEntertainmentGamingAdult,엔터테인먼트 게임 - 성인
Feature.NotApproved.Label.Sublabel.AdvertisingEntertainmentGamingTeens,엔터테인먼트 게임 - 청소년
Feature.NotApproved.Label.Sublabel.AdvertisingEntertainmentGamingYoungTeens,엔터테인먼트 게임 - 10대 초반 청소년
Feature.NotApproved.Label.Sublabel.AdvertisingFinancialServices,금융 서비스
Feature.NotApproved.Label.Sublabel.AdvertisingFinancialServicesAdults,금융 서비스 - 성인
Feature.NotApproved.Label.Sublabel.AdvertisingFinancialServicesOther,금융 서비스 - 기타
Feature.NotApproved.Label.Sublabel.AdvertisingFinancialServicesTeens,금융 서비스 - 청소년
Feature.NotApproved.Label.Sublabel.AdvertisingFoodAndBeverageFoodAndBeverages,식품 및 음료 - 기타
Feature.NotApproved.Label.Sublabel.AdvertisingFoodAndBeverageHfssFoods,"식품 및 음료 - HFSS(고지방, 고당분, 고염분)"
Feature.NotApproved.Label.Sublabel.AdvertisingFoodAndBeverageInfantFoods,유아용 식품
Feature.NotApproved.Label.Sublabel.AdvertisingFuneralServices,장례식 서비스
Feature.NotApproved.Label.Sublabel.AdvertisingHighRiskSports,고위험 스포츠
Feature.NotApproved.Label.Sublabel.AdvertisingIllegalAndRegulatedGoods,불법 및 규제 대상 상품
Feature.NotApproved.Label.Sublabel.AdvertisingIllegalBodyAlterations,
Feature.NotApproved.Label.Sublabel.AdvertisingIllegalCosmetics,규제 대상 - 화장품
Feature.NotApproved.Label.Sublabel.AdvertisingIllegalCounterfeitingAndPiracy,위조 및 해적 
Feature.NotApproved.Label.Sublabel.AdvertisingIllegalHealthDietAndMedical,"건강, 식단 및 의료"
Feature.NotApproved.Label.Sublabel.AdvertisingIllegalKitchenKnives,규제 대상 - 주방용 칼
Feature.NotApproved.Label.Sublabel.AdvertisingIllegalMedicalDevices,규제 대상 - 의료기기
Feature.NotApproved.Label.Sublabel.AdvertisingIllegalOtcPharmaceuticals,규제 대상 - 일반의약품
Feature.NotApproved.Label.Sublabel.AdvertisingIllegalOther,규제 대상 - 기타
Feature.NotApproved.Label.Sublabel.AdvertisingInvestigativeAndLegalServices,조사 및 법률 서비스
Feature.NotApproved.Label.Sublabel.AdvertisingMaliciousSoftware,악성 소프트웨어
Feature.NotApproved.Label.Sublabel.AdvertisingMartialArts,무술
Feature.NotApproved.Label.Sublabel.AdvertisingMatureMedia,성인용 미디어
Feature.NotApproved.Label.Sublabel.AdvertisingMisleadingReward,오해의 소지가 있는 보상
Feature.NotApproved.Label.Sublabel.AdvertisingMultiLevelMarketing,다단계 마케팅
Feature.NotApproved.Label.Sublabel.AdvertisingNoReward,보상 
Feature.NotApproved.Label.Sublabel.AdvertisingOnlineServicesLiveAi,온라인 서비스 - 라이브 AI
Feature.NotApproved.Label.Sublabel.AdvertisingOnlineServicesSocialCommerce,온라인 서비스 - 소셜 커머스
Feature.NotApproved.Label.Sublabel.AdvertisingParanormalAstrologicalAndOccult,"초자연적 현상, 점성술, 오컬트"
Feature.NotApproved.Label.Sublabel.AdvertisingPolitics,
Feature.NotApproved.Label.Sublabel.AdvertisingReligion,종교
Feature.NotApproved.Label.Sublabel.AdvertisingToysHobbyAndLearning,"장난감, 취미, 학습"
Feature.NotApproved.Label.Sublabel.AdvertisingToysHobbyAndLearningAdults,"장난감, 취미, 학습 - 성인"
Feature.NotApproved.Label.Sublabel.AdvertisingToysHobbyAndLearningOther,"장난감, 취미, 학습 - 기타"
Feature.NotApproved.Label.Sublabel.AdvertisingToysHobbyAndLearningTeens,"장난감, 취미, 학습 - 청소년"
Feature.NotApproved.Label.Sublabel.AdvertisingTravelAndEvents,여행 및 이벤트
Feature.NotApproved.Label.Sublabel.AdvertisingUnauthorizedAdvertising,승인되지 않은 광고
Feature.NotApproved.Label.Sublabel.AdvertisingUnrequestedAd,요청하지 않은 광고
Feature.NotApproved.Label.Sublabel.CommerceAdultSexualProducts,성인용품
Feature.NotApproved.Label.Sublabel.CommerceAlcoholAndAlcoholRelatedProducts,주류 또는 관련 상품
Feature.NotApproved.Label.Sublabel.CommerceAnimalsPlantsAndRelatedProducts,"동물, 식물 및 관련 상품"
Feature.NotApproved.Label.Sublabel.CommerceAutomotiveProducts,차량용품
Feature.NotApproved.Label.Sublabel.CommerceBabyPregnancyAndChildcareProducts,"아기, 임신, 육아용품"
Feature.NotApproved.Label.Sublabel.CommerceBeautyAndPersonalCare,미용 및 위생
Feature.NotApproved.Label.Sublabel.CommerceDigitalProducts,디지털 상품
Feature.NotApproved.Label.Sublabel.CommerceDocumentsFinancialInstrumentsAndEconomicOpportunity,"서류, 금융 수단, 경제적 기회"
Feature.NotApproved.Label.Sublabel.CommerceElectronics,전자제품
Feature.NotApproved.Label.Sublabel.CommerceEvents,이벤트
Feature.NotApproved.Label.Sublabel.CommerceFoodAndBeverages,식품 및 음료
Feature.NotApproved.Label.Sublabel.CommerceGambling,도박
Feature.NotApproved.Label.Sublabel.CommerceGiftsCardsorDiscountCards,기프트 카드 또는 할인 카드
Feature.NotApproved.Label.Sublabel.CommerceHazardousMaterial,위험 물질
Feature.NotApproved.Label.Sublabel.CommerceHealthcare,의료
Feature.NotApproved.Label.Sublabel.CommerceHumanBodyPartsFluidsAndRelatedProducts,"신체 부위, 체액 및 관련 상품"
Feature.NotApproved.Label.Sublabel.CommerceIllegalProductsAndServices,불법 상품 및 서비스
Feature.NotApproved.Label.Sublabel.CommerceInsufficientProductDescription,불충분한 제품 설명
Feature.NotApproved.Label.Sublabel.CommerceMisleadingBundledDigitalItem,오해의 소지가 있는 디지털 아이템 번들
Feature.NotApproved.Label.Sublabel.CommerceNoBundledDigitalItem,디지털 아이템 번들 없음
Feature.NotApproved.Label.Sublabel.CommercePreOrder,사전 주문
Feature.NotApproved.Label.Sublabel.CommercePreOwnedRecalledProducts,중고/리콜 상품
Feature.NotApproved.Label.Sublabel.CommerceSellerIntegrityViolation,판매자 무결성 위반
Feature.NotApproved.Label.Sublabel.CommerceServices,서비스
Feature.NotApproved.Label.Sublabel.CommerceTobaccoAndEntheogens,담배 및 환각 물질
Feature.NotApproved.Label.Sublabel.CommerceToysAndGames,장난감 및 게임
Feature.NotApproved.Label.Sublabel.CommerceWeaponsFirearmsAndRelatedProducts,"무기, 화기 및 관련 상품"
Feature.NotApproved.Label.Sublabel.ContentMaturityMissingDescriptor,부정확한 수위 및 규정 준수 설문지 제출
Feature.NotApproved.Label.Sublabel.ContentMaturityMissingModeratePlusDescriptor,
Feature.NotApproved.Label.Sublabel.ContentMaturityMissingSensitiveDescriptor,
Feature.NotApproved.Label.Sublabel.ContentMaturityMissingUnplayableDescriptor,
Feature.NotApproved.Label.Sublabel.ContentMaturityOffByMoreThanOneBucket,
Feature.NotApproved.Label.Sublabel.ContentMaturityOffByOneBucket,
Feature.NotApproved.Label.Sublabel.EconomicOpportunity,
Feature.NotApproved.Label.Sublabel.Emissive,
Feature.NotApproved.Label.Sublabel.ExperienceSpam,스팸 게시
Feature.NotApproved.Label.Sublabel.FraudAbuseOfTheAffiliateSystem,제휴 시스템 악용
Feature.NotApproved.Label.Sublabel.FraudAttemptedUnauthorizedPaymentMethodUse,승인되지 않은 결제 수단 사용 시도
Feature.NotApproved.Label.Sublabel.FraudPaymentAbuse,결제 악용
Feature.NotApproved.Label.Sublabel.FraudRepeatedRefundRequests,반복적인 환불 요청
Feature.NotApproved.Label.Sublabel.FraudSuspiciousAccountPatterns,수상한 계정 패턴
Feature.NotApproved.Label.Sublabel.FraudSuspiciousRefundRequests,의심스러운 환불 요청
Feature.NotApproved.Label.Sublabel.FraudUnauthorizedPurchase,승인되지 않은 구매
Feature.NotApproved.Label.Sublabel.FraudUseOfUnauthorizedOffPlatformTransactions,Roblox 콘텐츠에 대해 승인되지 않은 플랫폼 외부 거래 사용
Feature.NotApproved.Label.Sublabel.FraudUseOfUnauthorizedPaymentMethod,승인되지 않은 결제 수단 사용
Feature.NotApproved.Label.Sublabel.FraudVirtualEconomyAbuse,가상 경제 악용
Feature.NotApproved.Label.Sublabel.RealLifeEvents,실제 사건
Feature.NotApproved.Label.Sublabel.RomanceOrSex,로맨스 또는 성관계
Feature.NotApproved.Label.Sublabel.TextScrubbed,부적절한 체험 이름 또는 설명
Feature.NotApproved.Label.Sublabel.TextScrubbed.Note,체험 이름 또는 체험 설명이 부적절한 것으로 확인되어 두 항목 모두 자리 표시자로 변경되었습니다. 크리에이터 허브 또는 Studio에서 새로운 이름과 설명을 작성할 수 있습니다.
Feature.NotApproved.Label.Sublabel.UGCBundleAccessories,"장신구(헤어, 꼬리, 추가 팔다리 등)"
Feature.NotApproved.Label.Sublabel.UGCBundleBakedInAssets,베이크드인 애셋
Feature.NotApproved.Label.Sublabel.UGCBundleClothing,
Feature.NotApproved.Label.Sublabel.UGCBundleHead,머리가 움직이지 않음
Feature.NotApproved.Label.Sublabel.UGCBundleInvisible,보이지 않는 신체 부위
Feature.NotApproved.Label.Sublabel.UGCBundleMakeup,
Feature.NotApproved.Label.Sublabel.UGCBundleTattoos,문신
Feature.NotApproved.Label.Sublabel.UGCDuplicate,콘텐츠 복제
Feature.NotApproved.Label.Sublabel.UGCMiscategorization,오분류
Feature.NotApproved.Label.Sublabel.UGCSpam,
Feature.NotApproved.Label.Suspension,이용 정지
Feature.NotApproved.Label.Violation,규정 위반
Feature.NotApproved.Label.WhatHappened,어떻게 된 건가요
Feature.NotApproved.SubHeading.RuleExplanation.BullyingHarassmentDiscrimination,따돌림이나 차별 금지
Feature.NotApproved.SubHeading.RuleExplanation.Dating,연애나 데이트 금지
Feature.NotApproved.SubHeading.RuleExplanation.DirectingUsersOffPlatform,링크 공유 또는 Roblox 외부 거래 금지
Feature.NotApproved.SubHeading.RuleExplanation.MisusingRobloxSystems,"부정 행위, 거짓말 또는 속임수 금지"
Feature.NotApproved.SubHeading.RuleExplanation.PII,연락처 또는 계정 정보 공유 금지
Feature.NotApproved.SubHeading.RuleExplanation.RealLifeEvents,타인에게 불쾌감을 유발할 수 있는 실제 사건을 재현하거나 조롱하는 행위 금지
Feature.NotApproved.SubHeading.RuleExplanation.SSHAndIllegalRegulatedActivities,위험하거나 유해한 행동 금지
Feature.NotApproved.SubHeading.RuleExplanation.Spam,스팸은 규칙에 위배됩니다
Feature.NotApproved.SubHeading.RuleExplanation.Swearing,욕설 금지
Feature.NotApproved.SubHeading.RuleExplanation.ViolentContentAndGore,극단적인 폭력 금지
Feature.NotApproved.Title.AvatarBrokeRules,아바타가 규칙을 위반했습니다
Feature.Notifications.Action.PushUpsellAllow,허용
Feature.Notifications.Action.PushUpsellNotNow,
Feature.Notifications.Action.SnoozeFifteenMinutes,15분
Feature.Notifications.Action.SnoozeFourHours,4시간
Feature.Notifications.Action.SnoozeOneDay,
Feature.Notifications.Action.SnoozeOneHour,
Feature.Notifications.Action.UntilITurnItBackOn,다시 켤 때까지
Feature.Notifications.Heading.PushUpsellChat,계속 소통하기
Feature.Notifications.Heading.PushUpsellGeneric,놓치지 마세요
Feature.Notifications.Heading.RemoveSnoozeFeedback,{title} 알림의 음소거가 해제됩니다
Feature.Notifications.Heading.SnoozeFeedback,{title} 알림이 {duration} 동안 음소거됩니다
Feature.Notifications.Heading.TurnOnNotifications,알림 켜기
Feature.Notifications.Label.GetUpdatesFromExperience,부재 중 일어난 일에 대해 {experienceName}(으)로부터 알림을 받으시겠어요?
Feature.Notifications.Label.PushUpsellChat,"푸시 알림을 허용해 채팅, 파티 초대, 콘텐츠 제안 등에 대한 소식을 받아 보세요."
Feature.Notifications.Label.PushUpsellGeneric,"채팅 메시지, 초대, 친구 요청 등의 활동에 대한 알림을 받으세요."
Feature.Notifications.Label.ReceiveActivityUpdates,부재 중 일어난 일에 대한 업데이트 받기
Feature.Notifications.Label.SecondsAbbreviated,초
Feature.Notifications.Response.NotificationsEnabled,이 체험에 대한 알림이 사용 설정되었습니다
Feature.Notifications.Response.NotificationsEnabledForExperience,
Feature.Notifications.Webview.Title.ParentalControlsLaunch,자녀 보호 기능 업데이트
Feature.Notifications.Webview.Title.PolicyUpdate,정책 업데이트
Feature.Notifications.Webview.Title.SpendingSettings,지출 제한
Feature.PaidAccessPurchases.Webview.Title.Checkout,결제하기
Feature.PaidAccessRefunds.Webview.Title.RequestRefund,
Feature.Parents.Action.SendEmail,이메일 보내기
Feature.Parents.Description.EnterParentEmail.ChildInstructions,이 단계에서는 보호자의 도움을 받으세요. 보호자에게 이메일을 보내 연령을 인증하고 계정에 연결해 드리겠습니다.
Feature.Parents.Description.EnterParentEmail.NoPC,연결 후 보호자는 자녀의 특정 활동을 승인할 수 있게 됩니다.
Feature.Parents.Description.EnterParentEmail.PC,"연결 후 보호자는 자녀 보호 기능을 이용하고 자녀의 스크린 타임, 지출 등의 정보를 확인할 수 있게 됩니다."
Feature.Parents.Description.EnterParentEmailV4,"보호자에게 이 단계를 도와달라고 요청하세요.{lineBreak}보호자에게 이메일을 보내 나이를 인증하고 계정에 연결해 드리겠습니다.{lineBreak}연결 후 보호자는 자녀 보호 기능, 자녀의 스크린 타임 및 친구에 대한 정보 등에 액세스할 수 있게 됩니다."
Feature.Parents.Description.EnterParentEmailWithoutParentalControl,보호자에게 이 단계를 도와달라고 요청하세요.{lineBreak}보호자에게 이메일을 보내 나이를 인증하고 계정에 연결해 드리겠습니다.{lineBreak}연결 후 보호자는 자녀의 특정 활동을 승인할 수 있게 됩니다.
Feature.Parents.Description.ParentalEmailFooter,이 이메일 주소가 보호자 권한이 있는 Roblox 계정과 연결됩니다. 데이터 관행에 대한 자세한 내용은 {linkStart}개인정보 처리방침{linkEnd}에서 확인하세요.
Feature.Parents.Label.Email,
Feature.Parents.Label.ParentEmail,보호자 이메일
Feature.Parents.Message.ConflictingPendingConsent,이미 승인을 요청했습니다. 새로운 요청을 제출하려면 먼저 설정에서 기존 요청을 취소하세요.
Feature.Parents.Message.EmailIneligible,요건에 맞지 않는 이메일입니다. Roblox에서의 보호자 권한을 요청하려면 다른 이메일을 사용하세요.
Feature.Parents.Message.InvalidEmail,유효하지 않은 이메일 주소입니다
Feature.Parents.Message.RequestCreatedEmailNotSent,Roblox 계정을 연결하면 보호자가 자녀 보호 기능에서 해당 요청을 확인할 수 있습니다.
Feature.Parents.Message.SomethingWentWrong,
Feature.Parents.Message.TooManyAttemptAskParent,요청 시도가 너무 많습니다. 이미 승인을 요청했다면 보호자에게 이메일을 확인해달라고 하세요.
Feature.Parents.Message.TooManyAttempts,시도 횟수가 너무 많습니다. 나중에 다시 시도하세요.
Feature.Parents.Title.EnterParentEmail,
Feature.Parents.Title.EnterParentEmailV2,
Feature.Parents.Title.SomethingWentWrong,
Feature.PlatformRestriction.Action.Continue,
Feature.PlatformRestriction.Action.Signout,
Feature.PlatformRestriction.Content.NeedPermission,Roblox를 사용하려면 보호자의 허락이 필요합니다.
Feature.PlatformRestriction.Title.AskParent,보호자에게 허락 요청
Feature.PlayerSearchResults.Action.AddFriend,
Feature.PlayerSearchResults.Label.FromSearch,검색에서
Feature.PlayerSearchResults.Label.KeywordTooShort,최소 3자 이상 입력하세요.
Feature.PlayerSearchResults.Label.NewUsername,새로운 사용자 이름
Feature.PlayerSearchResults.Label.NoResultsFound,
Feature.PlayerSearchResults.Label.NoResultsTryAnotherWay,다른 방법으로 친구를 찾으세요.
Feature.PlayerSearchResults.Label.Previously,
Feature.PlayerSearchResults.Label.ThisIsYou,회원님이네요
Feature.PlayerSearchResults.Label.You,
Feature.PlayerSearchResults.Label.YouAreConnections,서로 인맥
Feature.PlayerSearchResults.Label.YouAreFollowing,
Feature.PlayerSearchResults.Label.YouAreFriends,여러분은 친구예요
Feature.Profile.Action.AboutThisProfile,프로필 정보
Feature.Profile.Action.Accept,
Feature.Profile.Action.AcceptFriends,
Feature.Profile.Action.Add,
Feature.Profile.Action.AllRequestsIgnored,모든 요청이 무시됨
Feature.Profile.Action.Chat,
Feature.Profile.Action.CopyProfileLink,프로필 링크 복사
Feature.Profile.Action.EditAppearance,모습 편집
Feature.Profile.Action.EditAvatar,아바타 수정
Feature.Profile.Action.EditBackground,배경 편집
Feature.Profile.Action.EditEmotes,감정 표현 편집
Feature.Profile.Action.EditLook,룩 편집
Feature.Profile.Action.JoinGame,
Feature.Profile.Action.Pending,
Feature.Profile.Action.Save,
Feature.Profile.Action.ShareProfile,프로필 공유
Feature.Profile.Action.ShareProfileLink,프로필 링크 공유
Feature.Profile.Action.SwitchAvatar,아바타 전환
Feature.Profile.Action.ToQRCode,
Feature.Profile.Action.UserBlocked,사용자 차단됨
Feature.Profile.Action.ViewFullProfile,전체 프로필 보기
Feature.Profile.Action.ViewProfile,
Feature.Profile.Description.AboutModalCaption,다른 사람들에게 자신을 소개하세요. 보안을 위해 개인정보는 공유하지 마세요.
Feature.Profile.Description.InspectAndBuy,클릭하여 해당 친구의 룩을 보고 쇼핑하세요.
Feature.Profile.Description.QrCodeDescription,다른 사람들이 Roblox에서 내 QR 코드를 스캔하여 나와 연결하도록 허용하세요. 실시간 QR 스캔을 통해 연결되고 연령 인증을 완료한 만 13세 이상 사용자는 신뢰할 수 있는 친구로 설정됩니다.
Feature.Profile.Description.QrCodeDescription.FriendsRename,
Feature.Profile.Description.QrCodeScanning,"사람들이 QR 스캐너나 기기의 카메라로 내 Roblox QR 코드를 스캔하면, 바로 나를 친구로 추가할 수 있어요!"
Feature.Profile.Description.RecognizeConnectionsByCustomName,맞춤 이름을 설정해 더 쉽게 친구를 알아보세요. 연락처에서 가져온 이름과 맞춤 이름은 본인만 볼 수 있습니다.
Feature.Profile.Description.RecognizeFriendsByCustomName,
Feature.Profile.Description.SaySomething,
Feature.Profile.Description.ScanQR,아는 사람이 내 QR 코드를 스캔해 나를 추가하도록 합니다.
Feature.Profile.Description.SetCustomName,"<font weight=""medium"">{displayName}</font> 님의 맞춤 이름을 만드세요."
Feature.Profile.Description.SetCustomNameNoDisplayName,맞춤 이름을 설정하세요.
Feature.Profile.Description.SocialNetworksCaptionEveryone,현재 모두에게 보입니다.
Feature.Profile.Description.SocialNetworksCaptionFollowers,"현재 친구, 내가 팔로우하는 사용자, 내 팔로워에게 보입니다."
Feature.Profile.Description.SocialNetworksCaptionFollowing,현재 친구와 내가 팔로우하는 사용자에게 보입니다.
Feature.Profile.Description.SocialNetworksCaptionFriends,현재 친구에게 보입니다.
Feature.Profile.Description.SocialNetworksCaptionNoOne,현재 아무에게도 보이지 않습니다.
Feature.Profile.Description.UsernameInsufficientFunds,{icon}{rbx}가 부족해 사용자 이름을 변경할 수 없습니다. Robux를 구매할까요?
Feature.Profile.Description.UsernamePrice,1000
Feature.Profile.Header.BuyWholeLook,전체 룩 구매
Feature.Profile.Header.InspectAndBuy,{username} 님의 아바타
Feature.Profile.Header.InspectAndBuy.BuySection,합계({totalNumberOfItems}개 중 {numberOfSelectedItems}개 아이템)
Feature.Profile.Header.InspectAndBuy.Tooltip,아바타 쇼핑하기
Feature.Profile.Header.Inventory,
Feature.Profile.Header.Store,
Feature.Profile.Heading.AgedUpDisplayName,
Feature.Profile.Heading.AgedUpDisplayNameUpdated,이름이 업데이트되었습니다.
Feature.Profile.Heading.DisplayName,
Feature.Profile.Heading.DisplayNameUpdated,표시 이름이 업데이트되었습니다
Feature.Profile.Heading.EditAgedUpDisplayName,이름 편집
Feature.Profile.Heading.EditDisplayName,표시 이름 편집
Feature.Profile.Heading.InsufficientFunds,비용 부족
Feature.Profile.Heading.ProfileFrame,프로필 프레임
Feature.Profile.Heading.ProfilePictureSaved,프로필 사진이 성공적으로 저장되었습니다
Feature.Profile.Heading.ProfileQRCode,
Feature.Profile.Heading.Statistics,
Feature.Profile.Heading.Username,
Feature.Profile.Heading.UsernameUpdated,사용자 이름을 업데이트했습니다
Feature.Profile.Label.AboutDetailsHeading,{name} 정보
Feature.Profile.Label.AboutPlaceholder,내용을 입력하세요...
Feature.Profile.Label.AddFriend,
Feature.Profile.Label.AgedUpDisplayNameCaption,Roblox에서 다른 사용자에게 표시되는 기본 공개 이름입니다. 실명 등 친구들이 알아볼 수 있는 이름을 만드세요.
Feature.Profile.Label.AgedUpDisplayNameConnectionsCaption,Roblox에서 다른 사용자에게 표시되는 기본 공개 이름입니다. 실명 등 사람들이 알아볼 수 있는 이름을 만드세요.
Feature.Profile.Label.AgedUpDisplayNameFailed,"이름을 저장할 수 없습니다. 다른 이름을 사용해 보세요.
"
Feature.Profile.Label.AgedUpDisplayNameFriendsCaption,Roblox에서 다른 사용자에게 표시되는 기본 공개 이름입니다. 실명 등 친구들이 알아볼 수 있는 이름을 선택하세요.
Feature.Profile.Label.AgedUpDisplayNameModalCaption,"이름은 7일에 한 번만 변경할 수 있습니다.
"
Feature.Profile.Label.AgedUpDisplayNameTooShort,이름의 길이는 최소 3자 이상이어야 합니다.
Feature.Profile.Label.Cancel,
Feature.Profile.Label.CustomName,맞춤 이름
Feature.Profile.Label.CustomizeName,맞춤 이름 설정하기
Feature.Profile.Label.CustomizeNamePlaceholder,
Feature.Profile.Label.DisplayNameCaption,Roblox에서 다른 사용자에게 표시되는 기본 공개 이름입니다.
Feature.Profile.Label.DisplayNameFailed,표시 이름을 저장할 수 없습니다. 다시 시도하세요.
Feature.Profile.Label.DisplayNameModalCaption,표시 이름은 7일에 한 번만 변경할 수 있습니다.
Feature.Profile.Label.DisplayNameTooShort,표시 이름의 길이는 최소 3자 이상이어야 합니다.
Feature.Profile.Label.EditBackground,
Feature.Profile.Label.NoBioYet,아직 소개가 없습니다
Feature.Profile.Label.NoPreviousName,이전 이름 없음
Feature.Profile.Label.NoSocialLink,아직 소셜 링크 없음
Feature.Profile.Label.PlayedTogetherInGameDescription,{experience_name}에서 함께 플레이함
Feature.Profile.Label.PlayingExperience,<b>{experienceName}</b> 플레이 중
Feature.Profile.Label.QRCodeFriendRequest,QR 코드에서 전송됨
Feature.Profile.Label.RecentAgedUpDisplayName,"최근에 변경한 적이 있는 이름입니다. 이름은 7일에 한 번만 변경할 수 있습니다.
"
Feature.Profile.Label.RecentDisplayName,최근에 변경한 적이 있는 표시 이름입니다. 표시 이름은 7일에 한 번만 변경할 수 있습니다.
Feature.Profile.Label.UnableToJoin,참가할 수 없음
Feature.Profile.Label.UserIsPlayingExperience,<b>{userName}</b> 님이 <b>{experienceName}</b> 체험을 플레이하고 있어요.
Feature.Profile.Label.UsernameDescription,Roblox에서 사용하는 이름입니다. 사용자 이름 변경 비용은 {icon}{price}입니다.
Feature.Profile.Label.ViewDetails,
Feature.Profile.Message.BlockError,회원을 차단할 수 없습니다. 차단한 사람이 너무 많기 때문일 수 있습니다.
Feature.Profile.Message.FriendAdded,친구로 추가됨
Feature.Profile.Message.InvalidAliasError,이름을 저장할 수 없습니다. 다른 이름을 사용해 보세요.
Feature.Profile.Message.NoExperienceAccess,{name}(을)를 이용할 수 있는 권한이 없습니다.
Feature.Profile.Message.QRLoadFailed,불러오기 실패.
Feature.Profile.Message.QRNofificationRequest,님이 내 QR 코드를 사용해 친구 요청을 보냈어요
Feature.Profile.Message.QRNotificationRequest,QR 코드를 통해 친구 요청을 받았습니다.
Feature.Profile.Message.QRNotificationRequest.FriendsRename,
Feature.Profile.Title.QrScanner,QR 스캐너
Feature.Profile.Tooltip.CurrencyTransfer.Body,이제 Robux를 보낼 수 있습니다.
Feature.Profile.Tooltip.CustomNameProfile,맞춤 이름을 설정해 더 쉽게 친구를 알아보세요.
Feature.Profile.Tooltip.DisplayName,친구들이 나를 알아볼 수 있도록 이름을 업데이트하세요.
Feature.Profile.Tooltip.QrScanner,친구의 QR 코드를 스캔해 Roblox에 바로 추가하세요.
Feature.ProfileBadges.VerifiedBadgeInfo,"이 배지는 배지의 소유자가 실제 유명 제작자, 브랜드 또는 공인임을 증명합니다."
Feature.ProfileBadges.VerifiedBadgeInfoLink,
Feature.ProfileBadges.VerifiedBadgeInfoTitle,인증된 배지
Feature.ProfileBadges.action.close,
Feature.QualtricsSurveyPrompt.Action.Cancel,취소하기
Feature.QualtricsSurveyPrompt.Action.Close,
Feature.QualtricsSurveyPrompt.Action.Continue,
Feature.QualtricsSurveyPrompt.Action.Done,
Feature.QualtricsSurveyPrompt.Action.Next,
Feature.QualtricsSurveyPrompt.Action.Retry,
Feature.QualtricsSurveyPrompt.Action.Send,
Feature.QualtricsSurveyPrompt.Description.Error,
Feature.QualtricsSurveyPrompt.Description.PromptText,"안녕하세요 {DisplayName} 님, 더 나은 Roblox를 만드는 데 동참하시겠어요? 설문 조사에 참여해 의견을 남겨 주세요!"
Feature.QualtricsSurveyPrompt.Description.TakeAQuickSurvey,Roblox를 개선할 수 있도록 간단한 설문조사에 참여해 주세요.
Feature.QualtricsSurveyPrompt.Heading.GiveUsFeedback,피드백을 보내주세요
Feature.QualtricsSurveyPrompt.Heading.Title,더 나은 Roblox 만들기
Feature.QualtricsSurveyPrompt.Heading.WebviewName,설문 조사
Feature.QualtricsSurveyPrompt.Response.SurveySubmitted,의견을 보내 주셔서 감사합니다!
Feature.Reauthentication.Message.Error.Default,
Feature.ReportAbuse.Action.Close,
Feature.ReportAbuse.Action.Continue,
Feature.ReportAbuse.Action.ContinueReport,계속 신고하기
Feature.ReportAbuse.Action.EnterChatLineReporting,
Feature.ReportAbuse.Action.ErrorModalGoBack,
Feature.ReportAbuse.Action.ReturnToExperience,체험으로 돌아가기
Feature.ReportAbuse.Action.Submit,
Feature.ReportAbuse.Action.TextMute,{name} 님과의 채팅 차단
Feature.ReportAbuse.DSAIllegal.ReportLink,유럽 연합 디지털 서비스법에 따른 불법 콘텐츠를 신고하세요.
Feature.ReportAbuse.DSAIllegal.ReportPageTitle,불법 콘텐츠 신고
Feature.ReportAbuse.Description.IpInfringementReportModal,<b>이 코드를 저장하세요.</b> <b>크리에이터 허브</b>의 <b>지적 재산</b> 도구를 사용하거나 이메일을 통해 <b>삭제 요청</b>을 완료할 때 필요합니다<i>(이용 약관에서 자세한 내용 참조)</i>. <b>이 코드는 48시간 동안만 유효합니다.</b>
Feature.ReportAbuse.Heading.ReportAbuse,
Feature.ReportAbuse.Label.CategoryBullyingV2,"따돌림, 괴롭힘, 차별"
Feature.ReportAbuse.Label.CategoryContent,"부적절한 콘텐츠: 플레이스, 이미지, 모델"
Feature.ReportAbuse.Label.CategoryDating,
Feature.ReportAbuse.Label.CategoryInappropriate,부적절한 언어 - 비속어 및 성인 콘텐츠
Feature.ReportAbuse.Label.CategoryOther,기타 규정 위반
Feature.ReportAbuse.Label.CategoryPrivateInfo,개인정보 제공 요청
Feature.ReportAbuse.Label.CategoryScamming,"익스플로잇, 치트, 신용 사기"
Feature.ReportAbuse.Label.CategoryTheft,"계정 절도: 피싱, 해킹, 계정 매매"
Feature.ReportAbuse.Label.CategoryThreats,신변 위협 및 자살 위협
Feature.ReportAbuse.Label.ChooseOne,선택하세요
Feature.ReportAbuse.Label.Confirmation.Subheading,신고 내용을 곧 검토하고 필요한 경우 조치를 취하겠습니다. 여러분의 피드백은 커뮤니티를 안전하게 유지하는 데 도움이 됩니다.
Feature.ReportAbuse.Label.Confirmation.Title,신고해 주셔서 감사합니다
Feature.ReportAbuse.Label.FinishChatReport,채팅 신고 완료
Feature.ReportAbuse.Label.GenericReportIllegalContentMessage,불법 콘텐츠나 아동에게 유해한 콘텐츠 신고
Feature.ReportAbuse.Label.Optional,
Feature.ReportAbuse.Label.PleaseSelectOne,한 개를 선택해야 합니다.
Feature.ReportAbuse.Label.Report,
Feature.ReportAbuse.Label.ReportSubmitted,신고 제출됨
Feature.ReportAbuse.Label.SelectChatLine,신고하려는 채팅 선택
Feature.ReportAbuse.Label.SentInAnotherChat,다른 채팅에서 전송됨
Feature.ReportAbuse.Label.SentPrivately,비공개로 전송됨
Feature.ReportAbuse.Label.TakeItDownCopy,미국 연방법 제47편 제223a조의 정의에 따라 합의되지 않은 사적 이미지를 신고하세요.
Feature.ReportAbuse.Label.TellUsWhatHappened,무슨 일이 있었는지 알려주세요.(선택 사항)
Feature.ReportAbuse.Label.TellUsWhatHappenedNoOptional,어떤 일이 발생했는지 알려주세요.
Feature.ReportAbuse.Label.UserTextMuted,{name} 님과의 채팅을 차단했습니다
Feature.ReportAbuse.Label.UserTextMutedError,{name} 님과의 채팅을 차단할 수 없습니다
Feature.ReportAbuse.Label.WhatWasWrong,어떤 문제를 겪었나요?
Feature.ReportAbuse.Label.WhereDidItHappen,어디서 발생한 일인가요?
Feature.ReportAbuse.Label.YourReportCode,고유 보고서 코드:
Feature.ReportAbuse.Message.ChatLineReportingInfoText,보고서에는 선택한 메시지 등 해당 채널의 모든 메시지가 포함됩니다.
Feature.ReportAbuse.Message.ErrorBEDUIFetchFailed,신고 양식을 불러올 수 없습니다. 다시 시도하세요.
Feature.ReportAbuse.Message.ErrorSubmit,신고를 전송하는 중 오류가 발생했어요.
Feature.ReportAbuse.Message.ErrorSubmitFailure,신고 양식을 제출할 수 없습니다. 다시 시도하세요.
Feature.ReportAbuse.Message.Loading,
Feature.ReportAbuse.Message.OSACopy1,신고 내용을 검토해 적절한 조치를 취하겠습니다. 신고한 사용자의 정보는 다른 사용자와 공유하지 않습니다.
Feature.ReportAbuse.Message.OSACopy2,신고한 사용자 또는 콘텐츠는 자동으로 차단되지 않습니다. 사용자와의 상호작용을 제한하고 싶으면 해당 사용자를 차단하세요.
Feature.ReportAbuse.Message.OSACopy3,영국 온라인 안전법에 따른 불법 콘텐츠를 신고할 수도 있습니다.
Feature.ReportAbuse.Message.OSACopy4,불법 콘텐츠나 아동에게 유해한 콘텐츠를 신고해 주세요.
Feature.ReportAbuse.Message.OSACopyReadOnly,불법 콘텐츠 또는 아동에게 유해한 콘텐츠를 신고하려면 다음 페이지를 방문하세요. https://www.roblox.com/illegal-content-reporting
Feature.ReportAbuse.Message.Success,회원님의 신고가 전송되었습니다.
Feature.ReportAbuse.Message.ThankYouReport,감사합니다. 신고 내용을 참고해 모두를 위한 안전하고 즐거운 Roblox가 될 수 있도록 노력하겠습니다.
Feature.ReportAbuse.Message.UserTextMuted,이 체험에서 해당 사용자의 텍스트 채팅을 받지 않게 됩니다.
Feature.ReportAbuse.Message.UserTextMutedErrorDoesNotExist,{name} 님을 찾지 못했습니다. 이미 체험에서 나간 것 같습니다.
Feature.ReportAbuse.Message.UserTextMutedErrorSelf,자신과의 채팅은 차단할 수 없습니다
Feature.ReportAbuse.Message.UserTextMutedSystem,사용자 ‘{name}’ 님이 음소거되었습니다. 음소거를 해제하려면 ‘/unmute {name}'을(를) 입력하세요.
Feature.ReportAbuse.Problem.Bullying,따돌림
Feature.ReportAbuse.Problem.Cheating,
Feature.ReportAbuse.Problem.Dating,데이트/성관계
Feature.ReportAbuse.Problem.Hate,혐오
Feature.ReportAbuse.Problem.Links,플랫폼 외부 링크
Feature.ReportAbuse.Problem.Personal,
Feature.ReportAbuse.Problem.Scamming,
Feature.ReportAbuse.Problem.Spamming,
Feature.ReportAbuse.Problem.Swearing,
Feature.ReportAbuse.Problem.Violence,
Feature.ReportAbuse.ProblemDescription.Bullying,"따돌림, 괴롭힘, 위협"
Feature.ReportAbuse.ProblemDescription.Cheating,규칙 위반이나 해킹 또는 코드 악용
Feature.ReportAbuse.ProblemDescription.Dating,"연애, 로맨스 또는 성관계"
Feature.ReportAbuse.ProblemDescription.Hate,"혐오, 비방 또는 차별"
Feature.ReportAbuse.ProblemDescription.Links,Roblox 외부의 웹사이트 또는 앱으로 연결
Feature.ReportAbuse.ProblemDescription.Personal,개인정보 요청 또는 제공
Feature.ReportAbuse.ProblemDescription.Scamming,"스캠, 사기 또는 허위 거래"
Feature.ReportAbuse.ProblemDescription.Spamming,스팸 또는 반복적인 메시지 전송
Feature.ReportAbuse.ProblemDescription.Swearing,"욕설, 저주 또는 비속어"
Feature.ReportAbuse.ProblemDescription.Violence,극단적인 폭력 또는 고어
Feature.ReportAbuse.Title.SelectInSceneContinueYourReport,신고 계속하기
Feature.ReportAbuse.Title.SelectInSceneIpReport,지적 재산권 침해에 대한 신고 절차를 시작해 주셔서 감사합니다
Feature.RobloxSubscription.Action.Subscribe,
Feature.RobloxSubscription.Action.TryItForFree,무료로 이용해 보기
Feature.RobloxSubscription.Body.AlreadySubscribed,이미 Plus 구독을 통해 게임 내 혜택을 적용받고 계시네요.
Feature.RobloxSubscription.Body.GenericError,현재 이 작업을 완료하지 못했습니다. 다시 시도해 보세요.
Feature.RobloxSubscription.Body.UnsupportedPlatform,현재 기기에서는 이 구독을 구매할 수 없습니다.
Feature.RobloxSubscription.Description.AgeCheckTrial,나이 확인을 완료하고 감사 선물로 Roblox Plus 1주일 무료 체험 혜택을 받으세요. 무료 체험은 결제 수단 입력 없이 이용하실 수 있습니다.
Feature.RobloxSubscription.Description.Benefit.Customize,프로필 프레임 및 앱 테마로 사용자 정의하기
Feature.RobloxSubscription.Description.Benefit.DiscountV2,"아이템 및 아바타 첫 60일 동안 10% 할인, 이후 20% 할인"
Feature.RobloxSubscription.Description.ExclusiveBenefits,Roblox Plus 구독을 통해 적은 Robux로 더 큰 즐거움을 누리세요.
Feature.RobloxSubscription.Disclosure.BlackbirdTermsAgreement,"\u{201C}{ctaText}\u{201D}를 클릭하면 <a href=""{termsUrl}"">Roblox 구독 약관</a>에 동의하는 것으로 간주됩니다. 구독을 취소하기 전까지 매월 자동으로 요금이 청구됩니다."
Feature.RobloxSubscription.Label.BlackbirdPSDiscount,무료 비공개 서버
Feature.RobloxSubscription.Label.BlackbirdPriceTag,{price}/{periodType}
Feature.RobloxSubscription.Label.BlackbirdTr,Robux 무료로 보내기
Feature.RobloxSubscription.Label.BlackbirdUpsellBanner,Roblox Plus로 {discountPercentage}% 할인받기
Feature.RobloxSubscription.Label.BlackbirdVTDiscountFirst,"게임 내 아이템, 아바타 등 {discountPercent}% 할인"
Feature.RobloxSubscription.Label.BlackbirdVTDiscountSecond,{periodIndex}{periodType} 이후 이 아이템 {discountPercent}% 할인 
Feature.RobloxSubscription.Label.FreeTrialDisclosureShort,'계속하기'를 클릭하면 {linkStart}Roblox 구독 약관{linkEnd}에 동의하는 것으로 간주됩니다.
Feature.RobloxSubscription.Label.FreeTrialDisclosureV2,"'무료 체험'을 클릭하면 {linkStart}Roblox 구독 약관{linkEnd}에 동의하는 것으로 간주됩니다. 무료 체험 기간은 1개월 후 종료되며, 매월 자동으로 요금이 청구됩니다. 언제든지 구독을 취소하실 수 있습니다."
Feature.RobloxSubscription.Label.FreeTrialText,무료 체험하기
Feature.RobloxSubscription.Label.RobloxPlusPriceRowV2,{boldStart}1개월 무료 이용{boldEnd} 후 {price}/{periodType}
Feature.RobloxSubscription.Label.month,개월
Feature.RobloxSubscription.Label.months,
Feature.RobloxSubscription.Title.AgeCheckTrial,Plus 1주일 무료 구독하기
Feature.RobloxSubscription.Title.AlreadySubscribed,좋은 소식
Feature.RobloxSubscription.Title.GenericError,오류가 발생했습니다
Feature.RobloxSubscription.Title.GetBlackbird,Roblox Plus 구독하기
Feature.RobloxSubscription.Title.UnsupportedPlatform,여기에서는 Roblox Plus를 이용할 수 없습니다
Feature.SafetyDashboard.Heading.AccountStatus.V2,"계정 상태, 규정 위반 및 이의 신청"
Feature.Schools.Action.AlreadyGraduated,이미 졸업했습니다
Feature.Schools.Action.CantFindSchool,재학 중인 학교를 찾을 수 없나요?
Feature.Schools.Action.Continue,
Feature.Schools.Action.LeaveSchool,학교 제거
Feature.Schools.Action.Ok,
Feature.Schools.Action.PrivacyPolicy,
Feature.Schools.Action.Remove,
Feature.Schools.Action.ResendCode,코드 재전송
Feature.Schools.Action.Share,
Feature.Schools.Action.TermsOfService,
Feature.Schools.Action.UnidaysPrivacyPolicy,UNiDAYS 개인정보 처리방침
Feature.Schools.Action.UnidaysTermsOfService,UNiDAYS 서비스 약관
Feature.Schools.Body.EnterCode,UNiDAYS에서 일회용 코드가 포함된 이메일을 {user_email} 주소로 전송했습니다. 학교를 확인하려면 아래에 해당 코드를 입력하세요.
Feature.Schools.Body.UnidaysShare,이메일 주소는 다른 사람에게 표시되지 않습니다.
Feature.Schools.Body.UnidaysTerms,학교 이메일 주소를 확인하기 위해 UNiDAYS와 파트너십을 맺고 있습니다. '계속'을 클릭하면 UNiDAYS의 서비스 약관 및 개인정보 처리방침에 동의하는 것으로 간주됩니다.
Feature.Schools.Caption.AlumniGroupOnGraduate,졸업하면 {school} 동문 그룹에 속하게 됩니다.
Feature.Schools.Caption.RemovedOnGraduate,졸업하면 {school}에서 제거됩니다.
Feature.Schools.Description.CantFindSchoolNotify,내 학교가 Roblox에 등록되면 알려드리겠습니다.
Feature.Schools.Description.CantVerifySchool,제공해주신 정보로는 학교를 확인할 수 없습니다.
Feature.Schools.Description.ConnectWithFellowAlumni,동문과 연결
Feature.Schools.Description.FeatureAvailableBody,내 학교에서 친구를 찾아 보세요.
Feature.Schools.Description.InviteFriendsExclusiveItem,다른 사람을 초대해서 인증하세요. 학교가 개설되면 무료 아이템을 받습니다.
Feature.Schools.Description.InviteFriendsUnlockSooner,학교 동문 그룹을 더 빨리 시작할 수 있게 도움을 주세요.
Feature.Schools.Description.InviteOthersToVerify,다른 사람을 초대해서 인증하세요
Feature.Schools.Description.MoreVerifiedAlumniNeeded,인증된 동문이 더 필요합니다
Feature.Schools.Description.NotAvailableInRegion,아직 이용할 수 없는 학교 기능입니다.
Feature.Schools.Description.RemoveSchoolBody,학교에 다시 가입하려면 학교 이메일 주소를 재확인해야 합니다. 지금까지 받은 보상 아이템은 전부 삭제됩니다.
Feature.Schools.Description.SchoolIsLiveBody,
Feature.Schools.Description.SchoolUnavailableBody,이 학교는 현재 Roblox에서 이용할 수 없습니다.
Feature.Schools.Description.UpsellDisclaimer,학교는 같은 학교 출신인 사람들에게만 표시됩니다. 언제든지 학교를 변경하거나 삭제할 수 있습니다.
Feature.Schools.Description.UpsellTagline,같은 학교의 인증된 학생들을 찾아 소통하고 함께 플레이하세요.
Feature.Schools.Description.WaitlistAlumniBody,모든 준비가 끝났습니다. 학교 동문 그룹이 개설되는 대로 알려드리겠습니다.
Feature.Schools.Description.WaitlistBody,창립 멤버입니다. 학교를 함께 시작할 수 있도록 반 친구들을 초대하세요.
Feature.Schools.Error.AlreadyLinked,이 이메일 주소는 이미 다른 계정에 연결되어 있습니다.
Feature.Schools.Error.InvalidEmail,유효한 학교 이메일 주소를 입력하세요.
Feature.Schools.Error.InvalidPassCode,코드가 올바르지 않습니다.
Feature.Schools.Error.NotSchoolEmail,학교에서 발급한 이메일 주소를 사용하세요.
Feature.Schools.Error.OtpAlreadyUsed,이미 사용된 코드입니다.
Feature.Schools.Error.OtpExpired,이 코드는 만료되었습니다.
Feature.Schools.Error.OtpInvalidFormat,이 코드의 형식이 유효하지 않습니다.
Feature.Schools.Error.OtpTooManyAttempts,일일 최대 시도 횟수에 도달했습니다.
Feature.Schools.Error.SomethingWentWrong,
Feature.Schools.Error.UnidaysEmailNotFound,UNiDAYS에서 본 이메일을 찾을 수 없습니다.
Feature.Schools.Filter.AllYears,모든 연도
Feature.Schools.Filter.Apply,적용하기
Feature.Schools.Filter.GradYear,졸업 연도
Feature.Schools.GiftForYou,나를 위한 선물
Feature.Schools.Heading.AddSchool,학교 추가
Feature.Schools.Heading.AddSchoolNow,학급 친구들과 함께 참가하세요
Feature.Schools.Heading.CantFindSchool,학교를 찾을 수 없습니다
Feature.Schools.Heading.CantVerifySchool,학교를 확인할 수 없음
Feature.Schools.Heading.CheckYourEmail,내 이메일 확인
Feature.Schools.Heading.EnterSchoolEmail,학교 이메일 입력
Feature.Schools.Heading.InviteYourClassmates,학급 친구 초대
Feature.Schools.Heading.InviteYourFriends,
Feature.Schools.Heading.JoinClassmates,
Feature.Schools.Heading.MembersWithCount,멤버 {count}명
Feature.Schools.Heading.RemoveYourSchool,내 학교 제거
Feature.Schools.Heading.SchoolIsLive,이제 내 학교를 이용할 수 있습니다
Feature.Schools.Heading.SchoolUnavailable,내 학교 이용 불가
Feature.Schools.Heading.SelectGraduationYear,졸업 연도 선택
Feature.Schools.Heading.ShareWithFriends,친구와 공유
Feature.Schools.Heading.ThanksForInterest,관심을 가져주셔서 감사합니다
Feature.Schools.Heading.YouJoinedSchool,{school}에 합류했습니다!
Feature.Schools.Heading.YourFounderReward,내 창립 멤버 보상
Feature.Schools.Label.AlumniGroupLaunches,동문 그룹 개설됨
Feature.Schools.Label.Classmates,
Feature.Schools.Label.ConfirmSchool,학교 선택
Feature.Schools.Label.ConnectWithClassmates,학급 친구와 연결하기
Feature.Schools.Label.DidntGetCode,
Feature.Schools.Label.MoreToUnlockSchool,학교를 개설하려면 {count}명이 더 필요합니다
Feature.Schools.Label.ResendInSeconds,{time}초 후 재전송
Feature.Schools.Label.SchoolLaunches,학교 개설됨
Feature.Schools.Label.SchoolVerified,인증 완료
Feature.Schools.Label.Search,
Feature.Schools.Label.SuggestedEmail,{email}을(를) 입력하려 하셨습니까?
Feature.Schools.Label.UnlockAlumniGroup,동문 그룹 보류 중
Feature.Schools.Label.UpsellPerkFindFriends,내 학교에서 친구 찾기
Feature.Schools.Label.UpsellPerkPlayAndChat,누가 온라인 상태인지 확인하고 쉽게 같이 플레이하기
Feature.Schools.Label.UpsellPerkTrends,내 학교에서 인기 있는 게임 둘러보기
Feature.Schools.Placeholder.Email,학생 이메일
Feature.Schools.Placeholder.SixDigitCode,
Feature.Schools.RewardGiftBody,학교를 인증해 주셔서 감사합니다. 아바타 > 장신구 > 등으로 이동해 신규 아이템을 확인하세요.
Feature.Screentime.Content.ScreentimeLimitDialog,일일 스크린 타임 한도에 도달했습니다. Roblox에 액세스하려면 내일 다시 오세요.
Feature.Screentime.Description.HeartbeatConsecutiveFailure,내부 오류입니다. 다시 로그인하세요.
Feature.Screentime.Description.MoreScreentimeDescription,스크린 타임 제한이 일시적으로 연장됩니다
Feature.Screentime.Heading.ScreentimeLimitDialog,스크린 타임 한도 도달
Feature.Screentime.Label.FifteenMoreMinutes,15분 추가
Feature.Screentime.Label.FiveMoreMinutes,5분 추가
Feature.Screentime.Label.Options,시간 추가
Feature.SecurityFeedback.Header.NewLogin,새로운 활동 알림
Feature.Settings.Description.AccountSettingsScan,"호환 기기의 카메라로 QR 코드를 스캔해
Roblox 앱의 계정 설정을 여세요."
Feature.Settings.Description.AccountSettingsWebsite,"개인정보 보호, 보안 제어 등에 액세스하려면
웹 또는 호환 기기를 방문하세요."
Feature.Settings.Description.CrossPlatform,"모든 플랫폼의 사람들과 같은 체험에 참가하고
더 많은 체험에서 더욱 다양한 사람들을 만나세요."
Feature.Settings.Description.PlatformAccountSettingsSuccess,{platform} 설정이 올바르게 완료되어 방문할 준비가 되었어요!
Feature.Settings.Description.SwitchProfile,여기에서 {platform} 프로필을 전환할 수 있습니다.
Feature.Settings.Heading.AccountSettings,
Feature.Settings.Heading.PlatformAccountSettings,{platform} 설정
Feature.Settings.Heading.SwitchProfile,프로필 전환
Feature.Settings.Label.Allowed,허용됨
Feature.Settings.Label.CrossPlatform,크로스 플랫폼 플레이
Feature.Settings.Label.Disabled,사용 안 함
Feature.Settings.Label.Disallowed,허용 안 됨
Feature.Settings.Label.Enabled,사용함
Feature.Settings.Label.Error,
Feature.Settings.Label.Loading,불러오는 중
Feature.Settings.Label.Multiplayer,멀티플레이어
Feature.Settings.Label.Open,열기
Feature.Settings.Label.Recommended,
Feature.Settings.Label.SharedContent,공유된 콘텐츠
Feature.Settings.Subheading.AccountSettingsScan,QR 코드 스캔
Feature.Settings.Subheading.AccountSettingsWebsite,웹사이트 방문
Feature.SettingsHub.Action.AllowInSettings,설정에서 허용
Feature.SettingsHub.Action.CancelSearch,
Feature.SettingsHub.Action.InviteFriend,
Feature.SettingsHub.Action.NotNow,
Feature.SettingsHub.Action.Ok,
Feature.SettingsHub.Action.OpenSettings,
Feature.SettingsHub.Description.CameraPermissionRequestQRCode,QR 코드를 스캔하려면 카메라 액세스가 필요합니다.
Feature.SettingsHub.Description.ContactsPermissionAndroid,"1. '권한'을 선택합니다
2. '연락처'를 선택합니다
3. Roblox의 연락처 접근 권한을 허용합니다"
Feature.SettingsHub.Description.ContactsPermissionAndroidDeeplinkNotSupported,"1. '설정' > '권한'으로 이동하세요.
2. '연락처'를 선택하세요.
3. Roblox의 연락처 액세스 권한을 허용하세요."
Feature.SettingsHub.Description.ContactsPermissionIOS,친구와 소통하려면 Roblox가 연락처를 사용할 수 있도록 허용해 주세요.
Feature.SettingsHub.Description.ContactsPermissionRequest,친구와 소통하려면 연락처 액세스가 필요합니다.
Feature.SettingsHub.Description.QRCodeCameraPermissionAndroid,"1. '권한'을 선택합니다
2. '카메라'를 선택합니다
3. Roblox의 카메라 접근 권한을 허용합니다"
Feature.SettingsHub.Description.QRCodeCameraPermissionAndroidDeeplinkNotSupported,"1. '설정' > '권한'으로 이동합니다
2. '카메라'를 선택합니다
3. Roblox의 카메라 접근 권한을 허용합니다"
Feature.SettingsHub.Description.QRCodeCameraPermissionIOS,QR 코드를 스캔하려면 Roblox가 카메라를 사용할 수 있도록 허용해 주세요.
Feature.SettingsHub.Label.ConnectionsListLoadErrorMessage,인맥을 불러올 수 없습니다. 나중에 다시 시도하세요.
Feature.SettingsHub.Label.FriendsListLoadErrorMessage,친구를 불러올 수 없습니다. 나중에 다시 시도하세요.
Feature.SettingsHub.Label.InviteSearchNoResults,검색 결과가 없습니다
Feature.SettingsHub.Label.Invited,초대 완료
Feature.SettingsHub.Label.Moderated,검토 요청됨
Feature.SettingsHub.Label.NoConnectionsPageMessage,인맥을 추가해 함께 탐험하세요.
Feature.SettingsHub.Label.NoConnectionsScreen,인맥을 맺고 사람들을 초대해 함께 플레이하세요!
Feature.SettingsHub.Label.NoFriendsPageMessage,친구를 추가해 함께 탐험하세요.
Feature.SettingsHub.Label.NoFriendsScreen,친구를 사귄 후 초대해 함께 방문하세요!
Feature.SettingsHub.Label.ReportComment,위반 사항에 대해 직접 설명해 주세요.
Feature.SettingsHub.Label.SearchForFriendsPlaceholder.FriendsRename,
Feature.SettingsHub.Label.Sending,
Feature.SettingsHub.Prompt.AllowAccessToCamera,카메라 액세스를 허용하시겠습니까?
Feature.SettingsHub.Prompt.AllowAccessToContacts,연락처 액세스를 허용하시겠습니까?
Feature.SettingsHub.Prompt.NeedCameraAccess,카메라 접근 권한 필요
Feature.SettingsHub.Prompt.NeedContactsAccess,연락처 접근 권한 필요
Feature.SettingsHub.Prompt.RestartOnMicAccessChange,마이크 액세스 권한 변경 사항을 적용하려면 앱을 다시 시작해야 합니다.
Feature.SettingsHub.Prompt.Subtitle.AllowMicrophoneAccess,다른 사람들과 음성 채팅을 하려면 Roblox에 대한 마이크 접근 권한을 허용하세요.
Feature.SocialShare.Action.CopyLink,
Feature.SocialShare.Action.Redirect,리디렉션 중...
Feature.SocialShare.Action.Share,
Feature.SocialShare.Description.InvalidLinkError,이 링크는 존재하지 않습니다.
Feature.SocialShare.Description.InviteExpiredError,초대 링크가 만료되었습니다. 그래도 {experienceName}에 참가하시겠어요?
Feature.SocialShare.Description.InviterNotHereError,초대자가 체험에서 나갔습니다. 그래도 {experienceName}에 참가하시겠어요?
Feature.SocialShare.Label.Copied,복사됨
Feature.SocialShare.Label.CopyLinkToShareWithPeople,링크를 복사해 아는 사람들과 공유하기
Feature.SocialShare.Label.InvalidLinkError,유효하지 않은 링크
Feature.SocialShare.Label.InviteExpiredError,초대 링크가 만료되었습니다
Feature.SocialShare.Label.InviterNotHereError,초대자가 여기에 없습니다
Feature.SocialShare.Response.Error,오류가 발생했어요.
Feature.SocialShare.Response.Error.Subtext,나중에 다시 시도하세요.
Feature.SocialShare.ShareWithPeopleYouKnow,아는 사람들과 공유하기
Feature.SocialTab.Label.AddFriendHint,친구를 추가하려면 여기를 누르세요
Feature.SocialTab.Label.AddFriendHintBody,친구와 함께하면 Roblox가 더 재미있어요!
Feature.SocialTab.Label.Connect,
Feature.SocialTab.Label.CreateAndExploreGroups,새 커뮤니티를 만들거나 다른 곳을 둘러볼 수 있어요
Feature.SocialTab.Label.Groups,
Feature.SongDetails.Action.Favorite,
Feature.SongDetails.Action.Report,
Feature.SongDetails.Action.ReportAudio,오디오 신고
Feature.SongDetails.Body.DescriptionTitle,정보
Feature.SongDetails.Label.DateUploaded,업로드한 날짜
Feature.SongDetails.Label.ExperiencesFeaturing,포함된 체험
Feature.SongDetails.Label.ExperiencesFeaturingTrack,{trackName}이(가) 나오는 체험
Feature.SongDetails.Label.Genre,
Feature.SongDetails.Label.InappropriateAudio,부적절한 오디오
Feature.SongDetails.Label.InappropriateThumbnail,부적절한 섬네일
Feature.SongDetails.Label.Length,길이
Feature.SongDetails.Label.MonthlyListeners,월간 청취자
Feature.SongDetails.Label.SongPreview,노래 미리 보기
Feature.SongDetails.Label.SongsAvailableBy,이용 가능한 {artistName}의 노래
Feature.SongDetails.Label.SongsBy,{artistName}의 노래
Feature.SongDetails.Label.ThousandPlus,1000+
Feature.SongDetails.Label.Vendor,벤더
Feature.Squads.Action.Add,
Feature.Squads.Action.AddOthers,다른 사용자 추가
Feature.Squads.Action.ConnectToVoice,음성에 연결
Feature.Squads.Action.ContinueWithoutVoice,음성 없이 연결
Feature.Squads.Action.Delete,
Feature.Squads.Action.DisconnectFromVoice,음성 연결 해제
Feature.Squads.Action.DontJoin,가입하지 않음
Feature.Squads.Action.Edit,
Feature.Squads.Action.Invite,
Feature.Squads.Action.InviteAgain,다시 초대
Feature.Squads.Action.Join,합류
Feature.Squads.Action.JoinWithParty,파티와 함께 참가
Feature.Squads.Action.JoinWithPrivateParty,비공개 파티로 참가하기
Feature.Squads.Action.Ok,
Feature.Squads.Action.Party,파티
Feature.Squads.Action.Remove,
Feature.Squads.Action.Retry,
Feature.Squads.Action.ScheduleAParty,파티 일정 잡기
Feature.Squads.Action.ScheduleParty,
Feature.Squads.Action.Start,
Feature.Squads.Action.Switch,
Feature.Squads.Action.TapToStartNewParty,탭해 새 파티를 시작하세요
Feature.Squads.Action.View,
Feature.Squads.Action.VoiceErrorGeneral,연결
Feature.Squads.Action.VoiceErrorPartyNotVoiceEligible,
Feature.Squads.Action.VoiceErrorUserIneligible,
Feature.Squads.Action.WaitingForParty,파티를 기다리는 중
Feature.Squads.Action.Yes,
Feature.Squads.Description.AddFriends,친구를 추가하면 친구가 이 그룹의 이전 메시지를 모두 볼 수 있게 됩니다.
Feature.Squads.Description.AlreadyJoined,이미 이 파티에 합류했어요
Feature.Squads.Description.DeleteScheduledSquad,예정된 파티를 삭제할까요?
Feature.Squads.Description.DisconnectVoiceDueToLowMemory,기기의 메모리가 부족합니다. 음성 연결을 해제해 Roblox가 충돌하는 것을 방지하세요. 파티 이용은 계속됩니다.
Feature.Squads.Description.FailedToJoin,파티에 합류하는 중에 문제가 발생했습니다. 다시 시도하세요.
Feature.Squads.Description.Going,참석
Feature.Squads.Description.Interested,관심 있는 사람
Feature.Squads.Description.InviteConnectionsToParty,"이 인맥들을 파티에 초대하면 그룹에도 초대되며, 이전 채팅 기록을 볼 수 있게 됩니다."
Feature.Squads.Description.InviteFriendsToParty,"이 친구들을 파티에 초대하면 그룹에도 초대되며, 이전 채팅 기록을 볼 수 있게 됩니다."
Feature.Squads.Description.Invited,초대됨
Feature.Squads.Description.InvitedToExperience,이미 누군가로부터 체험 초대를 받았습니다. 초대가 완료되면 다시 시도할 수 있습니다.
Feature.Squads.Description.JoinAnotherParty,현재 활성 파티에 합류해 있습니다. 현재 파티를 탈퇴하고 이 파티로 전환하시겠어요?
Feature.Squads.Description.JoinWithLowMemory,기기의 메모리가 부족합니다. 음성 사용 없이 합류하면 Roblox에서 충돌이 발생하는 것을 방지할 수 있습니다.
Feature.Squads.Description.LuckyRecommendationRevealed,그룹 전체가 참가할 수 있습니다
Feature.Squads.Description.LuckyRecommendationRolling,그룹에 적합한 게임 찾기
Feature.Squads.Description.LuckyRecommendationRow,시작을 도와드릴게요.
Feature.Squads.Description.ManyPeopleActive,{userCount}명 활동 중
Feature.Squads.Description.NoResponse,응답 없음
Feature.Squads.Description.NotGoing,참석하지 않음
Feature.Squads.Description.OneOnOneExpandedChatFeaturesActivePartyError,파티가 활성화되어 있는 동안 확장된 기능을 갖춘 일대일 채팅을 그룹 채팅으로 변환할 수 없습니다.
Feature.Squads.Description.OnePersonActive,1명 활동 중
Feature.Squads.Description.PartyEnded,파티가 끝났습니다. 새로운 파티를 시작할까요?
Feature.Squads.Description.PartyFull,이 파티는 현재 가득 찼습니다. 재합류를 시도할까요?
Feature.Squads.Description.PleaseTryAgain,
Feature.Squads.Description.RemoveFromChat,이 사람을 그룹에서 정말 삭제할까요?
Feature.Squads.Description.RemoveFromParty,그룹 채팅에서 {displayName} 님이 제거됩니다.
Feature.Squads.Description.ScheduledPartyAlreadyExists,선택한 시간에 이미 파티가 예정되어 있습니다
Feature.Squads.Description.Title,
Feature.Squads.Description.User,
Feature.Squads.Description.YouAddedMoreThanTwoToChat,{username} 님 및 {userCountMinusOne}명을 그룹에 추가했습니다
Feature.Squads.Description.YouAddedToChat,{username} 님을 그룹에 추가했습니다
Feature.Squads.Description.YouAddedTwoToChat,{username1} 님 및 {username2} 님을 그룹에 추가했습니다
Feature.Squads.Description.YouHaveNoScheduledParties,예정된 파티가 없습니다
Feature.Squads.Description.upsellInviteText,응답이 없습니다. 다시 초대해 보세요
Feature.Squads.Label.AddFriends,친구를 추가할까요?
Feature.Squads.Label.Audio,
Feature.Squads.Label.Connecting,연결 중
Feature.Squads.Label.DeleteScheduledParty,예정된 파티 삭제
Feature.Squads.Label.DeletedScheduledParty,삭제된 파티
Feature.Squads.Label.Error,
Feature.Squads.Label.Experience,
Feature.Squads.Label.FailedToJoin,파티에 합류 불가
Feature.Squads.Label.FindExperiences,체험 찾기
Feature.Squads.Label.FindExperiencesPlayTogether,함께 플레이할 체험 찾기
Feature.Squads.Label.FriendJoinedYourParty,{combinedName} 님이 파티에 참가했어요.
Feature.Squads.Label.InviteConnectionsConfirmation,이 인맥들을 그룹에 초대할까요?
Feature.Squads.Label.InviteFriendsConfirmation,이 친구들을 그룹에 초대할까요?
Feature.Squads.Label.InviteToSquad,스쿼드로 초대
Feature.Squads.Label.InvitedToExperience,체험에 초대됨
Feature.Squads.Label.JoinAnotherParty,파티 전환
Feature.Squads.Label.JoinExperiencesTogether,친구들과 함께 체험에 참가할 수 있어요
Feature.Squads.Label.JoinParty,파티 합류
Feature.Squads.Label.LeaveParty,파티 나가기
Feature.Squads.Label.Loading,
Feature.Squads.Label.LowMemory,메모리 부족
Feature.Squads.Label.LuckyRecommendationRevealed,이 게임 플레이해 보기
Feature.Squads.Label.LuckyRecommendationRolling,게임 선택
Feature.Squads.Label.LuckyRecommendationRow,무엇을 플레이할지 모르시겠나요?
Feature.Squads.Label.MultiplePeopleJoinedYourParty,여러 명이 파티에 참가했어요
Feature.Squads.Label.MuteMic,마이크 음소거
Feature.Squads.Label.Party,
Feature.Squads.Label.PartyCountStatus,파티에 {partyCount}명 참가
Feature.Squads.Label.PartyEnded,파티가 끝났습니다
Feature.Squads.Label.PartyEndedText,파티가 종료됨
Feature.Squads.Label.PartyFull,파티가 가득 찼습니다
Feature.Squads.Label.PartyOperationFailed,파티 작업 실패
Feature.Squads.Label.PartyStartedText,파티가 시작됨
Feature.Squads.Label.PartyVolume,파티 볼륨
Feature.Squads.Label.RemoveFromChat,그룹에서 삭제할까요?
Feature.Squads.Label.RemoveFromParty,파티에서 삭제
Feature.Squads.Label.ScheduledParty,예정된 파티
Feature.Squads.Label.SoloPlay,혼자 참가
Feature.Squads.Label.StartParty,파티 시작
Feature.Squads.Label.StartTime,시작 시간
Feature.Squads.Label.ThisFieldIsRequired,
Feature.Squads.Label.TwoFriendsJoinedYourParty,{combinedName1} 님과 {combinedName2} 님이 파티에 참가했어요
Feature.Squads.Label.UnmuteMic,마이크 음소거 해제
Feature.Squads.Label.UpcomingParties,
Feature.Squads.Label.UserDropdownMenuVoiceErrorUserIneligible,음성 기능을 이용할 수 없는 사용자입니다
Feature.Squads.Label.UsersParty,{displayName} 님의 파티
Feature.Squads.Label.ViewChat,채팅 보기
Feature.Squads.Label.ViewParty,파티 보기
Feature.Squads.Label.VoiceChats,
Feature.Squads.Label.VoiceErrorGeneral,음성이 연결되어 있지 않습니다
Feature.Squads.Label.VoiceErrorPartyNotVoiceEligible,이 파티에서는 음성 기능을 이용할 수 없습니다. 음성 채팅과 관대한 필터를 이용해 새로운 그룹을 생성할 수 있습니다.
Feature.Squads.Label.VoiceErrorUserIneligible,현재 파티 음성 채팅을 할 수 있는 권한이 없습니다
Feature.Squads.Label.Volume,
Feature.Squads.Label.WaitingForCombinedName,{combinedName} 님이 참가하기를 기다리는 중
Feature.Squads.Label.WaitingForOthers,다른 참가자가 참가하길 기다리는 중
Feature.Squads.Label.WillYouJoinScheduledParty,{displayName} 님의 파티에 참가하시겠어요?
Feature.Squads.Label.YouJoinedFriendParty,{combinedName} 님의 파티에 합류했습니다
Feature.Subscription.Action.ReportSubscription,구독 신고
Feature.Subscription.Action.SeeMore,
Feature.Subscription.Action.Subscribe,
Feature.Subscription.Action.SubscribePayAnotherWay,다른 방법으로 결제
Feature.Subscription.Action.SubscribeWithCreditDebitCard,신용카드 또는 체크카드로 구독
Feature.Subscription.Action.SubscribeWithRobloxCredit,Roblox 크레딧으로 구독
Feature.Subscription.Email.PricePerMonthLabel,{purchasePrice}/월
Feature.Subscription.Error.GenericSubscribeError,구독을 처리하는 중에 문제가 발생했습니다. 나중에 다시 시도하세요.
Feature.Subscription.Footer.PurchasePromptLegalText,'구독'을 클릭하면 이용 약관에 동의하는 것으로 간주됩니다. 매월 자동으로 요금이 청구되며 언제든지 구독을 취소하실 수 있습니다.
Feature.Subscription.Heading.Subscriptions,
Feature.Subscription.Message.MonthlySpendRestrictionsMonthlyLimitExceed,자녀 보호 기능으로 설정된 월별 구매 한도에 도달했습니다. 다음 달까지 신규 구매가 불가합니다.
Feature.Subscription.Message.ReportSubmitted,
Feature.Subscription.Text.DisclaimerTextMonthly,매월 갱신됩니다. 언제든지 취소할 수 있습니다.
Feature.Subscription.Text.PerMonth,/월
Feature.Subscription.Text.Subscribed,구독 완료
Feature.Timeout.Label.OK,
Feature.Timeout.Prompt.BodyText,아바타가 {rule}에 따라 재설정되었습니다. 마켓플레이스는 계속 사용할 수 있지만 {time}까지 아바타 변경 사항은 저장되지 않습니다.
Feature.Timeout.Prompt.TitleText,아바타를 재설정했습니다
Feature.Timeout.WarningBanner.DisabledMessage,아바타 저장이 비활성화됨
Feature.Timeout.WarningBanner.DisabledUntilMessage,{time}까지 아바타 저장이 비활성화됨
Feature.Toast.Heading.PurchaseMessage.Success,
Feature.Toast.Message.PurchaseMessage.SuccessV3,{price} Robux를 지불해 {gameName} 게임을 잠금 해제했어요.
Feature.Toast.NetworkingError.Forbidden,권한 부족.
Feature.Toast.NetworkingError.NotFound,콘텐츠를 찾을 수 없음.
Feature.Toast.NetworkingError.ServiceUnavailable,
Feature.Toast.NetworkingError.SomethingIsWrong,
Feature.Toast.NetworkingError.Timeout,시간 초과. 다시 시도하세요.
Feature.Toast.NetworkingError.TooManyRequests,서버 사용량이 많아요. 나중에 다시 시도하세요.
Feature.Toast.NetworkingError.UnableToConnect,연결 불가. 나중에 다시 시도하세요.
Feature.Toast.NetworkingError.Unauthorized,로그인 상태가 아닙니다. 다시 로그인해 주세요.
Feature.Toast.ScanQrCodeError.UnrecognizableQrCode,인식할 수 없는 QR 코드입니다. 다시 시도하세요.
Feature.Toast.Username.Copied,사용자 이름이 클립보드에 복사되었습니다.
Feature.Toast.VoteError.AssetNotVoteable,지금은 이 체험에 투표할 수 없습니다.
Feature.Toast.VoteError.Default,실행 불가.
Feature.Toast.VoteError.FloodCheckThresholdMet,너무 자주 투표를 하시는군요.
Feature.Toast.VoteError.PlayGame,체험을 평가하려면 먼저 이 체험을 방문하셔야 합니다.
Feature.UniversalFeatureRestrictions.AbuseVector.AgeVerification.DialogBody.Suspended,커뮤니티 규정을 반복적으로 위반하셨기 때문에 지금은 회원님의 나이를 확인할 수 없습니다. 제한이 종료된 후 다시 시도하세요.
Feature.UniversalFeatureRestrictions.AbuseVector.AgeVerification.DialogTitle.Suspended,나이 확인 일시 중지됨
Feature.UniversalFeatureRestrictions.AbuseVector.RobloxKick.DialogBody.Banned,규칙을 반복해서 위반했거나 위반 정도가 심각해 이 게임을 플레이하는 것이 금지되었습니다.
Feature.UniversalFeatureRestrictions.AbuseVector.RobloxKick.DialogBody.Suspended,규칙을 어기는 행동을 하셨기 때문에 이 게임을 플레이할 수 없습니다.
Feature.UniversalFeatureRestrictions.AbuseVector.RobloxKick.DialogTitle.Banned,Roblox에서 회원님의 이 게임 이용을 일시 정지했습니다
Feature.UniversalFeatureRestrictions.AbuseVector.RobloxKick.DialogTitle.Suspended.Day,Roblox에서 1일 동안 회원님의 이 게임 이용을 정지했습니다
Feature.UniversalFeatureRestrictions.AbuseVector.RobloxKick.DialogTitle.Suspended.Days,Roblox에서 {number}일 동안 회원님의 이 게임 이용을 정지했습니다
Feature.UniversalFeatureRestrictions.AbuseVector.RobloxKick.DialogTitle.Suspended.Hour,Roblox에서 1시간 동안 회원님의 이 게임 이용을 정지했습니다
Feature.UniversalFeatureRestrictions.AbuseVector.RobloxKick.DialogTitle.Suspended.Hours,Roblox에서 {number}시간 동안 회원님의 이 게임 이용을 정지했습니다
Feature.UniversalFeatureRestrictions.AbuseVector.RobloxKick.DialogTitle.Suspended.Minute,Roblox에서 1분 동안 회원님의 이 게임 이용을 정지했습니다
Feature.UniversalFeatureRestrictions.AbuseVector.RobloxKick.DialogTitle.Suspended.Minutes,Roblox에서 {number}분 동안 회원님의 이 게임 이용을 정지했습니다
Feature.VerificationUpsell.Action.AddPhone,
Feature.VerificationUpsell.Action.AddPhoneVoice,음성 채팅을 위해 휴대폰 번호 추가
Feature.VerificationUpsell.Action.ChangeEmail,
Feature.VerificationUpsell.Action.ChangeNumber,번호 변경
Feature.VerificationUpsell.Action.ChangePhoneNumber,휴대폰 번호 변경
Feature.VerificationUpsell.Action.CodeResent,
Feature.VerificationUpsell.Action.Continue,
Feature.VerificationUpsell.Action.ContinueLogOut,로그아웃 계속 진행
Feature.VerificationUpsell.Action.Edit,
Feature.VerificationUpsell.Action.EditPhoneNumber,휴대폰 번호 수정
Feature.VerificationUpsell.Action.EnableVoice,
Feature.VerificationUpsell.Action.GenericSkip,
Feature.VerificationUpsell.Action.Logout,무시하고 로그아웃
Feature.VerificationUpsell.Action.Next,
Feature.VerificationUpsell.Action.NotNow,
Feature.VerificationUpsell.Action.NotNow.2,
Feature.VerificationUpsell.Action.Ok,
Feature.VerificationUpsell.Action.PrivacyPolicy,
Feature.VerificationUpsell.Action.ResendCode,
Feature.VerificationUpsell.Action.ResendConfirmationEmail,이메일 다시 보내기
Feature.VerificationUpsell.Action.SendConfirmationEmail,확인 이메일 보내기
Feature.VerificationUpsell.Action.TermsOfUse,
Feature.VerificationUpsell.Action.TurnOn,
Feature.VerificationUpsell.Action.UserEmail,
Feature.VerificationUpsell.Description.AddEmailTextOver13,구매를 계속하려면 이메일 주소를 추가하세요.
Feature.VerificationUpsell.Description.AddEmailTextUnder13,구매를 계속하려면 보호자에게 요청해 보호자 이메일 주소를 추가하세요.
Feature.VerificationUpsell.Description.AddParentalEmail,"보호자 복구 이메일을 추가해 계정 설정을 완료해 두면, 진행 중인 게임이나 아이템, Robux에 대한 액세스 권한을 안전하게 유지할 수 있습니다."
Feature.VerificationUpsell.Description.AddPhoneBody,WhatsApp 또는 문자로 일회성 인증 코드를 받게 됩니다. 메시지 및 데이터 요금이 부과될 수 있습니다.
Feature.VerificationUpsell.Description.AddPhoneBodyVoice,
Feature.VerificationUpsell.Description.EnterPassword,
Feature.VerificationUpsell.Description.IDVerificationAddEmailText,나이 인증에 앞서 이메일 주소를 입력하세요. 이는 계정 접근 권한을 잃을 경우 복구 방법으로 사용됩니다.
Feature.VerificationUpsell.Description.LogoutAddEmailTextOver13,"로그아웃에 앞서, 계정이 잠기는 일을 방지할 수 있도록 이메일 주소를 추가해 두세요."
Feature.VerificationUpsell.Description.LogoutAddEmailTextUnder13,"로그아웃에 앞서, 계정이 잠기는 일을 방지할 수 있도록 보호자의 이메일 주소를 추가해 두세요."
Feature.VerificationUpsell.Description.LogoutAddEmailTextUnder13V2,"로그아웃에 앞서, 계정 잠김을 방지하기 위해 보호자 복구 이메일 주소를 추가해 두세요."
Feature.VerificationUpsell.Description.LogoutAddPhoneTextV2,"신속한 계정 복구를 위해 휴대폰 번호를 추가하세요. 이 단계를 건너뛰면 게임 진행 상황, 아이템, Robux에 대한 접근 권한을 잃을 수 있습니다."
Feature.VerificationUpsell.Description.LogoutAddPhoneTextV3,"전화번호를 추가하면 필요 시 계정을 빠르게 복구할 수 있으며, 전화번호로 로그인하거나 친구들과 소통할 수도 있습니다."
Feature.VerificationUpsell.Description.PhoneNumberNeverPublic,휴대폰 번호는 공개적으로 표시되지 않습니다.
Feature.VerificationUpsell.Description.ShortCodeLegalDisclaimerUA,"'계속'을 클릭하면 전화번호를 제출하고 SMS 이용 약관 및 개인정보 처리방침에 동의하게 되며, 일회성 인증 코드를 받습니다. 메시지 및 데이터 요금이 부과될 수 있습니다. 도움이 필요한 경우 답장으로 'HELP'라고 작성해 보내 주세요."
Feature.VerificationUpsell.Description.VerificationCodeSmsFeesMayApply,
Feature.VerificationUpsell.Description.VerifyEmailBody,{emailAddress}(으)로 전송된 확인 이메일을 열고 링크를 클릭하세요.
Feature.VerificationUpsell.Description.VoiceLegalConsent,"음성 서비스 활성화, 관리, 안전, 그리고 Roblox 서비스 및 도구의 향상을 위해 Roblox가 내 음성 녹음을 수집, 이용, 보관할 수 있음에 동의합니다."
Feature.VerificationUpsell.Description.VoiceLegalConsent2,"음성 서비스를 활성화하고 규정 준수 확인, 안전, 서비스 및 툴 개선을 위해 Roblox에서 내 음성 녹음 내용을 수집, 사용, 저장하는 데 동의합니다."
Feature.VerificationUpsell.Description.VoiceLegalDisclaimer,"'음성 채팅 사용'을 선택하면, 음성 서비스를 활성화하고 규정 준수 확인, 안전, 서비스 및 툴 개선을 위해 Roblox에서 내 음성 녹음 내용을 수집, 사용, 저장하는 데 동의하는 것으로 간주됩니다."
Feature.VerificationUpsell.Description.VoiceLegalDisclaimer3,"""인증""을 선택하면 Roblox가 음성 서비스를 활성화하고 Roblox 서비스 및 도구를 관리, 보호 및 개선하기 위한 목적으로 내 음성 녹음을 수집, 이용, 보관하는 데 동의합니다."
Feature.VerificationUpsell.Heading.AddEmail,먼저 계정을 인증하세요
Feature.VerificationUpsell.Heading.FinishAccountSetup,계정 설정 완료
Feature.VerificationUpsell.Heading.PhoneNumberVerified,휴대폰 번호 인증 완료!
Feature.VerificationUpsell.Heading.TryVoiceChat,음성 채팅 이용해 보기
Feature.VerificationUpsell.Heading.VerificationCode,
Feature.VerificationUpsell.Heading.VerifiedSuccessfully.V2,인증 완료!
Feature.VerificationUpsell.Heading.VerifyEmail,
Feature.VerificationUpsell.Heading.VerifyOnLogout,계정 잠김을 방지하세요!
Feature.VerificationUpsell.Heading.VerifyYourPhone,휴대폰 번호 인증
Feature.VerificationUpsell.Heading.VoiceChatEnabledMobile,음성 채팅이 활성화되었습니다! 지금 바로 체험에서 이용해 보세요.
Feature.VerificationUpsell.Heading.VoiceChatError,휴대폰 번호가 추가되었습니다! 설정 > 개인정보 > 마이크 및 카메라 입력에서 음성 채팅을 켜세요.
Feature.VerificationUpsell.Heading.VoiceChatJoinFailed,지금은 음성 채팅에 참가할 수 없습니다. 다시 시도하세요
Feature.VerificationUpsell.Heading.VoiceChatTurnedOn,음성 채팅이 켜져 있습니다
Feature.VerificationUpsell.Label.EmailInputPlaceholderOver13,내 이메일
Feature.VerificationUpsell.Label.EmailInputPlaceholderUnder13,
Feature.VerificationUpsell.Label.EmailInputPlaceholderUnder13V2,보호자 복구 이메일
Feature.VerificationUpsell.Label.EnterCode,방금 {phoneNumber}(으)로 전송된 코드를 입력하세요
Feature.VerificationUpsell.Label.PasswordInputPlaceholder,계정 비밀번호 인증
Feature.VerificationUpsell.Label.PhoneNumber,휴대폰 번호
Feature.VerificationUpsell.Label.SixDigitCode,
Feature.VerificationUpsell.Label.VerifyPhoneNumber,
Feature.VerificationUpsell.Label.Verifying,인증 중
Feature.VerificationUpsell.Message.Confirmation,{phoneNumber}에 SMS로 인증 코드를 보내 드립니다. SMS 발송 수수료가 부과될 수 있습니다.
Feature.VerificationUpsell.Message.InvalidEmailAddress,
Feature.VerificationUpsell.Message.InvalidSmsCode,
Feature.VerificationUpsell.Message.WrongPassword,비밀번호가 일치하지 않습니다. 다시 시도하세요.
Feature.VerificationUpsell.Response.ErrorPhoneFormatInvalid,유효하지 않은 휴대폰 번호 형식입니다. 확인 후 다시 시도하세요.
Feature.VerificationUpsell.Response.ErrorTryAgain,문제가 발생했습니다. 나중에 다시 시도해 주세요.
Feature.VerificationUpsell.Response.InvalidPhoneNumberError,사용할 수 없는 휴대폰 번호입니다. 다른 휴대폰 번호를 입력하세요.
Feature.VerificationUpsell.Response.PhoneHasTooManyAssociatedAccounts,한 휴대폰 번호에 연결 가능한 최대 계정 수에 도달했습니다.
Feature.VerificationUpsell.Response.TooManyAttemptsTryAgainLater,
Feature.VirtualEvents.AttendanceBeforeEvent,
Feature.VirtualEvents.AttendanceDuringEvent,지금 참가 중
Feature.VirtualEvents.DescriptionLabel,
Feature.VirtualEvents.EnableNotificationsModalBody,"Roblox를 사용하지 않을 때도, 이벤트에 대한 소식을 받아 보세요."
Feature.VirtualEvents.EnableNotificationsModalTitle,이벤트 푸시 알림
Feature.VirtualEvents.EventCancelledText,취소된 이벤트입니다.
Feature.VirtualEvents.EventNotFound,이벤트를 찾을 수 없음
Feature.VirtualEvents.EventsListTitle,
Feature.VirtualEvents.GetNotifiedButton,사용
Feature.VirtualEvents.GoHome,홈으로 이동
Feature.VirtualEvents.HostedByLabel,주최자:
Feature.VirtualEvents.Join,
Feature.VirtualEvents.JoinEvent,이벤트 참가
Feature.VirtualEvents.Label.Challenge,챌린지
Feature.VirtualEvents.Label.DateAtTime,{date} {time}
Feature.VirtualEvents.Label.EarlyAccess,얼리 액세스
Feature.VirtualEvents.Label.Ended,종료됨
Feature.VirtualEvents.Label.Expansion,확장판
Feature.VirtualEvents.Label.Festival,축제
Feature.VirtualEvents.Label.HappeningNow,
Feature.VirtualEvents.Label.InDays,{number}일 후
Feature.VirtualEvents.Label.ItemDrop,아이템 드롭
Feature.VirtualEvents.Label.MoreLevels,레벨 추가
Feature.VirtualEvents.Label.NewContent,새로운 콘텐츠
Feature.VirtualEvents.Label.NewFeature,새로운 기능
Feature.VirtualEvents.Label.NewLocation,새로운 위치
Feature.VirtualEvents.Label.NewMap,새로운 맵
Feature.VirtualEvents.Label.NewSeason,새로운 시즌
Feature.VirtualEvents.Label.Quest,퀘스트
Feature.VirtualEvents.Label.Rating,{rating}% 평점
Feature.VirtualEvents.Label.ReminderSetForEventTime,{eventName}에 대한 알림이 {eventTime}(으)로 설정되었습니다.
Feature.VirtualEvents.Label.StartsInHours,{number}시간 후
Feature.VirtualEvents.Label.StartsInMinutes,{number}분 후
Feature.VirtualEvents.Label.StartsInOneDay,1일 후
Feature.VirtualEvents.Label.StartsInOneHour,1시간 후
Feature.VirtualEvents.Label.StartsNow,지금 시작
Feature.VirtualEvents.NotNowButton,
Feature.VirtualEvents.NotifyMe,
Feature.VirtualEvents.ShareModalBody,아래의 이벤트 링크를 복사해 다른 사람을 이벤트에 초대하거나 채팅방에서 이벤트를 공유하세요.
Feature.VirtualEvents.ShareModalCallToAction,채팅을 통해 공유...
Feature.VirtualEvents.ShareModalLinkCopy,
Feature.VirtualEvents.ShareModalTitle,이 이벤트 공유
Feature.VirtualEvents.UnfollowEvent,이벤트 언팔로우
Features.Transfers.Action.BuyRobux,
Features.Transfers.Action.Continue,
Features.Transfers.Action.Ok,
Features.Transfers.Action.TurnOnTwoStepVerification,2단계 인증 켜기
Features.Transfers.Action.VPC.Ask,요청하기
Features.Transfers.Action.VPC.AskParentBodyReceive,Robux를 받으려면 보호자의 허락을 받아야 합니다.
Features.Transfers.Action.VPC.AskParentBodySend,Robux를 보내려면 보호자의 허락을 받아야 합니다.
Features.Transfers.Action.VPC.AskParentTitle,
Features.Transfers.Body.DailyLimitExceededError,일일 Robux 선물 한도를 초과했습니다. 나중에 다시 시도하세요.
Features.Transfers.Body.DailyLimitTwoStepVerificationUpsell,일일 Robux 전송 한도에 도달했습니다. 2단계 인증을 켜고 더 높은 한도를 적용받을 수 있는지 확인하세요.
Features.Transfers.Body.ExpiredTransferError,활동이 없어서 {username} 님이 보낸 Robux가 만료되었습니다.
Features.Transfers.Body.GenericReceiveError,현재 이 계정에서 Robux를 받을 수 없습니다.
Features.Transfers.Body.GenericSentError,문제가 발생하여 Robux가 전송되지 않았습니다. 연결 상태를 확인하고 다시 시도하세요.
Features.Transfers.Body.MonthlyLimitExceededError,월간 Robux 선물 한도를 초과했습니다. 나중에 다시 시도하세요.
Features.Transfers.Body.MonthlyLimitTwoStepVerificationUpsell,월간 Robux 전송 한도에 도달했습니다. 2단계 인증을 켜고 더 높은 한도를 적용받을 수 있는지 확인하세요.
Features.Transfers.Body.ReceiverLimitHitError,이 사용자는 현재 이 금액을 받을 수 없습니다. 더 적은 금액을 보내거나 나중에 다시 시도해 보세요.
Features.Transfers.Body.TransferAmountBelowMinimumError,{minAmount} 이상의 Robux를 보내세요.
Features.Transfers.Body.TransferAmountExceedsMaximumError,최대 {maxAmount}Robux를 보낼 수 있습니다.
Features.Transfers.Body.UnableReceiveRobuxError,
Features.Transfers.Body.UnableSendRobuxError,현재 계정에서 Robux를 보낼 수 없습니다.
Features.Transfers.Error.GreaterThanMaxAmount,최대 {amount}Robux를 보낼 수 있습니다.
Features.Transfers.Error.InsufficientBalance,이 거래를 완료하려면 {amount}Robux를 구매하세요.
Features.Transfers.Error.LowerThanMinAmount,{amount} 이상의 Robux를 보내세요.
Features.Transfers.Label.ConnectedDays,연결된 지 {amount}일
Features.Transfers.Label.ConnectedDaysSingular,
Features.Transfers.Label.ConnectedMonths,연결된 지 {amount}개월
Features.Transfers.Label.ConnectedMonthsSingular,
Features.Transfers.Label.ConnectedSince,{year}년 동안 연결됨
Features.Transfers.Notification.ReceiveSuccess,이미 Robux를 수락했습니다
Features.Transfers.RobuxTransfer.Action.Edit,
Features.Transfers.RobuxTransfer.Action.Next,
Features.Transfers.RobuxTransfer.Action.Send,
Features.Transfers.RobuxTransfer.Action.TryAgain,
Features.Transfers.RobuxTransfer.Disclaimer.AgeEstimationTransfer,Robux를 보내려면 나이 확인 또는 보호자 동의가 필요합니다. Robux는 한 번 보내면 취소할 수 없습니다.
Features.Transfers.RobuxTransfer.Error.ReceiverNotAllowed,현재 @{username} 님은 Robux를 받을 수 없습니다.
Features.Transfers.RobuxTransfer.Heading.SendRobux,Robux 보내기
Features.Transfers.RobuxTransfer.Label.JoinedInYear,
Features.Transfers.RobuxTransfer.Label.MutualConnection,서로 아는 친구 {amount}명
Features.Transfers.RobuxTransfer.Label.MutualConnectionSingular,
Features.Transfers.RobuxTransfer.Label.NewConnection,
Features.Transfers.RobuxTransfer.Label.RecipientWillGet,수신자는 수수료를 제외하고 {amount} Robux를 받게 됩니다.
Features.Transfers.RobuxTransfer.Label.RecipientWillGetInApp,수신자는 {amount} Robux를 받게 됩니다.
Features.Transfers.RobuxTransfer.Label.RecipientWillGetInGame,수신자는 수수료를 제외하고 {amount} Robux를 받게 됩니다. 게임 내 이전에는 {commissionPercentage}%의 크리에이터 수수료가 포함됩니다.
Features.Transfers.RobuxTransfer.SentInstantNoFee,Robux는 수수료 없이 즉시 보내집니다.
Features.Transfers.RobuxTransfers.Label.SuccessNotification,{amount} Robux를 선물했습니다
Features.Transfers.Title.UpsellSubscription,Roblox Plus 구독
Features.Transfers.Transfer.Block.RequireReceiverFAE,Robux를 받을 수 있도록 나이를 확인하겠습니다.
Features.Transfers.Transfer.Block.RequireSenderFAE,Robux를 보낼 수 있도록 나이를 확인하겠습니다.
Features.Transfers.Transfer.Body.RequireFAE,이는 모두의 Robux 전송을 안전하게 보호하기 위한 조치입니다.
Features.Transfers.Transfers.Label.ReceivedNotification,{amount}Robux를 받으셨습니다.
IAPExperience.BuyRobux.Alert.SuccessfulMessage,Robux 구매를 완료했어요!
IAPExperience.BuyRobux.Banner.Text,Robux를 사용해 아바타를 업그레이드하거나 체험 내에서 스페셜 파워를 구매하세요
IAPExperience.BuyRobux.Banner.Title,Robux 잠금 해제
IAPExperience.BuyRobux.Text.MoreRobux2,{robux} 더 많은 Robux
IAPExperience.InsufficientRobux.Action.BuyRobux,
IAPExperience.InsufficientRobux.Action.Cancel,
IAPExperience.InsufficientRobux.Action.RobuxStore,Robux 상점으로 이동
IAPExperience.InsufficientRobux.Text.BuyRobux,이 아이템을 구매하려면 {robux}를 구매하세요
IAPExperience.InsufficientRobux.Text.CurrentBalance,현재 잔액
IAPExperience.InsufficientRobux.Text.DontHaveEnough,Robux가 부족해 이 아이템을 구매할 수 없습니다.
IAPExperience.InsufficientRobux.Text.MissingRobux,
IAPExperience.InsufficientRobux.Text.YouNeed,{robux}가 더 필요합니다. Robux 패키지를 추가로 구매한 후 체험으로 돌아오세요.
IAPExperience.InsufficientRobux.Title.InsufficientRobux,Robux가 부족합니다
IAPExperience.LeaveRoblox.Action.Cancel,
IAPExperience.LeaveRoblox.Action.Continue,
IAPExperience.LeaveRoblox.Text.ExternalWebsiteWarning,
IAPExperience.LeaveRoblox.Title.LeavingRoblox,Roblox에서 나갑니다
IAPExperience.Loading.Text.PurchasingItem,아이템 구매 중...
IAPExperience.Loading.Text.PurchasingRobux,Robux 구매 중...
IAPExperience.Loading.Text.WaitingForPurchase,구매를 기다리는 중...
IAPExperience.Loading.Text.WaitingForRobux,Robux 지급을 기다리는 중...
IAPExperience.PremiumUpsell.Action.Subscribe,
IAPExperience.PremiumUpsell.Body.RobuxDiscount,Robux 구매 시 총 결제 금액의 10% 추가 획득
IAPExperience.PremiumUpsell.Label.AvatarShopBenefits,아바타 상점에서 특별 및 할인 아이템 획득 가능
IAPExperience.PremiumUpsell.Label.Disclosure,<b>매월 {currencySymbol}{price}에 이용하세요. 언제든지 취소할 수 있습니다.</b> Roblox 이용 약관 및 개인정보 처리방침이 적용됩니다.
IAPExperience.PremiumUpsell.Label.PremiumBenefitListDesc,Roblox Premium 특전:
IAPExperience.PremiumUpsell.Label.PremiumOnlyBenefits,Premium 전용 혜택 이용
IAPExperience.PremiumUpsell.Label.PremiumPolicy,
IAPExperience.PremiumUpsell.Label.PremiumPrice,<b>{currencySymbol}{price}</b>/월
IAPExperience.PremiumUpsell.Label.RobloxPremium,Roblox Premium
IAPExperience.PremiumUpsell.Label.RobuxPerMonth,매월 {robux} 획득
IAPExperience.PremiumUpsell.Label.ShortDisclosure,Roblox 이용 약관 및 개인정보 처리방침이 적용됩니다.
IAPExperience.PurchaseError.AlreadyPremium,"개발자가 Roblox Premium 구매를 요청하려는 것 같지만, 회원님은 이미 Premium에 가입하셨네요!"
IAPExperience.PurchaseError.Text.AlreadyOwn,이미 보유 중인 아이템입니다. 계정에 비용이 청구되지 않습니다.
IAPExperience.PurchaseError.Text.AlreadySubscribed,'설정' > '구독'에서 구독을 관리할 수 있습니다.
IAPExperience.PurchaseError.Text.EconomicRestrictionPromptTitle,작업 완료 불가
IAPExperience.PurchaseError.Text.EconomicRestrictionsDays,규정 위반({violation})으로 인해 구매할 수 없습니다. {day}일 뒤에 다시 시도하세요.
IAPExperience.PurchaseError.Text.EconomicRestrictionsDaysGeneral,규정 위반({violation})으로 인해 작업을 진행할 수 없습니다. {day}일 후 다시 시도하세요.
IAPExperience.PurchaseError.Text.EconomicRestrictionsHours,규정 위반({violation})으로 인해 구매할 수 없습니다. {hour}시간 뒤에 다시 시도하세요.
IAPExperience.PurchaseError.Text.EconomicRestrictionsHoursGeneral,규정 위반({violation})으로 인해 작업을 진행할 수 없습니다. {hour}시간 후 다시 시도하세요.
IAPExperience.PurchaseError.Text.FailedGrant,결제가 진행되었지만 아직 Robux를 받지 못하셨습니다. 나중에 다시 시도하세요.
IAPExperience.PurchaseError.Text.FailedGrantUnknown,아이템을 구매하지 못하여 계정에서 Robux가 차감되지 않았습니다. 다시 시도하세요.
IAPExperience.PurchaseError.Text.FailedRobuxPurchase,구매를 완료하지 못했기 때문에 비용이 청구되지 않았습니다. 다시 시도하세요.
IAPExperience.PurchaseError.Text.Limited,본 아이템은 리미티드 아이템으로 더 이상 재고가 없습니다. 계정에 비용이 청구되지 않습니다.
IAPExperience.PurchaseError.Text.NotEnoughRobux,
IAPExperience.PurchaseError.Text.NotForSale,현재 판매 중인 아이템이 아닙니다. 계정에 비용이 청구되지 않습니다.
IAPExperience.PurchaseError.Text.NotForSaleExperience,이 체험에서 판매할 수 없는 아이템입니다. 계정에 비용이 청구되지 않습니다.
IAPExperience.PurchaseError.Text.Ok,
IAPExperience.PurchaseError.Text.ParentalLimit,계정 소유자의 보호자가 설정해 둔 월 구매 한도로 인해 거래를 완료할 수 없습니다. 자녀 보호 설정을 변경하지 않는 이상 다음 달까지 새로운 구매가 불가능합니다.
IAPExperience.PurchaseError.Text.ParentalRestrictionSubscription,월간 결제 한도가 있는 계정으로는 구독을 진행할 수 없습니다
IAPExperience.PurchaseError.Text.PremiumOnly,
IAPExperience.PurchaseError.Text.PremiumPlatformUnavailable,현재 플랫폼에서는 Roblox Premium 구매가 지원되지 않습니다. Premium을 구매하려면 데스크톱을 사용하세요.
IAPExperience.PurchaseError.Text.PurchaseLimit,구매 한도에 도달했기 때문에 본 거래를 완료할 수 없습니다. 24~72시간 후에 다시 시도하세요. 그때도 거래가 진행되지 않는다면 다음 달까지 기다려야 다시 구매가 가능해집니다. 구매 한도는 변경 혹은 해제가 불가능합니다.
IAPExperience.PurchaseError.Text.RestrictedUser,이 체험의 콘텐츠를 이용할 수 없습니다.
IAPExperience.PurchaseError.Text.SubscriptionNotForSale,현재 이 구독을 진행할 수 없습니다
IAPExperience.PurchaseError.Text.SubscriptionUnsupportedLocale,현재 회원님의 국가에서는 이 구독을 진행할 수 없습니다
IAPExperience.PurchaseError.Text.SubscriptionUnsupportedPlatform,여기에서 이 구독을 진행할 수 없습니다
IAPExperience.PurchaseError.Text.ThirdPartyDisabled,
IAPExperience.PurchaseError.Text.Under13,이 아이템은 만 13세 미만 계정으로 구매할 수 없습니다. 계정에 비용이 청구되지 않습니다.
IAPExperience.PurchaseError.Text.UnknownError,오류로 인해 구매를 진행하지 못했습니다. 계정에 비용이 청구되지 않습니다. 나중에 다시 시도하세요.
IAPExperience.PurchaseError.Text.VpcRequired,이 체험의 패스 및 구독 또는 상점 페이지에서 구독을 하려면 보호자의 도움이 필요합니다.
IAPExperience.PurchaseError.Title.AlreadySubscribed,이미 구독 중
IAPExperience.PurchaseError.Title.CantSubscribe,구독할 수 없습니다
IAPExperience.PurchaseError.Title.Error,
IAPExperience.PurchaseError.Title.RobuxPurchaseFailed,Robux를 받을 수 없음
IAPExperience.PurchasePrompt.Action.Buy,
IAPExperience.PurchasePrompt.Action.Cancel,
IAPExperience.PurchasePrompt.Body.PurchaseCompleted,{ITEM_NAME} 구매에 성공했습니다.
IAPExperience.PurchasePrompt.Body.PurchaseItemsSuccess,아이템 구매가 성공적으로 완료되었습니다.
IAPExperience.PurchasePrompt.BuyRobuxAndExperience,Robux 및 체험 구매
IAPExperience.PurchasePrompt.BuyRobuxAndSubscription,Robux 및 구독 구매
IAPExperience.PurchasePrompt.Header.BuyAvatar,
IAPExperience.PurchasePrompt.Header.BuyRobuxAndAvatar,Robux 및 아바타 구매
IAPExperience.PurchasePrompt.Label.BlackbirdDiscount,Plus 혜택({discountPercentage}% 할인)
IAPExperience.PurchasePrompt.Label.BlackbirdDiscountNoPercent,Plus 혜택
IAPExperience.PurchasePrompt.Label.BlackbirdSummary,Plus로 {robuxIcon} {savingsAmount} 절약하기
IAPExperience.PurchasePrompt.Label.GenericDiscount,할인({discountPercentage}%)
IAPExperience.PurchasePrompt.Label.GenericDiscountNoPercent,할인
IAPExperience.PurchasePrompt.Label.Subtotal,소계
IAPExperience.PurchasePrompt.Label.SubtotalWithItemCount,소계({itemCount}개 아이템)
IAPExperience.PurchasePrompt.Label.Total,
IAPExperience.PurchasePrompt.Label.TotalPriceV2,총 가격
IAPExperience.PurchasePrompt.Text.BuyItemQuestion,{name} 아이템을 구매할까요?
IAPExperience.PurchasePrompt.Text.BuyItemQuestionIncludingWarning,엔터테인먼트를 적당히 즐기며 합리적으로 소비하세요. {name} 아이템을 구매할까요?
IAPExperience.PurchasePrompt.Text.Loading,
IAPExperience.PurchasePrompt.Text.RemainingBalance,이 거래 후 예상 잔액:
IAPExperience.PurchasePrompt.Text.RemainingBalanceV2,이 거래 후 예상 잔액은 {robux}입니다.
IAPExperience.PurchasePrompt.Text.TestPurchase,테스트 구매입니다. 계정에 비용이 청구되지 않습니다.
IAPExperience.PurchasePrompt.Title.BuyExperience,체험 구매
IAPExperience.PurchasePrompt.Title.BuyGamepass,패스 구매
IAPExperience.PurchasePrompt.Title.BuyItem,
IAPExperience.PurchasePrompt.Title.BuyItemV2,
IAPExperience.PurchasePrompt.Title.BuyItems,
IAPExperience.PurchasePrompt.Title.BuyRobuxAndItem,Robux 및 아이템 구매
IAPExperience.PurchasePrompt.Title.BuyRobuxAndItems,
IAPExperience.PurchasePrompt.Title.BuyRobuxOnly,
IAPExperience.PurchasePrompt.Title.PurchaseCompleted,
IAPExperience.PurchaseSuccess.Action.BackToGame,게임으로 돌아가기
IAPExperience.PurchaseSuccess.Action.BackToShop,
IAPExperience.PurchaseSuccess.Action.Equip,아바타에 장착하기
IAPExperience.PurchaseSuccess.Text.BalanceNow,현재 잔액은 {robux}입니다.
IAPExperience.PurchaseSuccess.Text.YouOwn,{name}(을)를 획득했어요!
IAPExperience.PurchaseSuccess.Title.PurchaseSucceeded,
IAPExperience.RobuxUpsell.Action.BuyRobux,
IAPExperience.RobuxUpsell.Action.BuyRobuxAndItem,
IAPExperience.RobuxUpsell.Action.Cancel,
IAPExperience.RobuxUpsell.Text.AdditionalRobux,{robux}가 추가로 필요합니다.
IAPExperience.RobuxUpsell.Text.BestValue,가성비 최고
IAPExperience.RobuxUpsell.Text.BetterValue,가성비 우수
IAPExperience.RobuxUpsell.Text.Bonus,보너스
IAPExperience.RobuxUpsell.Text.BonusBannerInfo,"컴퓨터, 웹, 기프트 카드 구매 시 매번 Robux를 최대 25% 추가로 획득하세요"
IAPExperience.RobuxUpsell.Text.BonusBannerV1,🎉 컴퓨터에서 구매하면 보너스 {robux}가 제공됩니다!
IAPExperience.RobuxUpsell.Text.BuyRobuxQuestion,구매할까요?
IAPExperience.RobuxUpsell.Text.DisclosurePayment,회원님의 결제 수단으로 청구됩니다.
IAPExperience.RobuxUpsell.Text.DisclosureTerms,Roblox 이용 약관이 적용됩니다.
IAPExperience.RobuxUpsell.Text.DisclosureTermsURL,Roblox {termsofuse}이 적용됩니다.
IAPExperience.RobuxUpsell.Text.ForYou,
IAPExperience.RobuxUpsell.Text.LastPurchased,최근 구매 내역
IAPExperience.RobuxUpsell.Text.Loading,
IAPExperience.RobuxUpsell.Text.MoreRobux,같은 가격으로 더 많은 Robux를 받으세요
IAPExperience.RobuxUpsell.Text.NeedMoreRobux,
IAPExperience.RobuxUpsell.Text.PopularItem,
IAPExperience.RobuxUpsell.Text.PurchaseNotAvailableOnHeadSet,헤드셋 기기에서는 현재 Robux 구매를 지원하지 않습니다. 다른 기기에서 시도하세요.
IAPExperience.RobuxUpsell.Text.RemainingBalance,남은 {robux}는 회원님의 계정에 적립됩니다.
IAPExperience.RobuxUpsell.Text.TermsOfUse,
IAPExperience.RobuxUpsell.Text.VNGDisclosureTerms,Roblox-VNG 이용 약관이 적용됩니다.
IAPExperience.RobuxUpsell.Text.VNGDisclosureTermsURL,Roblox-VNG {termsofuse}이 적용됩니다.
IAPExperience.RobuxUpsell.Text.WouldYouBuy,{robux} 패키지를 구매하시겠어요?
IAPExperience.RobuxUpsell.Title.InsufficientFunds,잔액 부족
IAPExperience.RobuxUpsell.Title.InsufficientRobux,
IAPExperience.SubscriptionPurchasePrompt.Label.GetSubscription,구독하기
IAPExperience.SubscriptionPurchasePrompt.Label.TestFlowDisclaimer,이 대화 상자는 사용자에게 구독 설명이 나타나는 방식을 보여 주는 미리 보기입니다. '구독'을 클릭해도 요금이 청구되지 않습니다.
IAPExperience.U13Confirm.Action.Cancel,
IAPExperience.U13Confirm.Action.Confirm,
IAPExperience.U13Confirm.Text.ParentalConsentWarningPaymentModal13To17,본인은 계정 소유자의 부모 또는 법적 보호자입니다. 이 구매를 허용하고 이용 약관에 동의합니다.
IAPExperience.U13Confirm.Text.U13MonthlyThreshold1Modal,회원님은 이번 달에 Roblox에서 상당히 많은 구매를 하셨습니다. 그래도 계속 진행할까요? 이 구매에는 실제 화폐가 사용됩니다. 이 구매를 승인하려면 회원님이 계정 소유자의 부모 또는 법적 보호자여야 합니다.
IAPExperience.U13Confirm.Text.U13MonthlyThreshold2Modal,
IAPExperience.U13Confirm.Text.U13PaymentModal,이 구매는 실물 화폐 교환으로 이루어집니다. 본인은 18세 이상이며 계정 소유자의 부모 또는 법적 보호자임에 동의합니다. 또한 이 구매를 허용하고 이용 약관에 동의합니다.
IAPExperience.U13Confirm.Title.Warning,
InGame.CommonUI.Button.KeepPlaying,
InGame.CommonUI.Button.Retry,
InGame.CommonUI.Label.FAQWebviewTitle,음성 관련 자주 묻는 질문
InGame.ConnectionError.Action.JoinNewServer,새 서버에 참가
InGame.ConnectionError.Action.JoinTheLine,대기열 합류
InGame.ConnectionError.Action.Restart,
InGame.ConnectionError.Description.DontWantToWait,기다리는 게 싫으신가요?
InGame.ConnectionError.Description.FriendsServerIsFullJoiningNewServer,친구의 서버 정원이 가득 찼습니다. 새로운 서버에 참가하는 중입니다.
InGame.ConnectionError.Description.FriendsServerIsFullWaitingToJoin,친구의 서버 정원이 가득 찼습니다. 참가를 기다리는 중입니다.
InGame.ConnectionError.Description.WantToJoinYourFriend,친구와 함께 플레이하시겠어요?
InGame.ConnectionError.Heading.VRDisconnected,헤드셋 연결 끊김
InGame.ConnectionError.Joining,서버 입장 중
InGame.ConnectionError.Message.RestartApp,체험을 계속하려면 앱을 다시 시작하세요.
InGame.ConnectionError.PlacelaunchGameEnded,"이 체험은 종료되었거나, 시스템 오류로 인해 예기치 않게 서버를 사용할 수 없게 되었습니다"
InGame.ConnectionError.PlacelaunchHttpError,Http 오류가 발생했습니다. 클라이언트를 닫고 다시 시도하세요.
InGame.ConnectionError.Queue,내 순서: {POSITION}
InGame.EmotesMenu.ErrorMessageAnimationPlaying,이 동작 중에는 감정 표현을 적용할 수 없습니다.
InGame.EmotesMenu.ErrorMessageNotSupported,여기서는 감정 표현을 사용할 수 없어요.
InGame.EmotesMenu.ErrorMessageSwitchToR15,감정 표현을 적용하려면 R15 아바타로 전환하세요.
InGame.EmotesMenu.ErrorMessageTemporarilyUnavailable,지금은 감정 표현을 사용할 수 없어요.
InGame.InspectMenu.Action.Cancel,
InGame.InspectMenu.Action.Confirm,
InGame.InspectMenu.Action.LimitReached,아이템 한도 도달
InGame.InspectMenu.Action.SoldOut,
InGame.InspectMenu.Action.TryOn,해 보기
InGame.InspectMenu.Label.Avatar,{PLAYER_NAME} 님의 아바타
InGame.InspectMenu.Label.OwnedItems,보유 중인 아이템 ({QUANTITY})개
InGame.InspectMenu.Label.VerifiedAvatar,{PLAYER_NAME} 님의{VERIFIED_BADGE} 아바타
InGame.UnknownNamespace.GameChat.FriendChatNotifier.JoinMessage,친구 {RBX_NAME} 님이 체험에 참가했어요.
InGame.UnknownNamespace.GameChat_ChatCommandsTeller_MuteCommand,/mute <스피커> : 스피커 음소거.
InGame.UnknownNamespace.GameChat_ChatCommandsTeller_TeamCommand,/team <메시지> 또는 /t <메시지> : 팀 내 회원에게 팀 채팅 전송.
InGame.UnknownNamespace.GameChat_ChatCommandsTeller_UnMuteCommand,/unmute <스피커> : 스피커 음소거 해제.
InGame.UnknownNamespace.GameChat_ChatCommandsTeller_WhisperCommand,/whisper <사용자 이름> 또는 /w <사용자 이름> : 사용자 채널에서 비공개 메시지 열기.
InGame.UnknownNamespace.GameChat_FriendChatNotifier_JoinMessage,내 인맥인 {RBX_NAME} 님이 체험에 입장했어요.
InGame.UnknownNamespace.GameChat_PrivateMessaging_CannotWhisperToSelf,자신에게 귓속말할 수 없어요.
InGame.UnknownNamespace.GameChat_TeamChat_NowInTeam,현재 '{RBX_NAME}'팀에 속해 있어요.
InstantApps.Shortcuts.Label.AddToHomeMenuItem,홈 화면에 추가
Luobu.Authentication.Login.Label.AntiAddictionText,
Luobu.Authentication.Login.Label.NetworkLicense,
Luobu.Authentication.Message.UnknownErrorTryAgain,알 수 없는 오류가 발생했습니다. 앱을 다시 시작해 보세요.
Luobu.Authentication.UserAgreementsPrompt.BodyText.Part1,
Luobu.Authentication.UserAgreementsPrompt.BodyText.Part2,
Luobu.Authentication.UserAgreementsPrompt.Button.Consent,
Luobu.Authentication.UserAgreementsPrompt.Button.Dissent,
Luobu.Authentication.UserAgreementsPrompt.Permissions.Camera.Description,
Luobu.Authentication.UserAgreementsPrompt.Permissions.Camera.Title,
Luobu.Authentication.UserAgreementsPrompt.Permissions.Description,
Luobu.Authentication.UserAgreementsPrompt.Permissions.Network.Description,
Luobu.Authentication.UserAgreementsPrompt.Permissions.Network.Title,
Luobu.Authentication.UserAgreementsPrompt.Permissions.Storage.Description,
Luobu.Authentication.UserAgreementsPrompt.Permissions.Storage.Title,
Luobu.Authentication.UserAgreementsPrompt.Title,
Luobu.Authentication.UserAgreementsSecondPrompt.BodyText.Part1,
Luobu.Authentication.UserAgreementsSecondPrompt.BodyText.Part2,
Luobu.Authentication.UserAgreementsSecondPrompt.Button.Acknowledge,
Luobu.Authentication.UserAgreementsSecondPrompt.Title,
MobilePlatform.TutorialUpsell.Action.BeginTutorial,튜토리얼 시작
MobilePlatform.TutorialUpsell.Action.Skip,
MobilePlatform.TutorialUpsell.Label.StartWithATutorial,튜토리얼로 시작하기
MobilePlatform.TutorialUpsell.Label.TutorialDescription,플랫폼에서 다양한 체험을 이용하는 방법을 차근차근 배워보세요.
Notifications.DesktopPushNotificationPrompts.Action.OK,
Notifications.DesktopPushNotificationPrompts.Description.EnablePrompt,알림을 켜고 업데이트나 친구의 메시지를 받아 보세요. 설정에서 언제든지 변경할 수 있습니다.
Notifications.DesktopPushNotificationPrompts.Description.MenuBarPrompt,"기기를 켜는 순간 Roblox가 실행되며, 닫아도 메뉴 바에 머뭅니다. 이는 설정에서 언제든지 변경할 수 있습니다."
Notifications.DesktopPushNotificationPrompts.Description.SystemTrayPrompt,"기기를 켜는 순간 Roblox가 실행되며, 닫아도 트레이에 머뭅니다. 이는 설정에서 언제든지 변경할 수 있습니다."
Notifications.DesktopPushNotificationPrompts.Heading.EnablePrompt,백그라운드에서 연결 상태를 유지하세요
Notifications.DesktopPushNotificationPrompts.Heading.SystemTrayPrompt,언제나 클릭 한 번으로 만나보는 Roblox
Notifications.DesktopPushNotificationPrompts.Label.GetNotifications,
Notifications.NotificationStream.Bundle.ShowLess,
Notifications.NotificationStream.Bundle.ShowMoreV2,{notificationCount}개 더 보기
Notifications.NotificationStream.Label.AllCaughtUp,모두 확인했습니다.
Notifications.NotificationStream.Label.Notifications,
Notifications.SafetyAvatarModeration.Description.NotificationTypeInExpWarnMsg,
Notifications.SafetyAvatarModeration.Label.NotificationTypeInExpWarn,
Notifications.SquadRegroupPrompt.ToastAction.Dismiss,
Notifications.SquadRegroupPrompt.ToastAction.Join,
Notifications.SquadRegroupPrompt.ToastLabel.ContinuePlayingTogether,계속 함께 플레이하기
Notifications.SquadRegroupPrompt.ToastLabel.JoinANewServer,
Notifications.ToastNotifications.Label.LeaveExperienceConfirmation,이곳에서 정말 나간 후 다른 체험에 참가할까요?
Notifications.ToastNotifications.Title.LeavingExperience,체험을 나가는 중
PlayerFeedbacks.VoteForm.Message.Action.Report,
PlayerFeedbacks.VoteForm.Message.MaxLengthCharacters,{count}자 미만이어야 합니다.
PlayerFeedbacks.VoteForm.Message.MinLengthCharacters,{count}자를 넘어야 합니다.
PlayerFeedbacks.VoteForm.Message.ReportAbuseInsteadLong,안전성 문제가 발생했나요? <u>여기로 신고하세요</u>.
PlayerFeedbacks.VoteForm.Message.SubmitSuccess,
PlayerFeedbacks.VoteForm.PromptBanner.GiveFeedbackButton,
PlayerFeedbacks.VoteForm.PromptBanner.Message,응답은 크리에이터에게 익명으로 공유됩니다
PlayerFeedbacks.VoteForm.PromptBanner.Title,체험 개선에 도움 주기
PlayerFeedbacks.VoteForm.PromptBanner.TitleOnly,크리에이터의 체험 개선을 도와주세요
Purchasing.PurchaseDialog.Heading.PendingDeveloperProductLimitReached,
Purchasing.PurchaseDialog.Message.PendingDeveloperProductLimitReached,제품을 더 구매하기 전에 체험에 참가해 이전에 구매한 제품을 사용하세요.
Purchasing.PurchaseDialog.Message.PendingDeveloperProductOnHome,구매한 아이템을 사용하려면 입장하세요
Purchasing.RobloxProducts.Label.RobuxBalance,잔액: {var1} Robux
Roblox.ReferralRewards.AdditionalCreatorTerms,추가 크리에이터 약관
Roblox.ReferralRewards.Expires,만료
Roblox.ReferralRewards.ReferralProgramTerms,추천 프로그램 약관
Roblox.ReferralRewards.RewardBannerBody,친구를 초대하면 {gameName}에서 {rewardName} 보상을 드립니다. 약관이 적용됩니다.
Roblox.ReferralRewards.RewardBannerHeader,{rewardName}을(를) 획득하세요!
Roblox.ReferralRewards.RewardBannerModalCreatorSupport,"이 보상은 {creatorName} 님이 제공합니다. 지원이 필요하거나 문의 사항이 있는 경우, 크리에이터에게 직접 연락하세요."
Roblox.ReferralRewards.RewardBannerModalRewardDetails,보상 세부 정보
Roblox.ReferralRewards.RewardBannerModalTitle,친구 추천 보상
Search.GlobalSearch.Action.LoadMore,
Search.GlobalSearch.Example.SearchCatalog,카탈로그 검색
Search.GlobalSearch.Example.SearchGames,
Search.GlobalSearch.Example.SearchMarketplace,마켓플레이스 검색
Search.GlobalSearch.TopResultsLabel,상위
Verification.Identity.Action.SkipVoiceChat,음성 채팅 없이 방문하기
Verification.Identity.Heading.LetsChat,대화해요!
Verification.Identity.Heading.V2LetsChat,대화해요
Verification.Identity.Heading.YourNewWayToChat,채팅을 즐기는 새로운 방법!
Verification.Identity.Label.AgeVerifyPrompt,Roblox의 모든 기능을 이용하려면 나이 인증을 진행해야 합니다!
Verification.Identity.Label.ConnectingToMobile,회원님의 모바일에 연결 중
Verification.Identity.Label.DontShowAgain,다시 표시 안 함
Verification.Identity.Label.EnableChatWithVoice,이 체험에서 음성 채팅을 하려면 마이크를 사용하도록 설정하세요.
Verification.Identity.Label.EnableMicrophone,마이크 사용
Verification.Identity.Label.EnableVoiceChat,
Verification.Identity.Label.EnableVoiceChat1,이 체험에서 다른 사람과 대화하려면 음성 채팅을 사용하도록 설정하세요.
Verification.Identity.Label.EnableVoiceChat2,"대화 시 <b>커뮤니티 규정</b>을 지키며, 규칙을 위반하는 사람이 있으면 신고해 주세요."
Verification.Identity.Label.HavingTroubleScanCode,문제가 있으신가요? 위의 QR 코드를 스캔해 인증 절차를 다시 시작하세요.
Verification.Identity.Label.JoinWithoutMicrophone,마이크 없이 참가
Verification.Identity.Label.LearnMoreAboutVoiceRecording,음성 녹음에 대한 자세한 정보
Verification.Identity.Label.PleaseDoNotClose,인증 절차가 완료될 때까지 이 창을 닫지 마세요.
Verification.Identity.Label.UpdatingRoblox,Roblox 프로필 업데이트 중
Verification.Identity.Label.UsesVoiceChat,"이 체험에서는 음성 채팅을 할 수 있습니다. 음성 채팅 기능을 사용하도록 설정하면, 음성 기능이 활성화된 체험에서 마이크 입력이 가능해집니다."
Verification.Identity.Label.V2ClickToConsent,
Verification.Identity.Label.V2EnableVoiceChat,음성으로 채팅하기 사용
Verification.Identity.Label.V2EnableVoiceChat1,이 체험에서 다른 사람과 대화하려면 음성으로 채팅하기를 사용하도록 설정하세요.
Verification.Identity.Label.V2JoinWithout,'음성으로 채팅하기' 없이 참가
Verification.Identity.Label.VerificationWaitingForResults,결과를 기다리는 중
Verification.Identity.Label.VerifyInBrowser,계속하려면 모바일 브라우저에서 인증 절차를 완료하세요.
Verification.Identity.Label.VerifyingYou,본인 인증 진행 중
Verification.Identity.Label.VoiceCollectionConsent,"사용을 클릭하면 규정 준수 확인, 안전, 품질 관리 목적 및 안전, 오디오 처리 툴 개선을 위해 Roblox가 내 음성 녹음 내용을 수집, 사용, 저장하는 데 동의하게 됩니다."
Verification.Identity.Label.VoiceCollectionConsent2,
Xbox.Old.ActiveUserLostConnectionPhrase,사용자 '%s'이(가) 로그아웃했습니다. 계속 진행하려는 컨트롤러의 'A'를 누르세요.
Xbox.Old.ActiveUserLostConnectionTitle,활성 사용자 제거됨
Xbox.Old.AlertOccurredTitle,경고가 나타났어요
Xbox.Old.CPPWelcomePhrase,"이제 Xbox One에서 데스크톱, 휴대폰, 태블릿 등 모든 플랫폼의 회원들과 어울리며 Roblox를 이용할 수 있게 되었어요!

즉 더욱 많은 회원들을 만날 수 있고, 다른 기기를 사용하는 친구와 함께 Roblox를 탐험할 수 있죠! 이 옵션은 '계정 설정'에서 업데이트할 수 있습니다."
Xbox.Old.CPPWelcomeTitle,플랫폼 간 플레이에 오신 것을 환영합니다!
Xbox.Old.ControllerLostConnectionPhrase,사용자 '%s'에 대한 컨트롤러가 연결되지 않았습니다. 계속 진행하려는 컨트롤러의 'A'를 누르세요.
Xbox.Old.ControllerLostConnectionTitle,컨트롤러를 찾을 수 없음
Xbox.Old.DefaultAlertPhrase,Roblox에 접속할 수 없어요. 나중에 다시 시도하세요.
Xbox.Old.PlatformLinkInfoMessage,새로운 Roblox 계정을 만들어 드렸습니다. 모든 체험 진행 상황과 구매 아이템이 이 계정에 저장됩니다. 이제 모든 플랫폼에서 로그인해 중단된 부분부터 체험 방문을 계속할 수 있어요!
Xbox.Old.PlatformLinkInfoTitle,Roblox에 오신 것을 환영합니다!
Xbox.Old.PlayMyPlaceMoreGamesPhrase,Roblox.com에 로그인해 더 많은 체험을 제작하고 기존의 체험도 편집하세요!
Xbox.Old.PlayMyPlaceMoreGamesTitle,내 체험
Xbox.Old.ReauthInvalidSessionPhrase,모든 현재 Roblox 세션에서 로그아웃되었어요.
Xbox.Old.ReauthMaintenancePhrase,"현재 유지보수 작업 중이며, 곧 서비스를 재개할 예정입니다."
Xbox.Old.ReauthMaintenanceTitle,점검 중
Xbox.Old.ReauthRemovedPhrase,활성 사용자의 변경이 감지되었습니다. 다시 로그인하세요.
Xbox.Old.ReauthRemovedTitle,사용자 변경
Xbox.Old.ReauthSignedOutPhrase,Xbox Live 계정에서 로그아웃되었습니다. 계속하려면 로그인하세요.
Xbox.Old.ReauthSignedOutTitle,로그아웃됨
Xbox.Old.ReauthUnknownPhrase,오류가 발생해 로그아웃되었습니다. 계속 방문하려면 다시 로그인하세요.
Xbox.Old.ReauthUnlinkPhrase,Roblox 계정에서 성공적으로 연결 해제되었습니다. 다시 로그인하거나 새로운 Roblox 계정으로 등록할 수 있습니다.
Xbox.Old.ReauthUnlinkTitle,계정 연결 해제
Xbox.Old.ResizeScreenInputHint,화면 크기 재조정
Xbox.Old.ResizeScreenPrompt,오른쪽 스틱을 사용해 흰색 상자가 화면을 벗어날 때까지 가장자리를 조정하세요
Xbox.Old.ScreenSizeWord,화면 크기
Xbox.Old.UnlockedUGCPhrase,"주목받는 체험 다섯 곳 방문을 완료하셨네요. 이제 여러분과 같은 커뮤니티 멤버들이 제작한 체험 전부를 이용할 수 있답니다!

'둘러보기' 화면으로 이동해 잠금 해제된 새로운 체험을 모두 만나 보세요!"
Xbox.Old.UnlockedUGCTitle,모든 체험을 잠금 해제했어요!
