Key,Value
AccountIdentity.AgeCheck.Label.AgeBandOver13,13+
AccountIdentity.AgeCheck.Label.AgeBandOver18,18+
AccountIdentity.AgeCheck.Label.AgeBandUnder13,Младше 13
Amp.ErrorScreen.BodyText,Не удалось получить статус доступа
Amp.ErrorScreen.Cancel,Отмена
Amp.ErrorScreen.Retry,Повторить
Amp.ErrorScreen.Title,Что-то пошло не так
Amp.FAEUpsell.Modal.ExternalLink.ButtonCancel,
Amp.FAEUpsell.Modal.ExternalLink.ButtonStart,Начать оценку возраста
Amp.FAEUpsell.Modal.ExternalLink.Text,"Проверь свой возраст, чтобы разблокировать чат без фильтров и голосовой чат команды."
Amp.FAEUpsell.Modal.ExternalLink.Title,Требуется проверка возраста
Amp.FAEUpsell.Modal.Failed.ButtonClose,Закрыть
Amp.FAEUpsell.Modal.Failed.ButtonRetry,
Amp.FAEUpsell.Modal.Failed.Text,Что-то пошло не так. Повтори попытку позже.
Amp.FAEUpsell.Modal.Failed.Title,Ошибка проверки возраста
Amp.IDVErrorScreen.Close,
Amp.IDVErrorScreen.Declined,"К сожалению, проверка была отклонена по соображениям безопасности. Ты можешь повторить попытку через несколько дней."
Amp.IDVErrorScreen.Retry,Что-то пошло не так. Обнови страницу и повтори попытку.
Amp.IDVErrorScreen.Timeout,"К сожалению, процесс проверки занял слишком много времени. Обнови страницу и попробуй снова."
Amp.IDVErrorScreen.Title,Проверка не удалась
Amp.IDVUpsell.Button.Cancel,
Amp.IDVUpsell.Button.StartVerification,Начать проверку
Amp.IDVUpsell.Directions.IDBody,"Водительские права, паспорт, удостоверение личности, вид на жительство"
Amp.IDVUpsell.Directions.IDHeader,Приготовь действительное удостоверение личности
Amp.IDVUpsell.Directions.PhoneBody,"Необходим смартфон, чтобы продолжить"
Amp.IDVUpsell.Directions.PhoneHeader,Используй смартфон
Amp.IDVUpsell.Modal.Disclaimer,Внимание: сейчас начнётся проверка удостоверения личности с использованием услуг третьей стороны. Собранная информация будет использована исключительно в целях обеспечения защиты аккаунта и/или работы функций Roblox.
Amp.IDVUpsell.Modal.PrivacyLinkText,Уведомление о конфиденциальности биометрических данных Roblox
Amp.IDVUpsell.Modal.QRHeaderText,"Отсканируй QR-код, чтобы начать"
Amp.IDVUpsell.Modal.Title,Требуется подтверждение возраста
Amp.IDVUpsell.PrivacyPageHeader,Политика конфиденциальности
Amp.Upsell.Action.AskNow,Спросить сейчас
Amp.Upsell.Description.PrologueEnablePurchase,Из-за региональных ограничений для совершения этой покупки требуется разрешение родителя.
Amp.Upsell.Description.PrologueTextVpc,Требуется разрешение родителей.
Amp.Upsell.Description.PrologueUnblockUser,Для разблокировки пользователя {displayName} требуется разрешение родителя
Amp.Upsell.Message.EmailSent,Мы отправили эл. письмо на адрес {parentEmail}
Amp.Upsell.Message.EmailSentPluralParent,Мы отправили эл. письмо твоим родителям на связанный аккаунт
Amp.Upsell.Title.AskYourParent,Спроси родителей
Amp.Upsell.Title.RequestSent,Запрос отправлен
Application.ConnectionError.Action.Ok,OK
Application.ConnectionError.ErrorCode,Код ошибки: {errorCode}
Application.Logout.Action.Logout,Выход
Application.Logout.Message.Confirmation,Точно хочешь выйти?
Application.Logout.Title.Logout,
Application.Settings.AccountSettingsTitle,Настройки аккаунта
Application.Settings.AppSettingsTitle,Настройки приложения
Application.Settings.VRAccountSettingsExplanation,"Чтобы получить доступ к настройкам конфиденциальности, безопасности и пр. перейди на веб-сайт или вспомогательное устройство."
Application.Settings.VRAccountSettingsSubtitle,Посети сайт или вспомогательное устройство
Application.Settings.VolumeSliderDescription,"Контролируй общий уровень звука Roblox, включая эффекты меню, звук в плейсах и голосовой чат."
Authentication.AccountPicker.Button.CreateAccount,Создать аккаунт
Authentication.AccountPicker.Button.SignIntoAnotherAccount,Войти в другой аккаунт
Authentication.AccountPicker.Label.ManageAccounts,Управление аккаунтами
Authentication.AccountPicker.Label.RemoveAccount,Удалить аккаунт?
Authentication.AccountPicker.Label.RemoveAccountCancel,
Authentication.AccountPicker.Label.RemoveAccountRemove,Удалить
Authentication.AccountPicker.Label.SignedOut,Выполнен выход
Authentication.AccountRecovery.Action.Next,Далее
Authentication.AccountRecovery.Action.Ok,Ок
Authentication.AccountRecovery.Action.ResetPassword,Сбросить пароль
Authentication.AccountRecovery.Action.SendCode,Отправить мне код
Authentication.AccountRecovery.Action.UpdatePassword,Обновить пароль
Authentication.AccountRecovery.Action.UsePhoneInstead,Использовать номер телефона
Authentication.AccountRecovery.Description.ChooseAccount,"Выбери аккаунт, который ты хочешь восстановить."
Authentication.AccountRecovery.Description.CreateNewPassword,"Создай надёжный пароль, отличающийся от старого."
Authentication.AccountRecovery.Description.CreateNewPasswordAddEmail,"Создай новый пароль и добавь электронную почту, чтобы в будущем защитить свой аккаунт."
Authentication.AccountRecovery.Description.EmailCodeSent,"Мы только что отправили шестизначный код подтверждения на указанный адрес эл.почты, если он связан с аккаунтом. Проверь все папки, включая спам."
Authentication.AccountRecovery.Description.EmailCodeSentForUser,"Мы только что отправили шестизначный код подтверждения на указанный адрес эл. почты, если он связан с аккаунтом. Проверь все папки, включая спам."
Authentication.AccountRecovery.Description.EnterContactMethodAssociatedWithYourAccount,"Введи адрес электронной почты или номер телефона, которые могут быть связаны с твоим аккаунтом. Если ты совершал(а) покупки ранее, ты можешь попробовать ввести платёжный адрес электронной почты."
Authentication.AccountRecovery.Description.PhoneCodeSent,"Мы только что отправили шестизначный код подтверждения на указанный номер телефона, если он связан с аккаунтом. Код может быть отправлен через WhatsApp или по СМС."
Authentication.AccountRecovery.Description.PhoneCodeSentForUser,
Authentication.AccountRecovery.Description.SendCodeContactMethodConfirmation,"Мы отправим шестизначный код подтверждения на указанный контакт, если он связан с аккаунтом Roblox."
Authentication.AccountRecovery.Description.UpdateEmailConfirmation,"Мы заметили, что ты используешь другой адрес электронной почты для восстановления аккаунта. Мы обновляем адрес электронной почты на {email}"
Authentication.AccountRecovery.Heading.ResetPassword,
Authentication.AccountRecovery.Heading.RobloxAccountRecovery,Восстановление аккаунта Roblox
Authentication.AccountRecovery.Heading.UpdateEmail,Обновить эл. почту
Authentication.AccountRecovery.Label.AddEmail,Добавить адрес эл. почты
Authentication.AccountRecovery.Label.ConfirmNewPasswordV2,Подтвердить новый пароль
Authentication.AccountRecovery.Label.EnterCode,Введи код
Authentication.AccountRecovery.Label.NewPasswordV2,Новый пароль
Authentication.AccountRecovery.Label.ResendCode,Отправить код повторно
Authentication.AccountRecovery.Label.ResendCodeTimer,Отправить код повторно через {timeLeft}с
Authentication.AccountRecovery.Label.UsernameEmail,Имя пользователя/эл. почта
Authentication.AccountRecovery.LabelEmail,Эл. почта
Authentication.AccountRecovery.LabelPhone,Номер телефона
Authentication.AccountRecovery.LabelTwoStepVerification,Двухшаговая проверка
Authentication.AccountRecovery.Message.Error.AccountNotFound,Аккаунт не найден.
Authentication.AccountRecovery.Message.Error.InvalidCode,Неверный код.
Authentication.AccountRecovery.Message.Error.InvalidEmail,Неверный адрес эл. почты.
Authentication.AccountRecovery.Message.Error.InvalidPassword,Неверный пароль.
Authentication.AccountRecovery.Message.Error.TooManyRequests,Слишком много запросов. Повтори попытку позже.
Authentication.AccountRecovery.MessagePasswordsDoNotMatch,Пароли не совпадают.
Authentication.AccountRecovery.MessageUnknownError,Неизвестная ошибка
Authentication.AccountSwitch.Action.AddAccount,Добавить аккаунт
Authentication.AccountSwitch.Action.CreateNewAccount,Создать новый аккаунт
Authentication.AccountSwitch.Action.LogoutAllAccounts,Выйти из всех аккаунтов
Authentication.AccountSwitch.Action.SwitchAccount,Переключить аккаунт
Authentication.AccountSwitch.Description.LogoutConfirmation,"Нужно будет выйти из других аккаунтов Roblox на этом устройстве, прежде чем добавлять новый"
Authentication.AccountSwitch.Description.PleaseTryAgainLater,Повтори попытку позже
Authentication.AccountSwitch.Description.TryLoggingInDirectly.2,Попробуй войти в аккаунт
Authentication.AccountSwitch.Header.LogoutAllAccounts,
Authentication.AccountSwitch.Heading.SwitchAccount,
Authentication.AccountSwitch.Label.AccountLimitReached.2,"Выйди, чтобы добавить новый аккаунт."
Authentication.CrossDevice.Action.CancelLogin,
Authentication.CrossDevice.Action.ConfirmLogin,Подтвердить вход
Authentication.CrossDevice.Action.Done,Готово
Authentication.CrossDevice.Action.Enter,Ввод
Authentication.CrossDevice.Action.GoBack,Назад
Authentication.CrossDevice.Action.Next,
Authentication.CrossDevice.Action.TryAgain,Повторить попытку
Authentication.CrossDevice.EnterCodeInstruction,затем введи этот код
Authentication.CrossDevice.GoToInstruction,На компьютере или телефоне перейди:
Authentication.CrossDevice.Heading.LoginAnotherDevice,Вход с другого устройства
Authentication.CrossDevice.Heading.LoginCode,Код быстрого входа
Authentication.CrossDevice.Heading.LoginWarning,ПРИ СОВЕРШЕНИИ ВХОДА:
Authentication.CrossDevice.Heading.QuickLogin,Быстрый вход
Authentication.CrossDevice.Heading.Warning,ВНИМАНИЕ!
Authentication.CrossDevice.Label.CodeHeader,Вариант 2
Authentication.CrossDevice.Label.CodeNotVerified,Код быстрого входа не подтверждён.
Authentication.CrossDevice.Label.ConfirmAndLoginAs,Подтверждение входа как %s на другом устройстве
Authentication.CrossDevice.Label.ConfirmOnDevice,ПОДТВЕРДИТЬ ВХОД С ДРУГОГО УСТРОЙСТВА
Authentication.CrossDevice.Label.ConfirmationMessage1,Ты собираешься совершить вход: %s
Authentication.CrossDevice.Label.ConfirmationMessage2,"Это новое устройство получит доступ к твоему аккаунту, Robux и инвентарю."
Authentication.CrossDevice.Label.ConfirmationMessage3,"Подтверди, что это ты."
Authentication.CrossDevice.Label.DevicePrompt,ВВЕДИ КОД НА УСТРОЙСТВЕ С ВЫПОЛНЕННЫМ ВХОДОМ
Authentication.CrossDevice.Label.EnterOtherDeviceCode,Ввести код с другого устройства
Authentication.CrossDevice.Label.InvalidLocationError,"Не удалось соотнести местоположение с устройством, с которого совершается попытка входа. Повтори попытку, используя ту же сеть."
Authentication.CrossDevice.Label.LogginInAs,Вход пользователя %s
Authentication.CrossDevice.Label.LoginInstructions,На устройстве с выполненным входом перейди в
Authentication.CrossDevice.Label.LoginInstructionsV2,Откройте приложение Roblox и перейди:
Authentication.CrossDevice.Label.LoginLocation,"<b>«Настройки аккаунта» > «Быстрый вход»</b>, чтобы ввести код."
Authentication.CrossDevice.Label.LoginLocationV2,"<b>Страница «Ещё» > Быстрый вход</b>, чтобы ввести код."
Authentication.CrossDevice.Label.NotAvailableOnNetwork,В этой сети функция недоступна. Повтори попытку позже.
Authentication.CrossDevice.Label.QrCodeError,"Возникла проблема с отображением QR-кода. Обнови эту страницу или следуй инструкциям ниже, чтобы выполнить вход на другом устройстве."
Authentication.CrossDevice.Label.QrCodeLogin,Вход с QR-кодом
Authentication.CrossDevice.Label.QrHeader,Вариант 1
Authentication.CrossDevice.Label.QrInstructions,"Отсканируй этот QR-код c устройства, на котором выполнен вход."
Authentication.CrossDevice.Label.QuestCDLShortLinkInstruction,"Перейди по адресу <b>roblox.com/quest</b> на компьютере или телефоне, чтобы ввести этот код и завершить вход."
Authentication.CrossDevice.Label.Warning1,"• Вводи только коды, запрошенные тобой."
Authentication.CrossDevice.Label.Warning2,• Никогда не вводи коды других пользователей.
Authentication.CrossDevice.Response.InvalidCode,"Введённый код недействителен. Убедись, что он указан верно."
Authentication.CrossDevice.Response.LoginFail,Не удалось войти
Authentication.CrossDevice.Response.LoginSuccess,Вход выполнен
Authentication.Login.Action.ConnectionError.RetryReady,Повторно
Authentication.Login.Action.ConnectionError.RetryWait,Повторите в: {WaitTime}
Authentication.Login.Action.Continue,Продолжить
Authentication.Login.Action.DownloadNow,Загрузить сейчас
Authentication.Login.Action.EmailACode,Отправить код по электронной почте
Authentication.Login.Action.EmailOtpWaitTime,Отправить код повторно через {WaitTime}с
Authentication.Login.Action.ForgotPasswordOrUsernameQuestionCapitalized,Не помню пароль или имя пользователя
Authentication.Login.Action.ForgotUsername,Не помню имя пользователя
Authentication.Login.Action.LogInEmailOneTimeCode,Получить одноразовый код по эл. почте
Authentication.Login.Action.NeedHelp,Нужна помощь?
Authentication.Login.Action.Next,
Authentication.Login.Action.QQLogin,Вход через QQ
Authentication.Login.Action.QuickSignIn,
Authentication.Login.Action.ResendCode,
Authentication.Login.Action.SendVerificationEmail,Выслать подтверждение по эл. почте
Authentication.Login.Action.SignIn,Войти
Authentication.Login.Action.UsePasskey,Использовать ключ доступа
Authentication.Login.Action.WeChatLogin,Вход через WeChat
Authentication.Login.Button.CloseAndSwitchPlatformAccount,Выполни выход из Roblox для смены аккаунта для {platformAccountName}
Authentication.Login.Button.UseDifferentRobloxAccount,Использовать другой аккаунт Roblox
Authentication.Login.Description.AccountSelectorHelp,Здесь перечислены все твои связанные аккаунты.
Authentication.Login.Description.DownloadNewVersion,"Эта версия приложения больше не доступна в твоём регионе. Чтобы продолжить, загрузи новую версию Roblox."
Authentication.Login.Description.EnterOneTimeCodeHelpV2,"Введи код, отправленный на {email}"
Authentication.Login.Description.GetOneTimeCodeHelp,"Введи адрес электронной почты, подтверждённый на твоём аккаунте, чтобы получить одноразовый код."
Authentication.Login.Description.PasskeyDescription,"На твоём аккаунте установлен ключ доступа — более безопасный способ входа, чем пароль. Ты можешь использовать отпечаток пальца, лицо или блокировку экрана для входа на это устройство."
Authentication.Login.Description.PasskeyLoginIncompatibleDevice,"Мы не можем определить, поддерживает ли твоё устройство ключ доступа. Попробуй ещё раз или нажми «Ошибка входа», чтобы восстановить аккаунт с помощью электронной почты или номера телефона."
Authentication.Login.Error.PasskeyOnlyAccount,Твой аккаунт имеет только ключ доступа для входа в систему. Попробуй войти с паролем или восстановить свой аккаунт.
Authentication.Login.Error.PlatformAccountConnectionFailure,Не удаётся проверить аккаунт. Повтори попытку позже.
Authentication.Login.Heading.IncompatibleAccounts,Несовместимые аккаунты
Authentication.Login.Heading.Login,Вход
Authentication.Login.Heading.LoginRoblox,Вход в Roblox
Authentication.Login.Heading.LoginRobloxAccountSwitching,Войти в существующий аккаунт
Authentication.Login.Heading.NewAppAvailable,Доступно новое приложение
Authentication.Login.Heading.SignIn,
Authentication.Login.Label.AccountSelectorTitle,Выбери аккаунт для входа
Authentication.Login.Label.AgedUpUsername,Добавить уникальный @username
Authentication.Login.Label.ConnectionError.RetryDisabled,"К сожалению, возникла проблема при подключении к серверам.

В настоящий момент повтор подключения недоступен. Повтори попытку позже."
Authentication.Login.Label.ConnectionError.RetryReady,"К сожалению, возникла проблема при подключении к серверам.

Пожалуйста, повтори попытку."
Authentication.Login.Label.ConnectionError.RetryWait,"К сожалению, возникла проблема при подключении к серверам.

Пожалуйста, подожди и повтори попытку."
Authentication.Login.Label.ConnectionError.Title,Ошибка соединения
Authentication.Login.Label.Email,
Authentication.Login.Label.EmailNeedsVerification,Нужно подтвердить эл. почту
Authentication.Login.Label.EnterOneTimeCode,Введи одноразовый код
Authentication.Login.Label.EnterOneTimeCodeLoginHelp,"Введи код, отправленный по эл. почте"
Authentication.Login.Label.EnterYourPassword,Введи пароль
Authentication.Login.Label.ForgotYourPassword,Не помню пароль
Authentication.Login.Label.GetOneTimeCode,Получить одноразовый код
Authentication.Login.Label.LearnMore,Подробнее
Authentication.Login.Label.LinkAccountWarning,"Твой аккаунт Roblox будет связан с аккаунтом на {platform}, и в следующий раз вход будет выполнен автоматически! Ты можешь изменить это в настройках в любое время. Перед тем, как ты сможешь связать новый аккаунт, может пройти некоторое время."
Authentication.Login.Label.PasskeyIncompatible,Ключ доступа несовместим
Authentication.Login.Label.Password,Пароль
Authentication.Login.Label.Phone,
Authentication.Login.Label.QQUserCancel,"Выполнен выход из QQ. Пожалуйста, войди в QQ."
Authentication.Login.Label.TroubleSigningIn,Не удалось войти?
Authentication.Login.Label.UnverifiedEmailInstructions,"Чтобы войти с помощью эл. почты, адрес нужно подтвердить. Можно также использовать имя пользователя для входа."
Authentication.Login.Label.Username,Имя пользователя
Authentication.Login.Label.UsernameEmailOrPhoneNumber,"Имя пользователя, эл. почта или номер телефона"
Authentication.Login.Label.UsernameEmailPhone,Имя пользователя/эл. почта/номер тел.
Authentication.Login.Label.WeChatUserCancel,Сессия в WeChat завершена. Войди снова в WeChat.
Authentication.Login.Label.WeChatVersionNotSupported,Эта версия WeChat не поддерживается
Authentication.Login.QrCodeLoginTitle,"Просканируй QR-код, чтобы войти"
Authentication.Login.Response.AccountNotFound,Аккаунт не найден. Повтори попытку.
Authentication.Login.Response.AlreadyLinked,Этот аккаунт Roblox уже связан с другим аккаунтом на: {platform}. Попробуй войти с другим аккаунтом Roblox.
Authentication.Login.Response.ErrorUseCorporateNetwork,Необходимо подключение к корпоративной сети для входа.
Authentication.Login.Response.IncorrectEmailOrPassword,Неверная эл. почта или пароль.
Authentication.Login.Response.IncorrectOtpCode,Неверный код. Проверь ещё раз и повтори попытку.
Authentication.Login.Response.IncorrectPhoneOrPassword,Неверный номер телефона или пароль.
Authentication.Login.Response.IncorrectUsernamePassword,Неверное имя пользователя или пароль.
Authentication.Login.Response.InvalidEmail,Неверный адрес эл. почты.	
Authentication.Login.Response.InvalidPasskeyCredential,"Не удалось войти с этим ключом доступа. Чтобы восстановить доступ, нажми «Не помню пароль или имя пользователя»."
Authentication.Login.Response.MoreThanOneUsername,"Этот адрес эл. почты привязан к нескольким пользователям. Войди, используя своё имя пользователя."
Authentication.Login.Response.RelinkingFreeze,Этот аккаунт Roblox был привязан к другому аккаунту на: {platform} в последние 90 дней. Попробуй войти с другим аккаунтом Roblox.
Authentication.Login.Response.Require2FA,"Двухшаговая проверка не поддерживается на консоли. Следуй инструкциям справа, чтобы выполнить безопасный вход."
Authentication.Login.Response.Require2FAGeneric,"Дополнительная обязательная проверка не поддерживается на этом устройстве. Следуй инструкциям справа, чтобы выполнить безопасный вход."
Authentication.Login.Response.ServiceUnavailable,Сервис недоступен. Повтори попытку позже.
Authentication.Login.Response.SomethingWentWrong,
Authentication.Login.Response.TencentLoginFailurePleaseTryAgain,Ошибка входа. Попробуй ещё раз.
Authentication.Login.Response.TooManyAttemptsPleaseWait,Слишком много попыток. Подожди немного.
Authentication.Login.Response.UnableToSignIn,Невозможно выполнить вход.
Authentication.Login.Response.UnknownError,
Authentication.Login.Response.UnknownErrorLoginWithDifferentMethod,Что-то пошло не так. Попробуй выполнить вход другим способом.
Authentication.Login.Response.UnverifiedEmailLoginWithUsername,"Этот адрес эл. почты не подтверждён. Войди, используя своё имя пользователя."
Authentication.Login.WeChat.AntiAddictionText,"Не участвуй в плохих и пиратских проектах. Будь начеку, чтобы избежать обмана. Не проводи слишком много времени в сети, это может навредить здоровью. Разумно распределяй своё время и наслаждайся правильным образом жизни."
Authentication.Login.WeChat.NotInstalled,WeChat не установлен
Authentication.OneTimePasscode.Action.ChangeEmailV2,Изменить адрес эл. почты
Authentication.OneTimePasscode.Action.Continue,
Authentication.OneTimePasscode.Action.GetHelp,Нужна помощь
Authentication.OneTimePasscode.Action.Resend,Отправить заново
Authentication.OneTimePasscode.Description.DidntReceiveCode,Код не получен?
Authentication.OneTimePasscode.Description.ReviewAndConsentToTerms,"Пожалуйста, ознакомьтесь с нижеследующими условиями от имени вашего ребёнка. Вы можете принять или не согласиться с индивидуальными условиями. Ваш ребёнок по-прежнему может использовать Roblox, если вы не согласны с дополнительными условиями. "
Authentication.OneTimePasscode.Description.SendVerificationCode,"Мы отправим родителям проверочный код, чтобы они могли помочь тебе зарегистрироваться"
Authentication.OneTimePasscode.Label.CodeSent,Код отправлен
Authentication.OneTimePasscode.Label.ConsentNeeded,Требуется согласие
Authentication.OneTimePasscode.Label.ParentConsentNeeded,Требуется согласие родителя
Authentication.OneTimePasscode.Label.SixDigitCode,Шестизначный код
Authentication.Passkey.Action.Continue,
Authentication.Passkey.Action.CreatePasskey,Создать ключ доступа
Authentication.Passkey.Action.KeepUsingPassword,"Нет, проолжить использовать пароль"
Authentication.Passkey.Action.TryAgainLaterAcknowledgement,Не сейчас
Authentication.Passkey.Action.TryAgainNowAcknowledgement,Попробовать
Authentication.Passkey.Description.Benefits,"Код доступа — это более безопасный и быстрый способ входа, потому что он не может быть использован повторно и его не могут угадать другие пользователи"
Authentication.Passkey.Description.DataPolicy,Roblox не хранит твои биометрические данные
Authentication.Passkey.Description.Error,Мы не смогли зарегистрировать твой пароль. Повтори попытку.
Authentication.Passkey.Description.Purpose,"Войди в Roblox с помощью отпечатка пальца, идентификатора лица или ПИН-кода, который ты используешь для разблокировки устройства"
Authentication.Passkey.Description.UpsellRegistrationSuccess,"Теперь ты можешь использовать идентификатор лица, отпечаток пальца или ПИН-код устройства для входа в Roblox."
Authentication.Passkey.Label.UpsellErrorTitle,Повтори попытку
Authentication.Passkey.Label.UpsellTitle,"Войти быстрее, используя код доступа"
Authentication.Passkey.Label.UpsellToastPageTitle,Готово! Ключ доступа успешно создан
Authentication.Passkey.Label.UpsellToastTitle,Код доступа успешно создан!
Authentication.ResetPassword.Response.ResetPasswordStarted,"Чтобы продолжить, сбрось пароль."
Authentication.SignUp.Action.Cancel,
Authentication.SignUp.Action.Continue,
Authentication.SignUp.Action.CreateAPasskey,
Authentication.SignUp.Action.CreateAccount,
Authentication.SignUp.Action.IUnderstand,Понятно
Authentication.SignUp.Action.NextWord,
Authentication.SignUp.Action.StartOver,Начать сначала
Authentication.SignUp.Action.UseEmail,Использовать эл. почту
Authentication.SignUp.Action.UsePhoneNumber,
Authentication.SignUp.Button.RetryLogIn,Повторить вход
Authentication.SignUp.Description.AccountAlreadyLinked,Твой аккаунт {platformAccountName} уже связан с аккаунтом Roblox. Попробуй повторить вход.
Authentication.SignUp.Description.BirthdayHelp,"Это даст нам понять, какой контент показывать. Видно только тебе."
Authentication.SignUp.Description.BirthdayHelp3,Это помогает нам показать релевантный контент и не делиться с другими.
Authentication.SignUp.Description.BirthdayValuePropC,"Это даст нам понять, какой контент показывать. Видно только тебе"
Authentication.SignUp.Description.ClickNextAgreeToTerms,"Нажимая «Далее», ты принимаешь Условия использования, включая арбитражное соглашение, и соглашаешься с Политикой конфиденциальности."
Authentication.SignUp.Description.CreateAPassword,Создать пароль для аккаунта Roblox
Authentication.SignUp.Description.EnsureNeverLoseAccount,"Это гарантирует, что вы никогда не потеряете доступ к своему аккаунту Roblox."
Authentication.SignUp.Description.EnterParentEmail,Для получения кода подтверждения введи адрес электронной почты родителя/опекуна.
Authentication.SignUp.Description.GenderHelp2,Это поможет нам выбрать подходящий аватар.
Authentication.SignUp.Description.OneMoreStep,Ещё один шаг
Authentication.SignUp.Description.Or,ИЛИ
Authentication.SignUp.Description.PasskeyTryAgain,что-то пошло не так при регистрации ключа доступа. Выполни регистрацию под другим именем пользователя.
Authentication.SignUp.Description.RobloxNotAvailableInRegion,Roblox временно недоступен в вашем регионе.
Authentication.SignUp.Description.ThisKeepYourAccountSecure,Это защитит твой аккаунт Roblox.
Authentication.SignUp.Description.Try,
Authentication.SignUp.Description.UnderAgeAlert,Минимальный возраст для игры в Roblox не достигнут.
Authentication.SignUp.Description.UsernameHelp,Так люди увидят тебя в Roblox. Запомни своё имя пользователя для будущего входа.
Authentication.SignUp.Description.UsernameHelpV2,Оно будет использоваться для входа в систему и будт видно другим.
Authentication.SignUp.Description.UsernameRule1,Используй от 3 до 20 символов
Authentication.SignUp.Description.UsernameRule2,"Допускаются только буквы (a-z), цифры (0-9) и подчеркивание (_)."
Authentication.SignUp.Description.VerificationLinkingText,"Твой аккаунт Roblox будет привязан к твоему аккаунту на платформе {platform}. Ты можешь отменить привязку в любое время в настройках. Может пройти некоторое время, прежде чем ты сможешь привязать свой аккаунт к аккаунту на платформе {platform}. Нажимая кнопку «Зарегистрироваться», ты соглашаешься с Условиями использования, включая арбитражную оговорку, и принимаешь Политику конфиденциальности."
Authentication.SignUp.Description.VerificationLinkingText.VariableButtonName,"Твой аккаунт Roblox будет привязан к твоему аккаунту на платформе {platform}. Ты можешь отменить привязку в любое время в настройках. Может пройти некоторое время, прежде чем ты сможешь привязать свой аккаунт к аккаунту на платформе {platform}. Нажимая кнопку «{ctaButton}», ты соглашаешься с Условиями использования, включая арбитражную оговорку, и принимаешь Политику конфиденциальности."
Authentication.SignUp.Description.VerificationPage,"Нажимая «Регистрация», ты принимаешь Условия использования, включая арбитражное соглашение, и соглашаешься с Политикой конфиденциальности."
Authentication.SignUp.Description.VerificationPage.CreateAccount,"Нажимая «Создать аккаунт», ты принимаешь Условия использования, включая арбитражное соглашение, и соглашаешься с Политикой конфиденциальности."
Authentication.SignUp.Description.VerificationPageMultiStep,"Нажимая «Продолжить», ты принимаешь Условия использования, включая арбитражное соглашение, и соглашаешься с Политикой конфиденциальности."
Authentication.SignUp.Description.VerifiedParentalConsentModal.EnterContinue,"При вводе кода и нажимая «Продолжить», ты даёшь согласие на доступ к Roblox."
Authentication.SignUp.Header.CreatePassword,"Привет, {username}! Cоздай пароль"
Authentication.SignUp.Header.CreatePasswordOrPasskey,"Привет, {username}! Cоздай пароль или ключ доступа"
Authentication.SignUp.Header.GenderPage6,И последнее! Выбери свой пол (необязательно)
Authentication.SignUp.Header.PleaseTryAgain,
Authentication.SignUp.Header.UsernamePage4,Теперь создай имя пользователя
Authentication.SignUp.Header.WhatIsYourBirthday,Дата твоего рождения
Authentication.SignUp.Heading.CannotSignUp,Невозможно зарегистрироваться
Authentication.SignUp.Heading.CountryCodeSelector,Выбор страны
Authentication.SignUp.Heading.PasswordPage,Придумай пароль
Authentication.SignUp.Heading.PickAUsername,Выбери имя пользователя
Authentication.SignUp.Heading.RetryLogIn,
Authentication.SignUp.Heading.UserGreetingWithName,"Привет, {username}"
Authentication.SignUp.Heading.WhatsYourBirthday,
Authentication.SignUp.Label.Age,Возраст
Authentication.SignUp.Label.Birthday,Дата рождения
Authentication.SignUp.Label.BirthdayHeaderB,Для начала выбери дату рождения
Authentication.SignUp.Label.BirthdayWithAge,Дата рождения ({yearsOld})
Authentication.SignUp.Label.ConfirmBirthday,Подтвердить дату рождения
Authentication.SignUp.Label.Continue,
Authentication.SignUp.Label.Day,День
Authentication.SignUp.Label.EmailAddress,
Authentication.SignUp.Label.Error.MinimumAge5,Новые аккаунты не могут иметь возраст пользователя младше 5 лет
Authentication.SignUp.Label.Error.UsernameAlreadyInUse,Это имя пользователя уже используется
Authentication.SignUp.Label.Error.UsernameContainsBoundingUnderscore,Имена пользователей не могут начинаться или заканчиваться на _
Authentication.SignUp.Label.Error.UsernameContainsInvalidCharacter,"Имя пользователя может содержать только буквы, цифры и знак _"
Authentication.SignUp.Label.Error.UsernameContainsMultipleUnderscores,Имя пользователя не может содержать более чем _
Authentication.SignUp.Label.Error.UsernameContainsPII,Имя пользователя не может содержать личную информацию
Authentication.SignUp.Label.Error.UsernameInappropriate,Имя пользователя не подходит для Roblox
Authentication.SignUp.Label.Error.UsernameLengthTooShortOrTooLong,Имя пользователя должно быть от 3 до 20 символов
Authentication.SignUp.Label.ErrorsWithPassword,Пароль содержит ошибки.
Authentication.SignUp.Label.ErrorsWithUsername,Имя пользователя содержит ошибки.
Authentication.SignUp.Label.FullDateString,"{Day} {Month}, {Year}"
Authentication.SignUp.Label.Gender,Пол
Authentication.SignUp.Label.GenderFemale,Женский
Authentication.SignUp.Label.GenderMale,Мужской
Authentication.SignUp.Label.Girl,
Authentication.SignUp.Label.MaybeTryOneOfThese,Попробуй один из этих
Authentication.SignUp.Label.Month,Месяц
Authentication.SignUp.Label.NewPasswordError1,Пароль должен содержать не менее 8 символов
Authentication.SignUp.Label.NewPasswordError2,Пароль не должен совпадать с именем пользователя
Authentication.SignUp.Label.NewPasswordError3,Пароль не должен быть слишком простым
Authentication.SignUp.Label.OptionalGender,Пол (необязательно)
Authentication.SignUp.Label.OptionalGenderShort,Необязательно
Authentication.SignUp.Label.ParentEmailAddress,Адрес эл. почты родителя/опекуна
Authentication.SignUp.Label.PasswordError1,Не менее 8 символов
Authentication.SignUp.Label.PasswordError2,Не совпадает с именем пользователя
Authentication.SignUp.Label.PasswordError3,Не является слишком простым
Authentication.SignUp.Label.PasswordPlaceholder,
Authentication.SignUp.Label.PhoneNumber,
Authentication.SignUp.Label.SelectYourBirthday,Выбери дату рождения
Authentication.SignUp.Label.SetUpPasskey,Или настрой ключ доступа
Authentication.SignUp.Label.SignUp,Регистрация
Authentication.SignUp.Label.Skip,Пропустить
Authentication.SignUp.Label.Use8CharPassword,Используй не более 8 символов
Authentication.SignUp.Label.UsernameError1,"Содержит только буквы, цифры и символ «_»"
Authentication.SignUp.Label.UsernameError2,Содержит от 3 до 20 символов
Authentication.SignUp.Label.UsernameError3,Не используется другими пользователями
Authentication.SignUp.Label.UsernameError4,Подходит для Roblox
Authentication.SignUp.Label.UsernameError5,Не начинается и не оканчивается символом «_»
Authentication.SignUp.Label.UsernameError6,Содержит не более одного символа «_»
Authentication.SignUp.Label.UsernameError7,Не содержит личные данные
Authentication.SignUp.Label.WhensYourBirthday,
Authentication.SignUp.Label.Year,Год
Authentication.SignUp.Label.YearsOld,(Возраст: {yearsOld})
Authentication.SignUp.Labely.Boy,
Authentication.SignUp.Message.Username.NoRealNameUse,Не указывай своё настоящее имя
Authentication.SignUp.Response.AgedUpDisplayNameSetFirst,Сначала укажи имя.
Authentication.SignUp.Response.BirthdayMustBeSetFirst,Сначала укажи дату рождения.
Authentication.SignUp.Response.ErrorTryAgain,
Authentication.SignUp.Response.InvalidBirthday,Неверная дата рождения.
Authentication.SignUp.Response.InvalidEmail,
Authentication.SignUp.Response.InvalidPhoneNumber,Неверный номер телефона.
Authentication.SignUp.Response.PasswordComplexity,Придумай более сложный пароль.
Authentication.SignUp.Response.PhoneNumberAlreadyLinked,Номер уже привязан к другому аккаунту.
Authentication.SignUp.Response.UsernameMustBeSetFirst,Сначала укажи имя пользователя.
Authentication.SignUp.Title,
Authentication.TwoStepVerification.Action.Approve,Подтвердить
Authentication.TwoStepVerification.Action.ChangePassword,Изменить пароль
Authentication.TwoStepVerification.Action.Deny,Отклонить
Authentication.TwoStepVerification.Action.GoToSecurity,Настройки
Authentication.TwoStepVerification.Action.Okay,ОК
Authentication.TwoStepVerification.CrossDevice.Authentication,Пытаешься авторизоваться на другом устройстве?
Authentication.TwoStepVerification.CrossDevice.BirthdateChange,Пытаешься изменить дату рождения на другом устройстве?
Authentication.TwoStepVerification.CrossDevice.Deactivation,Пытаешься деактивировать аккаунт с другого устройства?
Authentication.TwoStepVerification.CrossDevice.LimitedResale,Пытаешься перепродать лимитку на другом устройстве?
Authentication.TwoStepVerification.CrossDevice.PrivacyChange,Пытаешься изменить настройки конфиденциальности сделки на другом устройстве?
Authentication.TwoStepVerification.CrossDevice.Reactivation,Пытаешься восстановить аккаунт с другого устройства?
Authentication.TwoStepVerification.CrossDevice.RecoveryCodes,Пытаешься сгенерировать коды восстановления на другом устройстве?
Authentication.TwoStepVerification.CrossDevice.Resale,Пытаешься перепродать предмет на другом устройстве?
Authentication.TwoStepVerification.CrossDevice.Spend,Пытаешься использовать Robux на другом устройстве?
Authentication.TwoStepVerification.CrossDevice.Trade,Пытаешься выполнить обмен на другом устройстве?
Authentication.TwoStepVerification.Description.LoginToNewDevice,Ты пытаешься войти на новом устройстве?
Authentication.TwoStepVerification.Description.PostLoginActionConfirmation,Пытаешься выполнить действие на другом устройстве?
Authentication.TwoStepVerification.Header.AttemptDenied,Попытка отклонена
Authentication.TwoStepVerification.Header.AttemptExpired,Срок действия попытки истёк
Authentication.TwoStepVerification.Header.LoginAttemptExpired,Попытка входа истекла
Authentication.TwoStepVerification.Label.AlreadyReviewed,Просмотрено с другого устройства
Authentication.TwoStepVerification.Label.AttemptReviewed,Попытка рассмотрена
Authentication.TwoStepVerification.Label.CodeInputPlaceholderText,Введи {codeLength}-значный код
Authentication.TwoStepVerification.Label.DateTimeLabel,"Дата, время"
Authentication.TwoStepVerification.Label.DeviceTypeLabel,Тип устройства
Authentication.TwoStepVerification.Label.DidNotReceive,Код не получен
Authentication.TwoStepVerification.Label.Expired,Срок действия попытки истёк.
Authentication.TwoStepVerification.Label.IPAddressLabel,IP-адрес
Authentication.TwoStepVerification.Label.InvalidCode,Неверный код
Authentication.TwoStepVerification.Label.Location,"{city}, {subdivision}, {country}"
Authentication.TwoStepVerification.Label.LocationLabel,Местоположение
Authentication.TwoStepVerification.Label.LocationWithoutCity,"{subdivision}, {country}"
Authentication.TwoStepVerification.Label.LocationWithoutCountry,"{city}, {subdivision}"
Authentication.TwoStepVerification.Label.LocationWithoutSubdivision,"{city}, {country}"
Authentication.TwoStepVerification.Label.LoginExpired,Попытка войти в аккаунт истекла
Authentication.TwoStepVerification.Label.NeedHelpMessage,Нужна помощь? Свяжись со Службой поддержки Roblox
Authentication.TwoStepVerification.Label.PasswordChangeRecommended,"Мы рекомендуем изменить пароль, чтобы помочь защитить аккаунт."
Authentication.TwoStepVerification.Label.Resend,Отправить повторно
Authentication.TwoStepVerification.Label.SomeoneMightHavePassword,"Кажется, что у кого-то есть твой пароль"
Authentication.TwoStepVerification.Label.TwoStepRequired,"Необходима двухшаговая проверка для совершения дальнейших транзакций. Перейди в Настройки > Безопасность, чтобы завершить двухшаговую проверку."
Authentication.TwoStepVerification.Label.TwoStepRequiredLogout,"Для совершения дальнейших транзакций необходима двухшаговая проверка. Перейди в Настройки > Безопасность, чтобы завершить двухшаговую проверку. При включении двухшаговой проверки будет выполнен выход из текущей сессии."
Authentication.TwoStepVerification.Label.TwoStepVerification,
Authentication.TwoStepVerification.Label.UnknownDevice,Неизвестный тип устройства
Authentication.TwoStepVerification.Label.UnknownIPAddress,Неизвестный IP-адрес
Authentication.TwoStepVerification.Label.UnknownLocation,Неизвестное региональное местоположение
Authentication.TwoStepVerification.Response.DefaultError,Произошла ошибка. Повтори попытку.
Authentication.TwoStepVerification.Response.TooManyAttempts,Слишком много попыток. Повтори позже.
Authentication.TwoStepVerification.Title.VerificationRequired,Требуется подтверждение
AvatarGeneration.SelfieConsent.CancelButton,
AvatarGeneration.SelfieConsent.Title,Использовать изображение для создания моего аватара.
Common.AlertsAndOptions.Title.Warning,Предупреждение
Common.GameSorts.Label.Favorites,Избранные
Common.Presence.Label.InExperience,В плейсе
Common.Presence.Label.Invisible,Невидимый
Common.Presence.Label.Offline,Не в сети
Common.Presence.Label.Online,В сети
Common.Presence.Label.RobloxStudio,Roblox Studio
Common.VerifiedParentalConsent.Action.Cancel,
Common.VerifiedParentalConsent.Action.Close,
Common.VerifiedParentalConsent.Action.GoToSettings,Перейти в Настройки
Common.VerifiedParentalConsent.Description.SpendingRestrictionWithSettings,"В связи с региональными ограничениями требуется разрешение родителя для совершения покупки. Попроси разрешение у родителе, перейдя в Настройки > Расходы."
Common.VerifiedParentalConsent.Description.SpendingRestrictionWithoutSettings,"В связи с региональными ограничениями требуется разрешение родителя для совершения покупки. Используй веб-версию или устройство-компаньон, чтобы попросить разрешение у родителя, перейдя в Настройки > Расходы."
Common.VerifiedParentalConsent.Label.AskParent,
Common.VisitGame.Label.Play,Присоединиться
CommonUI.Controls.Action.Accept,Принять
CommonUI.Controls.Action.Apply,Применить
CommonUI.Controls.Action.Back,
CommonUI.Controls.Action.Cancel,
CommonUI.Controls.Action.CloseRoblox,Закрыть Roblox
CommonUI.Controls.Action.Confirm,Подтверждаю
CommonUI.Controls.Action.Done,
CommonUI.Controls.Action.Next,
CommonUI.Controls.Action.OK,
CommonUI.Controls.Action.Refresh,Обновить
CommonUI.Controls.Action.Search,Поиск
CommonUI.Controls.Action.ShowMore,Развернуть
CommonUI.Controls.Action.Submit,Отправить
CommonUI.Controls.Action.Yes,Да
CommonUI.Controls.Birthdaypicker.Label.Date,Дата
CommonUI.Controls.Input.Optional,{inputLabel} (необязательно)
CommonUI.Controls.Label.April,апр
CommonUI.Controls.Label.AprilAbbreviated,
CommonUI.Controls.Label.August,авг
CommonUI.Controls.Label.AugustAbbreviated,
CommonUI.Controls.Label.Day,
CommonUI.Controls.Label.December,дек
CommonUI.Controls.Label.DecemberAbbreviated,
CommonUI.Controls.Label.February,фев
CommonUI.Controls.Label.FebruaryAbbreviated,
CommonUI.Controls.Label.ForceUpdateBody,"Чтобы установить обновление, перезапусти Roblox."
CommonUI.Controls.Label.ForceUpdateTitle,Требуется обновление
CommonUI.Controls.Label.Friday,Пятница
CommonUI.Controls.Label.FridayAbbreviated,Пт
CommonUI.Controls.Label.InvalidDateFormat,Неверный формат даты
CommonUI.Controls.Label.January,янв
CommonUI.Controls.Label.JanuaryAbbreviated,
CommonUI.Controls.Label.July,июл
CommonUI.Controls.Label.June,июн
CommonUI.Controls.Label.March,мар
CommonUI.Controls.Label.MarchAbbreviated,
CommonUI.Controls.Label.May,май
CommonUI.Controls.Label.Monday,Понедельник
CommonUI.Controls.Label.MondayAbbreviated,Пн
CommonUI.Controls.Label.Month,
CommonUI.Controls.Label.November,ноя
CommonUI.Controls.Label.NovemberAbbreviated,
CommonUI.Controls.Label.October,окт
CommonUI.Controls.Label.OctoberAbbreviated,
CommonUI.Controls.Label.Saturday,Суббота
CommonUI.Controls.Label.SaturdayAbbreviated,Суб
CommonUI.Controls.Label.SelectDate,Выбрать дату
CommonUI.Controls.Label.September,сент
CommonUI.Controls.Label.SeptemberAbbreviated,
CommonUI.Controls.Label.Sunday,Воскресенье
CommonUI.Controls.Label.SundayAbbreviated,Вскр
CommonUI.Controls.Label.Thursday,Четверг
CommonUI.Controls.Label.ThursdayAbbreviated,Чт
CommonUI.Controls.Label.Tuesday,Вторник
CommonUI.Controls.Label.TuesdayAbbreviated,Вт
CommonUI.Controls.Label.Wednesday,Среда
CommonUI.Controls.Label.WednesdayAbbreviated,Ср
CommonUI.Controls.Label.Year,
CommonUI.Controls.NoResultsFound,Ничего не найдено
CommonUI.Features.Action.Close,
CommonUI.Features.Action.Go,Найти
CommonUI.Features.Action.Send,
CommonUI.Features.Heading.GameDetails,Описание плейса
CommonUI.Features.Label.About,Сведения
CommonUI.Features.Label.AboutUs,О нас
CommonUI.Features.Label.AcceptConnection,Принять контакт
CommonUI.Features.Label.AddConnection,Добавить контакт
CommonUI.Features.Label.AddConnections,Добавить контакты
CommonUI.Features.Label.AdjustScreen,Настройка экрана
CommonUI.Features.Label.AppInformation,Информация о приложении
CommonUI.Features.Label.Avatar,Аватар
CommonUI.Features.Label.Badges,Значки
CommonUI.Features.Label.Blog,Блог
CommonUI.Features.Label.Careers,Вакансии
CommonUI.Features.Label.Catalog,Каталог Roblox
CommonUI.Features.Label.ChannelWithChannelName,Канал: {channelName}
CommonUI.Features.Label.Charts,Чарты
CommonUI.Features.Label.Chat,Чат
CommonUI.Features.Label.ClientCoreScriptVersion,Client-CoreScript-Version: {clientCoreScriptVersion}
CommonUI.Features.Label.Connect,Добавить
CommonUI.Features.Label.Connection,Контакт
CommonUI.Features.Label.Connections,Контакты
CommonUI.Features.Label.ControllerBar.HoldPrefix,"Удерживать,"
CommonUI.Features.Label.ControllerBar.Search,
CommonUI.Features.Label.ControllerBar.ToPlaySuffix,чтобы играть
CommonUI.Features.Label.CreateGames,Studio
CommonUI.Features.Label.CreationCenter,Центр создания
CommonUI.Features.Label.DevSubs,Подписки
CommonUI.Features.Label.Discover,Плейсы
CommonUI.Features.Label.Friends,Друзья
CommonUI.Features.Label.Game,
CommonUI.Features.Label.GiftCards,Гифткарты
CommonUI.Features.Label.Groups,Сообщества
CommonUI.Features.Label.Help,Справка
CommonUI.Features.Label.HelpAndSafety,Помощь и безопасность
CommonUI.Features.Label.Home,Главная
CommonUI.Features.Label.Inventory,Инвентарь
CommonUI.Features.Label.InviteConnections,Пригласить контакт
CommonUI.Features.Label.JoinConnections,Присоединиться к контактам
CommonUI.Features.Label.Learn,Обучение
CommonUI.Features.Label.Licensing,Лицензия
CommonUI.Features.Label.LuobuRiderTerms,Условия использования Luobu Rider
CommonUI.Features.Label.LuobuThirdPartyDataUse,Third party share list
CommonUI.Features.Label.Messages,Сообщения
CommonUI.Features.Label.More,Ещё
CommonUI.Features.Label.MoreEvents,Новые события уже скоро!
CommonUI.Features.Label.OfficialStore,Офиц. магазин
CommonUI.Features.Label.Parents,Родителям
CommonUI.Features.Label.Players,Люди
CommonUI.Features.Label.Premium,Premium
CommonUI.Features.Label.Privacy,Конфиденциальность
CommonUI.Features.Label.PrivacyGuidelinesChildren,Информация о конфиденциальности для детей
CommonUI.Features.Label.PrivacyPolicy,
CommonUI.Features.Label.Profile,Профиль
CommonUI.Features.Label.RM,Моменты
CommonUI.Features.Label.Redeem,Активировать
CommonUI.Features.Label.RemoveConnection,Удалить контакт
CommonUI.Features.Label.ReportLogs,Сообщить об ошибке
CommonUI.Features.Label.Settings,
CommonUI.Features.Label.Startup,Стартап
CommonUI.Features.Label.TencentNotice,Уведомление
CommonUI.Features.Label.Terms,Условия
CommonUI.Features.Label.TermsOfService,Условия предоставления услуг
CommonUI.Features.Label.TermsOfUse,Условия использования
CommonUI.Features.Label.Thanks,Спасибо
CommonUI.Features.Label.TheHunt,События Roblox
CommonUI.Features.Label.Trades,Обмен
CommonUI.Features.Label.VNGMigrationBody,"Чтобы продолжить пользоваться Roblox в своём регионе, загрузи новое приложение Roblox-VNG и войди в систему под именем пользователя Roblox."
CommonUI.Features.Label.VNGMigrationGoButton,Перейти в приложение Roblox-VNG
CommonUI.Features.Label.VNGMigrationTip,Подсказка: выбери «Быстрый вход» в приложении Roblox-VNG.
CommonUI.Features.Label.VNGMigrationTitle,Roblox теперь Roblox-VNG!
CommonUI.Features.Label.VRFTUX,Руководство по VR
CommonUI.Features.Label.Version,Версия
CommonUI.Features.Label.VersionWithNumber,Версия: {versionNumber}
CommonUI.Features.Label.sGroups,
CommonUI.Features.Labels.OrYouCan,Или ты можешь
CommonUI.Features.Prompt.ReportLogsQuestion,Отправить местный файл журнала в Backtrace?
CommonUI.Features.Prompt.ReportLogsResult,Сообщение отправлено.
CommonUI.Features.StudioCTA.Tooltip.Body,Скачать Studio бесплатно!
CommonUI.Features.StudioCTA.Tooltip.Title,Начать создавать в Roblox
CommonUI.Messages.Action.Apply,
CommonUI.Messages.Action.Dismiss,
CommonUI.Messages.Action.OK,
CommonUI.Messages.Action.Reset,Сброс
CommonUI.Messages.Label.ActionNotAvailableOnCurrentDevice,Это действие пока не поддерживается на данном устройстве. Попробуй другое устройство.
CommonUI.Messages.Label.ActionNotAvailableOnVRHeadsetDevice,Это действие пока не поддерживается на гарнитурах. Попробуй другое устройство.
CommonUI.Messages.Label.AgeBlock,У этого аккаунта нет прав в связи с возрастными ограничениями.
CommonUI.Messages.Label.Alert,Внимание!
CommonUI.Messages.Label.FeatureNotAvailableForAccount,Твой аккаунт не может использовать эту функцию.
CommonUI.Messages.Label.OR,
CommonUI.Messages.Label.Password,
CommonUI.Messages.Label.ToExitFullscreen,Выйти из полноэкранного режима
CommonUI.Messages.Message.NoLicenses,Нет лицензий
CommonUI.Messages.Response.NoResults,
CommonUI.Messages.Response.PageError,Ошибка при загрузке страницы
CommonUI.Messages.Response.SomethingWentWrong,
CommonUI.Messages.SystemMessage.AndroidDeprecationBodyPhase1,"В ближайшее время Roblox перестанет поддерживать Android 6 и 7. Обнови своё устройство до Android 8 или выше, чтобы продолжить играть."
CommonUI.Messages.SystemMessage.AndroidDeprecationBodyPhase2,"Начиная с {date}, Roblox больше не поддерживает Android 6 и 7. Обнови своё устройство до Android 8 или выше, чтобы продолжить играть."
CommonUI.Messages.SystemMessage.AndroidDeprecationBodyPhase2Fallback,"Начиная с 19 июля 2025 года, Roblox больше не поддерживает Android 6 и 7. Обнови своё устройство до Android 8 или выше, чтобы продолжить играть."
CommonUI.Messages.SystemMessage.AndroidDeprecationBodyPhase3,"Roblox больше не поддерживает Android 6 и 7. Обнови своё устройство до Android 8 или выше, чтобы продолжить играть."
CommonUI.Messages.SystemMessage.AndroidDeprecationSystemRequirementsLinkLabel,Требования к системе мобильного устройства
CommonUI.Messages.SystemMessage.AndroidDeprecationTitlePhase1,Требуется действие: Обновление устройства
CommonUI.Messages.SystemMessage.AndroidDeprecationTitlePhase2,
CommonUI.Messages.SystemMessage.AndroidDeprecationTitlePhase3,
CommonUI.Messages.SystemMessage.DeprecationMobileSystemRequirementsLinkLabel,
CommonUI.Messages.SystemMessage.DeprecationTitle,
CommonUI.Messages.SystemMessage.IosDeprecationBodyPhase1,"В ближайшее время Roblox не будет поддерживаться на iOS 12. Обнови своё устройство до версии iOS 13 или выше, чтобы продолжить играть."
CommonUI.Messages.SystemMessage.IosDeprecationBodyPhase2Fallback,"Начиная с 9 июня, Roblox не будет поддерживаться на iOS 12. Обнови своё устройство до версии iOS 13 или выше, чтобы продолжить играть."
CommonUI.Messages.SystemMessage.IosDeprecationBodyPhase3,"Roblox больше не поддерживает iOS 12. Обнови своё устройство до версии iOS 13 или выше, чтобы продолжить играть."
CommonUI.UserAgreements.Popup.Agree,Я принимаю
CommonUI.UserAgreements.Popup.Agree2,
CommonUI.UserAgreements.Popup.Agreement.Optional,
CommonUI.UserAgreements.Popup.Agreement.OptionalPersonalInformationPolicy,Сбор и обработка необязательной личной информации
CommonUI.UserAgreements.Popup.Agreement.PersonalInformationPolicy,Сбор и обработка обязательной личной информации
CommonUI.UserAgreements.Popup.Agreement.PrivacyPolicy,
CommonUI.UserAgreements.Popup.Agreement.Required,Обязательно
CommonUI.UserAgreements.Popup.Agreement.StudioTermsForVNGSKU,"Условия Studio. Эти условия между вами и компанией Roblox будут применяться при создании или загрузке контента с помощью Roblox Studio, отдельного сервиса, предоставляемого компанией Roblox Corporation"
CommonUI.UserAgreements.Popup.Agreement.TermsOfService,
CommonUI.UserAgreements.Popup.Agreement.ThirdPartyPersonalInformationPolicy,Предоставлением личной информации третьей стороне
CommonUI.UserAgreements.Popup.Agreement.TransferPersonalInformationPolicy,Передачей личной информации за границу
CommonUI.UserAgreements.Popup.CheckboxMessage,"Я соглашаюсь с условиями, предоставленными ниже"
CommonUI.UserAgreements.Popup.ContactCustomerSupport,Связаться со Службой поддержки
CommonUI.UserAgreements.Popup.ConvertToVNCheckboxMessage,
CommonUI.UserAgreements.Popup.ConvertToVNMessage,"Нажимая на кнопку «Соглашаюсь», вы меняете страну на Вьетнам, переходите в приложение Roblox-VNG и не сможете вернуться обратно. Использование вами приложения Roblox-VNG регулируется следующими условиями, которые заменяют все предыдущие условия Roblox Corporation. Ознакомьтесь со следующими условиями и согласитесь с ними:"
CommonUI.UserAgreements.Popup.DefaultAgreementTitle,Обновлённое соглашение
CommonUI.UserAgreements.Popup.FailAndRetryMessage,"К сожалению, возникла проблема при попытке принять Условия использования. Повтори попытку."
CommonUI.UserAgreements.Popup.KISAMessage,"Пожалуйста, ознакомьтесь с нижеследующими условиями. Вы можете принять индивидуальные условия или не согласиться с ними. Вы по-прежнему можете использовать Roblox, если вы не согласны с дополнительными условиями."
CommonUI.UserAgreements.Popup.Message,"Чтобы продолжить использовать Roblox, необходимо выбрать «Я принимаю» обновлённые Условия предоставления услуг. Если тебе ещё не исполнилось 18 лет, покажи это сообщение твоему родителю или опекуну. Изменения были внесены в следующие документы:"
CommonUI.UserAgreements.Popup.PromotionalEmailsCheckbox,"Необязательно: подписаться на рассылку от Roblox, чтобы быть в курсе о последних релизах, промоакциях с ограниченным сроком и многом другом."
CommonUI.UserAgreements.Popup.SignupMessage,"Нажимая «Принимаю», ты принимаешь Условия использования и Политику конфиденциальности."
CommonUI.UserAgreements.Popup.Title,Обновлённые соглашения
CommonUI.UserAgreements.Popup.TitleOnWebview,
CommonUI.UserAgreements.Popup.TransferCurrency.Message,"Баланс подарочной карты в другой валюте. Для продолжения, свяжись со Службой поддержки для перевода валют."
CommonUI.UserAgreements.Popup.TransferCurrency.Title,Баланс подарочной карты
CommonUI.UserAgreements.Popup.VNSignupCheckboxMessage,
CommonUI.UserAgreements.Popup.VNSignupMessage,"Нажимая «Принимаю», ты принимаешь Условия использования, Условия использования Studio и Политику конфиденциальности:"
CoreScripts.Ads.Label.SponsoredAds,Спонсируемые
CoreScripts.Ads.Label.SponsoredAdsDisclosureStatic,"Спонсируемые плейсы оплачиваются авторами. Для пользователей ЕС они могут быть показаны на основе общей информации о типе устройства, местоположении и демографии. За пределами ЕС реклама может быть также показана на основе дополнительной информации."
CoreScripts.BulkPurchasePrompt.CompletedPrompt.SuccessHeading,Покупка выполнена
CoreScripts.Feedback.FeedbackBar.ExitFeedbackButton,
CoreScripts.InGameMenu.Cancel,
CoreScripts.InGameMenu.Controls.RobloxMenu,Меню Roblox
CoreScripts.InGameMenu.GameSettings.PartyVoiceVolume,Громкость голоса в команде
CoreScripts.InGameMenu.GameSettings.UINavToggle,Переключатель навигации по интерфейсу
CoreScripts.InGameMenu.GameSettings.Volume,Громкость
CoreScripts.InGameMenu.Leave,Выйти
CoreScripts.InGameMenu.PageTitle.InviteFriends,Пригласить друзей
CoreScripts.PremiumModal.Title.Error,Ошибка
CoreScripts.PublishAssetPrompt.ResultModalOk,
CoreScripts.PublishAvatarPrompt.PurchaseCompleteDescription,Ты сможешь найти предмет в инвентаре.
CoreScripts.PurchasePrompt.Button.OK,
CoreScripts.PurchasePrompt.Button.Settings,
CoreScripts.PurchasePrompt.CancelPurchase.Cancel,
CoreScripts.PurchasePrompt.ItemType.Bundle,Комплект
CoreScripts.PurchasePrompt.ProductType.Product,Продукт
CoreScripts.PurchasePrompt.PurchaseDetails.ScaryModalOne,"Эта покупка предполагает оплату реальными деньгами.

Я подтверждаю, что мне исполнилось 18 лет и я являюсь родителем или опекуном владельца аккаунта. Я подтверждаю эту покупку и принимаю Условия использования."
CoreScripts.PurchasePrompt.PurchaseDetails.ScaryModalParental,В этом месяце вы потратили в Roblox много денег. Квитанции этой и всех последующих покупок будут отправлены на подтверждённый адрес эл. почты родителя или опекуна. 
CoreScripts.PurchasePrompt.PurchaseDetails.ScaryModalTwo,"В этом месяце вы потратили в Roblox много денег. Продолжить? Эта покупка предполагает оплату реальными деньгами. Чтобы подтвердить эту покупку, вы должны быть родителем или опекуном владельца аккаунта."
CoreScripts.PurchasePrompt.PurchaseFailed.AlreadyOwn,У тебя уже есть этот предмет. Средства с твоего аккаунта не были списаны.
CoreScripts.PurchasePrompt.PurchaseFailed.CannotGetBalance,Не удалось получить доступ к балансу. Средства с твоего аккаунта не были списаны. Повтори попытку позже.
CoreScripts.PurchasePrompt.PurchaseFailed.CannotGetItemPrice,Не удалось получить данные о цене предмета. Средства с твоего аккаунта не были списаны. Повтори попытку позже.
CoreScripts.PurchasePrompt.PurchaseFailed.Enable2SV,
CoreScripts.PurchasePrompt.PurchaseFailed.Enable2SVLogout,
CoreScripts.PurchasePrompt.PurchaseFailed.InvalidFunds,"Покупка не удалась, потому что в твоём аккаунте недостаточно Robux. Средства с твоего аккаунта не были списаны."
CoreScripts.PurchasePrompt.PurchaseFailed.Limited,Этого предмета ограниченной серии больше нет в продаже. Попробуй купить его у другого пользователя на сайте www.roblox.com. Средства с твоего аккаунта не были списаны.
CoreScripts.PurchasePrompt.PurchaseFailed.NotEnoughRobux,"Цена товара превышает количество Robux, которое ты можешь купить. Перейди на страницу www.roblox.com, чтобы приобрести больше Robux."
CoreScripts.PurchasePrompt.PurchaseFailed.NotEnoughRobuxNoUpsell,Цена предмета превышает баланс Robux. 
CoreScripts.PurchasePrompt.PurchaseFailed.NotEnoughRobuxXbox,"Цена товара превышает имеющееся у тебя количество Robux. Необходимо покинуть этот плейс и перейти на экран покупки Robux, чтобы пополнить баланс."
CoreScripts.PurchasePrompt.PurchaseFailed.NotForSale,Этот предмет в настоящее время не продаётся. Средства с твоего аккаунта не были списаны.
CoreScripts.PurchasePrompt.PurchaseFailed.NotForSaleHere,Данный предмет нельзя продать в этом плейсе. Средства с твоего аккаунта не были списаны.
CoreScripts.PurchasePrompt.PurchaseFailed.PremiumOnly,Для покупки этого предмета нужна подписка Roblox Premium.
CoreScripts.PurchasePrompt.PurchaseFailed.PurchaseDisabled,"Покупка не удалась, потому что встроенные покупки временно недоступны. Средства с твоего аккаунта не были списаны. Повтори попытку позже."
CoreScripts.PurchasePrompt.PurchaseFailed.ThirdPartyDisabled,Продажа сторонних товаров в этой локации запрещена. Средства с твоего аккаунта не были списаны.
CoreScripts.PurchasePrompt.PurchaseFailed.Under13,Владелец аккаунта младше 13 лет. Ты не можешь купить этот предмет. Средства с твоего аккаунта не были списаны.
CoreScripts.PurchasePrompt.PurchaseFailed.UnknownFailure,"Покупка не удалась: {ITEM_NAME}. Похоже, что-то пошло не так. Средства с твоего аккаунта не были списаны. Повтори попытку позже."
CoreScripts.PurchasePrompt.PurchaseFailed.UnknownFailureNoItemName,"Покупка не удалась, так как что-то пошло не так. Средства с твоего аккаунта не были списаны. Повтори попытку позже."
CoreScripts.PurchasePrompt.PurchaseMessage.Succeeded,Предмет {ITEM_NAME} приобретён!
CoreScripts.PurchasePrompt.Title.BuyItem,Купить предмет
CoreScripts.PurchasePrompt.Title.VerificationRequired,
CoreScripts.TextChat.ChatTranslation.ChatWindow.SystemMessageNew,Roblox автоматически переводит поддерживаемые языки в чате
CoreScripts.TextChat.ChatTranslation.FTUX.TitleNew,Перевод чата включён для поддерживаемых языков
CoreScripts.TextChat.Clear.Help.Description,/clear или /cls: очистить сообщения в окне чата 
CoreScripts.TextChat.Emote.Error.DoesNotExist,Эмоция не существует.
CoreScripts.TextChat.Emote.Error.NotEnabled,Невозможно использовать эту эмоцию здесь.
CoreScripts.TextChat.Emote.Error.NotEquipped,Эта эмоция не установлена.
CoreScripts.TextChat.Emote.Error.NotOwnedGeneric,Эта эмоция отсутствует.
CoreScripts.TextChat.Help.FirstLine,Это основные команды чата:
CoreScripts.TextChat.InputBar.Hint.Gamepad,Для общения используй кнопку «{CHAT_BUTTON}» в меню.
CoreScripts.TextChat.InputBar.Hint.GamepadConnected,"Нажми «{CONFIRM_KEY}», чтобы печатать"
CoreScripts.TextChat.InputBar.Hint.GamepadConnectedConfirm,
CoreScripts.TextChat.InputBar.Hint.MouseKeyboard,"Чтобы отправить сообщение в чате, нажми здесь или на клавишу {KEY}"
CoreScripts.TextChat.InputBar.Hint.PrivacySettingsDisabled,В настройках чата заблокирована возможность отправлять и получать сообщения.
CoreScripts.TextChat.InputBar.Hint.Touch,"Нажми, чтобы написать"
CoreScripts.TextChat.MessageStatus.Warning.Floodchecked,"Необходимо подождать, прежде чем отправлять новое сообщение."
CoreScripts.TextChat.MessageStatus.Warning.InvalidPrivacySettings,
CoreScripts.TextChat.MessageStatus.Warning.MessageTooLong,Превышено максимально допустимое количество символов в сообщении.
CoreScripts.TextChat.MessageStatus.Warning.ModerationTimeout,Ты не можешь отправлять сообщения в чат. Никто не будет видеть твои сообщения.
CoreScripts.TextChat.MessageStatus.Warning.TextFilterFailed,Могут возникать задержки в отображении сообщений из-за проблем с фильтром чата.
CoreScripts.TextChat.MessageStatus.Warning.Unknown,Не удалось отправить сообщение.
CoreScripts.TextChat.Mute.Error.CannotMuteSelf,Невозможно отключить звук.
CoreScripts.TextChat.Mute.Error.MultipleMatches,Следующие пользователи имеют это отображаемое имя: {RBX_LIST_NAMES}
CoreScripts.TextChat.Mute.Error.TargetDoesNotExist,Пользователь {RBX_NAME} не существует.
CoreScripts.TextChat.Mute.Success,Звук пользователя {RBX_NAME} отключён.
CoreScripts.TextChat.Notification.WhisperChat.Created,Ты в канале для личного общения с пользователем {RBX_NAME}.
CoreScripts.TextChat.TeamChat.Error.NotOnTeam,"Ты не можешь общаться в командном чате, если не состоишь в команде."
CoreScripts.TextChat.TeamChat.PrefixText,[Команда]
CoreScripts.TextChat.Unmute.Success,Звук пользователя {RBX_NAME} включён.
CoreScripts.TextChat.Version.Success,{RBX_VERSION}
CoreScripts.TextChat.Whisper.Error.CannotChat,Ты не можешь общаться с этим пользователем.
CoreScripts.TextChat.WhisperChat.PrefixText.Incoming,[От: {RBX_NAME}]
CoreScripts.TextChat.WhisperChat.PrefixText.Outgoing,[Для: {RBX_NAME}]
CoreScripts.TopBar.Back,
CoreScripts.TopBar.Chat,
CoreScripts.TopBar.Music,Музыка
CoreScripts.TopBar.MusicLoading,Аудио не воспроизводится
CoreScripts.TopBar.MusicNotVerified,Воспроизведимое аудио не проверено
Feature.Accessibility.Action.ScrollDown,Прокрутить вниз
Feature.Accessibility.Action.ScrollUp,Прокрутить вверх
Feature.Accessibility.Description.DeviceLevelTheme,Выбери тему для этого устройства. (Примечание: это не изменит тему Roblox на других устройствах).
Feature.Accessibility.Description.Haptics,Контролируй общую вибрацию приложения Roblox
Feature.Accessibility.Description.Main,"Эти настройки применимы только на этом устройстве. Ты также можешь изменять графику, движение и доступность в меню настроек в игре."
Feature.Accessibility.Description.PreferredTextSize,Отрегулируй размер текста в Roblox в соответствии с предпочтениями
Feature.Accessibility.Description.PreferredTransparency,"Улучшить контраст, изменив прозрачность на некоторых фонах"
Feature.Accessibility.Description.ReducedMotion,Остановить или уменьшить эффекты движения
Feature.Accessibility.Description.UiNavigationKeyBind,Используй клавишу {uiNavigationKey} для входа и выхода из режима навигации
Feature.Accessibility.DeviceLevelTheme.Dark,Тёмная
Feature.Accessibility.DeviceLevelTheme.Light,Светлая
Feature.Accessibility.DeviceLevelTheme.System,Система
Feature.Accessibility.Header.Haptics,Вибрация
Feature.Accessibility.Heading.DeviceLevelTheme,Тема устройства
Feature.Accessibility.Heading.DevicePreferences,Настройки устройства
Feature.Accessibility.Heading.DevicePreferencesV2,
Feature.Accessibility.Heading.PreferredTextSize,Размер текста
Feature.Accessibility.Heading.PreferredTransparency,Прозрачность фона
Feature.Accessibility.Heading.ReducedMotion,Уменьшить движение
Feature.Accessibility.Heading.UiNavigationKeyBind,
Feature.Accessibility.PreferredTextSize.Default,По умолчанию
Feature.Accessibility.PreferredTextSize.Largest,Самый большой
Feature.Accessibility.PreferredTransparency.Opaque,Непрозрачный
Feature.Accessibility.PreferredTransparency.Transparent,Прозрачный
Feature.AccountLock.Action.Continue,
Feature.AccountLock.Action.Signout,
Feature.AccountLock.Content.ErrorDialog,"Мы не смогли разблокировать твой аккаунт. Нажми {continue} , чтобы повторить попытку."
Feature.AccountLock.Content.LockedDialog,"Мы обнаружили подозрительную активность в этом аккаунте. Ты можешь разблокировать свой аккаунт, подтвердив, что ты человек."
Feature.AccountLock.Title.AccountLocked,Аккаунт заблокирован
Feature.AccountLock.Title.TryAgain,Попробуй разблокировать ещё раз
Feature.AccountReactivation.Content.AccountDeactivatedMessage,Твой аккаунт в настоящее время деактивирован.
Feature.AccountReactivation.Heading.AccountDeactivated,Аккаунт деактивирован
Feature.AccountReactivation.Label.DefaultError,Произошла ошибка. Повтори попытку позже.
Feature.AccountReactivation.Label.Reactivate,Восстановить
Feature.AccountSecurityPrompt.Action.AbortDismissForeverAddEmail,
Feature.AccountSecurityPrompt.Action.AuthenticatorUpsellNextButtonMessage,
Feature.AccountSecurityPrompt.Action.ContinueChangePassword,
Feature.AccountSecurityPrompt.Action.DismissForever,Не показывать в течение 30 дней
Feature.AccountSecurityPrompt.Action.DismissTemporary,Пока отклонить
Feature.AccountSecurityPrompt.Action.SecureAccount,Защитить аккаунт
Feature.AccountSecurityPrompt.Action.SetUpAuthenticatorAccountRestoresPolicyUpsell,Настроить аутентификатор
Feature.AccountSecurityPrompt.Action.SetUpEmail2SV,Настроить
Feature.AccountSecurityPrompt.Action.SubmitChangePassword,
Feature.AccountSecurityPrompt.Action.UnlockAccountPin,Разблокировать аккаунт
Feature.AccountSecurityPrompt.Description.AccountRestoresPolicyUpdateV3Short,"Если твой аккаунт взломан, вероятность того, что Roblox сможет его восстановить, крайне мала."
Feature.AccountSecurityPrompt.Description.AccountRestoresPolicyUpsellMessageBody,"Включи двухшаговую проверку через приложение-аутентификатор включена для защиты своего аккаунта. Для этого перейди в {linkStartSettings}настройки аккаунта{linkEndSettings}.Если твой аккаунт взломан, вероятность того, что Roblox сможет его восстановить или возместить потерянные предметы и виртуальную валюту, крайне мала."
Feature.AccountSecurityPrompt.Description.AccountRestoresPolicyWithDate,"Начиная с {date}, вы должны включить двухэтапную проверку через аутентификатор, чтобы иметь право на восстановление аккаунта, если ваша учетная запись взломана."
Feature.AccountSecurityPrompt.Description.AreYouSureDismissForeverChangePassword,"Возможно, кто-то использует твой аккаунт без разрешения. Чтобы защитить аккаунт, смени пароль."
Feature.AccountSecurityPrompt.Description.AuthenticatorSetupPromptClickHere,"Ваша безопасность важна для нас: {styleTagStart}Нажмите здесь{styleTagEnd}, чтобы настроить аутентификацию."
Feature.AccountSecurityPrompt.Description.AuthenticatorSetupPromptNewShort,"Мы рекомендуем включить двухшаговую проверку через приложение-аутентификатор, чтобы обезопасить свой аккаунт. Это поможет защитить его даже в случае кражи пароля или электронной почты. Если твой аккаунт скомпрометирован, Служба поддержки оценит введённые меры безопасности, поскольку мы стараемся помочь восстановить украденное. Подробнее на {linkStart}странице Справки{linkEnd}."
Feature.AccountSecurityPrompt.Description.ChangeYourPassword,"Чтобы защитить аккаунт, смени пароль."
Feature.AccountSecurityPrompt.Description.ChangeYourPasswordClickHereStyled,"Чтобы сохранить свою учетную запись, нажмите {styleTagStart}для смены пароля, чтобы перейти к{styleTagEnd}."
Feature.AccountSecurityPrompt.Description.ChangeYourPasswordSuccess,Пароль успешно изменён.
Feature.AccountSecurityPrompt.Description.Email2SVUpsellMessageBody,"Защити свой аккаунт и ценности, используя коды безопасности, отправленные на твой адрес электронной почты. Включи подтверждение по эл. почте уже сегодня!"
Feature.AccountSecurityPrompt.Description.EnterYourAccountPin,"Введи ПИН-код от аккаунта, чтобы сменить пароль."
Feature.AccountSecurityPrompt.Description.NoChangeForceReset,"Если ты не изменишь пароль, он будет сброшен автоматически через {boldStart}{days} дн.{boldEnd}."
Feature.AccountSecurityPrompt.Description.NoChangeForceResetSingular,"Если ты не изменишь пароль, он будет сброшен автоматически через {boldStart}1 день{boldEnd}."
Feature.AccountSecurityPrompt.Description.UnusualActivity,Мы обнаружили подозрительную активность в твоём аккаунте.
Feature.AccountSecurityPrompt.Header.AccountPinExpired,Срок действия ПИН-кода истёк
Feature.AccountSecurityPrompt.Header.AccountPinRequired,Введи ПИН-код
Feature.AccountSecurityPrompt.Header.AccountRestoresPolicyUpdate,Обновление политики реставрации аккаунта
Feature.AccountSecurityPrompt.Header.AccountRestoresPolicyUpdateV3,"Убедись, что двухшаговая проверка через приложение-аутентификатор включена"
Feature.AccountSecurityPrompt.Header.AccountRestoresPolicyUpsell,Защити свой аккаунт!
Feature.AccountSecurityPrompt.Header.AreYouSure,Продолжить?
Feature.AccountSecurityPrompt.Header.AuthenticatorUpsellDownloadAuthenticator,Загрузить приложение-аутентификатор
Feature.AccountSecurityPrompt.Header.AuthenticatorUpsellWelcomeMessage,
Feature.AccountSecurityPrompt.Header.ChangeYourPassword,Измени пароль
Feature.AccountSecurityPrompt.Header.CreateAStrongPassword,Создать сильный пароль
Feature.AccountSecurityPrompt.Header.Email2SVUpsell,Повысь безопасность аккаунта!
Feature.AccountSecurityPrompt.Header.KeepYourAccountSafeShort,Обезопась свой аккаунт с помощью аутентификатора
Feature.AccountSecurityPrompt.Header.Success,Готово!
Feature.AccountSecurityPrompt.Header.UnusualActivityDetected,Обнаружена подозрительная активность!
Feature.AccountSecurityPrompt.Header.YourPasswordMightBeStolen,"Возможно, твой пароль украден!"
Feature.AccountSecurityPrompt.Label.AccountPin,ПИН-код аккаунта
Feature.AccountSecurityPrompt.Label.AuthenticatorUpsellBadActorHeadline,Держись подальше от плохих игроков
Feature.AccountSecurityPrompt.Label.AuthenticatorUpsellBadActorMessage,"Даже если мошенники украли твой пароль или эл. почту, они не смогут войти в твой аккаунт."
Feature.AccountSecurityPrompt.Label.AuthenticatorUpsellDownloadInstruction,Загрузи приложение-аутентификтаор на своё устройство. Мы рекомендуем следующие приложения.
Feature.AccountSecurityPrompt.Label.AuthenticatorUpsellGoogleOption,Аутентификатор Google
Feature.AccountSecurityPrompt.Label.AuthenticatorUpsellMicrosoftOption,Аутентификатор Microsoft
Feature.AccountSecurityPrompt.Label.AuthenticatorUpsellProtectRobuxHeadline,"Защити свои плейсы, Robux и многое другое"
Feature.AccountSecurityPrompt.Label.AuthenticatorUpsellProtectRobuxMessage,"Добавь дополнительный уровень защиты, чтобы никогда не потерять доступ к своим плейсам, предметам ограниченной серии и другому."
Feature.AccountSecurityPrompt.Label.AuthenticatorUpsellSetupAuthenticatorButtonMessage,Аутентификатор
Feature.AccountSecurityPrompt.Label.AuthenticatorUpsellTwilioOption,Twilio's Authy
Feature.AccountSecurityPrompt.Label.AuthenticatorUpsellTwoFactorHeadline,2 шага защищают лучше!
Feature.AccountSecurityPrompt.Label.AuthenticatorUpsellTwoFactorMessage,"Введи пароль и уникальные коды с другого устройства, чтобы войти и совершить покупки."
Feature.AccountSecurityPrompt.Label.ConfirmNewPassword,Подтверди новый пароль
Feature.AccountSecurityPrompt.Label.CurrentPassword,Текущий пароль
Feature.AccountSecurityPrompt.Label.IForgotMyPassword,
Feature.AccountSecurityPrompt.Label.NewPassword,
Feature.AccountSecurityPrompt.Label.TimeRemaining,Оставшееся время
Feature.AccountSecurityPrompt.Label.UseAUniquePassword,Используй уникальный пароль
Feature.AccountSecurityPrompt.Message.Error.Input.PasswordsDoNotMatch,Новый пароль не совпадает с подтверждением.
Feature.AccountSecurityPrompt.Message.Error.Password.Default,Произошла неизвестная ошибка.
Feature.AccountSecurityPrompt.Message.Error.Password.Flooded,
Feature.AccountSecurityPrompt.Message.Error.Password.InvalidCurrentPassword,
Feature.AccountSecurityPrompt.Message.Error.Password.InvalidPassword,Новый пароль не отвечает требованиям безопасности.
Feature.AccountSecurityPrompt.Message.Error.Password.PinLocked,Аккаунт защищён ПИН-кодом.
Feature.AccountSecurityPrompt.Message.Error.PasswordValidation.DumbStrings,
Feature.AccountSecurityPrompt.Message.Error.PasswordValidation.ForbiddenPassword,Недопустимый пароль. Придумай другой.
Feature.AccountSecurityPrompt.Message.Error.PasswordValidation.PasswordSameAsUsername,Пароль не должен совпадать с именем пользователя.
Feature.AccountSecurityPrompt.Message.Error.PasswordValidation.ShortPassword,Пароль должен содержать не менее 8 символов.
Feature.AccountSecurityPrompt.Message.Error.PasswordValidation.WeakPassword,"Пароль должен содержать не менее 8 символов и включать не менее 2 цифр, 4 букв и 1 знака."
Feature.AccountSecurityPrompt.Message.Error.Pin.AccountLocked,Аккаунт заблокирован.
Feature.AccountSecurityPrompt.Message.Error.Pin.Default,
Feature.AccountSecurityPrompt.Message.Error.Pin.Flooded,
Feature.AccountSecurityPrompt.Message.Error.Pin.IncorrectPin,Неверный ПИН-код.
Feature.AccountSecurityPrompt.Message.Error.Pin.NoAccountPin,В аккаунте не задан ПИН-код.
Feature.AccountSecurityPrompt.Message.Error.PromptAssignments.Default,
Feature.AccountSettings.Action.Verify,
Feature.AccountSettings.Example.Facebook,Например: www.facebook.com/Roblox
Feature.AccountSettings.Example.Guilded,Например: guilded.gg/roblox
Feature.AccountSettings.Example.Twitch,Например: www.twitch.tv/roblox/profile
Feature.AccountSettings.Example.Twitter,Например: @Roblox
Feature.AccountSettings.Example.YouTube,Например: www.youtube.com/user/roblox
Feature.AccountSettings.Heading.Communication,Связь
Feature.AccountSettings.Heading.SocialNetworks,Социальные сети
Feature.AccountSettings.Heading.Tab.AccountInfo,Аккаунт
Feature.AccountSettings.Heading.Tab.AccountInfoV2,Информация об аккаунте
Feature.AccountSettings.Heading.Tab.AppPermissions,Разрешения приложения
Feature.AccountSettings.Heading.Tab.Billing,Способы оплаты
Feature.AccountSettings.Heading.Tab.BillingV2,
Feature.AccountSettings.Heading.Tab.Notifications,Уведомления
Feature.AccountSettings.Heading.Tab.ParentalControls,Родительский контроль
Feature.AccountSettings.Heading.Tab.ParentalControlsV2,
Feature.AccountSettings.Heading.Tab.Privacy,
Feature.AccountSettings.Heading.Tab.PrivacyContentRestrictions,Конфиденциальность и ограничение контента
Feature.AccountSettings.Heading.Tab.Security,Безопасность
Feature.AccountSettings.Heading.Tab.Spending,Расходы
Feature.AccountSettings.Heading.Tab.Subscriptions,
Feature.AccountSettings.Label.Discord,Discord
Feature.AccountSettings.Label.DropDown.Everyone,Все
Feature.AccountSettings.Label.DropDown.FollowersV3,"Друзья, подписки, подписчики"
Feature.AccountSettings.Label.DropDown.FollowingV2,Друзья и подписки
Feature.AccountSettings.Label.DropDown.Friends,
Feature.AccountSettings.Label.DropDown.NoOne,Никто
Feature.AccountSettings.Label.Facebook,Facebook
Feature.AccountSettings.Label.Guilded,Guilded
Feature.AccountSettings.Label.SocialLinksVisibility,Кто может видеть
Feature.AccountSettings.Label.TencentReputation,Валюта Tencent Game
Feature.AccountSettings.Label.Twitch,Twitch
Feature.AccountSettings.Label.X,X
Feature.AccountSettings.Label.YouTube,YouTube
Feature.AccountSettings.Message.Error.InvalidFacebookUrl,Неверная ссылка на профиль Facebook.
Feature.AccountSettings.Message.Error.InvalidGuildedUrl,Неверная ссылка на профиль Guilded.
Feature.AccountSettings.Message.Error.InvalidTwitchUrl,Неверная ссылка на страницу Twitch.
Feature.AccountSettings.Message.Error.InvalidXUrl,Неверный дескриптор X.
Feature.AccountSettings.Message.Error.InvalidYouTubeUrl,Неверная ссылка на страницу YouTube.
Feature.AddFriends.Action.FriendAdded,Друг добавлен
Feature.AddFriends.Action.IgnoreAll,Игнорировать все
Feature.AddFriends.Action.IgnoreConnectionRequest,Игнорировать запрос дружбы
Feature.AddFriends.Action.IgnoreFriendRequest,
Feature.AddFriends.Action.RequestIgnored,Запрос заблокирован
Feature.AddFriends.Description.CameraPermissionWarning,"Доступ к камере отключён. Чтобы использовать функцию сканирования QR-кода, разреши доступ к камере, перейдя в «‎Настройки»‎ > «‎Приложения»‎ > «‎Roblox»‎"
Feature.AddFriends.Label.AddFriendsTooltip,"Начни с поиска друзей, чтобы исследовать Roblox вместе."
Feature.AddFriends.Label.AgedUpSearchForFriendsPrompt,"Находи пользователей Roblox, используя поиск по имени пользователя или отображаемому имени."
Feature.AddFriends.Label.ConnectWithContacts,"Приглашай своих друзей или общайся с друзьями, которые уже в Roblox!"
Feature.AddFriends.Label.ConnectionRequests,Запрос дружбы
Feature.AddFriends.Label.DeclineAllBackgrounded,Отклоняем все запросы в друзья. Это может занять некоторое время.
Feature.AddFriends.Label.EmptyState,"С кем ты будешь исследовать Roblox? Добавь контакты, чтобы делать это вместе!"
Feature.AddFriends.Label.EmptyStatePrompt,С кем ты будешь исследовать Roblox? Общайся со своими друзьями и находи новых!
Feature.AddFriends.Label.FriendRequests,Запросы дружбы
Feature.AddFriends.Label.InputPlaceholder.SearchForPeople,Поиск людей
Feature.AddFriends.Label.MyQrCode,Мой QR-код
Feature.AddFriends.Label.SearchForFriendsPrompt,"Найди людей в Roblox, используя поиск по имени пользователя или отображаемому имени."
Feature.AddFriends.Label.ShareQRCodeAddConnection,"Поделиться QR-кодом, чтобы добавить знакомых"
Feature.AddFriends.Label.SyncContactsInvitePeople,Найти и добавить знакомых людей из телефонной книги
Feature.AddFriends.Label.SyncWithContacts,"Синхронизируй контакты, чтобы найти и пригласить друзей!"
Feature.AddFriends.Title.AddConnectionsToolTip,В Roblox намного веселее с друзьями!
Feature.AddFriends.Title.AddFriendsTooltipTitle,
Feature.AddFriends.Title.CameraPermission,Разрешение на доступ к камере
Feature.AddFriends.Title.ConnectWithContacts,Добавить из контактов
Feature.AddFriends.Title.ShareQRCode,Добавить с помощью QR-кода
Feature.AgeGuidelines.DisplayName.StrongLanguage,Сквернословие
Feature.AgeVerificationUpsell.Button.Cancel,
Feature.AgeVerificationUpsell.Button.Settings,Подтвердить мой возраст
Feature.AgeVerificationUpsell.Modal.ContentText,"Подтверди свой возраст, чтобы получить доступ.

1. Перейди к Информации об аккаунте > Подтвердить возраст
2. Заверши процесс проверки
"
Feature.AgeVerificationUpsell.Modal.Title,
Feature.AppealsPortal.Action.OK,
Feature.AppealsPortal.Heading.AppealSubmitted,Мы получили твоё обращение
Feature.AppealsPortal.Label.AssetId,ID ресурса
Feature.AppealsPortal.Label.AssetName,Название ресурса
Feature.AppealsPortal.Label.AudioStartTime,Время начала аудио
Feature.AppealsPortal.Label.BundleId,ID набора
Feature.AppealsPortal.Label.BundleName,Название пакета
Feature.AppealsPortal.Label.ID,ID
Feature.AppealsPortal.Label.IDArg,ID: {id}
Feature.AppealsPortal.Label.Location,
Feature.AppealsPortal.Label.LookId,Shared ID аватара
Feature.AppealsPortal.Label.LookName,Shared имя аватара
Feature.AppealsPortal.Label.PlaceId,ID локации
Feature.AppealsPortal.Label.Reason,Причина
Feature.AppealsPortal.Label.ReportAndAppeals,Нарушения и апелляции
Feature.AppealsPortal.Label.Type.Asset,Актив
Feature.AppealsPortal.Label.Type.Audio,Аудио
Feature.AppealsPortal.Label.Type.Avatar,
Feature.AppealsPortal.Label.Type.AvatarAccessory,Аксессуар для аватара
Feature.AppealsPortal.Label.Type.Bundle,Набор
Feature.AppealsPortal.Label.Type.Chat,
Feature.AppealsPortal.Label.Type.CommerceProduct,Коммерческий продукт
Feature.AppealsPortal.Label.Type.Experience,Плейс
Feature.AppealsPortal.Label.Type.Image,Изображение
Feature.AppealsPortal.Label.Type.Look,Общий аватар
Feature.AppealsPortal.Label.Type.Mesh,Меш
Feature.AppealsPortal.Label.Type.Model,Модель
Feature.AppealsPortal.Label.Type.Plugin,Расширение
Feature.AppealsPortal.Label.Type.Voice,Голосовой чат
Feature.AppealsPortal.Label.TypeLower.Asset,актив
Feature.AppealsPortal.Label.TypeLower.Audio,аудио
Feature.AppealsPortal.Label.TypeLower.Avatar,аватар
Feature.AppealsPortal.Label.TypeLower.AvatarAccessory,аксессуар для аватара
Feature.AppealsPortal.Label.TypeLower.Bundle,набор
Feature.AppealsPortal.Label.TypeLower.Chat,чат
Feature.AppealsPortal.Label.TypeLower.CommerceProduct,коммерческий продукт
Feature.AppealsPortal.Label.TypeLower.Experience,плейс
Feature.AppealsPortal.Label.TypeLower.Image,изображение
Feature.AppealsPortal.Label.TypeLower.Look,общий аватар
Feature.AppealsPortal.Label.TypeLower.Mesh,меш
Feature.AppealsPortal.Label.TypeLower.Model,модель
Feature.AppealsPortal.Label.TypeLower.PlaceId,
Feature.AppealsPortal.Label.TypeLower.Plugin,расширение
Feature.AppealsPortal.Label.TypeLower.Voice,голосовой чат
Feature.AppealsPortal.Label.TypePlural.Asset,ресурсы
Feature.AppealsPortal.Label.TypePlural.Audio,
Feature.AppealsPortal.Label.TypePlural.Avatar,аватары
Feature.AppealsPortal.Label.TypePlural.AvatarAccessory,аксессуары для аватара
Feature.AppealsPortal.Label.TypePlural.Bundle,наборы
Feature.AppealsPortal.Label.TypePlural.Chat,текстовый чат
Feature.AppealsPortal.Label.TypePlural.CommerceProduct,коммерческие продукты
Feature.AppealsPortal.Label.TypePlural.Experience,плейсы
Feature.AppealsPortal.Label.TypePlural.Image,изображения
Feature.AppealsPortal.Label.TypePlural.Look,общие аватары
Feature.AppealsPortal.Label.TypePlural.Mesh,сетки
Feature.AppealsPortal.Label.TypePlural.Model,модели
Feature.AppealsPortal.Label.TypePlural.Plugin,расширения
Feature.AppealsPortal.Label.TypePlural.Voice,голосовые чаты
Feature.AppealsPortal.Label.UploadTime,Время загрузки
Feature.Avatar.Action.Cancel,
Feature.Avatar.Action.CancelSelection,Отменить выбор
Feature.Avatar.Action.Clear,Очистить
Feature.Avatar.Action.ComposerPost,Опубликовать
Feature.Avatar.Action.ComposerPreviewAndPost,Предпросмотр и публикация
Feature.Avatar.Action.Default,
Feature.Avatar.Action.DefaultView,Вид по умолчанию
Feature.Avatar.Action.Delete,
Feature.Avatar.Action.Discard,Сбросить
Feature.Avatar.Action.EditProfilePicture,Редактировать фото профиля
Feature.Avatar.Action.GoBack,
Feature.Avatar.Action.GotIt,
Feature.Avatar.Action.Keep,Оставить
Feature.Avatar.Action.Leave,Покинуть
Feature.Avatar.Action.ManageCharacters,Управление персонажами
Feature.Avatar.Action.Marketplace,Маркетплейс
Feature.Avatar.Action.MyPublishedAvatars,Мои опубликованные аватары
Feature.Avatar.Action.MySharedAvatars,
Feature.Avatar.Action.Next,
Feature.Avatar.Action.NotNow,
Feature.Avatar.Action.Pan,Панорама
Feature.Avatar.Action.Posting,Публикация
Feature.Avatar.Action.Rename,Переименовать
Feature.Avatar.Action.Reset,
Feature.Avatar.Action.Revert,Вернуть
Feature.Avatar.Action.Rotate,Перевернуть
Feature.Avatar.Action.Save,Сохранить
Feature.Avatar.Action.SaveAsNew,Сохранить как новый
Feature.Avatar.Action.Select,Выбрать
Feature.Avatar.Action.SelectMultipleItems,Выбрать несколько предметов
Feature.Avatar.Action.SelectSlot,Выбрать ячейку
Feature.Avatar.Action.Share,Поделиться
Feature.Avatar.Action.ShareAvatar,Опубликовать аватар
Feature.Avatar.Action.ShareCurrentAvatar,Опубликовать текущего аватара
Feature.Avatar.Action.Shop,Магазин
Feature.Avatar.Action.ShopForMore,Продолжить покупки
Feature.Avatar.Action.ShowMore,Показать больше
Feature.Avatar.Action.SlotEmote,Использовать эмоцию
Feature.Avatar.Action.Stay,Остаться
Feature.Avatar.Action.Switch,Переключить
Feature.Avatar.Action.TryOn,Примерить
Feature.Avatar.Action.Unequip,Снять
Feature.Avatar.Action.Unselect,Снять выбор
Feature.Avatar.Action.UnslotEmote,Убрать эмоцию
Feature.Avatar.Action.Update,
Feature.Avatar.Action.UpdateExistingCharacter,Обновить существующий персонаж
Feature.Avatar.Action.Zoom,Приблизить
Feature.Avatar.ColorAdjustmentPage.AdjustmentNotAvailableForBody,Корректировка недоступна для этого типа тела.
Feature.Avatar.ColorAdjustmentPage.Label.SelectDefaultColors,По умолчанию для оригинальных цветов тела
Feature.Avatar.ColorAdjustmentPage.Title,Цвет кожи
Feature.Avatar.ComposerPosting,
Feature.Avatar.EmoteAlreadyAssigned,Этой эмоции уже назначена ячейка
Feature.Avatar.Feature.DisplayName.ErrorMessage.SomethingWentWrong,
Feature.Avatar.Generic.Error,
Feature.Avatar.Header.Post,
Feature.Avatar.Heading.AccessoryAdjustmentTitle,Регулировка аксессуаров
Feature.Avatar.Heading.All,
Feature.Avatar.Heading.Animations,Анимация
Feature.Avatar.Heading.AvatarLooksWidget,Аватары
Feature.Avatar.Heading.BodyParts,Части тела
Feature.Avatar.Heading.Clothing,Одежда
Feature.Avatar.Heading.DeleteAssets,Удалить ресурсы
Feature.Avatar.Heading.DeleteCharacter,Удалить этого персонажа?
Feature.Avatar.Heading.DuplicateCharacter,Сделать копию персонажа
Feature.Avatar.Heading.Emotes,Эмоции
Feature.Avatar.Heading.LooksCharacterSaved,Персонаж сохранён!
Feature.Avatar.Heading.LooksPurchaseFailed,Покупка не удалась
Feature.Avatar.Heading.LooksPurchasePartialSuccess,Выполнено частично
Feature.Avatar.Heading.Manage,Управление
Feature.Avatar.Heading.MySharedAvatarsTitle,
Feature.Avatar.Heading.Outfits,Наряды
Feature.Avatar.Heading.RenameCharacter,Переименовать персонажа
Feature.Avatar.Heading.SaveCostume,Сохранить персонажа
Feature.Avatar.Heading.SelectToUpdate,"Выбрать, чтобы обновить"
Feature.Avatar.Heading.SharePublicAvatar,Поделись аватаром
Feature.Avatar.Heading.SortBy,Сортировать по
Feature.Avatar.Heading.UsedName,Используемое название
Feature.Avatar.Heading.WearConfirmation,Надеть предмет
Feature.Avatar.Label.AbyssBlue,Синяя бездна
Feature.Avatar.Label.Accessory,Аксессуар
Feature.Avatar.Label.AccessoryAdjustment.Entry.Tooltip,Отрегулируй аксессуары!
Feature.Avatar.Label.AccessoryAdjustment.Items.Tooltip,Выберите предмет для настройки
Feature.Avatar.Label.AccessoryCannotBeAdjustedWarning,Корректировка недоступна для этого предмета..
Feature.Avatar.Label.Add,
Feature.Avatar.Label.AllHeads,Все головы
Feature.Avatar.Label.AnimationFullSet,Полный набор
Feature.Avatar.Label.AvatarAdjustment,Настройка аватара
Feature.Avatar.Label.AvatarBackground,Фон аватара
Feature.Avatar.Label.Avatars,
Feature.Avatar.Label.Back,Спина
Feature.Avatar.Label.Blocky,Из блоков
Feature.Avatar.Label.BodyColorAdvancedView,Расширенный
Feature.Avatar.Label.BodyColorAllLimbs,
Feature.Avatar.Label.BodyColorHead,Голова
Feature.Avatar.Label.BodyColorLeftArm,Левая рука
Feature.Avatar.Label.BodyColorLeftLeg,Левая нога
Feature.Avatar.Label.BodyColorRightArm,Правая рука
Feature.Avatar.Label.BodyColorRightLeg,Правая нога
Feature.Avatar.Label.BodyColorStandardView,Стандартный
Feature.Avatar.Label.BodyColorTorso,Торс
Feature.Avatar.Label.BodySize,Размер тела
Feature.Avatar.Label.BodyType,Тип тела
Feature.Avatar.Label.Bottom,Низ
Feature.Avatar.Label.Bottoms,
Feature.Avatar.Label.Build,Телосложение
Feature.Avatar.Label.BuyAvatarQuestion,Хочешь купить этот аватар?
Feature.Avatar.Label.BuyLookQuestion,Хочешь купить этот наряд?
Feature.Avatar.Label.BuyOutfitLuobuMultiple,Отмодерируй свою разработку. Хочешь купить предметы [{numItems} шт.]?
Feature.Avatar.Label.BuyOutfitLuobuSingle,Отмодерируй свою разработку. Хочешь купить [1] предмет?
Feature.Avatar.Label.BuyOutfitMultiple,Хочешь купить предметы [{numItems} шт.]?
Feature.Avatar.Label.BuyOutfitSingle,Хочешь купить [1] предмет?
Feature.Avatar.Label.By,Автор:
Feature.Avatar.Label.ClassicFaces,Классические лица
Feature.Avatar.Label.ClassicHeads,Классические головы
Feature.Avatar.Label.ClassicPants,Классические брюки
Feature.Avatar.Label.ClassicShirts,Классические рубашки
Feature.Avatar.Label.ClassicTShirts,Классические футболки
Feature.Avatar.Label.ClearByCategory,Очистить {category}
Feature.Avatar.Label.Climb,Лазание
Feature.Avatar.Label.ClimbAnimations,Анимация лазания
Feature.Avatar.Label.CostumeWarning,"Имя может содержать буквы, цифры и пробелы"
Feature.Avatar.Label.CountSelected,Выбрано: {itemCount}
Feature.Avatar.Label.Creations,Разработки
Feature.Avatar.Label.CurrentlyWearing,Сейчас одето
Feature.Avatar.Label.DefaultBody,Тело по умолчанию
Feature.Avatar.Label.Details,Подробности ({quantity})
Feature.Avatar.Label.DetailsButton,Подробности
Feature.Avatar.Label.DressesAndSkirts,Платья и юбки
Feature.Avatar.Label.DynamicHead,Динамическая голова
Feature.Avatar.Label.DynamicHeads,Динамические головы
Feature.Avatar.Label.Emote,Эмоция
Feature.Avatar.Label.EnterCostumeName,Введи имя для этого нового персонажа
Feature.Avatar.Label.EnterNewCostumeName,Введи новое имя для этого персонажа
Feature.Avatar.Label.Face,Лицо
Feature.Avatar.Label.Fall,Падение
Feature.Avatar.Label.FallAnimations,Анимация падения
Feature.Avatar.Label.Front,Передняя часть
Feature.Avatar.Label.FullPair,Полная пара
Feature.Avatar.Label.Gear,Снаряжение
Feature.Avatar.Label.GetLookQuestion,Хочешь получить этот наряд бесплатно?
Feature.Avatar.Label.GetOutfitMultiple,Хочешь получить бесплатные предметы [{numItems} шт.]?
Feature.Avatar.Label.GetOutfitOne,Хочешь получить бесплатно [1] предмет?
Feature.Avatar.Label.Hair,Причёска
Feature.Avatar.Label.Hat,Головной убор
Feature.Avatar.Label.Head,
Feature.Avatar.Label.HeadBody,Голова и тело
Feature.Avatar.Label.HeadRefinement.Adjust.Title,Настройка головы
Feature.Avatar.Label.HeadRefinement.Adjust.Tooltip,Настрой голову!
Feature.Avatar.Label.HeadRefinement.CombinedCategories.Tooltip,Вся Классика теперь находится в разделе «Головы»
Feature.Avatar.Label.HeadRefinement.Description,"Выбери стиль головы, чтобы использовать с классическим лицом."
Feature.Avatar.Label.HeadRefinement.Description.Unsupported,Корректировка недоступна для этого стиля головы.
Feature.Avatar.Label.HeadRefinement.Title,Форма головы
Feature.Avatar.Label.HeadSize,Размер головы
Feature.Avatar.Label.Heads,Головы
Feature.Avatar.Label.Idle,Бездействие
Feature.Avatar.Label.IdleAnimations,Анимация бездействия
Feature.Avatar.Label.Jacket,Куртка
Feature.Avatar.Label.Jackets,Куртки
Feature.Avatar.Label.Jump,Прыжок
Feature.Avatar.Label.JumpAnimations,Анимация прыжка
Feature.Avatar.Label.LayeredClothingR15Warning,"Обнови тип тела до R15, чтобы использовать этот предмет."
Feature.Avatar.Label.LayeredClothingSwitchR6Warning,У персонажей R6 есть ограничения. При переключении все неподдерживаемые предметы будут удалены.
Feature.Avatar.Label.LeftArm,
Feature.Avatar.Label.LeftArms,Левые руки
Feature.Avatar.Label.LeftInitial,L
Feature.Avatar.Label.LeftLeg,
Feature.Avatar.Label.LeftLegs,Левые ноги
Feature.Avatar.Label.LeftShoe,Левый ботинок
Feature.Avatar.Label.LeftShoes,
Feature.Avatar.Label.ManageItems,Управление предметами
Feature.Avatar.Label.Message.BlockingSavePrompt,"Если ты не сохранишь сейчас, ты потеряешь все изменения."
Feature.Avatar.Label.Message.DeleteAvatars,Это действие нельзя отменить.
Feature.Avatar.Label.Message.DuplicateAvatar,"Кажется, похожий аватар уже сохранён:"
Feature.Avatar.Label.ModerationFailed,
Feature.Avatar.Label.Mood,Настроение
Feature.Avatar.Label.MultiNoLongerAvailableInCollection,Эти ресурсы больше не доступны в этой коллекции:
Feature.Avatar.Label.MyPostedAvatars.Tooltip,Опубликованные аватары будут доступны в Магазине
Feature.Avatar.Label.Name,Название
Feature.Avatar.Label.Neck,Шея
Feature.Avatar.Label.Newest,Новейшие
Feature.Avatar.Label.NoItems,Нет: {itemType}
Feature.Avatar.Label.NoLongerAvailableInCollection,Больше не будет доступа в этой коллекции
Feature.Avatar.Label.Outerwear,Верхняя одежда
Feature.Avatar.Label.OutfitIncomplete,Созданный тобой образ не был куплен и не будет отображаться в плейсе
Feature.Avatar.Label.OutfitPurchaseFailure,Ой! Не куплено предметов: [{numItems}]!
Feature.Avatar.Label.OutfitPurchaseSuccess,Куплено предметов: [{numItems}]!
Feature.Avatar.Label.PPEEmoteR15Warning,"Обнови тип тела до R15, чтобы включить эмоции и позирование."
Feature.Avatar.Label.PPEFinalBody,Оба вида будут использованы как фото профиля в приложении.
Feature.Avatar.Label.PPEFinalHeader,Предпросмотр
Feature.Avatar.Label.PPEFinalSubheader,Выглядит потрясающе!
Feature.Avatar.Label.PPEFinishedToast,Фотография профиля изменена!
Feature.Avatar.Label.PPEPositionCameraHeader,Расположить камеру
Feature.Avatar.Label.PPEViewCloseupButton,Крупный план
Feature.Avatar.Label.PPEViewFullButton,Посмотреть аватара
Feature.Avatar.Label.Pants,Брюки
Feature.Avatar.Label.Photobooth,Фотобудка
Feature.Avatar.Label.Purchased,Покупки
Feature.Avatar.Label.QuickMenuCustomizeTitle,Настройки персонализации
Feature.Avatar.Label.QuickMenuLandingPageTitle,Настройки аватара
Feature.Avatar.Label.R15,R15
Feature.Avatar.Label.R6,R6
Feature.Avatar.Label.R6R15,R6/R15
Feature.Avatar.Label.RecentlyWorn,Последние носимые
Feature.Avatar.Label.Replace,Заменить
Feature.Avatar.Label.ResetToNewCharacter,Ты переключаешься на новый персонаж. Сбросить все образы или оставить?
Feature.Avatar.Label.Right,R
Feature.Avatar.Label.RightArm,
Feature.Avatar.Label.RightArms,Правые руки
Feature.Avatar.Label.RightInitial,
Feature.Avatar.Label.RightLeg,
Feature.Avatar.Label.RightLegs,Правые ноги
Feature.Avatar.Label.RightShoe,Правый ботинок
Feature.Avatar.Label.RightShoes,
Feature.Avatar.Label.Run,Бег
Feature.Avatar.Label.RunAnimations,Анимация бега
Feature.Avatar.Label.SavedSimilarCharacter,"Кажется, похожий персонаж уже сохранён:"
Feature.Avatar.Label.SavedSimilarCharacterNoName,"Кажется, похожий персонаж уже сохранён"
Feature.Avatar.Label.Scenes,Сцены
Feature.Avatar.Label.SearchLandingPage.Title.RecentSearches,Недавние запросы
Feature.Avatar.Label.SearchLandingPage.Title.RecentlyViewedItems,Недавно просмотренные
Feature.Avatar.Label.SearchLandingPage.Title.RecentlyViewedSearchItems,Продолжить покупки для
Feature.Avatar.Label.SelectItem,Выбрать предмет
Feature.Avatar.Label.SharePublicAvatar.Tooltip,Опубликовать аватары в Магазине
Feature.Avatar.Label.Shirt,Рубашка
Feature.Avatar.Label.Shirts,Рубашки
Feature.Avatar.Label.ShoeL,Ботинок (левый)
Feature.Avatar.Label.ShoeR,Ботинок (правый)
Feature.Avatar.Label.Shoes,Обувь
Feature.Avatar.Label.Shorts,Шорты
Feature.Avatar.Label.Shoulder,Плечо
Feature.Avatar.Label.Skin,Кожа
Feature.Avatar.Label.Sweater,Свитер
Feature.Avatar.Label.Sweaters,Свитера
Feature.Avatar.Label.Swim,Плавание
Feature.Avatar.Label.SwimAnimations,Анимация плавания
Feature.Avatar.Label.SwitchToR15,Переключиться на R15
Feature.Avatar.Label.TShirt,Футболка
Feature.Avatar.Label.Title.AccessoryAdjustment,
Feature.Avatar.Label.Title.AddNewAvatar,Добавить как новый аватар
Feature.Avatar.Label.Title.AddToMyAvatars,Сохранить в мои аватары
Feature.Avatar.Label.Title.AvatarName,Ввести имя персонажа
Feature.Avatar.Label.Title.AvatarSwitcher,Мои аватары
Feature.Avatar.Label.Title.BlockingSavePrompt,Сохранить аватар?
Feature.Avatar.Label.Title.BodyShape,
Feature.Avatar.Label.Title.ClothingLayering,Слои одежды
Feature.Avatar.Label.Title.DeleteMultipleAvatars,Удалить аватары ({count})?
Feature.Avatar.Label.Title.DeleteSingleAvatar,Удалить аватар?
Feature.Avatar.Label.Title.DuplicateAvatar,Дублировать аватара
Feature.Avatar.Label.Title.Emotes,
Feature.Avatar.Label.Title.HeadAdjustment,
Feature.Avatar.Label.Title.Inventory,
Feature.Avatar.Label.Title.ManageAvatars,Управление аватарами
Feature.Avatar.Label.Title.MyInventory,Мой инвентарь
Feature.Avatar.Label.Title.ProfilePhoto,Фото профиля
Feature.Avatar.Label.Title.ReplaceAvatar,Заменить аватар
Feature.Avatar.Label.Title.Save,
Feature.Avatar.Label.Title.SaveToMyAvatars,
Feature.Avatar.Label.Title.UpdateAvatar,Заменить существующий аватар
Feature.Avatar.Label.Title.WearAfterPurchase,Надеть после покупки
Feature.Avatar.Label.Title.WearAndSaveAfterPurchase,Надеть и сохранить после покупки
Feature.Avatar.Label.Top,Топ
Feature.Avatar.Label.Torso,
Feature.Avatar.Label.Torsos,Торсы
Feature.Avatar.Label.TropicalRunway,Тропическая дорожка
Feature.Avatar.Label.TryOnFail,Не удалось примерить предмет. Повтори попытку позже.
Feature.Avatar.Label.TryOnManagerDescriptor,Всего: {numItems} предметов
Feature.Avatar.Label.Unavailable,N/A
Feature.Avatar.Label.UsedNameLong,"Похоже, что это название уже было использовано. Всё равно сохранить?"
Feature.Avatar.Label.Waist,Талия
Feature.Avatar.Label.Walk,Ходьба
Feature.Avatar.Label.WalkAnimations,Анимация ходьбы
Feature.Avatar.Label.WholeBody,Всё тело
Feature.Avatar.Message.AdjustAndFit,Настрой предметы
Feature.Avatar.Message.AlreadyAcquired,Этот предмет уже приобретён.
Feature.Avatar.Message.AvatarAdded,«{avatarName}» добавлен
Feature.Avatar.Message.AvatarDeleted,Аватар удалён
Feature.Avatar.Message.AvatarRenamed,Аватар переименован
Feature.Avatar.Message.AvatarUpdated,«{avatarName}» обновлён
Feature.Avatar.Message.CameraFacialAnimationPaused,Камера временно отключена при запуске эмоций
Feature.Avatar.Message.ClassicHeadAndR6CameraWarning,Классические головы и аватары R6 не поддерживают анимацию лица
Feature.Avatar.Message.ClearAccessories,"Это снимет все аксессуары, которые надеты на аватара."
Feature.Avatar.Message.ClearAnimations,"Это снимет все анимации, которые применены к аватару."
Feature.Avatar.Message.ClearBody,"Это удалит всё, что в настоящее время применено в категории «Тело»."
Feature.Avatar.Message.ClearClothes,"Это снимет всю одежду, которая надета на аватара."
Feature.Avatar.Message.DeepLinkEquipFailed,"Предмет, который ты хочешь экипировать, больше не доступен"
Feature.Avatar.Message.EquipCostumeConfirmation,Этот персонаж не сохранён. Переключить персонажей?
Feature.Avatar.Message.ErrorNotAuthorized,Пользователь не авторизован для выполнения этого действия
Feature.Avatar.Message.FTUXSelfieViewClosedTooltip,Ты можешь найти свою камеру и элементы управления просмотром здесь
Feature.Avatar.Message.FTUXSelfieViewOpenedTooltip,"Используй свою камеру, чтобы твой аватар улыбался и двигался так же, как ты"
Feature.Avatar.Message.FaceNotVisible,Выбранное лицо не подходит к этой голове.
Feature.Avatar.Message.FailedAvatarRename,Не удалось переименовать аватар
Feature.Avatar.Message.FailedDeleteCostume,Не удалось удалить наряд.
Feature.Avatar.Message.FailedRenameCostume,Не удалось переименовать персонажа
Feature.Avatar.Message.FailedToLoadAvatar,Не удалось загрузить аватар.
Feature.Avatar.Message.FailedUpdateOutfit,Не удалось обновить наряд
Feature.Avatar.Message.FailedWritePPE,Не удалось обновить фото профиля
Feature.Avatar.Message.HatLimitTooltip,Можно надеть до 3 головных уборов
Feature.Avatar.Message.InvalidAssetsEquipped,Некоторые установленные предметы больше не доступны.
Feature.Avatar.Message.InvalidItem,Предмет не существует.
Feature.Avatar.Message.InvalidName,Недопустимое название
Feature.Avatar.Message.LCSortClassicWarning,Классические предметы не редактируются
Feature.Avatar.Message.LCSortEntry,Настройка порядка одежды
Feature.Avatar.Message.LCSortListTooltip,Перетащи эскиз элемента для редактирования порядка слоёв
Feature.Avatar.Message.LCSortNoEquipped,Нет предметов одежды 3D. Используй предмет для редактирования
Feature.Avatar.Message.LCSortResetBody,Изменения будут отменены. Продолжить?
Feature.Avatar.Message.LCSortUnequipBody,Снять предмет?
Feature.Avatar.Message.LeaveAccessoryAdjustmentWarning,Настройка не применена. Действительно выйти?
Feature.Avatar.Message.LeavingComposerWithoutSave,Внесённые изменения не будут сохранены при выходе.
Feature.Avatar.Message.LooksCharacterSaved,Ты всегда можешь отредактировать имя персонажа
Feature.Avatar.Message.LooksPurchaseFailedNetworkError,Ошибка сети. Повтори попытку позже
Feature.Avatar.Message.LooksPurchasePartialSuccessGenericPP,"Куплено предметов: {numSuccessItems}, не удалось купить: {numFailureItems}"
Feature.Avatar.Message.LooksPurchasePartialSuccessGenericPS,
Feature.Avatar.Message.LooksPurchasePartialSuccessGenericSP,
Feature.Avatar.Message.LooksPurchasePartialSuccessGenericSS,
Feature.Avatar.Message.LooksPurchaseSuccessPlural,Куплено предметов: {numItems}!
Feature.Avatar.Message.LooksPurchaseSuccessSingular,
Feature.Avatar.Message.ModerationFailed,Один или несколько аватаров не соответствуют Правилам сообщества.
Feature.Avatar.Message.MultiAvatarDeleted,Аватары удалены
Feature.Avatar.Message.NewControlLocationProfile,Фотография профиля теперь находится в меню «Ещё»
Feature.Avatar.Message.NewCustomize,"Теперь быстрее и проще кастомизировать аватара. Нажми на кнопку, чтобы увидеть, что нового."
Feature.Avatar.Message.NoAccessoriesEquipped,Нет регулируемых аксессуаров.
Feature.Avatar.Message.PostToMarketplaceTooltip,Твоя публикация будет доступна в Магазине
Feature.Avatar.Message.R15AnimationsPrompt,"Обнови тип тела до R15, чтобы включить анимацию."
Feature.Avatar.Message.R15EmotesPrompt,"Обнови тип тела до R15, чтобы включить эмоции."
Feature.Avatar.Message.R15StylesPrompt,"Обнови тип тела до R15, чтобы настроить тип тела."
Feature.Avatar.Message.ReachedMaxOutfits,Достигнуто максимально возможное количество нарядов.
Feature.Avatar.Message.RenameCostumeSuccess,Переименовано!
Feature.Avatar.Message.ResetAdjustment,Настройки аксессуара будут сброшены. Продолжить?
Feature.Avatar.Message.RevertToDefault,Вернуть на картинку по умолчанию?
Feature.Avatar.Message.SaveFailure,Аватар не может быть сохранён. Повтори попытку позже.
Feature.Avatar.Message.SaveSuccess,Аватар сохранён
Feature.Avatar.Message.SaveSuccessWithInvalidAssets,"Аватар сохранён. Некоторые предметы были удалены, потому что они не доступны прямо сейчас."
Feature.Avatar.Message.SaveThrottled,"Подожди несколько секунд, прежде чем сохранить снова"
Feature.Avatar.Message.SelectEmote,"Выбери эмоцию, в которой твой аватар будет позировать!"
Feature.Avatar.Message.ShareAvatarWithCommunity,
Feature.Avatar.Message.ShareAvatarWithCommunityDisclaimer,Ссылки будут доступны после завершения модерации
Feature.Avatar.Message.SharePublicAvatar,"Поделись своим аватаром в социальных сетях, чтобы увеличить охват и показать свою креативность"
Feature.Avatar.Message.TryOnCameraHeadWarning,Классические головы не поддерживают анимацию лица
Feature.Avatar.Message.UnknownErrorCreatingOutfit,Произошла неизвестная ошибка. Наряд не создан.
Feature.Avatar.Message.UpdateOutfitSuccess,Обновлено!
Feature.Avatar.Message.UpdateRequired,"Требуется обновление. Чтобы просмотреть этот предмет, обнови Roblox до последней версии."
Feature.Avatar.Placeholder.NameYourAvatar,Назови аватара
Feature.Avatar.Placeholder.WriteAvatarCaption,Придумай подпись для своего аватара (необязательно)
Feature.Avatar.Title.AvatarRefinement,
Feature.Avatar.Title.BuyAvatar,Купить аватар
Feature.Avatar.Title.BuyOutfit,Купить образ
Feature.Avatar.Title.ClearAccessoriesConfirmation,Снять все аксессуары?
Feature.Avatar.Title.ClearAnimationsConfirmation,Снять все анимации?
Feature.Avatar.Title.ClearBodyConfirmation,Снять тело?
Feature.Avatar.Title.ClearClothesConfirmation,Снять всю одежду?
Feature.Avatar.Title.GetOutfit,Получить образ
Feature.Avatar.Title.LCSortPage,Сортировка одежды
Feature.Avatar.Title.LCSortReset,Вернуть значения по умолчанию
Feature.Avatar.Title.LCSortUnequip,Снять предмет
Feature.Avatar.Title.LooksWidget,Вдохновение для одежды
Feature.Avatar.Title.Move,Переместить
Feature.Avatar.Title.NewToMarketplaceItemWidget,Новинки Маркетплейса
Feature.Avatar.Title.OutfitIncomplete,Образ незавершён
Feature.Avatar.Title.Preview,
Feature.Avatar.Title.ResetToDefault,
Feature.Avatar.Title.ResetToNewCharacter,Новый персонаж
Feature.Avatar.Title.RevertToDefault,Вернуть на картинку по умолчанию
Feature.Avatar.Title.SavedAvatarsLocation,Сохранённые аватары находятся здесь
Feature.Avatar.Title.SelectEmoteForAvatar,"Выбери эмоцию, в которой твой аватар будет позировать"
Feature.Avatar.Title.TrendingItemWidget,Популярные предметы
Feature.Avatar.Title.UnsavedChanges,Несохранённые изменения
Feature.Avatar.Title.YourTryOns,Твои примерки
Feature.Avatar.Toast.AvatarCaptionExceedMaximum,Подписи должны содержать не более 1000 символов
Feature.Avatar.Toast.AvatarPostSuccessfully,Успешно опубликовано
Feature.Avatar.Toast.AvatarTitleExceedMaximum,Заголовок должен содержать не более 50 символов
Feature.Avatar.Toast.ComposeWithoutClothing,Аватар должен носить хотя бы один предмет одежды или аксессуар
Feature.Avatar.Toast.PostWithParticleEffect,Эффекты частиц будут видны на финальном эскизе после публикации
Feature.AvatarBundleReceivedInteractiveAlert.Action.Ok,
Feature.AvatarBundleReceivedInteractiveAlert.Action.TakeALook,Посмотреть
Feature.AvatarBundleReceivedInteractiveAlert.BodyText.AddedToInventory,"Добавлено в инвентарь: {avatarName}!
Расположение: {fontColorSpanStart}Аватар > Настроить > Персонажи > Куплено{fontColorSpanEnd}"
Feature.AvatarBundleReceivedInteractiveAlert.BodyText.AddedToInventoryWithPath,"Добавлено в инвентарь: {avatarName}!
Расположение: {fontColorSpanStart}{inventoryPath}{fontColorSpanEnd}"
Feature.AvatarBundleReceivedInteractiveAlert.BodyText.BackAccessoriesInventoryPath,Аватар > Настройки > Аксессуары > Спина
Feature.AvatarBundleReceivedInteractiveAlert.BodyText.HeadAccessoriesInventoryPath,Аватар > Настройки > Аксессуары > Голова
Feature.AvatarBundleReceivedInteractiveAlert.BodyText.UnknownAddedToInventory,"В твой инвентарь добавлен аватар!
Расположение: {fontColorSpanStart}Аватар > Настроить > Персонажи > Куплено{fontColorSpanEnd}"
Feature.AvatarBundleReceivedInteractiveAlert.Title.ItemsAcquired,Предметы приобретены
Feature.BlockingModal.Action.Block,Заблокировать
Feature.BlockingModal.Action.BlockAndReport,Заблокировать и пожаловаться
Feature.BlockingModal.Action.Cancel,
Feature.BlockingModal.Heading.BlockUser,Заблокировать: {DisplayName}?
Feature.BuyRobux.Heading.Banner,Купить Robux
Feature.Call.Error.Description.Generic,
Feature.Captures.Action.NoThanks,"Нет, спасибо"
Feature.Captures.Action.Share,
Feature.Captures.Action.ShareYourCapture,Поделиться снимком/записью экрана
Feature.Captures.Body.ShareCapturePrompt,Хочешь поделиться снимком/записью экрана?
Feature.Captures.Description.AllowPhotoAccessInfo,"Чтобы сохранить скриншот/видео экрана, Roblox необходим доступ к фотоплёнке камеры устройства."
Feature.Captures.Title.AllowPhotoAccessInfo,Разрешить доступ к фотографиям
Feature.Captures.Title.ShareCapturePrompt,
Feature.Captures.Toast.CaptureSaved,Медиа сохранено
Feature.Captures.Toast.CaptureSavedToDevice,Сохранено на устройстве
Feature.Catalog.Action.Buy,Купить
Feature.Catalog.Action.Cancel,
Feature.Catalog.Action.Checkout.UnavailableItems,
Feature.Catalog.Action.Checkout.Wear,Надеть
Feature.Catalog.Action.CloseDetails,Свернуть
Feature.Catalog.Action.CopyLink,Скопировать ссылку
Feature.Catalog.Action.Customize,
Feature.Catalog.Action.Delete,
Feature.Catalog.Action.DeleteAvatar,Удалить аватар
Feature.Catalog.Action.DescribeAvatar,Опиши свой аватар (необязательно)
Feature.Catalog.Action.Favorite,В Избранное
Feature.Catalog.Action.GoBack,
Feature.Catalog.Action.ItemOptions,Настройки предмета
Feature.Catalog.Action.LoadMore,Загрузить ещё
Feature.Catalog.Action.Next,
Feature.Catalog.Action.OpenDetails,
Feature.Catalog.Action.Post,
Feature.Catalog.Action.PreviewAndPost,
Feature.Catalog.Action.Remove,Убрать
Feature.Catalog.Action.RemoveFavorite,Из избранного
Feature.Catalog.Action.Rent,Взять напрокат
Feature.Catalog.Action.Report,Пожаловаться
Feature.Catalog.Action.Sell,Продать
Feature.Catalog.Action.ShareVia,Поделиться в...
Feature.Catalog.Action.Submit,
Feature.Catalog.Action.Upgrade,
Feature.Catalog.Action.ViewDetailsPage,
Feature.Catalog.Action.ViewExperienceDetails,Посмотреть подробности
Feature.Catalog.ActionSeeAll,Смотреть всё
Feature.Catalog.AvatarWidgetTitle,Исследовать стили
Feature.Catalog.Description.AttributionAlertBody,Ты покидаешь эту область и присоединяешься к {experienceName}.
Feature.Catalog.Header.InvalidOutfit,Одежда неверна
Feature.Catalog.Header.PostAvatar,
Feature.Catalog.Heading.AvailableItems,Доступные предметы
Feature.Catalog.Heading.BuyItem,
Feature.Catalog.Heading.FreeItemConfirmation,Получить предмет
Feature.Catalog.Heading.GoToExperience,Присоединиться к плейсу?
Feature.Catalog.Heading.HoldingPolicy,Политика удержания
Feature.Catalog.Heading.InExperienceOnly,Доступно в плейсе
Feature.Catalog.Heading.InsufficientFunds,Недостаточно Robux
Feature.Catalog.Heading.ItemInfo,Информация о предмете
Feature.Catalog.Heading.ItemRemoved,Предмет удалён
Feature.Catalog.Heading.ItemsOnSale,Предметы в продаже
Feature.Catalog.Heading.NotForSale,Не для продажи
Feature.Catalog.Heading.Overview,Обзор
Feature.Catalog.Heading.PremiumOnly,Только подписка Premium
Feature.Catalog.Heading.QuantityLimitReached,Достигнут предел автора
Feature.Catalog.Heading.QuickMenu,Быстрое меню
Feature.Catalog.Heading.Resellers,Посредники
Feature.Catalog.Heading.SellItem,Продажа предмета
Feature.Catalog.Heading.Sellers,Продавцы
Feature.Catalog.Heading.SetPrice,Установить цену
Feature.Catalog.Heading.ShowBodyParts,Показать части тела
Feature.Catalog.Heading.ShowHeadType,Показать тип головы
Feature.Catalog.Heading.ShowShoes,Показать обувь
Feature.Catalog.Heading.TakeOffSale,Убрать с продажи
Feature.Catalog.Label.AllItems,Все предметы
Feature.Catalog.Label.AlreadyOwned,У тебя уже есть этот предмет
Feature.Catalog.Label.Animation,
Feature.Catalog.Label.Attribution,Сделано в
Feature.Catalog.Label.AvailableForSale,Доступно для продажи
Feature.Catalog.Label.AvailableToPremiumMembers,"Доступно, потому что у тебя есть подписка Premium"
Feature.Catalog.Label.Avatar,
Feature.Catalog.Label.AvatarEmoteSelection,
Feature.Catalog.Label.AvatarTitle,Название аватара
Feature.Catalog.Label.Avatars,
Feature.Catalog.Label.AveragePrice,Средняя цена
Feature.Catalog.Label.AveragePriceColon,Средняя цена:
Feature.Catalog.Label.BackAccessories,Аксессуары для спины
Feature.Catalog.Label.Bestselling,Бестселлеры
Feature.Catalog.Label.Body,Тело
Feature.Catalog.Label.Bundle,
Feature.Catalog.Label.Bundles,Комплекты
Feature.Catalog.Label.BuyConfirmation,Приобрести предмет {itemName} от {creatorName}?
Feature.Catalog.Label.BuyConfirmationIncludingWarning,Отмодерируй свою разработку. Хочешь купить предмет {itemName} от {creatorName}?
Feature.Catalog.Label.BuyPrice,Цена покупки:
Feature.Catalog.Label.BuyRobux,
Feature.Catalog.Label.Category,Категория
Feature.Catalog.Label.CategoryType,Тип
Feature.Catalog.Label.Characters,Персонажи
Feature.Catalog.Label.Checkout.DontWarnAgainText,Больше не спрашивать
Feature.Catalog.Label.Checkout.InExperienceOnly,Только в плейсе
Feature.Catalog.Label.Checkout.LimitReached,Достигнут лимит
Feature.Catalog.Label.Checkout.OffSale,Не продаётся
Feature.Catalog.Label.Checkout.OutOfStock,Нет в наличии
Feature.Catalog.Label.Checkout.SoldOut,Распродано
Feature.Catalog.Label.Checkout.Unavailable,Недоступно
Feature.Catalog.Label.ClassicShirt,Классическая рубашка
Feature.Catalog.Label.ClassicTShirt,Классическая футболка
Feature.Catalog.Label.Clothing,
Feature.Catalog.Label.CreatorName,Имя автора
Feature.Catalog.Label.CurrentBalance,Текущий баланс:
Feature.Catalog.Label.CustomizeAvatar,Изменить аватар
Feature.Catalog.Label.DeleteAvatarConfirmationPromptMessage,После удаление действие восстановить невозможно
Feature.Catalog.Label.Details,
Feature.Catalog.Label.DynamicHeads,
Feature.Catalog.Label.Emotes,
Feature.Catalog.Label.Eyebrow,Бровь
Feature.Catalog.Label.Eyelash,Ресницы
Feature.Catalog.Label.FaceAccessories,Аксессуары для лица
Feature.Catalog.Label.Favorites,
Feature.Catalog.Label.Fee,Сбор в размере {feePercentage}%:
Feature.Catalog.Label.Filter.Creator,Автор
Feature.Catalog.Label.Filter.Curator,Куратор
Feature.Catalog.Label.Filter.Filters,Фильтры
Feature.Catalog.Label.Filter.Hide,Скрыть
Feature.Catalog.Label.Filter.PriceMax,макс.
Feature.Catalog.Label.Filter.PriceMin,мин.
Feature.Catalog.Label.Filter.SalesType,Тип продаж
Feature.Catalog.Label.Filter.Show,Показать
Feature.Catalog.Label.Filter.Sorts,Сортировка
Feature.Catalog.Label.Filter.TotalValue,Общая стоимость
Feature.Catalog.Label.Filter.UnavailableItems,Недоступные предметы
Feature.Catalog.Label.FreeItemConfirmation,Получить предмет {itemName} от {creatorName} бесплатно?
Feature.Catalog.Label.FreeUpperCase,БЕСПЛАТНО
Feature.Catalog.Label.FromPrice,От: {itemPrice}
Feature.Catalog.Label.FrontAccessories,Аксессуары для передней части
Feature.Catalog.Label.FullBodies,Все тела
Feature.Catalog.Label.FullBody,Все тело
Feature.Catalog.Label.Gear,
Feature.Catalog.Label.Get,Получить
Feature.Catalog.Label.GetPremiumAndPrice,Цена с подпиской Premium: 
Feature.Catalog.Label.Hair,
Feature.Catalog.Label.Holding,Удержание
Feature.Catalog.Label.InExperienceOnly,Оригинальная продажа этого предмета доступна только в плейсе.
Feature.Catalog.Label.InMultipleExperiences,В плейсах: {NUM_EXPERIENCES}
Feature.Catalog.Label.InSingleExperience,
Feature.Catalog.Label.InSpecificExperience,В {EXPERIENCE_NAME}
Feature.Catalog.Label.InsufficientFunds,Не хватает Robux для покупки.
Feature.Catalog.Label.ItemCount,Предметы: {itemCount}
Feature.Catalog.Label.ItemExperienceLimitReached,"Достигнут лимит покупки, который автор установил для этого предмета. Выполнить вход в плейс [{EXPERIENCE_NAME}]?"
Feature.Catalog.Label.ItemExperienceLimitReachedTitle,Достигнут лимит покупки
Feature.Catalog.Label.ItemExperienceSoldOut,"Оригинальная копия распродана в плейсе, всё равно войти в [{EXPERIENCE_NAME}]?"
Feature.Catalog.Label.ItemExperienceSoldOutTitle,Предмет распродан
Feature.Catalog.Label.ItemInAHold,Предмет удерживается?
Feature.Catalog.Label.ItemOwnedCount,Предметы в инвентаре: ({itemCount})
Feature.Catalog.Label.ItemsCount,
Feature.Catalog.Label.LeftArm,
Feature.Catalog.Label.Limited,Лимитки
Feature.Catalog.Label.LimitedU,Limited U
Feature.Catalog.Label.MarketplaceToAvatarPage,"Ты покинешь Маркетплейс, чтобы настроить персонажа."
Feature.Catalog.Label.MaxPerUser,Макс. на пользователя
Feature.Catalog.Label.MinimumAmount,Минимум не может быть равен 0.
Feature.Catalog.Label.MinimumAmountCustom,Минимальная сумма должна быть больше {minimumAmount}.
Feature.Catalog.Label.MostFavorited,По популярности
Feature.Catalog.Label.MostPopular,Самые популярные
Feature.Catalog.Label.NA,
Feature.Catalog.Label.NeckAccessories,Аксессуары для шеи
Feature.Catalog.Label.New,Новое
Feature.Catalog.Label.NewCollectibles,Коллекционные предметы!
Feature.Catalog.Label.No,Нет
Feature.Catalog.Label.NoLongerAvailable,Этот предмет больше нельзя купить
Feature.Catalog.Label.NoSellersWarning,"К сожалению, никто не продаёт этот предмет."
Feature.Catalog.Label.None,
Feature.Catalog.Label.NotAvailable,Этот предмет сейчас недоступен
Feature.Catalog.Label.OnSale,В продаже
Feature.Catalog.Label.OriginalPrice,Первоначальная цена
Feature.Catalog.Label.OutOfStock,
Feature.Catalog.Label.Owned,В наличии
Feature.Catalog.Label.PBR,Реалистические материалы
Feature.Catalog.Label.PrePremiumPrice,(Цена предмета:
Feature.Catalog.Label.Premium,
Feature.Catalog.Label.PremiumDiscount,Ты экономишь {percent}% с подпиской Premium
Feature.Catalog.Label.PremiumOnly,Доступно только пользователям с подпиской Premium
Feature.Catalog.Label.Price,Цена
Feature.Catalog.Label.PriceColon,Цена:
Feature.Catalog.Label.PriceFromResale,{itemPrice} с перепродажи
Feature.Catalog.Label.PriceHighToLow,Цена по убыв.
Feature.Catalog.Label.PriceLowToHigh,Цена по возр.
Feature.Catalog.Label.PriceRange,Диапазон цен
Feature.Catalog.Label.PriceUnavailable,
Feature.Catalog.Label.PurchaseConfirmation,Приобрести предмет {itemName} от {creatorName} за {itemPrice}?
Feature.Catalog.Label.Purchased,Куплено!
Feature.Catalog.Label.QuantityLimitReached,"Автор имеет ограничения на то, сколько копий может приобрести у него один пользователь."
Feature.Catalog.Label.QuantitySold,Продано
Feature.Catalog.Label.QuickMenuMarketplaceTitle,Опции Маркетплейса
Feature.Catalog.Label.RecentlyCreated,Недавно созданные
Feature.Catalog.Label.RecentlyPublished,Недавно опубликованные
Feature.Catalog.Label.Recommendations,Тебе может понравиться
Feature.Catalog.Label.Redeemed,Успешная активация!
Feature.Catalog.Label.Relevance,По актуальности
Feature.Catalog.Label.ReportItem,Пожаловаться на предмет
Feature.Catalog.Label.ResaleFeePolicy,Политика сборов при перепродаже
Feature.Catalog.Label.Resellable,Можно перепродать
Feature.Catalog.Label.RobuxFee,С учётом сбора в {feePercentage}%:
Feature.Catalog.Label.Sale,Распродажа
Feature.Catalog.Label.SalePrice,Цена продажи:
Feature.Catalog.Label.SaveAsCharacter,
Feature.Catalog.Label.Search,
Feature.Catalog.Label.SellCut,Вы получите:
Feature.Catalog.Label.SellPageUpsell,Продавать предметы могут только пользователи с подпиской Premium.
Feature.Catalog.Label.SellSuccess,Выставлено на продажу
Feature.Catalog.Label.SerialNumberColon,Серийный номер:
Feature.Catalog.Label.ShoulderAccessories,Аксессуары для плеч
Feature.Catalog.Label.SoldOut,
Feature.Catalog.Label.TakeOffResaleConfirmation,Действительно снять предмет с перепродажи?
Feature.Catalog.Label.Tops,Верх
Feature.Catalog.Label.Torso,
Feature.Catalog.Label.TotalUnformatted,Всего
Feature.Catalog.Label.Tradable,
Feature.Catalog.Label.TryOns,Примерка
Feature.Catalog.Label.TryOnsMultiple,Примерка ({numItems})
Feature.Catalog.Label.Unlimited,Неограниченные предметы
Feature.Catalog.Label.Username,
Feature.Catalog.Label.UsingBundleParts,Использование {count} деталей набора
Feature.Catalog.Label.WaistAccessories,Аксессуары для талии
Feature.Catalog.Label.WearAfterPurchase,Надеть предмет после покупки
Feature.Catalog.Label.WearAvatarAfterPurchase,Использовать аватар после покупки
Feature.Catalog.Label.WearOutfitAfterPurchase,Надеть наряд после покупки
Feature.Catalog.Label.Yes,
Feature.Catalog.LabelAccessories,Аксессуары
Feature.Catalog.LabelAccessoryHats,Шляпы
Feature.Catalog.LabelAllCreators,Все авторы
Feature.Catalog.LabelAllHeads,
Feature.Catalog.LabelAllTime,Любое время
Feature.Catalog.LabelAnyPrice,Любая цена
Feature.Catalog.LabelClassicHeads,
Feature.Catalog.LabelCollectibles,Коллекционное
Feature.Catalog.LabelContentDeleted,Содержимое удалено
Feature.Catalog.LabelFree,Бесплатно
Feature.Catalog.LabelNoResellers,Без посредников
Feature.Catalog.LabelOffSale,Нет продаётся
Feature.Catalog.LabelPants,
Feature.Catalog.LabelPastDay,Вчера
Feature.Catalog.LabelPastWeek,Прошлая неделя
Feature.Catalog.LabelShirts,
Feature.Catalog.LabelTShirts,Футболки
Feature.Catalog.Message.AvatarModerated,Этот аватар не соответствует нашим Правилам сообщества. Выбери другой
Feature.Catalog.Message.AvatarModerationModerated,Нарушает правила сообщества
Feature.Catalog.Message.AvatarModerationPending,На рассмотрении
Feature.Catalog.Message.AvatarNotAvailable,Этот аватар больше не доступен
Feature.Catalog.Message.AvatarSharePanel,
Feature.Catalog.Message.AvatarUnderReview,Аватар на рассмотрении. Ты можешь поделиться аватаром после его одобрения
Feature.Catalog.Message.BodyCategoryTooltip,Найди головы и волосы здесь
Feature.Catalog.Message.CannotBeResold,Данный предмет нельзя перепродать
Feature.Catalog.Message.CaptionLimit,
Feature.Catalog.Message.Checkout.UnavailableItems,"Один или несколько предметов нельзя купить. Удали их, прежде чем продолжить."
Feature.Catalog.Message.CollectiblesInfo,"Коллекционные предметы могут быть перепроданы от пользователя к пользователю после периода удержания, даже если исходный запас этих предметов ещё не распродан. Подписчики Premium могут выставлять коллекционные предметы на перепродажу."
Feature.Catalog.Message.HoldingPolicyL1,"Покупки, полученные в результате перепродажи, будут удерживаться до {days} дн. Перепродать товар можно только после окончания этого периода удержания. Перепродавать товары могут только подписчики Premium."
Feature.Catalog.Message.HoldingPolicyL2,"После покупки первоначальные продажи удерживаются до {purchaseDays} дн. Перепродать предмет можно только по истечении этого срока, а срок удержания при перепродаже составляет до {resaleDays} дн. Перепродавать товары могут только подписчики Premium."
Feature.Catalog.Message.MustWearClothing,
Feature.Catalog.Message.ParticleEffectsWarning,
Feature.Catalog.Message.ReportCatalogItemPhrase,Ты можешь отправить жалобу нашим модераторам. Мы проверим предмет и примем соответствующие меры.
Feature.Catalog.Message.ResaleFeePolicy,"Доход от всех сделок в Маркетплейсе, включая перепродажу, делится между Roblox и пользователями, участвующими в сделке. При перепродаже пользователь принимает вашу цену, {yourSharePercent}% от уплаченных им Robux достается вам как продавцу. Остальные {robloxFeePercent}% достанутся Roblox и другим пользователям, включая автора предмета."
Feature.Catalog.Message.SuccessfullyPosted,
Feature.Catalog.Message.TitleLimit,
Feature.Catalog.RFYFeedTitle,Продолжить просмотр
Feature.Catalog.RFYWidgetTitle,Рекомендуем
Feature.Catalog.Response.GenericError,Произошла ошибка. Повторите попытку позже.
Feature.Catalog.Response.NoItemsFound,Предметы не найдены.
Feature.Catalog.Response.PlacedOnSaleSuccess,Предмет выставлен на продажу
Feature.Catalog.Response.ReportSubmitted,Отчёт получен и будет рассмотрен в ближайшее время.
Feature.Catalog.Response.TakenOffSaleSuccess,Предмет снят с продажи
Feature.Catalog.Search.LandingPage.Empty,"Поиск по цветам, типам, темам и т. д."
Feature.Catalog.Search.Placeholder,"Поиск предметов, нарядов"
Feature.Catalog.Title.AvatarSharePanel,Можно делиться аватаром
Feature.Catalog.Title.Checkout,Оформить заказ
Feature.Catalog.Title.Checkout.ClearAllItemsOnAvatarTitle,Удалить все предметы?
Feature.Catalog.Title.Checkout.TryOnMultipleItemsFtuxTitle,Попробуй сразу несколько элементов
Feature.Catalog.Title.Checkout.UnavailableItems,
Feature.Catalog.Title.Checkout.WearAvatarReplaceAllItemsTitle,Надеть аватар?
Feature.Catalog.Title.CheckoutPlural,Оформить заказ: {count}
Feature.Catalog.Title.CheckoutSingular,Оформить заказ на 1 предмет
Feature.Catalog.Toast.AvatarPriceChangedBecauseOfOwned,"Цена измененилась, потому что у тебя естm {number} предметов"
Feature.Catalog.Toast.AvatarUnderReview,"Аватар на рассмотрении
Ты можешь поделиться аватаром после рассмотрения"
Feature.Catalog.Toast.LinkCopied,Скопировано в буфер обмена
Feature.Chat.Action.Add,
Feature.Chat.Action.Cancel,
Feature.Chat.Action.Confirm,
Feature.Chat.Action.Continue,
Feature.Chat.Action.Copy,Скопировать
Feature.Chat.Action.Create,Создать
Feature.Chat.Action.Delete,
Feature.Chat.Action.Edit,Изменить
Feature.Chat.Action.LearnMore,
Feature.Chat.Action.Leave,
Feature.Chat.Action.MuteVoice,Отключить звук
Feature.Chat.Action.Remove,
Feature.Chat.Action.RemoveFromGroup,Исключить из группы
Feature.Chat.Action.RemoveUser,Убрать пользователя
Feature.Chat.Action.Reply,Ответить
Feature.Chat.Action.Report,
Feature.Chat.Action.ReportUser,Пожаловаться на пользователя
Feature.Chat.Action.Save,
Feature.Chat.Action.Send,
Feature.Chat.Action.StartChatWithFriends,
Feature.Chat.Action.Stay,
Feature.Chat.Action.Translate,Перевести
Feature.Chat.Action.UnmuteVoice,Включить звук
Feature.Chat.Action.ViewAssetDetails,
Feature.Chat.Description.CreateUnfilteredChatCell,"Все участники этой группы будут приглашены, но некоторые из них не имеют права вступить."
Feature.Chat.Description.CreateUnfilteredChatDialog,"Мы расширили функции чата. Теперь ты можешь общаться без фильтров.

Все участники группы будут пришлашены, но не все смогут присоединиться."
Feature.Chat.Description.CreateUnfilteredChatWithVoice,"Мы расширили функции чата. Теперь ты можешь общаться без фильтров и использовать голосовой чат.

Все участники группы будут пришлашены, но не все смогут присоединиться."
Feature.Chat.Description.ExpressiveChatLearnMore,"Расширенные функции чата включают в себя чат без фильтров и голосовой чат команды.

Доступ к расширенным функциям чата ограничен до тех пор, пока все участники не получат право на участие, и чат будет обновлён."
Feature.Chat.Description.NameGroup,Назови свою группу
Feature.Chat.Description.NameGroupChat,Дать название групповому чату
Feature.Chat.Description.OSAContextCardDescription,Твоя безопасность имеет значение. Чувствуешь себя некомфортно? Ты можешь заблокировать пользователя или пожаловаться на него в любое время в его профиле.
Feature.Chat.Description.SnoozeDescription,Ты можешь отключить функцию «Позже» в меню плейса.
Feature.Chat.Drawer.Join,
Feature.Chat.Drawer.PinGame,Закрепить
Feature.Chat.Drawer.PlayGame,Посетить плейс
Feature.Chat.Drawer.ViewDetails,
Feature.Chat.Heading.ChatWithConnections,Чат с контактами
Feature.Chat.Heading.ChatWithFriends,Общайтесь с друзьями
Feature.Chat.Heading.CreateUnfilteredChatDialog,Создать новую группу с расширенными функциями чата?
Feature.Chat.Heading.ExpressiveChat,Чат с уникальными функциями
Feature.Chat.Heading.FailedToLeaveGroup,Не удалось выйти из группы
Feature.Chat.Heading.FailedToRemoveUser,Не удалось исключить пользователя
Feature.Chat.Heading.FirstConversationWith,Первое обсуждение с {displayName}
Feature.Chat.Heading.FirstConversationWithThisUser,Первая беседа с этим человеком
Feature.Chat.Heading.FirstInteractionWith,Первое взаимодействие с {displayName}
Feature.Chat.Heading.FirstInteractionWithThisPerson,Первое взаимодействие с этим человеком
Feature.Chat.Heading.LeaveGroup,Выйти из группы
Feature.Chat.Heading.PartyWithConnections,Создать команду с контактами
Feature.Chat.Heading.PartyWithFriends,Создать команду с друзьями
Feature.Chat.Heading.ShareGameToChat,Поделиться плейсом в чате
Feature.Chat.Label.AddConnections,
Feature.Chat.Label.AddFriends,Добавить друзей
Feature.Chat.Label.Available,Доступно
Feature.Chat.Label.ByBuilder,Автор: {USERNAME}
Feature.Chat.Label.ChatDetails,Сведения о чате
Feature.Chat.Label.ChatDisabled,Чат отключён
Feature.Chat.Label.ChatGroupName,Название группового чата
Feature.Chat.Label.ChatInputPlaceholder,Скажи что-нибудь
Feature.Chat.Label.ContentLoadingFailed,Не удалось загрузить этот контент
Feature.Chat.Label.CreateUnfilteredChat,Создать группу с расширенными функциями чата
Feature.Chat.Label.Details,
Feature.Chat.Label.ExpandedChatFeatures,Уникальные функции чата
Feature.Chat.Label.General,Общее
Feature.Chat.Label.Group.ThemRepliedToOther,{DISPLAY_NAME_1} отвечает {DISPLAY_NAME_2}
Feature.Chat.Label.Group.ThemRepliedToThem,{DISPLAY_NAME} отвечает на своё сообщение
Feature.Chat.Label.Group.ThemRepliedToYou,{DISPLAY_NAME} отвечает тебе
Feature.Chat.Label.Group.YouRepliedToThem,В ответ {DISPLAY_NAME}
Feature.Chat.Label.GroupName,Имя группы
Feature.Chat.Label.Members,Участники
Feature.Chat.Label.New,Новинка
Feature.Chat.Label.NoDescriptionYet,Описания пока нет.
Feature.Chat.Label.NotImplementedMessageType,Не удалось отобразить сообщение.
Feature.Chat.Label.NotSet,Не задано
Feature.Chat.Label.OneToOne.ThemRepliedToThem,Ответили себе
Feature.Chat.Label.OneToOne.ThemRepliedToYou,Тебе ответили
Feature.Chat.Label.OneToOne.YouRepliedToThem,Твой ответ
Feature.Chat.Label.Pending,Ожидание
Feature.Chat.Label.PrivacySettings,Настройки конфиденциальности
Feature.Chat.Label.ReplyingToOthers,
Feature.Chat.Label.ReplyingToYourself,Ответить себе
Feature.Chat.Label.SearchConnections,Поиск по контактам
Feature.Chat.Label.SearchForFriendsAndChat,Поиск бесед
Feature.Chat.Label.SearchWord,
Feature.Chat.Label.Sent,Отправленные
Feature.Chat.Label.SnoozeChatNotifications,Отключить уведомления чата внутри плейса:
Feature.Chat.Label.SnoozePartyNotifications,Отключить уведомления команды внутри плейса:
Feature.Chat.Label.Unavailable,
Feature.Chat.Label.UnknownUser,неизвестный пользователь
Feature.Chat.Label.User,Пользователь
Feature.Chat.Label.ViewProfile,Просмотреть профиль
Feature.Chat.Label.YouRepliedToYou,Твой ответ себе
Feature.Chat.Message.AddConnectionsLimit,Максимум контактов в групповом чате: {connectionsNum}.
Feature.Chat.Message.AddConnectionsPartyLimit,Максимум контактов в команде: {connectionsNum}.
Feature.Chat.Message.AddConnectionsPartyLimitSingular,Можно создать команду только с 1 контактом в связи с настройками конфиденциальности.
Feature.Chat.Message.ChatIsDisabledByPrivacySetting,Чат отключен. Ты можешь включить его в настройках конфиденциальности.
Feature.Chat.Message.ChatUnavailableRegion,В настоящее время чат недоступен в твоём регионе.
Feature.Chat.Message.ChatUnavailableWithUser,В настоящее время чат с этим пользователем недоступен.
Feature.Chat.Message.Default,В этом чате не все могут видеть твоё сообщение.
Feature.Chat.Message.EnableChat,"Чтобы общаться с контактами, включи чат в Настройках конфиденциальности."
Feature.Chat.Message.EnableParty,"Чтобы создавать команду с контактами, включи настройку в Настройках конфиденциальности."
Feature.Chat.Message.FailedToLeaveGroup,Тебя не удалось исключить из беседы «{CONVERSATION_TITLE}».
Feature.Chat.Message.FailedToLeaveGroup.V2,Тебя не удалось исключить из группы «{CONVERSATION_TITLE}».
Feature.Chat.Message.FailedToRemoveUser,Не удалось исключить {USERNAME} из беседы «{CONVERSATION_TITLE}».
Feature.Chat.Message.FailedToRemoveUser.V2,Не удалось исключить {USERNAME} из группы «{CONVERSATION_TITLE}».
Feature.Chat.Message.FailedToRenameConversation,Название беседы «{EXISTING_NAME}» не удалось сменить на «{NEW_NAME}».
Feature.Chat.Message.FailedToRenameConversation.V2,Название группы «{EXISTING_NAME}» не удалось сменить на «{NEW_NAME}».
Feature.Chat.Message.GroupConnectionLimitSingular,Можно добавить только 1 контакт в чат
Feature.Chat.Message.LeaveGroup,Ты не можешь продолжать общаться с этой группой.
Feature.Chat.Message.LeaveGroup.V2,Выйти из игры?
Feature.Chat.Message.MakeConnectionsToChat,"Добавь контакты в Roblox, чтобы начать общаться"
Feature.Chat.Message.MakeConnectionsToParty,"Добавь контакты в Roblox, чтобы создать общую команду"
Feature.Chat.Message.MakeFriendsToChat,"Заведи друзей на Roblox, чтобы начать общаться"
Feature.Chat.Message.MakeFriendsToParty,"Заведи друзей на Roblox, чтобы создавать команды"
Feature.Chat.Message.MessageContentModerated,Твоё сообщение подверглось модерации и не было отправлено.
Feature.Chat.Message.MessageUnavailable,Сообщение недоступно
Feature.Chat.Message.OneUserTyping,{DISPLAY_NAME} печатает...
Feature.Chat.Message.PartyUnavailableRegion,В настоящее время создание команды недоступно в твоём регионе.
Feature.Chat.Message.PartyUnavailableWithUser,В настоящее время создание команды с этим пользователем недоступно.
Feature.Chat.Message.RemoveUser,Ты точно хочешь исключить пользователя {USERNAME} из этого группового чата?
Feature.Chat.Message.RemoveUser.V2,Ты точно хочешь исключить пользователя {USERNAME} из этой группы?
Feature.Chat.Message.RemovedFromConversation,Тебя исключили из группы.
Feature.Chat.Message.SeveralUsersTyping,Несколько пользователей печатают...
Feature.Chat.Message.TurnOnChat,"Чтобы общаться с друзьями, включи чат в Настройках конфиденциальности."
Feature.Chat.Message.TurnOnParty,"Чтобы создать команду с друзьями, включи «Команду» в Настройках конфиденциальности."
Feature.Chat.Message.TwoUsersTyping,{DISPLAY_NAME_1} и {DISPLAY_NAME_2} печатают...
Feature.Chat.Response.ChatNameFullyModerated,Название группового чата было отмодерировано.
Feature.Chat.Response.ChatNameFullyModerated.V2,Название группы было отмодерировано.
Feature.Chat.Response.Failed,
Feature.Chat.Response.NetworkError,Ошибка сети
Feature.Chat.Response.Sending,Отправка
Feature.Chat.RobloxConnectUnavailableWithUser,В настоящее время Roblox Connect недоступен с этим пользователем.
Feature.Chat.ShareGameToChat.Favorites,Избранное
Feature.Chat.ShareGameToChat.FriendActivity,Активность друзей
Feature.Chat.ShareGameToChat.NoFavoriteGames,Нет избранных игр
Feature.Chat.ShareGameToChat.NoFriendActivity,Нет активности друзей
Feature.Chat.ShareGameToChat.NoPopularGames,Популярные плейсы недоступны
Feature.Chat.ShareGameToChat.NoRecentGames,Нет недавних игр
Feature.Chat.ShareGameToChat.Popular,Популярное
Feature.Chat.ShareGameToChat.Recent,Недавнее
Feature.Chat.Text.NoConnections,"Ни одного контакта не добавлено. Чтобы начать, найди и добавь контакты в Roblox."
Feature.Chat.Toast.Error.InvalidUserSelected,Один или несколько человек из этого списка не могут быть добавлены
Feature.CommunityLinks.Description.CommunityDefault,"Присоединяйся к официальному сообществу Guilded для плейса {experienceName}, чтобы просмотреть объявления и многое другое!"
Feature.CommunityLinks.Heading.CommunityTitle,Присоединиться к сообществу
Feature.CommunityLinks.Label.ViewButton,Просмотр
Feature.ContactMethodUpsell.Action.AddPhoneNumber,Добавить номер телефона
Feature.ContactMethodUpsell.Action.Continue,
Feature.ContactMethodUpsell.Action.LearnMore,
Feature.ContactMethodUpsell.Action.SecureYourAccount,Защити аккаунт
Feature.ContactMethodUpsell.Description.HomePageUpsellCardAddPhoneText,"Добавь номер телефона, чтобы не потерять доступ к друзьям, аватарам и Robux."
Feature.ContactMethodUpsell.Label.AddEmail,Добавить эл. почту
Feature.ContactMethodUpsell.Label.AddPhone,Добавить телефон
Feature.ContactMethodUpsell.Label.PleaseAddEmail,"Введи адрес эл. почты, который будет добавлен к твоему аккаунту."
Feature.ContactMethodUpsell.Label.RecoverYourAccount,Быстрое восстановление аккаунта в случае потери пароля.
Feature.ContactMethodUpsell.Title.HomePageUpsellCardLockOutTitle,Не потеряй доступ к своему аккаунту
Feature.ContactUpsell.Action.AddEmailInstead,
Feature.ContactUpsell.Action.Continue,
Feature.ContactUpsell.Header.UnlockVoiceChat,Включи голосовой чат
Feature.ContactUpsell.Heading.LetFriendsFindYou,Пусть друзья находят тебя!
Feature.Contacts.Action.Invite,Пригласить
Feature.Contacts.Action.Search,
Feature.Contacts.Description.ContactsList,"С кем бы тебе хотелось исследовать Roblox? Отправь ссылку, чтобы стать друзьями в Roblox!"
Feature.Contacts.Description.ContactsMixedList,С кем бы тебе хотелось познакомиться в Roblox? Добавь друзей на Roblox или отправь контактам ссылку на запрос дружбы.
Feature.Contacts.Description.ContactsProfileView,"Твой контакт {contactName} зарегистрирован в Roblox. После того как вы станете друзьями, ты сможешь увидеть его полный профиль."
Feature.Contacts.FindFriendsBanner.Button,Найти друзей
Feature.Contacts.FindFriendsBanner.Description,"Посмотри, кто из твоих друзей зарегистрированы в Roblox, добавив свой номер телефона."
Feature.Contacts.FindFriendsBanner.DescriptionPV,"Контакты, которые зарегистрированы в Roblox, появятся здесь, когда они будут доступны."
Feature.Contacts.FindFriendsBanner.DescriptionV2,"Помоги нам связать тебя с друзьями, добавив номер телефона."
Feature.Contacts.Heading.HelpFriendsFindYou,Пусть друзья тебя находят
Feature.Contacts.Heading.LetFriendsFindYou,Пусть тебя находят друзья
Feature.Contacts.Heading.SettingSaved,Настройка сохранена.
Feature.Contacts.Label.DiscoverabilityOptIn,Рекомендовать меня пользователям Roblox на основе моего номера телефона.
Feature.Contacts.Label.FindContacts,Найти контакты
Feature.Contacts.Label.Invite,Пригласить в Roblox
Feature.Contacts.Label.OnRoblox,В Roblox
Feature.Contacts.Message.AddFriends,
Feature.Contacts.Message.ContactDiscoverable,"Чтобы помочь тебе найти друзей, пользователи Roblox с твоим номером телефона в контактах смогут добавить тебя и увидеть твоё имя, сохранённое на их телефоне."
Feature.Contacts.Message.InviteToRoblox,"Добавь меня в контакты в Roblox, чтобы мы могли создавать, делиться и исследовать плейсы вместе."
Feature.Contacts.Message.NoResults,Нет результатов.
Feature.ContentFeed.Action.Delete,Удалить публикацию
Feature.ContentFeed.Action.Report,
Feature.ContentFeed.Body.PostsNotFound,Публикация недоступна
Feature.ContentFeed.Label.NotRated,Без рейтинга
Feature.ContentFeed.Label.Rating,Рейтинг {rating}%
Feature.ContentFeed.Timestamp.DaysAgo,{numDays}дн назад
Feature.ContentFeed.Timestamp.HoursAgo,{numHours}ч назад
Feature.ContentFeed.Timestamp.MinutesAgo,{numMinutes}мин назад
Feature.ContentFeed.Timestamp.Now,сейчас
Feature.ContentFeed.Timestamp.WeeksAgo,{numWeeks}нед. назад
Feature.DevSubs.Action.CancelSubscription,Отменить подписку
Feature.DevSubs.Action.RenewSubscription,Обновить подписку
Feature.DevSubs.Label.ActiveSubscriptions,Активные подписки
Feature.DevSubs.Label.DiscontinueDate,Дата прекращения: {date}
Feature.DevSubs.Label.ExpirationDate,Срок действия: {date}
Feature.DevSubs.Label.InactiveSubscriptions,Неактивные подписки
Feature.DevSubs.Label.RenewalDate,Дата продления: {date}
Feature.DevSubs.Message.ConfirmCancellation,Ты действительно хочешь отменить подписку?
Feature.DevSubs.UserManagement.MonthlyPrice,{robuxAmount} в месяц
Feature.DeveloperProducts.Heading.Products,Товары
Feature.DeveloperProducts.Heading.Success,
Feature.DeveloperProducts.Message.BackToStore,Вернуться в магазин
Feature.DeveloperProducts.Message.OK,
Feature.DeveloperProducts.Message.PurchaseSucceed,"Покупка совершена: «{productName}». Покупка будет активирована после того, как ты присоединишься к плейсу."
Feature.DisplayName.ErrorMessage.AgedUpNameContainPII,Имя может содержать личную информацию.
Feature.DisplayName.ErrorMessage.AgedUpNameHasChanged,Твоё имя уже было изменено за последние 7 дней
Feature.DisplayName.ErrorMessage.AgedUpNameInappropriate,Имя не подходит для Roblox
Feature.DisplayName.ErrorMessage.AgedUpNameNotAvailable,Имя недоступно
Feature.DisplayName.ErrorMessage.AgedUpNameTooLong,Имя должно содержать не более 20 символов
Feature.DisplayName.ErrorMessage.AgedUpNameTooShort,Имя должно содержать не менее 3 символов
Feature.DisplayName.ErrorMessage.AgedUpNameUnsupportedChars,Имя содержит неподдерживаемые символы
Feature.DisplayName.ErrorMessage.NameContainPII,"Вероятно, отображаемое имя содержит личную информацию"
Feature.DisplayName.ErrorMessage.NameHasChanged,Отображаемое имя уже было изменено в последние 7 дней
Feature.DisplayName.ErrorMessage.NameInappropriate,Отображаемое имя не подходит для Roblox
Feature.DisplayName.ErrorMessage.NameMoreThanOneCharacterKind,Имена не могут иметь более одного типа знаков
Feature.DisplayName.ErrorMessage.NameNotAvailable,Отображаемое имя недоступно
Feature.DisplayName.ErrorMessage.NameTooLong,В отображаемом имени должно быть не более 20 символов.
Feature.DisplayName.ErrorMessage.NameTooShort,Отображаемое имя должно быть не менее 3 символов
Feature.DisplayName.ErrorMessage.NameUnsupportedChars,Отображаемое имя содержит неподдерживаемые символы.
Feature.DisplayName.ErrorMessage.SomethingWentWrong,
Feature.DisplayName.Label.AgedUpNameField,Имя
Feature.DisplayName.Label.ErrorsWithAgedUpDisplayName,Имя содержит ошибки.
Feature.DisplayName.Label.GeneratedUserName,"Это уникальное имя пользователя @username предлагается на основе твоего имени, и его всё ещё можно отредактировать. Оно будет использоваться для входа."
Feature.DisplayName.Label.MixedCharactersError,содержит только один набор символов
Feature.DisplayName.Label.ModeratedCheck,модерация
Feature.DisplayName.Label.SignUpAgedUpDisplayName,Выбери имя для своего профиля Roblox
Feature.DisplayName.Label.ValidCharacters,содержит только действительные символы
Feature.DisplayName.Label.ValidationFailed,"Неизвестная ошибка. Попробуй ещё раз или пропусти этот шаг, чтобы зарегистрироваться без имени"
Feature.Durables.Filter.Title,Lorem ipsum
Feature.Durables.InfoModal.Description,
Feature.Durables.InfoModal.Title,
Feature.Durables.ItemDetails.WearTimeOptions.Button.Infinite,
Feature.Durables.ItemDetails.WearTimeOptions.Title,
Feature.DynamicUI.Translation.Reporting.IllegalContentEUBody,"Чтобы сообщить о незаконном контенте в соответствии с определением Закона о цифровых услугах (ЕС), посети: https://www.roblox.com/illegal-content-reporting"
Feature.EmptyStatePage.Message.NoInternet,Нет подключения к интернету
Feature.EnhancedVideo.Label.Ad,Реклама
Feature.ExperienceDetails.AskYourParentModal.Action.AskNow,
Feature.ExperienceDetails.AskYourParentModal.Action.Cancel,
Feature.ExperienceDetails.AskYourParentModal.Label.Body,"Чтобы присоединиться к этому плейсу, необходимо разрешение родителя."
Feature.ExperienceDetails.AskYourParentModal.Label.Title,
Feature.ExperienceDetails.Body.DescriptionTitle,Описание
Feature.ExperienceDetails.Body.NotesTitle,Примечание
Feature.ExperienceDetails.Body.StatsInfoTitle,Статистика и информация
Feature.ExperienceDetails.Label.NotPlayable,Нельзя играть
Feature.ExperienceDetails.PlayButtonText.ActionNeeded,
Feature.ExperienceDetails.PlayButtonText.Buy,
Feature.ExperienceDetails.PlayButtonText.Unavailable,
Feature.ExperienceDetails.RestrictedUnplayableModal.Action.Ok,
Feature.ExperienceDetails.RestrictedUnplayableModal.Label.Body,Только пользователи в возрасте от 17 лет имеют доступ к закрытым плейсам.
Feature.ExperienceDetails.RestrictedUnplayableModal.Label.Title,Содержание ограничено
Feature.ExperienceDetails.UnplayableError.AccountRestricted,Этот плейс не доступен из-за настройки зрелости контента
Feature.ExperienceDetails.UnplayableError.ComplianceBlocked,В настоящее время этот плейс недоступен
Feature.ExperienceDetails.UnplayableError.ContextualPlayabilityAgeGated,Этот плейс не доступен из-за возрастных ограничений
Feature.ExperienceDetails.UnplayableError.ContextualPlayabilityAgeGatedByDescriptor,
Feature.ExperienceDetails.UnplayableError.ContextualPlayabilityAgeRecommendationParentalControls,"Чтобы присоединиться к этому плейсу, обнови настройки зрелости контента."
Feature.ExperienceDetails.UnplayableError.ContextualPlayabilityExperienceBlockedParentalControls,"Твой родитель заблокировал этот плейс. Чтобы присоединиться к этому плейсу, попроси у своего родителя установить разрешение в настройках."
Feature.ExperienceDetails.UnplayableError.ContextualPlayabilityRegionalAvailability,В настоящее время этот плейс недоступен в твоём регионе
Feature.ExperienceDetails.UnplayableError.ContextualPlayabilityRegionalCompliance,
Feature.ExperienceDetails.UnplayableError.ContextualPlayabilityUnrated,"Этот плейс недоступен, потому что у него нет оценок"
Feature.ExperienceDetails.UnplayableError.DeviceRestrictedCustom,Этот плейс недоступен на: {device}
Feature.ExperienceDetails.UnplayableError.DeviceRestrictedDefault,В настоящее время этот плейс недоступен на твоём устройстве
Feature.ExperienceDetails.UnplayableError.GameUnapproved,
Feature.ExperienceDetails.UnplayableError.IncorrectConfiguration,
Feature.ExperienceDetails.UnplayableError.InsufficientPermissionFriendsOnly,У тебя нет доступа к этому плейсу
Feature.ExperienceDetails.UnplayableError.InsufficientPermissionGroupOnly,
Feature.ExperienceDetails.UnplayableError.PlaceHasNoPublishedVersion,
Feature.ExperienceDetails.UnplayableError.TemporarilyUnavailable,
Feature.ExperienceDetails.UnplayableError.UnderReview,В настоящее время этот плейс проходит проверку
Feature.ExperienceDetails.UnplayableError.UniverseRootPlaceIsPrivate,Этот плейс имеет закрытый доступ
Feature.ExperienceDetails.UnplayableError.UnplayableOther,
Feature.ExperienceDetails.UpdateMaturitySettingModal.Action.Cancel,
Feature.ExperienceDetails.UpdateMaturitySettingModal.Action.GoToSettings,
Feature.ExperienceDetails.UpdateMaturitySettingModal.Console.Action.Ok,
Feature.ExperienceDetails.UpdateMaturitySettingModal.Console.Label.Body,"Чтобы присоединиться к этому плейсу, обнови настройки зрелости контента в сети или на устройстве-компаньоне."
Feature.ExperienceDetails.UpdateMaturitySettingModal.Console.Label.Title,Контент недоступен
Feature.ExperienceDetails.UpdateMaturitySettingModal.Label.Body,"Чтобы получить доступ к этому плейсу, обнови настройки зрелости контента."
Feature.ExperienceDetails.UpdateMaturitySettingModal.Label.Title,
Feature.FaceChat.Subtitle.FeatureDisabled,Анимация лица временно недоступна. Повтори попытку позже.
Feature.FaceChat.Subtitle.UnableToAccessCamera,"Чтобы анимировать аватар с помощью камеры, перейди в настройки операционной системы, чтобы разрешить использование камеры"
Feature.Favorites.Label.Favorite,
Feature.Favorites.Label.Favorited,
Feature.Friends.Action.AcceptFriend,Принять друга
Feature.Friends.Action.AccountDeleted,Аккаунт удалён
Feature.Friends.Action.Add,
Feature.Friends.Action.Block,
Feature.Friends.Action.Close,
Feature.Friends.Action.ConnectionAdded,Контакт добавлен
Feature.Friends.Action.ConnectionRequestSent,Запрос на добавление в контакты отправлен
Feature.Friends.Action.EditProfile,Изменить профиль
Feature.Friends.Action.FindFriends,
Feature.Friends.Action.FriendAdded,
Feature.Friends.Action.FriendRemoved,Друг удалён
Feature.Friends.Action.FriendRequestSent,Запрос дружбы отправлен
Feature.Friends.Action.GetStarted,Начало работы
Feature.Friends.Action.GoToAddFriends,Перейти в «Добавить друзей»
Feature.Friends.Action.InviteFriends,Пригласи своих контактов стать друзьями в Roblox.
Feature.Friends.Action.InviteProviderFriends,Пригласить друзей из: {provider}
Feature.Friends.Action.PendingRequest,Запрос в обработке
Feature.Friends.Action.ShowMore,
Feature.Friends.Action.Unblock,Разблокировать
Feature.Friends.Action.Unfriend,Удалить из друзей
Feature.Friends.Action.ViewPlatformProfile,Просмотреть карту игрока
Feature.Friends.Button.GotIt,
Feature.Friends.Description.ContactsModal,"Твои контакты есть в Roblox! Добавь их в друзья, чтобы увидеть их полные аватары и профили. Перейди на страницу «Добавить друзей», чтобы увидеть больше людей, которых ты можешь знать."
Feature.Friends.Description.FoundFromContactImporter,Отправлено от импортера контактов
Feature.Friends.Description.FromContacts,Из контактов
Feature.Friends.Description.FromContactsV2,{contactName} из контактов
Feature.Friends.Description.FromQrCode,Из QR-кода
Feature.Friends.Error.AlreadyFriendError,Этот пользователь уже добавлен.
Feature.Friends.Error.DefaultFriendingError,Не удаётся отправить запрос на дружбу. Повтори попытку позже.
Feature.Friends.Error.InvalidNicknameError,У этого пользователя неверный никнейм.
Feature.Friends.Error.InvalidTargetUserError,Этот пользователь недействителен или не существует.
Feature.Friends.Error.MaxFriendsError,Количество друзей достигло максимума.
Feature.Friends.Error.ParentalControlUnblockError,Ваш родитель заблокировал этого пользователя. Попроси своего родителя разблокировать этого пользователя в настройках.
Feature.Friends.Error.TargetAlreadyBlockedError,Этот пользователь уже заблокирован.
Feature.Friends.Error.UnauthorizedError,Нужна авторизация для выполнения этого действия.
Feature.Friends.Error.UnblockTargetBlockedOnPlatform,Этот пользователь заблокирован на другой платформе.
Feature.Friends.Error.UnblockTargetNotBlockedError,Этот пользователь не заблокирован.
Feature.Friends.Error.UserBannedError,Невозможно выполнить эту операцию в связи с блокировкой.
Feature.Friends.Error.UserBlockedError,
Feature.Friends.Error.UserNotPassedCaptcha,Капча не пройдена
Feature.Friends.Feature.Friends.Heading.AddFriends,
Feature.Friends.FriendingTooltipBody,"Некоторые запросы в друзья могут поступать от пользователей, нашедших тебя по номеру телефона. Убедись, что вы знакомы, прежде чем стать друзьями."
Feature.Friends.Heading.FilterBy,Фильтр по
Feature.Friends.Heading.MyConnections,Мои контакты
Feature.Friends.Label.AddConnectionsHint,С контактами Roblox веселее!
Feature.Friends.Label.AddConnectionsHintBody,Добавь знакомых или найди новые контакты
Feature.Friends.Label.All,
Feature.Friends.Label.AllowContactsAccess,"Разреши доступ к своим контактам, чтобы связаться с друзьями в Roblox!"
Feature.Friends.Label.Cancel,
Feature.Friends.Label.ConnectWithFriends,Объединяйся с друзьями
Feature.Friends.Label.ConnectedNumDays,В контакте {num} дн.
Feature.Friends.Label.ConnectedNumMonths,В контакте {num} мес.
Feature.Friends.Label.ConnectedNumYears,В контакте {num} лет
Feature.Friends.Label.ConnectedOneDay,В контакте 1 день
Feature.Friends.Label.ConnectedOneMonth,В контакте 1 месяц
Feature.Friends.Label.ConnectedOneYear,В контакте 1 год
Feature.Friends.Label.ConnectionRemoved,Контакт удалён
Feature.Friends.Label.ConnectionRequest,
Feature.Friends.Label.ConnectionsCount,Контакты ({connectionCount})
Feature.Friends.Label.ContactsCaption,"Чтобы помочь тебе и твоим друзьям найти друг друга в Roblox, Roblox регулярно синхронизирует твои контакты и хранит подходящих тебе пользователей. Ты можешь изменить это в любое время в настройках аккаунта."
Feature.Friends.Label.FewestInteractions,Меньше взаимодействий
Feature.Friends.Label.FindFriendsHintBody,Общайся со своими друзьями или заведи новых!
Feature.Friends.Label.Follower,Подписчик
Feature.Friends.Label.Followers,Подписчики
Feature.Friends.Label.Following,
Feature.Friends.Label.FollowsYou,
Feature.Friends.Label.Frequent,Сыграно вместе
Feature.Friends.Label.Friend,Друг
Feature.Friends.Label.FriendInvite,Приглашает тебя стать друзьями в Roblox
Feature.Friends.Label.FriendRequest,
Feature.Friends.Label.FriendingTooltip,Совет!
Feature.Friends.Label.Friends,
Feature.Friends.Label.InGame,
Feature.Friends.Label.IntroducingConnections,Представляем контакты
Feature.Friends.Label.JoinedInYear,Год присоединения: {year}
Feature.Friends.Label.ManageFriendsList,Управление списком друзей
Feature.Friends.Label.ManageFriendsListCaption,"Просмотри друзей, с которыми ты общался меньше всего, чтобы поддерживать список друзей в актуальном состоянии."
Feature.Friends.Label.MutualConnection,1 общий контакт
Feature.Friends.Label.MutualConnections,Общих контактов: {numConnections}
Feature.Friends.Label.MutualFriends,Общие друзья:
Feature.Friends.Label.MyProfile,
Feature.Friends.Label.NewConnection,Новый контакт
Feature.Friends.Label.NewFriendRequestsMax,{maxRequestsCount}+
Feature.Friends.Label.PYMK,Возможно вы знакомы
Feature.Friends.Label.Pending,
Feature.Friends.Label.Request,Запрос
Feature.Friends.Label.SearchFriends,Поиск друзей
Feature.Friends.Label.SearchPeople,
Feature.Friends.Label.SentFromWithContext,Отправлено из: {gameName}
Feature.Friends.Label.SingularMutualFriend,общий друг
Feature.Friends.Label.Suggested,Рекомендуемый
Feature.Friends.Label.Unfollowed,Подписка отменена
Feature.Friends.Label.UnlockVoice,Включить голосовой чат
Feature.Friends.Label.YouAreFollowing,Подписка
Feature.Friends.LinkText.LearnMore,
Feature.Friends.Message.DiscoverableSettings,"Хочешь, чтобы мы рекомендовали тебя другим пользователям Roblox, у которых есть твой номер телефона?"
Feature.Friends.Message.EmptyState,"Когда твои контакты станут доступны, ты сможешь найти их в разделе «Добавить друзей»."
Feature.Friends.Message.FloodLimitExceededError,Ты слишком часто выполняешь это действие. Немного подожди и попробуй снова.
Feature.Friends.Message.NameFromContacts,"При использовании Roblox пользователи с твоим номером телефона смогут видеть твоё имя, сохранённое на устройстве."
Feature.Friends.Message.RevokedContacts,"Чтобы использовать эту функцию, перейди в Roblox в настройках своего устройства и включи контакты."
Feature.Friends.Message.UploadContactsFailure,Произошла ошибка при загрузке содержимого. Повтори попытку позже на странице «Добавить друзей».
Feature.Friends.Message.ViewAndConnectHint,Просмотреть запросы на добавление в контакты и добавить знакомых
Feature.Friends.Message.ViewAndConnectTooltip,Просмотреть запросы на добавление в друзья и добавить знакомых.
Feature.Friends.OneMutualConnection,общий контакт
Feature.Friends.OneMutualFriend,— общий друг
Feature.Friends.OneOtherMutualConnection,другой общий контакт
Feature.Friends.OneOtherMutualFriend,
Feature.Friends.PluralMutualConnections,общие контакты 
Feature.Friends.PluralMutualFriends,— общие друзья
Feature.Friends.PluralOtherMutualConnections,другие общие контакты 
Feature.Friends.PluralOtherMutualFriends,
Feature.Friends.Subtitle.ConnectionsEducation,"Проще играть и общаться с контактами. Ты можешь в любое время удалить контакт, заблокировать или пожаловаться на него."
Feature.Friends.Subtitle.FriendsEducation,
Feature.Friends.TCEducation.Banner.Text,"Добавляй доверенные контакты с помощью QR-кода или через контакты, чтобы разблокировать чат без фильтров, голосовой чат команды и многое другое."
Feature.Friends.TCEducation.Modal.TextOutro,"Скоро появятся новые способы добавления пользователей в список доверенных контактов. Управляй тем, кто может связаться с тобой, управляя своими контактами."
Feature.Friends.TCEducation.Title,Добавить знакомых
Feature.Friends.TCFeature.AndMore,и многое другое
Feature.Friends.TCFeature.ChatWithoutFilters,Чат без фильтров
Feature.Friends.TCFeature.PartyVoice,Голосовое общение команды
Feature.Friends.Text.NoConnections,"Ни одного контакта не добавлено. Чтобы начать, найди и добавь контакты."
Feature.Friends.Text.NoFriends,"Друзья не добавлены. Чтобы начать, найди и добавь друзей в Roblox."
Feature.Friends.TrustedConnection.Action.RemoveTrustedConnection,Удалить доверенный контакт
Feature.Friends.TrustedConnection.Label.AddTrustedConnection,Добавить доверенный контакт
Feature.Friends.TrustedConnection.Toast.TrustedConnectionRemoved,Доверенный контакт удалён
Feature.FriendsMenu.Label.SearchForConnections,
Feature.FriendsMenu.Label.SelectedConnectionsCountNoLimit,Выбрано контактов: {selectedCount}
Feature.FriendsMenu.Label.SelectedFriendsCount,Выбрано друзей: {numerator}/{denominator}
Feature.FriendsMenu.Label.SelectedFriendsCountNoLimit,Выбрано друзей: {selectedCount}
Feature.GameDetails.Action.BuyRobux,
Feature.GameDetails.Action.Continue,
Feature.GameDetails.Action.CopyLink,
Feature.GameDetails.Action.CreatePrivateGame,Создать частный сервер
Feature.GameDetails.Action.GiveFeedback,Оставить обратную связь
Feature.GameDetails.Action.InviteFriends,
Feature.GameDetails.Action.JoinFriendsInGame,Присоединиться к друзьям
Feature.GameDetails.Action.NotInterested,Не интересует
Feature.GameDetails.Action.Refund,Запросить возврат
Feature.GameDetails.Action.Report,
Feature.GameDetails.Action.Undo,Отменить
Feature.GameDetails.Action.Unlock,
Feature.GameDetails.Heading.FeaturedSongs,Топ-песен в {experienceName}
Feature.GameDetails.Heading.Media,Медиа
Feature.GameDetails.Heading.PurchaseGame,Открыть этот плейс
Feature.GameDetails.Heading.Recommended,Рекомендуемые
Feature.GameDetails.Label.Age,
Feature.GameDetails.Label.By,
Feature.GameDetails.Label.Camera,Камера
Feature.GameDetails.Label.ChatFeatures,Функции чата
Feature.GameDetails.Label.Community,Сообщество
Feature.GameDetails.Label.ContainsStrongLanguagePillWarning,Содержит нецензурную лексику
Feature.GameDetails.Label.ContentMaturity,Зрелость контента
Feature.GameDetails.Label.Created,Дата создания
Feature.GameDetails.Label.Developer,Разработчик
Feature.GameDetails.Label.DontLikeGame,Не нравится эта игра
Feature.GameDetails.Label.DontLikeImage,Не нравится это изображение
Feature.GameDetails.Label.Follow,Отслеживать
Feature.GameDetails.Label.FriendsSeparator,", "
Feature.GameDetails.Label.Genre,Жанр
Feature.GameDetails.Label.GenreAdventure,Приключения
Feature.GameDetails.Label.GenreAll,
Feature.GameDetails.Label.GenreBuilding,Строительство
Feature.GameDetails.Label.GenreComedy,Юмор
Feature.GameDetails.Label.GenreFPS,Шутеры (FPS)
Feature.GameDetails.Label.GenreFighting,Файтинги
Feature.GameDetails.Label.GenreInProgress,"В настоящее время показывается жанр для этого плейса. Оставайся на связи, пока мы создаём улучшенную жанровую систему."
Feature.GameDetails.Label.GenreMedieval,Средние века
Feature.GameDetails.Label.GenreMilitary,Военные
Feature.GameDetails.Label.GenreNaval,Морские
Feature.GameDetails.Label.GenreRPG,RPG
Feature.GameDetails.Label.GenreSciFi,Науч. фантастика
Feature.GameDetails.Label.GenreUnderConstruction,"В настоящее время жанры находятся в разработке и не доступны. Оставайся на связи, пока мы создаём улучшенную жанровую систему."
Feature.GameDetails.Label.GenreWestern,Вестерн
Feature.GameDetails.Label.Group,
Feature.GameDetails.Label.InappropriateContent,Недопустимое содержимое
Feature.GameDetails.Label.LabelGenreHorror,Ужастики
Feature.GameDetails.Label.LabelGenreSports,Спорт
Feature.GameDetails.Label.LabelGenreTownAndCity,Города
Feature.GameDetails.Label.LearnMore,
Feature.GameDetails.Label.Maturity,Зрелость
Feature.GameDetails.Label.MaxPlayers,Размер сервера
Feature.GameDetails.Label.Microphone,Микрофон
Feature.GameDetails.Label.NineAndOver,Возраст 9+
Feature.GameDetails.Label.No,
Feature.GameDetails.Label.None,
Feature.GameDetails.Label.NotSupported,Не поддерживается
Feature.GameDetails.Label.PassesAndGear,Пропуски и снаряжение
Feature.GameDetails.Label.Playing,Активно
Feature.GameDetails.Label.ProvideFeedbackTitle,Оставить отзыв
Feature.GameDetails.Label.Rating,Рейтинг
Feature.GameDetails.Label.ReportAbuse,Сообщить о нарушении
Feature.GameDetails.Label.Servers,Серверы
Feature.GameDetails.Label.SomethingElse,Что-то ещё
Feature.GameDetails.Label.Store,
Feature.GameDetails.Label.Subgenre,Поджанр
Feature.GameDetails.Label.Supported,Поддерживается
Feature.GameDetails.Label.TellUsMorePlaceholder,Расскажи подробнее
Feature.GameDetails.Label.TooRepetitive,Потворяется слишком часто
Feature.GameDetails.Label.Unavailable,
Feature.GameDetails.Label.Updated,Обновлено
Feature.GameDetails.Label.Upvoted,Одобренный пользователями
Feature.GameDetails.Label.Visits,Посещения
Feature.GameDetails.Label.VoiceChat,
Feature.GameDetails.Label.VoiceEnabled,Голосовой чат включён
Feature.GameDetails.Label.Votes,Голоса: {votes}
Feature.GameDetails.Label.Yes,
Feature.GameDetails.Message.AnonymousFeedbackTermsOfUse,Ответы публикуются анонимно и считаются обратной связью в соответствии с {underlineStart}Условиями использования Roblox{underlineEnd}.
Feature.GameDetails.Message.BuyMoreRobuxToPurchaseGameV2,"Не хватает {shortfallPrice} Robux, чтобы разблокировать доступ к {gameName}. Приобрести больше Robux?"
Feature.GameDetails.Message.ExternalLinkWarning,"Нажав «Продолжить», ты перейдёшь на сайт, не принадлежащий Roblox. Он регулируется другими Условиями использования и другой Политикой конфиденциальности."
Feature.GameDetails.Message.HelpImproveExperience,Помоги улучшить твоё взаимодействие с Roblox
Feature.GameDetails.Message.HidingExperienceQuestion,Почему ты скрываешь этот плейс?
Feature.GameDetails.Message.LeavingRobloxTitle,Ты покидаешь Roblox
Feature.GameDetails.Message.PurchaseGame,Разблокировать доступ к игре {gameName} за {X} Robux?
Feature.GameDetails.Message.PurchaseGameV2,
Feature.GameDetails.Message.SuggestLessOften,Мы будем предлагать это реже
Feature.GameDetails.RatingPercentOnly,Рейтинг {percentRating}%
Feature.GameDetails.Toast.LinkCopied,
Feature.GameFollows.LabelNotifications,
Feature.GameFollows.TooltipFollowLimitReached,"Достигнут лимит. Отпишись от других плейсов, чтобы подписаться на этот."
Feature.GameFollows.TooltipNotificationsButtonDescription,"Включи уведомления, чтобы ничего не пропустить"
Feature.GameFollows.TooltipNotificationsLimitReached,Достигнут лимит. Сначала отключи уведомления для других плейсов.
Feature.GameFollows.TooltipTurnedOffNotifications,Уведомления отключены для плейса {experienceName}
Feature.GameFollows.TooltipTurnedOnNotifications,Уведомления включены для плейса {experienceName}
Feature.GamePage.Action.BackToTop,Наверх
Feature.GamePage.Label.Sponsored,
Feature.GamePage.Label.SponsoredDisclosure,"Спонсируемые предметы оплачиваются создателями. Для пользователей ЕС они могут быть показаны на основе общей информации о типе устройства, местоположении и демографии. За пределами ЕС реклама может быть также показана на основе дополнительной информации."
Feature.GamePage.LabelCancelField,
Feature.GamePage.LabelNoSearchResults,Нет результатов
Feature.GamePage.LabelSearchInsteadForPlayersNamed,Искать для названных людей
Feature.GamePage.LabelShowingResultsFor,Результаты поиска по запросу
Feature.GamePage.QuickLaunch.LaunchError.ContextualPlayabilityUnverifiedSeventeenPlusUser,Этот плейс недоступен в связи со статусом подтверждения возраста.
Feature.GamePage.QuickLaunch.LaunchError.GuestProhibited,Гости не могут присоединиться к этой игре.
Feature.GamePage.QuickLaunch.LaunchError.PurchaseRequired,Необходимо оплатить вход в этот плейс.
Feature.GamePage.QuickLaunch.LaunchError.RequestFailed,Ошибка запроса сети.
Feature.GamePage.QuickLaunch.LaunchError.TemporarilyUnavailable,Сейчас невозможно зайти в этот плейс.
Feature.GamePass.Heading.PassesForThisGame,Пропуска
Feature.GamepadDisconnect.Label.Message,"Контроллер для пользователя ""%s"" был отключён. Нажми '%s' на контроллере, который хочешь использовать."
Feature.GamepadDisconnect.Label.MessageGeneric,Контроллер для пользователя «%s» был отключён. Подключи контроллер.
Feature.GamepadDisconnect.Label.Title,Отсутствующий контроллер
Feature.Groups.Action.Cancel,
Feature.Groups.Action.CancelRequest,Отменить запрос
Feature.Groups.Action.Close,
Feature.Groups.Action.Continue,
Feature.Groups.Action.CreateGroup,Создать сообщество
Feature.Groups.Action.Follow,Подписаться
Feature.Groups.Action.JoinGroup,
Feature.Groups.Action.LeaveGroup,Покинуть сообщество
Feature.Groups.Action.MakePrimary,Сделать основным
Feature.Groups.Action.More,больше
Feature.Groups.Action.RemovePrimary,Удалить основную
Feature.Groups.Action.SeeAll,Смотреть все
Feature.Groups.Action.Unfollow,Отписаться
Feature.Groups.Action.ViewGroup,Просмотреть сообщество
Feature.Groups.Description.PremiumMaxGroups,Ты состоишь в максимальном количестве сообществ.
Feature.Groups.Description.RequiresAccountTenureTooltipOneDay,Невозможно присоединиться. Для вступления в это сообщество аккаунт должен быть создан не менее 1 дня назад.
Feature.Groups.Description.RequiresAccountTenureTooltipOneMonth,Невозможно присоединиться. Для вступления в это сообщество аккаунт должен быть создан не менее 30 дней назад.
Feature.Groups.Description.RequiresAccountTenureTooltipOneWeek,Невозможно присоединиться. Для вступления в это сообщество аккаунт должен быть создан не менее 7 дней назад.
Feature.Groups.Description.RequiresAccountTenureTooltipThreeDays,Невозможно присоединиться. Для вступления в это сообщество аккаунт должен быть создан не менее 3 дней назад.
Feature.Groups.Description.RequiresAccountTenureTooltipThreeMonths,Невозможно присоединиться. Для вступления в это сообщество аккаунт должен быть создан не менее 90 дней назад.
Feature.Groups.Heading.Community,
Feature.Groups.Heading.Followers,
Feature.Groups.Heading.Groups,
Feature.Groups.Heading.Members,
Feature.Groups.Heading.MyGroups,Мои сообщества
Feature.Groups.Heading.Primary,Основная
Feature.Groups.Heading.SocialLinksNew,Ссылки на соцсети
Feature.Groups.Heading.SocialMedia,Соцсети
Feature.Groups.Heading.VerificationRequired,Требуется подтверждение аккаунта
Feature.Groups.Heading.Videos,Видео
Feature.Groups.Label.ByOwnerWithFormat,Автор: {ownerName}
Feature.Groups.Label.GroupClosed,Сообщество закрыто
Feature.Groups.Label.GroupLocked,Это сообщество было заблокировано
Feature.Groups.Label.Member,Участник
Feature.Groups.Label.Owned,Владелец
Feature.Groups.Label.PreviousNames,Предыдущие имена
Feature.Groups.Label.SearchMyGroups,Поиск по сообществам
Feature.Groups.Message.BannedFromGroup,Тебя заблокировали в этом сообществе.
Feature.Groups.Message.GroupClosed,Вы не можете вступить в закрытое коммьюнити.
Feature.Groups.Message.LoadGroupListError,Не удалось загрузить список сообщества.
Feature.Groups.Message.NoGroupsFound,Сообщества не найдены.
Feature.Groups.Message.NotInAnyGroups,Ты не состоишь в сообществах.
Feature.Groups.Message.PinLocked,Ты не можешь выполнить это действие с заблокированным ПИН-кодом. Разблокируй ПИН-код на странице «Настройки аккаунта».
Feature.Groups.Modal.ContentTextHigh,"Подтверди свой аккаунт, чтобы присоединиться к сообществу.

1. Перейди в Информация об аккаунте > Подтвердить возраст
2. Заверши процесс проверки"
Feature.Groups.Modal.ContentTextLow,"Подтверди свой аккаунт, чтобы вступить в сообщество.

1. Перейди к Информации об аккаунте
2. Выбери способ подтверждения:
    - Добавить номер телефона 
    - Добавить эл. почту
    - Подтвердить возраст
3. Звершить процесс проверки"
Feature.Groups.Modal.ContentTextMedium,"Подтверди свой аккаунт, чтобы вступить в сообщество.

1. Перейди к Информации об аккаунте
2. Выбери способ подтверждения:
    - Добавить номер телефона И Добавить эл. почту
    - Подтвердить возраст
3. Звершить процесс проверки"
Feature.Home.ActionSeeAll,
Feature.Home.AddProviderFriendHintTitle,"Нажмите здесь, чтобы добавить друзей из {provider}!"
Feature.Home.Button.Join,
Feature.Home.Experiment.Reminders.BodyPositiveVariant,"Не забывай, что Roblox должен оставаться безопасной развлекательной площадкой для всех. Играй честно и относись к другим игрокам с уважением."
Feature.Home.Experiment.Reminders.BodyShared,Недавно твой аккаунт нарушил правила Roblox: {policy_violation}.
Feature.Home.Experiment.Reminders.BodyWarningVariant,Соблюдайте Правила сообщества. При любых нарушениях аккаунт будет получать больше предупреждений или его действие может быть приостановлено.
Feature.Home.Experiment.Reminders.Button,
Feature.Home.Experiment.Reminders.Title,Не забывай о Правилах сообщества Roblox
Feature.Home.Experiment.Reminders.ViolationAdvertising,Запрещённые рекламные практики и контент
Feature.Home.Experiment.Reminders.ViolationAskingForPII,Распространение личной информации
Feature.Home.Experiment.Reminders.ViolationBullyingAndHarassment,Издевательства и домогательства
Feature.Home.Experiment.Reminders.ViolationCheatingAndExploiting,Обман
Feature.Home.Experiment.Reminders.ViolationContestsAndSweepstakes,Незаконные и регулируемые товары и деятельность
Feature.Home.Experiment.Reminders.ViolationDirectingUsersOffPlatform,Приглашение пользователей перейти на другую платформу
Feature.Home.Experiment.Reminders.ViolationDiscriminationAndHate,Дискриминация и ненависть
Feature.Home.Experiment.Reminders.ViolationDisruptiveAudio,Неправильное использование систем Roblox
Feature.Home.Experiment.Reminders.ViolationDmca,Нарушение интеллектуальной собственности
Feature.Home.Experiment.Reminders.ViolationEncouragingDangerousBehavior,"Суицид, самоповреждение и вредоносное поведение"
Feature.Home.Experiment.Reminders.ViolationExtortionAndBlackmail,"Угрозы, издевательства и домогательства"
Feature.Home.Experiment.Reminders.ViolationIllegalAndRegulatedGoodsAndActivities,
Feature.Home.Experiment.Reminders.ViolationIpViolation,
Feature.Home.Experiment.Reminders.ViolationIrlDangerousActivities,"Суицид, самоубийство и вредоносное поведение."
Feature.Home.Experiment.Reminders.ViolationMisleadingImpersonationMisrepresentation,
Feature.Home.Experiment.Reminders.ViolationMisusingRobloxSystems,
Feature.Home.Experiment.Reminders.ViolationOffPlatformSpeechAndBehavior,Опасное поведение или высказывания за пределами платформы
Feature.Home.Experiment.Reminders.ViolationPoliticalContent,Политическое содержание
Feature.Home.Experiment.Reminders.ViolationPoliticalContent.V2,Политические деятели и организации
Feature.Home.Experiment.Reminders.ViolationProfanity,Ненормативная лексика
Feature.Home.Experiment.Reminders.ViolationRealWorldTragedy,Трагические события в реальном мире
Feature.Home.Experiment.Reminders.ViolationRobloxEconomy,Нарушение экономики Roblox
Feature.Home.Experiment.Reminders.ViolationRomanticContent,Романтический контент
Feature.Home.Experiment.Reminders.ViolationScams,Мошенничество
Feature.Home.Experiment.Reminders.ViolationSexualContent,Содержание сексуального характера
Feature.Home.Experiment.Reminders.ViolationSharingYourOwnPii,
Feature.Home.Experiment.Reminders.ViolationSpam,Спам
Feature.Home.Experiment.Reminders.ViolationTerrorismExtremism,Терроризм и насильственный экстремизм
Feature.Home.Experiment.Reminders.ViolationThreatsOrAbuseOfRobloxEmployeesOrAffiliates,
Feature.Home.Experiment.Reminders.ViolationTrademark,
Feature.Home.Experiment.Reminders.ViolationViolentContentAndGore,"Изображение насилия, крови и увечий"
Feature.Home.Experiment.Reminders.ViolationVirtualCasino,Virtual Casino
Feature.Home.Heading.JoinYourFriends,Присоединяйся к друзьям
Feature.Home.HeadingFriends,Друзья ({friendCount})
Feature.Home.Label.HappeningNow,Происходит сейчас
Feature.Home.PeopleList.ChatWith,Написать {username}
Feature.Home.Robux,Robux
Feature.InAppBugReporting.Message.AppVersion,Номер: {value}
Feature.InAppBugReporting.Message.CommentEmptyError,Поле не может быть пустым
Feature.InAppBugReporting.Message.CommentLabel,
Feature.InAppBugReporting.Message.CommentPlaceholder,"Предоставь подробности, чтобы помочь воспроизвести проблему."
Feature.InAppBugReporting.Message.CommentTooShortError,Требуется минимум {minLength} зн.
Feature.InAppBugReporting.Message.DeviceName,Устройство: {value}
Feature.InAppBugReporting.Message.MinCharacterCount,Минимальное количество символов: {currentCount}/{minCount}
Feature.InAppBugReporting.Message.Screen,Экран: {value}
Feature.InAppBugReporting.Message.ScreenshotAnnotation,Скриншот прикреплён
Feature.InAppBugReporting.Message.SystemVersion,ОС: {value}
Feature.InAppBugReporting.Message.Title,Отправить отзыв
Feature.InAppBugReporting.Message.ToastFailure,Не удалось отправить отзыв
Feature.InAppBugReporting.Message.ToastSuccess,Отзыв успешно отправлен
Feature.InExperienceIntervention.Action.LetUsKnow,Расскажи нам
Feature.InExperienceIntervention.Action.Understand,
Feature.InExperienceIntervention.Description.BeRespectful,"В будущем, пожалуйста, следуй правилам и относись с уважением к другим пользователям."
Feature.InExperienceIntervention.Description.CannotSend,Ты не можешь отправлять сообщения в текстовом чате в течение {number} мин.
Feature.InExperienceIntervention.Description.CannotSend1Min,Ты не можешь отправлять сообщения в текстовом чате в течение 1 мин.
Feature.InExperienceIntervention.Description.CantUsePartyChat,"Ты не можешь отправлять сообщения сейчас. Если ты нарушишь правила снова, ты можешь потерять доступ к аккаунту."
Feature.InExperienceIntervention.Description.ChatDisabled,Из-за неоднократных нарушений Правил сообщества Roblox мы временно отключили возможность отправлять сообщения в чате.
Feature.InExperienceIntervention.Description.ChatIncludes,Текстовый чат включает:
Feature.InExperienceIntervention.Description.Disclaimer,Мы ошиблись? {startLink}Расскажи нам{endLink}
Feature.InExperienceIntervention.Description.FeedbackHelps,Твой отзыв поможет нам улучшить системы.
Feature.InExperienceIntervention.Description.LoseAccess,"Если это произойдет снова, ты можешь потерять доступ к своему аккаунту."
Feature.InExperienceIntervention.Description.MayLoseAccess,"Если ты снова нарушишь правила, ты можешь потерять доступ к своему аккаунту."
Feature.InExperienceIntervention.Description.Mistake,Мы ошиблись?
Feature.InExperienceIntervention.Description.PartyChatMayBeSuspended,Передача личной информации запрещена в Roblox. Действие чата может быть приостановлено при нарушении правил.
Feature.InExperienceIntervention.Description.TextChatMayBeSuspended,"Использование текстового чата может быть приостановлено, если ты снова нарушишь правила."
Feature.InExperienceIntervention.Heading.CannotChat,Ты не можешь отправлять чаты в течение {number} мин.
Feature.InExperienceIntervention.Heading.ChatBreaksRules,Текстовый чат нарушает правила
Feature.InExperienceIntervention.Heading.ChatSuspended,Использование чата приостановлено на {number} мин.
Feature.InExperienceIntervention.Heading.DontSharePersonalInformation,Не делись личной информацией
Feature.InExperienceIntervention.Heading.PartyChatSuspended,Действие чата приостановлено на {remainingTime}
Feature.InExperienceIntervention.Heading.TakeALook,Мы разберёмся
Feature.InExperienceIntervention.Heading.TextChatSuspension,Приостановка чата
Feature.Landing.Label.BrazilContentDescriptorInappropriateLanguage,
Feature.Landing.Label.BrazilContentDescriptorViolence,Насилие
Feature.Landing.Label.BrazilContentRatingLogoTitle,Рекомендуемый возраст: 12 лет
Feature.Landing.Label.BrazilInteractiveElementDescriptorInGamePurchases,Встроенные покупки (включая случайные предметы)
Feature.Landing.Label.BrazilInteractiveElementDescriptorUsersInteract,Взаимодействие пользователей
Feature.Landing.Label.InvitedBy,Приглашение от {name}
Feature.LegallySensitiveContent.Action.FriendDiscovery.NotNow,
Feature.LegallySensitiveContent.Action.FriendDiscovery.TurnOn,Включить
Feature.LegallySensitiveContent.Heading.TurnOnFriendDiscovery,Включить поиск друзей
Feature.LocaleRestriction.Description.RobloxUnavailable,Roblox временно недоступен в твоём регионе.
Feature.LocaleRestriction.Label.LearnMore,
Feature.LocaleRestriction.Title.RobloxUnavailable,Roblox недоступен
Feature.Moderation.Link.SupportForm,Запрос в службу поддержки
Feature.NotApproved.Action.Continue,
Feature.NotApproved.Action.ReactivateAccount,Повторно активировать мой аккаунт
Feature.NotApproved.Action.ReportMistake,
Feature.NotApproved.Action.RuleConfirmation,Я соглашаюсь соблюдать правила.
Feature.NotApproved.Action.UserAgree,
Feature.NotApproved.Action.ViewLess,
Feature.NotApproved.Action.ViewMore,
Feature.NotApproved.Action.ViewRules,Посмотреть правила
Feature.NotApproved.Description.AppealWithPortal,"Чтобы запросить апелляцию, перейди в раздел {startLink}Нарушения и апелляции{endLink}."
Feature.NotApproved.Description.AppealsProcess,"Чтобы узнать больше о процессе апелляций, посети {startLink}Апелляция модерации контента{endLink}."
Feature.NotApproved.Description.AutomatedDetectionAutomatedDecision,"Это нарушение было обнаружено автоматизированными средствами, и мы использовали автоматизацию при принятии этого решения"
Feature.NotApproved.Description.AutomatedDetectionAutomatedDecision.V2,Мы использовали автоматизированные системы для обнаружения этого нарушения и принятия этого решения.
Feature.NotApproved.Description.AutomatedDetectionManualDecision,Это нарушение было обнаружено автоматизированными средствами
Feature.NotApproved.Description.AutomatedDetectionManualDecision.V2,Мы использовали автоматизированные системы для обнаружения этого нарушения.
Feature.NotApproved.Description.AvatarViolation,THIS CAN BE DELETED
Feature.NotApproved.Description.Ban,Твой аккаунт отключён. Ты можешь повторно активировать его после {date}.
Feature.NotApproved.Description.Ban.V2,Твой аккаунт заблокирован в связи с историей нарушений. Ты можешь повторно активировать его после {date}.
Feature.NotApproved.Description.Behavior,Твоё поведение
Feature.NotApproved.Description.BrokeRulesBanned,Мы заблокировали твой аккаунт из-за повторного или серьёзного нарушения правил.
Feature.NotApproved.Description.BrokeRulesGeneric,Твоё поведение нарушает правила сообщества.
Feature.NotApproved.Description.BrokeRulesPolicy,Твои действия нарушают правила нашей политики: {policy}.
Feature.NotApproved.Description.BrokeRulesPolicy.V2,
Feature.NotApproved.Description.BrokeRulesSpecific,нарушили правила политики: {policies}.
Feature.NotApproved.Description.BrokeRulesType,Один из твоих предметов ({type}) нарушает правила сообщества.
Feature.NotApproved.Description.BrokeRulesTypePolicy,Один из твоих предметов ({type}) нарушает правила нашей политики: {policy}.
Feature.NotApproved.Description.BrokeRulesTypePolicy.V2,
Feature.NotApproved.Description.CommunityStandards,"Соблюдай {startLink}Правила сообщества Roblox{endLink}, чтобы находиться в Roblox было комфортно пользователям любого возраста."
Feature.NotApproved.Description.Delete,Твой аккаунт удалён.
Feature.NotApproved.Description.FollowTheRules,"Убедись, что ты знаешь правила и следуешь им."
Feature.NotApproved.Description.Foreshadow,При повторном нарушении правил мы можем продлить блокировку или заблокировать аккаунт навсегда.
Feature.NotApproved.Description.ManualDetectionAutomatedDecision,Мы использовали автоматизацию при принятии этого решения
Feature.NotApproved.Description.ManualDetectionAutomatedDecision.V2,Мы использовали автоматизированные системы для принятия данного решения.
Feature.NotApproved.Description.Mistake,Ты можешь обжаловать решение или попросить нас пересмотреть его.
Feature.NotApproved.Description.PluralViolation,Предмет {type}
Feature.NotApproved.Description.ReviewProcess,"Мы проверяем активность с использованием как технологий, так и людей."
Feature.NotApproved.Description.Violation,"В ходе проверки контента мы определили, что твоё поведение в Roblox нарушает наши {startLink}Условия использования{endLink}."
Feature.NotApproved.Heading.AccountBanned,
Feature.NotApproved.Heading.AccountDeleted,
Feature.NotApproved.Heading.AccountTerminated,Действие аккаунта прекращено
Feature.NotApproved.Heading.Banned,Заблокирован
Feature.NotApproved.Heading.BannedMultipleDays,Блокировка на {number} дн.
Feature.NotApproved.Heading.BannedMultipleHours,Блокировка на {number} ч.
Feature.NotApproved.Heading.BannedMultipleMinutes,Блокировка на {number} мин.
Feature.NotApproved.Heading.BannedMultipleSeconds,Блокировка на {number} с.
Feature.NotApproved.Heading.BannedOneDayOnly,Блокировка на 1 день
Feature.NotApproved.Heading.BannedOneHour,Блокировка на 1 час
Feature.NotApproved.Heading.BannedOneMinute,Блокировка на 1 минуту
Feature.NotApproved.Heading.BannedOneSecond,Блокировка на 1 секунду
Feature.NotApproved.Heading.Error,
Feature.NotApproved.Heading.Suspended,Действие приостановлено
Feature.NotApproved.Heading.Suspended14Days,Блокировка на 14 дней
Feature.NotApproved.Heading.Suspended1Year,Блокировка на 1 год
Feature.NotApproved.Heading.SuspendedOneDay,
Feature.NotApproved.Heading.SuspendedOneHour,
Feature.NotApproved.Heading.SuspendedSevenDays,Блокировка на 7 дней
Feature.NotApproved.Heading.SuspendedSixHours,Блокировка на 6 часов
Feature.NotApproved.Heading.SuspendedSixMonths,Блокировка на 6 месяцев
Feature.NotApproved.Heading.SuspendedSixtyDays,Блокировка на 60 дней
Feature.NotApproved.Heading.SuspendedThreeDays,Блокировка на 3 дня
Feature.NotApproved.Heading.Warning,
Feature.NotApproved.Label.AbuseType.AccountTheft,Кража аккаунта
Feature.NotApproved.Label.AbuseType.AdultContent,Материалы для взрослых
Feature.NotApproved.Label.AbuseType.Advertisement,
Feature.NotApproved.Label.AbuseType.Advertising,
Feature.NotApproved.Label.AbuseType.AssetOwnership,Владение активом
Feature.NotApproved.Label.AbuseType.Billing,Платежи
Feature.NotApproved.Label.AbuseType.BlockedContent,BlockedContent
Feature.NotApproved.Label.AbuseType.Chargeback,Возврат денег
Feature.NotApproved.Label.AbuseType.CheatandExploits,Читы и эксплойты
Feature.NotApproved.Label.AbuseType.ChildEndangerment,Опасность для детей
Feature.NotApproved.Label.AbuseType.ChildEndangerment.V2,Эксплуатация детей
Feature.NotApproved.Label.AbuseType.ClickbaitAds,Кликбейт-реклама
Feature.NotApproved.Label.AbuseType.Commerce,Торговля
Feature.NotApproved.Label.AbuseType.CompromisedAccount,Взлом аккаунта
Feature.NotApproved.Label.AbuseType.ContestsandSweepstakes,Конкурсы и розыгрыши
Feature.NotApproved.Label.AbuseType.CopyrightDMCA,Авторское право/DMCA
Feature.NotApproved.Label.AbuseType.DMCA,DMCA
Feature.NotApproved.Label.AbuseType.DMCAEarlyLegalStrike,Первое предупреждение DMCA (Закон об авторском праве в цифровую эпоху)
Feature.NotApproved.Label.AbuseType.DMCAFinalLegalStrike,Последнее предупреждение DMCA (Закон об авторском праве в цифровую эпоху)
Feature.NotApproved.Label.AbuseType.Dating,Флирт/свидания
Feature.NotApproved.Label.AbuseType.DatingImagery,Изображение свидания
Feature.NotApproved.Label.AbuseType.DatingandRomanticContent,Свидания и романтический контент
Feature.NotApproved.Label.AbuseType.Depressive,Депрессивный
Feature.NotApproved.Label.AbuseType.DerogatoryHarrassment,Унижения/дискриминация
Feature.NotApproved.Label.AbuseType.DirectingUsersOffPlatform,
Feature.NotApproved.Label.AbuseType.Discriminatory,Дискриминация
Feature.NotApproved.Label.AbuseType.DiscriminatoryContent,Дискриминирующий контент
Feature.NotApproved.Label.AbuseType.DiscriminatoryorNaziContent,Дискриминирующий или нацистский контент
Feature.NotApproved.Label.AbuseType.DisruptiveAudio,Прерывистый звук
Feature.NotApproved.Label.AbuseType.DistortedAudio,Звук прерывается
Feature.NotApproved.Label.AbuseType.DrugandAlcoholReferences,Отсылки на наркотики и алкоголь
Feature.NotApproved.Label.AbuseType.DrugsAlcohol,"Наркотики, алкоголь"
Feature.NotApproved.Label.AbuseType.EncouragingDangerousBehavior,Поощрение опасного поведения
Feature.NotApproved.Label.AbuseType.ExplicitNudityPorn,Откровенная нагота/порно
Feature.NotApproved.Label.AbuseType.ExplicitSexualReferencesandInnuendo,Откровенные сексуальные отсылки и намёки
Feature.NotApproved.Label.AbuseType.Exploiting,Эксплуатация
Feature.NotApproved.Label.AbuseType.ExtortionandBlackmail,Вымогательство и шантаж
Feature.NotApproved.Label.AbuseType.GangImages,Изображение криминальные группировок
Feature.NotApproved.Label.AbuseType.Grooming,Груминг
Feature.NotApproved.Label.AbuseType.Harassment,Домогательства
Feature.NotApproved.Label.AbuseType.HiddenMessageClothing,Одежда со скрытым сообщением
Feature.NotApproved.Label.AbuseType.IllegalandRegulatedContent,Незаконный и регулируемый контент
Feature.NotApproved.Label.AbuseType.IllicitSubstance,Незаконные вещества
Feature.NotApproved.Label.AbuseType.Impersonation,Выдача себя за другое лицо
Feature.NotApproved.Label.AbuseType.Inappropriate,Недопустимый контент
Feature.NotApproved.Label.AbuseType.InappropriateContent,Неприемлемый контент
Feature.NotApproved.Label.AbuseType.IpViolation,Нарушение прав интеллектуальной собственности
Feature.NotApproved.Label.AbuseType.IrlDangerousActivities,Опасные виды деятельности в реальной жизни
Feature.NotApproved.Label.AbuseType.LoudEarbleeders,Слишком громкий звук
Feature.NotApproved.Label.AbuseType.Malicious,Умышленный
Feature.NotApproved.Label.AbuseType.MinorSwearing,Ругательства (менее серьёзные)
Feature.NotApproved.Label.AbuseType.Misleading,Вводящий в заблуждение
Feature.NotApproved.Label.AbuseType.MisusingRobloxSystems,
Feature.NotApproved.Label.AbuseType.Nazis,Нацисты
Feature.NotApproved.Label.AbuseType.None,
Feature.NotApproved.Label.AbuseType.NoneoftheAbove,Ничего из вышеперечисленного
Feature.NotApproved.Label.AbuseType.NotRelatedtoRoblox,Не относится к Roblox
Feature.NotApproved.Label.AbuseType.OffPlatformSpeechandBehavior,Действия или высказывания за пределами платформы
Feature.NotApproved.Label.AbuseType.OffSiteLinks,Сторонние ссылки
Feature.NotApproved.Label.AbuseType.Other,Другое
Feature.NotApproved.Label.AbuseType.PersonalAttackHarassmentBullying,Переход на личности/домогательство/буллинг
Feature.NotApproved.Label.AbuseType.PhishingScam,Фишинг/мошенничество
Feature.NotApproved.Label.AbuseType.PlayersScreamingintoMicrophone,Игроки кричат в микрофон
Feature.NotApproved.Label.AbuseType.PoliticalContent,
Feature.NotApproved.Label.AbuseType.PoliticalContent.V2,
Feature.NotApproved.Label.AbuseType.Politics,Политика
Feature.NotApproved.Label.AbuseType.PornographicSounds,Порнографические звуки
Feature.NotApproved.Label.AbuseType.Privacy,
Feature.NotApproved.Label.AbuseType.PrivacyAskingforPII,Конфиденциальность: запрос личной информации
Feature.NotApproved.Label.AbuseType.PrivacyGivingPII,Конфиденциальность: предоставление личной информации
Feature.NotApproved.Label.AbuseType.Profanity,
Feature.NotApproved.Label.AbuseType.RMT,Трназакции с реальными деньгами
Feature.NotApproved.Label.AbuseType.RealInfo,Настоящая информация
Feature.NotApproved.Label.AbuseType.RealLifeThreats,Угрозы реальной жизни
Feature.NotApproved.Label.AbuseType.RealLifeTragedy,Реальные трагедии
Feature.NotApproved.Label.AbuseType.RealLifeTragedy.V2,
Feature.NotApproved.Label.AbuseType.RedArmbandsNotNazis,Красные повязки (не нацисты)
Feature.NotApproved.Label.AbuseType.RobloxEconomy,Экономика Roblox
Feature.NotApproved.Label.AbuseType.Scamming,
Feature.NotApproved.Label.AbuseType.SeekingSexualContent,Поиск сексуального контента
Feature.NotApproved.Label.AbuseType.SexualAdultContent,Сексуальный контент/контент для взрослых
Feature.NotApproved.Label.AbuseType.SexualContent,Сексуальный контент
Feature.NotApproved.Label.AbuseType.Shock,Шок
Feature.NotApproved.Label.AbuseType.Spam,
Feature.NotApproved.Label.AbuseType.SuggestiveSexualizedImagery,Сексуальные образы
Feature.NotApproved.Label.AbuseType.SuicideSelfHarm,Суицид/самоповреждение
Feature.NotApproved.Label.AbuseType.Swearing,Мат
Feature.NotApproved.Label.AbuseType.TerrorismExtremism,Терроризм/экстремизм
Feature.NotApproved.Label.AbuseType.TextFilterProfanity,Фильтр текста / Обсценная лексика
Feature.NotApproved.Label.AbuseType.Threats,Угрозы
Feature.NotApproved.Label.AbuseType.ThreatsOrAbuseOfRobloxEmployeesOrAffiliates,Угрозы или насилие по отношению к сотрудникам Roblox или партнёрам компании
Feature.NotApproved.Label.AbuseType.Trademark,Нарушение товарного знака
Feature.NotApproved.Label.AbuseType.UnclassifiedMild,Неклассифицированное незначительное нарушение
Feature.NotApproved.Label.AbuseType.ViolentContentAndGore,Жестокое содержание
Feature.NotApproved.Label.AbuseType.VirtualCasino,Виртуальное казино
Feature.NotApproved.Label.AbuseType.VirtualCasino.Note,"В Roblox запрещено использовать услуги третьих лиц для покупки, продажи или обмена Robux, промокодов, которые ложно выдаются за промокоды от Roblox Corporation, или ненадлежащее использование системы выплат сообщества."
Feature.NotApproved.Label.ChargebackNextSteps,Что мне делать дальше?
Feature.NotApproved.Label.CommunityStandards,Правила сообщества
Feature.NotApproved.Label.ConsoleDeviceNoticeUA,"Выполни вход на сайте Roblox.com на другом устройстве, чтобы активировать свой аккаунт."
Feature.NotApproved.Label.Days,{number} дн.
Feature.NotApproved.Label.Decision,Решение
Feature.NotApproved.Label.DecisionMethod,Метод принятия решений
Feature.NotApproved.Label.EmailReactivationNoticeUA,"Подтверди свой адрес эл. почты, чтобы активировать аккаунт. "
Feature.NotApproved.Label.EmailVerificationButtonText,Подтвердить эл. почту
Feature.NotApproved.Label.EmailVerificationNotice,"Аккаунт заблокирован за несанкционированные платежи. Необходимо подтвердить адрес электронной почты, чтобы его разблокировать."
Feature.NotApproved.Label.Evidence.VoiceRecording,Голосовой чат {date} в {time} в {experienceName}
Feature.NotApproved.Label.Hours,{hours}:{minutes} ч.
Feature.NotApproved.Label.LatestActivity,Последние проверенные нами действия
Feature.NotApproved.Label.Mistake,
Feature.NotApproved.Label.ModeratorMessage, Примечание модератора
Feature.NotApproved.Label.ModeratorNote,Примечание модератора
Feature.NotApproved.Label.OffensiveItem,Оскорбляющий предмет
Feature.NotApproved.Label.OffensiveItem.V2,Оскорбительные материалы
Feature.NotApproved.Label.ParentReactivationNoticeUA,"Нужна помощь родителя или опекуна, чтобы активировать аккаунт."
Feature.NotApproved.Label.ParentVerificationButtonText,Спросить родителей
Feature.NotApproved.Label.ParentVerificationNotice,Аккаунт заблокирован за несанкционированные платежи. Твои родители или опекун должны дать согласие на разблокировку аккаунта и затем одобрить некоторые действия в Roblox.
Feature.NotApproved.Label.Reason,
Feature.NotApproved.Label.RecentViolation,Недавнее нарушение
Feature.NotApproved.Label.ReviewDate,Дата проверки
Feature.NotApproved.Label.Reviewed,Рассмотрено
Feature.NotApproved.Label.RuleViolationsAddUp,Нарушения правил накапливаются
Feature.NotApproved.Label.Sublabel.CommerceAdultSexualProducts,Сексуальные товары для взрослых
Feature.NotApproved.Label.Sublabel.CommerceAlcoholAndAlcoholRelatedProducts,Алкоголь и алкогольная продукция
Feature.NotApproved.Label.Sublabel.CommerceAnimalsPlantsAndRelatedProducts,"Животные, растения и связанные с ними продукты"
Feature.NotApproved.Label.Sublabel.CommerceAutomotiveProducts,Автомобильные товары
Feature.NotApproved.Label.Sublabel.CommerceBabyPregnancyAndChildcareProducts,"Младенцы, беременность и продукция для ухода за детьми"
Feature.NotApproved.Label.Sublabel.CommerceBeautyAndPersonalCare,Красота и уход
Feature.NotApproved.Label.Sublabel.CommerceDigitalProducts,Цифровые продукты
Feature.NotApproved.Label.Sublabel.CommerceDocumentsFinancialInstrumentsAndEconomicOpportunity,"Документы, финансовые инструменты и экономические возможности"
Feature.NotApproved.Label.Sublabel.CommerceElectronics,Электроника
Feature.NotApproved.Label.Sublabel.CommerceEvents,События
Feature.NotApproved.Label.Sublabel.CommerceFoodAndBeverages,Еда и напитки
Feature.NotApproved.Label.Sublabel.CommerceGambling,Азартные игры
Feature.NotApproved.Label.Sublabel.CommerceGiftsCardsorDiscountCards,Подарки или скидочные карты
Feature.NotApproved.Label.Sublabel.CommerceHazardousMaterial,Опасный материал
Feature.NotApproved.Label.Sublabel.CommerceHealthcare,Здравоохранение
Feature.NotApproved.Label.Sublabel.CommerceHumanBodyPartsFluidsAndRelatedProducts,"Части тела, жидкости и связанные с ними товары"
Feature.NotApproved.Label.Sublabel.CommerceIllegalProductsAndServices,Незаконные товары и услуги
Feature.NotApproved.Label.Sublabel.CommerceInsufficientProductDescription,Недостаточное описания товара
Feature.NotApproved.Label.Sublabel.CommerceMisleadingBundledDigitalItem,Цифровой предмет из комплекта вводит в заблуждение
Feature.NotApproved.Label.Sublabel.CommerceNoBundledDigitalItem,Цифровой предмет из комплекта отсутствует
Feature.NotApproved.Label.Sublabel.CommercePreOwnedRecalledProducts,Б/у или изъятые из продажи товары
Feature.NotApproved.Label.Sublabel.CommerceSellerIntegrityViolation,Нарушение целостности в соответствии с политикой продавца
Feature.NotApproved.Label.Sublabel.CommerceServices,Сервисы
Feature.NotApproved.Label.Sublabel.CommerceTobaccoAndEntheogens,Табак и энтеогены
Feature.NotApproved.Label.Sublabel.CommerceToysAndGames,Игрушки и игры
Feature.NotApproved.Label.Sublabel.CommerceWeaponsFirearmsAndRelatedProducts,"Оружие, огнестрельное оружие и связанные с ним товары"
Feature.NotApproved.Label.Sublabel.FraudAbuseOfTheAffiliateSystem,Нарушение условий Партнёрской программы
Feature.NotApproved.Label.Sublabel.FraudAttemptedUnauthorizedPaymentMethodUse,Попытка использования несанкционированного способа оплаты
Feature.NotApproved.Label.Sublabel.FraudPaymentAbuse,Платёжное нарушение
Feature.NotApproved.Label.Sublabel.FraudRepeatedRefundRequests,Повторные запросы на возврат средств
Feature.NotApproved.Label.Sublabel.FraudSuspiciousAccountPatterns,Подозрительная активность аккаунта
Feature.NotApproved.Label.Sublabel.FraudSuspiciousRefundRequests,Подозрительные запросы на возврат средств
Feature.NotApproved.Label.Sublabel.FraudUnauthorizedPurchase,Неавторизованная покупка
Feature.NotApproved.Label.Sublabel.FraudUseOfUnauthorizedOffPlatformTransactions,Использование несанкционированных транзакций вне платформы для контента Roblox
Feature.NotApproved.Label.Sublabel.FraudUseOfUnauthorizedPaymentMethod,Использование несанкционированного способа оплаты
Feature.NotApproved.Label.Sublabel.FraudVirtualEconomyAbuse,Нарушение условий виртуальной экономики
Feature.NotApproved.Label.Suspension,Временная блокировка
Feature.NotApproved.Label.Violation,Нарушение
Feature.Notifications.Action.PushUpsellAllow,Разрешить
Feature.Notifications.Action.PushUpsellNotNow,
Feature.Notifications.Action.SnoozeFifteenMinutes,15 минут
Feature.Notifications.Action.SnoozeFourHours,4 часа
Feature.Notifications.Action.SnoozeOneDay,1 день
Feature.Notifications.Action.SnoozeOneHour,1 час
Feature.Notifications.Action.UntilITurnItBackOn,"До тех пор, пока не включу"
Feature.Notifications.Heading.PushUpsellChat,Оставайся на связи
Feature.Notifications.Heading.PushUpsellGeneric,Не пропусти
Feature.Notifications.Heading.RemoveSnoozeFeedback,Уведомления {title} включены
Feature.Notifications.Heading.SnoozeFeedback,Уведомления {title} заглушены на {duration}
Feature.Notifications.Heading.TurnOnNotifications,Включить уведомления
Feature.Notifications.Label.GetUpdatesFromExperience,"Получать обновления из плейса {experienceName}, когда ты не в сети?"
Feature.Notifications.Label.PushUpsellGeneric,"Получай уведомления о событиях, таких как сообщения в чате, приглашения, запросы в друзья и многое другое."
Feature.Notifications.Label.ReceiveActivityUpdates,Получай обновления об активности во время своего отсутствия
Feature.Notifications.Label.SecondsAbbreviated,с
Feature.Notifications.Response.NotificationsEnabled,Уведомления отключены для этого плейса
Feature.Notifications.Response.NotificationsEnabledForExperience,
Feature.Notifications.Webview.Title.ParentalControlsLaunch,Обновлённый родительский контроль
Feature.Notifications.Webview.Title.PolicyUpdate,Обновление политики
Feature.Notifications.Webview.Title.SpendingSettings,Ограничение расходов
Feature.PaidAccessPurchases.Webview.Title.Checkout,
Feature.PaidAccessRefunds.Webview.Title.RequestRefund,
Feature.Parents.Action.SendEmail,Отправить эл.письмо
Feature.Parents.Description.EnterParentEmailV4,"Попроси помощи у родителей.{lineBreak}Мы отправим родителям электронное письмо, чтобы подтвердить их возраст и связать ваши аккаунты.{lineBreak}Родители! После того, как аккаунты будут связаны, вы получите доступ к родительскому контролю, сведениям об экранном времени вашего ребёнка и его друзьях и другой информации."
Feature.Parents.Description.EnterParentEmailWithoutParentalControl,"Попроси помощь у родителей.{lineBreak}Мы отправим родителям электронное письмо, чтобы подтвердить их возраст и привязать их аккаунт к твоему.{lineBreak}Родители, после того, как аккаунты будут связаны, вы сможете подтверждать некоторые действия."
Feature.Parents.Description.ParentalEmailFooter,"Этот адрес электронной почты будет связан с аккаунтом Roblox с родительскими правами. Чтобы узнать подробнее о наших методах обработки данных, изучите {linkStart}Политику конфиденциальности{linkEnd}."
Feature.Parents.Label.Email,эл. почта
Feature.Parents.Label.ParentEmail,Эл. почта родителя/опекуна
Feature.Parents.Message.ConflictingPendingConsent,"Разрешение уже запрошено. Чтобы отправить новый запрос, сначала отмени предыдущий в Настройках."
Feature.Parents.Message.EmailIneligible,"Этот электронный адрес не подходит. Чтобы запросить родительские права в Roblox, используйте другой электронный адрес."
Feature.Parents.Message.InvalidEmail,Неверный адрес эл. почты
Feature.Parents.Message.RequestCreatedEmailNotSent,"После привязки аккаунта Roblox, родитель увидит этот запрос в системе родительского контроля."
Feature.Parents.Message.SomethingWentWrong,
Feature.Parents.Message.TooManyAttemptAskParent,"Слишком много попыток. Если ты уже запрашивал(а) разрешение, попроси родителя/опекуна проверить их электронную почту."
Feature.Parents.Message.TooManyAttempts,Слишком много попыток. Повтори попытку позже.
Feature.Parents.Title.EnterParentEmail,Введи эл.почту родителей
Feature.Parents.Title.EnterParentEmailV2,
Feature.Parents.Title.SomethingWentWrong,
Feature.PlayerSearchResults.Action.AddFriend,Добавить в друзья
Feature.PlayerSearchResults.Label.FromSearch,Из поиска
Feature.PlayerSearchResults.Label.KeywordTooShort,Введи не менее 3 символов
Feature.PlayerSearchResults.Label.NewUsername,Новое имя пользователя
Feature.PlayerSearchResults.Label.NoResultsFound,
Feature.PlayerSearchResults.Label.NoResultsTryAnotherWay,Попробуй другой способ найти друзей.
Feature.PlayerSearchResults.Label.Previously,Ранее
Feature.PlayerSearchResults.Label.ThisIsYou,Это ты
Feature.PlayerSearchResults.Label.You,Ты
Feature.PlayerSearchResults.Label.YouAreConnections,Вы контакты
Feature.PlayerSearchResults.Label.YouAreFollowing,Твои подписки
Feature.PlayerSearchResults.Label.YouAreFriends,Вы друзья
Feature.Profile.Action.Accept,
Feature.Profile.Action.AcceptFriends,
Feature.Profile.Action.AllRequestsIgnored,Все запросы проигнорированы
Feature.Profile.Action.Chat,
Feature.Profile.Action.CopyProfileLink,Скопировать ссылку на профиль
Feature.Profile.Action.JoinGame,
Feature.Profile.Action.Pending,
Feature.Profile.Action.Save,
Feature.Profile.Action.ShareProfile,Поделиться профилем
Feature.Profile.Action.ShareProfileLink,Поделись ссылкой на профиль
Feature.Profile.Action.ToQRCode,Поделиться QR-кодом
Feature.Profile.Action.UserBlocked,Пользователь заблокирован
Feature.Profile.Action.ViewFullProfile,Посмотреть профиль
Feature.Profile.Description.AboutModalCaption,"Пусть другие узнают больше о тебе. Оставайся в безопасности, не сообщай личные данные."
Feature.Profile.Description.QrCodeScanning,"Другие могут отсканировать твой QR-код Roblox с помощью сканера QR, чтобы быстро добавить тебя в друзья!"
Feature.Profile.Description.RecognizeConnectionsByCustomName,"Узнавай контакты быстрее, установив индивидуальное имя для каждого. Имена, импортированные из контактов, и пользовательские имена видны только тебе."
Feature.Profile.Description.RecognizeFriendsByCustomName,"Ты будешь быстрее узнавать друзей, задав им пользовательское имя. Имена, импортированные из контактов, и пользовательские имена видны только тебе."
Feature.Profile.Description.SaySomething,
Feature.Profile.Description.SetCustomName,"Придумай имя для <font weight=""medium"">{displayName}</font>."
Feature.Profile.Description.SetCustomNameNoDisplayName,Настроить имя
Feature.Profile.Description.SocialNetworksCaptionEveryone,В настоящее время видно всем.
Feature.Profile.Description.SocialNetworksCaptionFollowers,"В настоящее время видно для друзей, пользователей, на которых ты подписан(а) и твоих подписчиков."
Feature.Profile.Description.SocialNetworksCaptionFollowing,"В настоящее время виден друзьям и пользователям, на которых ты подписываешься."
Feature.Profile.Description.SocialNetworksCaptionFriends,В настоящее время видно друзьям.
Feature.Profile.Description.SocialNetworksCaptionNoOne,В настоящее время не видно никому.
Feature.Profile.Description.UsernameInsufficientFunds,Для изменения имени пользователя не хватает {icon}{rbx} Robux. Приобрести больше Robux?
Feature.Profile.Description.UsernamePrice,1000
Feature.Profile.Header.Inventory,
Feature.Profile.Header.Store,
Feature.Profile.Heading.AgedUpDisplayName,
Feature.Profile.Heading.AgedUpDisplayNameUpdated,Имя обновлено
Feature.Profile.Heading.DisplayName,Отображаемое имя
Feature.Profile.Heading.DisplayNameUpdated,Отображаемое имя обновлено
Feature.Profile.Heading.EditAgedUpDisplayName,Редактировать имя
Feature.Profile.Heading.EditDisplayName,Изменить отображаемое имя
Feature.Profile.Heading.InsufficientFunds,Недостаточно средств
Feature.Profile.Heading.ProfileQRCode,
Feature.Profile.Heading.Statistics,Статистика
Feature.Profile.Heading.Username,
Feature.Profile.Heading.UsernameUpdated,Имя пользователя обновлено
Feature.Profile.Label.AboutPlaceholder,Напиши что-нибудь...
Feature.Profile.Label.AgedUpDisplayNameCaption,"Это основное публичное имя, которое другие пользователи будут видеть в Roblox. Выбери имя, по которому тебя узнают друзья, например, своё настоящее имя."
Feature.Profile.Label.AgedUpDisplayNameFailed,"Невозможно сохранить имя. Попробуй другое.
"
Feature.Profile.Label.AgedUpDisplayNameModalCaption,"Имя можно менять только раз в 7 дней.
"
Feature.Profile.Label.AgedUpDisplayNameTooShort,Имя должно быть не менее 3 символов.
Feature.Profile.Label.Cancel,
Feature.Profile.Label.CustomName,
Feature.Profile.Label.CustomizeName,
Feature.Profile.Label.CustomizeNamePlaceholder,
Feature.Profile.Label.DisplayNameCaption,"Это основное публичное имя, которое другие пользователи будут видеть в Roblox."
Feature.Profile.Label.DisplayNameFailed,Отображаемое имя не может быть сохранено. Повтори попытку.
Feature.Profile.Label.DisplayNameModalCaption,Отображаемое имя может быть изменено только один раз каждые 7 дней.
Feature.Profile.Label.DisplayNameTooShort,Отображаемое имя должно быть не менее 3 символов.
Feature.Profile.Label.EditBackground,Изменить фон
Feature.Profile.Label.PlayedTogetherInGameDescription,Играли вместе в: {experience_name}
Feature.Profile.Label.QRCodeFriendRequest,С использованием QR-кода
Feature.Profile.Label.RecentAgedUpDisplayName,Твоё имя было изменено совсем недавно. Его можно менять только один раз каждые 7 дней.
Feature.Profile.Label.RecentDisplayName,Отображаемое имя было изменено совсем недавно. Его можно менять только один раз каждые 7 дней.
Feature.Profile.Label.UnableToJoin,Не удаётся присоединиться
Feature.Profile.Label.UsernameDescription,Это твоё уникальное имя в Roblox. Изменение имени пользователя будет стоить {icon}{price}.
Feature.Profile.Label.ViewDetails,
Feature.Profile.Message.BlockError,"Не удаётся заблокировать пользователя. Возможно, заблокировано слишком много людей."
Feature.Profile.Message.FriendAdded,
Feature.Profile.Message.InvalidAliasError,Невозможно сохранить имя. Попробуй другое.
Feature.Profile.Message.NoExperienceAccess,"{name} находится в плейсе, к которому у тебя нет доступа."
Feature.Profile.Message.QRLoadFailed,Не удалось загрузить.
Feature.Profile.Message.QRNofificationRequest,запрос дружбы получен с использованием QR-кода
Feature.Profile.Message.QRNotificationRequest,"отправляет запрос на добавление в контакты, используя твой QR-код"
Feature.Profile.Title.QrScanner,QR-сканер
Feature.Profile.Tooltip.CustomNameProfile,Узнавай друзей быстрее!
Feature.Profile.Tooltip.DisplayName,"Обнови своё имя, чтобы друзья смогли узнать тебя."
Feature.Profile.Tooltip.QrScanner,"Отсканируй QR-код друга, чтобы добавить его в Roblox."
Feature.ProfileBadges.VerifiedBadgeInfo,"Этот значок удостоверяет, что владелец является выдающимся и аутентичным создателем, брендом или публичной фигурой."
Feature.ProfileBadges.VerifiedBadgeInfoLink,
Feature.ProfileBadges.VerifiedBadgeInfoTitle,Значок подтверждения
Feature.ProfileBadges.action.close,
Feature.QualtricsSurveyPrompt.Action.Close,
Feature.QualtricsSurveyPrompt.Description.PromptText,"Привет, {DisplayName}! Хочешь помочь сделать Roblox лучше? Пройди опрос, мы хотим знать твоё мнение!"
Feature.QualtricsSurveyPrompt.Heading.Title,Помоги нам сделать Roblox лучше!
Feature.QualtricsSurveyPrompt.Heading.WebviewName,Опрос
Feature.QualtricsSurveyPrompt.Response.SurveySubmitted,Спасибо за отзыв!
Feature.Reauthentication.Message.Error.Default,
Feature.ReportAbuse.Action.Close,
Feature.ReportAbuse.Action.ContinueReport,
Feature.ReportAbuse.Action.EnterChatLineReporting,Жалоба на нарушение
Feature.ReportAbuse.Action.ErrorModalGoBack,
Feature.ReportAbuse.Action.ReturnToExperience,Вернуться в плейс
Feature.ReportAbuse.Action.Submit,
Feature.ReportAbuse.Action.TextMute,Блокировать чаты от: {name}
Feature.ReportAbuse.DSAIllegal.ReportLink,Сообщи о незаконном контенте в соответствии с Законом о цифровых услугах (ЕС).
Feature.ReportAbuse.DSAIllegal.ReportPageTitle,Сообщить о незаконном контенте
Feature.ReportAbuse.Heading.ReportAbuse,
Feature.ReportAbuse.Label.CategoryBullyingV2,"Агрессивное поведение, травля, дискриминация"
Feature.ReportAbuse.Label.CategoryContent,"Недопустимый контент: место, изображение, модель"
Feature.ReportAbuse.Label.CategoryDating,Флирт
Feature.ReportAbuse.Label.CategoryInappropriate,Недопустимые выражения: ругательства и материалы для взрослых
Feature.ReportAbuse.Label.CategoryOther,Другое нарушение правил
Feature.ReportAbuse.Label.CategoryPrivateInfo,Просьба предоставить личную информацию
Feature.ReportAbuse.Label.CategoryScamming,"Мошенничество, спекуляция, скам"
Feature.ReportAbuse.Label.CategoryTheft,"Кража аккаунта: фишинг, взлом, продажа"
Feature.ReportAbuse.Label.CategoryThreats,"Угрозы в реальной жизни, угроза самоубийства"
Feature.ReportAbuse.Label.ChooseOne,Выбери вариант
Feature.ReportAbuse.Label.Confirmation.Subheading,Мы рассмотрим отчёт в скором времени и в случае необходимости примем меры. Обратная связь поможет защитить наше сообщество.
Feature.ReportAbuse.Label.Confirmation.Title,Спасибо за сообщение
Feature.ReportAbuse.Label.FinishChatReport,Закончить отчёт
Feature.ReportAbuse.Label.Optional,
Feature.ReportAbuse.Label.PleaseSelectOne,Выбери причину
Feature.ReportAbuse.Label.Report,
Feature.ReportAbuse.Label.ReportSubmitted,Отчёт отправлен
Feature.ReportAbuse.Label.SelectChatLine,Выбери чат
Feature.ReportAbuse.Label.SentInAnotherChat,Отправлено в другой чат
Feature.ReportAbuse.Label.SentPrivately,Отправлено лично
Feature.ReportAbuse.Label.TellUsWhatHappened,"Расскажи нам, что произошло. (Необязательное поле)"
Feature.ReportAbuse.Label.TellUsWhatHappenedNoOptional,"Расскажи, что случилось:"
Feature.ReportAbuse.Label.UserTextMuted,Мы заблокировали чаты от {name}
Feature.ReportAbuse.Label.UserTextMutedError,Не удалось заблокировать чаты от {name}
Feature.ReportAbuse.Label.WhatWasWrong,Что случилось?
Feature.ReportAbuse.Label.WhereDidItHappen,Где это случилось?
Feature.ReportAbuse.Message.ChatLineReportingInfoText,"Твоё сообщение будет содержать все сообщения в этом канале, включая те, которые ты выбираешь."
Feature.ReportAbuse.Message.ErrorBEDUIFetchFailed,Отчёт не может быть загружен. Повтори попытку.
Feature.ReportAbuse.Message.ErrorSubmit,При отправке жалобы произошла ошибка.
Feature.ReportAbuse.Message.ErrorSubmitFailure,
Feature.ReportAbuse.Message.Loading,Загрузка...
Feature.ReportAbuse.Message.OSACopy1,"Мы рассмотрим сообщение и примем соответствующие меры. Мы не передаём информацию пользователям, о которых ты сообщаешь."
Feature.ReportAbuse.Message.OSACopy2,"Пользователь или контент, о которых ты сообщаешь, не будут заблокированы автоматически. Если ты хочешь ограничить взаимодействие с пользователем, его можно заблокировать."
Feature.ReportAbuse.Message.OSACopy3,Ты также можешь сообщить о незаконном контенте в соответствии с Законом о безопасности в интернете (Online Safety Act) Великобртании.
Feature.ReportAbuse.Message.Success,Жалоба отправлена.
Feature.ReportAbuse.Message.ThankYouReport,"Спасибо! Мы используем отчёт, чтобы сделать Roblox интересным и безопасным местом для всех."
Feature.ReportAbuse.Message.UserTextMuted,Ты не будешь получать от них текстовые чаты в этом плейсе.
Feature.ReportAbuse.Message.UserTextMutedErrorDoesNotExist,"Мы не смогли найти: {name}. Возможно, пользователь вышел из плейса."
Feature.ReportAbuse.Message.UserTextMutedErrorSelf,Ты не можешь блокировать чаты от себя.
Feature.ReportAbuse.Message.UserTextMutedSystem,Пользователь ‘{name}был заглушен. '/unmute {name}' для отмены.
Feature.ReportAbuse.Problem.Bullying,Травля
Feature.ReportAbuse.Problem.Cheating,
Feature.ReportAbuse.Problem.Dating,Знакомства/секс
Feature.ReportAbuse.Problem.Hate,Ненависть
Feature.ReportAbuse.Problem.Links,"Ссылки, ведущие за пределы Roblox"
Feature.ReportAbuse.Problem.Personal,Личная информация
Feature.ReportAbuse.Problem.Scamming,
Feature.ReportAbuse.Problem.Spamming,
Feature.ReportAbuse.Problem.Swearing,
Feature.ReportAbuse.Problem.Violence,
Feature.ReportAbuse.ProblemDescription.Bullying,"Травля, издевательство или угрозы"
Feature.ReportAbuse.ProblemDescription.Cheating,Нарушение правил или использование уязвимости
Feature.ReportAbuse.ProblemDescription.Dating,"Свидания, романтика или секс"
Feature.ReportAbuse.ProblemDescription.Hate,"Ненависть, оскорбления или дискриминация"
Feature.ReportAbuse.ProblemDescription.Links,Ссылки на веб-сайт или приложение за пределами Roblox
Feature.ReportAbuse.ProblemDescription.Personal,Просьба предоставить личную информацию или её распространение
Feature.ReportAbuse.ProblemDescription.Scamming,Мошенничество или поддельная торговля
Feature.ReportAbuse.ProblemDescription.Spamming,Отправка спама или повторяющихся сообщений
Feature.ReportAbuse.ProblemDescription.Swearing,"Ненормативна лексика, мат, ругательства"
Feature.ReportAbuse.ProblemDescription.Violence,Экстремальное насилие или гор
Feature.Screentime.Content.ScreentimeLimitDialog,"Достигнут дневной лимит экранного времени. Возвращайся завтра, чтобы снова получить доступ к Roblox."
Feature.Screentime.Description.HeartbeatConsecutiveFailure,Внутренняя ошибка. Повтори попытку.
Feature.Screentime.Description.MoreScreentimeDescription,Это временно продляет твоё ограничение экранного времени
Feature.Screentime.Heading.ScreentimeLimitDialog,Достигнут лимит экранного времени
Feature.Screentime.Label.FifteenMoreMinutes,Ещё 15 минут
Feature.Screentime.Label.FiveMoreMinutes,Ещё 5 минут
Feature.Screentime.Label.Options,Добавить больше времени
Feature.SecurityFeedback.Header.NewLogin,Оповещение о новой активности
Feature.Settings.Description.AccountSettingsScan,"Отсканируй QR-код, используя камеру вспомонательного устройства,
чтобы открыть настройки аккаунта в приложении Roblox."
Feature.Settings.Description.AccountSettingsWebsite,"Чтобы получить доступ к настройкам конфиденциальности, Безопасности и пр.
перейди на веб-сайт или вспомогательное устройство."
Feature.Settings.Description.CrossPlatform,"Ты присоединяешься к плейсу с людьми со всех платформ,
и ты увидишь больше людей в большем количестве плейсов."
Feature.Settings.Description.PlatformAccountSettingsSuccess,Настройки платформы {platform} верны и всё готово!
Feature.Settings.Description.SwitchProfile,Можно переключить свой профиль ({platform}) здесь.
Feature.Settings.Heading.AccountSettings,
Feature.Settings.Heading.PlatformAccountSettings,Настройки {platform}
Feature.Settings.Heading.SwitchProfile,Переключить профиль
Feature.Settings.Label.Allowed,Разрешено
Feature.Settings.Label.CrossPlatform,Кроссплатформенная игра
Feature.Settings.Label.Disabled,Отключено
Feature.Settings.Label.Disallowed,Запрещено
Feature.Settings.Label.Enabled,Включено
Feature.Settings.Label.Error,
Feature.Settings.Label.Loading,Загрузка
Feature.Settings.Label.Multiplayer,Мультиплеер
Feature.Settings.Label.Open,Открыть
Feature.Settings.Label.Recommended,
Feature.Settings.Label.SharedContent,Общий контент
Feature.Settings.Subheading.AccountSettingsScan,Сканировать QR-код
Feature.Settings.Subheading.AccountSettingsWebsite,Посетить веб-сайт
Feature.SettingsHub.Action.CancelSearch,
Feature.SettingsHub.Action.InviteFriend,
Feature.SettingsHub.Action.NotNow,
Feature.SettingsHub.Action.Ok,
Feature.SettingsHub.Action.OpenSettings,Открой настройки
Feature.SettingsHub.Description.ContactsPermissionAndroid,"1. Разрешения
2. Контакты
3. Разрешить Roblox доступ к контактам"
Feature.SettingsHub.Description.ContactsPermissionIOS,"Чтобы связаться с друзьями, разреши Roblox доступ к контактам."
Feature.SettingsHub.Description.QRCodeCameraPermissionAndroid,"1. Разрешения
2. Камера
3. Разрешить Roblox доступ к камере"
Feature.SettingsHub.Description.QRCodeCameraPermissionAndroidDeeplinkNotSupported,"1. Перейди в Настройки > Разрешения
2. Камеру
3. Разрешить Roblox доступ к камере"
Feature.SettingsHub.Description.QRCodeCameraPermissionIOS,"Чтобы отсканировать QR-код, Roblox необходим доступ к камере."
Feature.SettingsHub.Label.ConnectionsListLoadErrorMessage,Не удаётся загрузить друзей. Повтори попытку.
Feature.SettingsHub.Label.FriendsListLoadErrorMessage,
Feature.SettingsHub.Label.InviteSearchNoResults,
Feature.SettingsHub.Label.Invited,Приглашено
Feature.SettingsHub.Label.Moderated,Проверено
Feature.SettingsHub.Label.NoConnectionsPageMessage,"Добавляй друзей, чтобы можно было исследовать Roblox вместе."
Feature.SettingsHub.Label.NoConnectionsScreen,"Найди друзей, чтобы играть вместе с ними!"
Feature.SettingsHub.Label.NoFriendsPageMessage,
Feature.SettingsHub.Label.NoFriendsScreen,
Feature.SettingsHub.Label.ReportComment,Объясни своими словами произошедшее
Feature.SettingsHub.Label.Sending,
Feature.SettingsHub.Prompt.NeedCameraAccess,Нужен доступ к камере
Feature.SettingsHub.Prompt.NeedContactsAccess,Нужен доступ к контактам
Feature.SettingsHub.Prompt.RestartOnMicAccessChange,"Необходимо перезапустить приложение, чтобы применить изменения доступа к микрофону."
Feature.SettingsHub.Prompt.Subtitle.AllowMicrophoneAccess,"Чтобы использовать голосовой чат, разреши Roblox доступ к микрофону."
Feature.SocialShare.Action.CopyLink,
Feature.SocialShare.Action.Redirect,Перенаправление...
Feature.SocialShare.Action.Share,
Feature.SocialShare.Description.InvalidLinkError,Эта ссылка не существует.
Feature.SocialShare.Description.InviteExpiredError,Срок действия приглашения истёк. Всё ещё хочешь присоединиться к {experienceName}?
Feature.SocialShare.Description.InviterNotHereError,"Тот, кто тебя пригласил, покинул этот плейс. Всё ещё хочешь присоединиться {experienceName}?"
Feature.SocialShare.Label.Copied,Скопировано
Feature.SocialShare.Label.CopyLinkToShareWithPeople,"Скопировать, чтобы поделиться с людьми, которых ты знаешь"
Feature.SocialShare.Label.InvalidLinkError,Неверная ссылка
Feature.SocialShare.Label.InviteExpiredError,Срок ссылки-приглашения истёк
Feature.SocialShare.Label.InviterNotHereError,"Тот, кто тебя пригласил, уже покинул этот плейс"
Feature.SocialShare.Response.Error,Что-то пошло не так.
Feature.SocialShare.Response.Error.Subtext,Повтори попытку позже.
Feature.SocialShare.ShareWithPeopleYouKnow,"Поделиться с людьми, которых ты знаешь"
Feature.SocialTab.Label.AddFriendHint,"Нажми здесь, чтобы добавить друзей"
Feature.SocialTab.Label.AddFriendHintBody,С друзьями в Roblox ещё веселее!
Feature.SocialTab.Label.Connect,Общение
Feature.SocialTab.Label.CreateAndExploreGroups,Создавай и исследуй сообщества
Feature.SocialTab.Label.Groups,
Feature.SongDetails.Action.Favorite,
Feature.SongDetails.Action.Report,
Feature.SongDetails.Action.ReportAudio,Пожаловаться на аудио
Feature.SongDetails.Body.DescriptionTitle,Информация
Feature.SongDetails.Label.DateUploaded,Дата загрузки
Feature.SongDetails.Label.ExperiencesFeaturing,Плейсы с треком
Feature.SongDetails.Label.ExperiencesFeaturingTrack,"Плейсы, в которых играет {trackName}"
Feature.SongDetails.Label.Genre,
Feature.SongDetails.Label.InappropriateAudio,Недопустимое аудио
Feature.SongDetails.Label.Length,Длина
Feature.SongDetails.Label.MonthlyListeners,Ежемесячные слушатели
Feature.SongDetails.Label.SongsAvailableBy,Песни от {artistName}
Feature.SongDetails.Label.SongsBy,Автор: {artistName}
Feature.SongDetails.Label.ThousandPlus,1000+
Feature.SongDetails.Label.Vendor,Поставщик
Feature.Squads.Action.Add,
Feature.Squads.Action.AddOthers,Добавить других
Feature.Squads.Action.ConnectToVoice,Подключиться к голосу
Feature.Squads.Action.ContinueWithoutVoice,Продолжить без голоса
Feature.Squads.Action.DisconnectFromVoice,Отключиться от голоса
Feature.Squads.Action.Invite,
Feature.Squads.Action.InviteAgain,Пригласить снова
Feature.Squads.Action.Join,
Feature.Squads.Action.JoinWithParty,Присоединиться с командой
Feature.Squads.Action.Ok,
Feature.Squads.Action.Party,Команда
Feature.Squads.Action.Remove,
Feature.Squads.Action.Retry,
Feature.Squads.Action.Start,Начать
Feature.Squads.Action.Switch,
Feature.Squads.Action.TapToStartNewParty,"Нажми, чтобы создать новую команду"
Feature.Squads.Action.View,
Feature.Squads.Action.VoiceErrorGeneral,Подключиться
Feature.Squads.Action.VoiceErrorPartyNotVoiceEligible,
Feature.Squads.Action.VoiceErrorUserIneligible,
Feature.Squads.Action.WaitingForParty,Ожидание команды
Feature.Squads.Action.Yes,
Feature.Squads.Description.AddFriends,Новые друзья увидят все предыдущие сообщения в этой группе
Feature.Squads.Description.AlreadyJoined,Ты уже состоишь в этой команде
Feature.Squads.Description.DisconnectVoiceDueToLowMemory,"Память устройства заканчивается. Отключи голос, чтобы предотвратить сбой Roblox. Ты останешься в команде."
Feature.Squads.Description.FailedToJoin,Что-то пошло не так при попытке вступить в команду. Повтори попытку позже.
Feature.Squads.Description.InviteConnectionsToParty,Приглашение этих контактов в команду также пригласит их в группу. Они смогут увидеть историю чата.
Feature.Squads.Description.InviteFriendsToParty,Приглашение этих друзей в команду также пригласит их в группу. Они смогут увидеть историю чата.
Feature.Squads.Description.Invited,Приглашён
Feature.Squads.Description.InvitedToExperience,"Кто-то уже отправил тебе приглашение в плейс. Когда срок действия приглашения пройдёт, повтори попытку."
Feature.Squads.Description.JoinAnotherParty,Сейчас ты — часть команды. Покинуть текущую команду и вступить в другую?
Feature.Squads.Description.JoinWithLowMemory,"Память устройства заканчивается. Присоединись без голоса, чтобы избежать сбоя Roblox."
Feature.Squads.Description.ManyPeopleActive,Активно: {userCount}
Feature.Squads.Description.NoResponse,Нет ответа
Feature.Squads.Description.OnePersonActive,1 человек активен
Feature.Squads.Description.PartyEnded,"Команда распущена, собрать новую?"
Feature.Squads.Description.PartyFull,Команда переполнена. Повторить попытку?
Feature.Squads.Description.PleaseTryAgain,
Feature.Squads.Description.RemoveFromChat,Действительно удалить пользователя из группы?
Feature.Squads.Description.RemoveFromParty,{displayName} будет удалён из группового чата.
Feature.Squads.Description.User,
Feature.Squads.Description.YouAddedMoreThanTwoToChat,Ты добавил(а) в группу {username} и {userCountMinusOne} др.
Feature.Squads.Description.YouAddedToChat,Ты добавляешь {username} в группу
Feature.Squads.Description.YouAddedTwoToChat,Ты добавил(а) {username1} и {username2} др. в группу
Feature.Squads.Description.upsellInviteText,Нет ответов. Ты можешь пригласить их снова
Feature.Squads.Label.AddFriends,Добавить друзей?
Feature.Squads.Label.Audio,
Feature.Squads.Label.Connecting,Соединение
Feature.Squads.Label.Error,
Feature.Squads.Label.Experience,
Feature.Squads.Label.FailedToJoin,Не удаётся присоединиться к команде
Feature.Squads.Label.FindExperiences,Найти плейс
Feature.Squads.Label.FindExperiencesPlayTogether,"Найди плейс, чтобы играть вместе"
Feature.Squads.Label.FriendJoinedYourParty,{combinedName} присоединяется к твоей команде
Feature.Squads.Label.InviteConnectionsConfirmation,Пригласить этих друзей в группу?
Feature.Squads.Label.InviteFriendsConfirmation,
Feature.Squads.Label.InviteToSquad,Пригласить в отряд
Feature.Squads.Label.InvitedToExperience,Приглашен в плейс
Feature.Squads.Label.JoinAnotherParty,Поменять команду
Feature.Squads.Label.JoinExperiencesTogether,Присоединиться вместе
Feature.Squads.Label.JoinParty,Присоединиться к команде
Feature.Squads.Label.LeaveParty,Покинуть команду
Feature.Squads.Label.Loading,
Feature.Squads.Label.LowMemory,Низкий объём памяти
Feature.Squads.Label.MuteMic,Отключить микрофон
Feature.Squads.Label.Party,
Feature.Squads.Label.PartyCountStatus,В команде: {partyCount}
Feature.Squads.Label.PartyEnded,Команда расформирована
Feature.Squads.Label.PartyEndedText,
Feature.Squads.Label.PartyFull,Команда заполнена
Feature.Squads.Label.PartyOperationFailed,Операция команды не удалась
Feature.Squads.Label.PartyStartedText,Команда готова
Feature.Squads.Label.PartyVolume,
Feature.Squads.Label.RemoveFromChat,Удалить из группы?
Feature.Squads.Label.RemoveFromParty,Удалить из команды
Feature.Squads.Label.SoloPlay,
Feature.Squads.Label.StartParty,Собрать команду
Feature.Squads.Label.UnmuteMic,Включить микрофон
Feature.Squads.Label.UserDropdownMenuVoiceErrorUserIneligible,В настоящее время у них нет доступа к голосовому чату
Feature.Squads.Label.ViewChat,Посмотреть чат
Feature.Squads.Label.ViewParty,Посмотреть команду
Feature.Squads.Label.VoiceChats,Голосовые чаты
Feature.Squads.Label.VoiceErrorGeneral,Нет подключения к голосу
Feature.Squads.Label.VoiceErrorPartyNotVoiceEligible,Голос не доступен в этой команде. Ты можешь создать новую группу с помощью голосового чата и ослабленных фильтров.
Feature.Squads.Label.VoiceErrorUserIneligible,В настоящее время у тебя нет доступа к голосовому чату команды
Feature.Squads.Label.Volume,Объём
Feature.Squads.Label.WaitingForCombinedName,Ожидание присоединения {combinedName}
Feature.Squads.Label.WaitingForOthers,Ожидание игроков
Feature.Squads.Label.YouJoinedFriendParty,Ты присоединяешься к команде {combinedName}
Feature.Subscription.Action.ReportSubscription,Пожаловаться на подписку
Feature.Subscription.Action.SeeMore,
Feature.Subscription.Action.Subscribe,
Feature.Subscription.Action.SubscribePayAnotherWay,Оплатить другим способом
Feature.Subscription.Action.SubscribeWithCreditDebitCard,Подписаться с кредитной/дебетовой картой
Feature.Subscription.Action.SubscribeWithRobloxCredit,"Подписаться, используя баланс Roblox"
Feature.Subscription.Email.PricePerMonthLabel,{purchasePrice}/мес.
Feature.Subscription.Error.GenericSubscribeError,Что-то пошло не так при попытке подписаться. Повтори попытку позже.
Feature.Subscription.Heading.Subscriptions,
Feature.Subscription.Message.MonthlySpendRestrictionsMonthlyLimitExceed,"Достигнут месячный лимит на покупку, установленный в родительском контроле. Ты не сможешь совершить новую покупку до следующего месяца."
Feature.Subscription.Message.ReportSubmitted,Сообщение получено и будет рассмотрено в ближайшее время.
Feature.Subscription.Text.DisclaimerTextMonthly,Обновляется ежемесячно. Можно отменить в любое время.
Feature.Subscription.Text.PerMonth,в месяц
Feature.Subscription.Text.Subscribed,Есть подписка
Feature.Toast.Heading.PurchaseMessage.Success,Открыто
Feature.Toast.Message.PurchaseMessage.SuccessV3,Доступ к {gameName} за {price} Robux разблокирован.
Feature.Toast.NetworkingError.Forbidden,Недостаточно прав.
Feature.Toast.NetworkingError.NotFound,Контент не найден.
Feature.Toast.NetworkingError.ServiceUnavailable,
Feature.Toast.NetworkingError.SomethingIsWrong,Что-то пошло не так. Повтори попытку.
Feature.Toast.NetworkingError.Timeout,Время истекло. Повтори попытку.
Feature.Toast.NetworkingError.TooManyRequests,Сервер занят. Повтори попытку позже.
Feature.Toast.NetworkingError.UnableToConnect,Невозможно подключиться. Повтори попытку позже.
Feature.Toast.NetworkingError.Unauthorized,Выполнен выход. Войди снова.
Feature.Toast.ScanQrCodeError.UnrecognizableQrCode,Не удаётся распознать QR-код. Повтори попытку.
Feature.Toast.Username.Copied,Имя пользователя скопировано в буфер обмена.
Feature.Toast.VoteError.AssetNotVoteable,"Возможно, проголосовать за плейс нельзя."
Feature.Toast.VoteError.Default,Действие недоступно.
Feature.Toast.VoteError.FloodCheckThresholdMet,Ты голосуешь слишком быстро.
Feature.Toast.VoteError.PlayGame,"Прежде чем оценить плейс, необходимо его посетить."
Feature.VerificationUpsell.Action.AddPhone,
Feature.VerificationUpsell.Action.AddPhoneVoice,Добавить номер телефона для голосового чата
Feature.VerificationUpsell.Action.ChangeEmail,Сменить эл. почту
Feature.VerificationUpsell.Action.ChangeNumber,Изменить номер
Feature.VerificationUpsell.Action.ChangePhoneNumber,Изменить номер телефона
Feature.VerificationUpsell.Action.CodeResent,
Feature.VerificationUpsell.Action.Continue,
Feature.VerificationUpsell.Action.ContinueLogOut,Продолжить выход
Feature.VerificationUpsell.Action.Edit,Редактировать
Feature.VerificationUpsell.Action.EditPhoneNumber,
Feature.VerificationUpsell.Action.EnableVoice,
Feature.VerificationUpsell.Action.GenericSkip,
Feature.VerificationUpsell.Action.Logout,Выйти всё равно
Feature.VerificationUpsell.Action.Next,
Feature.VerificationUpsell.Action.NotNow,
Feature.VerificationUpsell.Action.NotNow.2,
Feature.VerificationUpsell.Action.Ok,
Feature.VerificationUpsell.Action.PrivacyPolicy,
Feature.VerificationUpsell.Action.ResendCode,
Feature.VerificationUpsell.Action.ResendConfirmationEmail,Отправить письмо повторно
Feature.VerificationUpsell.Action.SendConfirmationEmail,Отправить письмо с подтверждением
Feature.VerificationUpsell.Action.TermsOfUse,
Feature.VerificationUpsell.Action.TurnOn,
Feature.VerificationUpsell.Action.UserEmail,
Feature.VerificationUpsell.Description.AddEmailTextOver13,"Чтобы продолжить покупку, добавь свой адрес эл. почты."
Feature.VerificationUpsell.Description.AddEmailTextUnder13,"Чтобы продолжить покупку, попроси родителей или опекуна добавить свой адрес эл. почты."
Feature.VerificationUpsell.Description.AddParentalEmail,"Добавь родительскую эл.почту для восстановления, чтобы закончить настройку аккаунта и не потерять доступ к игровому прогрессу, предметам и Robux."
Feature.VerificationUpsell.Description.AddPhoneBody,Ты получишь одноразовый код проверки по WhatsApp или через SMS. Могут применяться тарифы на передачу сообщений и данных.
Feature.VerificationUpsell.Description.AddPhoneBodyVoice,
Feature.VerificationUpsell.Description.EnterPassword,Введи пароль.
Feature.VerificationUpsell.Description.IDVerificationAddEmailText,"Перед подтверждением возраста введи свой адрес эл. почты. Это будет твой метод восстановления аккаунта в случае, если ты потеряешь к нему доступ."
Feature.VerificationUpsell.Description.LogoutAddEmailTextOver13,"Перед выходом укажи свой адрес эл. почты, чтобы не потерять доступ к своему аккаунту."
Feature.VerificationUpsell.Description.LogoutAddEmailTextUnder13,"Перед выходом укажи адрес эл. почты родителя/опекуна, чтобы не утратить доступ к своему аккаунту."
Feature.VerificationUpsell.Description.LogoutAddEmailTextUnder13V2,
Feature.VerificationUpsell.Description.LogoutAddPhoneTextV2,"Добавь номер телефона для быстрого восстановления аккаунта. Пропуск этого шага может привести к потере доступа к игровому прогрессу, предметам и Robux."
Feature.VerificationUpsell.Description.PhoneNumberNeverPublic,Никто не сможет увидеть твой номер телефона.
Feature.VerificationUpsell.Description.ShortCodeLegalDisclaimerUA,"Нажимая «Продолжить», ты подтверждаешь свой номер телефона и соглашаешься с Условиями использования СМС и Политикой конфиденциальности. Мы отправим одноразовый код подтверждения. Могут применяться тарифы на передачу сообщений и данных. Отправь слово HELP, если тебе нужна помощь."
Feature.VerificationUpsell.Description.VerificationCodeSmsFeesMayApply,Ты получишь одноразовый код проверки по WhatsApp или через SMS.
Feature.VerificationUpsell.Description.VerifyEmailBody,"Перейди по ссылке в письме с подтверждением, которое мы отправили на адрес {emailAddress}."
Feature.VerificationUpsell.Description.VoiceLegalConsent,"Я даю согласие на сбор, использование и хранение моих голосовых записей для включения голосовых сервисов и модерации, безопасности и улучшения услуг и инструментов Roblox."
Feature.VerificationUpsell.Description.VoiceLegalConsent2,
Feature.VerificationUpsell.Description.VoiceLegalDisclaimer,"Выбирая «Включить голосовой чат», я даю согласие на сбор, использование и хранение моих голосовых записей для включения голосовых сервисов и модерации, безопасности и улучшения услуг и инструментов Roblox."
Feature.VerificationUpsell.Heading.AddEmail,Сначала подтверди аккаунт
Feature.VerificationUpsell.Heading.FinishAccountSetup,Завершить настройку аккаунта
Feature.VerificationUpsell.Heading.PhoneNumberVerified,Номер телефона подтверждён!
Feature.VerificationUpsell.Heading.TryVoiceChat,Попробовать голосовой чат
Feature.VerificationUpsell.Heading.VerificationCode,Код подтверждения
Feature.VerificationUpsell.Heading.VerifiedSuccessfully.V2,Успешно подтверждено!
Feature.VerificationUpsell.Heading.VerifyEmail,Проверь свою эл. почту
Feature.VerificationUpsell.Heading.VerifyOnLogout,Не потеряй доступ!
Feature.VerificationUpsell.Heading.VerifyYourPhone,Подтверди свой телефон
Feature.VerificationUpsell.Heading.VoiceChatEnabledMobile,Голосовой чат включён! Попробуй сейчас.
Feature.VerificationUpsell.Heading.VoiceChatError,Телефон добавлен! Включи голосовой чат в Настройках > Конфиденциальность > Микрофон и Вход для камеры.
Feature.VerificationUpsell.Heading.VoiceChatJoinFailed,Не удалось присоединиться к голосовому чату. Повтори попытку
Feature.VerificationUpsell.Heading.VoiceChatTurnedOn,
Feature.VerificationUpsell.Label.EmailInputPlaceholderOver13,
Feature.VerificationUpsell.Label.EmailInputPlaceholderUnder13,
Feature.VerificationUpsell.Label.EmailInputPlaceholderUnder13V2,Родительская эл.почта для восстановления
Feature.VerificationUpsell.Label.EnterCode,"Введи код, отправленный на номер {phoneNumber}"
Feature.VerificationUpsell.Label.PasswordInputPlaceholder,Подтверди пароль аккаунта
Feature.VerificationUpsell.Label.PhoneNumber,
Feature.VerificationUpsell.Label.SixDigitCode,
Feature.VerificationUpsell.Label.VerifyPhoneNumber,Подтвердить номер телефона
Feature.VerificationUpsell.Label.Verifying,Проверка
Feature.VerificationUpsell.Message.Confirmation,Мы отправим код подтверждения на номер {phoneNumber}. Может взиматься плата за СМС.
Feature.VerificationUpsell.Message.InvalidEmailAddress,Недопустимый адрес эл. почты.
Feature.VerificationUpsell.Message.InvalidSmsCode,
Feature.VerificationUpsell.Message.WrongPassword,Неверный пароль. Повтори попытку.
Feature.VerificationUpsell.Response.ErrorPhoneFormatInvalid,Недопустимый формат номера телефона. Проверь и повтори попытку.
Feature.VerificationUpsell.Response.ErrorTryAgain,
Feature.VerificationUpsell.Response.InvalidPhoneNumberError,Этот номер телефона нельзя использовать. Введи другой номер телефона.
Feature.VerificationUpsell.Response.PhoneHasTooManyAssociatedAccounts,"Достигнуто максимальное количество аккаунтов, привязанных к одному номеру."
Feature.VerificationUpsell.Response.TooManyAttemptsTryAgainLater,
Feature.VirtualEvents.AttendanceBeforeEvent,Интересно
Feature.VirtualEvents.AttendanceDuringEvent,Сейчас присутствующих
Feature.VirtualEvents.DescriptionLabel,
Feature.VirtualEvents.EnableNotificationsModalBody,"Получай обновления о событиях, даже когда ты не находишься в Roblox."
Feature.VirtualEvents.EnableNotificationsModalTitle,Всплывающие уведомления о событии
Feature.VirtualEvents.EventCancelledText,Это событие отменено.
Feature.VirtualEvents.EventNotFound,Событие не найдено
Feature.VirtualEvents.EventsListTitle,
Feature.VirtualEvents.GetNotifiedButton,
Feature.VirtualEvents.GoHome,Домой
Feature.VirtualEvents.HostedByLabel,Организатор:
Feature.VirtualEvents.Join,
Feature.VirtualEvents.JoinEvent,Присоединиться к событию
Feature.VirtualEvents.Label.Challenge,Состязание
Feature.VirtualEvents.Label.DateAtTime,{date} в {time}
Feature.VirtualEvents.Label.EarlyAccess,Ранний доступ
Feature.VirtualEvents.Label.Expansion,
Feature.VirtualEvents.Label.Festival,Фестиваль
Feature.VirtualEvents.Label.HappeningNow,Happening now
Feature.VirtualEvents.Label.ItemDrop,Дроп предмета
Feature.VirtualEvents.Label.MoreLevels,Больше уровней
Feature.VirtualEvents.Label.NewContent,Новое содержимое
Feature.VirtualEvents.Label.NewFeature,Новая функция
Feature.VirtualEvents.Label.NewLocation,Новое местоположение
Feature.VirtualEvents.Label.NewMap,Новая карта
Feature.VirtualEvents.Label.NewSeason,Новый сезон
Feature.VirtualEvents.Label.Quest,Квест
Feature.VirtualEvents.Label.Rating,
Feature.VirtualEvents.Label.ReminderSetForEventTime,Напоминание: {eventName} начнётся {eventTime}.
Feature.VirtualEvents.NotNowButton,
Feature.VirtualEvents.NotifyMe,Уведомлять меня
Feature.VirtualEvents.ShareModalBody,"Скопировать ссылку на событие ниже, чтобы пригласить людей в это событие или поделиться событием в чате."
Feature.VirtualEvents.ShareModalCallToAction,Поделиться в чате...
Feature.VirtualEvents.ShareModalLinkCopy,
Feature.VirtualEvents.ShareModalTitle,Поделиться этим событием
Feature.VirtualEvents.UnfollowEvent,Отписаться от события
IAPExperience.BuyRobux.Alert.SuccessfulMessage,Успешная покупка Robux!
IAPExperience.BuyRobux.Banner.Text,Robux позволяет покупать обновления для аватара или специальные способности в плейсах
IAPExperience.BuyRobux.Banner.Title,Разблокировать Roblox
IAPExperience.BuyRobux.Text.MoreRobux2,Ещё Robux: {robux}
IAPExperience.InsufficientRobux.Action.BuyRobux,
IAPExperience.InsufficientRobux.Action.Cancel,
IAPExperience.InsufficientRobux.Action.RobuxStore,Перейти в магазин Robux
IAPExperience.InsufficientRobux.Text.BuyRobux,Для покупки этого предмета требуется {robux}
IAPExperience.InsufficientRobux.Text.CurrentBalance,Текущий баланс
IAPExperience.InsufficientRobux.Text.DontHaveEnough,У вас не хватает Robux для покупки.
IAPExperience.InsufficientRobux.Text.YouNeed,Необходимо ещё {robux}. Приобрети пакет Robux и возвращайся в плейс.
IAPExperience.InsufficientRobux.Title.InsufficientRobux,
IAPExperience.LeaveRoblox.Action.Cancel,
IAPExperience.LeaveRoblox.Action.Continue,
IAPExperience.LeaveRoblox.Text.ExternalWebsiteWarning,
IAPExperience.LeaveRoblox.Title.LeavingRoblox,
IAPExperience.Loading.Text.PurchasingItem,Покупка предмета...
IAPExperience.Loading.Text.PurchasingRobux,Покупка Robux...
IAPExperience.Loading.Text.WaitingForPurchase,Ожидание покупки...
IAPExperience.Loading.Text.WaitingForRobux,Ожидание получения Robux...
IAPExperience.PremiumUpsell.Action.Subscribe,
IAPExperience.PremiumUpsell.Body.RobuxDiscount,10% бонус при покупке Robux
IAPExperience.PremiumUpsell.Label.AvatarShopBenefits,Доступ к эксклюзивным товарам и товарам со скидкой в Магазине аватаров
IAPExperience.PremiumUpsell.Label.Disclosure,Подпишись за <b>{currencySymbol}{price}/мес. Отмена в любой момент.</b> Применяются Условия использования и Политика конфиденциальности Roblox.
IAPExperience.PremiumUpsell.Label.PremiumBenefitListDesc,Преимущества подписки Roblox Premium:
IAPExperience.PremiumUpsell.Label.PremiumOnlyBenefits,Доступ к привилегиям только для подписчиков Premium
IAPExperience.PremiumUpsell.Label.PremiumPolicy,
IAPExperience.PremiumUpsell.Label.PremiumPrice,<b>{currencySymbol}{price}</b>/в месяц
IAPExperience.PremiumUpsell.Label.RobloxPremium,Roblox Premium
IAPExperience.PremiumUpsell.Label.RobuxPerMonth,{robux} в месяц
IAPExperience.PremiumUpsell.Label.ShortDisclosure,Применяются Условия использования Roblox и Политика конфиденциальности.
IAPExperience.PurchaseError.AlreadyPremium,"Похоже, разработчик пытается предложить тебе приобрести Roblox Premium, но ты уже являешься подписчиком Premium!"
IAPExperience.PurchaseError.Text.AlreadyOwn,
IAPExperience.PurchaseError.Text.AlreadySubscribed,Ты можешь управлять подпиской в: Настройках > Подписки.
IAPExperience.PurchaseError.Text.EconomicRestrictionPromptTitle,Не удаётся выполнить это действие
IAPExperience.PurchaseError.Text.EconomicRestrictionsDays,Невозможно совершить эту покупку из-за нарушения: {violation}. Попробуй снова через {day} дн.
IAPExperience.PurchaseError.Text.EconomicRestrictionsHours,Невозможно совершить эту покупку из-за нарушения: {violation}. Попробуй снова через {hour} ч.
IAPExperience.PurchaseError.Text.EconomicRestrictionsHoursGeneral,Невозможно совершить это действие из-за нарушения: {violation}. Попробуй снова через {hour} ч.
IAPExperience.PurchaseError.Text.FailedGrant,"Твой платеж получен, но Robux ещё не начислены. Повтори попытку позже."
IAPExperience.PurchaseError.Text.FailedGrantUnknown,"Покупка предмета не удалась, и Robux не списаны с твоего аккаунта. Повтори попытку."
IAPExperience.PurchaseError.Text.FailedRobuxPurchase,Покупка не удалась. Оплата не была списана. Повтори попытку.
IAPExperience.PurchaseError.Text.Limited,У этого ограниченного предмета больше нет копий. Списание с аккаунта не производится.
IAPExperience.PurchaseError.Text.NotEnoughRobux,
IAPExperience.PurchaseError.Text.NotForSale,
IAPExperience.PurchaseError.Text.NotForSaleExperience,
IAPExperience.PurchaseError.Text.Ok,
IAPExperience.PurchaseError.Text.ParentalLimit,"Транзакция не может быть завершена из-за месячного лимита покупок, установленного родителем владельца аккаунта. Ты можешь совершить новую покупку только в следующем месяце, если настройки родительского контроля не будут изменены."
IAPExperience.PurchaseError.Text.ParentalRestrictionSubscription,Подписки недоступны для аккаунтов с ограничениями на ежемесячные расходы
IAPExperience.PurchaseError.Text.PremiumOnly,
IAPExperience.PurchaseError.Text.PremiumPlatformUnavailable,Покупка Roblox Premium не поддерживается на твоей платформе. Используй настольный компьютер для покупки Premium.
IAPExperience.PurchaseError.Text.PurchaseLimit,"Транзакция не может быть завершена, так как достигнут лимит транзакций. Повтори попытку через 24–72 часа. В случае неудачи может потребоваться подождать до следующего месяца, чтобы совершить новую покупку. Ограничения на покупки нельзя изменить или снять."
IAPExperience.PurchaseError.Text.RestrictedUser,Невозможно получить доступ к контенту в этом плейсе.
IAPExperience.PurchaseError.Text.SubscriptionNotForSale,В данный момент невозможно приобрести эту подписку
IAPExperience.PurchaseError.Text.SubscriptionUnsupportedLocale,Эта подписка в настоящее время недоступна в твоей стране
IAPExperience.PurchaseError.Text.SubscriptionUnsupportedPlatform,Здесь невозможно приобрести эту подписку
IAPExperience.PurchaseError.Text.ThirdPartyDisabled,
IAPExperience.PurchaseError.Text.Under13,
IAPExperience.PurchaseError.Text.UnknownError,"Покупка не удалась, так как что-то пошло не так. Средства с аккаунта не были списаны. Повтори попытку позже."
IAPExperience.PurchaseError.Text.VpcRequired,Ты модешь подписаться на Пропуска и подписки или страницу магазина этого плейса с помощью твоего родителя.
IAPExperience.PurchaseError.Title.AlreadySubscribed,Уже подписан
IAPExperience.PurchaseError.Title.CantSubscribe,Невозможно подписаться
IAPExperience.PurchaseError.Title.Error,
IAPExperience.PurchaseError.Title.RobuxPurchaseFailed,Невозможно получить Robux
IAPExperience.PurchasePrompt.Action.Buy,
IAPExperience.PurchasePrompt.Action.Cancel,
IAPExperience.PurchasePrompt.Text.BuyItemQuestion,Хочешь купить «‎{name}»‎?
IAPExperience.PurchasePrompt.Text.BuyItemQuestionIncludingWarning,Необходима модерация. Хочешь купить «‎{name}»‎?
IAPExperience.PurchasePrompt.Text.Loading,
IAPExperience.PurchasePrompt.Text.RemainingBalance,Баланс после транзакции:
IAPExperience.PurchasePrompt.Text.RemainingBalanceV2,Баланс после транзакции: {robux}
IAPExperience.PurchasePrompt.Text.TestPurchase,Это тестовая покупка. Средства с твоего счёта списаны не будут.
IAPExperience.PurchasePrompt.Title.BuyGamepass,Купить пропуск
IAPExperience.PurchasePrompt.Title.BuyItem,
IAPExperience.PurchasePrompt.Title.BuyItemV2,
IAPExperience.PurchasePrompt.Title.BuyRobuxAndItem,Купить Robux и предмет
IAPExperience.PurchaseSuccess.Action.BackToGame,Вернуться к игре
IAPExperience.PurchaseSuccess.Action.BackToShop,
IAPExperience.PurchaseSuccess.Action.Equip,Изменить мой аватар
IAPExperience.PurchaseSuccess.Text.BalanceNow,Текущий баланс: {robux}.
IAPExperience.PurchaseSuccess.Text.YouOwn,Теперь у тебя есть {name}!
IAPExperience.PurchaseSuccess.Title.PurchaseSucceeded,Покупка завершена
IAPExperience.RobuxUpsell.Action.BuyRobux,
IAPExperience.RobuxUpsell.Action.BuyRobuxAndItem,
IAPExperience.RobuxUpsell.Action.Cancel,
IAPExperience.RobuxUpsell.Text.AdditionalRobux,Вам нужно ещё {robux}.
IAPExperience.RobuxUpsell.Text.Bonus,Бонус
IAPExperience.RobuxUpsell.Text.BonusBannerInfo,"При каждой покупке Robux через браузер, в веб-версии или при активации подарочной карты ты получаешь до 25% больше"
IAPExperience.RobuxUpsell.Text.BonusBannerV1,🎉 Бонус {robux} можно получить при совершении покупки на компьютере!
IAPExperience.RobuxUpsell.Text.BuyRobuxQuestion,Хочешь купить
IAPExperience.RobuxUpsell.Text.DisclosurePayment,Способ оплаты будет изменён.
IAPExperience.RobuxUpsell.Text.DisclosureTerms,Применяются Условия использования Roblox.
IAPExperience.RobuxUpsell.Text.DisclosureTermsURL,Применимы {termsofuse} Roblox.
IAPExperience.RobuxUpsell.Text.LastPurchased,Последняя покупка
IAPExperience.RobuxUpsell.Text.Loading,
IAPExperience.RobuxUpsell.Text.MoreRobux,Получи больше Robux за ту же цену
IAPExperience.RobuxUpsell.Text.NeedMoreRobux,Нужно больше Robux
IAPExperience.RobuxUpsell.Text.PopularItem,
IAPExperience.RobuxUpsell.Text.PurchaseNotAvailableOnHeadSet,Покупка Robux пока не поддерживается на гарнитурах. Попробуй другое устройство.
IAPExperience.RobuxUpsell.Text.RemainingBalance,Оставшиеся {robux} будут начислены на твой счёт.
IAPExperience.RobuxUpsell.Text.TermsOfUse,
IAPExperience.RobuxUpsell.Text.VNGDisclosureTerms,Применимы Условия использования Roblox-VNG.
IAPExperience.RobuxUpsell.Text.VNGDisclosureTermsURL,Применимы {termsofuse} Roblox-VNG.
IAPExperience.RobuxUpsell.Text.WouldYouBuy,Хочешь купить пакет {robux}?
IAPExperience.RobuxUpsell.Title.InsufficientFunds,
IAPExperience.RobuxUpsell.Title.InsufficientRobux,
IAPExperience.SubscriptionPurchasePrompt.Label.GetSubscription,
IAPExperience.SubscriptionPurchasePrompt.Label.TestFlowDisclaimer,"Это диалоговое окно является предварительным просмотром, показывающим, как пользователи будут видеть описание подписки. При нажатии кнопки «Подписаться» оплата не взимается."
IAPExperience.U13Confirm.Action.Cancel,
IAPExperience.U13Confirm.Action.Confirm,
IAPExperience.U13Confirm.Text.ParentalConsentWarningPaymentModal13To17,"Я подтверждаю, что являюсь родителем или опекуном владельца аккаунта. Я подтверждаю эту покупку и принимаю Условия использования."
IAPExperience.U13Confirm.Text.U13MonthlyThreshold1Modal,
IAPExperience.U13Confirm.Text.U13MonthlyThreshold2Modal,
IAPExperience.U13Confirm.Text.U13PaymentModal,"Эта покупка предполагает оплату реальными деньгами. Я подтверждаю, что мне исполнилось 18 лет, и я являюсь родителем или опекуном владельца аккаунта. Я подтверждаю эту покупку и принимаю Условия использования."
IAPExperience.U13Confirm.Title.Warning,Предупреждение!
InGame.CommonUI.Button.KeepPlaying,Продолжить играть
InGame.CommonUI.Button.Retry,
InGame.CommonUI.Label.FAQWebviewTitle,FAQ по функции голоса
InGame.ConnectionError.Action.Restart,Перезапустить
InGame.ConnectionError.Heading.VRDisconnected,Наушники отключены
InGame.ConnectionError.Joining,Подключение к серверу
InGame.ConnectionError.Message.RestartApp,"Чтобы продолжить играть, перезапусти приложение."
InGame.ConnectionError.PlacelaunchGameEnded,"Этот плейс закрылся, или сервер стал недоступен из-за ошибки системы"
InGame.ConnectionError.PlacelaunchHttpError,Произошла ошибка Http. Закрой клиент и попробуй снова.
InGame.ConnectionError.Queue,Место в очереди: {POSITION}
InGame.EmotesMenu.ErrorMessageAnimationPlaying,Во время этого действия эмоции недоступны.
InGame.EmotesMenu.ErrorMessageNotSupported,Здесь нельзя использовать эмоции.
InGame.EmotesMenu.ErrorMessageSwitchToR15,"Переключись на аватара R15, чтобы использовать эмоции."
InGame.EmotesMenu.ErrorMessageTemporarilyUnavailable,Невозможно использовать эмоции прямо сейчас.
InGame.InspectMenu.Action.Cancel,
InGame.InspectMenu.Action.Confirm,
InGame.InspectMenu.Action.LimitReached,Достигнуто максимальное количество предметов
InGame.InspectMenu.Action.SoldOut,
InGame.InspectMenu.Action.TryOn,
InGame.InspectMenu.Label.Avatar,Аватар игрока {PLAYER_NAME}
InGame.InspectMenu.Label.OwnedItems,Существующий предмет ({QUANTITY})
InGame.InspectMenu.Label.VerifiedAvatar,Аватар пользователя {PLAYER_NAME}{VERIFIED_BADGE}
InGame.UnknownNamespace.GameChat_ChatCommandsTeller_MuteCommand,/mute <пользователь> : игнорировать пользователя.
InGame.UnknownNamespace.GameChat_ChatCommandsTeller_TeamCommand,/team <message> или /t <message> : отправить групповое сообщение команде.
InGame.UnknownNamespace.GameChat_ChatCommandsTeller_UnMuteCommand,/unmute <speaker>: перестать игнорировать пользователя.
InGame.UnknownNamespace.GameChat_ChatCommandsTeller_WhisperCommand,/whisper <speaker> или /w <speaker> : открыть канал для личной переписки с пользователем.
InGame.UnknownNamespace.GameChat_FriendChatNotifier_JoinMessage,Твой контакт {RBX_NAME} присоединяется к плейсу.
InGame.UnknownNamespace.GameChat_PrivateMessaging_CannotWhisperToSelf,Нельзя отправлять себе личные сообщения.
InGame.UnknownNamespace.GameChat_TeamChat_NowInTeam,Ты теперь в команде {RBX_NAME}.
Luobu.Authentication.Login.Label.AntiAddictionText,
Luobu.Authentication.Login.Label.NetworkLicense,
Luobu.Authentication.Message.UnknownErrorTryAgain,Произошла неизвестная ошибка. Попробуйте перезапустить приложение.
Luobu.Authentication.UserAgreementsPrompt.BodyText.Part1,
Luobu.Authentication.UserAgreementsPrompt.BodyText.Part2,
Luobu.Authentication.UserAgreementsPrompt.Button.Consent,
Luobu.Authentication.UserAgreementsPrompt.Button.Dissent,
Luobu.Authentication.UserAgreementsPrompt.Permissions.Camera.Description,
Luobu.Authentication.UserAgreementsPrompt.Permissions.Camera.Title,
Luobu.Authentication.UserAgreementsPrompt.Permissions.Description,
Luobu.Authentication.UserAgreementsPrompt.Permissions.Network.Description,
Luobu.Authentication.UserAgreementsPrompt.Permissions.Network.Title,
Luobu.Authentication.UserAgreementsPrompt.Permissions.Storage.Description,
Luobu.Authentication.UserAgreementsPrompt.Permissions.Storage.Title,
Luobu.Authentication.UserAgreementsPrompt.Title,
Luobu.Authentication.UserAgreementsSecondPrompt.BodyText.Part1,
Luobu.Authentication.UserAgreementsSecondPrompt.BodyText.Part2,
Luobu.Authentication.UserAgreementsSecondPrompt.Button.Acknowledge,
Luobu.Authentication.UserAgreementsSecondPrompt.Title,
MobilePlatform.TutorialUpsell.Action.BeginTutorial,Начать обучение
MobilePlatform.TutorialUpsell.Action.Skip,
MobilePlatform.TutorialUpsell.Label.StartWithATutorial,Начать с обучения
Notifications.NotificationStream.Bundle.ShowLess,
Notifications.NotificationStream.Bundle.ShowMoreV2,Ещё {notificationCount}
Notifications.NotificationStream.Label.AllCaughtUp,Всё прочитано!
Notifications.NotificationStream.Label.Notifications,
Notifications.ToastNotifications.Label.LeaveExperienceConfirmation,Действительно выйти и присоединиться к другому плейсу?
Notifications.ToastNotifications.Title.LeavingExperience,Выход из плейса
PlayerFeedbacks.VoteForm.Message.Action.Report,
PlayerFeedbacks.VoteForm.Message.MaxLengthCharacters,Используй менее {count} симв.
PlayerFeedbacks.VoteForm.Message.MinLengthCharacters,Используй более {count} симв.
PlayerFeedbacks.VoteForm.Message.ReportAbuseInsteadLong,Проблема с безопасностью? <u>Пожаловаться</u>.
PlayerFeedbacks.VoteForm.Message.SubmitSuccess,
PlayerFeedbacks.VoteForm.PromptBanner.GiveFeedbackButton,
PlayerFeedbacks.VoteForm.PromptBanner.Message,Твой ответ будет анонимно передан автору
PlayerFeedbacks.VoteForm.PromptBanner.Title,Помоги нам сделать этот плейс лучше
PlayerFeedbacks.VoteForm.PromptBanner.TitleOnly,Помоги автору сделать этот плейс лучше
Purchasing.PurchaseDialog.Heading.PendingDeveloperProductLimitReached,Не удалось купить
Purchasing.PurchaseDialog.Message.PendingDeveloperProductLimitReached,"Присоединяйся к плейсу, чтобы активировать предыдущие покупки, прежде чем покупать больше продуктов."
Purchasing.RobloxProducts.Label.RobuxBalance,Баланс: {var1} Robux
Roblox.ReferralRewards.AdditionalCreatorTerms,Дополнительные Условия для авторов
Roblox.ReferralRewards.Expires,Срок действия истекает
Roblox.ReferralRewards.ReferralProgramTerms,Условия реферальной программы
Roblox.ReferralRewards.RewardBannerBody,Пригласи друзей и ты получишь в награду {rewardName} от {gameName}. Применимы Условия Roblox.
Roblox.ReferralRewards.RewardBannerHeader,Получить: {rewardName}!
Roblox.ReferralRewards.RewardBannerModalCreatorSupport,Эта награда предоставлена {creatorName}. Свяжись с автором напрямую для получения помощи и более подробной информации.
Roblox.ReferralRewards.RewardBannerModalRewardDetails,Подробности о награде
Roblox.ReferralRewards.RewardBannerModalTitle,Награда за приглашение друзей
Search.GlobalSearch.Action.LoadMore,
Search.GlobalSearch.Example.SearchCatalog,Поиск по каталогу
Search.GlobalSearch.Example.SearchGames,
Search.GlobalSearch.Example.SearchMarketplace,Поиск в Маркетплейсе
Search.GlobalSearch.TopResultsLabel,
Verification.Identity.Action.SkipVoiceChat,Присоединиться без голосового чата
Verification.Identity.Heading.LetsChat,Поболтаем?
Verification.Identity.Heading.V2LetsChat,
Verification.Identity.Heading.YourNewWayToChat,Новый способ общения!
Verification.Identity.Label.AgeVerifyPrompt,"Подтверди свой возраст, чтобы пользоваться Roblox на максимум!"
Verification.Identity.Label.ConnectingToMobile,Подключение к твоему телефону
Verification.Identity.Label.DontShowAgain,Больше не показывать
Verification.Identity.Label.EnableChatWithVoice,Включи микрофон для использования Чата с голосом в этом плейсе.
Verification.Identity.Label.EnableMicrophone,
Verification.Identity.Label.EnableVoiceChat,
Verification.Identity.Label.EnableVoiceChat1,"Включи голосовой чат, чтобы общаться с другими пользователями в этом плейсе."
Verification.Identity.Label.EnableVoiceChat2,При общении соблюдай наши <b>Правила сообщества</b> и сообщай о любых нарушениях.
Verification.Identity.Label.HavingTroubleScanCode,"Возникла проблема? Просканируй QR-код, чтобы снова запустить проверку."
Verification.Identity.Label.JoinWithoutMicrophone,Присоединиться без микрофона
Verification.Identity.Label.LearnMoreAboutVoiceRecording,Подробнее о голосовой записи
Verification.Identity.Label.PleaseDoNotClose,"Не закрывай это окно, пока процесс проверки не завершится."
Verification.Identity.Label.UpdatingRoblox,Обновление профиля Roblox
Verification.Identity.Label.UsesVoiceChat,Это плейс с голосовым чатом. Включение голосового чата будет использовать микрофон в таких плейсах.
Verification.Identity.Label.V2ClickToConsent,"Я даю согласие на сбор, использование и хранение моих голосовых записей для включения голосовых сервисов и модерации, безопасности и улучшения наших услуг и инструментов."
Verification.Identity.Label.V2EnableVoiceChat,
Verification.Identity.Label.V2EnableVoiceChat1,
Verification.Identity.Label.V2JoinWithout,
Verification.Identity.Label.VerificationWaitingForResults,Ожидание результата
Verification.Identity.Label.VerifyInBrowser,"Заверши процесс проверки в браузере мобильного устройства, чтобы продолжить."
Verification.Identity.Label.VerifyingYou,
Verification.Identity.Label.VoiceCollectionConsent,"Нажимая «‎Включить», я‎ даю согласие на сбор, использование и хранение голосовых записей в целях модерации, безопасности и улучшения качества для улучшения инструментов безопасности и аудио."
Verification.Identity.Label.VoiceCollectionConsent2,
Xbox.Old.ActiveUserLostConnectionPhrase,"Пользователь %s вышел. Нажми кнопку «A» на контроллере, который хочешь использовать."
Xbox.Old.ActiveUserLostConnectionTitle,Активный пользователь удалён
Xbox.Old.AlertOccurredTitle,
Xbox.Old.CPPWelcomePhrase,"Теперь ты можешь исследовать Roblox на консоли Xbox One вместе с друзьями, которые используют другую платформу: компьютер, телефон или планшет!

Это означает, что ты можешь познакомиться с большим количеством людей и исследовать миры со своими друзьями вне зависимости от их устройств. Обновить эту функцию можно в настройках аккаунта."
Xbox.Old.CPPWelcomeTitle,Добро пожаловать в кросс-платформенную игру!
Xbox.Old.ControllerLostConnectionPhrase,"Контроллер пользователя %s отключён. Нажми кнопку «A» на контроллере, который хочешь использовать."
Xbox.Old.ControllerLostConnectionTitle,Не обнаружен контроллер
Xbox.Old.DefaultAlertPhrase,Не удалось подключиться к Roblox. Повтори попытку позже.
Xbox.Old.PlatformLinkInfoMessage,"Мы создали новый аккаунт Roblox для тебя. Весь сохранённый прогресс и покупки будут привязаны к этому аккаунту Roblox. Теперь ты сможешь войти в Roblox на любой платформе и продолжить с того места, на котором остановишься!"
Xbox.Old.PlatformLinkInfoTitle,Добро пожаловать в Roblox!
Xbox.Old.PlayMyPlaceMoreGamesPhrase,"Войди в свой аккаунт на веб-сайте Roblox.com, чтобы создать новые плейсы и изменить уже созданные!"
Xbox.Old.PlayMyPlaceMoreGamesTitle,Мои виртуальные миры
Xbox.Old.ReauthInvalidSessionPhrase,Выполнен выход из всех текущих сеансов Roblox.
Xbox.Old.ReauthMaintenancePhrase,"В данное время проводятся технические работы, но вскоре мы должны вернуться."
Xbox.Old.ReauthMaintenanceTitle,Закрыто на техобслуживание
Xbox.Old.ReauthRemovedPhrase,Обнаружено изменение активного пользователя. Войди снова.
Xbox.Old.ReauthRemovedTitle,Пользователь изменён
Xbox.Old.ReauthSignedOutPhrase,"Выполнен выход из учётной записи Xbox Live. Войди, чтобы продолжить."
Xbox.Old.ReauthSignedOutTitle,
Xbox.Old.ReauthUnknownPhrase,"Произошла ошибка, и был выполнен выход из аккаунта. Войди снова, чтобы продолжить."
Xbox.Old.ReauthUnlinkPhrase,Аккаунт Roblox отвязан. Теперь ты можешь снова войти в старый аккаунт Roblox или создать новый.
Xbox.Old.ReauthUnlinkTitle,Аккаунт отключён
Xbox.Old.ResizeScreenInputHint,Изменить размер экрана
Xbox.Old.ResizeScreenPrompt,"Перемести границы белого поля правым мини-джойстиком, чтобы они оказались вне экрана"
Xbox.Old.ScreenSizeWord,Размер экрана
Xbox.Old.UnlockedUGCPhrase,"Посетив 5 виртуальных миров из актуального, ты получаешь доступ ко всем виртуальным мирам, созданным такими же пользователями, как и ты!

Перейди в раздел «Исследовать», чтобы увидеть всю подборку!"
Xbox.Old.UnlockedUGCTitle,Доступ ко всей подборке открыт!
