Key,Value
AccountIdentity.AgeCheck.Label.AgeBandOver13,13 عامًا فما فوق
AccountIdentity.AgeCheck.Label.AgeBandOver13Checked,تم التحقّق من أن العمر 13 عامًا فما فوق
AccountIdentity.AgeCheck.Label.AgeBandOver18,18 عامًا فما فوق
AccountIdentity.AgeCheck.Label.AgeBandOver18Checked,تم التحقّق من أن العمر 18 عامًا فما فوق
AccountIdentity.AgeCheck.Label.AgeBandUnder13,أصغر من 13 عامًا
AccountIdentity.AgeCheck.Label.AgeGroup13To15,من 13 إلى 15 سنة
AccountIdentity.AgeCheck.Label.AgeGroup16To17,من 16 إلى 17 سنة
AccountIdentity.AgeCheck.Label.AgeGroup18To20,من 18 إلى 20 سنة
AccountIdentity.AgeCheck.Label.AgeGroup18To24,من 18 إلى 24 عامًا
AccountIdentity.AgeCheck.Label.AgeGroup9To12,من 9 إلى 12 سنة
AccountIdentity.AgeCheck.Label.AgeGroupOver21,21 سنة أو أكبر
AccountIdentity.AgeCheck.Label.AgeGroupOver25,25 عامًا فما فوق
AccountIdentity.AgeCheck.Label.AgeGroupUnder9,من 5 إلى 8 سنوات
Amp.ErrorScreen.BodyText,تعذر الحصول على حالة الوصول
Amp.ErrorScreen.Cancel,إلغاء
Amp.ErrorScreen.Retry,إعادة المحاولة
Amp.ErrorScreen.Title,حدث خطأ ما
Amp.ErrorScreen.UserMismatchBody,هذا الكود مخصص لحساب مختلف. قم بتبديل الحسابات وأعد إجراء المسح الضوئي للمتابعة.
Amp.ErrorScreen.UserMismatchTitle,حساب غير صحيح
Amp.FAEUpsell.Modal.ExternalLink.ButtonCancel,
Amp.FAEUpsell.Modal.ExternalLink.ButtonStart,متابعة
Amp.FAEUpsell.Modal.ExternalLink.Text,سيؤدي ذلك إلى فتح المزيد من الألعاب والميزات مثل الدردشة.
Amp.FAEUpsell.Modal.ExternalLink.Title,لنتحقق من عمرك
Amp.FAEUpsell.Modal.Failed.ButtonClose,إغلاق
Amp.FAEUpsell.Modal.Failed.ButtonRetry,
Amp.FAEUpsell.Modal.Failed.Text,حدث خطأ ما. يُرجى إعادة المحاولة لاحقًا.
Amp.FAEUpsell.Modal.Failed.Title,خطأ في التحقق من العمر
Amp.FAEUpsell.Modal.Loading.ButtonCancel,
Amp.FAEUpsell.Modal.Loading.Text,قد تستغرق هذه العملية بضع ثوانٍ. إذا قمت بالإلغاء الآن، فقد لا يتم التحقُّق من عمرك.
Amp.FAEUpsell.Modal.Loading.Title,جارٍ التحقُّق من عمرك
Amp.FAEUpsell.Modal.QRCode.Description,افتح المزيد من الألعاب والميزات عند إكمال إجراءات تقدير العمر. امسح كود QR هذا باستخدام هاتفك أو جهازك اللوحي.
Amp.FAEUpsell.Modal.QRCode.Footer,هل يتعذَّر إجراء المسح الضوئي؟ نزِّل تطبيق Roblox على جهازك المحمول وانتقِل إلى الإعدادات > معلومات الحساب
Amp.FAEUpsell.Modal.QRCode.Title,أكمِل إجراءات تقدير العمر باستخدام تطبيق جهازك المحمول
Amp.IDVErrorScreen.Close,
Amp.IDVErrorScreen.Declined,عذرًا، تم رفض التحقق لأسباب تتعلق بالأمان. إذا أردت التحقق مرة أخرى، يرجى حينها الانتظار بضعة أيام.
Amp.IDVErrorScreen.Retry,حدث خطأ ما، الرجاء إعادة تحميل الصفحة والمحاولة مرة أخرى.
Amp.IDVErrorScreen.Timeout,عذرًا، استغرقت عملية التحقق وقتًا طويلاً. الرجاء تحديث الصفحة والمحاولة مرة أخرى.
Amp.IDVErrorScreen.Title,تعذّر التحقق
Amp.IDVUpsell.Button.Cancel,
Amp.IDVUpsell.Button.StartVerification,البدء بالتحقّق
Amp.IDVUpsell.Directions.IDBody,رخصة القيادة أو جواز السفر أو بطاقة الهوية أو تصريح الإقامة
Amp.IDVUpsell.Directions.IDHeader,تحضير بطاقة هوية صالحة
Amp.IDVUpsell.Directions.PhoneBody,تحتاج إلى هاتف ذكي للمتابعة
Amp.IDVUpsell.Directions.PhoneHeader,استخدام هاتف ذكي
Amp.IDVUpsell.Modal.Disclaimer,ملاحظة: أنت على وشك بدء عملية التحقق من الهوية مع موفر الخدمة لطرف ثالث. سيتم استخدام المعلومات التي يتم جمعها من خلال هذه العملية لأغراض تأمين حسابك و/أو تمكين ميزات Roblox.
Amp.IDVUpsell.Modal.PrivacyLinkText,إشعار خصوصية القياسات الحيوية
Amp.IDVUpsell.Modal.QRHeaderText,مسح رمز QR للبدء
Amp.IDVUpsell.Modal.Title,التحقق من العمر إلزامي
Amp.IDVUpsell.PrivacyPageHeader,سياسة الخصوصية
Amp.Upsell.Action.AskNow,اسأل الآن
Amp.Upsell.Description.PrologueEnablePurchase,نظرًا للقيود الإقليمية المُطبّقة، أنت بحاجة إلى إذن الوالدين لإجراء عملية الشراء هذه.
Amp.Upsell.Description.PrologueJoinExperience,للانضمام إلى هذه تجربة، تحتاج إلى الحصول على إذن والديك.
Amp.Upsell.Description.PrologueTextVpc,أنت بحاجة إلى إذن الوالدين.
Amp.Upsell.Description.PrologueUnblockUser,لإلغاء حظر {displayName}، تحتاج إلى إذن الوالدين
Amp.Upsell.Message.EmailSent,أرسلنا بريدًا إلكترونيًا إلى {parentEmail}
Amp.Upsell.Message.EmailSentPluralParent,أرسلنا بريدًا إلكترونيًا إلى بريد والديك
Amp.Upsell.Title.AskYourParent,اطلب الإذن من والديك
Amp.Upsell.Title.RequestSent,تم إرسال الطلب
Application.Logout.Action.Logout,تسجيل الخروج
Application.Logout.Message.Confirmation,هل أنت متأكد من أنك تريد تسجيل الخروج؟
Authentication.AccountSwitch.Action.SwitchAccount,تبديل الحسابات
Authentication.AccountSwitch.Header.SwitchAccountSentenceCase,
Authentication.CrossDevice.Heading.QuickLogin,تسجيل دخول سريع
Authentication.Login.Action.QuickSignIn,
Authentication.Login.Button.CloseAndSwitchPlatformAccount,يجب الخروج من منصة Roblox للتبديل إلى الحساب على منصة {platformAccountName}
Authentication.Login.Button.UseDifferentRobloxAccount,استخدِم حساب Roblox مختلف
Authentication.Login.Error.PasskeyOnlyAccount,تم إعداد حسابك لتسجيل الدخول باستخدام مفتاح مرور فقط. جرِّب تسجيل الدخول باستخدام مفتاح المرور أو استعادة حسابك.
Authentication.Login.Error.PlatformAccountConnectionFailure,يتعذّر التحقق من حساب المنصة. يُرجى إعادة المحاولة لاحقًا.
Authentication.Login.Heading.IncompatibleAccounts,حسابات غير متوافقة
Authentication.Login.Label.LearnMore,اعرف المزيد
Authentication.Login.LinkIllegalChildAccountLinking,لا يمكن ربط هذا الحساب على منصّة Roblox بحساب طفل على Xbox. يُرجى تجربة حساب آخر أو التحقُّق من إعداداتك.
Authentication.Login.Response.AlreadyLinked,حساب Roblox هذا مرتبط بالفعل مختلف على حساب {platform}. الرجاء محاولة تسجيل الدخول بحساب Roblox آخر.
Authentication.Login.Response.IncorrectEmailOrPassword,البريد الإلكتروني أو كلمة المرور غير صحيحة.
Authentication.Login.Response.IncorrectOtpCode,الرمز الذي أدخلته غير صحيح. الرجاء التأكد منه والمحاولة مجددًا.
Authentication.Login.Response.IncorrectPhoneOrPassword,الهاتف أو كلمة المرور غير صحيحة.
Authentication.Login.Response.IncorrectUsernamePassword,اسم المستخدم أو كلمة المرور غير صحيحة.
Authentication.Login.Response.InvalidPasskeyCredential,"تعذّر تسجيل الدخول باستخدام مفتاح المرور الذي أدخلته. لاستعادة الوصول، انتقل إلى ""نسيت كلمة المرور أو اسم المستخدم."""
Authentication.Login.Response.MoreThanOneUsername,هذا البريد الإلكتروني مرتبط بأكثر من اسم مستخدم واحد. الرجاء تسجيل الدخول باستخدام اسم المستخدم الخاص بك.
Authentication.Login.Response.PlatformAlreadyLinked,حساب منصّة {platform} هذا مرتبط بالفعل بحساب آخر على منصّة Roblox. يُرجى تسجيل الدخول باستخدام حساب منصّة Roblox المرتبط بهذا الحساب.
Authentication.Login.Response.RelinkingFreeze,حساب Roblox هذا تم ربطه حساب آخر على {platform} خلال 90 يومًا الماضية. الرجاء محاولة تسجيل الدخول بحساب Roblox آخر.
Authentication.Login.Response.Require2FA,التحقق بخطوتين غير مدعوم على الكونسول. الرجاء اتباع التعليمات المرفقة على جهة اليمين لتسجيل الدخول بشكل آمن.
Authentication.Login.Response.Require2FAGeneric,عملية التحقق الإضافية المطلوبة غير مدعومة على هذا الجهاز. يُرجى اتّباع التعليمات الموضحة على جهة اليمين لتسجيل الدخول بشكل آمن.
Authentication.Login.Response.ServiceUnavailable,الخدمة غير متوفرة. الرجاء المحاولة لاحقاً.
Authentication.Login.Response.SomethingWentWrong,حدث خطأ ما. الرجاء المحاولة لاحقًا.
Authentication.Login.Response.UnknownErrorLoginWithDifferentMethod,حدث خطأ ما. الرجاء تجربة طريقة أخرى لتسجيل الدخول.
Authentication.Login.Response.UnverifiedEmailLoginWithUsername,لم يتم التحقق من بريدك الإلكتروني. الرجاء تسجيل الدخول باسم المستخدم الخاص بك.
Authentication.Login.WeChat.AntiAddictionText,ابتعد عن التجارب السيئة وارفض المشاركة في التجارب المقرصنة. ابقَ متيقظًا واحذر الخداع. إن المشاركة في بعض التجارب مفيدة لعقلك، لكن الإفراط فيها يمكن أن يضر بصحتك. لذلك نوصيك بإدارة وقتك بالمفيد النافع واتباع نمط حياة سليم.
Authentication.SignUp.Button.RetryLogIn,إعادة محاولة تسجيل الدخول
Authentication.SignUp.Description.AccountAlreadyLinked,حساب على منصة {platformAccountName} مرتبط بالفعل بحساب على منصة Roblox. يُرجى محاولة تسجيل الدخول مرة أخرى.
Authentication.SignUp.Description.VerificationLinkingText.VariableButtonName,سيتم ربط حسابك في منصة Roblox بحسابك على حساب {platform}. يمكنك إلغاء الربط من شاشة الإعدادات في أي وقت. قد تكون هناك فترة انتظار قبل أن تتمكن من ربط الحساب بحساب آخر على حساب {platform}. من خلال النقر على {ctaButton}، أنت توافق على شروط الاستخدام بما في ذلك شرط التحكيم وأنت تُقِر بسياسة الخصوصية.
Authentication.SignUp.Heading.CountryCodeSelector,حدد البلد
Authentication.SignUp.Heading.RetryLogIn,
Authentication.SignUp.Response.ErrorTryAgain,
Authentication.TwoStepVerification.Action.GoToSecurity,الإعدادات
Authentication.TwoStepVerification.Label.TwoStepRequired,عملية التحقق بخطوتين مطلوبة لإجراء المزيد من المعاملات. اذهب إلى الإعدادات> الأمان لإتمام عملية التحقق بخطوتين.
Authentication.TwoStepVerification.Response.TooManyAttempts,محاولات كثيرة جدًا. الرجاء المحاولة لاحقاً.
Authentication.TwoStepVerification.Title.VerificationRequired,التحقق مطلوب
AvatarGeneration.SelfieConsent.AgreeButton,موافق
AvatarGeneration.SelfieConsent.BodyTextLink,من خلال رفع صورة، فإنك تؤكد أنك تملك الحق في استخدامها، وتقبل بأن تجمع منصة Roblox عرضًا تم إنشاؤه بالذكاء الاصطناعي التوليدي وتستخدمه وتشاركه مع المصمّمين لأغراض إنشاء الأفاتار.
AvatarGeneration.SelfieConsent.CancelButton,
AvatarGeneration.SelfieConsent.PrivacyLinkText,
AvatarGeneration.SelfieConsent.QRBody,{fontStart}استخدِم هاتفك لمسح كود QR والتقاط صورة سيلفي.{fontEnd}
AvatarGeneration.SelfieConsent.QRErrorBody,{fontStart}للحصول على كود استجابة سريعة (QR) جديد، ابدأ مرة أخرى من اللعبة أو التجربة.{fontEnd}
AvatarGeneration.SelfieConsent.QRErrorTitle,{fontStart}انتهت صلاحية الجلسة{fontEnd}
AvatarGeneration.SelfieConsent.QRTitle,{fontStart}امسح كود QR للبدء{fontEnd}
AvatarGeneration.SelfieConsent.Title,استخدم الصورة لإنشاء أفاتاري.
Common.GameSorts.Label.Favorites,المفضلة
Common.Presence.Label.InExperience,في تجربة
Common.Presence.Label.Invisible,غير مرئي
Common.Presence.Label.Offline,غير متصل
Common.Presence.Label.Online,متصل
Common.Presence.Label.RobloxStudio,Roblox Studio
Common.UGCValidation.ErrorLabel.AQSFail_AnimationTooLong,الحركة طويلة جدًا ({duration} من الثواني). يجب أن يكون طول الحركات التعبيرية (Emote) {maxLength} من الثواني على الأكثر.
Common.UGCValidation.ErrorLabel.AQSFail_AnimationTooShort,الحركة قصيرة جدًا ({duration} من الثواني). يجب أن يكون طول الحركات التعبيرية (Emote) أكثر من {minLength} من الثواني.
Common.UGCValidation.ErrorLabel.AQSFail_MeshIslandML,يحتوي الجسد لديك على مكونات صغيرة منفصلة من أصل mesh (جزر من أصل mesh). يُرجى إزالة الهندسة العائمة والتأكد من توصيل جميع أجزاء أصل mesh بشكل صحيح.
Common.UGCValidation.ErrorLabel.AQSFail_TooManyDisconnectedComponents,جودة الأصل: يحتوي الجزء {partName} على {num_disconnected_components} من المكونات غير المتصلة، وهو ما يتجاوز الحد الأقصى البالغ {max_disconnected_components}.
Common.UGCValidation.ErrorLabel.AQSInputDataError,لا يمكن حساب درجة الجودة بشكل صحيح لأن بيانات الإدخال غير صحيحة أو غير كاملة. يُرجى التحقق من النموذج الخاص بك أو الإبلاغ عن الأخطاء
Common.UGCValidation.ErrorLabel.AQSInternalError,لا يمكن إنشاء النتيجة بسبب خطأ في جودة الأصل. يُرجى التحقق من صحة بيانات الإدخال والمحاولة مرة أخرى، أو الإبلاغ عن الأخطاء.
Common.UGCValidation.ErrorLabel.AQSWarn_CageMeshDistance,تحذير بشأن جودة الأصل: تبلغ درجة مسافة القفص عن أصل Mesh ما مقداره {score}. يبلغ الحد الأقصى للمسافة بين القفص الخارجي وأصل Mesh ما مقداره {max_distance}، وتقع نسبة {negative_sdf_percent}% من رؤوس القفص الخارجي داخل أصل Mesh للعرض.
Common.UGCValidation.ErrorLabel.AQSWarn_CageMeshDistanceAvatar,تحذير بشأن جودة الأصل: تبلغ درجة مسافة قفص الجسد ما مقداره {score}. يبلغ الحد الأقصى للمسافة بين قفص الجسد وأصل Mesh ما مقداره {max_distance}، وتقع نسبة {negative_sdf_percent}% من رؤوس قفص الجسد داخل أصل Mesh للجسد.
Common.UGCValidation.ErrorLabel.AQSWarn_CageMeshDistanceHead,تحذير بشأن جودة الأصل: تبلغ درجة مسافة قفص الرأس ما مقداره {score}. يبلغ الحد الأقصى للمسافة بين قفص الرأس وأصل Mesh ما مقداره {max_distance}، وتقع نسبة {negative_sdf_percent}% من رؤوس قفص الرأس داخل أصل Mesh للرأس.
Common.UGCValidation.ErrorLabel.AQSWarn_CageRelevancy,تحذير بشأن جودة الأصل: تبلغ درجة ملاءمة القفص ما مقداره {score}. نسبة {irrelevant_percent}% من رؤوس القفص الخارجي المعدلة لا تغطي الإكسسوار.
Common.UGCValidation.ErrorLabel.AQSWarn_CageUV,تحذير بشأن جودة الأصل: تبلغ درجة إحداثيات UV ما مقداره {score} للقفص {cage_name}. عدد إحداثيات UV غير الصحيحة: {incorrect_uv_count}.
Common.UGCValidation.ErrorLabel.AQSWarn_DegenTriangles,جودة الأصل: يحتوي الجزء {partName} على نسبة {degenerate_triangle_percent}% من المثلثات الملتوية (النتيجة: {score}).
Common.UGCValidation.ErrorLabel.AQSWarn_DynamicHead,تحذير بشأن جودة الأصل: تبلغ درجة تعبير الرأس الديناميكي ما مقداره {score}.
Common.UGCValidation.ErrorLabel.AQSWarn_JointNumber,جودة الأصل: حصلت تهيئة المفاصل على النتيجة {score} (المفاصل: {joint_number}، اليد اليسرى: {left_hand_joint_number}، اليد اليمنى: {right_hand_joint_number}).
Common.UGCValidation.ErrorLabel.AQSWarn_MeshIslandVolume,جودة الأصل: يحتوي الجزء {partName} على {num_small_volume_islands} من الجزر الصغيرة المنفصلة من أصل {num_disconnected_components} من المكونات (النتيجة: {score}).
Common.UGCValidation.ErrorLabel.AQSWarn_MeshManifold,جودة الأصل: يحتوي الجزء {partName} على مشكلات في انتظام أصل Mesh (النتيجة: {score}).
Common.UGCValidation.ErrorLabel.AQSWarn_MeshNotWatertight,جودة الأصل: أصل mesh الخاص بالجزء {partName} غير مانع لتسرب الماء ({boundary_edges_percent}% من حواف الحدود).
Common.UGCValidation.ErrorLabel.AQSWarn_MeshOutsideOuterCage,تحذير بشأن جودة الأصل: تبلغ درجة احتواء أصل mesh ما مقداره {score}. تقع ما نسبته {mesh_outside_outer_cage_percent}% من رؤوس أصل mesh خارج القفص الخارجي.
Common.UGCValidation.ErrorLabel.AQSWarn_MissingData,تعذر احتساب درجة جودة الأصل لـ {measureName} لأن بيانات الإدخال غير مكتملة أو غير صالحة. هذا لا يمنع عملية الرفع.
Common.UGCValidation.ErrorLabel.AQSWarn_TextureComplexity,جودة الأصل: تتميز الهيئة {textureName} بانخفاض تعقيدها (النتيجة: {score}).
Common.UGCValidation.ErrorLabel.AQSWarn_TextureResolution,جودة الأصل: تبلغ دقة الهيئة {textureName} ما مقداره {texture_width}x{texture_height} (النتيجة: {score}).
Common.UGCValidation.ErrorLabel.AQSWarn_TriangleIntersection,جودة الأصل: يحتوي الجزء {partName} على نسبة {intersecting_tri_face_percent}% من الوجوه المثلثة المتداخلة (النتيجة: {score}).
Common.UGCValidation.ErrorLabel.AQSWarn_UVBound,جودة الأصل: يحتوي الجزء {partName} على نسبة {uv_outside_bound_vert_percent}% من رؤوس إحداثيات UV خارج الحدود (النتيجة: {score}).
Common.UGCValidation.ErrorLabel.AQSWarn_VertexSimilarity,جودة الأصل: يحتوي الجزء {partName} على نسبة {similar_vertex_percent}% من رؤوس الإحداثيات المماثلة (النتيجة: {score}).
Common.UGCValidation.ErrorLabel.AccessoryAttachmentOutOfBounds,"يجب وضع نقطة اتصال الإكسسوار ""{AttachmentName}"" في الجزء ""{PartName}"" بالقرب من سطح mesh. الموضع الحالي [{CurrentPosition}] خارج النطاق الصالح. انقله ليكون أقرب إلى [{ClosestValidPosition}]."
Common.UGCValidation.ErrorLabel.AccessorySkinning_ExtraJoint,المقبض مربوط بالمفصل {jointName}، وهو ليس جزءًا من المخطط المسموح به. يُسمح فقط بمفاصل R15 القياسية ومفاصل نقل الإكساء.
Common.UGCValidation.ErrorLabel.AccessorySkinning_MissingTransferJoint,يجب على {assetType} استخدام نقل الإكساء، لكن المفصل المطلوب {requiredJointName} غير موجود لديك.
Common.UGCValidation.ErrorLabel.AccessorySkinning_NotLeaderOrFollower,المقبض مربوط بالمفصل {jointName}، ولكن يجب أن يكون هذا الأصل مربوطًا تلقائيًا. يمكنك فقط الربط بـ {validJointNameList}.
Common.UGCValidation.ErrorLabel.AccessorySkinning_RequiredSkinningTransfer,يجب على {assetType} استخدام نقل الإكساء، يُرجى إعداد WrapLayer.AutoSkin إلى EnabledOverride.
Common.UGCValidation.ErrorLabel.AccessorySkinning_RigidIsSkinned,يحتوي الإكسسوار الصلب على بيانات إكساء غير مدعومة. تأكد من عدم استيراد العظام مع الشبكة
Common.UGCValidation.ErrorLabel.AccessorySkinning_TransferJointWithoutAutoSkin,يحتوي المقبض على المفصل {jointName}، وهو مسموح به فقط عندما يتم تعيين WrapLayer.AutoSkin إلى EnabledOverride.
Common.UGCValidation.ErrorLabel.AccessorySkinning_WeightNotFull,يجب أن تكون الرؤوس المربوطة بمفاصل النقل مُوزَّعة الأوزان بالكامل.
Common.UGCValidation.ErrorLabel.AnimationPack_DuplicateAnimationId,"تحتوي حزمة الرسوم المتحركة على معرّف حركة مكرر باسم ""{animationId}"" مستخدم بواسطة مقاطع متعددة: {instancePaths}. يجب أن يشير كل مقطع حركة إلى أصل حركة فريد."
Common.UGCValidation.ErrorLabel.AnimationPack_InvalidR15AnimChildren,الحزمة الخاصة بحزمة الرسوم المتحركة تفتقد نوع (أنواع) الحركة المتوقعة: {missingAnimationTypes}. يجب أن يحتوي كل نوع حركة على مجلد R15Anim واحد يحتوي بالضبط على فروع StringValue المتوقعة.
Common.UGCValidation.ErrorLabel.Animation_WeightNotPositive,"تحتوي الحركة ""{animationName}"" على قيمة وزن {weight}، ولكن يجب أن يكون الوزن أكبر من 0. يُرجى إصلاح الحركة."
Common.UGCValidation.ErrorLabel.AssetSchemaMissingItem,تعذَّر العثور على {ExpectedClass} المطلوب باسم {ExpectedName} في {ParentPath}
Common.UGCValidation.ErrorLabel.AssetSchemaUnexpectedItems,الحالات التالية ليست جزءًا من المخطط المعتمد ويجب إزالتها: {UnexpectedDescendantPaths}.
Common.UGCValidation.ErrorLabel.AssetSchemaWrongRootClass,يجب أن يكون الأصل الذي تم تحميله من نوع {ExpectedClass} لكنه من نوع {RootClass}.
Common.UGCValidation.ErrorLabel.AssetSchemaWrongRootName,يجب أن يُسمّى الأصل الذي تم تحميله {ExpectedClass}، ولكنه مُسمّى حاليًا {RootClass}.
Common.UGCValidation.ErrorLabel.ContentNotEditable,لا تزال الخاصية {InstanceFullName}.{FieldName} تحتوي على محتوى قابل للتحرير غير محفوظ. احفظها كأصل قبل النشر وحاول مرة أخرى.
Common.UGCValidation.ErrorLabel.CurveAnim_BodyPartHasPosition,"يحتوي جزء الجسد ""{bodyPartName}"" في CurveAnimation على مسار موضع (الإزاحة). يمكن تدوير أجزاء جسد الحركة فقط؛ ومسارات الموضع غير مسموح بها. يُرجى إزالة مسار الموضع من جزء الجسد هذا."
Common.UGCValidation.ErrorLabel.CurveAnim_BodyPartTranslationExceedsThreshold,"يتحرك جزء الجسد ""{bodyPartName}"" في CurveAnimation بمقدار {distance} من الأزرار عن موضعه الأولي. الحد الأقصى المسموح به للإزاحة هو {maxDistance} من الأزرار. يُرجى تقليل حركة موضع جزء الجسد."
Common.UGCValidation.ErrorLabel.CurveAnim_BodyPartWithBoneHasPosition,"يحتوي CurveAnimation على عظام HRD/DRD، ويحتوي جزء الجسد ""{bodyPartName}"" على مسار موضع (الإزاحة). عند وجود أي عظام في الحركات، لا يجوز لأي أجزاء من الجسد أن تحتوي على إزاحة لمنع انفصال المفاصل. يُرجى إزالة جميع مسارات الموضع من أجزاء الجسد."
Common.UGCValidation.ErrorLabel.CurveAnim_BonePositionNotAllowed,يحتوي العظم {boneName} في CurveAnimation على مسار موضع (الإزاحة). يمكن تدوير عظام HRD/DRD فقط؛ وتسبب مسارات الموضع فصل المفاصل وهي غير مسموح بها. يُرجى إزالة حركة الموضع من هذا العظم.
Common.UGCValidation.ErrorLabel.CurveAnim_BoneTranslationExceedsThreshold,"يتحرك العظم ""{boneName}"" في CurveAnimation بمقدار {distance} من الأزرار عن موضعه الأولي. الحد الأقصى المسموح به للإزاحة هو {maxDistance} من الأزرار. يُرجى تقليل حركة موضع العظم."
Common.UGCValidation.ErrorLabel.CurveAnim_BonesNotAllowed,يحتوي CurveAnimation على مجلدات عظام HRD/DRD غير مدعومة حاليًا. يُرجى إزالة جميع المجلدات الفرعية للعظام قبل الرفع.
Common.UGCValidation.ErrorLabel.CurveAnim_BoundsExceeded,لا يمكن أن تكون أجزاء الجسد في CurveAnimation أسفل {minHeight} من الأزرار أو على بعد أكثر من {maxDistance} من الأزرار عن HumanoidRootPart. يُرجى إصلاح الحركة.
Common.UGCValidation.ErrorLabel.CurveAnim_ChildrenOnMarkerOrRig,لا يمكن أن يحتوي العنصران الفرعيان MarkerCurves وAnimationRigData في CurveAnimation على عناصر فرعية
Common.UGCValidation.ErrorLabel.CurveAnim_ContainsScripts,يحتوي تسلسل CurveAnimation الهرمي على Scripts أو LocalScripts أو ModuleScripts. يُرجى إزالتها.
Common.UGCValidation.ErrorLabel.CurveAnim_FetchFailed,تعذَّر تحميل بيانات CurveAnimation. قد يكون أصل الحركة غير صالح أو يتعذَّر الوصول إليه.
Common.UGCValidation.ErrorLabel.CurveAnim_InvalidBodyPartHierarchy,تحتوي CurveAnimation على مجلد جزء الجسد {folderName} والذي يتضمن تسلسلًا هرميًا غير صالح (يحتوي على عناصر تابعة غير مسموح بها أو تم إعدادها بشكل غير صحيح)
Common.UGCValidation.ErrorLabel.CurveAnim_InvalidBoneName,"المجلد ""{boneName}"" في CurveAnimation ليس اسم عظم HRD/DRD معترفًا به. يجب أن تكون المجلدات الفرعية للحركة إما أجزاء جسد R15 صالحة أو أسماء عظام معترف بها (مثل HeadBase وSpine وChest وLeftClavicle وRightClavicle وLeftToeBase وRightToeBase أو عظام الأصابع مثل LeftHandIndex1)."
Common.UGCValidation.ErrorLabel.CurveAnim_InvalidCurveData,تحتوي CurveAnimation على Curves ذات وقت أو قيمة غير صالحة. يُرجى إصلاح الحركة.
Common.UGCValidation.ErrorLabel.CurveAnim_InvalidInstanceTypes,يمكن لتسلسل CurveAnimation الهرمي أن يحتوي فقط على {allowedTypes}. يُرجى إزالة أي أنواع حالات أخرى من التسلسل الهرمي.
Common.UGCValidation.ErrorLabel.CurveAnim_InvalidLength,يجب أن يتراوح طول CurveAnimation بين {minLength} و{maxLength} ثانية. يُرجى إصلاح الحركة.
Common.UGCValidation.ErrorLabel.CurveAnim_InvalidMarkerData,تحتوي CurveAnimation على MarkerCurves ذات وقت أو قيمة غير صالحة، أو أن القيمة طويلة جدًا. يُرجى إصلاح الحركة.
Common.UGCValidation.ErrorLabel.CurveAnim_InvalidNumericalData,تحتوي CurveAnimation على Curves بها بيانات رقمية غير صالحة. يُرجى إصلاح الحركة.
Common.UGCValidation.ErrorLabel.CurveAnim_InvalidRigData,فشل التحقق الداخلي من صحة AnimationRigData. يُرجى التأكد من إعداد AnimationRigData بشكل صحيح.
Common.UGCValidation.ErrorLabel.CurveAnim_InvalidRigDataR15Plus,فشل التحقق الداخلي من صحة AnimationRigData R15+. يُرجى التأكد من إعداد AnimationRigData بشكل صحيح لحركات العظام.
Common.UGCValidation.ErrorLabel.CurveAnim_InvalidTags,يمكن أن يحتوي CurveAnimation على وسم وقت واحد فقط. يُرجى إزالة جميع الوسوم الأخرى.
Common.UGCValidation.ErrorLabel.CurveAnim_JointRotationExceeded,في CurveAnimation عند الزمن {time} ثانية، يحتوي المفصل {bodyPart} على زاوية دوران مقدارها {rotation} من الدرجات عن وضعية الراحة. الحد الأقصى المسموح به هو {maxRotation} من الدرجات. يُرجى إصلاح الحركة.
Common.UGCValidation.ErrorLabel.CurveAnim_KeysTooClose,تحتوي CurveAnimation على Curve {curvePath} به مفاتيح متقاربة جدًا زمنيًا بالنسبة لحركة بحد أقصى {maxFPS} إطار/ثانية. يُرجى إصلاح الحركة.
Common.UGCValidation.ErrorLabel.CurveAnim_LoopingNotEnabled,"لم يتم تمكين خاصية Loop على CurveAnimation ""{animationName}"". يجب أن تكون الحركات التي يتم رفعها إلى المتجر قابلة للتكرار. يُرجى تمكين خاصية Loop."
Common.UGCValidation.ErrorLabel.CurveAnim_MultipleBodyRoots,تحتوي CurveAnimation على أكثر من مجلد فرعي واحد يحمل اسم جزء من الجسد أو HumanoidRootPart. يُرجى التأكد من وجود مجلد فرعي واحد فقط يحمل اسم جزء من الجسد أو HumanoidRootPart.
Common.UGCValidation.ErrorLabel.CurveAnim_MultipleRigData,تحتوي CurveAnimation على أكثر من عنصر فرعي واحد من نوع AnimationRigData. يُرجى التأكد من وجود عنصر فرعي واحد فقط من نوع AnimationRigData.
Common.UGCValidation.ErrorLabel.CurveAnim_NegativeKeyTime,تحتوي CurveAnimation على Curve {curvePath} به مفتاح له وقت سالب. يُرجى إصلاح الحركة.
Common.UGCValidation.ErrorLabel.CurveAnim_NoBodyRoot,لا تحتوي CurveAnimation على أي مجلد فرعي يحمل اسم جزء من الجسد أو HumanoidRootPart. يُرجى التأكد من وجود مجلد فرعي واحد فقط (لا غير) يحمل اسم جزء من الجسد أو HumanoidRootPart.
Common.UGCValidation.ErrorLabel.CurveAnim_NoJointManipulation,لا يحتوي CurveAnimation على أي تعديل للمفاصل.
Common.UGCValidation.ErrorLabel.CurveAnim_NoRigData,لا تحتوي CurveAnimation على أي عناصر فرعية من نوع AnimationRigData. يُرجى التأكد من وجود عنصر فرعي واحد فقط (لا غير) من نوع AnimationRigData.
Common.UGCValidation.ErrorLabel.CurveAnim_NotCurveAnimation,الحركة المُشار إليها ليست CurveAnimation. يُرجى التأكد من رفع الحركة بشكل صحيح.
Common.UGCValidation.ErrorLabel.CurveAnim_PartTooFar,في CurveAnimation عند الزمن {time} ثانية، يكون جزء الجسد {bodyPart} على بعد {distance} من الأزرار عن HumanoidRootPart. لا يمكن أن تكون أجزاء الجسد على بعد أكثر من {maxDistance} من الأزرار عن HumanoidRootPart. يُرجى إصلاح الحركة.
Common.UGCValidation.ErrorLabel.CurveAnim_PartTooLow,في CurveAnimation عند الزمن {time} ثانية، يكون جزء الجسد {bodyPart} على ارتفاع {height} من الأزرار عن HumanoidRootPart. لا يمكن أن تكون أجزاء الجسد أسفل {minHeight} من الأزرار من HumanoidRootPart. يُرجى إصلاح الحركة.
Common.UGCValidation.ErrorLabel.CurveAnim_PositionSeparation,تحتوي CurveAnimation على فصل موضعي لأجزاء الجسد. يمكن لجزء LowerTorso فقط تغيير الموضع. يمكن لجميع أجزاء الجسد الأخرى تغيير اتجاهها فقط. يتحرك {bodyPart} مسافة تزيد عن {maxMovement} من الأزرار عن أصله. يُرجى إصلاح الحركة.
Common.UGCValidation.ErrorLabel.CurveAnim_RotationTooFast,في CurveAnimation عند الزمن {time} ثانية، يتحرك جزء الجسد {bodyPart} بسرعة دوران {speed} من الدرجات في الثانية. الحد الأقصى للسرعة هو {maxSpeed} درجة في الثانية. يُرجى إصلاح الحركة.
Common.UGCValidation.ErrorLabel.CurveAnim_SpeedTooFast,في CurveAnimation عند الزمن {time} ثانية، يتحرك جزء الجسد {bodyPart} بسرعة {speed} من الأزرار في الثانية. الحد الأقصى للسرعة هو {maxSpeed} من الأزرار في الثانية. يُرجى إصلاح الحركة.
Common.UGCValidation.ErrorLabel.CurveAnim_SpeedTooFastLegacy,يتحرك جزء الجسد {bodyPart} في CurveAnimation مسافة تزيد عن {maxMovement} من الأزرار بين الإطارات. يُرجى إصلاح الحركة.
Common.UGCValidation.ErrorLabel.CurveAnim_TooManyDescendants,يحتوي CurveAnimation على {count} من العناصر التابعة. الحد الأقصى المسموح به هو {maxAllowed}. يُرجى تقليل عدد العناصر التابعة.
Common.UGCValidation.ErrorLabel.CurveAnim_TooManyKeys,تحتوي CurveAnimation على Curves بها عدد كبير جدًا من المفاتيح. الحد الأقصى لكل Curve هو {maxAllowed}. يُرجى إصلاح الحركة.
Common.UGCValidation.ErrorLabel.CurveAnim_TooManyMarkerCurves,تحتوي CurveAnimation على أكثر من {maxAllowed} من عناصر MarkerCurve. يُرجى التأكد من عدم وجود أكثر من {maxAllowed} من عناصر MarkerCurve التابعة.
Common.UGCValidation.ErrorLabel.CurveAnim_TooManyMarkers,تحتوي CurveAnimation على MarkerCurve به {count} من العلامات. الحد الأقصى لكل MarkerCurve هو {maxAllowed}. يُرجى إصلاح الحركة.
Common.UGCValidation.ErrorLabel.CurveAnim_UnexpectedChild,تحتوي CurveAnimation على عنصر فرعي غير متوقع: {childName}
Common.UGCValidation.ErrorLabel.DynamicHeadCageMisaligned,يجب أن تكون الرؤوس الديناميكية في المتجر محصورة بشكل صحيح بحيث تصطف قمم العينين والفم على القفص مع قمم الشبكة. يرجى تحسين القفص ومحاذاته مع الشبكة.
Common.UGCValidation.ErrorLabel.DynamicHeadHappyNotShown,تعذّر اكتشاف تعبير الابتسامة للرأس الديناميكي. يُرجى ضبط معالم القفص الخاصة بالفم لتتطابق مع موضع الفم على الرأس والتأكد من إمكانية إظهار تعبير الابتسامة.
Common.UGCValidation.ErrorLabel.DynamicHeadLeftEyeNotClose,تعذّر اكتشاف تعبير إغلاق العين اليسرى للرأس الديناميكي. يُرجى ضبط معالم القفص الخاصة بالعين اليسرى لتتطابق مع موضع العين اليسرى على الرأس والتأكد من إمكانية إغلاقها.
Common.UGCValidation.ErrorLabel.DynamicHeadMISSINGCAGE,لا تحتوي الرؤوس الديناميكية في المتجر على أقفاص للرأس. يرجى إنشاء قفص رأس للرأس الديناميكي.
Common.UGCValidation.ErrorLabel.DynamicHeadMouthNotOpen,تعذّر اكتشاف تعبير فتح الفم للرأس الديناميكي. يُرجى ضبط معالم القفص الخاصة بالفم لتتطابق مع موضع الفم على الرأس، والتأكد من إمكانية فتحه.
Common.UGCValidation.ErrorLabel.DynamicHeadNOFACS,يجب أن تكون الرؤوس الديناميكية في المتجر متحركة، لكن هذا الرأس لا يحتوي على بيانات نظام FACS.
Common.UGCValidation.ErrorLabel.DynamicHeadRightEyeNotClose,تعذّر اكتشاف تعبير إغلاق العين اليمنى للرأس الديناميكي. يُرجى ضبط معالم القفص الخاصة بالعين اليمنى لتتطابق مع موضع العين اليمنى على الرأس والتأكد من إمكانية إغلاقها.
Common.UGCValidation.ErrorLabel.DynamicHeadSadNotShown,تعذّر اكتشاف تعبير العبوس للرأس الديناميكي. يُرجى ضبط معالم القفص الخاصة بالفم لتتطابق مع موضع الفم على الرأس والتأكد من إمكانية إظهار تعبير العبوس.
Common.UGCValidation.ErrorLabel.EmissiveMap_NotAllowed,يستخدم هذا الأصل خرائط إضاءة ذاتية متاحة فقط للمصممين في برنامج المصممين الموثوق بهم. يُرجى إزالة محتوى خرائط الإضاءة الذاتية بالكامل أو الانضمام إلى البرنامج قبل الرفع.
Common.UGCValidation.ErrorLabel.EmoteAnimation_InvalidMaxPartTranslationAttribute,تفتقد الحركة المنشورة إلى قيمة صالحة للحد الأقصى لإزاحة الأجزاء. يُرجى إعادة نشر الحركة.
Common.UGCValidation.ErrorLabel.EmoteAnimation_InvalidUGCAttribute,تفتقد الحركة المنشورة إلى علامة حركة تعبيرية صالحة من تصميم المستخدم (UGC). يُرجى إعادة نشر الحركة.
Common.UGCValidation.ErrorLabel.EmoteAnimation_MaxPartTranslationCalcFailed,تعذَّر حساب الحد الأقصى لإزاحة الجزء من بيانات الحركة المنشورة. يُرجى إعادة نشر الحركة.
Common.UGCValidation.ErrorLabel.EmoteAnimation_MaxPartTranslationMismatch,تحدد الحركة المنشورة الحد الأقصى لإزاحة الجزء بمقدار {taggedTranslation} من الأزرار، لكن بيانات الحركة الخاصة بها تُحسب لتكون {calculatedTranslation} من الأزرار. يُرجى إعادة نشر الحركة.
Common.UGCValidation.ErrorLabel.FaceControlsOverrideFACSNotEmpty,يجب أن تكون خاصية InternalOverrideFACSData في FaceControls فارغة عند الرفع.
Common.UGCValidation.ErrorLabel.FacsExpandsHead,تم اكتشاف أن نظام FACS قام بتوسيع حجم رأسك إلى {modPercent}%، لكن تعديل الرأس مخالف لسياسة المتجر المتعلقة بحركات الوجه.
Common.UGCValidation.ErrorLabel.FacsShrinksHead,تم اكتشاف أن نظام FACS قام بتقليص حجم رأسك إلى {modPercent}%، لكن تغيير الرأس مخالف لسياسة المتجر المتعلقة بحركات الوجه.
Common.UGCValidation.ErrorLabel.FailureWithoutReason,فشل التحقُّق لسبب غير معروف. يُرجى المحاولة مرة أخرى أو الإبلاغ عن الأخطاء إذا استمرت هذه المشكلة.
Common.UGCValidation.ErrorLabel.FolderStructureMismatch,تنسيق الملف الذي تم تحميله لا يطابق بنية المجلد المتوقعة. يُرجى المحاولة مرة أخرى أو الإبلاغ عن الأخطاء.
Common.UGCValidation.ErrorLabel.HeadNotDynamic,يجب إعداد الرؤوس الديناميكية في المتجر لتحريك حركات الوجه الأساسية بشكل صحيح، لكن عملية الاكتشاف التي أجريناها لم ترصد تغييرًا كبيرًا.
Common.UGCValidation.ErrorLabel.HrdBone_OutOfBounds,العظم {bonePath} بعيد جدًا عن MeshPart {partName}، يرجى وضعه أقرب إلى حدود حجم MeshPart‏.
Common.UGCValidation.ErrorLabel.HrdBone_TooCloseToParent,العظم {bonePath} قريب جدًا من أصله. اضبط موضع العظم قليلاً.
Common.UGCValidation.ErrorLabel.HrdBone_TransformNotIdentity,يحتوي العظم {bonePath} على خاصية التحويل، ولكن لم يتم تمكين هذه الخاصية بعد لعمليات الرفع إلى المتجر. يرجى إعادة تعيينها إلى إطار CFrame المتطابق.
Common.UGCValidation.ErrorLabel.HrdCheck_BoneNotMappedInHRD,العظم {boneName} مسموح به، ولكن يجب عليك تعيينه بشكل صريح في HumanoidRigDescription أو DigitsRigDescription.
Common.UGCValidation.ErrorLabel.HrdCheck_BoneWithoutHrd,تم العثور على العظم في {bonePath}، ولكن يجب عليك استخدام HumanoidRigDescription لاستخدام العظام.
Common.UGCValidation.ErrorLabel.HrdCheck_DrdInvalidSide,DigitsRigDescription داخل {partName} يجب أن يكون للجانب {expectedSide}، لكن قيمة الخاصية هي {foundSide}.
Common.UGCValidation.ErrorLabel.HrdCheck_DrdWithoutHrd,لا يمكنك تضمين DigitsRigDescription بدون HumanoidRigDescription
Common.UGCValidation.ErrorLabel.HrdCheck_DuplicateInstance,تظهر الحالة {instName} أكثر من مرة، ولكن يجب أن توجد مرة واحدة فقط ضمن تسلسل هرمي للعظام.
Common.UGCValidation.ErrorLabel.HrdCheck_ImproperParent,الحالة {instName} موجودة تحت {parentName}، ولكن استنادًا إلى عظامك الحالية، يجب أن تكون تحت {expectedParentName}.
Common.UGCValidation.ErrorLabel.HrdCheck_TempR15BonesUploadNotAllowed,لم يتم تمكين HumanoidRigDescription والعظام الإضافية لعمليات رفع الجسد حتى الآن.
Common.UGCValidation.ErrorLabel.HrdCheck_UndefinedInstanceInBoneTree,الحالة {instName} من الفئة {className} موجودة في شجرة عظام ولكنها ليست جزءًا من مخطط R15plus المحدد.
Common.UGCValidation.ErrorLabel.HrdImproperJointMapping,تم تعيين المفصل الاختياري {jointName} بشكل غير صحيح في HRD. يجب تعيينه إلى عظم يسمى {boneName}.
Common.UGCValidation.ErrorLabel.HrdMissingStandardJoint,المفصل {jointName} هو مفصل R15 قياسي، لكن ملحق نقطة الاتصال غير متصل بـ HRD. تأكد من أن HRD الموجود تحت الأفاتار الخاص بك مرتبط بـ AttachmentConstraint وليس بـ Motor6d.
Common.UGCValidation.ErrorLabel.HrdProperties_MinAboveMax,تم إعداد نطاق لـ {jointName} في HRD، لكن أحد مكوناته في الحد الأدنى أكبر من الحد الأقصى، وهذا لا يُعد نطاقًا صالحًا.
Common.UGCValidation.ErrorLabel.HrdProperties_OriginOutsideBounds,يحتوي HumanoidRigDescription على OriginOffset خارج الحدود. يجب ألا يحتوي OriginOffset على أي دوران، ويجب أن يكون ضمن {valueMin} و{valueMax}.
Common.UGCValidation.ErrorLabel.HrdProperties_PropertyOutOfRange,تم إعداد {jointName} لخاصية {propertyName} في HRD/DRD إلى {currentValue}. النطاق المقبول هو من {valueMin} إلى {valueMax}.
Common.UGCValidation.ErrorLabel.HrdProperties_UncontainedJoint,تتم الإشارة إلى خاصية HRD {jointName} بواسطة الحالة الموجودة ضمن {foundMeshName}، لكن هذه الخاصية غير مدرجة في القائمة المحتواة. إذا كنت تنشر من Studio ولديك HRD/DRD فقط على مستوى الأفاتار، يُرجى الإبلاغ عن الأخطاء.
Common.UGCValidation.ErrorLabel.HrdTposePosition,يحتوي المفصل {jointName} على موضع TposeAdjustment خارج الحدود المقبولة. يُرجى تقليل الإزاحة بحيث تكون ضمن +-({offsetLimit}).
Common.UGCValidation.ErrorLabel.HrdTposeRotation,يحتوي المفصل {jointName} على موضع TposeAdjustment ينحرف بأكثر من {degLimit} من الدرجات عن الاتجاه المُقترح {expectedOrientation}.
Common.UGCValidation.ErrorLabel.InstanceTagsFound,تحتوي الحالات التالية على وسوم ولكن أصول السوق لا يمكن أن تحتوي على أي وسوم: {ProblematicDescendantPaths}
Common.UGCValidation.ErrorLabel.InternalError,تعذّر التحقق من صحة الأصل بشكل صحيح بسبب خطأ داخلي. إذا استمرت هذه المشكلة، يُرجى إنشاء بلاغ عن الأخطاء. ValidationJobId: {ValidationJobId}
Common.UGCValidation.ErrorLabel.JointRotAtt_Moved,الحالة {instPath} هي jointRotation تم تحريكه، لكن رفع العناصر على المتجر قد لا يسمح بعد بتعديل هذه الحالة. يُرجى إعادة تعيين الموضع إلى {expectedPosition}.
Common.UGCValidation.ErrorLabel.JointRotAtt_MultipleAttachments,لا يمكن أن تحتوي الحالة {parentPath} على أكثر من عنصر فرعي واحد من نوع JointRotation.
Common.UGCValidation.ErrorLabel.JointRotAtt_Rotated,الحالة {instPath} هي jointRotation، ولكن رفع العناصر على المتجر قد لا يسمح بعد بتعديل هذه الحالة. يرجى إعادة تعيين الاتجاه إلى {expectedOrientation}.
Common.UGCValidation.ErrorLabel.JointRotAtt_UnrecognizedParent,تحتوي الحالة {parentPath} على عنصر فرعي من نوع JointRotation، ولكن هذا ليس جزءًا من مخطط R15plus المسموح به.
Common.UGCValidation.ErrorLabel.JointRotAtt_WrongInstanceClass,الحالة {instPath} تسمى JointRotation ولكن JointRotation محجوز لنقاط الاتصال التي هي أجزاء فرعية لنقطة اتصال أخرى.
Common.UGCValidation.ErrorLabel.LCDeformTooLarge,تتشوه الملابس ذات الطبقات الخاصة بك بما يتجاوز الحجم المقبول البالغ {maxSize} عند وضعها على الأفاتار.
Common.UGCValidation.ErrorLabel.LeaderVertsNearCageIslands,تحتوي الرموش على رؤوس (vertices) مُكسوة بإكساء RBX_Leader تقع بعيدة جدًا عن معالم العين على القفص الداخلي. تأكد من أن جميع الرؤوس المُكسوة بإكساء RBX_Leader تقع بالقرب من منطقة العين في القفص الداخلي
Common.UGCValidation.ErrorLabel.MeasureCageMeshDistanceAvatar_CageInsideMesh,يتقاطع قفص الجسم مع mesh الجسم. {negtiveSDFPercent}% من قمم قفص الجسم تقع داخل mesh الجسم.
Common.UGCValidation.ErrorLabel.MeasureCageMeshDistanceAvatar_CageTooFar,قفص الرأس بعيد جدًا عن mesh الرأس. يبلغ الحد الأقصى للمسافة بين قفص الرأس و {max_sdf}، وهو أعلى من الحد المسموح به {max_sdf_threshold}
Common.UGCValidation.ErrorLabel.MeasureCageMeshDistanceHead_CageInsideMesh,يتقاطع قفص الرأس مع mesh الرأس. {negtiveSDFPercent}% من قمم قفص الرأس تقع داخل mesh الرأس.
Common.UGCValidation.ErrorLabel.MeasureCageMeshDistanceHead_CageTooFar,قفص الرأس بعيد جدًا عن mesh الرأس. يبلغ الحد الأقصى للمسافة بين قفص الرأس وmesh {max_sdf}، وهو أعلى من الحد المسموح به {max_sdf_threshold}
Common.UGCValidation.ErrorLabel.MeasureCageMeshDistance_CageInsideMesh,يتقاطع القفص الخارجي مع mesh العرض. {negtiveSDFPercent}% من قمم القفص الخارجي تقع داخل mesh العرض.
Common.UGCValidation.ErrorLabel.MeasureCageMeshDistance_CageTooFar,القفص الخارجي بعيد جدًا عن mesh العرض. يبلغ الحد الأقصى للمسافة بين القفص الخارجي وmesh {max_sdf}، وهو أعلى من الحد المسموح به {max_sdf_threshold}
Common.UGCValidation.ErrorLabel.MeasureCageRelevancy,{outer_cage_face_irrelevant_percent}% من رؤوس القفص الخارجي المُعدَّلة لا تغطي الإكسسوار. تأكد من تحريك القفص الخارجي فقط عند الحاجة.
Common.UGCValidation.ErrorLabel.MeasureCageUV,توجد {incorrect_uv_count} قيم UV في القفص {cage_name} غير صحيحة أو لا تنتمي إلى القالب. يرجى تصحيح قيم UV للقفص.
Common.UGCValidation.ErrorLabel.MeasureMeshOutsideOuterCage,{mesh_outside_outer_cage_percent}% من قمم mesh الخاصة بالإكسسوار تقع خارج قفصه الخارجي. قم بإجراء تعديلات لوضع جزء أكبر من الإكسسوار بين الأقفاص.
Common.UGCValidation.ErrorLabel.MeshPartBounds_TooLarge,"حجم أصل mesh للجزء {partName} على المحور {axis} البالغ ""{currentSize}"" من الأزرار أكبر من الحد الأقصى المسموح به لحجم الجزء الفردي البالغ ""{maxSize}"" من الأزرار. يرجى تغيير حجم أصل mesh إلى الأصغر."
Common.UGCValidation.ErrorLabel.MeshPartBounds_TooSmall,"حجم أصل mesh للجزء {partName} على المحور {axis} البالغ ""{currentSize}"" من الأزرار أصغر من الحد الأدنى المسموح به لحجم الجزء الفردي البالغ ""{minSize}"" من الأزرار. يرجى تغيير حجم أصل mesh إلى الأكبر."
Common.UGCValidation.ErrorLabel.MissingRequiredAttachment,يجب أن توجد نقطة الاتصال {attName} مرة واحدة بالضبط ضمن العناصر الفرعية للجزء {partName}.
Common.UGCValidation.ErrorLabel.NoAttributes,يحتوي '{RootInstanceName}' (أو العناصر الفرعية له) على سمات. يتعين عليك إزالة السمات مما يلي: {InstanceNameList}
Common.UGCValidation.ErrorLabel.PropertiesNotSensible,"يحتوي {ClassName} ""{InstancePath}"" على خصائص غير صالحة: {ProblematicProperties}. لقد تم تجاوز حد البايت المحدد (الحد 0 يعني أن الخاصية يجب أن تكون فارغة)، أو أن إحدى الخصائص تحتوي على قيم NaN/Inf أو تجاوزت الحد الافتراضي للحجم."
Common.UGCValidation.ErrorLabel.RigAttachmentOutOfBounds,"يجب وضع نقطة اتصال rig ""{AttachmentName}"" في الجزء ""{PartName}"" بالقرب من حدود المفصل حيث يتصل جزء الجسد هذا بجزء مجاور. الموضع الحالي [{CurrentPosition}] بعيد جدًا عن مستوى الاتصال. انقله ليكون أقرب إلى [{ClosestValidPosition}]."
Common.UGCValidation.ErrorLabel.SelectionCountNotOne,لرفع أصل على منصة Roblox، يجب عليك تحديد حالة واحدة بالضبط ونوع الرفع المرتبط بها.
Common.UGCValidation.ErrorLabel.SerializedAssetTooLarge,هذا الأصل أكبر من الحد المسموح به للرفع (حجمه {sizeBytes} بايت متجاوزًا الحد الأقصى البالغ {maxSizeBytes} بايت). يرجى تقليل حجمه والمحاولة مرة أخرى.
Common.UGCValidation.ErrorLabel.TagsFoundOnSingleInstance,يجب ألا تحتوي الحالة {ProblematicDescendantPath} على أي وسوم.
Common.UGCValidation.ErrorLabel.TestWorkflowMessageV2,سلسلة أخطاء الاختبار الثانية المُستخدمة للتحقق من سير عمل مزامنة الترجمة المرتكزة على المركز من البداية للنهاية
Common.UGCValidation.ErrorLabel.UnallowedFacsJoints,يحتوي MeshPart الخاص بالرأس على محرك وجه لـ {jointName}، والذي لا يمكن استخدامه في نظام FACs. يُرجى إعادة تسمية هذه المفصل ثم إعادة استيراد الرأس.
Common.UGCValidation.ErrorLabel.UnallowedJointSkinned, الجزء {partName} مربوط بالمفصل الافتراضي {jointName}، وهو ليسو جزءًا من مخطط R15plus.
Common.VerifiedParentalConsent.Action.Cancel,
Common.VerifiedParentalConsent.Action.Close,
Common.VerifiedParentalConsent.Action.GoToSettings,الانتقال إلى الإعدادات
Common.VerifiedParentalConsent.Description.SpendingRestrictionWithSettings,نظرًا للقيود الإقليمية المطبّقة، فأنت بحاجة إلى إذن والديك لإجراء عملية الشراء. اطلب الإذن من والديك في الإعدادات > الإنفاق.
Common.VerifiedParentalConsent.Description.SpendingRestrictionWithoutSettings,نظرًا للقيود الإقليمية المطبّقة، فأنت بحاجة إلى إذن والديك لإجراء عملية الشراء. يُرجى زيارة الويب أو جهاز مرافق لطلب الإذن من والديك في الإعدادات > الإنفاق.
Common.VerifiedParentalConsent.Label.AskParent,اطلب من والديك
Common.VisitGame.Label.Play,الانضمام
CommonUI.Controls.Action.Accept,قبول
CommonUI.Controls.Action.Apply,تطبيق
CommonUI.Controls.Action.Back,رجوع
CommonUI.Controls.Action.Cancel,
CommonUI.Controls.Action.Confirm,تأكيد
CommonUI.Controls.Action.Continue,
CommonUI.Controls.Action.Done,تم
CommonUI.Controls.Action.Next,التالي
CommonUI.Controls.Action.OK,حسنًا
CommonUI.Controls.Action.Refresh,تحديث
CommonUI.Controls.Action.ResetAll,إعادة تعيين الكل
CommonUI.Controls.Action.Search,البحث
CommonUI.Controls.Action.ShowMore,عرض المزيد
CommonUI.Controls.Action.Submit,إرسال
CommonUI.Controls.Action.Yes,نعم
CommonUI.Controls.Birthdaypicker.Label.Date,التاريخ
CommonUI.Controls.Input.Optional,{inputLabel} (اختياري)
CommonUI.Controls.Label.April,نيسان/أبريل
CommonUI.Controls.Label.AprilAbbreviated,أبريل
CommonUI.Controls.Label.August,آب/أغسطس
CommonUI.Controls.Label.AugustAbbreviated,أغسطس
CommonUI.Controls.Label.Day,اليوم
CommonUI.Controls.Label.December,كانون الأول/ديسمبر
CommonUI.Controls.Label.DecemberAbbreviated,ديسمبر
CommonUI.Controls.Label.February,شباط/فبراير
CommonUI.Controls.Label.FebruaryAbbreviated,فبراير
CommonUI.Controls.Label.Friday,الجمعة
CommonUI.Controls.Label.FridayAbbreviated,
CommonUI.Controls.Label.InvalidDateFormat,تنسيق التاريخ غير صالح
CommonUI.Controls.Label.January,كانون الثاني/يناير
CommonUI.Controls.Label.JanuaryAbbreviated,يناير
CommonUI.Controls.Label.July,تموز/يوليو
CommonUI.Controls.Label.June,حزيران/يونيو
CommonUI.Controls.Label.LastWeek,الأسبوع الماضي
CommonUI.Controls.Label.LastYear,العام الماضي
CommonUI.Controls.Label.March,آذار/مارس
CommonUI.Controls.Label.MarchAbbreviated,مارس
CommonUI.Controls.Label.May,أيار/مايو
CommonUI.Controls.Label.Monday,الاثنين
CommonUI.Controls.Label.MondayAbbreviated,
CommonUI.Controls.Label.November,تشرين الثاني/نوقمبر
CommonUI.Controls.Label.NovemberAbbreviated,نوفمبر
CommonUI.Controls.Label.October,تشرين الأول/أكتوبر
CommonUI.Controls.Label.OctoberAbbreviated,أكتوبر
CommonUI.Controls.Label.PageCount,{current:int} من {total:int}
CommonUI.Controls.Label.Saturday,السبت
CommonUI.Controls.Label.SaturdayAbbreviated,
CommonUI.Controls.Label.SelectDate,حدد التاريخ
CommonUI.Controls.Label.SelectTheTime,تحديد الوقت
CommonUI.Controls.Label.September,أيلول/سبتمبر
CommonUI.Controls.Label.SeptemberAbbreviated,سبتمبر
CommonUI.Controls.Label.Sunday,الأحد
CommonUI.Controls.Label.SundayAbbreviated,
CommonUI.Controls.Label.ThisMonth,هذا الشهر
CommonUI.Controls.Label.ThisWeek,هذا الأسبوع
CommonUI.Controls.Label.ThisYear,هذا العام
CommonUI.Controls.Label.Thursday,الخميس
CommonUI.Controls.Label.ThursdayAbbreviated,
CommonUI.Controls.Label.Today,
CommonUI.Controls.Label.Tuesday,الثلاثاء
CommonUI.Controls.Label.TuesdayAbbreviated,
CommonUI.Controls.Label.Wednesday,الأربعاء
CommonUI.Controls.Label.WednesdayAbbreviated,
CommonUI.Controls.Label.Year,السنة
CommonUI.Controls.NoResultsFound,لا توجد نتائج
CommonUI.Features.Action.Close,
CommonUI.Features.Action.Continue,
CommonUI.Features.Action.LearnMore,معرفة المزيد
CommonUI.Features.Action.LessLowercase,أقل
CommonUI.Features.Action.MoreLowercase,المزيد
CommonUI.Features.Action.Send,
CommonUI.Features.Label.About,حول
CommonUI.Features.Label.AcceptConnection,قبول جهة الاتصال
CommonUI.Features.Label.AcceptFriend,قبول الصداقة
CommonUI.Features.Label.Add,إضافة
CommonUI.Features.Label.AddConnection,إضافة جهة اتصال
CommonUI.Features.Label.AddConnections,إضافة جهات اتصال
CommonUI.Features.Label.AddFriend,إضافة صديق
CommonUI.Features.Label.Badges,شارات
CommonUI.Features.Label.Charts,الرائجة
CommonUI.Features.Label.Chat,الدردشة
CommonUI.Features.Label.Connect,الأصدقاء
CommonUI.Features.Label.Connection,جهة اتصال
CommonUI.Features.Label.Connections,جهات الاتصال
CommonUI.Features.Label.ControllerBar.HoldPrefix,أوقف
CommonUI.Features.Label.ControllerBar.Search,
CommonUI.Features.Label.ControllerBar.ToPlaySuffix,للعب
CommonUI.Features.Label.CreateGames,إنشاء
CommonUI.Features.Label.Friends,
CommonUI.Features.Label.Game,الخبرات
CommonUI.Features.Label.GiftCards,شراء بطاقات الهدايا
CommonUI.Features.Label.Groups,المجتمعات
CommonUI.Features.Label.HelpAndSafety,المساعدة والأمان
CommonUI.Features.Label.Home,الصفحة الرئيسية
CommonUI.Features.Label.Inventory,مقتنيات
CommonUI.Features.Label.InviteConnections,إرسال دعوة إلى جهات الاتصال
CommonUI.Features.Label.Learn,التعلُّم
CommonUI.Features.Label.Messages,الرسائل
CommonUI.Features.Label.Moments,اللحظات
CommonUI.Features.Label.More,
CommonUI.Features.Label.Premium,مميز
CommonUI.Features.Label.Privacy,الخصوصية
CommonUI.Features.Label.PrivacyPolicy,
CommonUI.Features.Label.Profile,الملف الشخصي
CommonUI.Features.Label.RM,
CommonUI.Features.Label.Redeem,تحصيل الأكواد
CommonUI.Features.Label.RemoveConnection,إزالة الصديق
CommonUI.Features.Label.ReportLogs,سجلات التقرير
CommonUI.Features.Label.ReportLogsSentenceCase,الإبلاغ عن السجلات
CommonUI.Features.Label.Sent,تم الإرسال
CommonUI.Features.Label.Settings,
CommonUI.Features.Label.Terms,الشروط
CommonUI.Features.Label.TermsOfUse,شروط الاستخدام
CommonUI.Features.Label.Thanks,شكرًا
CommonUI.Features.Label.TheHunt,أحداث Roblox
CommonUI.Features.Label.Trades,مهن
CommonUI.Features.Label.Unchecked,لم يتم التحقُّق
CommonUI.Features.Label.X,Roblox Plus
CommonUI.Features.Label.sGroups,
CommonUI.Features.Labels.ConnectTo,الاتصال بـ
CommonUI.Features.Labels.Retry,
CommonUI.Features.NavBar.Build,بناء
CommonUI.Features.StudioCTA.Tooltip.Body,تحميل الاستوديو مجاناً!
CommonUI.Features.StudioCTA.Tooltip.Title,بدء الإنشاء على Roblox
CommonUI.Messages.Action.Apply,
CommonUI.Messages.Action.Dismiss,تجاهل
CommonUI.Messages.Action.OK,
CommonUI.Messages.Action.Reset,Reset
CommonUI.Messages.Response.NoResults,
CommonUI.Messages.Response.PageError,خطأ في تحميل الصفحة
CommonUI.Messages.Response.SomethingWentWrong,
CommonUI.Messages.SystemMessage.AndroidDeprecationBodyPhase1,في المستقبل القريب، لن تدعم Roblox الأجهزة التي تعمل بالإصدارين 6 و7 من نظام التشغيل Android. لمواصلة اللعب، يُرجى ترقية جهازك إلى الإصدار 8 أو إصدار أحدث من نظام التشغيل Android.
CommonUI.Messages.SystemMessage.AndroidDeprecationBodyPhase2,ابتداءً من {date}، لن تدعم Roblox الأجهزة التي تعمل بالإصدارين 6 و7 من نظام التشغيل Android. لمواصلة اللعب، يُرجى ترقية جهازك إلى الإصدار 8 أو إصدار أحدث من نظام التشغيل Android.
CommonUI.Messages.SystemMessage.AndroidDeprecationBodyPhase2Fallback,ابتداءً من 19 يوليو 2025، لن تدعم Roblox الأجهزة التي تعمل بالإصدارين 6 و7 من نظام التشغيل Android. لمواصلة اللعب، يُرجى ترقية جهازك إلى الإصدار 8 أو إصدار أحدث من نظام التشغيل Android.
CommonUI.Messages.SystemMessage.AndroidDeprecationBodyPhase3,لم تعد Roblox تدعم الأجهزة التي تعمل بالإصدارين 6 و7 من نظام التشغيل Android. لمواصلة اللعب، يُرجى ترقية جهازك إلى الإصدار 8 أو إصدار أحدث من نظام التشغيل Android.
CommonUI.Messages.SystemMessage.AndroidDeprecationSystemRequirementsLinkLabel,متطلبات النظام على الجوال
CommonUI.Messages.SystemMessage.AndroidDeprecationTitlePhase1,الإجراء المطلوب: تحديث جهازك
CommonUI.Messages.SystemMessage.AndroidDeprecationTitlePhase2,
CommonUI.Messages.SystemMessage.AndroidDeprecationTitlePhase3,
CommonUI.Messages.SystemMessage.DeprecationMobileSystemRequirementsLinkLabel,متطلبات نظام الجوال
CommonUI.Messages.SystemMessage.DeprecationTitle,إجراء مطلوب: حدّث جهازك
CommonUI.Messages.SystemMessage.IosDeprecationBodyPhase1,في المستقبل القريب، لن تدعم منصّة Roblox نظام iOS 13. يُرجى ترقية جهازك إلى iOS 14 أو أعلى لمواصلة اللعب.
CommonUI.Messages.SystemMessage.IosDeprecationBodyPhase2Fallback,ابتداءً من 5 يونيو 2026، لن تدعم منصّة Roblox نظام iOS 13. يُرجى ترقية جهازك إلى iOS 14 أو أعلى لمواصلة اللعب.
CommonUI.Messages.SystemMessage.IosDeprecationBodyPhase3,لم تعد منصّة Roblox تدعم نظام iOS 13. يُرجى ترقية جهازك إلى iOS 14 أو أعلى لمواصلة اللعب.
CommonUI.Messages.SystemMessage.PS4onPS5DeprecationBody,يُرجى تثبيت الإصدار الجديد من منصّة Roblox وتشغيله على PlayStation®5. لن يكون إصدار منصّة Roblox على PlayStation®4 متاحًا للاعبين على PlayStation®5 اعتبارًا من {date}.
CommonUI.Messages.SystemMessage.PS4onPS5DeprecationTitle,منصّة Roblox متاحة الآن على PlayStation®5
CommonUI.Messages.SystemMessage.PS4onPS5HardDeprecationBody,لم يعد إصدار PlayStation®4 من Roblox مدعومًا على جهاز PlayStation®5. لمواصلة اللعب، يرجى تنزيل تطبيق Roblox الجديد المخصص لجهاز PlayStation®5.
CoreScripts.Ads.Action.Close,
CoreScripts.Ads.ImmersiveBrandedAds.WhyThisAd,هذا الإعلان غير المخصص يظهر للمستخدمين في هذه التجربة. المُعلِن هو {AdvertiserName} وقد دفع مقابل هذا الإعلان.
CoreScripts.Ads.Label.IllegalContentReportingLink,الإبلاغ عن محتوى غير قانوني أو محتوى ضار بالأطفال
CoreScripts.Ads.Label.InExperienceDisclosureDynamic,لم تستخدم Roblox أي معلومات تتعلق بسلوك المستخدم لعرض هذا الإعلان. أنت تشاهد هذا الإعلان بناءً على معلومات تتضمن نوع الجهاز والموقع والعمر، نهدف من خلالها إلى عرض إعلانات ذات صلة ومناسبة لاهتماماتك. المُعلِن هو {AdvertiserName}.
CoreScripts.Ads.Label.InExperienceDisclosureDynamicWithPayer,لم تستخدم Roblox أي معلومات تتعلق بسلوك المستخدم لعرض هذا الإعلان. أنت تشاهد هذا الإعلان بناءً على معلومات تتضمن نوع الجهاز والموقع والعمر، نهدف من خلالها إلى عرض إعلانات ذات صلة ومناسبة لاهتماماتك. المُعلِن هو {AdvertiserName}، ومموِّل الإعلان هو {PayerName}.
CoreScripts.Ads.Label.InExperienceDisclosureStatic,لم تستخدم Roblox أي معلومات تتعلق بسلوك المستخدم لعرض هذا الإعلان. أنت تشاهد هذا الإعلان بناءً على معلومات تتضمن نوع الجهاز والموقع والعمر، نهدف من خلالها إلى عرض إعلانات ذات صلة ومناسبة لاهتماماتك.
CoreScripts.Ads.Label.InappropriateAd,إعلان غير لائق
CoreScripts.Ads.Label.ReportAd,الإبلاغ عن الإعلان
CoreScripts.Ads.Label.RewardedVideoEligibleDisclaimer,هذا إعلان تجريبي. سيتم عرض الإعلانات الحقيقية في تجربتك.
CoreScripts.Ads.Label.RewardedVideoExitConfirmation,لقد أوشكت على الحصول على مكافأتك. هل تريد بالتأكيد الخروج؟
CoreScripts.Ads.Label.RewardedVideoIneligibleDisclaimer,هذا إعلان تجريبي. لن يتم عرض الإعلانات الحقيقية لأن تجربتك غير مؤهلة.
CoreScripts.Ads.Label.SponsoredAds,ممولة
CoreScripts.Ads.Label.SponsoredAdsDisclosureStatic,التجارب التي تم رعايتها مدفوعة من قبل المصممين. بالنسبة للمستخدمي في الاتحاد الأوروبي، قد يتم عرضهم لك على أساس معلومات عامة مثل نوع جهازك وموقعك الجغرافي. أما خارج الاتحاد الأوروبي، فقد يتم عرض الإعلانات استنادًا إلى معلومات إضافية.
CoreScripts.Ads.Label.Teleporting,انتقال فوري...
CoreScripts.Ads.Label.WhyThisAd,لماذا هذا الإعلان؟
CoreScripts.AssetPreviewView.Action.ResetView,إعادة تعيين العرض
CoreScripts.AssetPreviewView.Label.LoadingFailed,تعذّر التحميل
CoreScripts.AvatarEditorPrompts.Adding,إضافة:
CoreScripts.AvatarEditorPrompts.CreateOutfitPromptNo,لا
CoreScripts.AvatarEditorPrompts.CreateOutfitPromptText,هل تريد حفظ هذه الشخصية في Roblox؟ 
CoreScripts.AvatarEditorPrompts.CreateOutfitPromptTitle,حفظ شخصية الأفاتار
CoreScripts.AvatarEditorPrompts.CreateOutfitPromptYes,
CoreScripts.AvatarEditorPrompts.DeleteOutfitPromptNo,
CoreScripts.AvatarEditorPrompts.DeleteOutfitPromptText,هل تريد حذف الشخصية {RBX_NAME} من Roblox؟
CoreScripts.AvatarEditorPrompts.DeleteOutfitPromptTextNoName,هل تريد حذف هذه الشخصية من Roblox؟
CoreScripts.AvatarEditorPrompts.DeleteOutfitPromptTitle,حذف شخصية الأفاتار
CoreScripts.AvatarEditorPrompts.DeleteOutfitPromptYes,حذف
CoreScripts.AvatarEditorPrompts.DisabledRenameOutfitPromptOkay,
CoreScripts.AvatarEditorPrompts.DisabledRenameOutfitPromptText,إعادة تسمية الشخصيات معطلة
CoreScripts.AvatarEditorPrompts.DisabledRenameOutfitPromptTitle,إعادة تسمية الشخصية معطلة
CoreScripts.AvatarEditorPrompts.EnterOutfitNamePromptNo,
CoreScripts.AvatarEditorPrompts.EnterOutfitNamePromptTitle,اسم الشخصية
CoreScripts.AvatarEditorPrompts.EnterOutfitNamePromptYes,
CoreScripts.AvatarEditorPrompts.FavouriteItemPromptNo,
CoreScripts.AvatarEditorPrompts.FavouriteItemPromptText,هل تريد إضافة {RBX_NAME} إلى المفضلة؟
CoreScripts.AvatarEditorPrompts.FavouriteItemPromptTitle,تفضيل العنصر
CoreScripts.AvatarEditorPrompts.FavouriteItemPromptYes,
CoreScripts.AvatarEditorPrompts.GameNamePlaceHolder,اسم التجربة غير معروف
CoreScripts.AvatarEditorPrompts.InventoryReadAccessPromptNo,
CoreScripts.AvatarEditorPrompts.InventoryReadAccessPromptText,يريد المستخدم {RBX_NAME} الاطلاع على عناصر أفاتارك
CoreScripts.AvatarEditorPrompts.InventoryReadAccessPromptTitle,الوصول إلى العناصر؟
CoreScripts.AvatarEditorPrompts.InventoryReadAccessPromptYes,
CoreScripts.AvatarEditorPrompts.ItemsListLoadingFailed,
CoreScripts.AvatarEditorPrompts.NoChangedAssets,لم تتغير أي عناصر
CoreScripts.AvatarEditorPrompts.OutfitNamePlaceholder,أدخل اسم الشخصية
CoreScripts.AvatarEditorPrompts.Removing,إزالة:
CoreScripts.AvatarEditorPrompts.RenameOutfitNamePromptTitle,إعادة تسمية الشخصية
CoreScripts.AvatarEditorPrompts.RenameOutfitPromptText,أدخل اسم جديد للشخصية {RBX_NAME}:
CoreScripts.AvatarEditorPrompts.SaveAvatarPromptNo,
CoreScripts.AvatarEditorPrompts.SaveAvatarPromptText,يريد المستخدم {RBX_NAME} إجراء تعديلات على عناصر أفاتارك:
CoreScripts.AvatarEditorPrompts.SaveAvatarPromptTitle,تجهيز الأفاتار بالعناصر
CoreScripts.AvatarEditorPrompts.SaveAvatarPromptYes,
CoreScripts.AvatarEditorPrompts.UnfavouriteItemPromptText,هل تريد إزالة {RBX_NAME} من المفضلة؟
CoreScripts.AvatarEditorPrompts.UnfavouriteItemPromptTitle,إلغاء تفضيل العنصر
CoreScripts.AvatarEditorPrompts.UpdateOutfitPromptNo,
CoreScripts.AvatarEditorPrompts.UpdateOutfitPromptText,هل تريد تحديث الشخصية {RBX_NAME}؟
CoreScripts.AvatarEditorPrompts.UpdateOutfitPromptTextNoOutfitName,هل تريد تحديث الشخصية المحفوظة؟
CoreScripts.AvatarEditorPrompts.UpdateOutfitPromptTitle,تحديث الشخصية؟
CoreScripts.AvatarEditorPrompts.UpdateOutfitPromptYes,
CoreScripts.BulkPurchasePrompt.CompletedPrompt.DismissCTA,
CoreScripts.BulkPurchasePrompt.CompletedPrompt.ErrorHeading,تعذّر الشراء
CoreScripts.BulkPurchasePrompt.CompletedPrompt.ErrorPrompt.ErrorReason2SV,عملية التحقق بخطوتين مطلوبة لإجراء هذه المعاملات. انتقل إلى الإعدادات> الأمان لإتمام عملية التحقق بخطوتين.
CoreScripts.BulkPurchasePrompt.CompletedPrompt.ErrorPrompt.ErrorReasonAlreadyOwned,لا يمكن إكمال عملية الشراء لأنك تمتلك هذه العناصر مسبقًا.
CoreScripts.BulkPurchasePrompt.CompletedPrompt.ErrorPrompt.ErrorReasonGeneric,لا يمكن إكمال عملية الشراء في هذه اللحظة.
CoreScripts.BulkPurchasePrompt.CompletedPrompt.ErrorPrompt.ErrorReasonInsufficientMembership,تعذر إكمال عملية الشراء لأنك تحتاج إلى Roblox Premium لشراء هذه العناصر.
CoreScripts.BulkPurchasePrompt.CompletedPrompt.ErrorPrompt.ErrorReasonInsufficientRobux,لا يمكن إكمال عملية الشراء لأنك لا تملك Robux كفاية.
CoreScripts.BulkPurchasePrompt.CompletedPrompt.ErrorPrompt.ErrorReasonNotAvailableForPurchaser,لا يمكن إكمال عملية الشراء لأنه لا يسمح لك بشراء هذا النوع من العناصر.
CoreScripts.BulkPurchasePrompt.CompletedPrompt.ErrorPrompt.ErrorReasonNotAvailableInExperience,لم تكتمل عملية الشراء لأن هذه العناصر غير متوفرة في هذه التجربة.
CoreScripts.BulkPurchasePrompt.CompletedPrompt.ErrorPrompt.ErrorReasonNotForSale,تعذر إكمال عملية الشراء لأن هذه العناصر غير معروضة للبيع.
CoreScripts.BulkPurchasePrompt.CompletedPrompt.ErrorPrompt.ErrorReasonPriceMismatch,تعذر إكمال عملية الشراء لأن سعر هذه العناصر تغيّر.
CoreScripts.BulkPurchasePrompt.CompletedPrompt.ErrorPrompt.ErrorReasonPurchaserIsSeller,لا يمكن إكمال عملية الشراء لأنه لا يسمح لك بشراء عناصرك الخاصة.
CoreScripts.BulkPurchasePrompt.CompletedPrompt.ErrorPrompt.ErrorReasonQuantityLimitExceeded,لا يمكن إكمال عملية الشراء لأنك وصلت إلى الحد الأقصى لملكية هذه العناصر.
CoreScripts.BulkPurchasePrompt.CompletedPrompt.ErrorPrompt.ErrorReasonQuotaExceeded,تعذر إكمال عملية الشراء لأنك وصلت إلى الحد الأقصى وهو 9 معاملات في الدقيقة.
CoreScripts.BulkPurchasePrompt.CompletedPrompt.ErrorPrompt.ErrorReasonSoldOut,تعذر إكمال عملية الشراء لأن هذه العناصر قد بيعت بالكامل.
CoreScripts.BulkPurchasePrompt.CompletedPrompt.ErrorPrompt.TryAgainLater,لم يتم تحصيل أي Robux منك. يرجى المحاولة مرة أخرى.
CoreScripts.BulkPurchasePrompt.CompletedPrompt.ErrorPrompt.TryAgainMoreRobux,لم يتم تحصيل أي Robux منك. يرجى شراء المزيد ثم المحاولة مرة أخرى.
CoreScripts.BulkPurchasePrompt.CompletedPrompt.ErrorPrompt.TryAgainNow,
CoreScripts.BulkPurchasePrompt.CompletedPrompt.ErrorPrompt.TryAgainOtherItems,لم يتم تحصيل أي Robux منك. يرجى المحاولة مرة أخرى من خلال عناصر أخرى.
CoreScripts.BulkPurchasePrompt.CompletedPrompt.ErrorPrompt.TryAgainWait,
CoreScripts.BulkPurchasePrompt.CompletedPrompt.SuccessHeading,اكتمل الشراء
CoreScripts.BulkPurchasePrompt.PartialPurchaseCompletedPrompt.Heading,تم اكتمال الشراء جزئيًا
CoreScripts.BulkPurchasePrompt.PartialPurchaseCompletedPrompt.ItemListSuccessfulCount,{itemCount} من العناصر
CoreScripts.BulkPurchasePrompt.PartialPurchaseCompletedPrompt.ItemListSuccessfulHeading,نجاح
CoreScripts.BulkPurchasePrompt.PartialPurchaseCompletedPrompt.ItemListUnsuccessfulCount,
CoreScripts.BulkPurchasePrompt.PartialPurchaseCompletedPrompt.ItemListUnsuccessfulHeading,غير ناجح
CoreScripts.BulkPurchasePrompt.PartialPurchaseCompletedPrompt.ItemStatusAlreadyOwned,مملوك بالفعل
CoreScripts.BulkPurchasePrompt.PartialPurchaseCompletedPrompt.ItemStatusGeneric,غير متوفر
CoreScripts.BulkPurchasePrompt.PartialPurchaseCompletedPrompt.ItemStatusInsufficientMembership,Premium مطلوب
CoreScripts.BulkPurchasePrompt.PartialPurchaseCompletedPrompt.ItemStatusInsufficientRobux,Robux غير كافي
CoreScripts.BulkPurchasePrompt.PartialPurchaseCompletedPrompt.ItemStatusNotAvailableForPurchaser,
CoreScripts.BulkPurchasePrompt.PartialPurchaseCompletedPrompt.ItemStatusNotForSale,ليس للبيع
CoreScripts.BulkPurchasePrompt.PartialPurchaseCompletedPrompt.ItemStatusPlaceInvalid,غير متوفر في هذه التجربة
CoreScripts.BulkPurchasePrompt.PartialPurchaseCompletedPrompt.ItemStatusPriceMismatch,تغيّر السعر
CoreScripts.BulkPurchasePrompt.PartialPurchaseCompletedPrompt.ItemStatusPurchaserIsSeller,البائع هو المشتري
CoreScripts.BulkPurchasePrompt.PartialPurchaseCompletedPrompt.ItemStatusQuantityLimitExceeded,تم بلوغ الحد
CoreScripts.BulkPurchasePrompt.PartialPurchaseCompletedPrompt.ItemStatusQuotaExceeded,تم الوصول إلى الحد الأقصى للطلبات
CoreScripts.BulkPurchasePrompt.PartialPurchaseCompletedPrompt.ItemStatusSoldOut,مباع بالكامل
CoreScripts.BulkPurchasePrompt.PartialPurchaseCompletedPrompt.ItemStatusSuccess,مشتراة
CoreScripts.BulkPurchasePrompt.PartialPurchaseCompletedPrompt.Notice,لا يمكن شراء بعض العناصر حاليًا، يرجى المحاولة لاحقًا.
CoreScripts.BulkPurchasePrompt.PartialPurchaseCompletedPrompt.PriceBox.CurrentBalance,الرصيد الحالي
CoreScripts.BulkPurchasePrompt.PartialPurchaseCompletedPrompt.PriceBox.DismissCTA,
CoreScripts.BulkPurchasePrompt.PartialPurchaseCompletedPrompt.PriceBox.RobuxSpent,Robux المصروفة
CoreScripts.BulkPurchasePrompt.RequestPrompt.Heading,ملخص
CoreScripts.BulkPurchasePrompt.RequestPrompt.ItemListPurchaseCount,
CoreScripts.BulkPurchasePrompt.RequestPrompt.ItemListPurchaseHeading,إجمالي العناصر المشتراة
CoreScripts.BulkPurchasePrompt.RequestPrompt.ItemOwned,{ownedCount} تملكه
CoreScripts.BulkPurchasePrompt.RequestPrompt.PriceBox.BuyRobuxCTA,شراء Robux
CoreScripts.BulkPurchasePrompt.RequestPrompt.PriceBox.ConfirmCTA,دفع
CoreScripts.BulkPurchasePrompt.RequestPrompt.PriceBox.CurrentBalance,
CoreScripts.BulkPurchasePrompt.RequestPrompt.PriceBox.MissingRobux,مبلغ Robux المطلوب
CoreScripts.BulkPurchasePrompt.RequestPrompt.PriceBox.NewBalance,الرصيد بعد الشراء
CoreScripts.BulkPurchasePrompt.RequestPrompt.PriceBox.TotalCost,إجمالي الطلب
CoreScripts.BulkPurchasePrompt.SuccessPrompt.Body,لقد اشتريت بنجاح {itemCount}. ستجد هذه العناصر في مقتنياتك.
CoreScripts.BulkPurchasePrompt.SuccessPrompt.Heading,
CoreScripts.CancelUserSubscriptionPrompt.Error.ButtonText,
CoreScripts.CancelUserSubscriptionPrompt.ErrorCancellingPrompt.Body,حدث خطأ ولم يتم إلغاء تجديد الاشتراك. الرجاء المحاولة مرة أخرى.
CoreScripts.CancelUserSubscriptionPrompt.ErrorCancellingPrompt.Heading,خطأ
CoreScripts.CancelUserSubscriptionPrompt.ExpiringPrompt.Body,لقد تم بالفعل إلغاء اشتراكك بنجاح. لست بحاجة إلى مزيد من الإجراءات.
CoreScripts.CancelUserSubscriptionPrompt.ExpiringPrompt.Heading,تم إلغاؤه بالفعل
CoreScripts.CancelUserSubscriptionPrompt.RequestPrompt.Body,إذا ألغيت اشتراك خادمك الخاص الآن، سيزال بإمكانك استخدامه لغاية {date}.
CoreScripts.CancelUserSubscriptionPrompt.RequestPrompt.DontCancelButton,لا أريد الإلغاء
CoreScripts.CancelUserSubscriptionPrompt.RequestPrompt.Heading,إلغاء الاشتراك
CoreScripts.CancelUserSubscriptionPrompt.RequestPrompt.YesCancelButton,نعم، أريد الإلغاء
CoreScripts.CancelUserSubscriptionPrompt.SuccessPrompt.Heading,تم إلغاء اشتراكك بنجاح
CoreScripts.CancelUserSubscriptionPrompt.UnsubscribedPrompt.Body,أنت حاليًا غير مشترك.
CoreScripts.CancelUserSubscriptionPrompt.UnsubscribedPrompt.Heading,لا يمكن الإلغاء
CoreScripts.CommercePurchasePrompt.ErrorPrompt.Body.AccountNotSupported,لا تتوفر عمليات الشراء لحسابك بسبب القيود المتعلقة بالعمر أو المنطقة
CoreScripts.CommercePurchasePrompt.ErrorPrompt.Body.DeviceNotSupported,لا يمكن إجراء عمليات الشراء باستخدام هذا النوع من الأجهزة. يرجى إعادة المحاولة باستخدام جهاز مختلف.
CoreScripts.CommercePurchasePrompt.ErrorPrompt.Body.ErrorLoading,حدث خطأ ما أثناء محاولة تحميل هذا العنصر. يرجى إعادة المحاولة لاحقًا.
CoreScripts.CommercePurchasePrompt.ErrorPrompt.CantBuy,لا يمكن الشراء
CoreScripts.CommercePurchasePrompt.ErrorPrompt.DismissCTA,
CoreScripts.CommercePurchasePrompt.ErrorPrompt.GenericError,حدث خطأ ما أثناء محاولة شراء هذا العنصر. يُرجى إعادة المحاولة لاحقًا.
CoreScripts.CommercePurchasePrompt.ErrorPrompt.NotPurchasable,هذا المنتج غير متاح للشراء حاليًا.
CoreScripts.CommercePurchasePrompt.ErrorPrompt.Title.AccountNotSupported,الحساب غير مدعوم
CoreScripts.CommercePurchasePrompt.ErrorPrompt.Title.DeviceNotSupported,الجهاز غير مدعوم
CoreScripts.CommercePurchasePrompt.ProductNotAvailable,المنتج غير متاح
CoreScripts.CommercePurchasePrompt.SuccessToast.GrantPending,يستغرق الأمر بعض الوقت لمنح عنصر الأفاتار. سيتم منحه قريبًا.
CoreScripts.CommercePurchasePrompt.SuccessToast.Granted,تم منح عنصر الأفاتار بنجاح.
CoreScripts.EmoteThumbnailEditor.Action.Cancel,
CoreScripts.EmoteThumbnailEditor.Action.Update,
CoreScripts.EmoteThumbnailEditor.Heading.EditThumbnail,تعديل الصورة المصغّرة
CoreScripts.EmoteThumbnailEditor.Label.Rotation,تدوير
CoreScripts.EmoteThumbnailEditor.Label.Time,الوقت
CoreScripts.FTUX.Description.WhiteMenuPlaytestMode,تشير القائمة البيضاء في منصّة Roblox إلى أنك في وضع اختبار اللعب. احرص دائمًا على اتِّباع معايير مجتمع Roblox.
CoreScripts.FTUX.Heading.CheckOutRobloxConnect,جديد: استكشف Roblox Connect.
CoreScripts.FTUX.Heading.CheckOutRobloxParty,جديد: استكشف Roblox Party!
CoreScripts.FTUX.Heading.InExperienceShop,متجر جديد
CoreScripts.FTUX.Heading.JoinVoice,الانضمام إلى المحادثة الصوتية
CoreScripts.FTUX.Heading.LeaveRespawn,الخروج وإعادة الظهور
CoreScripts.FTUX.Heading.NewAvatarSwitcher,جديد: مُبدّل الأفاتار
CoreScripts.FTUX.Heading.NewTiltOnboarding,القائمة موجودة هنا
CoreScripts.FTUX.Heading.NewTiltUpdate,قائمة جديدة
CoreScripts.FTUX.Heading.ReadyToPlaytest,هل أنت جاهز لاختبار اللعب؟
CoreScripts.FTUX.Heading.SideSheetUpdate,جميع إجراءاتك في مكان واحد
CoreScripts.FTUX.Heading.SocialOnboarding,ميزات التواصل الاجتماعي
CoreScripts.FTUX.Label.AvatarSwitcherDescription,انتقل إلى الأفاتارات المحفوظة بسهولة وفي أي وقت.
CoreScripts.FTUX.Label.ChatWithYourFriendsAnytime,دردش مع أصدقائك في أي وقت.
CoreScripts.FTUX.Label.InExperienceShopDescription,اطّلع على العناصر المختارة خصيصًا لك
CoreScripts.FTUX.Label.JoinVoiceDescription,للاستماع والتحدث مع الآخرين
CoreScripts.FTUX.Label.LeaveRespawn,يمكنك الوصول بسهولة إلى خيار الخروج من اللعبة أو إعادة الظهور لأفاتارك من هنا.
CoreScripts.FTUX.Label.NewTiltOnboarding,تحتوي قائمة اللعبة على إجراءات داخل اللعبة بالإضافة إلى إعدادات لعبتك.
CoreScripts.FTUX.Label.NewTiltUpdate,تم نقل عناصر القائمة الجانبية إلى هنا.
CoreScripts.FTUX.Label.PartyWithYourFriendsAnytime,شارك في فرقة مع أصدقائك في أي وقت.
CoreScripts.FTUX.Label.SideSheetOnboarding,تحتوي القائمة على جميع الميزات الأساسية لديك. ادعُ الأصدقاء، وجرّب الحركات التعبيرية (Emotes)، وتحكَّم في الموسيقى، وغير ذلك الكثير.
CoreScripts.FTUX.Label.SideSheetUpdate,لا تزال القائمة تحتوي على جميع ميزاتك الأساسية.
CoreScripts.FTUX.Label.SocialOnboarding,يمكنك الوصول بسهولة إلى ميزات التواصل الاجتماعي لديك من الشريط العلوي، بما في ذلك خاصية الدردشة.
CoreScripts.Feedback.EntryPoint.ButtonText,تقديم ملاحظات
CoreScripts.Feedback.EntryPoint.OptionText,ملاحظات حول الترجمة
CoreScripts.Feedback.FeedbackBar.ExitFeedbackButton,الخروج
CoreScripts.Feedback.FeedbackBar.HelpButton,المساعدة
CoreScripts.Feedback.FeedbackBar.MainLabel,
CoreScripts.Feedback.FeedbackReportDialog.AdditionalCommentsHeader,يمكنك تقديم أي تعليقات إضافية أدناه
CoreScripts.Feedback.FeedbackReportDialog.AdditionalCommentsPlaceholder,أدخل أي تعليقات إضافية لديك هنا
CoreScripts.Feedback.FeedbackReportDialog.Cancel,
CoreScripts.Feedback.FeedbackReportDialog.CorrectTranslationHeader,ما هي الترجمة الصحيحة؟ *
CoreScripts.Feedback.FeedbackReportDialog.CorrectTranslationObjectPlaceholder,عنصر الخبرة: {ObjectType}
CoreScripts.Feedback.FeedbackReportDialog.CorrectTranslationPlaceholder,أدخل الترجمة الصحيحة هنا
CoreScripts.Feedback.FeedbackReportDialog.ImageSelectionHeader,الصورة المحددة
CoreScripts.Feedback.FeedbackReportDialog.MainHeader,
CoreScripts.Feedback.FeedbackReportDialog.OriginalTextHeader,النص الأصلي ({SourceLanguage})
CoreScripts.Feedback.FeedbackReportDialog.ProblemDropdownSelectionHeader,ما هي المشكلة في هذه الترجمة؟
CoreScripts.Feedback.FeedbackReportDialog.ProblemOption.AccuracyIssue,مشكلة في الدقة
CoreScripts.Feedback.FeedbackReportDialog.ProblemOption.InappropriateOrDerogatory,غير لائق أو فيه استهزاء
CoreScripts.Feedback.FeedbackReportDialog.ProblemOption.SpellingOrGrammarIssue,مشكلة في الكتابة أو الإعراب
CoreScripts.Feedback.FeedbackReportDialog.ProblemOption.Untranslated,غير مترجم
CoreScripts.Feedback.FeedbackReportDialog.SubmitFeedback,
CoreScripts.Feedback.FeedbackReportDialog.TextSelectionHeader,النص المحدد
CoreScripts.Feedback.Help.Instructions,حدد أي نص لتقديم تعليقات على الترجمات غير الصحيحة أو الناقصة.
CoreScripts.Feedback.Help.MainHeader,
CoreScripts.Feedback.Onboarding.Cancel,
CoreScripts.Feedback.Onboarding.Instructions,
CoreScripts.Feedback.Onboarding.MainHeader,أخبرنا ما الذي حصل
CoreScripts.Feedback.Onboarding.Start,البدء
CoreScripts.Feedback.SubmissionToastBody,سوف تستخدم Roblox هذه المعلومات لتحسين جودة الترجمة لهذه التجربة
CoreScripts.Feedback.SubmissionToastHeader,شكرًا لك على ملاحظاتك!
CoreScripts.FeedbackPrompt.FeedbackPrompt.Footer,تتم مشاركة الردود دون الكشف عن هوية أصحابها، ويتم تصنيفها ضمن فئة الملاحظات وفقًا لشروط الاستخدام في منصّة Roblox.
CoreScripts.FeedbackPrompt.FeedbackPrompt.Intro,أخبرنا عن تجربتك.
CoreScripts.FeedbackPrompt.FeedbackPrompt.Placeholder,أخبرنا برأيك...
CoreScripts.FeedbackPrompt.FeedbackPrompt.Submit,
CoreScripts.FeedbackPrompt.FeedbackPrompt.Submitting,جارٍ الإرسال...
CoreScripts.FeedbackPrompt.FeedbackPrompt.Title,شارِك ملاحظاتك
CoreScripts.FeedbackPrompt.FeedbackPrompt.Unavailable.Header.Default,الملاحظات غير متاحة حاليًا.
CoreScripts.FeedbackPrompt.FeedbackPrompt.Unavailable.Header.RateLimited,لقد وصلت إلى الحد الأقصى المسموح به للملاحظات في الوقت الحالي.
CoreScripts.FeedbackPrompt.FeedbackPrompt.Unavailable.Header.Under13,الملاحظات غير متاحة لهذا الحساب.
CoreScripts.FeedbackPrompt.FeedbackPrompt.Unavailable.Hint.Default,يُرجى إعادة المحاولة لاحقًا.
CoreScripts.FeedbackPrompt.FeedbackPrompt.Unavailable.Hint.RateLimited,شكرًا لمشاركة آرائك. يُرجى المحاولة مرة أخرى لاحقًا.
CoreScripts.FeedbackPrompt.FeedbackPrompt.Unavailable.Hint.Under13,لحماية اللاعبين الأصغر سنًا، لا يمكن للحسابات التي تقل أعمار أصحابها عن 13 عامًا إرسال الملاحظات.
CoreScripts.FeedbackPrompt.FeedbackPrompt.Unavailable.OkayButton,
CoreScripts.FeedbackPrompt.FeedbackPrompt.Unavailable.Title,الملاحظات غير متاحة
CoreScripts.FeedbackPrompt.PlayerSupportPrompt.Add,
CoreScripts.FeedbackPrompt.PlayerSupportPrompt.BackButton,
CoreScripts.FeedbackPrompt.PlayerSupportPrompt.Cancel,
CoreScripts.FeedbackPrompt.PlayerSupportPrompt.Captures.Add,إضافة لقطات
CoreScripts.FeedbackPrompt.PlayerSupportPrompt.Captures.EditSelection,تحرير التحديد
CoreScripts.FeedbackPrompt.PlayerSupportPrompt.Captures.Empty,لا توجد أي لقطات متاحة.
CoreScripts.FeedbackPrompt.PlayerSupportPrompt.Captures.Heading,اللقطات ({count}/{max})
CoreScripts.FeedbackPrompt.PlayerSupportPrompt.Captures.Hint,ساعد المصمّم في الاطلاع على مشكلتك.
CoreScripts.FeedbackPrompt.PlayerSupportPrompt.Captures.Loading,جارٍ تحميل اللقطات...
CoreScripts.FeedbackPrompt.PlayerSupportPrompt.Captures.Picker.DateTime,{date} - {time}
CoreScripts.FeedbackPrompt.PlayerSupportPrompt.Captures.Picker.NumSelected,تم تحديد {count}/{max}
CoreScripts.FeedbackPrompt.PlayerSupportPrompt.Captures.UploadError,تعذَّر رفع لقطة واحدة أو أكثر من لقطاتك.
CoreScripts.FeedbackPrompt.PlayerSupportPrompt.Category.BugReport,الإبلاغ عن خطأ
CoreScripts.FeedbackPrompt.PlayerSupportPrompt.Category.DataRestoreRequest,استعادة العناصر أو البيانات
CoreScripts.FeedbackPrompt.PlayerSupportPrompt.Category.Label,الفئة *
CoreScripts.FeedbackPrompt.PlayerSupportPrompt.Category.Other,أخرى
CoreScripts.FeedbackPrompt.PlayerSupportPrompt.Category.Placeholder,تحديد فئة
CoreScripts.FeedbackPrompt.PlayerSupportPrompt.Category.PurchasingIssue,مشكلة في الشراء
CoreScripts.FeedbackPrompt.PlayerSupportPrompt.Description.CharacterLimitHint,بحد أقصى {MAX} من الأحرف
CoreScripts.FeedbackPrompt.PlayerSupportPrompt.Description.Label,التفاصيل *
CoreScripts.FeedbackPrompt.PlayerSupportPrompt.Deselect,إلغاء التحديد
CoreScripts.FeedbackPrompt.PlayerSupportPrompt.Placeholder.BugReport,قم بتضمين أي شيء ذي صلة بالمشكلة، مثل إصدار اللعبة وكيفية إعادة تكرار الخطوات.
CoreScripts.FeedbackPrompt.PlayerSupportPrompt.Placeholder.DataRestoreRequest,صِف ما هو مفقود ومتى رأيته آخر مرة. إذا تعرض حسابك للاختراق، يرجى تضمين رقم بطاقة دعم العملاء لدى منصّة Roblox وأي تفاصيل ذات صلة.
CoreScripts.FeedbackPrompt.PlayerSupportPrompt.Placeholder.Other,صِف طلبك أو مشكلتك هنا. قدّم أكبر قدر ممكن من التفاصيل لمساعدتنا في فهم الموقف.
CoreScripts.FeedbackPrompt.PlayerSupportPrompt.Placeholder.PurchasingIssue,أخبرنا بما حاولت شراؤه، ومتى حدث ذلك، والقيمة الإجمالية (على سبيل المثال 500 Robux / 4.99 دولار أمريكي). قم بتضمين أي رسائل خطأ رأيتها.
CoreScripts.FeedbackPrompt.PlayerSupportPrompt.ReportAbuse.Lead,هل تحاول الإبلاغ عن إساءة؟
CoreScripts.FeedbackPrompt.PlayerSupportPrompt.ReportAbuse.Link,<u>إرسال بلاغ بدلًا من ذلك.</u>
CoreScripts.FeedbackPrompt.PlayerSupportPrompt.Select,تحديد
CoreScripts.FeedbackPrompt.PlayerSupportPrompt.Send,
CoreScripts.FeedbackPrompt.PlayerSupportPrompt.ShareUserId.Hint,يساعد هذا المصمّم في دعم الحساب الصحيح.
CoreScripts.FeedbackPrompt.PlayerSupportPrompt.ShareUserId.Label,مشاركة معلومات المستخدم مع المصمّم
CoreScripts.FeedbackPrompt.PlayerSupportPrompt.ShareUserId.LabelRequired,مشاركة معلومات المستخدم مع المصمّم (مطلوب)
CoreScripts.FeedbackPrompt.PlayerSupportPrompt.Title,كيف يمكن للمصمّم مساعدتك؟
CoreScripts.FeedbackPrompt.PlayerSupportPrompt.Toast.Failed,لم نتمكن من إرسال طلبك. يُرجى المحاولة مرة أخرى لاحقًا.
CoreScripts.FeedbackPrompt.PlayerSupportPrompt.Toast.Submitted,تم إرسال طلب الدعم
CoreScripts.FeedbackPrompt.PlayerSupportPrompt.Unavailable.Default.Body,ميزة دعم اللاعبين غير متاحة حاليًا. يُرجى المحاولة مرة أخرى لاحقًا.
CoreScripts.FeedbackPrompt.PlayerSupportPrompt.Unavailable.Default.Title,ميزة دعم اللاعبين غير متاحة
CoreScripts.FeedbackPrompt.PlayerSupportPrompt.Unavailable.NotRecentlyVisited.Body,يجب أن تكون قد لعبت هذه التجربة مؤخرًا لتقديم طلب دعم.
CoreScripts.FeedbackPrompt.PlayerSupportPrompt.Unavailable.NotRecentlyVisited.Title,قم بزيارة هذه التجربة لتقديم طلب
CoreScripts.FeedbackPrompt.PlayerSupportPrompt.Unavailable.OpenTicketLimit.Body,يُرجى الانتظار حتى يرد المصمم على طلباتك الحالية قبل إرسال طلب آخر.
CoreScripts.FeedbackPrompt.PlayerSupportPrompt.Unavailable.OpenTicketLimit.Title,تم الوصول إلى الحد الأقصى المسموح به لعدد الطلبات
CoreScripts.FeedbackPrompt.PlayerSupportPrompt.Unavailable.RateLimited.Body,ميزة دعم اللاعبين غير متاحة مؤقتًا. يُرجى المحاولة مرة أخرى بعد بضع دقائق.
CoreScripts.FeedbackPrompt.PlayerSupportPrompt.Unavailable.RateLimited.Title,ميزة دعم اللاعبين غير متاحة مؤقتًا
CoreScripts.FeedbackPrompt.PlayerSupportPrompt.Unavailable.TextFilter.Body,انتهك ما أرسلته معايير مجتمع Roblox. هل تحاول الإبلاغ عن إساءة؟
CoreScripts.FeedbackPrompt.PlayerSupportPrompt.Unavailable.TextFilter.Title,تعذَّر الإرسال
CoreScripts.FeedbackPrompt.PlayerSupportPrompt.Unavailable.Under13.Body,طلبات دعم اللاعبين غير متاحة للمستخدمين الذين تقل أعمارهم عن 13 عامًا.
CoreScripts.FeedbackPrompt.PlayerSupportPrompt.Unavailable.Under13.Title,الميزة غير متاحة
CoreScripts.InGameMenu.Action.DontLeaveGame,عدم الخروج
CoreScripts.InGameMenu.Action.DontResetCharacter,عدم إعادة التعيين
CoreScripts.InGameMenu.Action.DontRespawnCharacter,لا تقم بإعادة الظهور
CoreScripts.InGameMenu.Action.ResetCharacter,إعادة تعيين
CoreScripts.InGameMenu.Actions.AcceptFriend,قبول طلب الصداقة
CoreScripts.InGameMenu.Actions.AddFriend,
CoreScripts.InGameMenu.Actions.BlockPlayer,حظر اللاعب
CoreScripts.InGameMenu.Actions.CancelFriend,رفض طلب الصداقة
CoreScripts.InGameMenu.Actions.Continue,
CoreScripts.InGameMenu.Actions.ReportAbuse,الإبلاغ عن الإساءة
CoreScripts.InGameMenu.Actions.UnblockPlayer,إلغاء حظر اللاعب
CoreScripts.InGameMenu.Actions.Unfriend,حذف الصداقة
CoreScripts.InGameMenu.Actions.ViewAvatar,فحص الأفاتار
CoreScripts.InGameMenu.Cancel,
CoreScripts.InGameMenu.ConfirmLeaveGame,هل تريد حقًّا المغادرة؟
CoreScripts.InGameMenu.ControllerBar.Back,
CoreScripts.InGameMenu.ControllerBar.Cancel,
CoreScripts.InGameMenu.ControllerBar.CloseMoreMenu,إغلاق قائمة المزيد
CoreScripts.InGameMenu.ControllerBar.Leave,مغادرة
CoreScripts.InGameMenu.ControllerBar.OpenMoreMenu,فتح قائمة المزيد
CoreScripts.InGameMenu.ControllerBar.Respawn,Respawn
CoreScripts.InGameMenu.ControllerBar.RespawnCharacter,استرجاع الشخصية
CoreScripts.InGameMenu.Controls.AccessoriesTitle,الإكسسوارات
CoreScripts.InGameMenu.Controls.BackExitLabel,العودة / الخروج
CoreScripts.InGameMenu.Controls.BackGamepad,الرجوع
CoreScripts.InGameMenu.Controls.Backpack,محفظة الظهر
CoreScripts.InGameMenu.Controls.Backspace,مسافة للخلف
CoreScripts.InGameMenu.Controls.CameraMovementTitle,حركة الكاميرا
CoreScripts.InGameMenu.Controls.CameraZoomGamepad,تكبير/تصغير الكاميرا
CoreScripts.InGameMenu.Controls.CharacterMovementTitle,حركة الشخصية
CoreScripts.InGameMenu.Controls.Chat,دردشة
CoreScripts.InGameMenu.Controls.DevConsole,وحدة تحكم المطور
CoreScripts.InGameMenu.Controls.DownArrow,السهم للأسفل
CoreScripts.InGameMenu.Controls.DropTool,إسقاط الأداة
CoreScripts.InGameMenu.Controls.EquipUnequipTools,استعمال/ترك الأدوات
CoreScripts.InGameMenu.Controls.FirstPersonCameraLabel,(ضغطة) كاميرا FP / TP
CoreScripts.InGameMenu.Controls.GameMenuToggle,تبديل قائمة اللعبة
CoreScripts.InGameMenu.Controls.GameMenuToggleGamepad,تبديل تحديد واجهة المستخدم
CoreScripts.InGameMenu.Controls.GamepadTitle,Gamepad
CoreScripts.InGameMenu.Controls.GraphicsLevel,مستوى الرسوميات
CoreScripts.InGameMenu.Controls.GraphicsLevelDown,خفض مستوى graphic
CoreScripts.InGameMenu.Controls.GraphicsLevelUp,رفع مستوى graphics
CoreScripts.InGameMenu.Controls.Jump,قفز
CoreScripts.InGameMenu.Controls.JumpSelectLabel,قفز / تحديد
CoreScripts.InGameMenu.Controls.KeyboardAndMouseTitle,لوحة المفاتيح والفأرة
CoreScripts.InGameMenu.Controls.LeftArrow,السهم لليسار
CoreScripts.InGameMenu.Controls.LeftMouseButton,زر الفأرة الأيسر
CoreScripts.InGameMenu.Controls.MenuItemsTitle,عناصر القائمة
CoreScripts.InGameMenu.Controls.MenuLabel,القائمة
CoreScripts.InGameMenu.Controls.MenuNavigationGamepad,التنقل في القائمة
CoreScripts.InGameMenu.Controls.MiscellaneousTitle,متنوعات
CoreScripts.InGameMenu.Controls.MouseLock,قفل الفأرة
CoreScripts.InGameMenu.Controls.MouseWheel,عجلة الفأرة
CoreScripts.InGameMenu.Controls.MoveBackward,التحرك للخلف
CoreScripts.InGameMenu.Controls.MoveForward,التحرك للأمام
CoreScripts.InGameMenu.Controls.MoveGamepad,تحريك
CoreScripts.InGameMenu.Controls.MoveLeft,التحرك لليسار
CoreScripts.InGameMenu.Controls.MoveRight,التحرك لليمين
CoreScripts.InGameMenu.Controls.NextTab,علامة التبويب التالية
CoreScripts.InGameMenu.Controls.PerformanceStats,إحصاءات الأداء
CoreScripts.InGameMenu.Controls.Playerlist,المشاركون
CoreScripts.InGameMenu.Controls.Playerlist.Friends,
CoreScripts.InGameMenu.Controls.Playerlist.Global,عالمي
CoreScripts.InGameMenu.Controls.Playerlist.Here,هنا
CoreScripts.InGameMenu.Controls.PreviousTab,علامة التبويب السابقة
CoreScripts.InGameMenu.Controls.RecordVideo,تسجيل فيديو
CoreScripts.InGameMenu.Controls.ResetCameraLabel,نقل / إعادة تعيين الكاميرا
CoreScripts.InGameMenu.Controls.RightArrow,السهم لليمين
CoreScripts.InGameMenu.Controls.RightMouseButton,زر الفأرة الأيمن
CoreScripts.InGameMenu.Controls.RobloxMenu,قائمة Roblox
CoreScripts.InGameMenu.Controls.RotateCamera,
CoreScripts.InGameMenu.Controls.RotateCameraGamepad,تدوير الكاميرا
CoreScripts.InGameMenu.Controls.Screenshot,لقطة شاشة
CoreScripts.InGameMenu.Controls.SelectItemLabel,تحديد عنصر
CoreScripts.InGameMenu.Controls.Shift,Shift
CoreScripts.InGameMenu.Controls.Space,زر المسافة
CoreScripts.InGameMenu.Controls.SwitchToolGamepad,تبديل الأداة
CoreScripts.InGameMenu.Controls.ToggleCameraView,تبديل عرض الكاميرا
CoreScripts.InGameMenu.Controls.ToggleFullscreen,ملء الشاشة
CoreScripts.InGameMenu.Controls.UpArrow,السهم للأعلى
CoreScripts.InGameMenu.Controls.UseTool,استخدام الأداة
CoreScripts.InGameMenu.Controls.VrControllerTitle,وحدة تحكم الواقع الافتراضي
CoreScripts.InGameMenu.Controls.ZoomInCamera,تقريب
CoreScripts.InGameMenu.Controls.ZoomInOutCamera,تقريب/تبعيد
CoreScripts.InGameMenu.Controls.ZoomOutCamera,تبعيد
CoreScripts.InGameMenu.EducationalPopup.MenuIconTooltip,هل تبحث عن المزيد من التجارب؟
CoreScripts.InGameMenu.EducationalPopup.UINavigation.Description,تسمح بعض التجارب بوضع التنقل في واجهة المستخدم الذي يمكّن مربع الاختيار أو المؤشر الافتراضي للتفاعل مع واجهة المستخدم ضمن التجربة.
CoreScripts.InGameMenu.EducationalPopup.UINavigation.Title,كيفية تبديل وضع التنقل في واجهة المستخدم
CoreScripts.InGameMenu.ExitModal.ActionExit,إغلاق Roblox
CoreScripts.InGameMenu.ExitModal.ActionHome,العودة إلى الصفحة الرئيسية
CoreScripts.InGameMenu.ExitModal.BodyTextClickHome,انقر على أيقونة الصفحة الرئيسية
CoreScripts.InGameMenu.ExitModal.BodyTextOpenMenu,فتح قائمة Roblox
CoreScripts.InGameMenu.ExitModal.OptionDontShow,لا تعرض مرة أخرى
CoreScripts.InGameMenu.ExitModal.Subtitle,اكتشف تجارب جديدة دون الخروج من التطبيق
CoreScripts.InGameMenu.ExitModal.Title,جديد على تطبيق Roblox
CoreScripts.InGameMenu.GameSettings.AIRephraseMessages,إعادة صياغة الرسائل
CoreScripts.InGameMenu.GameSettings.AIRephraseMessagesDescription,قد تُعيد منصّة Roblox صياغة الرسائل التي تنتهك قواعد السلامة.
CoreScripts.InGameMenu.GameSettings.AdvancedSettingsTitle,الإعدادات المفضلة
CoreScripts.InGameMenu.GameSettings.AudioHeader,الصوت
CoreScripts.InGameMenu.GameSettings.AutoGraphicsQuality,وضع الجودة التلقائية
CoreScripts.InGameMenu.GameSettings.CameraMode,وضع الكاميرا
CoreScripts.InGameMenu.GameSettings.CameraModeCameraToggle,CameraToggle
CoreScripts.InGameMenu.GameSettings.CameraModeClassic,كلاسيكي
CoreScripts.InGameMenu.GameSettings.CameraModeFollow,
CoreScripts.InGameMenu.GameSettings.CameraSensitivity,حساسية الكاميرا
CoreScripts.InGameMenu.GameSettings.CameraTitle,كاميرا
CoreScripts.InGameMenu.GameSettings.ChatSummaries,ملخصات الدردشة
CoreScripts.InGameMenu.GameSettings.ChatSummariesDescription,تقوم منصّة Roblox بإنشاء ملخصات لرسائل اللاعبين تلقائيًا.
CoreScripts.InGameMenu.GameSettings.ClientCoreScriptVersion,Client CoreScript Version: {CLIENT_CORESCRIPT_VERSION}
CoreScripts.InGameMenu.GameSettings.ClientVersion,إصدار التطبيق: {CLIENT_VERSION}
CoreScripts.InGameMenu.GameSettings.ComfortSettingComfort,الراحة
CoreScripts.InGameMenu.GameSettings.ComfortSettingCustom,تخصيص
CoreScripts.InGameMenu.GameSettings.ComfortSettingExpert,خبير
CoreScripts.InGameMenu.GameSettings.ComfortSettingNormal,الافتراضي
CoreScripts.InGameMenu.GameSettings.ComfortSettingsDescription,تقليل دوار الحركة عن طريق ضبط الحركة ومجال الرؤية
CoreScripts.InGameMenu.GameSettings.ComputerMoveModeClickToMove,انقر للتحريك
CoreScripts.InGameMenu.GameSettings.ComputerMoveModeKeyboardMouse,لوحة المفاتيح و الفأرة
CoreScripts.InGameMenu.GameSettings.ControlsAudio,التحكم والصوت
CoreScripts.InGameMenu.GameSettings.Default,
CoreScripts.InGameMenu.GameSettings.DeveloperConsole,واجهة المطور
CoreScripts.InGameMenu.GameSettings.DisplayHeader,العرض والرسومات
CoreScripts.InGameMenu.GameSettings.Friend,صديق
CoreScripts.InGameMenu.GameSettings.FullScreen,
CoreScripts.InGameMenu.GameSettings.GiveFeedback,
CoreScripts.InGameMenu.GameSettings.GiveTranslationFeedback,تقديم ملاحظات حول الترجمة
CoreScripts.InGameMenu.GameSettings.GraphicsTitle,الغرافيك
CoreScripts.InGameMenu.GameSettings.Haptics,تقنية اللمس
CoreScripts.InGameMenu.GameSettings.InvertedCamera,كاميرا معكوسة
CoreScripts.InGameMenu.GameSettings.LanguageHeader,الدردشة واللغة
CoreScripts.InGameMenu.GameSettings.LockedByDeveloper,مقفل بواسطة المطور
CoreScripts.InGameMenu.GameSettings.MainVolume,مستوى الصوت الرئيسي
CoreScripts.InGameMenu.GameSettings.ManualGraphicsQuality,مستوى الجودة
CoreScripts.InGameMenu.GameSettings.MovementMode,وضع الحركة
CoreScripts.InGameMenu.GameSettings.Open,فتح
CoreScripts.InGameMenu.GameSettings.PlaceVersion,إصدار المكان: {PLACE_VERSION}
CoreScripts.InGameMenu.GameSettings.PlaceVersionWithLatest,إصدار المكان: {PLACE_VERSION} (الأخير: {LATEST_PLACE_VERSION})
CoreScripts.InGameMenu.GameSettings.ReadOnlyView,عرض للقراءة فقط
CoreScripts.InGameMenu.GameSettings.ReadOnlyViewDescription,هذه طريقة عرض الدردشة في حسابك كمصمّم حسب أذونات دورك.
CoreScripts.InGameMenu.GameSettings.ReduceMotionDescription,إيقاف أو تقليل المؤثرات الحركية
CoreScripts.InGameMenu.GameSettings.ReduceMotionLabel,تقليل الحركة
CoreScripts.InGameMenu.GameSettings.RequestSent,
CoreScripts.InGameMenu.GameSettings.RestartPending,جاري إعادة التشغيل
CoreScripts.InGameMenu.GameSettings.SafetyBubbleModeAnyone,أي شخص
CoreScripts.InGameMenu.GameSettings.SafetyBubbleModeDescription,حدّد من يمكنه الاقتراب منك من دون حجب الرؤية
CoreScripts.InGameMenu.GameSettings.SafetyBubbleModeNoOne,لا أحد
CoreScripts.InGameMenu.GameSettings.SafetyBubbleModeOnlyFriends,الأصدقاء فقط
CoreScripts.InGameMenu.GameSettings.SafetyBubbleModeTitle,حجاب الأمان
CoreScripts.InGameMenu.GameSettings.ServerVersion,إصدار الخادم: {SERVER_VERSION}
CoreScripts.InGameMenu.GameSettings.ShiftLock,تبديل وضع Shift Lock
CoreScripts.InGameMenu.GameSettings.ShowMicroProfiler,عرض أداة تحليل الأداء
CoreScripts.InGameMenu.GameSettings.ShowPerfStats,عرض إحصائيات الأداء
CoreScripts.InGameMenu.GameSettings.SwitchToAdvancedSettings,الإعدادات المتقدمة
CoreScripts.InGameMenu.GameSettings.SwitchToVRComfortSettings,إعدادات مخصصة
CoreScripts.InGameMenu.GameSettings.UINavToggle,تبديل وضع التنقل في واجهة المستخدم
CoreScripts.InGameMenu.GameSettings.UINavToggleDescription,"استخدم المفتاح ""\ للدخول إلى وضع التنقل عبر واجهة المستخدم والخروج منه"""
CoreScripts.InGameMenu.GameSettings.UIScale,تغيير حجم واجهة المستخدم
CoreScripts.InGameMenu.GameSettings.UIScaleLargest,الأكبر
CoreScripts.InGameMenu.GameSettings.UIScaleMode,وضع تغيير حجم واجهة المستخدم
CoreScripts.InGameMenu.GameSettings.UIScaleModeAuto,تلقائي
CoreScripts.InGameMenu.GameSettings.UIScaleModeManual,يدوي
CoreScripts.InGameMenu.GameSettings.UIScaleSmallest,الأصغر
CoreScripts.InGameMenu.GameSettings.VREnabled,وضع VR
CoreScripts.InGameMenu.GameSettings.VRSmoothRotationEnabled,تمكين VR Smooth Rotation
CoreScripts.InGameMenu.GameSettings.VRSteppedRotationEnabled,تمكين VR Stepped Rotation
CoreScripts.InGameMenu.GameSettings.VRThirdPersonFixedCamEnabled,الكاميرا الثابتة للشخص الثالث
CoreScripts.InGameMenu.GameSettings.ViewandControlsHeader,العرض وعناصر التحكم
CoreScripts.InGameMenu.GameSettings.VignetteEnabled,تمكين VR Vignette
CoreScripts.InGameMenu.GameSettings.VoiceChatVolume,مستوى صوت المحادثة الصوتية
CoreScripts.InGameMenu.GameSettings.Volume,المستوى
CoreScripts.InGameMenu.GameSettings.VrControlsTitle,ضوابط VR
CoreScripts.InGameMenu.InviteFriends.ErrorOccured,حدث خطأ، الرجاء المحاولة مجددًا.
CoreScripts.InGameMenu.InviteFriends.Loading,تحميل
CoreScripts.InGameMenu.InviteFriends.MakeFriendsNow,إنشاء صداقات
CoreScripts.InGameMenu.InviteFriends.NoFriends,ليس لديك أصدقاء بعد. انتقل إلى قائمة الأشخاص لمعاينة طلبات الصداقة.
CoreScripts.InGameMenu.InviteFriends.Search,
CoreScripts.InGameMenu.Label.TouchpadButton,زر Touchpad
CoreScripts.InGameMenu.Label.ViewButton,عرض الزر
CoreScripts.InGameMenu.Leave,
CoreScripts.InGameMenu.LeaveGame,
CoreScripts.InGameMenu.LeaveGameQuestion,مغادرة؟
CoreScripts.InGameMenu.Ok,
CoreScripts.InGameMenu.PageTitle.Controls,التحكم...
CoreScripts.InGameMenu.PageTitle.GameSettings,
CoreScripts.InGameMenu.PageTitle.InviteFriends,دعوة أصدقاء
CoreScripts.InGameMenu.PageTitle.Players,الأشخاص
CoreScripts.InGameMenu.PageTitle.Report,إبلاغ
CoreScripts.InGameMenu.PageTitle.VRComfortSettings,إعدادات الراحة
CoreScripts.InGameMenu.PeoplePage.SwitchServer,تبديل الخادم
CoreScripts.InGameMenu.Prompt.BackToHome,نعم، اذهب إلى الصفحة الرئيسية
CoreScripts.InGameMenu.Prompt.ConfirmLeaveGame,هل أنت متأكد من أنك تريد الخروج من اللعبة؟
CoreScripts.InGameMenu.Prompt.ConfirmResetCharacter,هل أنت متأكد من أنك تريد إعادة تعيين شخصيتك؟
CoreScripts.InGameMenu.Prompt.ConfirmRespawnCharacter,هل أنت متأكد من رغبتك في استرجاع حياة شخصيتك؟
CoreScripts.InGameMenu.Prompt.LeaveGame,نعم، غادر
CoreScripts.InGameMenu.Prompt.LeaveGameBodyText,إذا غادرت التجربة، قد تفقد بعض مراحل التقدم التي لم يتم حفظها.
CoreScripts.InGameMenu.Prompt.LeaveGameTitle,مغادرة هذه التجربة؟
CoreScripts.InGameMenu.Prompt.ResumeGame,إستئناف
CoreScripts.InGameMenu.Prompt.VRFTUXLeaveGameBodyText,"هل تريد حقًا مغادرة التجربة؟ يمكنك العودة إلى البرنامج التعليمي مجددًا بالضغط على ""المزيد""."
CoreScripts.InGameMenu.QuickActions.MuteSelf,كتم صوتي
CoreScripts.InGameMenu.QuickActions.Report,
CoreScripts.InGameMenu.QuickActions.Respawn,
CoreScripts.InGameMenu.QuickActions.UnmuteSelf,إلغاء كتم صوتي
CoreScripts.InGameMenu.Report.AbuseBullying,بلطجة
CoreScripts.InGameMenu.Report.AbuseDating,مواعدة
CoreScripts.InGameMenu.Report.AbuseDetailsPlaceHolder,الرجاء شرح المشكلة بدقة لنتمكن من مساعدتك.
CoreScripts.InGameMenu.Report.AbuseExploiting,غش واستغلال
CoreScripts.InGameMenu.Report.AbuseOffsiteLink,روابط خارج المنصّة
CoreScripts.InGameMenu.Report.AbusePersonalQuestion,سؤال شخصي
CoreScripts.InGameMenu.Report.AbuseScamming,نصب واحتيال
CoreScripts.InGameMenu.Report.AbuseSwearing,شتائم
CoreScripts.InGameMenu.Report.AbuseTypePlaceHolder,حدّد نوع الإساءة
CoreScripts.InGameMenu.Report.AbuseUsername,اسم المستخدم غير ملائم
CoreScripts.InGameMenu.Report.AdditionalDetails,أدخل تفاصيل إضافية هنا
CoreScripts.InGameMenu.Report.Block,حظر
CoreScripts.InGameMenu.Report.BlockDescription,لم يعد بإمكانهم الانضمام إليك على نفس الخادم ولا التواصل معك أو إضافتك كصديق.
CoreScripts.InGameMenu.Report.Category.Description.Experience,هذه التجربة فيها محتوى غير لائق.
CoreScripts.InGameMenu.Report.Category.Description.Other,مثال: هذا الشخص يتبعني أو يلبس ثيابًا غير لائقة إلخ
CoreScripts.InGameMenu.Report.Category.Description.Text,هذا الشخص كتب في الدردشة عبارة سيئة.
CoreScripts.InGameMenu.Report.Category.Description.Voice,هذا الشخص كان يصرخ بأعلى صوته.
CoreScripts.InGameMenu.Report.Category.Header.Experience,التجربة
CoreScripts.InGameMenu.Report.Category.Header.Other,
CoreScripts.InGameMenu.Report.Category.Header.Text,دردشة نصية
CoreScripts.InGameMenu.Report.Category.Header.Voice,دردشة صوتية
CoreScripts.InGameMenu.Report.Confirm,
CoreScripts.InGameMenu.Report.Confirmation.Blocked,حظرت
CoreScripts.InGameMenu.Report.Confirmation.Muted,مكتومة
CoreScripts.InGameMenu.Report.Confirmation.MutedAndBlocked,مكتوم ومحظور
CoreScripts.InGameMenu.Report.Confirmation.MutedAndBlockedDescriptionWithUser,لن تتمكن بعد الآن من التواصل مع @{RBX_NAME}
CoreScripts.InGameMenu.Report.Confirmation.MutedDescriptionWithUser,لن تتمكن بعد الآن من سماع @{RBX_NAME}
CoreScripts.InGameMenu.Report.Confirmation.ThanksForReport,شكرًا على إرسال البلاغ
CoreScripts.InGameMenu.Report.Confirmation.ThanksForReportDescription,سوف نراجع البلاغ الذي أرسلته لنا ونتخذ الإجراء المناسب إذا اقتضى الأمر.
CoreScripts.InGameMenu.Report.DSAFooter,للإبلاغ عن محتوى غير قانوني بموجب قانون الخدمات الرقمية الأوروبي، يرجى زيارة الموقع التالي: https://www.roblox.com/illegal-content-reporting
CoreScripts.InGameMenu.Report.Done,
CoreScripts.InGameMenu.Report.FlagingGame,تحديد {RBX_NAME} للإبلاغ عن محتوى غير ملائم.
CoreScripts.InGameMenu.Report.MenuTitle,ما الذي تبلغ عنه؟
CoreScripts.InGameMenu.Report.Mute,كتم
CoreScripts.InGameMenu.Report.MuteDescription,لن تتمكن بعد الآن من سماعهم
CoreScripts.InGameMenu.Report.OtherStepsTitle,خطوات أخرى يمكنك اتخاذها: @{RBX_NAME}
CoreScripts.InGameMenu.Report.ReportExperience,إبلاغ عن تجربة
CoreScripts.InGameMenu.Report.ReportGameTitle,الإبلاغ عن {RBX_NAME}
CoreScripts.InGameMenu.Report.ReportPlayerTitle,إبلاغ عن شخص
CoreScripts.InGameMenu.Report.ReportTitle,
CoreScripts.InGameMenu.Report.ReportingGame,أنت تبلغ عن {RBX_NAME} بسبب محتوى غير ملائم.
CoreScripts.InGameMenu.Report.SelectAbuseType,تحديد نوع الإساءة
CoreScripts.InGameMenu.Report.SendReport,
CoreScripts.InGameMenu.Report.ThanksForReport,
CoreScripts.InGameMenu.Report.ThanksForReportDescription,سوف نراجع البلاغ قريبًا ونتخذ الإجراء المناسب إذا اقتضى الأمر. ملاحظاتك تساهم في الحفاظ على سلامة مجتمعنا.
CoreScripts.InGameMenu.Report.Title.Experience,الإبلاغ عن تجربة
CoreScripts.InGameMenu.Report.Title.Other,الإبلاغ عن شيء آخر
CoreScripts.InGameMenu.Report.Title.TextChat,الإبلاغ عن دردشة نصية
CoreScripts.InGameMenu.Report.Title.VoiceChat,الإبلاغ عن دردشة صوتية
CoreScripts.InGameMenu.Report.WillReviewBody,سيعيد المشرفون النظر في البلاغ واتخاذ القرار المناسب.
CoreScripts.InGameMenu.RespawnCharacter,استرجاع حياة الشخصية
CoreScripts.InGameMenu.RespawnCharacterDialogBody,سيتم استرجاع حياة شخصيتك في موقع الاسترجاع.
CoreScripts.InGameMenu.RespawnCharacterDialogConfirm,استرجاع
CoreScripts.InGameMenu.RespawnCharacterDialogTitle,استرجاع حياة الشخصية؟
CoreScripts.InGameMenu.SwitchServer.ConfirmBody,أنت على وشك الخروج من هذا الخادم والتبديل إلى خادم آخر.
CoreScripts.InGameMenu.SwitchServer.ConfirmHeader,هل تريد الخروج؟
CoreScripts.InGameMenu.Traversal.HistoryDescription,انضم إلى الألعاب التي قمت بزيارتها سابقًا
CoreScripts.InGameMenu.Traversal.LeaveBody,أنت على وشك الخروج من هذه اللعبة والرجوع إلى {PREVIOUS_EXPERIENCE}.
CoreScripts.InGameMenu.Traversal.LeaveHeader,
CoreScripts.InGameMenu.Vibration,اهتزاز
CoreScripts.InGameMenu.VirtualCursorHintPostIcon,لتبديل التنقل في القائمة
CoreScripts.InGameMenu.VirtualCursorHintPreIcon,بعض التجارب تتطلب الضغط
CoreScripts.InGameMenu.VoiceChatVolumeLower,
CoreScripts.PremiumModal.Title.Error,
CoreScripts.PublishAssetPrompt.AssetDescriptionPlaceholder,الوصف
CoreScripts.PublishAssetPrompt.Cancel,
CoreScripts.PublishAssetPrompt.Description,
CoreScripts.PublishAssetPrompt.DisclaimerAvatar,"أوافق على أن هذه التجربة سوف ترسل أفاتاري إلى قسم الإشراف ثم تحميله إلى ""تصاميمي""."
CoreScripts.PublishAssetPrompt.DisclaimerEmote,
CoreScripts.PublishAssetPrompt.DisclaimerImage,"أوافق على أن هذه التجربة سترسل صورتي إلى قسم الإشراف وسترفعها إلى ""منتجاتي""."
CoreScripts.PublishAssetPrompt.DisclaimerModel,ستتم مراجعة العناصر التي تم إنشاؤها وقد لا نعيد لك المبلغ المدفوع مقابل العناصر التي يتم رفضها بسبب عدم توافقها مع معايير المجتمع.
CoreScripts.PublishAssetPrompt.InvalidDescription,وصف غير صالح
CoreScripts.PublishAssetPrompt.InvalidName,اسم غير صالح
CoreScripts.PublishAssetPrompt.Name,الاسم
CoreScripts.PublishAssetPrompt.NoUserInput,حدث خطأ ما. الرجاء المحاولة مجددًا.
CoreScripts.PublishAssetPrompt.PackagesDefaultName,حزمة من تصميم {RBX_NAME}
CoreScripts.PublishAssetPrompt.PublishFailed,
CoreScripts.PublishAssetPrompt.PublishFailedTitle,تعذّر الإرسال
CoreScripts.PublishAssetPrompt.PublishSuccessMessage,يمكنك الرجوع إلى هذا العنصر في قسم مقتنياتك.
CoreScripts.PublishAssetPrompt.PublishSuccessTitle,نجاح!
CoreScripts.PublishAssetPrompt.ResultModalOk,
CoreScripts.PublishAssetPrompt.Submit,
CoreScripts.PublishAssetPrompt.TitleTextClothing,إرسال الملابس
CoreScripts.PublishAssetPrompt.TitleTextEmote,ارسال Emote
CoreScripts.PublishAssetPrompt.TitleTextImage,إرسال الصورة
CoreScripts.PublishAssetPrompt.TitleTextModel,إرسال الحزمة
CoreScripts.PublishAssetPrompt.TitleTextPackage,
CoreScripts.PublishAssetPrompt.UndefinedError,حدث خطأ ما. الرجاء المحاولة مجددًا. كود الخطأ: {RESULT_TYPE}
CoreScripts.PublishAvatarPrompt.BodyName,اسم الجسم
CoreScripts.PublishAvatarPrompt.BuyCreation,شراء التصميم
CoreScripts.PublishAvatarPrompt.Close,
CoreScripts.PublishAvatarPrompt.LeaveCreationTitle,تجاهل التصميم؟
CoreScripts.PublishAvatarPrompt.Pan,تحريك لليمين أو اليسار
CoreScripts.PublishAvatarPrompt.PurchaseCompleteDescription,يمكنك العثور على عنصرك في مقتنياتك بمجرد جهوزه.
CoreScripts.PublishAvatarPrompt.ResetView,
CoreScripts.PublishAvatarPrompt.Rotate,
CoreScripts.PublishAvatarPrompt.Zoom,تكبير
CoreScripts.PublishCommon.Disclaimer,
CoreScripts.PublishCommon.Leave,
CoreScripts.PublishCommon.Stay,
CoreScripts.PublishCommon.UnsavedWarning,قد تفقد أي تغييرات غير محفوظة
CoreScripts.PurchasePrompt.Button.OK,
CoreScripts.PurchasePrompt.Button.Settings,
CoreScripts.PurchasePrompt.CancelPurchase.Cancel,
CoreScripts.PurchasePrompt.ItemType.Bundle,حزمة
CoreScripts.PurchasePrompt.ProductType.Product,المنتج
CoreScripts.PurchasePrompt.PurchaseDetails.ScaryModalOne,يتضمن هذا الشراء تبادل أموال حقيقية. أنا أوافق على أن عمري لا يقل عن 18 سنة وأني الوالد أو الوصي القانوني على مالك الحساب. أنا أذنت بهذا الشراء وأوافق على شروط الاستخدام.
CoreScripts.PurchasePrompt.PurchaseDetails.ScaryModalParental,لقد قضيت الكثير على روبلوكس هذا الشهر. سيتم إرسال الإيصالات إلى البريد الإلكتروني للوالدين الذي تم التحقق منه على هذا الحساب لجميع المشتريات اللاحقة. 
CoreScripts.PurchasePrompt.PurchaseDetails.ScaryModalTwo,لقد أنفقت الكثير على Roblox هذا الشهر. هل تريد المتابعة؟ يتضمن هذا الشراء تبادل أموال حقيقية. يجب أن تكون الوالد أو الوصي القانوني لمالك الحساب للسماح بهذا الشراء.
CoreScripts.PurchasePrompt.PurchaseFailed.AlreadyOwn,أنت بالفعل تملك هذا العنصر. لم يتم خصم حسابك.
CoreScripts.PurchasePrompt.PurchaseFailed.CannotGetBalance,لم نتمكن من استرداد رصيدك في هذا الوقت. لم يتم خصم حسابك. الرجاء المحاولة لاحقًا.
CoreScripts.PurchasePrompt.PurchaseFailed.CannotGetItemPrice,لم نتمكن من استرداد سعر العنصر حاليًا. لم يتم خصم حسابك. الرجاء المحاولة لاحقًا.
CoreScripts.PurchasePrompt.PurchaseFailed.Enable2SV,
CoreScripts.PurchasePrompt.PurchaseFailed.Enable2SVLogout,عملية التحقق بخطوتين مطلوبة لإجراء المزيد من المعاملات. اذهب إلى الإعدادات> الأمان لإتمام عملية التحقق بخطوتين. سوف نسجل خروجك من الجلسة الحالية ما إن تشغّل عملية التحقق بخطوتين.
CoreScripts.PurchasePrompt.PurchaseFailed.InvalidFunds,لم تتم عملية الشراء لأنك لا تملك Robux كافية في حسابك. لم يتم خصم حسابك.
CoreScripts.PurchasePrompt.PurchaseFailed.Limited,هذا العنصر المحدود لا يحتوي على نسخ متبقية. حاول الشراء من مستخدم آخر على www.roblox.com. لم يتم خصم حسابك.
CoreScripts.PurchasePrompt.PurchaseFailed.NotEnoughRobux,هذا العنصر يكلف Robux أكثر مما في رصيدك. الرجاء زيارة www.roblox.com لشراء المزيد من Robux.
CoreScripts.PurchasePrompt.PurchaseFailed.NotEnoughRobuxNoUpsell,يكلّف هذا العنصر Robux أكثر مما في حوزتك. 
CoreScripts.PurchasePrompt.PurchaseFailed.NotEnoughRobuxXbox,هذا العنصر يكلف Robux أكثر مما في رصيدك. الرجاء مغادرة اللعبة ثم الانتقال إلى شاشة Robux لشراء المزيد.
CoreScripts.PurchasePrompt.PurchaseFailed.NotForSale,هذا العنصر غير معروض للبيع حاليًا. لم يتم خصم حسابك.
CoreScripts.PurchasePrompt.PurchaseFailed.NotForSaleHere,لا يمكن بيع هذا العنصر في هذه التجربة. لم يتم خصم حسابك.
CoreScripts.PurchasePrompt.PurchaseFailed.PremiumOnly,تحتاج إلى Roblox Premium لشراء هذا العنصر.
CoreScripts.PurchasePrompt.PurchaseFailed.PurchaseDisabled,لم تمم عملية الشراء لأنّ عمليات الشراء في تجربة معطّلة مؤقتًا. لم يتم خصم حسابك. الرجاء المحاولة لاحقًا.
CoreScripts.PurchasePrompt.PurchaseFailed.ThirdPartyDisabled,تم تعطيل مبيعات عناصر الطرف الآخر في هذا المكان. لم يتم خصم حسابك.
CoreScripts.PurchasePrompt.PurchaseFailed.Under13,حسابك للأعمار أقل من 13 سنة. شراء هذا العنصر غير مسموح به. لم يتم خصم حسابك.
CoreScripts.PurchasePrompt.PurchaseFailed.UnknownFailure,لم تتم عملية شراء {ITEM_NAME} بسبب خطأ ما. لم يتم خصم رسوم حسابك. الرجاء المحاولة لاحقًا.
CoreScripts.PurchasePrompt.PurchaseFailed.UnknownFailureNoItemName,لم تتم عملية الشراء بسبب خطأ ما. لم يتم خصم حسابك. الرجاء المحاولة لاحقًا.
CoreScripts.PurchasePrompt.PurchaseMessage.Succeeded,تم شراء {ITEM_NAME} بنجاح!
CoreScripts.PurchasePrompt.Title.BuyItem,شراء العنصر
CoreScripts.PurchasePrompt.Title.VerificationRequired,
CoreScripts.ScreenshotHud.Action.Cancel,
CoreScripts.ScreenshotHud.Action.TakePhoto,التقط صورة
CoreScripts.TextChat.Action.SendQuickWords,إرسال عبارات سريعة
CoreScripts.TextChat.ChannelTabs.Friends,
CoreScripts.TextChat.ChannelTabs.Global2,عام
CoreScripts.TextChat.ChannelTabs.Here,
CoreScripts.TextChat.ChannelTabs.System,النظام
CoreScripts.TextChat.ChannelTabs.Team,الفريق
CoreScripts.TextChat.ChatCommands.Mute.Description,/mute <speaker>: كتم صوت المُتحدث.
CoreScripts.TextChat.ChatCommands.Unmute.Description,/unmute <speaker>: إلغاء كتم صوت المستخدم.
CoreScripts.TextChat.ChatTranslation.ChatWindow.SystemMessageNew,يترجم Roblox تلقائيًا إلى اللغات المدعومة في الدردشة
CoreScripts.TextChat.ChatTranslation.FTUX.TitleNew,تم تشغيل ترجمة الدردشة للغات المدعومة
CoreScripts.TextChat.ChatWindow.ChatDisabled.AskForPermission,يمكنك هنا عرض رسائل النظام فقط. اطلب الإذن من والديك للدردشة في إعدادات التواصل.
CoreScripts.TextChat.ChatWindow.ChatDisabled.AskForPermissionToAgeCheck,يمكنك هنا عرض رسائل النظام فقط. اطلب الإذن من والديك للتحقُّق من عمرك في إعدادات التواصل.
CoreScripts.TextChat.ChatWindow.ChatDisabled.CheckAgeInAccountInfo,يمكنك هنا عرض رسائل النظام فقط. بإمكانك إلغاء قفل خاصية الدردشة باستخدام التحقُّق من العمر من خلال الإعدادات > معلومات الحساب.
CoreScripts.TextChat.ChatWindow.ChatDisabled.CheckAgeInSettings,يمكنك هنا عرض رسائل النظام فقط. لتتمكن من الدردشة، أكِّد عمرك في إعدادات التواصل.
CoreScripts.TextChat.ChatWindow.ChatDisabled.DontMissMessages,لا تفوِّت أي رسائل. يمكنك إلغاء قفل خاصية الدردشة باستخدام التحقُّق من العمر.
CoreScripts.TextChat.ChatWindow.ChatDisabled.GetAnAgeCheck,يمكنك هنا عرض رسائل النظام فقط. تحقق من عمرك لتتمكن من الدردشة مع الآخرين.
CoreScripts.TextChat.ChatWindow.ChatDisabled.OnlyViewSystemMessages,يمكنك هنا عرض رسائل النظام فقط.
CoreScripts.TextChat.ChatWindow.ChatDisabled.RegionUnavailable,يمكنك هنا عرض رسائل النظام فقط. خاصية الدردشة غير متاحة في منطقتك.
CoreScripts.TextChat.ChatWindow.ChatDisabled.SettingOff,يمكنك هنا عرض رسائل النظام فقط. حدِّث إعدادات التواصل لتشغيل الدردشة.
CoreScripts.TextChat.ChatWindow.ChatEnabled.ChatInRegion,يمكنك عرض رسائل النظام والدردشة مع المستخدمين في منطقتك فقط.
CoreScripts.TextChat.ChatWindow.ChatEnabled.ChatWithAgeGroupAAndTF,يمكن فقط للأشخاص في فئات عمرية مماثلة ولأصدقائك الموثوق بهم الدردشة معك.
CoreScripts.TextChat.ChatWindow.ChatEnabled.ChatWithAgeGroupAndTC,يمكن فقط للأشخاص في فئات عمرية مماثلة ولجهات التواصل الموثوقة لديك الدردشة معك.
CoreScripts.TextChat.ChatWindow.ChatEnabled.ChatWithOnlinePlayers.BelowThreshold,رحِّب بكل مَن يلعبون الآن!
CoreScripts.TextChat.ChatWindow.ChatEnabled.ChatWithOnlinePlayers.Local.WithCount,يوجد {RBX_COUNT} من اللاعبين الآخرين في الدردشة. رحِّب بهم!
CoreScripts.TextChat.ChatWindow.ChatEnabled.ChatWithOnlinePlayers.V3,👋 رحِّب بكل مَن يلعبون الآن!
CoreScripts.TextChat.ChatWindow.ChatEnabled.ChatWithTF,يمكن فقط لأصدقائك الموثوق بهم الدردشة معك.
CoreScripts.TextChat.ChatWindow.ChatEnabled.Global2,يمكنك الدردشة مع المزيد من الأشخاص في هذه اللعبة. يمكن فقط للأشخاص في الفئات العمرية المماثلة الدردشة معك.
CoreScripts.TextChat.ChatWindow.ChatWithOnlinePlayers.Local.Friendly,✨ انضم إلى المرح! رحِّب بكل مَن يلعبون الآن!
CoreScripts.TextChat.ChatWindow.ChatWithOnlinePlayers.Local.WithCount,👋 يوجد {RBX_COUNT} من اللاعبين في الدردشة. رحِّب بهم!
CoreScripts.TextChat.ChatWindow.HandFreeTranscriptionFTUX,اضغط مطولًا للتحدث دون استخدام اليدين
CoreScripts.TextChat.ChatWindow.RephrasedLabel,أُعيدت صياغتها
CoreScripts.TextChat.ChatWindow.RephrasedReason.Description,تُعيد منصّة Roblox صياغة الرسائل التي تنتهك قواعد السلامة.
CoreScripts.TextChat.ChatWindow.RewrittenLabel,أُعيدت الصياغة
CoreScripts.TextChat.ChatWindow.SummarySystemMessage,
CoreScripts.TextChat.ChatWindow.Transcribing,جارٍ تحويل الكلام إلى نص...
CoreScripts.TextChat.ChatWindow.TranscriptionFailed,لم نتمكّن من سماعك! حاول مرة أخرى.
CoreScripts.TextChat.ChatWindow.TranscriptionLanguageUnsupported,لا ندعم هذه اللغة بعد!
CoreScripts.TextChat.ChatWindow.TranscriptionNoMicAccessToastBody,لاستخدام الميكروفون، اضغط هنا لتحديث إعدادات جهازك.
CoreScripts.TextChat.ChatWindow.TranscriptionNoMicAccessToastBodyAlternate,لاستخدام الميكروفون، انتقل إلى إعدادات جهازك وامنح Roblox إذن استخدام الميكروفون.
CoreScripts.TextChat.ChatWindow.TranscriptionNoMicAccessToastHeader,تعذَّر الوصول إلى الميكروفون
CoreScripts.TextChat.ChatWindow.TranscriptionU13MicAccessToastBody,لإرسال الرسائل بصوتك، سنعالج ملفك الصوتي ونحذفه فورًا وفقًا لسياسة الخصوصية.
CoreScripts.TextChat.ChatWindow.TranscriptionU13MicAccessToastHeader,لقد قمت بتمكين تحويل الكلام إلى نص في الدردشة
CoreScripts.TextChat.ChatWindow.TrustedLabel,موثوق
CoreScripts.TextChat.ChatWindows.RewrittenReasonLabel,تعيد منصّة Roblox صياغة الرسائل التي تنتهك قواعد السلامة.
CoreScripts.TextChat.Clear.Help.Description,/clear or /cls: يمسح الرسائل في شاشة الدردشة 
CoreScripts.TextChat.Description.AskYourParentForPermissionToChat,اطلب الإذن من والديك للدردشة في الخصوصية>إعدادات التواصل.
CoreScripts.TextChat.Description.RobloxSummarizesMessagesFromAllPlayers,تلخّص منصة Roblox الرسائل الواردة من اللاعبين من جميع الأعمار.
CoreScripts.TextChat.Description.TurnOnChatInSettings,يمكنك تشغيل الدردشة من خلال الخصوصية>إعدادات التواصل.
CoreScripts.TextChat.Description.UnlockChatPrivacyCommunications,يمكنك إلغاء قفل الدردشة من خلال إجراء تقدير للعمر في الخصوصية>إعدادات التواصل.
CoreScripts.TextChat.Description.UnlockChatWithAnAgeCheck,إلغاء قفل خاصية الدردشة من خلال إجراء تقدير للعمر.
CoreScripts.TextChat.Emote.Error.DoesNotExist,Emote غير موجود.
CoreScripts.TextChat.Emote.Error.NotEnabled,لا يمكنك استخدام Emote هنا.
CoreScripts.TextChat.Emote.Error.NotEquipped,لست مجهزًا بتلك Emote.
CoreScripts.TextChat.Emote.Error.NotOwnedGeneric,أنت لا تملك هذا emote.
CoreScripts.TextChat.EnableChatButton.Label.UnlockChat,إلغاء قفل خاصية الدردشة
CoreScripts.TextChat.Error.NoChannelAccess,لا تملك صلاحية الوصول لقناة الدردشة هذه
CoreScripts.TextChat.Error.NoChannelSelected,لم يتم تحديد أي قناة للدردشة
CoreScripts.TextChat.Error.ReadOnlyChannel,قناة دردشة للقراءة فقط
CoreScripts.TextChat.Help.FirstLine,هذه هي الأوامر الأساسية للدردشة:
CoreScripts.TextChat.InputBar.Hint.ChatUnavailable,الدردشة غير متاحة
CoreScripts.TextChat.InputBar.Hint.Gamepad,"استخدم الزر ""{CHAT_BUTTON}"" في القائمة للدردشة"
CoreScripts.TextChat.InputBar.Hint.GamepadConnected,"اضغط على ""{CONFIRM_KEY}"" لبدء الكتابة"
CoreScripts.TextChat.InputBar.Hint.GamepadConnectedConfirm,
CoreScripts.TextChat.InputBar.Hint.MouseKeyboard,للمحادثة، انقر هنا أو اضغط على مفتاح {KEY}
CoreScripts.TextChat.InputBar.Hint.PrivacySettingsDisabled,إعدادات الدردشة لديك تمنعك من إرسال الرسائل وتلقّيها.
CoreScripts.TextChat.InputBar.Hint.Touch,انقر هنا للدردشة
CoreScripts.TextChat.MessageStatus.Warning.Floodchecked,يتعيّن عليك الانتظار قبل إرسال رسالة أخرى.
CoreScripts.TextChat.MessageStatus.Warning.InvalidPrivacySettings,
CoreScripts.TextChat.MessageStatus.Warning.MessageTooLong,رسالتك تتجاوز الحد الأقصى المسموح به.
CoreScripts.TextChat.MessageStatus.Warning.ModerateChatOff,تم إيقاف عرض القراءة فقط.
CoreScripts.TextChat.MessageStatus.Warning.ModerateChatOn,تم تشغيل عرض القراءة فقط. بعض الرسائل متاحة للقراءة فقط استنادًا إلى أذونات دورك.
CoreScripts.TextChat.MessageStatus.Warning.ModerationTimeout,لا يمكنك حاليًا إرسال رسائل الدردشة. لن تظهر رسائلك لأحد.
CoreScripts.TextChat.MessageStatus.Warning.TextFilterFailed,يواجه فلتر الدردشة حاليًا بعض المشاكل مما يتسبب بظهور بطيء لبعض الرسائل.
CoreScripts.TextChat.MessageStatus.Warning.Unknown,تعذر إرسال رسالتك.
CoreScripts.TextChat.Mute.Error.CannotMuteSelf,لا يمكنك كتم نفسك.
CoreScripts.TextChat.Mute.Error.MultipleMatches,هؤلاء المستخدمون لديهم اسم العرض هذا: {RBX_LIST_NAMES}
CoreScripts.TextChat.Mute.Error.TargetDoesNotExist,المستخدم '{RBX_NAME}' غير موجود.
CoreScripts.TextChat.Mute.Success,تم كتم صوت المستخدم '{RBX_NAME}'.
CoreScripts.TextChat.Notification.WhisperChat.Created,دردشة خاصة مع {RBX_NAME}.
CoreScripts.TextChat.Online.Help.Description3,/online : عدد المستخدمين الذين يمكنك الدردشة معهم في هذه القناة.
CoreScripts.TextChat.Online.Success.Plural,{RBX_COUNT} من اللاعبين أون لاين حاليًا ويمكنهم الدردشة
CoreScripts.TextChat.Online.Success.Plural2,{RBX_COUNT} من اللاعبين الآخرين أون لاين ويمكنهم الدردشة.
CoreScripts.TextChat.Online.Success.Singular,{RBX_COUNT} لاعب أون لاين حاليًا ويمكنه الدردشة
CoreScripts.TextChat.Online.Success.Singular3,{RBX_COUNT} لاعب آخر أون لاين حاليًا ويمكنه الدردشة.
CoreScripts.TextChat.TeamChat.Error.NotOnTeam,لا يمكنك الدردشة مع الفريق لأنك لست جزءًا من الفريق.
CoreScripts.TextChat.TeamChat.PrefixText,[فريق]
CoreScripts.TextChat.Toast.ModerateChatOff.Subtitle,يمكنك الدردشة مع أشخاص في فئات عمرية مماثلة ومع جهات التواصل الموثوقة لديك فقط.
CoreScripts.TextChat.Toast.ModerateChatOff.Subtitle.FriendsRename,يمكنك الآن الدردشة مع أشخاص في فئات عمرية مماثلة ومع الأصدقاء الموثوق بهم.
CoreScripts.TextChat.Toast.ModerateChatOff.Title,تم إيقاف عرض القراءة فقط
CoreScripts.TextChat.Toast.ModerateChatOn.Subtitle,بعض الرسائل متاحة للقراءة فقط استنادًا إلى أذونات دورك.
CoreScripts.TextChat.Toast.ModerateChatOn.Title,تم تشغيل عرض القراءة فقط
CoreScripts.TextChat.Tooltip.Global.Body,يمكنك الدردشة مع الأشخاص هنا أو مع المزيد من الأشخاص في هذه اللعبة.
CoreScripts.TextChat.Tooltip.Global.Header,الدردشة مع المزيد من الأشخاص
CoreScripts.TextChat.Tooltip.QuickWords.Body,يمكنك التنسيق مع لاعبين من جميع الأعمار.
CoreScripts.TextChat.Tooltip.QuickWords.Header,العبوا سويًا باستخدام العبارات السريعة
CoreScripts.TextChat.Unmute.Success,تم إلغاء كتم المستخدم '{RBX_NAME}'.
CoreScripts.TextChat.Version.Success,{RBX_VERSION}
CoreScripts.TextChat.Whisper.Error.CannotChat,لا يمكنك الدردشة مع هذا الشخص.
CoreScripts.TextChat.WhisperChat.PrefixText.Incoming,[من {RBX_NAME}]
CoreScripts.TextChat.WhisperChat.PrefixText.Outgoing,[إلى {RBX_NAME}]
CoreScripts.TopBar.Back,
CoreScripts.TopBar.Chat,
CoreScripts.TopBar.ControlMessageMotion,تتبع الحركة
CoreScripts.TopBar.ControlMessageOff,معطل
CoreScripts.TopBar.ControlMessageOn,مشغّل
CoreScripts.TopBar.ControlMessageSound,تتبع الصوت
CoreScripts.TopBar.DynamicAvatarMissingErrorBody,أفاتار > تخصيص > الرأس والجسم
CoreScripts.TopBar.DynamicAvatarMissingErrorHeader,استخدم رأس ديناميكي للغمز!
CoreScripts.TopBar.Emotes,Emotes
CoreScripts.TopBar.GameNamePlaceHolder,تجربة
CoreScripts.TopBar.HideChat,إخفاء الدردشة
CoreScripts.TopBar.Inventory,
CoreScripts.TopBar.JoinVoice,احصل على المحادثة الصوتية
CoreScripts.TopBar.Label.UILessHintDescription,اضغط على مفتاح ESC لفتح قائمة Roblox
CoreScripts.TopBar.Label.UILessHintTitle,طريقة جديدة لتشغيل قائمة Roblox
CoreScripts.TopBar.Leaderboard,
CoreScripts.TopBar.Leave,
CoreScripts.TopBar.LoadingScreen.AutoTranslate,محتوى مُترجَم آليًا
CoreScripts.TopBar.Menu,
CoreScripts.TopBar.Mic,الميكروفون
CoreScripts.TopBar.MoreMenu,قائمة المزيد
CoreScripts.TopBar.Music,الموسيقى
CoreScripts.TopBar.MusicLoading,لا يوجد ملف صوتي قيد التشغيل
CoreScripts.TopBar.MusicNotVerified,لم يتم التحقق من الملف الصوتي قيد التشغيل
CoreScripts.TopBar.Respawn,Respawn الشخصية
CoreScripts.TopBar.RobloxMenu,
CoreScripts.TopBar.RobloxMenuReferralRewardTooltip,ادعُ الأصدقاء واحصل على {referralRewardName}
CoreScripts.TopBar.RobloxPermissionErrorBody,إعدادات Roblox > الخصوصية > الميكروفون ومدخل الكاميرا
CoreScripts.TopBar.RobloxPermissionErrorBodyTwo,إعدادات Roblox › الخصوصية ومدى حساسية المحتوى › التواصل › إدخال الكاميرا
CoreScripts.TopBar.RobloxPermissionErrorHeader,السماح باستخدام للكاميرا
CoreScripts.TopBar.SelfViewLabel,عرض ذاتي
CoreScripts.TopBar.ShowChat,عرض الدردشة
CoreScripts.TopBar.Title.ExperienceControls,ضوابط التجربة
CoreScripts.TopBar.ToggleMic,كتم/إلغاء كتم صوتي
CoreScripts.TopBar.Traversal.BackButtonDefault,التجربة السابقة
CoreScripts.TopBar.Traversal.History,السجل
CoreScripts.VRFTUX.Action.Next,
CoreScripts.VRFTUX.Action.Skip,تخطي
CoreScripts.VRFTUX.Description.Movement.Body1,للتنقّل في التجربة، استخدم thumbstick على <b>يسار</b> المتحكّم.
CoreScripts.VRFTUX.Description.Movement.Body2,اضغط على زر <b>A</b> للقفز.
CoreScripts.VRFTUX.Description.Movement.Body3,للدوران في أرضك، استخدم الزر <b>الأيمن</b> على thumbstick للتنقل إلى اليسار أو اليمين.
CoreScripts.VRFTUX.Description.OtherSettings.Body1,"يمكنك أيضًا تغيير الإعدادات الأخرى ""للراحة والاندماج"" في قائمة التجارب."
CoreScripts.VRFTUX.Description.OtherSettings.Body2,هذا كل ما لدينا الآن فيما يتعلق بالتعليمات! أصبحت جاهزًا للاستمتاع على منصة Roblox. الرجاء استخدام زر المغادرة في الأسفل للخروج من التجربة.
CoreScripts.VRFTUX.Description.Perspective.Body1,حاول التبديل بين مظهر الشخص الأول والثالث بالنقر على زر التحكم <b>الأيمن</b> على thumbstick.
CoreScripts.VRFTUX.Description.Perspective.Body2,يتم تعيين منظورك في Roblox إلى منظور الشخص الثالث بشكل افتراضي. لكن بإمكانك التبديل إلى منظور الشخص الأول لتجربة غامرة.
CoreScripts.VRFTUX.Description.SafetyBubble.Body1,لضمان أمانك في VR، استحدثنا ميزة أسميناها <b>حجاب الأمان</b>.
CoreScripts.VRFTUX.Description.SafetyBubble.Body2,هذه فقاعة غير مرئية حولك تحدد كيف يمكن للاعبين الآخرين أن يصلوا إليك دون أن تحجبك عنهم. يمكنك تغيير هذه الضوابط في <b>قائمة التجربة</b>.
CoreScripts.VRFTUX.Heading.Header,مرحبًا بك في Roblox
CoreScripts.VRFTUX.Heading.Movement,التحكّم بالحركة
CoreScripts.VRFTUX.Heading.OtherSettings.Title,إعدادات أخرى
CoreScripts.VRFTUX.Heading.Perspective,تبديل المظهر
CoreScripts.VRFTUX.Heading.SafetyBubble.Title,
CoreScripts.VRFTUX.Label.Footer,نأمل أن تقضي وقتًا ممتعًا معنا!
Corescripts.AvatarContextMenu.AcceptFriendRequest,
Corescripts.AvatarContextMenu.AddFriend,
Corescripts.AvatarContextMenu.Chat,
Corescripts.AvatarContextMenu.ChatDisabled,الدردشة معطلة
Corescripts.AvatarContextMenu.FriendRequestPending,طلب صداقة معلق
Corescripts.AvatarContextMenu.Friends,
Corescripts.AvatarContextMenu.PlayerBlocked,شخص محظور
Corescripts.AvatarContextMenu.Wave,تلويح
Feature.AbuseReportDialog.Label.GeneralError,حدث خطأ ما. يُرجى المحاولة لاحقًا.
Feature.Accessibility.Action.ScrollDown,تمرير للأسفل
Feature.Accessibility.Action.ScrollUp,تمرير للأعلى
Feature.Accessibility.Description.PreferredTextSize,ضبط حجم النص عبر Roblox وفقًا لتفضيلاتك
Feature.Accessibility.Description.PreferredTransparency,تحسين التباين بتعديل الشفافية في بعض الخلفيات
Feature.Accessibility.Description.ReducedMotion,إيقاف أو تقليل تأثيرات الحركة
Feature.Accessibility.Description.UiNavigationKeyBind,استخدم مفتاح {uiNavigationKey} للدخول والخروج من وضع التنقل في واجهة المستخدم
Feature.Accessibility.Header.Haptics,اللمس
Feature.Accessibility.Heading.PreferredTextSize,حجم النص
Feature.Accessibility.Heading.PreferredTransparency,شفافية الخلفية
Feature.Accessibility.Heading.ReducedMotion,
Feature.Accessibility.Heading.UiNavigationKeyBind,مفتاح تبديل وضع التنقل في واجهة المستخدم
Feature.Accessibility.PreferredTextSize.Default,
Feature.Accessibility.PreferredTextSize.Largest,
Feature.Accessibility.PreferredTransparency.Opaque,مظلم
Feature.Accessibility.PreferredTransparency.Transparent,شفاف
Feature.AccountSecurityPrompt.Message.Error.Pin.IncorrectPin,رقم PIN غير صحيح.
Feature.AccountSettings.Action.Verify,تحقق
Feature.AccountSettings.Description.AddPhoneNumber,أضِف رقم هاتف لمساعدتك في تسجيل الدخول بسهولة، والتواصل مع الأصدقاء، وغير ذلك الكثير.
Feature.AccountSettings.Description.NotShownPublicly,لن يتم عرض رقم هاتفك علنًا أبدًا.
Feature.AccountSettings.Example.Facebook,مثلاً www.facebook.com/Roblox
Feature.AccountSettings.Example.Guilded,مثلاً guilded.gg/roblox
Feature.AccountSettings.Example.Twitch,مثلاً www.twitch.tv/roblox/profile
Feature.AccountSettings.Example.Twitter,مثلاً Roblox@
Feature.AccountSettings.Example.YouTube,مثلاً www.youtube.com/user/roblox
Feature.AccountSettings.Heading.SocialNetworks,الشبكات الاجتماعية
Feature.AccountSettings.Heading.Tab.Notifications,الإشعارات
Feature.AccountSettings.Heading.Tab.Privacy,
Feature.AccountSettings.Heading.Tab.Robux,Robux
Feature.AccountSettings.Heading.Tab.Security,الأمان
Feature.AccountSettings.Label.Discord,برنامج Discord
Feature.AccountSettings.Label.DropDown.Everyone,الجميع
Feature.AccountSettings.Label.DropDown.FollowersV3,الأصدقاء والمتابَعون والمتابِعون
Feature.AccountSettings.Label.DropDown.FollowingV2,الأصدقاء والمستخدمون الذين أتابعهم
Feature.AccountSettings.Label.DropDown.Friends,
Feature.AccountSettings.Label.DropDown.NoOne,
Feature.AccountSettings.Label.Facebook,Facebook
Feature.AccountSettings.Label.Guilded,Guilded
Feature.AccountSettings.Label.SocialLinksVisibility,مرئي لـ
Feature.AccountSettings.Label.Twitch,Twitch
Feature.AccountSettings.Label.X,X
Feature.AccountSettings.Label.YouTube,YouTube
Feature.AccountSettings.Message.Error.InvalidFacebookUrl,عنوان رابط ملفك الشخصي على Facebook غير صالح.
Feature.AccountSettings.Message.Error.InvalidGuildedUrl,رابط الملف الشخصي Guilded غير صالح.
Feature.AccountSettings.Message.Error.InvalidTwitchUrl,رابط ملفك الشخصي على Twitch غير صالح.
Feature.AccountSettings.Message.Error.InvalidXUrl,مقبض X غير صالح.
Feature.AccountSettings.Message.Error.InvalidYouTubeUrl,رابط YouTube غير صالح.
Feature.AddFriends.Action.IgnoreConnectionRequest,تجاهل طلب الاتصال
Feature.AddFriends.Action.IgnoreFriendRequest,تجاهل طلب الصداقة
Feature.AddFriends.Action.IgnoreTrustedFriendRequest,تجاهل طلب الصديق الموثوق به
Feature.AddFriends.Action.RequestIgnored,تم تجاهل الطلب
Feature.AddFriends.Label.AgedUpSearchForFriendsPrompt,العثور على أشخاص على Roblox عن طريق البحث عن اسم المستخدم أو اسم العرض.
Feature.AddFriends.Label.ConnectWithContacts,دعوة جهات اتصالك أو الاتصال بأصدقاء على Roblox.
Feature.AddFriends.Label.InputPlaceholder.SearchForPeople,البحث عن أشخاص
Feature.AddFriends.Label.InputPlaceholder.SearchForPeopleAltCapitalization,
Feature.AddFriends.Label.SearchForFriendsPrompt,
Feature.AddFriends.Label.SyncWithContacts,قم بمزامنة جهات الاتصال للعثور على الأصدقاء ودعوتهم.
Feature.AddFriends.Title.ConnectWithContacts,إضافة من جهات الاتصال
Feature.AgeVerificationUpsell.Body.AgeSettingsRedirect,فتح المزيد من المحتوى والميزات.
Feature.AgeVerificationUpsell.Button.Cancel,
Feature.AgeVerificationUpsell.Button.Continue,
Feature.AgeVerificationUpsell.Button.Settings,تحقق من عمري
Feature.AgeVerificationUpsell.Modal.ContentText,"تحقق من عمرك للدخول إلى هذه التجربة.

1. اذهب إلى معلومات الحساب > تحقق من عمري
2. أكمل عملية التحقق
"
Feature.AgeVerificationUpsell.Modal.Title,مطلوب التحقق من العمر
Feature.AgeVerificationUpsell.Title.AgeSettingsRedirect,تحقّق من عمرك في الإعدادات
Feature.AppealsPortal.Action.OK,
Feature.AppealsPortal.Label.ReportAndAppeals,الانتهاكات والاستئنافات
Feature.Avatar.Action.AddNewMakeupLook,إضافة إطلالة جديدة
Feature.Avatar.Action.Cancel,
Feature.Avatar.Action.CancelSelection,التراجع عن التحديد
Feature.Avatar.Action.Clear,مسح
Feature.Avatar.Action.ComposerPost,نشر
Feature.Avatar.Action.ComposerPreviewAndPost,معاينة ونشر
Feature.Avatar.Action.CreateSet,
Feature.Avatar.Action.CreateSetFirstRun,إنشاء مجموعة
Feature.Avatar.Action.Default,
Feature.Avatar.Action.DefaultView,العرض الافتراضي
Feature.Avatar.Action.Delete,
Feature.Avatar.Action.DeleteAvatars,حذف الأفاتارات
Feature.Avatar.Action.DeleteSet,حذف المجموعة
Feature.Avatar.Action.Discard,
Feature.Avatar.Action.EditProfilePicture,تحرير صورة الملف الشخصي
Feature.Avatar.Action.GoBack,
Feature.Avatar.Action.GotIt,
Feature.Avatar.Action.Keep,الاحتفاظ
Feature.Avatar.Action.Leave,
Feature.Avatar.Action.ManageCharacters,إدارة الشخصيات
Feature.Avatar.Action.ManageMakeupLooks,إدارة الإطلالات
Feature.Avatar.Action.Marketplace,المتجر
Feature.Avatar.Action.MyPublishedAvatars,أفاتاراتي المنشورة
Feature.Avatar.Action.MySharedAvatars,مجموعة الأفاتار المنشورة الخاصة بي
Feature.Avatar.Action.Next,
Feature.Avatar.Action.NotNow,ليس الآن
Feature.Avatar.Action.Pan,
Feature.Avatar.Action.Posting,جارٍ النشر
Feature.Avatar.Action.Remove,إزالة
Feature.Avatar.Action.RemoveAll,إزالة الكل
Feature.Avatar.Action.RemoveFromSet,إزالة من المجموعة
Feature.Avatar.Action.Rename,إعادة تسمية
Feature.Avatar.Action.RenameSet,إعادة تسمية المجموعة
Feature.Avatar.Action.Reset,
Feature.Avatar.Action.RestoreLastSaved,استعادة الأفاتار المحفوظ آخر مرة
Feature.Avatar.Action.Revert,
Feature.Avatar.Action.Rotate,
Feature.Avatar.Action.Save,حفظ
Feature.Avatar.Action.SaveAsNew,حفظ كجديد
Feature.Avatar.Action.Select,
Feature.Avatar.Action.SelectMultipleItems,حدد عناصر متعددة
Feature.Avatar.Action.SelectSlot,حدد خانة
Feature.Avatar.Action.Share,مشاركة
Feature.Avatar.Action.ShareAvatar,نشر الأفاتار
Feature.Avatar.Action.ShareCurrentAvatar,نشر الأفاتار الحالي
Feature.Avatar.Action.Shop,تسوق
Feature.Avatar.Action.ShopForMore,تسوق المزيد
Feature.Avatar.Action.ShowMore,إظهار المزيد
Feature.Avatar.Action.SlotEmote,خانة Emote
Feature.Avatar.Action.Stay,البقاء
Feature.Avatar.Action.Switch,تبديل
Feature.Avatar.Action.TryOn,تجريب
Feature.Avatar.Action.Unequip,إلغاء التجهيز
Feature.Avatar.Action.Unselect,
Feature.Avatar.Action.UnslotEmote,إزالة Emote من الخانة
Feature.Avatar.Action.Update,
Feature.Avatar.Action.UpdateExistingCharacter,تحديث الشخصية الموجودة
Feature.Avatar.Action.UpdateExistingMakeupLook,تحديث الإطلالة الحالية
Feature.Avatar.Action.UpdateMakeupLook,تحديث الإطلالة
Feature.Avatar.Action.Zoom,
Feature.Avatar.AvatarWidgetTitle,استكشاف الأنماط
Feature.Avatar.BackgroundGeneration.Action.Cancel,
Feature.Avatar.BackgroundGeneration.Action.DeleteBackground,
Feature.Avatar.BackgroundGeneration.Action.DiscardDialogCancel,
Feature.Avatar.BackgroundGeneration.Action.DiscardDialogConfirm,
Feature.Avatar.BackgroundGeneration.Action.Okay,
Feature.Avatar.BackgroundGeneration.Action.Publish,
Feature.Avatar.BackgroundGeneration.Action.Upload,رفع
Feature.Avatar.BackgroundGeneration.Action.View,عرض
Feature.Avatar.BackgroundGeneration.Action.ViewExclusiveBackgrounds,
Feature.Avatar.BackgroundGeneration.Description.CreateBackgroundsWithPlus,أنشئ خلفيات باستخدام اشتراك Plus.
Feature.Avatar.BackgroundGeneration.Description.DiscardDialog,لم يتم نشر الخلفية بعد. إذا قمت بالخروج الآن، فستفقدها.
Feature.Avatar.BackgroundGeneration.Description.ReadyToUse,منتجك جاهز للاستخدام.
Feature.Avatar.BackgroundGeneration.Description.ReviewBeforePublish,تم إنشاء هذه الخلفية باستخدام الذكاء الاصطناعي. ومن خلال النشر، فإنك تؤكد أنها تتبع معايير مجتمع منصّة Roblox ولا تستخدم محتوى لا تملك الحق في استخدامه. ستتم مراجعتها قبل ظهورها في مقتنياتك، ولا يمكن تحرير العناصر المنشورة.
Feature.Avatar.BackgroundGeneration.Description.ReviewBeforeUpload,تم إنشاء هذه الخلفية باستخدام الذكاء الاصطناعي. ومن خلال الرفع، فإنك تؤكد أنها تتبع معايير مجتمع منصّة Roblox ولا تستخدم محتوى لا تملك الحق في استخدامه. ستتم مراجعتها قبل ظهورها في مقتنياتك، ولا يمكن تحرير العناصر المرفوعة.
Feature.Avatar.BackgroundGeneration.Description.UnlockExclusiveBackgrounds,افتح خلفيات حصرية مجانية مع اشتراك Plus.
Feature.Avatar.BackgroundGeneration.Description.ViewExclusiveBackgrounds,استكشِف خلفياتك الحصرية المجانية من اشتراك Plus.
Feature.Avatar.BackgroundGeneration.Error.CouldntPublish,لم يستوفِ العنصر معايير المجتمع
Feature.Avatar.BackgroundGeneration.Error.LimitReached,لقد وصلت إلى الحد الأقصى للاستخدام. حاول مرة أخرى لاحقًا لمواصلة التخصيص.
Feature.Avatar.BackgroundGeneration.Error.LimitReachedDay,لقد وصلت إلى الحد الأقصى للاستخدام. حاول مرة أخرى غدًا لمواصلة التخصيص.
Feature.Avatar.BackgroundGeneration.Error.LimitReachedHour,لقد وصلت إلى الحد الأقصى للاستخدام. حاول مرة أخرى خلال ساعة واحدة لمواصلة التخصيص.
Feature.Avatar.BackgroundGeneration.Error.LimitReachedMinute,لقد وصلت إلى الحد الأقصى للاستخدام. حاول مرة أخرى خلال دقيقة واحدة لمواصلة التخصيص.
Feature.Avatar.BackgroundGeneration.Error.Moderation,هذه المطالبة لا تتبع قواعدنا الإرشادية. حاوِل وصف شيء آخر.
Feature.Avatar.BackgroundGeneration.Error.ModerationFailed,هذه الخلفية لا تتوافق مع معايير مجتمع Roblox، لذا لم تتم إضافتها إلى مقتنياتك. حاول إنشاء خلفية جديدة.
Feature.Avatar.BackgroundGeneration.Error.System,حدث خطأ ما أثناء إنشاء الخلفية. يُرجى المحاولة مرة أخرى.
Feature.Avatar.BackgroundGeneration.Label.CharacterCount,{count}/{max}
Feature.Avatar.BackgroundGeneration.Label.Description,
Feature.Avatar.BackgroundGeneration.Label.ExclusiveWithPlus,حصريًا مع اشتراك Plus
Feature.Avatar.BackgroundGeneration.Label.Name,
Feature.Avatar.BackgroundGeneration.PromptPlaceholder,صِف الخلفية...
Feature.Avatar.BackgroundGeneration.Status.Generating,جارٍ إنشاء الخلفية...
Feature.Avatar.BackgroundGeneration.Status.Preparing,جارٍ تحضير الخلفية...
Feature.Avatar.BackgroundGeneration.Title,إنشاء خلفية
Feature.Avatar.BackgroundGeneration.Title.DiscardDialog,هل تريد الخروج دون النشر؟
Feature.Avatar.BackgroundGeneration.Title.PublishBackground,
Feature.Avatar.BackgroundGeneration.Title.PublishToInventory,النشر في المقتنيات
Feature.Avatar.BackgroundGeneration.Title.UploadBackground,
Feature.Avatar.BackgroundGeneration.Title.UploadToInventory,الرفع إلى المقتنيات
Feature.Avatar.BackgroundGeneration.Tooltip.CreateBackground,أنشئ خلفيات مجانًا مع اشتراك Plus!
Feature.Avatar.BackgroundGeneration.Tooltip.PublishBackground,النشر في مقتنياتك
Feature.Avatar.Backgrounds.Title,الخلفيات
Feature.Avatar.ColorAdjustmentPage.AdjustmentNotAvailableForBody,التعديل غير متاح لنمط الجسد هذا.
Feature.Avatar.ColorAdjustmentPage.Label.SelectDefaultColors,الرجوع إلى ألوان الجسد الأصلية
Feature.Avatar.ColorAdjustmentPage.Title,لون البشرة
Feature.Avatar.ComposerPosting,
Feature.Avatar.Description.MakeupIntroFtux,ابتكِر إطلالة فريدة خاصة بك من خلال تركيبات لا حصر لها من المكياج.
Feature.Avatar.EmoteAlreadyAssigned,هذا Emote تم تعيينه في خانة مسبقًا
Feature.Avatar.Feature.Avatar.BackgroundGeneration.Title,
Feature.Avatar.Feature.DisplayName.ErrorMessage.SomethingWentWrong,
Feature.Avatar.Generic.Error,حدث خطأ ما. الرجاء المحاولة مرة أخرى لاحقًا.
Feature.Avatar.GetInspired,احصل على الإلهام
Feature.Avatar.Header.Post,
Feature.Avatar.Heading.AccessoryAdjustmentTitle,تعديل الأكسسوار
Feature.Avatar.Heading.Active,نشِط
Feature.Avatar.Heading.All,الكل
Feature.Avatar.Heading.Animations,الرسوم المتحركة
Feature.Avatar.Heading.AvatarLooksWidget,الأفاتارات
Feature.Avatar.Heading.BodyParts,أجزاء الجسم
Feature.Avatar.Heading.Clothing,الملابس
Feature.Avatar.Heading.DeleteAssets,حذف الأصول
Feature.Avatar.Heading.DeleteCharacter,حذف هذه الشخصية؟
Feature.Avatar.Heading.DuplicateCharacter,نسخ الشخصية
Feature.Avatar.Heading.Emotes,
Feature.Avatar.Heading.Expired,منتهِ الصلاحية
Feature.Avatar.Heading.Filter,فلتر
Feature.Avatar.Heading.Filters,الفلاتر
Feature.Avatar.Heading.LooksAvatarSaved,تم حفظ الأفاتار!
Feature.Avatar.Heading.LooksCharacterSaved,تم حفظ الشخصية!
Feature.Avatar.Heading.LooksPurchaseFailed,تعذرت عملية الشراء
Feature.Avatar.Heading.LooksPurchasePartialSuccess,نجاح جزئي
Feature.Avatar.Heading.MakeupLookSaved,تم حفظ إطلالة المكياج!
Feature.Avatar.Heading.Manage,إدارة
Feature.Avatar.Heading.MySharedAvatarsTitle,
Feature.Avatar.Heading.Outfits,
Feature.Avatar.Heading.RenameCharacter,
Feature.Avatar.Heading.SaveCostume,حفظ الشخصية
Feature.Avatar.Heading.SelectToUpdate,تحديد للتحديث
Feature.Avatar.Heading.SetLimitReached,تم الوصول إلى الحد الأقصى للمجموعة
Feature.Avatar.Heading.SetNameDuplicate,اسم مكرر
Feature.Avatar.Heading.SetNameNotAllowed,الاسم غير مسموح به
Feature.Avatar.Heading.SetUpdateFailed,تعذَّر تحديث المجموعة
Feature.Avatar.Heading.SharePublicAvatar,مشاركة أفاتارك
Feature.Avatar.Heading.SortBy,ترتيب حسب
Feature.Avatar.Heading.UsedName,الاسم المستخدم
Feature.Avatar.Heading.WearConfirmation,ارتداء العنصر
Feature.Avatar.HeroWidget.BundleTitle,حزمة Korblox Pactbreaker
Feature.Avatar.HeroWidget.CapsuleDescription,ثلاثة إصدارات جديدة من كلاسيكيات Roblox
Feature.Avatar.HeroWidget.CapsulePoolDescription,ثلاثة عناصر جديدة ستُحدث ضجة
Feature.Avatar.HeroWidget.CapsulePoolTitle,حفلة في المسبح
Feature.Avatar.HeroWidget.CapsuleTitle,الكلاسيكيات، بحلّة جديدة
Feature.Avatar.ItemDidNotMeetRobloxCommunityStandards.BodyText,"تمت إزالة العنصر ""{item}"" ضمن الفئة {category} لأنه ينتهك معايير مجتمع Roblox.{lineBreak}تفضل بزيارة صفحة الانتهاكات والاستئنافات لمعرفة المزيد أو لطلب مراجعة أخرى."
Feature.Avatar.ItemDidNotMeetRobloxCommunityStandards.TitleText,لم يستوفِ العنصر معايير مجتمع Roblox
Feature.Avatar.ItemsRemovedFromAvatar.TitleText,تمت إزالة العنصر من الأفاتار
Feature.Avatar.Label,
Feature.Avatar.Label.AbyssBlue,أزرق الأعماق
Feature.Avatar.Label.AbyssBlueDark,أزرق الأعماق (داكن)
Feature.Avatar.Label.AbyssBlueLight,أزرق الأعماق (فاتح)
Feature.Avatar.Label.Accessory,أكسسوار
Feature.Avatar.Label.AccessoryAdjustment.Entry.Tooltip,اضبط مظهر إكسسواراتك.
Feature.Avatar.Label.AccessoryAdjustment.Items.Tooltip,حدِّد عنصرًا لضبطه
Feature.Avatar.Label.AccessoryCannotBeAdjustedWarning,التعديل غير متاح لهذا العنصر.
Feature.Avatar.Label.Add,
Feature.Avatar.Label.AddEdit,إضافة/تحرير
Feature.Avatar.Label.AddManage,إضافة/إدارة
Feature.Avatar.Label.AddManage2,
Feature.Avatar.Label.AllAvatarSets,
Feature.Avatar.Label.AllFolders,
Feature.Avatar.Label.AllHeads,كل الرؤوس
Feature.Avatar.Label.AnimationFullSet,المجموعة الكاملة
Feature.Avatar.Label.AvatarAdjustment,تعديل الأفاتار
Feature.Avatar.Label.AvatarBackground,خلفية الأفاتار
Feature.Avatar.Label.Avatars,
Feature.Avatar.Label.Back,الجزء الخلفي
Feature.Avatar.Label.Backgrounds,
Feature.Avatar.Label.Blocky,مُجسَّم
Feature.Avatar.Label.BodyColorAdvancedView,متقدم
Feature.Avatar.Label.BodyColorAllLimbs,
Feature.Avatar.Label.BodyColorHead,الرأس
Feature.Avatar.Label.BodyColorLeftArm,الذراع اليسرى
Feature.Avatar.Label.BodyColorLeftLeg,الساق اليسرى
Feature.Avatar.Label.BodyColorRightArm,الذراع اليمنى
Feature.Avatar.Label.BodyColorRightLeg,الساق اليمنى
Feature.Avatar.Label.BodyColorStandardView,عادي
Feature.Avatar.Label.BodyColorTorso,الجزء العلوي
Feature.Avatar.Label.BodyParts,أجزاء الجسد: {bodyPart}
Feature.Avatar.Label.BodySize,حجم الجسم
Feature.Avatar.Label.BodyType,نوع الجسم
Feature.Avatar.Label.Bodysuits,البدلات
Feature.Avatar.Label.Bottom,ملابس الجزء السفلي
Feature.Avatar.Label.Bottoms,ملابس سفلية
Feature.Avatar.Label.Build,البنية
Feature.Avatar.Label.BuyAvatarQuestion,هل تريد شراء هذا الأفاتار؟
Feature.Avatar.Label.BuyLookQuestion,هل تريد شراء هذا الزيّ؟
Feature.Avatar.Label.BuyMakeupQuestion,هل ترغب في شراء إطلالة المكياج هذه؟
Feature.Avatar.Label.BuyOutfitLuobuMultiple,الرجاء الإنفاق على الترفيه باعتدال ومسؤولية. هل تريد شراء [{numItems}] (عنصر)؟
Feature.Avatar.Label.BuyOutfitLuobuSingle,الرجاء الإنفاق على الترفيه باعتدال ومسؤولية. هل تريد شراء عنصر [1]؟
Feature.Avatar.Label.BuyOutfitMultiple,هل تريد شراء [{numItems}] من العناصر؟
Feature.Avatar.Label.BuyOutfitSingle,هل تريد شراء عنصر [1]؟
Feature.Avatar.Label.By,بواسطة
Feature.Avatar.Label.ClassicFaces,وجوه كلاسيكية
Feature.Avatar.Label.ClassicHeads,رؤوس كلاسيكية
Feature.Avatar.Label.ClassicPants,بنطال كلاسيكي
Feature.Avatar.Label.ClassicShirts,قمصان كلاسيكية
Feature.Avatar.Label.ClassicTShirts,تي شيرت كلاسيكية
Feature.Avatar.Label.ClearByCategory,مسح {category}
Feature.Avatar.Label.Climb,تسلق
Feature.Avatar.Label.ClimbAnimations,حركة تسلق
Feature.Avatar.Label.CostumeWarning,يمكن أن يحتوي الاسم على حرف وأرقام ومسافات فقط
Feature.Avatar.Label.CountSelected,{itemCount} محددة
Feature.Avatar.Label.Creations,التصاميم
Feature.Avatar.Label.CurrentlyWearing,يرتدي حاليًا
Feature.Avatar.Label.DefaultBody,الجسم الافتراضي
Feature.Avatar.Label.DeleteSetBody,لن يؤدي حذف هذه المجموعة إلى حذف الأزياء الموجودة بداخلها.
Feature.Avatar.Label.Details,التفاصيل ({quantity})
Feature.Avatar.Label.DetailsButton,التفاصيل
Feature.Avatar.Label.DressesAndSkirts,الفساتين والتنانير
Feature.Avatar.Label.DuplicateMakeupLookDialog,"لقد أضفت بالفعل هذه الإطلالة باسم ""{lookName}"". هل تريد إضافتها مرة أخرى؟"
Feature.Avatar.Label.DynamicHead,رأس ديناميكي
Feature.Avatar.Label.DynamicHeads,رؤوس ديناميكية
Feature.Avatar.Label.Emote,Emote
Feature.Avatar.Label.EnterCostumeName,أدخل اسم الشخصية الجديدة
Feature.Avatar.Label.EnterNewCostumeName,أدخل اسمًا جديدً لهذخ الشخصية
Feature.Avatar.Label.EyeMakeup,العيون
Feature.Avatar.Label.Eyebrows,الحواجب
Feature.Avatar.Label.Eyelashes,الرموش
Feature.Avatar.Label.Face,وجه
Feature.Avatar.Label.FaceMakeup,الوجه
Feature.Avatar.Label.FacialAnimation,محرك الوجه
Feature.Avatar.Label.Fall,سقوط
Feature.Avatar.Label.FallAnimations,حركة سقوط
Feature.Avatar.Label.Front,الجزء الأمامي
Feature.Avatar.Label.FullBody,الجسد بالكامل
Feature.Avatar.Label.FullMasks,الأقنعة الكاملة
Feature.Avatar.Label.FullPair,زوج كامل
Feature.Avatar.Label.Gear,عتاد
Feature.Avatar.Label.GenericSetError,حدث خطأ ما. يُرجى المحاولة مرة أخرى.
Feature.Avatar.Label.GetLookQuestion,هل تريد الحصول على هذا الزيّ مجانًا؟
Feature.Avatar.Label.GetOutfitMultiple,هل تريد الحصول على [{numItems}] عناصر مجانية؟
Feature.Avatar.Label.GetOutfitOne,هل تريد الحصول على عنصر واحد مجانيّ؟
Feature.Avatar.Label.Hair,شعر
Feature.Avatar.Label.HandAndArm,اليد والذراع
Feature.Avatar.Label.Hat,قبعة
Feature.Avatar.Label.Head,رأس
Feature.Avatar.Label.HeadBody,الرأس والجسم
Feature.Avatar.Label.HeadRefinement.Adjust.Title,تعديل الرأس
Feature.Avatar.Label.HeadRefinement.Adjust.Tooltip,اضبط الرأس هنا.
Feature.Avatar.Label.HeadRefinement.CombinedCategories.Tooltip,تم دمج جميع الفئات الكلاسيكية الآن في عناصر الرأس
Feature.Avatar.Label.HeadRefinement.DH.Title,أشكال كلاسيكية
Feature.Avatar.Label.HeadRefinement.Description,اختر نمط الرأس لاستخدامه مع وجهك الكلاسيكي.
Feature.Avatar.Label.HeadRefinement.Description.Unsupported,التعديل غير متاح لنمط الرأس هذا.
Feature.Avatar.Label.HeadRefinement.FacialAnimation,
Feature.Avatar.Label.HeadRefinement.Title,شكل الرأس
Feature.Avatar.Label.HeadSize,حجم الرأس
Feature.Avatar.Label.Heads,رؤوس
Feature.Avatar.Label.Idle,سكون
Feature.Avatar.Label.IdleAnimations,هيئة سكون
Feature.Avatar.Label.Jacket,جاكيت
Feature.Avatar.Label.Jackets,
Feature.Avatar.Label.Jump,
Feature.Avatar.Label.JumpAnimations,حركة قفز
Feature.Avatar.Label.LayeredClothingR15Warning,تحديث نوع الجسم إلى R15 لتمكين هذا العنصر.
Feature.Avatar.Label.LayeredClothingSwitchR6Warning,شخصيات R6 لها قيود. إذا أردت التبديل، سيتم إزالة جميع العناصر غير المدعومة.
Feature.Avatar.Label.LeftArm,
Feature.Avatar.Label.LeftArms,
Feature.Avatar.Label.LeftInitial,L
Feature.Avatar.Label.LeftLeg,
Feature.Avatar.Label.LeftLegs,
Feature.Avatar.Label.LeftShoe,الحذاء الأيسر
Feature.Avatar.Label.LeftShoes,الأحذية اليسرى
Feature.Avatar.Label.LipMakeup,الشفاه
Feature.Avatar.Label.LoadingSets,جارٍ تحميل المجموعات
Feature.Avatar.Label.Looks,الإطلالات
Feature.Avatar.Label.Makeup,المكياج
Feature.Avatar.Label.MakeupLayer,طبقة {layerIndex}
Feature.Avatar.Label.MakeupLooks,إطلالات المكياج
Feature.Avatar.Label.ManageItems,إدارة العناصر
Feature.Avatar.Label.Message.BlockingSavePrompt,إذا لم تحفظ الأفاتار الآن، فستفقد كل التغييرات.
Feature.Avatar.Label.Message.DeleteAvatars,لا يمكن التراجع عن هذا الإجراء.
Feature.Avatar.Label.Message.DuplicateAvatar,يبدو أنك حفظت مسبقًا أفاتارًا مماثلاً:
Feature.Avatar.Label.ModerationFailed,تعذر الإشراف
Feature.Avatar.Label.Mood,مزاج
Feature.Avatar.Label.MultiNoLongerAvailableInCollection,لن تكون متاحة في هذه التشكيلة بعد الآن:
Feature.Avatar.Label.MyPostedAvatars.Tooltip,ستكون مجموعة الأفاتار المنشورة متاحة للجميع في المتجر
Feature.Avatar.Label.Name,
Feature.Avatar.Label.Neck,رقبة
Feature.Avatar.Label.Newest,الأحدث
Feature.Avatar.Label.NoExpiredItems,لا توجد {itemType} منتهية الصلاحية
Feature.Avatar.Label.NoItems,ليس لديك {itemType}
Feature.Avatar.Label.NoLongerAvailableInCollection,لن تكون متاحة في هذه التشكيلة بعد الآن
Feature.Avatar.Label.NoSets,لا توجد مجموعات حتى الآن
Feature.Avatar.Label.Outerwear,ملابس خارجية
Feature.Avatar.Label.OutfitIncomplete,الزي الذي أنشأته لم يتم شراؤه بعد ولن يظهر في التجربة
Feature.Avatar.Label.OutfitPurchaseFailure,عذرًا! تعذرت عمليات شراء [{numItems}]!
Feature.Avatar.Label.OutfitPurchaseSuccess,تم شراء [{numItems}] (عنصر)!
Feature.Avatar.Label.PPEEmoteR15Warning,تحديث نوع جسمك إلى R15 لتمكين Emotes وإعطاء أفاتارك وضعية.
Feature.Avatar.Label.PPEFinalBody,سيتم استخدام كلا العرضين كصورة ملفك الشخصي في التطبيق.
Feature.Avatar.Label.PPEFinalHeader,معاينة
Feature.Avatar.Label.PPEFinalSubheader,تبدو جيدة!
Feature.Avatar.Label.PPEFinishedToast,تم تغيير صورة الملف الشخصي!
Feature.Avatar.Label.PPEPositionCameraHeader,تنصيب الكاميرا
Feature.Avatar.Label.PPEViewCloseupButton,معاينة عن قرب
Feature.Avatar.Label.PPEViewFullButton,عرض الأفاتار كاملاً
Feature.Avatar.Label.Pants,بنطلون
Feature.Avatar.Label.PantsClassic,بنطلون كلاسيكي
Feature.Avatar.Label.Photobooth,ركن التصوير
Feature.Avatar.Label.ProfileFrames,الإطارات
Feature.Avatar.Label.ProfileFramesUnlockBanner,افتح الإطارات باستخدام اشتراك Plus
Feature.Avatar.Label.Props,الدعائم
Feature.Avatar.Label.Purchased,
Feature.Avatar.Label.QuickMenuCustomizeTitle,تخصيص الخيارات
Feature.Avatar.Label.QuickMenuLandingPageTitle,خيارات الأفاتار
Feature.Avatar.Label.R15,R15
Feature.Avatar.Label.R6,R6
Feature.Avatar.Label.R6R15,R6/R15
Feature.Avatar.Label.RecentlyWorn,تم ارتداؤها مؤخرًا
Feature.Avatar.Label.RemoveFromSetBody,ستتم إزالة هذه الأفاتارات من هذه المجموعة. ولن يتم حذفها.
Feature.Avatar.Label.Replace,استبدال
Feature.Avatar.Label.ResetToNewCharacter,أنت تبدّل إلى الشخصية الجديدة؛ هل تريد إعادة تعيين جميع عناصر الزي أو تريد الاحتفاظ بها؟
Feature.Avatar.Label.Right,R
Feature.Avatar.Label.RightArm,
Feature.Avatar.Label.RightArms,
Feature.Avatar.Label.RightInitial,
Feature.Avatar.Label.RightLeg,
Feature.Avatar.Label.RightLegs,
Feature.Avatar.Label.RightShoe,الحذاء الأيمن
Feature.Avatar.Label.RightShoes,الأحذية اليمنى
Feature.Avatar.Label.Run,ركض
Feature.Avatar.Label.RunAnimations,حركة ركض
Feature.Avatar.Label.SavedSimilarCharacter,يبدو أنك حفظت مسبقًا شخصية مماثلة:
Feature.Avatar.Label.SavedSimilarCharacterNoName,يبدو أنك حفظت مسبقًا شخصية مماثلة
Feature.Avatar.Label.Scenes,المَشاهد
Feature.Avatar.Label.SearchLandingPage.Title.RecentSearches,عمليات البحث الأخيرة
Feature.Avatar.Label.SearchLandingPage.Title.RecentlyViewedItems,العناصر التي تم عرضها مؤخرًا
Feature.Avatar.Label.SearchLandingPage.Title.RecentlyViewedSearchItems,واصِل التسوّق للعناصر
Feature.Avatar.Label.SelectItem,حدد العنصر
Feature.Avatar.Label.SetAvatarCount,{itemCount} من الأفاتارات
Feature.Avatar.Label.SetLimitReachedBody,يمكنك الحصول على ما يصل إلى {setLimit} من المجموعات فقط. احذف واحدة لإفساح المجال
Feature.Avatar.Label.SetNameDuplicateBody,لديك مجموعة بهذا الاسم بالفعل، اختر اسمًا مختلفًا
Feature.Avatar.Label.SetNameNotAllowedBody,يُرجى اختيار اسم آخر
Feature.Avatar.Label.SharePublicAvatar.Tooltip,نشر مجموعة الأفاتار على المتجر
Feature.Avatar.Label.Shirt,قميص
Feature.Avatar.Label.ShirtClassic,قميص كلاسيكي
Feature.Avatar.Label.Shirts,قمصان
Feature.Avatar.Label.ShoeL,حذاء (القدم اليسرى)
Feature.Avatar.Label.ShoeR,حذاء (القدم اليمنى)
Feature.Avatar.Label.Shoes,أحذية
Feature.Avatar.Label.Shorts,سراويل قصيرة
Feature.Avatar.Label.Shoulder,الكتف
Feature.Avatar.Label.Skin,البشرة
Feature.Avatar.Label.Sweater,سترة
Feature.Avatar.Label.Sweaters,سترات
Feature.Avatar.Label.Swim,سباحة
Feature.Avatar.Label.SwimAnimations,حركة سباحة
Feature.Avatar.Label.SwitchToR15,التبديل إلى R15
Feature.Avatar.Label.TShirt,تي شيرت
Feature.Avatar.Label.TShirtClassic,تي شيرت كلاسيكي
Feature.Avatar.Label.Title.AccessoryAdjustment,تعديل الإكسسوار
Feature.Avatar.Label.Title.AddNewAvatar,إضافة كأفاتار جديد
Feature.Avatar.Label.Title.AddToMyAvatars,إضافة إلى أفاتاراتي
Feature.Avatar.Label.Title.AddToMyMakeupLooks,إضافة إلى إطلالات المكياج الخاصة بي
Feature.Avatar.Label.Title.AvatarName,أدخِل اسم الأفاتار
Feature.Avatar.Label.Title.AvatarSwitcher,أفاتاراتي
Feature.Avatar.Label.Title.BlockingSavePrompt,هل تريد حفظ الأفاتار؟
Feature.Avatar.Label.Title.BodyShape,شكل الجسم
Feature.Avatar.Label.Title.ClothingLayering,ترتيب طبقات الثياب
Feature.Avatar.Label.Title.DeleteMultipleAvatars,هل تريد حذف {count} من الأفاتارات؟
Feature.Avatar.Label.Title.DeleteSingleAvatar,هل تريد حذف هذا الأفاتار؟
Feature.Avatar.Label.Title.DuplicateAvatar,تكرار الأفاتار
Feature.Avatar.Label.Title.Emotes,
Feature.Avatar.Label.Title.HeadAdjustment,
Feature.Avatar.Label.Title.Inventory,المقتنيات
Feature.Avatar.Label.Title.MakeupLayering,ترتيب طبقات المكياج
Feature.Avatar.Label.Title.ManageAvatars,إدارة الأفاتار
Feature.Avatar.Label.Title.MyInventory,مقتنياتي
Feature.Avatar.Label.Title.ProfilePhoto,صورة الملف الشخصي
Feature.Avatar.Label.Title.ReplaceAvatar,استبدال الأفاتار
Feature.Avatar.Label.Title.Save,
Feature.Avatar.Label.Title.SaveToMyAvatars,حفظ في أفاتاراتي
Feature.Avatar.Label.Title.UpdateAvatar,استبدال الأفاتار الحالي
Feature.Avatar.Label.Title.WearAfterPurchase,ارتداء بعد الشراء
Feature.Avatar.Label.Title.WearAndSaveAfterPurchase,ارتداء وحفظ بعد الشراء
Feature.Avatar.Label.Top,ملابس الجزء العلوي
Feature.Avatar.Label.Torso,
Feature.Avatar.Label.Torsos,تورسوس
Feature.Avatar.Label.TropicalRunway,مدرج استوائي
Feature.Avatar.Label.TryOnFail,تعذرت محاولة تجربة العنصر. حاول مرة أخرى لاحقًا.
Feature.Avatar.Label.TryOnManagerDescriptor,المجموع: {numItems} (عنصر)
Feature.Avatar.Label.Unavailable,
Feature.Avatar.Label.UsedNameLong,يبدو أنك استخدمت هذا الاسم من قبل، هل تريد حفظه على أي حال؟
Feature.Avatar.Label.Waist,خصر
Feature.Avatar.Label.Walk,مشي
Feature.Avatar.Label.WalkAnimations,حركة مشي
Feature.Avatar.Label.WholeBody,
Feature.Avatar.Message.AddAvatarAgain,"لقد أضفت بالفعل هذا الأفاتار باسم ""{prevAvatar}"". هل تريد إضافته مرة أخرى؟"
Feature.Avatar.Message.AdjustAndFit,ضبط وتنسيق عناصرك
Feature.Avatar.Message.AlreadyAcquired,لقد حصلت بالفعل على هذا العنصر.
Feature.Avatar.Message.AvatarAdded,"تم إضافة ""{avatarName}"""
Feature.Avatar.Message.AvatarDeleted,تم حذف الأفاتار
Feature.Avatar.Message.AvatarRenamed,تمت إعادة تسمية الأفاتار
Feature.Avatar.Message.AvatarUpdated,"تم تحديث ""{avatarName}"""
Feature.Avatar.Message.BulkDeleteMakeupLook,تم حذف {count} من إطلالات المكياج
Feature.Avatar.Message.CameraFacialAnimationPaused,يتم تعطيل الكاميرا مؤقتًا عند تشغيل Emotes
Feature.Avatar.Message.ClassicHeadAndR6CameraWarning,الرؤوس الكلاسيكية وأفاتار R6 لا يدعمان حركة الوجه
Feature.Avatar.Message.ClearAccessories,سيؤدي هذا إلى إزالة كل الإكسسورات التي ترتديها حاليًا.
Feature.Avatar.Message.ClearAnimations,سيؤدي هذا إلى إزالة كل الحركات التي تستخدمها حاليًا.
Feature.Avatar.Message.ClearBody,سيؤدي هذا إلى إزالة كل ما ترتديه حاليًا تحت الجسد.
Feature.Avatar.Message.ClearClothes,سيؤدي هذا إلى إزالة كل الثياب التي ترتديها حاليًا.
Feature.Avatar.Message.ClearMakeupConfirmation,سيؤدي هذا إلى إزالة كل عناصر المكياج
Feature.Avatar.Message.DeepLinkEquipFailed,العنصر الذي تحاول تجهيزه لم يعد متاحًا
Feature.Avatar.Message.EnhancedAvatarHeads,"تدعم الرؤوس الكلاسيكية الآن حركات الوجه. اعثر على جميع الرؤوس الخاصة بك ضمن قسم ""الرؤوس""، وقم بتعديل شكل الرأس وحركات الوجه في قسم ""تعديل الرأس""."
Feature.Avatar.Message.EquipCostumeConfirmation,لم تحفظ هذه الشخصية. هل أنت متأكد من أنك تريد تبديل الشخصيات؟
Feature.Avatar.Message.ErrorNotAuthorized,لا يُسمح للمستخدم بتنفيذ هذا الإجراء
Feature.Avatar.Message.FTUXSelfieViewClosedTooltip,يمكنك العثور على عناصر التحكم في الكاميرا و المنظور الذاتي هنا
Feature.Avatar.Message.FTUXSelfieViewOpenedTooltip,استخدم كاميرتك لتحريك أفاتارك وتبسّمه كلما تفعل ذلك عادة
Feature.Avatar.Message.FaceNotVisible,الوجه المحدد غير مرئي على هذا الرأس.
Feature.Avatar.Message.FailedAvatarRename,تعذَّرت إعادة تسمية الأفاتار
Feature.Avatar.Message.FailedDeleteCostume,تعذر حذف الملابس.
Feature.Avatar.Message.FailedRenameCostume,تعذرت إعادة تسمية الشخصية
Feature.Avatar.Message.FailedToLoadAvatar,تعذّر تحميل الأفاتار
Feature.Avatar.Message.FailedUpdateOutfit,تعذر تحديث الزي
Feature.Avatar.Message.FailedWritePPE,تعذر تحديث صورة ملفك الشخصي
Feature.Avatar.Message.HatLimitTooltip,يمكنك ارتداء ما يصل إلى 3 قبعات
Feature.Avatar.Message.InvalidAssetsEquipped,بعض العناصر التي تم تجهيزها مسبقًا لم تعد متاحة.
Feature.Avatar.Message.InvalidItem,هذا العنصر غير موجود.
Feature.Avatar.Message.InvalidName,الاسم غير صالح
Feature.Avatar.Message.LCSortClassicWarning,العناصر الكلاسيكية غير قابلة للتحرير
Feature.Avatar.Message.LCSortEntry,ضبط فرز الملابس
Feature.Avatar.Message.LCSortListTooltip,سحب وإسقاط الصورة المصغرة للعنصر لتعديل ترتيب الطبقات
Feature.Avatar.Message.LCSortNoEquipped,لا توجد عناصر ملابس ثلاثية الأبعاد. جهز العنصر أولاً لتعديله
Feature.Avatar.Message.LCSortResetBody,سيتم تجاهل تعديلاتك. هل تريد الإكمال؟
Feature.Avatar.Message.LCSortUnequipBody,هل تريد عدم تجهيز هذا العنصر؟
Feature.Avatar.Message.LayeredMakeupSortNoEquipped,لا توجد عناصر مكياج ذات طبقات مُجهّزة. جهّز عنصرًا للتحرير.
Feature.Avatar.Message.LeaveAccessoryAdjustmentWarning,لم تطبق أي تعديلات. هل أنت متأكد من أنك تريد المغادرة؟
Feature.Avatar.Message.LeavingComposerWithoutSave,في حالة الخروج، لن يتم حفظ التغييرات التي أجريتها.
Feature.Avatar.Message.LooksAvatarSaved,يمكنك دائمًا تحرير اسم الأفاتار في التخصيص
Feature.Avatar.Message.LooksCharacterSaved,يمكنك دائمًا تعديل اسم الشخصية في التخصيص
Feature.Avatar.Message.LooksPurchaseFailedNetworkError,خطأ في الشبكة. الرجاء المحاولة لاحقًا
Feature.Avatar.Message.LooksPurchasePartialSuccessGenericPP,تم شراء [{numSuccessItems}] من العناصر، وتعذّر شراء [{numFailureItems}] من العناصر
Feature.Avatar.Message.LooksPurchasePartialSuccessGenericPS,تم شراء [{numSuccessItems}] من العناصر، وتعذّر شراء العنصر [{numFailureItems}]
Feature.Avatar.Message.LooksPurchasePartialSuccessGenericSP,تم شراء العنصر [{numSuccessItems}]، وتعذّر شراء [{numFailureItems}] من العناصر
Feature.Avatar.Message.LooksPurchasePartialSuccessGenericSS,
Feature.Avatar.Message.LooksPurchaseSuccessPlural,تم شراء [{numItems}].
Feature.Avatar.Message.LooksPurchaseSuccessSingular,
Feature.Avatar.Message.MakeupLookAdded,تمت إضافة إطلالة المكياج
Feature.Avatar.Message.MakeupLookRenamed,تمت إعادة تسمية إطلالة المكياج
Feature.Avatar.Message.MakeupLookSaved,يمكنك دائمًا تعديل اسم إطلالة المكياج في التخصيص
Feature.Avatar.Message.MakeupLookUpdated,تم تحديث إطلالة المكياج
Feature.Avatar.Message.MakeupSortNoEquipped,لا توجد عناصر مكياج مُجهّزة. جهّز عنصرًا للتحرير
Feature.Avatar.Message.MakeupSortResetBody,سيتم تجاهل التعديل الخاص بك. هل مازلت تريد المضي قدمًا؟
Feature.Avatar.Message.MakeupSortUnequipBody,هل ترغب في ترك هذا العنصر؟
Feature.Avatar.Message.ModerationFailed,لم يستوفِ أفاتار واحد أو أكثر القواعد الإرشادية لمجتمعنا.
Feature.Avatar.Message.MultiAvatarDeleted,تم حذف الأفاتارات
Feature.Avatar.Message.NewControlLocationFullBody,"يمكن العثور على الأجساد الكاملة (الشخصيات التي تم شراؤها سابقًا) الآن ضمن موضع ""الجسد بالكامل""."
Feature.Avatar.Message.NewControlLocationProfile,"ستجد صورة الملف الشخصي الآن في ""قائمة المزيد"""
Feature.Avatar.Message.NewCustomize,أصبح الآن تصميم أفاتارك أسرع وأسهل من أي وقت مضى. تم تحريك بعض العناصر من أماكنها، لذا اضغط عليها واكتشف التحديثات.
Feature.Avatar.Message.NoAccessoriesEquipped,لا تتوفر أكسسوارات قابلة للتعديل.
Feature.Avatar.Message.OutfitCleared,تم مسح الزيّ
Feature.Avatar.Message.PostToMarketplaceTooltip,سيتم نشر منشورك علنًا في المتجر
Feature.Avatar.Message.R15AnimationsPrompt,تحديث نوع جسمك إلى R15 لتمكين الرسوم المتحركة.
Feature.Avatar.Message.R15EmotesPrompt,تحديث نوع جسمك إلى R15 لتمكين Emotes.
Feature.Avatar.Message.R15StylesPrompt,تحديث نوع جسمك إلى R15 لتخصيص أنماط الجسم.
Feature.Avatar.Message.ReachedMaxOutfits,لقد وصلت إلى الحد الأقصى لعدد الملابس.
Feature.Avatar.Message.RenameCostumeSuccess,تم تسميتها!
Feature.Avatar.Message.ResetAdjustment,
Feature.Avatar.Message.RestoredLastSaved,تمت استعادة الأفاتار المحفوظ آخر مرة
Feature.Avatar.Message.RevertToDefault,هل تريد إرجاع صورة ملفك الشخصي إلى المظهر الافتراضي؟
Feature.Avatar.Message.SaveFailure,لا يمكن حفظ الأفاتار. يُرجى إعادة المحاولة لاحقًا.
Feature.Avatar.Message.SaveSuccess,تم حفظ الأفاتار
Feature.Avatar.Message.SaveSuccessWithInvalidAssets,تم حفظ الأفاتار. يُرجى العلم بأنه تمت إزالة بعض العناصر لأنها غير متاحة في الوقت الحالي.
Feature.Avatar.Message.SaveThrottled,يُرجى الانتظار بضع ثوانٍ قبل محاولة الحفظ مرة أخرى
Feature.Avatar.Message.SelectEmote,حدد emote لإعطاء أفاتارك وضعية!
Feature.Avatar.Message.ShareAvatarWithCommunity,انشر مجموعة الأفاتار على المتجر
Feature.Avatar.Message.ShareAvatarWithCommunityDisclaimer,يمكن الوصول إلى الروابط بمجرد اكتمال عملية الإشراف
Feature.Avatar.Message.SharePublicAvatar,شارك أفاتارك على وسائل التواصل الاجتماعي لتعزيز وصولك وإظهار مستوى إبداعك
Feature.Avatar.Message.TryOnCameraHeadWarning,الرأس الكلاسيكي لا يدعم حركة الوجه
Feature.Avatar.Message.UnknownErrorCreatingMakeupLook,حدث خطأ غير معروف. لم يتم إنشاء إطلالة المكياج.
Feature.Avatar.Message.UnknownErrorCreatingOutfit,حدث خطأ غير معروف. لم يتم إنشاء الزيّ.
Feature.Avatar.Message.UpdateOutfitSuccess,تم التحديث!
Feature.Avatar.Message.UpdateRequired,يتعين عليك التحديث. لعرض هذا العنصر، يرجى تحديث Roblox إلى أحدث إصدار.
Feature.Avatar.Placeholder.NameYourAvatar,تعيين اسم لأفاتارك
Feature.Avatar.Placeholder.WriteAvatarCaption,كتابة تسمية توضيحية لأفاتارك (اختياري)
Feature.Avatar.RevokedItems.BodyText,"تمت إزالة العنصر ""{item}"" ضمن الفئة {category} من هذا الأفاتار المحفوظ، لذلك رددنا المبلغ الأصلي الذي دفعته.{lineBreak}يمكنك معاينة صندوق الوارد للحصول على مزيد من التفاصيل."
Feature.Avatar.RevokedItems.BodyTextMultiple,تمت إزالة العناصر التالية من هذا الأفاتار المحفوظ، لذلك رددنا المبلغ الأصلي الذي دفعته.{lineBreak}{items}{lineBreak}يمكنك معاينة صندوق الوارد للحصول على مزيد من التفاصيل.
Feature.Avatar.RevokedItems.ViewInbox,معاينة صندوق الوارد
Feature.Avatar.SetNameDuplicate,
Feature.Avatar.Text.MakeupLayeringTooltip,رتّبي مكياجك على طبقات
Feature.Avatar.Title.AvatarRefinement,تحسين الأفاتار
Feature.Avatar.Title.BulkDeleteMakeupLooks,هل تريد حذف {count} من إطلالات المكياج؟
Feature.Avatar.Title.BuyAvatar,شراء الأفاتار
Feature.Avatar.Title.BuyMakeup,شراء إطلالة المكياج
Feature.Avatar.Title.BuyOutfit,شراء الزيّ
Feature.Avatar.Title.ClearAccessoriesConfirmation,هل تريد مسح كل الإكسسورات؟
Feature.Avatar.Title.ClearAnimationsConfirmation,هل تريد مسح كل الحركات؟
Feature.Avatar.Title.ClearBodyConfirmation,هل تريد مسح الجسد؟
Feature.Avatar.Title.ClearClothesConfirmation,هل تريد مسح كل الثياب؟
Feature.Avatar.Title.ClearMakeupConfirmation,هل تريد مسح كل المكياج؟
Feature.Avatar.Title.CreateSet,
Feature.Avatar.Title.DeleteSet,
Feature.Avatar.Title.DuplicateMakeupLook,تكرار الإطلالة
Feature.Avatar.Title.EnhancedAvatarHeads,رؤوس أفاتار محسّنة
Feature.Avatar.Title.FindYourStyle,ابحث عن أسلوبك
Feature.Avatar.Title.GetOutfit,احصل على زيّ
Feature.Avatar.Title.LCSortPage,فرز الملابس
Feature.Avatar.Title.LCSortReset,إعادة تعيين إلى الافتراضي
Feature.Avatar.Title.LCSortUnequip,عدم تجهيز العنصر
Feature.Avatar.Title.LayeredMakeupSortPage,
Feature.Avatar.Title.LooksWidget,أزياء قد تعجبك
Feature.Avatar.Title.MakeupIntroFtux,نقدم لك ميزة المكياج
Feature.Avatar.Title.MakeupSortPage,
Feature.Avatar.Title.MakeupSortReset,إعادة التعيين إلى الافتراضي
Feature.Avatar.Title.MakeupSortUnequip,ترك العنصر
Feature.Avatar.Title.Move,نقل
Feature.Avatar.Title.NameAvatarOutfit,
Feature.Avatar.Title.NewCustomizeLook,ميزات التخصيص تظهر بواجهة جديدة!
Feature.Avatar.Title.NewToMarketplaceItemWidget,جديد المتجر
Feature.Avatar.Title.OutfitIncomplete,الزي غير مكتمل
Feature.Avatar.Title.Preview,
Feature.Avatar.Title.RemoveFromSet,
Feature.Avatar.Title.RenameMakeupLook,إعادة تسمية إطلالة المكياج
Feature.Avatar.Title.RenameSet,
Feature.Avatar.Title.ResetToDefault,
Feature.Avatar.Title.ResetToNewCharacter,شخصية جديدة
Feature.Avatar.Title.RevertToDefault,
Feature.Avatar.Title.SaveMakeupLook,تعيين اسم لإطلالتك
Feature.Avatar.Title.SavedAvatarsLocation,ستجد أفاتاراتك المحفوظة هنا
Feature.Avatar.Title.SelectEmoteForAvatar,تحديد emote لإعطاء أفاتارك وضعية
Feature.Avatar.Title.SelectMakeupLookForUpdate,تحديد إطلالة مكياج
Feature.Avatar.Title.SelectMakeupLooks,تحديد الإطلالات
Feature.Avatar.Title.SelectSet,تحديد المجموعة
Feature.Avatar.Title.SingleDeleteOutfit,"هل تريد حذف ""{outfitName}""؟"
Feature.Avatar.Title.TrendingItemWidget,عناصر دارجة
Feature.Avatar.Title.TrendingLooksWidget,الأنماط الرائجة
Feature.Avatar.Title.UnsavedChanges,التغييرات غير محفوظة
Feature.Avatar.Title.UpdateMakeupLook,هل تريد تحديث هذه الإطلالة؟
Feature.Avatar.Title.YourTryOns,تجريباتك
Feature.Avatar.Toast.AvatarCaptionExceedMaximum,الحد الأقصى لطول التسمية التوضيحية هو 1000 حرف
Feature.Avatar.Toast.AvatarPostSuccessfully,تم النشر بنجاح
Feature.Avatar.Toast.AvatarTitleExceedMaximum,الحد الأقصى لطول العنوان هو 50 حرفًا فقط
Feature.Avatar.Toast.ComposeWithoutClothing,يجب أن يرتدي الأفاتار عنصر ملابس أو إكسسوار واحد على الأقل
Feature.Avatar.Toast.MaxOutfitsSelected,يمكنك تحديد ما يصل إلى {maxSelectCount} فقط
Feature.Avatar.Toast.PostWithParticleEffect,ستظهر تأثيرات العناصر الصغيرة في الصورة المصغرة النهائية بعد نشرها
Feature.Avatar.Tooltip.CustomizeOverhaulSubcategories,اضغط هنا لتغيير الفئات
Feature.Avatar.UnavailableItems.BodyText,"العنصر {category} ""{item}"" قيد المراجعة وغير متاح حاليًا.{lineBreak}إذا تمت إزالة العنصر من منصة Roblox، فسوف تسترد المبلغ المدفوع في غضون أسبوع."
Feature.Avatar.UnavailableItems.BodyTextMultiple,العناصر التالية قيد المراجعة وغير متاحة حاليًا.{lineBreak}{items}{lineBreak}إذا تمت إزالة العنصر من منصة Roblox، فسوف تسترد المبلغ المدفوع في غضون أسبوع.
Feature.Avatar.UnavailableItems.ConfirmText,
Feature.Avatar.UnavailableItems.TitleText,العنصر غير متاح
Feature.Avatar.tooltip.ExpiredItemsFilter,البحث عن العناصر منتهية الصلاحية من الخيارات المحددة بالوقت
Feature.AvatarSwitcher.Action.Continue,
Feature.AvatarSwitcher.Action.OK,
Feature.AvatarSwitcher.Action.Respawn,إعادة الظهور
Feature.AvatarSwitcher.Action.RespawnLater,حفظ لإعادة الظهور التالي
Feature.AvatarSwitcher.Heading.AvatarSwitchedConfirmation,"تم تبديل الأفاتار إلى ""{avatarName}"""
Feature.AvatarSwitcher.Heading.PresetAvatars,تستخدم هذه التجربة أفاتارات مُعدة مسبقًا
Feature.AvatarSwitcher.Heading.RespawnToSwitch,إعادة الظهور لتغيير الأفاتار
Feature.AvatarSwitcher.Heading.SwitchAvatar,تبديل الأفاتار
Feature.AvatarSwitcher.Heading.UnknownSupport,قد تستخدم هذه التجربة أفاتارات مُعدة مسبقًا
Feature.AvatarSwitcher.Heading.Unsupported,لا تدعم هذه التجربة أفاتارات Roblox
Feature.AvatarSwitcher.Label.RespawnLater,أو احفظه لاستخدامه عند إعادة الظهور لاحقًا. سيتم تحديث أفاتارك في جميع أنحاء منصة Roblox.
Feature.AvatarSwitcher.Message.AddAvatars,"يمكنك إضافة المزيد من الأفاتارات في علامة التبويب ""تخصيص""."
Feature.AvatarSwitcher.Message.ExpiredItems,يحتوي الأفاتار على عناصر منتهية الصلاحية
Feature.AvatarSwitcher.Message.NoAvatars,لا توجد أفاتارات متاحة
Feature.AvatarSwitcher.Message.PartiallyUnsupported,لا تدعم هذه التجربة بعض أجزاء هذا الأفاتار.
Feature.AvatarSwitcher.Message.RespawnNotAllowed,لا تسمح هذه التجربة بإعادة الظهور حاليًا. سترى الأفاتار المُحدَّث بعد إعادة الظهور أو بعد الخروج من التجربة أو الانضمام إلى تجربة أخرى.
Feature.AvatarSwitcher.Message.SelectAvatar,حدّد أفاتارًا
Feature.AvatarSwitcher.Message.SwitchingDeferred,سترى هذه الصورة الرمزية بعد إعادة الظهور التالية، أو عند الانضمام إلى تجربة. يمكنك التبديل إلى صورة رمزية مختلفة في أي وقت.
Feature.AvatarSwitcher.Message.UnknownSupport,لا يزال بإمكانك تبديل الأفاتار، لكن قد لا يظهر بشكل صحيح في هذه التجربة.
Feature.AvatarSwitcher.Message.Unsupported,تستخدم هذه التجربة أفاتارًا مخصصًا ولا تدعم أفاتارات منصة Roblox.
Feature.BiometricChallenge.Action.Cancel,
Feature.BiometricChallenge.Action.Continue,
Feature.BiometricChallenge.Content.LivenessHostedPrompt,افتح متصفح الويب الخارجي والتقط صورة سيلفي سريعة لتأكيد أنك لست روبوتًا.
Feature.BiometricChallenge.Content.Loading,جارٍ التحميل...
Feature.BiometricChallenge.Content.QRHelpFull,{prompt} قم بتنزيل تطبيق Roblox على جهازك المحمول وأعد المحاولة من هناك.
Feature.BiometricChallenge.Content.QRHelpPrompt,هل يتعذَّر إجراء المسح الضوئي؟
Feature.BiometricChallenge.Content.ScanQR,امسح كود QR هذا باستخدام هاتفك أو جهازك اللوحي لإلغاء قفل حسابك.
Feature.BiometricChallenge.Title.ConfirmHuman,أكّد أنك لست روبوتًا
Feature.BiometricChallenge.Title.QRHandoff,أكّد أنك لست روبوتًا باستخدام تطبيق الهاتف الجوَّال
Feature.BlockingModal.Action.Block,
Feature.BlockingModal.Action.BlockAndReport,حظر وإبلاغ
Feature.BlockingModal.Action.Cancel,
Feature.BlockingModal.Heading.BlockUser,هل تريد حظر {DisplayName}؟
Feature.BlockingModal.Message.BlockConfirmation,سيؤدي حظر هذا المستخدم إلى إزالته من قائمة جهات تواصلك أو متابعيك، ولن يتمكّن من إرسال أي رسائل أو طلبات أو دعوات إليك.<br /><br />لن يتم إعلامه بأنك قمت بحظره.
Feature.BlockingModal.Message.BlockConfirmation.FriendsRename,سيؤدي حظر هذا المستخدم إلى إزالته من قائمة أصدقائك أو متابعيك، ولن يتمكَّن من إرسال أي رسائل أو طلبات أو دعوات إليك.<br /><br />لن يتم إعلامه بأنك قمت بحظره.
Feature.Build.Action.Add,
Feature.Build.Action.AddFriends,إضافة أصدقاء
Feature.Build.Action.AddPlaytester,إضافة مختبر لعب
Feature.Build.Action.AddPlaytesters,إضافة مختبري لعب
Feature.Build.Action.AddToPlaytest,إضافة إلى اختبار اللعب
Feature.Build.Action.Approve,موافقة
Feature.Build.Action.Archive,أرشفة
Feature.Build.Action.ArchiveGame,أرشفة اللعبة
Feature.Build.Action.Build,
Feature.Build.Action.Buy,شراء
Feature.Build.Action.BuyRobux,شراء عملات Robux
Feature.Build.Action.Cancel,
Feature.Build.Action.CopyText,نسخ النص
Feature.Build.Action.Create,
Feature.Build.Action.CreateDeveloperProduct,
Feature.Build.Action.Delete,
Feature.Build.Action.Dismiss,
Feature.Build.Action.DontAskAgain,عدم السؤال مرة أخرى
Feature.Build.Action.DontShowAgain,عدم الإظهار مرة أخرى
Feature.Build.Action.EarnRobux,اربح عملات Robux
Feature.Build.Action.Edit,تحرير
Feature.Build.Action.HideAutosaved,إخفاء ما تم حفظه تلقائيًا
Feature.Build.Action.ManageLimit,إدارة الحد
Feature.Build.Action.Next,
Feature.Build.Action.NotNow,
Feature.Build.Action.NotifyMe,قم بإشعاري
Feature.Build.Action.OK,
Feature.Build.Action.OpenSettings,فتح الإعدادات
Feature.Build.Action.Play,تشغيل
Feature.Build.Action.Playtest,اختبار اللعب
Feature.Build.Action.Preview,
Feature.Build.Action.Publish,
Feature.Build.Action.PublishLatest,نشر الإصدار الأحدث
Feature.Build.Action.Reject,رفض
Feature.Build.Action.Restore,استعادة
Feature.Build.Action.Resume,استئناف
Feature.Build.Action.Retry,
Feature.Build.Action.Revert,تراجع
Feature.Build.Action.Save,
Feature.Build.Action.SetDailyLimit,تعيين حد يومي
Feature.Build.Action.SetLimit,تعيين الحد
Feature.Build.Action.Settings,
Feature.Build.Action.Share,
Feature.Build.Action.ShareLink,مشاركة الرابط
Feature.Build.Action.ShowMore,
Feature.Build.Action.Stats,الإحصائيات
Feature.Build.Action.Submit,
Feature.Build.Action.UpdateRating,تحديث التصنيف
Feature.Build.Action.UpdateWithChanges,التحديث بالتغييرات
Feature.Build.Action.View,
Feature.Build.Action.ViewUsage,عرض الاستخدام
Feature.Build.Analytics.AnalyzeChatPrompt,ما هي مقاييس {analyzeName} خلال {days} من الأيام الماضية؟
Feature.Build.Analytics.AnalyzeName.Arppu,متوسط العائد لكل مستخدم يقوم بالدفع
Feature.Build.Analytics.AnalyzeName.D1Retention,الاحتفاظ في اليوم الأول
Feature.Build.Analytics.AnalyzeName.DailyActiveUsers,المستخدمون النشطون يوميًا
Feature.Build.Analytics.AnalyzeName.PayerConversion,التحويل إلى دافعين
Feature.Build.Analytics.AnalyzeName.PlaythroughRate,معدل إكمال جلسة اللعب
Feature.Build.Analytics.AnalyzeName.TotalPlaytime,إجمالي مدة اللعب
Feature.Build.Analytics.Description.Arppu,"يُقسّم ""متوسط العائد لكل مستخدم يقوم بالدفع"" إجمالي عملات Robux المكتسبة على عدد اللاعبين الدافعين. وهو يوضح متوسط ما ينفقه كل مشتري."
Feature.Build.Analytics.Description.D1Retention,"يقيس ""الاحتفاظ في اليوم الأول"" عدد اللاعبين لأول مرة الذين يرجعون بعد يوم واحد. وهو مؤشر مبكر لمدى جاذبية تجربتك."
Feature.Build.Analytics.Description.DailyActiveUsers,"يحسب ""المستخدمون النشطون يوميًا"" عدد اللاعبين الفريدين الذين يفتحون تجربتك يوميًا. تتبّع هذا المؤشر لمعرفة عدد الأشخاص الذين يواصلون الرجوع ولرصد حالات النمو أو التراجع."
Feature.Build.Analytics.Description.PayerConversion,"""التحويل إلى دافعين"" هو النسبة المئوية للاعبين الذين أنفقوا عملات Robux في تجربتك. استخدمه لقياس مدى نجاح نظام الحصول على عائد في تحويل اللاعبين إلى مشترين."
Feature.Build.Analytics.Description.PlaythroughRate,"""معدل إكمال جلسة اللعب"" هو النسبة المئوية لعدد الزيارات التي أكملت جلسة لعب كاملة. وتشير المعدلات الأعلى إلى أن اللاعبين يجدون تجربتك سهلة الاندماج وتستحق الإنهاء."
Feature.Build.Analytics.Description.TotalPlaytime,"""إجمالي مدة اللعب"" هو مجموع الوقت الذي قضاه جميع اللاعبين في تجربتك خلال الفترة. وعادةً ما يشير ارتفاع مدة اللعب إلى جلسات أكثر تفاعلًا."
Feature.Build.Analytics.DurationHours,{number} من الساعات
Feature.Build.Analytics.KeyStats,الإحصاءات الرئيسية
Feature.Build.Analytics.LastMonth,الشهر الماضي
Feature.Build.Analytics.LastWeek,
Feature.Build.Analytics.Likes,الإعجابات
Feature.Build.Analytics.Month.Apr,أبر
Feature.Build.Analytics.Month.Aug,أغس
Feature.Build.Analytics.Month.Dec,ديس
Feature.Build.Analytics.Month.Feb,فبر
Feature.Build.Analytics.Month.Jan,ينا
Feature.Build.Analytics.Month.Jul,يول
Feature.Build.Analytics.Month.Jun,يون
Feature.Build.Analytics.Month.Mar,مار
Feature.Build.Analytics.Month.May,ماي
Feature.Build.Analytics.Month.Nov,نوف
Feature.Build.Analytics.Month.Oct,أكت
Feature.Build.Analytics.Month.Sep,سبم
Feature.Build.Analytics.NoData,لا توجد أي بيانات متاحة
Feature.Build.Analytics.Overview,نظرة عامة
Feature.Build.Analytics.Percent,{number}%
Feature.Build.Analytics.Players,اللاعبون
Feature.Build.Analytics.Sheet.Analyze,تحليل
Feature.Build.Analytics.Sheet.ViewInOverview,عرض في نظرة عامة
Feature.Build.Analytics.Summary.Arppu,متوسط عملات Robux المكتسبة لكل لاعب يقوم بالدفع.
Feature.Build.Analytics.Summary.D1Retention,نسبة اللاعبين الجدد الذين يرجعون في اليوم التالي.
Feature.Build.Analytics.Summary.DailyActiveUsers,اللاعبون الفريدون الذين انضموا خلال الفترة المحددة.
Feature.Build.Analytics.Summary.PayerConversion,نسبة اللاعبين الذين أجروا عمليات شراء.
Feature.Build.Analytics.Summary.PlaythroughRate,نسبة الجلسات التي أتمت جولة لعب كاملة.
Feature.Build.Analytics.Summary.TotalPlaytime,إجمالي الساعات التي قضاها اللاعبون في تجربتك.
Feature.Build.Analytics.Title.Arppu,ARPPU
Feature.Build.Analytics.Title.ConcurrentUsers,إجمالي اللاعبين
Feature.Build.Analytics.Title.D1Retention,احتفاظ يوم 1
Feature.Build.Analytics.Title.DailyActiveUsers,
Feature.Build.Analytics.Title.PayerConversion,تحويل إلى دافعين
Feature.Build.Analytics.Title.PlaythroughRate,
Feature.Build.Analytics.Title.TotalPlaytime,
Feature.Build.Analytics.Visits,الزيارات
Feature.Build.Content.NewGame,لعبة جديدة
Feature.Build.Description.ActivateDeveloperProduct,طرح منتج المطوّر {PRODUCT_ID} للبيع.
Feature.Build.Description.AdCampaignModerationReview,تتم مراجعة جميع الحملات الإعلانية من قِبل فريق الإشراف لدى منصّة Roblox. قد تستغرق هذه العملية ما يصل إلى 24 ساعة.
Feature.Build.Description.AdCampaignSheetRunDates,سيتم تشغيل حملتك من {startDate} إلى {endDate}
Feature.Build.Description.AdvertisingAgreement,من خلال المتابعة، فإنك توافق على {advertisingTermsStart}شروط الإعلان{advertisingTermsEnd} و{advertisingStandardsStart}معايير الإعلان{advertisingStandardsEnd} لدى منصّة Roblox.
Feature.Build.Description.ArchiveRemoval,إذا قمت بأرشفة هذه اللعبة، فستتم إزالتها من ميزة Build. سيظل بإمكانك الوصول إليها واستعادتها من مركز المصمم أو من Roblox Studio.
Feature.Build.Description.AutoBuyUsage,استخدم عملات Robux لشراء المزيد من استخدام ميزة Build تلقائيًا أثناء الإنشاء. يمكنك تعيين حد الإنفاق اليومي في أي وقت.
Feature.Build.Description.BoostAudienceForPlays,زوِّد أعداد جمهورك لتحقيق المزيد من عمليات التشغيل.
Feature.Build.Description.BuildIdeaGame,حوّل أفكارك إلى لعبة
Feature.Build.Description.BuildReplyNotif,احصل على إشعار عندما يكون لدى ميزة Build رد لك.
Feature.Build.Description.BuyRobuxToCreate,اشترِ المزيد من عملات Robux لمواصلة الإنشاء، أو انتظر حتى تتم إعادة تعيين استخدام ميزة Build المجاني غدًا.
Feature.Build.Description.BuyUsageOrWait,اشترِ المزيد من استخدام ميزة Build باستخدام عملات Robux، أو انتظر حتى تتم إعادة تعيين الحد اليومي.
Feature.Build.Description.CampaignRunDates,
Feature.Build.Description.ChoosePlaytesters,اختر الأصدقاء لمساعدتك في اختبار اللعب.
Feature.Build.Description.CreateDeveloperProduct,"إنشاء ""{NAME}"" مقابل {PRICE} من عملات Robux، غير معروض للبيع."
Feature.Build.Description.DeactivateDeveloperProduct,إيقاف بيع منتج المطوّر {PRODUCT_ID}.
Feature.Build.Description.EarnedRobuxAppliedFirst,إذا كنت قد ربحت عملات Robux، فسيتم تطبيقها أولًا لتغطية تكلفة الحملة الإعلانية.
Feature.Build.Description.EnableBuildNotifs,يمكنك تشغيل الإشعارات من إعدادات جهازك للحصول على التحديثات من ميزة Build.
Feature.Build.Description.FriendsLinkOnly,يمكن فقط لأصدقائك الوصول إلى هذا الرابط. غيّر إعدادات الجمهور للعبتك إذا كنت تريد أن يلعبها المزيد من الأشخاص.
Feature.Build.Description.GameCreationDone,لقد أكملت إنشاء لعبتك ونشرها. يمكنك فتحها لاختبار اللعب.
Feature.Build.Description.GameSavedPlaytest,لقد أكملتُ إنشاء لعبتك وحفظت إصدارًا جديدًا. يمكنك فتحها لاختبار اللعب.
Feature.Build.Description.HubSettings,يمكنك إدارة جميع الإعدادات في مركز المصمم
Feature.Build.Description.InviteFriendLimit,اختر ما يصل إلى {MAX_INVITES} من الأصدقاء، ثم شارك رابط اللعبة.
Feature.Build.Description.MakeAudienceAvail,انشر تجربتك لتكون متاحة لهذا الجمهور.
Feature.Build.Description.ManageAppearance,يمكنك إدارة كيفية ظهور لعبتك للآخرين.
Feature.Build.Description.ManageDeveloperProduct,إدارة منتج المطوّر.
Feature.Build.Description.NoMonetizationProducts,صِف عنصرًا ترغب في إنشائه لبدء كسب عملات Robux في لعبتك
Feature.Build.Description.PlayAfterPublish,اختر من يمكنه اللعب بعد نشر هذه التجربة.
Feature.Build.Description.PlaytestLatest,أنت تختبر اللعب لأحدث إصدار لديك. انشره عندما تكون مستعدًا لمشاركته.
Feature.Build.Description.PlaytestLocked,يمكنك بدء اختبار اللعب بعد إنشاء لعبتك الأولى.
Feature.Build.Description.PlaytesterAccess,أضف الأصدقاء كمختبري لعب أو غيّر إعدادات الجمهور للعبتك للسماح للمزيد من الأشخاص باللعب.
Feature.Build.Description.PrivateShare,غيّر إعدادات الجمهور للعبتك لمشاركتها.
Feature.Build.Description.PromoteGameWithAdCampaign,زوِّد أعداد جمهورك من خلال حملة إعلانية لمدة {durationDays} من الأيام واجعل لعبتك متاحة للاكتشاف.
Feature.Build.Description.RaiseLimitOrWait,قم بزيادة الحد اليومي لديك من عملات Robux لمواصلة الإنشاء، أو انتظر حتى تتم إعادة تعيينه غدًا.
Feature.Build.Description.RatingAgreement,من خلال النشر، فإنك توافق على دقة تصنيف هذا المحتوى.
Feature.Build.Description.RestoreLatest,سيصبح هذا الإصدار أحدث إصدار منشور لك.
Feature.Build.Description.RevertToVersion,تأكيد التراجع عن التغيير الأخير والرجوع إلى {VERSION}.
Feature.Build.Description.ShareLatest,شارك التغييرات التي أُجريت على أحدث إصدار لديك.
Feature.Build.Description.UpdateDeveloperProduct,تحديث منتج المطوّر {PRODUCT_ID}.
Feature.Build.Description.VersionChanges,أخبر اللاعبين بما تغير في هذا الإصدار.
Feature.Build.Error.DeveloperProductDescriptionTooLong,يجب أن يتكون الوصف من 1000 حرفٍ أو أقل.
Feature.Build.Error.DeveloperProductNameRequired,أدخل اسم المنتج.
Feature.Build.Error.DeveloperProductNameTooLong,يجب أن يتكون الاسم من 50 حرفًا أو أقل.
Feature.Build.Error.DeveloperProductPriceInvalid,"ينبغي أن يكون السعر عددًا صحيحًا من 1 إلى 1,000,000,000 من عملات Robux."
Feature.Build.Error.DeveloperProductTextModerated,تم تغيير نص هذا المنتج من قِبل فريق الإشراف لدى منصّة Roblox. جرّب صياغة مختلفة.
Feature.Build.Header.AccessSharing,إمكانية الوصول والمشاركة
Feature.Build.Header.AllVersions,جميع الإصدارات
Feature.Build.Header.ContentMaturity,حساسية المحتوى
Feature.Build.Header.CustomAnswer,إجابة مخصصة
Feature.Build.Header.GameDetails,تفاصيل اللعبة
Feature.Build.Header.Overview,
Feature.Build.Header.PastCampaigns,الحملات السابقة
Feature.Build.Header.UpdateDetails,تحديث التفاصيل
Feature.Build.Label.Access,الوصول
Feature.Build.Label.AdClicks,عدد مرات الضغط على الإعلان
Feature.Build.Label.AdViews,عدد مرات عرض الإعلان
Feature.Build.Label.AdditionalUsage,استخدام إضافي لميزة Build
Feature.Build.Label.AdditionalUsed,تم استخدام {USED} من {LIMIT}
Feature.Build.Label.AdsManager,إدارة الإعلانات
Feature.Build.Label.All,
Feature.Build.Label.AmountAvailable,الاستخدام المتاح: {AMOUNT}
Feature.Build.Label.Autosaved,تم الحفظ تلقائيًا
Feature.Build.Label.Available,المتاح
Feature.Build.Label.AvailableForPurchase,متاح للشراء
Feature.Build.Label.BackToBuild,الرجوع إلى البناء
Feature.Build.Label.Building,جارٍ البناء...
Feature.Build.Label.CaptureLibrary,مكتبة اللقطات
Feature.Build.Label.CaptureSelectionCount,تم تحديد {SELECTED_COUNT} من أصل {MAX_SELECTIONS}
Feature.Build.Label.ContentRating,تصنيف المحتوى
Feature.Build.Label.Created,تم الإنشاء
Feature.Build.Label.CreatedDate,{MONTH} {DAY}، {YEAR}
Feature.Build.Label.CreatorHub,مركز المصمم
Feature.Build.Label.DateRange,{startDate} – {endDate}
Feature.Build.Label.DefaultDeveloperProduct,المنتج {PRODUCT_ID}
Feature.Build.Label.DefaultDeveloperProductName,منتج المطوّر
Feature.Build.Label.Deleted,تم الحذف
Feature.Build.Label.DescribeIdea,صِف فكرتك
Feature.Build.Label.Description,
Feature.Build.Label.DeveloperProductDescription,الوصف: {DESCRIPTION}
Feature.Build.Label.DeveloperProductName,"الاسم: ""{NAME}"""
Feature.Build.Label.DeveloperProductPrice,السعر: {PRICE} من عملات Robux
Feature.Build.Label.DeveloperProductPriceUnavailable,?
Feature.Build.Label.Done,
Feature.Build.Label.EasyPerformanceReport,تقرير أداء مبسط
Feature.Build.Label.Error,
Feature.Build.Label.Free,مجانًا
Feature.Build.Label.FreeBuildUsage,استخدام ميزة Build المجاني
Feature.Build.Label.Friends,
Feature.Build.Label.FriendsOnly,
Feature.Build.Label.GamePlays,عدد مرات تشغيل اللعبة
Feature.Build.Label.GetMoreBuildUsage,احصل على المزيد من استخدام ميزة Build
Feature.Build.Label.Hi,مرحبًا
Feature.Build.Label.IconThumbnails,الأيقونة والصور المصغرة
Feature.Build.Label.Images2D,الصور ثنائية الأبعاد
Feature.Build.Label.InProgress,قيد التقدم
Feature.Build.Label.InputNeeded,الإدخال مطلوب
Feature.Build.Label.InviteCount,{COUNT}/{MAX_INVITES}
Feature.Build.Label.Limited,محدودة
Feature.Build.Label.Live,مباشر
Feature.Build.Label.Loading,
Feature.Build.Label.MaximizeForGamePlays,زوِّد عدد مرات تشغيل اللعبة إلى أقصى حد
Feature.Build.Label.Models3D,النماذج ثلاثية الأبعاد
Feature.Build.Label.Name,
Feature.Build.Label.NoLimit,لا يوجد حدّ
Feature.Build.Label.NotStarted,لم يتم البدء
Feature.Build.Label.OffSale,غير معروض للبيع
Feature.Build.Label.OnSale,معروض للبيع
Feature.Build.Label.Pending,معلّق
Feature.Build.Label.PercentUsed,تم استخدام {PERCENT}%
Feature.Build.Label.PlayTime,وقت اللعب
Feature.Build.Label.PreviouslyPublished,تم النشر سابقًا
Feature.Build.Label.Price,السعر
Feature.Build.Label.PriceUnavailable,--
Feature.Build.Label.Pricing,التسعير
Feature.Build.Label.Private,خاص
Feature.Build.Label.Public,عامّ
Feature.Build.Label.PubliclyUnavailable,غير متاحة علنًا
Feature.Build.Label.Published,منشور
Feature.Build.Label.Purchased,تم الشراء
Feature.Build.Label.Ready,جاهزة
Feature.Build.Label.RegionalPricing,التسعير الإقليمي
Feature.Build.Label.ResetsDaily,تتم إعادة التعيين يوميًا
Feature.Build.Label.RestoredVersion,تمت استعادة {VERSION}
Feature.Build.Label.RobuxUsage,{USED}/{LIMIT}
Feature.Build.Label.Search,بحث
Feature.Build.Label.SearchAssets,البحث في الأصول
Feature.Build.Label.SearchGames,البحث في الألعاب
Feature.Build.Label.SearchTasks,البحث في المهام
Feature.Build.Label.SelectOption,حدّد خيارًا
Feature.Build.Label.ShareAddedFriends,مشاركة مع الأصدقاء الذين أضفتهم
Feature.Build.Label.Shared,تمت المشاركة
Feature.Build.Label.Sounds,الأصوات
Feature.Build.Label.TargetAllRobloxPlayers,استهدف جميع اللاعبين على منصّة Roblox
Feature.Build.Label.Thinking,جارٍ التفكير
Feature.Build.Label.Title,العنوان
Feature.Build.Label.TitleDescription,العنوان والوصف
Feature.Build.Label.Tool,أداة
Feature.Build.Label.ToolAssetDone,تم إدراج الأصل
Feature.Build.Label.ToolAssetFailed,تعذَّر إدراج الأصل
Feature.Build.Label.ToolAssetRunning,جارٍ إدراج الأصل
Feature.Build.Label.ToolAssetSearchDone,تم البحث في مكتبة الأصول
Feature.Build.Label.ToolAssetSearchFailed,تعذَّر البحث في مكتبة الأصول
Feature.Build.Label.ToolAssetSearchRunning,جارٍ البحث في مكتبة الأصول
Feature.Build.Label.ToolClientDMDone,تم البحث في DataModel للعميل
Feature.Build.Label.ToolClientDMFailed,تعذَّر البحث في DataModel للعميل
Feature.Build.Label.ToolClientDMRunning,جارٍ البحث في DataModel للعميل
Feature.Build.Label.ToolGameInfoDone,تم تحديث معلومات اللعبة
Feature.Build.Label.ToolGameInfoFailed,تعذَّر تحديث معلومات اللعبة
Feature.Build.Label.ToolGameInfoRunning,جارٍ تحديث معلومات اللعبة
Feature.Build.Label.ToolGameSaveDone,تم حفظ اللعبة
Feature.Build.Label.ToolGameSaveFailed,تعذَّر حفظ اللعبة
Feature.Build.Label.ToolGameSaveRunning,جارٍ حفظ اللعبة
Feature.Build.Label.ToolImageDone,تم إنشاء الصورة
Feature.Build.Label.ToolImageFailed,تعذَّر إنشاء الصورة
Feature.Build.Label.ToolImageRunning,جارٍ إنشاء الصورة
Feature.Build.Label.ToolInspectDone,تم فحص حالة العميل
Feature.Build.Label.ToolInspectFailed,تعذَّر فحص حالة العميل
Feature.Build.Label.ToolInspectRunning,جارٍ فحص حالة العميل
Feature.Build.Label.ToolLogsDone,تم طلب السجلات
Feature.Build.Label.ToolLogsFailed,تعذَّر طلب السجلات
Feature.Build.Label.ToolLogsRunning,جارٍ طلب السجلات
Feature.Build.Label.ToolLuauDone,تم تنفيذ Luau
Feature.Build.Label.ToolLuauFailed,تعذَّر تنفيذ Luau
Feature.Build.Label.ToolLuauRunning,جارٍ تنفيذ Luau
Feature.Build.Label.ToolModelDone,تم إنشاء النموذج ثلاثي الأبعاد
Feature.Build.Label.ToolModelFailed,تعذَّر إنشاء النموذج ثلاثي الأبعاد
Feature.Build.Label.ToolModelRunning,جارٍ إنشاء النموذج ثلاثي الأبعاد
Feature.Build.Label.ToolPlanPresentDone,تم تقديم الخطة
Feature.Build.Label.ToolPlanPresentFailed,تعذَّر تقديم الخطة
Feature.Build.Label.ToolPlanPresentRunning,جارٍ تقديم الخطة
Feature.Build.Label.ToolPlanUpdateDone,تم تحديث الخطة
Feature.Build.Label.ToolPlanUpdateFailed,تعذَّر تحديث الخطة
Feature.Build.Label.ToolPlanUpdateRunning,جارٍ تحديث الخطة
Feature.Build.Label.ToolPrimitiveDone,تم إنشاء الشكل البدائي
Feature.Build.Label.ToolPrimitiveFailed,تعذَّر إنشاء الشكل البدائي
Feature.Build.Label.ToolPrimitiveRunning,جارٍ إنشاء الشكل البدائي
Feature.Build.Label.ToolQuestionDone,تم طرح سؤال
Feature.Build.Label.ToolQuestionFailed,تعذَّر طرح سؤال
Feature.Build.Label.ToolQuestionRunning,جارٍ طرح سؤال
Feature.Build.Label.ToolReqUpdateDone,تم تحديث المتطلبات
Feature.Build.Label.ToolReqUpdateFailed,تعذَّر تحديث المتطلبات
Feature.Build.Label.ToolReqUpdateRunning,جارٍ تحديث المتطلبات
Feature.Build.Label.ToolScriptDone,تم تشغيل النص البرمجي
Feature.Build.Label.ToolScriptFailed,تعذَّر تشغيل النص البرمجي
Feature.Build.Label.ToolScriptRunning,جارٍ تشغيل النص البرمجي
Feature.Build.Label.ToolSkillLoadDone,تم تحميل المهارة
Feature.Build.Label.ToolSkillLoadFailed,تعذَّر تحميل المهارة
Feature.Build.Label.ToolSkillLoadRunning,جارٍ تحميل المهارة
Feature.Build.Label.ToolSkillsDone,تم إدراج المهارات المتاحة
Feature.Build.Label.ToolSkillsFailed,تعذَّر إدراج المهارات المتاحة
Feature.Build.Label.ToolSkillsRunning,جارٍ إدراج المهارات المتاحة
Feature.Build.Label.ToolTasksPlanDone,تم التخطيط للمهام
Feature.Build.Label.ToolTasksPlanFailed,تعذَّر التخطيط للمهام
Feature.Build.Label.ToolTasksPlanRunning,جارٍ التخطيط لمهامك
Feature.Build.Label.ToolThumbnailDone,تم إعداد الصورة المصغرة للعبة
Feature.Build.Label.ToolThumbnailFailed,تعذّر إعداد الصورة المصغرة للعبة
Feature.Build.Label.ToolThumbnailRunning,جارٍ إعداد الصورة المصغرة للعبة
Feature.Build.Label.UniverseNumber,الكون {UNIVERSE_ID}
Feature.Build.Label.Unknown,غير معروف
Feature.Build.Label.UnlimitedUsed,تم استخدام {USED} • بلا حد أقصى
Feature.Build.Label.UpdateTitleDesc,حدِّث العنوان والوصف
Feature.Build.Label.Updated,تم التحديث
Feature.Build.Label.Usage,الاستخدام
Feature.Build.Label.UsageUsed,تم استخدام {USED}
Feature.Build.Label.UsernameHandle,@{USERNAME}
Feature.Build.Label.Version,الإصدار
Feature.Build.Label.VersionCompact,الإصدار {VERSION_NUMBER}
Feature.Build.Label.VersionDate,{VERSION} · {CREATED_DATE}
Feature.Build.Label.VersionPadded,الإصدار 0{VERSION_NUMBER}
Feature.Build.Label.VersionTitleDesc,عنوان الإصدار ووصفه
Feature.Build.Label.Video,فيديو
Feature.Build.Message.AccountRequirements,لا يفي حسابك بمتطلبات استخدام ميزة Build.
Feature.Build.Message.AccountTooNew,حسابك جديد جدًا بحيث لا يمكن النشر. حاول مرة أخرى بعد يومين من إنشائه.
Feature.Build.Message.AdCampaignCreateFailed,تعذَّر إنشاء حملتك. يُرجى المحاولة مرة أخرى.
Feature.Build.Message.AdCampaignCreated,تم إنشاء الحملة الإعلانية
Feature.Build.Message.AdPerformanceLoadFailed,تعذَّر تحميل أداء الإعلان
Feature.Build.Message.AdsPromotionBannerSubtitle,زوِّد أعداد جمهورك مجانًا
Feature.Build.Message.AdsPromotionBannerTitle,لديك {promotionCount} من العروض الخاصة المجانية المتبقية
Feature.Build.Message.AdsPromotionBannerTitleSingular,لديك عرض خاص مجاني واحد متبقٍ
Feature.Build.Message.AdsStatsEmpty,زوِّد أعداد جمهورك من خلال حملة إعلانية واجعل لعبتك متاحة للاكتشاف
Feature.Build.Message.AdsStatsEmptyFree,زوِّد أعداد جمهورك من خلال حملة إعلانية مجانية واجعل لعبتك متاحة للاكتشاف
Feature.Build.Message.AllFriendsAdded,لقد أضفت جميع أصدقائك كمختبري لعب.
Feature.Build.Message.AnswerBuildQuestion,أجب عن سؤال ميزة Build أدناه.
Feature.Build.Message.AssetDetailsUnavailable,تفاصيل الأصل غير متاحة.
Feature.Build.Message.AssetsLoadFailed,تعذّر تحميل الأصول.
Feature.Build.Message.AudienceIneligible,غير مؤهل لهذا الجمهور
Feature.Build.Message.BuildAccountBlocked,ميزة Build غير متاحة لحسابك في الوقت الحالي.
Feature.Build.Message.BuildBusy,ميزة Build مشغولة حاليًا. انتظر دقيقة وحاول مرة أخرى.
Feature.Build.Message.BuildConnectFailed,تعذر الاتصال بميزة Build. يُرجى المحاولة مرة أخرى.
Feature.Build.Message.BuildInternalError,واجهت ميزة Build مشكلة. حاول مرة أخرى.
Feature.Build.Message.BuildResponseFailed,تعذَّر على ميزة Build الاستجابة. حاول مرة أخرى.
Feature.Build.Message.BuildStillWorking,جارٍ العمل على ذلك. يمكنك مغادرة التطبيق أو تشغيل منصّة Roblox أو بدء مشروع آخر أثناء الانتظار.
Feature.Build.Message.BuildStopped,لقد أوقفت ميزة Build.
Feature.Build.Message.BuildTemporarilyDown,ميزة Build غير متوفرة مؤقتًا. حاول مرة أخرى بعد دقيقة.
Feature.Build.Message.CompletedTasks,{COUNT} من المهام المكتملة
Feature.Build.Message.ConversationGone,لم تعد هذه المحادثة متوفرة. ابدأ محادثة جديدة.
Feature.Build.Message.ConversationNotFound,تعذَّر العثور على هذه المحادثة. ابدأ محادثة جديدة.
Feature.Build.Message.CreateGameToUseBuild,أنشئ لعبة جديدة لبدء استخدام ميزة Build.
Feature.Build.Message.CreatedRevertedVer,تم إنشاء إصدار تم التراجع عنه.
Feature.Build.Message.ErrorCodeText,({ERROR_CODE}) {ERROR_TEXT}
Feature.Build.Message.ExpandAudience,يمكنك توسيع نطاق أهلية جمهورك في مركز المصمم
Feature.Build.Message.ExperiencesLoadFailed,تعذَّر تحميل التجارب
Feature.Build.Message.FailedTitle,تعذَّرت عملية {TITLE}
Feature.Build.Message.FinishedTitle,انتهت عملية {TITLE}
Feature.Build.Message.FriendsLoadFailed,تعذَّر تحميل الأصدقاء. حاول مرة أخرى.
Feature.Build.Message.GameNotCreated,لم يتم إنشاء لعبتك. حاوِل مرة أخرى.
Feature.Build.Message.GamePublishFailed,تعذَّر نشر لعبتك. حاول مرة أخرى.
Feature.Build.Message.GameShared,تمت مشاركة اللعبة
Feature.Build.Message.GameSharedWith,تمت مشاركة اللعبة مع {DISPLAY_NAME}
Feature.Build.Message.HiDisplayName,مرحبًا، {DISPLAY_NAME}
Feature.Build.Message.ImageUploadFailed,تعذَّر رفع صورك. حاول مرة أخرى.
Feature.Build.Message.InvalidMessage,حدث خطأ ما في رسالتك. يُرجى تعديلها والمحاولة مرة أخرى.
Feature.Build.Message.InvitesLoadFailed,تعذَّر تحميل الدعوات
Feature.Build.Message.LimitBelowSpend,لا يمكن أن يقل الحد عن {ALREADY_SPENT} من عملات Robux التي تم إنفاقها اليوم بالفعل.
Feature.Build.Message.LinkCopied,تم نسخ الرابط إلى الحافظة.
Feature.Build.Message.LoadingVersions,جارٍ تحميل سجل الإصدارات...
Feature.Build.Message.NoAssetsFound,لم يتم العثور على أي أصول.
Feature.Build.Message.NoCapturesAvailable,لا توجد أي لقطات متاحة
Feature.Build.Message.NoDescriptionProvided,لم يتم تقديم وصف.
Feature.Build.Message.NoFriendsToAdd,ليس لديك أي أصدقاء لإضافتهم حتى الآن. ابحث عن أشخاص للتواصل معهم على منصّة Roblox أولًا.
Feature.Build.Message.NoResults,
Feature.Build.Message.NoVersionHistory,لا يوجد سجل إصدارات حتى الآن.
Feature.Build.Message.OneTaskCompleted,تم إكمال مهمة واحدة
Feature.Build.Message.OutOfBuildUsage,لقد نفد رصيدك من استخدام ميزة Build. اعرض خياراتك لاستخدام عملات Robux لمواصلة الإنشاء.
Feature.Build.Message.PlaytestersAdded,تمت إضافة {INVITED_COUNT} من أصل {MAX_INVITES} من مختبري اللعب
Feature.Build.Message.PublicPublishFailed,تم نشر لعبتك، ولكن تعذَّر جعلها عامة. حاول مرة أخرى.
Feature.Build.Message.PublishExpandAudience,يمكنك النشر لتوسيع نطاق جمهورك
Feature.Build.Message.PublishNotReverted,لم يتم التراجع عن عملية النشر. حاوِل مرة أخرى.
Feature.Build.Message.PublishPromotionUpsell,تهانينا على نشر لعبتك! لديك {promotionCount} من العروض الخاصة المجانية المتاحة لجذب المزيد من اللاعبين على منصّة Roblox.
Feature.Build.Message.PublishPromotionUpsellSingular,تهانينا على نشر لعبتك! لديك عرض خاص مجاني واحد متاح لجذب المزيد من اللاعبين على منصّة Roblox.
Feature.Build.Message.PublishReverted,تم التراجع عن النشر.
Feature.Build.Message.QuestionnaireNeeded,تم تحرير هذه اللعبة خارج ميزة Build. أكمل استبيان المحتوى للنشر.
Feature.Build.Message.ReadyToPlay,لعبتك جاهزة للتشغيل على منصّة Roblox!
Feature.Build.Message.ResetHours,ستتم إعادة التعيين خلال {HOURS} من الساعات
Feature.Build.Message.ResetOneHour,ستتم إعادة التعيين خلال ساعة واحدة
Feature.Build.Message.RestoreVersionFailed,تعذَّرت استعادة هذا الإصدار. حاول مرة أخرى.
Feature.Build.Message.RevertVersionFail,لم يتم إنشاء إصدار تم التراجع عنه. حاوِل مرة أخرى.
Feature.Build.Message.RunningTitle,جارٍ إجراء {title}
Feature.Build.Message.SafetyPolicy,تنتهك هذه الرسالة سياسة السلامة السارية لدينا. يُرجى تعديلها والمحاولة مرة أخرى.
Feature.Build.Message.SaveChangesFailed,تعذَّر حفظ التغييرات. حاول مرة أخرى.
Feature.Build.Message.ShareExperience,مشاركة {EXPERIENCE_NAME}
Feature.Build.Message.ShareLinkFailed,تعذَّر إنشاء رابط المشاركة. حاول مرة أخرى.
Feature.Build.Message.SignedOut,لقد تم تسجيل خروجك. سجّل الدخول وحاول مرة أخرى.
Feature.Build.Message.TasksCompleted,تم إكمال {NUM_COMPLETED_TASKS} من المهام
Feature.Build.Message.ThinkingSeconds,استغرق التفكير {SECONDS} من الثواني
Feature.Build.Message.TryAgain,حاول مرة أخرى.
Feature.Build.Message.TurnToPortrait,حوّل جهازك إلى الوضع العمودي لمواصلة العمل على لعبتك.
Feature.Build.Message.VersionHistoryLoad,تعذَّر تحميل سجل الإصدارات.
Feature.Build.Message.WhatToCreate,ما الذي تريد إنشاؤه اليوم؟
Feature.Build.Message.WorkedMinutesSeconds,استغرق العمل {MINUTES} من الدقائق و{REM_SECONDS} من الثواني
Feature.Build.Message.WorkedSeconds,استغرق العمل {SECONDS} من الثواني
Feature.Build.Message.WorkingOnTasks,جارٍ العمل على مهامك
Feature.Build.Notification.Message.Continue,استأنف الدردشة مع ميزة Build للمتابعة.
Feature.Build.Notification.Message.Review,استأنف الدردشة مع ميزة Build لمراجعة النتيجة.
Feature.Build.Notification.Title.Finished,اكتملت ميزة Build
Feature.Build.Notification.Title.NeedInput,ميزة Build بحاجة إلى إدخالك
Feature.Build.Placeholder.DescribeProduct,صِف ما تريد بيعه
Feature.Build.Placeholder.DescribeProductUpdate,صِف تحديثًا
Feature.Build.Prompt.CreateDeveloperProduct,ساعدني في إنشاء منتج المطوّر، وربطه باللعبة، والتحقق من التغييرات ونشرها، وجعله متاحًا للشراء.
Feature.Build.Title.AdCampaignActive,الحملة الإعلانية نشطة
Feature.Build.Title.AdCampaignDuration,حملة إعلانية لمدة {durationDays} من الأيام
Feature.Build.Title.AddFriendsToPlaytest,أضف الأصدقاء لمساعدتك في اختبار اللعب
Feature.Build.Title.AddImages,إضافة صور
Feature.Build.Title.AdsStatsEmpty,بدء حملة
Feature.Build.Title.AdsStatsEmptyFree,ابدأ حملتك الأولى
Feature.Build.Title.ArchiveThisGame,هل تريد أرشفة هذه اللعبة؟
Feature.Build.Title.AssetLibrary,المكتبة
Feature.Build.Title.Audience,الجمهور
Feature.Build.Title.BuildQuestion,لدى ميزة Build سؤال
Feature.Build.Title.BuildQuestions,لدى ميزة Build بعض الأسئلة
Feature.Build.Title.BuildUnavailable,ميزة Build غير متاحة
Feature.Build.Title.BuildUsage,استخدام ميزة Build
Feature.Build.Title.ChangesNotLive,تغييراتك لم تُنشر بعد
Feature.Build.Title.ChatBuildUnavailable,ميزة Build غير متوفرة.
Feature.Build.Title.Content,المحتوى
Feature.Build.Title.DailyRobuxReached,تم الوصول إلى الحد اليومي المسموح به من عملات Robux
Feature.Build.Title.DeveloperProduct,
Feature.Build.Title.EditDeveloperProduct,تحرير المنتج
Feature.Build.Title.ExperienceAudience,جمهور التجربة
Feature.Build.Title.FreeUsageReached,تم الوصول إلى حد استخدام ميزة Build المجاني
Feature.Build.Title.FriendsOnlyPlay,يمكن للأصدقاء فقط اللعب
Feature.Build.Title.GameCreationDone,اكتمل إنشاء اللعبة
Feature.Build.Title.GamePrivate,هذه اللعبة خاصة
Feature.Build.Title.GenericError,
Feature.Build.Title.GetUsers,الحصول على المستخدمين
Feature.Build.Title.NoMonetizationProducts,ابدأ الكسب في لعبتك
Feature.Build.Title.NoRobuxForUsage,لم يتبقَ أي عملات Robux لاستخدام ميزة Build
Feature.Build.Title.Playtesters,مختبرو اللعب
Feature.Build.Title.PlaytestersOnlyPlay,يمكن لمختبري اللعب فقط تشغيل اللعبة
Feature.Build.Title.PromoteGame,روّج للعبتك
Feature.Build.Title.PromoteGameFree,روّج للعبتك مجانًا
Feature.Build.Title.PushNotifications,الإشعارات الفورية
Feature.Build.Title.RevertLastChange,هل تريد التراجع عن التغيير الأخير؟
Feature.Build.Title.Tasks,المهام
Feature.Build.Title.TurnActivity,نشاط الدور
Feature.Build.Title.VersionHistory,سجل الإصدارات
Feature.Build.Title.VersionInfo,معلومات الإصدار
Feature.Build.Title.VersionInformation,
Feature.Build.Title.VersionNumber,الإصدار {VERSION}
Feature.Build.Title.Versions,الإصدارات
Feature.Build.Title.WhatsIncluded,ما الذي تشمله الحملة؟
Feature.Call.Error.Description.Generic,
Feature.Captures.Action.Allow,السماح
Feature.Captures.Action.AllowPhotoAccessAccepted,
Feature.Captures.Action.AllowPhotoAccessDeclined,
Feature.Captures.Action.CancelSelectAllCaptures,
Feature.Captures.Action.Create,
Feature.Captures.Action.DeleteCaptureWarningCancel,
Feature.Captures.Action.DeleteCaptureWarningConfirm,
Feature.Captures.Action.DontAllow,عدم السماح
Feature.Captures.Action.NoThanks,لا، شكرًا
Feature.Captures.Action.OpenInFiles,فتح في تطبيق الملفات
Feature.Captures.Action.Save,
Feature.Captures.Action.SelectAllCaptures,تحديد الكل
Feature.Captures.Action.Share,
Feature.Captures.Action.ShareYourCapture,شارك لقطاتك
Feature.Captures.Action.ViewCapture,
Feature.Captures.Body.AllowAccessToCaptures,ترغب هذه التجربة في عرض لقطاتك واستخدامها.
Feature.Captures.Body.SaveCapturesPrompt,هل تريد حفظ لقطاتك؟
Feature.Captures.Body.ShareCapturePrompt,هل ترغب في مشاركة لقطتك؟
Feature.Captures.Control.Off,تعطيل
Feature.Captures.Control.On,
Feature.Captures.Control.StartRecordingVideo,
Feature.Captures.Control.StopRecordingVideo,إيقاف التسجيل
Feature.Captures.Description.AllowPhotoAccessInfo,يحتاج Roblox إلى الوصول إلى معرض الكاميرا بجهازك لحفظ اللقطات التي تصورها.
Feature.Captures.Description.DiscoverPostWatch,اكتشف وانشر وشاهد أساليب لعب ملحمية على منصّة Roblox في اللحظات.
Feature.Captures.Description.MomentProcessing,يمكنك عرضها في اللحظات قريبًا
Feature.Captures.Description.ShareCTA,شارك لقطاتك مع الأصدقاء!
Feature.Captures.Label.CaptureCounts,{numberOfCaptures} من اللقطات
Feature.Captures.Label.CaptureStorageTooltipLabel,يستخدم Roblox سعة تخزين تطبيقك لتخزين اللقطات. يمكنك حذف اللقطات لتحرير المساحة.
Feature.Captures.Label.DeleteCaptureInfo,سيؤدي هذا إلى حذف اللقطة بشكل دائم.
Feature.Captures.Label.DeleteCaptureWarningOptOut,لا تظهر هذا مرة أخرى.
Feature.Captures.Label.DeleteCapturesWarning,سيؤدي هذا إلى حذف اللقطات نهائيًا
Feature.Captures.Label.EducationalText,التقط، عاين، وشارك لحظاتك المفضلة على Roblox.
Feature.Captures.Label.HotkeyEducationalText,التقط لحظات Roblox المفضلة لديك واعرضها وشاركها. اختصار لوحة المفاتيح: {keyOne} + {keyTwo}.
Feature.Captures.Label.MultipleCapturesSelected,{numberOfCaptures} من اللقطات محددة
Feature.Captures.Label.NothingHereYet,لا يوجد لقطات بعد. عد ثانية بعد التقاط لقطاتك الأولى لمعاينتها أو مشاركتها مع أصدقائك.
Feature.Captures.Label.OneCapture,لقطة واحدة
Feature.Captures.Label.OneCaptureSelected,تم تحديد لقطة واحدة
Feature.Captures.Label.SelectCapture,تحديد اللقطة
Feature.Captures.Label.VideoCaptureVoiceChatMutedTooltip,لا يمكنك سماع لاعبين آخرين ولكن يظل بإمكانهم سماعك. ستُستأنف المحادثة الصوتية عند توقف التسجيل.
Feature.Captures.Label.VideoEducationalText,"بالنقر على زر ""تسجيل فيديو""، سنغلق القائمة ونبدأ تسجيل الشاشة."
Feature.Captures.Prompt.Subtitle.VoiceChatRecordingTrustedFriendsAgeGroup,تم تمكين المحادثة الصوتية والتسجيل الصوتي مع الأصدقاء الموثوق بهم والأشخاص في فئات عمرية مماثلة. قد تتم مشاركة صوتك.
Feature.Captures.Title.AllowAccessToCaptures,هل تريد السماح بالوصول إلى اللقطات؟
Feature.Captures.Title.AllowPhotoAccessInfo,السماح بالوصول إلى الصور
Feature.Captures.Title.CaptureScreenshotTooltip,التقاط لقطة شاشة
Feature.Captures.Title.CaptureStorageTooltipTitle,تخزين اللقطات
Feature.Captures.Title.CaptureVideoTooltip,التقاط فيديو
Feature.Captures.Title.Captures,لقطات
Feature.Captures.Title.DeleteCaptureWarning,حذف اللقطة
Feature.Captures.Title.DeleteMultipleCapturesWarning,حذف اللقطات
Feature.Captures.Title.Gallery,المعرض
Feature.Captures.Title.SaveCapturesPrompt,حفظ اللقطات
Feature.Captures.Title.ShareCapturePrompt,مشاركة اللقطة
Feature.Captures.Title.VideoCTA,
Feature.Captures.Title.VideoCaptureInProgressTooltip,جارٍ التقاط الفيديو بالفعل
Feature.Captures.Title.VideoCaptureVoiceChatMutedTooltip,يتم كتم صوت المحادثة الصوتية أثناء الالتقاط
Feature.Captures.Toast.CaptureSaved,تم حفظ اللقطة
Feature.Captures.Toast.CaptureSavedToDevice,تم حفظها على الجهاز
Feature.Captures.Toast.CapturesEnabled,تمكين اللقطات
Feature.Captures.Toast.CreateMoment2,تم الحفظ! حوّل هذه اللقطة إلى لحظة رائعة.
Feature.Captures.Toast.MomentProcessing,نعمل حاليًا على معالجة لحظتك
Feature.Captures.Toast.VideoCaptureFailed,تعذَّر حفظ مقطع الفيديو الذي تم التقاطه.
Feature.Captures.Toast.VideoCaptureInitializationCapturingAlreadyError,جارٍ التقاط فيديو بالفعل
Feature.Captures.Toast.VideoCaptureInitializationNoDeviceSupportError,لا يدعم الجهاز التقاط الفيديو
Feature.Captures.Toast.VideoCaptureInitializationNoSpaceOnDeviceError,لا يحتوي الجهاز على مساحة كافية لالتقاط الفيديو
Feature.Captures.Toast.VideoCaptureInitializationOtherError,حدث خطأ أثناء بدء الفيديو
Feature.Captures.Toast.VideoCaptureOtherError,حدث خطأ أثناء تسجيل الفيديو
Feature.Catalog.Action.Buy,
Feature.Catalog.Action.Cancel,
Feature.Catalog.Action.Checkout.GoToCustomize,الانتقال إلى التخصيص
Feature.Catalog.Action.Checkout.ManageInCustomize,إدارة العناصر في التخصيص
Feature.Catalog.Action.Checkout.UnavailableItems,
Feature.Catalog.Action.Checkout.Wear,ارتداء
Feature.Catalog.Action.CheckoutPlural,معاينة الدفع وإنهاء التسوق ({count})
Feature.Catalog.Action.CheckoutSingular,إتمام الدفع وإنهاء التسوق لعنصر واحد
Feature.Catalog.Action.CloseDetails,إغلاق التفاصيل
Feature.Catalog.Action.CopyLink,نسخ الرابط
Feature.Catalog.Action.Customize,
Feature.Catalog.Action.Delete,
Feature.Catalog.Action.DeleteAvatar,حذف الأفاتار
Feature.Catalog.Action.DescribeAvatar,وصف أفاتارك (اختياري)
Feature.Catalog.Action.Favorite,
Feature.Catalog.Action.Favorites.BrowseMarketplace,استعراض المتجر
Feature.Catalog.Action.GoBack,
Feature.Catalog.Action.ItemOptions,خيارات العنصر
Feature.Catalog.Action.LoadMore,تحميل المزيد
Feature.Catalog.Action.Next,
Feature.Catalog.Action.OpenDetails,فتح التفاصيل
Feature.Catalog.Action.Owned,العناصر المملوكة: {count}
Feature.Catalog.Action.Post,
Feature.Catalog.Action.PreviewAndPost,
Feature.Catalog.Action.Remove,
Feature.Catalog.Action.RemoveFavorite,
Feature.Catalog.Action.Rent,إيجار
Feature.Catalog.Action.Replace,
Feature.Catalog.Action.Report,تبليغ
Feature.Catalog.Action.Sell,بيع
Feature.Catalog.Action.ShareVia,شارك عبر...
Feature.Catalog.Action.Submit,
Feature.Catalog.Action.Try,جرِّب الآن
Feature.Catalog.Action.Upgrade,ترقية
Feature.Catalog.Action.ViewDetailsPage,عرض صفحة التفاصيل
Feature.Catalog.Action.ViewExperienceDetails,عرض تفاصيل التجربة
Feature.Catalog.Action.ViewTerms,عرض الشروط
Feature.Catalog.ActionSeeAll,عرض الكل
Feature.Catalog.AvatarWidgetTitle,
Feature.Catalog.Checkout.Title.PurchasedFailedPlural,تعذَّر شراء {count} من العناصر
Feature.Catalog.Checkout.WearAfterPurchase,
Feature.Catalog.Description.AttributionAlertBody,ستغادر هذا المكان وتنتقل إلى {experienceName}.
Feature.Catalog.Feature.Catalog.Label.ClassicShirt,
Feature.Catalog.Feature.Catalog.Label.ClassicTShirt,
Feature.Catalog.Feature.Catalog.Label.TotalItems,المجموع: {itemCount} من العناصر
Feature.Catalog.Feature.Catalog.Label.TotalItemsParenthesis,المجموع: ({itemCount} من العناصر)
Feature.Catalog.Header.Checkout,الدفع وإنهاء التسوق
Feature.Catalog.Header.InvalidOutfit,الزيّ غير صالح
Feature.Catalog.Header.PostAvatar,
Feature.Catalog.Heading.AvailableItems,العناصر المتاحة
Feature.Catalog.Heading.BuyItem,
Feature.Catalog.Heading.FreeItemConfirmation,احصل على العنصر
Feature.Catalog.Heading.GoToExperience,الانضمام إلى التجربة؟
Feature.Catalog.Heading.HoldingPolicy,سياسة الاحتجاز
Feature.Catalog.Heading.InExperienceOnly,متاح في التجربة
Feature.Catalog.Heading.InsufficientFunds,Robux غير كافية
Feature.Catalog.Heading.ItemInfo,معلومات العنصر
Feature.Catalog.Heading.ItemRemoved,تم حذف العنصر
Feature.Catalog.Heading.ItemsOnSale,عناصر للبيع
Feature.Catalog.Heading.NotForSale,
Feature.Catalog.Heading.Overview,
Feature.Catalog.Heading.PremiumOnly,لمشتركي Roblox Plus فقط
Feature.Catalog.Heading.QuantityLimitReached,وصول للحد الأقصى
Feature.Catalog.Heading.QuickMenu,القائمة السريعة
Feature.Catalog.Heading.Resellers,الموزعون
Feature.Catalog.Heading.SellItem,بيع عنصر
Feature.Catalog.Heading.Sellers,البائعون
Feature.Catalog.Heading.SetPrice,تعيين السعر
Feature.Catalog.Heading.ShowBodyParts,عرض أجزاء الجسد
Feature.Catalog.Heading.ShowHeadType,عرض نوع الرأس
Feature.Catalog.Heading.ShowShoes,عرض الأحذية
Feature.Catalog.Heading.TakeOffSale,إيقاف البيع
Feature.Catalog.HeroWidget.BundleTitle,وصلَ Korblox Pactbreaker إلى منصتنا
Feature.Catalog.HeroWidget.CapsuleDescription,ثلاثة تصوّرات جديدة لكلاسيكيات Roblox
Feature.Catalog.HeroWidget.CapsulePoolDescription,ثلاثة عناصر جديدة لإحداث ضجة
Feature.Catalog.HeroWidget.CapsulePoolTitle,حفلة المسبح
Feature.Catalog.HeroWidget.CapsuleTitle,
Feature.Catalog.Label.Adjustable,قابل للتعديل
Feature.Catalog.Label.AdvancedMaterials,مواد متقدمة
Feature.Catalog.Label.AllItems,جميع العناصر
Feature.Catalog.Label.AlreadyOwned,أنت تملكه
Feature.Catalog.Label.Animation,الحركة
Feature.Catalog.Label.Attributes,السمات
Feature.Catalog.Label.Attribution,صنع في
Feature.Catalog.Label.AvailableForSale,متاح للبيع
Feature.Catalog.Label.AvailableToPremiumMembers,متوفر لأنك مشترك في Premium
Feature.Catalog.Label.Avatar,
Feature.Catalog.Label.AvatarEmoteSelection,حدّد emote لإعطاء أفاتارك وضعية.
Feature.Catalog.Label.AvatarTitle,عنوان الأفاتار
Feature.Catalog.Label.Avatars,
Feature.Catalog.Label.AveragePrice,متوسط السعر
Feature.Catalog.Label.AveragePriceColon,متوسط السعر:
Feature.Catalog.Label.BackAccessories,أكسسوارات للظهر
Feature.Catalog.Label.Backgrounds,
Feature.Catalog.Label.Bestselling,الأكثر مبيعًا
Feature.Catalog.Label.Body,الجسم
Feature.Catalog.Label.Bundle,
Feature.Catalog.Label.Bundles,حزم
Feature.Catalog.Label.BuyConfirmation,هل تريد شراء {itemName} من {creatorName}؟
Feature.Catalog.Label.BuyConfirmationIncludingWarning,الرجاء الإنفاق على الترفيه باعتدال ومسؤولية. هل تريد شراء {itemName} من {creatorName}؟
Feature.Catalog.Label.BuyItems,شراء العناصر
Feature.Catalog.Label.BuyPrice,سعر الشراء:
Feature.Catalog.Label.BuyRobux,
Feature.Catalog.Label.Category,الفئة
Feature.Catalog.Label.CategoryType,النوع
Feature.Catalog.Label.Characters,الشخصيات
Feature.Catalog.Label.Checkout.CheckoutButtonFtuxTooltip,اطلِّع على العناصر التي تجربها وأزلها هنا
Feature.Catalog.Label.Checkout.ClearAllItemsOnAvatarBody,سيؤدي هذا إلى إزالة كل العناصر غير المملوكة التي ترتديها من أفاتارك.
Feature.Catalog.Label.Checkout.DontWarnAgainText,لا تحذرني مرة أخرى
Feature.Catalog.Label.Checkout.GoToCustomizeBody,يمكنك ارتداء العناصر التي تملكها أو إزالتها من خلال عرض التخصيص فقط.
Feature.Catalog.Label.Checkout.InExperienceOnly,متوفر فقط داخل التجربة
Feature.Catalog.Label.Checkout.ItemReplacedOnAvatarBody,يمكنك ارتداء عنصر واحد فقط لكل فئة. سيحل العنصر الجديد دائمًا محل العنصر الذي ترتديه حاليًا.
Feature.Catalog.Label.Checkout.LimitReached,تم الوصول إلى الحد الأقصى
Feature.Catalog.Label.Checkout.OffSale,
Feature.Catalog.Label.Checkout.OutOfStock,نفدت الكمية
Feature.Catalog.Label.Checkout.PriceChanged,تم تغيير السعر
Feature.Catalog.Label.Checkout.SoldOut,مُباع بالكامل
Feature.Catalog.Label.Checkout.Unavailable,
Feature.Catalog.Label.Checkout.WearAvatarReplaceAllItemsBody,سيؤدي ارتداء هذا الأفاتار إلى استبدال كل العناصر التي ترتديها حاليًا.
Feature.Catalog.Label.ClassicShirt,
Feature.Catalog.Label.ClassicTShirt,
Feature.Catalog.Label.Clothing,ملابس
Feature.Catalog.Label.CreatorName,اسم المصمّم
Feature.Catalog.Label.CurrentBalance,الرصيد الحالي:
Feature.Catalog.Label.CustomizeAvatar,تخصيص الأفاتار
Feature.Catalog.Label.DeleteAvatarConfirmationPromptMessage,لا يمكنك التراجع عن هذا الإجراء إذا قمت بالحذف.
Feature.Catalog.Label.Details,
Feature.Catalog.Label.DynamicHeads,
Feature.Catalog.Label.Emissive,مُضيء
Feature.Catalog.Label.EmissiveInfo,يتوهج العنصر المُضيء ويصدر ضوءه الخاص، لذلك يظل ساطعًا ومرئيًا حتى في البيئات المظلمة.
Feature.Catalog.Label.Emotes,
Feature.Catalog.Label.EyeMakeup,
Feature.Catalog.Label.Eyebrow,حاجب
Feature.Catalog.Label.EyebrowMakeup,
Feature.Catalog.Label.Eyebrows,
Feature.Catalog.Label.Eyelash,رمش
Feature.Catalog.Label.EyelashMakeup,
Feature.Catalog.Label.Eyelashes,
Feature.Catalog.Label.FaceAccessories,أكسسوارات للوجه
Feature.Catalog.Label.FaceMakeup,
Feature.Catalog.Label.Favorites,
Feature.Catalog.Label.Fee,{feePercentage}% رسوم:
Feature.Catalog.Label.Filter.Creator,المصمم
Feature.Catalog.Label.Filter.Curator,أمين
Feature.Catalog.Label.Filter.Filters,فلاتر
Feature.Catalog.Label.Filter.Hide,إخفاء
Feature.Catalog.Label.Filter.PriceMax,الحد الأقصى
Feature.Catalog.Label.Filter.PriceMin,الحد الأدنى
Feature.Catalog.Label.Filter.SalesType,نوع المبيعات
Feature.Catalog.Label.Filter.Show,إظهار
Feature.Catalog.Label.Filter.Sorts,فرز
Feature.Catalog.Label.Filter.TotalValue,القيمة الإجمالية
Feature.Catalog.Label.Filter.UnavailableItems,العناصر غير المتاحة
Feature.Catalog.Label.FreeItemConfirmation,هل تريد الحصول على {itemName} من {creatorName} مجانًا؟
Feature.Catalog.Label.FreeUpperCase,
Feature.Catalog.Label.FromPrice,من {itemPrice}
Feature.Catalog.Label.FrontAccessories,أكسسوارات الأمام
Feature.Catalog.Label.FullBodies,الأجساد الكاملة
Feature.Catalog.Label.FullBody,
Feature.Catalog.Label.Gear,أدوات
Feature.Catalog.Label.Get,احصل عليه
Feature.Catalog.Label.GetPremiumAndPrice,احصل على Premium واشتر مقابل 
Feature.Catalog.Label.HD,HD
Feature.Catalog.Label.Hair,الشعر
Feature.Catalog.Label.HeadShape,
Feature.Catalog.Label.HighDefinitionInfo,تُصمَّم عناصر HD بإتقان عالٍ من حيث التفاصيل والمواد والتناسق.
Feature.Catalog.Label.Holding,
Feature.Catalog.Label.InExperienceOnly,البيع الأصلي لهذا العنصر متاح فقط داخل التجربة.
Feature.Catalog.Label.InMultipleExperiences,في {NUM_EXPERIENCES} (تجربة)
Feature.Catalog.Label.InSingleExperience,في التجربة
Feature.Catalog.Label.InSpecificExperience,في {EXPERIENCE_NAME}
Feature.Catalog.Label.IncludedParts,الأجزاء المضمّنة
Feature.Catalog.Label.InsufficientFunds,ليس لديك Robux كفاية لشراء هذا العنصر.
Feature.Catalog.Label.ItemCount,{itemCount} عنصر
Feature.Catalog.Label.ItemExperienceLimitReached,لقد وصلت إلى حد الشراء الذي حدده مصمّم هذا العنصر. لن تتمكن من الحصول على المزيد، هل تريد إكمال الدخول إلى [{EXPERIENCE_NAME}]؟
Feature.Catalog.Label.ItemExperienceLimitReachedTitle,تم الوصول إلى حد الشراء
Feature.Catalog.Label.ItemExperienceSoldOut,تباع النسخة الأصلية في التجربة. هل تريد إكمال الدخول إلى [{EXPERIENCE_NAME}]؟
Feature.Catalog.Label.ItemExperienceSoldOutTitle,تم بيع العنصر بالكامل
Feature.Catalog.Label.ItemInAHold,عنصر معلّق؟
Feature.Catalog.Label.ItemOwnedCount,العناصر المملوكة ({itemCount})
Feature.Catalog.Label.ItemsCount,{itemCount} عناصر
Feature.Catalog.Label.LeftArm,اليد اليسرى
Feature.Catalog.Label.Limited,
Feature.Catalog.Label.LimitedU,Limited U
Feature.Catalog.Label.LipMakeup,
Feature.Catalog.Label.Makeup,
Feature.Catalog.Label.Makeup.MakeupMax6LayersPromptBody,ستظهر الطبقات الجديدة للمكياج دائمًا في الأعلى، مع استبدال الطبقة السفلية حتى تقوم بتحرير موضع جديد.
Feature.Catalog.Label.MakeupCartDescriptionText,أي 6 عيون وشفاه ووجه، بالإضافة إلى رمش واحد وحاجب واحد
Feature.Catalog.Label.MakeupLooks,
Feature.Catalog.Label.MarketplaceToAvatarPage,سوف تغادر المتجر لتخصيص أفاتارك.
Feature.Catalog.Label.MaxPerUser,الحد الأقصى لكل مستخدم
Feature.Catalog.Label.MinimumAmount,ينبغي أن تكون القيمة أعلى من صفر.
Feature.Catalog.Label.MinimumAmountCustom,ينبغي أن يتعدى الحد الأدنى للمبلغ {minimumAmount}.
Feature.Catalog.Label.MostFavorited,الأكثر تفضيلاً
Feature.Catalog.Label.MostPopular,الأكثر شهرة
Feature.Catalog.Label.NA,
Feature.Catalog.Label.NeckAccessories,أكسسوارات للرقبة
Feature.Catalog.Label.New,جديد
Feature.Catalog.Label.NewCollectibles,عناصر محصّلة جديدة!
Feature.Catalog.Label.No,
Feature.Catalog.Label.NoLongerAvailable,هذا العنصر لم يعد متوفرًا
Feature.Catalog.Label.NoSellersWarning,عذرًا، لم يعرض أحد هذا العنصر للبيع
Feature.Catalog.Label.None,
Feature.Catalog.Label.NotAvailable,هذا العنصر غير متوفر حاليًا
Feature.Catalog.Label.OfferApplied,تم تطبيق العرض
Feature.Catalog.Label.OnSale,للبيع
Feature.Catalog.Label.OriginalPrice,السعر الأصلي
Feature.Catalog.Label.OutOfStock,
Feature.Catalog.Label.Owned,تملكه
Feature.Catalog.Label.PBR,المواد
Feature.Catalog.Label.PBR.false,أساسي
Feature.Catalog.Label.PBR.true,
Feature.Catalog.Label.PBRInfo,تستخدم عناصر الأفاتار ذات المواد المتقدمة تقنية العرض القائم على الأساس المادي (PBR) لتبدو أكثر طبيعية، حيث تتغير الإضاءة والظلال عليها وتلمع تمامًا كما يحدث في الحياة الواقعية.
Feature.Catalog.Label.PBRInfoTitle,العرض القائم على الأساس المادي (PBR)
Feature.Catalog.Label.ParticleEffects,تأثيرات الجسيمات
Feature.Catalog.Label.ParticleEffectsInfo,تُضفي العناصر ذات تأثيرات الجسيمات حركات بصرية تمنحها طابعًا ديناميكيًا وحيويًا.
Feature.Catalog.Label.Placement,الموضع
Feature.Catalog.Label.PrePremiumPrice,(سعر العنصر:
Feature.Catalog.Label.Premium,Premium
Feature.Catalog.Label.PremiumDiscount,أنت توفّر {percent}% مع Premium
Feature.Catalog.Label.PremiumOnly,متاح لمستخدمي Premium فقط
Feature.Catalog.Label.Price,
Feature.Catalog.Label.PriceColon,السعر:
Feature.Catalog.Label.PriceFromResale,{itemPrice} من إعادة البيع
Feature.Catalog.Label.PriceHighToLow,السعر مرتفع إلى منخفض
Feature.Catalog.Label.PriceLowToHigh,السعر منخفض إلى مرتفع
Feature.Catalog.Label.PriceRange,نطاق السعر
Feature.Catalog.Label.PriceUnavailable,
Feature.Catalog.Label.PurchaseConfirmation,هل تريد شراء {itemName} من {creatorName} بسعر {itemPrice}؟
Feature.Catalog.Label.Purchased,تم شراؤه!
Feature.Catalog.Label.QuantityLimitReached,عذرًا. لقد وضع المصمم حدًّا لعدد النسخ التي يمكن لمستخدم واحد شراؤها.
Feature.Catalog.Label.QuantitySold,الكمية المباعة
Feature.Catalog.Label.QuickMenuMarketplaceTitle,خيارات المتجر
Feature.Catalog.Label.RecentlyCreated,تم إنشاؤها مؤخرًا
Feature.Catalog.Label.RecentlyPublished,تم نشرها مؤخرًا
Feature.Catalog.Label.Recommendations,قد يعجبك أيضًا
Feature.Catalog.Label.Redeemed,تم الاسترداد بنجاح!
Feature.Catalog.Label.Relevance,الأهمية
Feature.Catalog.Label.RentOption,خيار الاستئجار
Feature.Catalog.Label.RentOptionInfo,جرب هذا العنصر لمدة 3 أيام بسعر أقل. يبدأ المؤقت بعد الشراء.
Feature.Catalog.Label.ReportItem,الإبلاغ عن العنصر
Feature.Catalog.Label.ResaleFeePolicy,سياسة رسوم إعادة البيع
Feature.Catalog.Label.Resellable,قابل للبيع
Feature.Catalog.Label.RobuxFee,بعد {feePercentage}% رسوم:
Feature.Catalog.Label.Sale,مبيع
Feature.Catalog.Label.SalePrice,سعر المبيع:
Feature.Catalog.Label.SaveAsCharacter,حفظ كشخصية
Feature.Catalog.Label.SaveOptions,خيارات الحفظ
Feature.Catalog.Label.Search,
Feature.Catalog.Label.SearchSuggestions,ربما تبحث عن
Feature.Catalog.Label.SellCut,أنت تكسب:
Feature.Catalog.Label.SellPageUpsell,البيع متاح فقط للمستخدمين المشتركين في عضوية Roblox Plus.
Feature.Catalog.Label.SellSuccess,العنصر للبيع
Feature.Catalog.Label.SerialNumberColon,الرقم التسلسلي:
Feature.Catalog.Label.ShoulderAccessories,أكسسوارات للكتف
Feature.Catalog.Label.SoldOut,
Feature.Catalog.Label.SupportsHeadShapes,يدعم أشكال الرأس
Feature.Catalog.Label.TakeOffResaleConfirmation,هل أنت متأكد من أنك تريد التوقف عن عرض هذا العنصر للبيع؟
Feature.Catalog.Label.TimedOptions,خيارات محددة بالوقت
Feature.Catalog.Label.Timer.Day.Plural,عدد الأيام المتبقية: {number}
Feature.Catalog.Label.Timer.Day.Singular,يتبقى يوم واحد
Feature.Catalog.Label.Timer.Hour.Plural,عدد الساعات المتبقية: {number}
Feature.Catalog.Label.Timer.Hour.Singular,يتبقى ساعة واحدة
Feature.Catalog.Label.Timer.Minute.Plural,عدد الدقائق المتبقية: {number}
Feature.Catalog.Label.Timer.Minute.Singular,يتبقى دقيقة واحدة
Feature.Catalog.Label.Timer.Second.Plural,عدد الثواني المتبقية: {number}
Feature.Catalog.Label.Timer.Second.Singular,يتبقى ثانية واحدة
Feature.Catalog.Label.Tops,ملابس علوية
Feature.Catalog.Label.Torso,
Feature.Catalog.Label.TotalItemsParenthesis,
Feature.Catalog.Label.TotalUnformatted,المجموع
Feature.Catalog.Label.Tradable,قابلة للتبادل
Feature.Catalog.Label.Trending,رائجة
Feature.Catalog.Label.TryOns,جرب
Feature.Catalog.Label.TryOnsMultiple,تجريب ({numItems})
Feature.Catalog.Label.Unlimited,Unlimited
Feature.Catalog.Label.Username,اسم المستخدم
Feature.Catalog.Label.UsingBundleParts,تستخدم {count} أجزاء من الحزمة
Feature.Catalog.Label.WaistAccessories,أكسسوارات للخصر
Feature.Catalog.Label.WearAfterPurchase,ارتداء العنصر بعد شرائه
Feature.Catalog.Label.WearAvatarAfterPurchase,ارتداء الأفاتار بعد شرائه
Feature.Catalog.Label.WearOutfitAfterPurchase,ارتداء الزي بعد الشراء
Feature.Catalog.Label.Yes,
Feature.Catalog.LabelAccessories,الأكسسوارات
Feature.Catalog.LabelAccessoryHats,قبعات
Feature.Catalog.LabelAllCreators,جميع المصممين
Feature.Catalog.LabelAllHeads,جميع الرؤوس
Feature.Catalog.LabelAllTime,كل الوقت
Feature.Catalog.LabelAnyPrice,أي سعر
Feature.Catalog.LabelClassicHeads,
Feature.Catalog.LabelCollectibles,عناصر محصّلة
Feature.Catalog.LabelContentDeleted,محتوى محذوف
Feature.Catalog.LabelFree,مجاني
Feature.Catalog.LabelNoResellers,لا يوجد بائعين
Feature.Catalog.LabelOffSale,
Feature.Catalog.LabelPants,
Feature.Catalog.LabelPastDay,البارحة
Feature.Catalog.LabelPastWeek,
Feature.Catalog.LabelShirts,
Feature.Catalog.LabelTShirts,
Feature.Catalog.Message.AvatarModerated,لم يستوفِ الأفاتار القواعد الإرشادية لمجتمعنا، يُرجى محاولة نشر أفاتار مختلف
Feature.Catalog.Message.AvatarModerationModerated,لم يستوفِ القواعد الإرشادية للمجتمع
Feature.Catalog.Message.AvatarModerationPending,قيد المراجعة
Feature.Catalog.Message.AvatarNotAvailable,لم يعد هذا الأفاتار متاحًا
Feature.Catalog.Message.AvatarSharePanel,
Feature.Catalog.Message.AvatarUnderReview,الأفاتار قيد المراجعة، يمكنك مشاركة أفاتارك بمجرد الموافقة عليه
Feature.Catalog.Message.BodyCategoryTooltip,اعثر على الرؤوس وتسريحات الشعر هنا
Feature.Catalog.Message.CannotBeResold,لا يمكن إعادة بيع هذا العنصر
Feature.Catalog.Message.CaptionLimit,
Feature.Catalog.Message.Checkout.PurchaseFailed,للمتابعة، راجِع العناصر أو أزلها
Feature.Catalog.Message.Checkout.UnavailableItems,لا يمكن شراء واحد أو أكثر من العناصر. يرجى إزالتها قبل المتابعة.
Feature.Catalog.Message.CollectiblesInfo,يمكن إعادة بيع عناصر التذكارات من مستخدم لآخر بعد فترة احتفاظ معينة، حتى لو لم تنفد الكمية الأصلية. كما يمكن لمشتركي Roblox Plus عرض عناصر التذكارات لإعادة البيع.
Feature.Catalog.Message.FTUXFavoritePillTooltip,أضِف هذا إلى المفضلة
Feature.Catalog.Message.Favorites.CategoryEmpty,لم تقم بحفظ أي شيء في هذه الفئة حتى الآن.
Feature.Catalog.Message.Favorites.Empty,لم تقم بحفظ أي شيء حتى الآن.
Feature.Catalog.Message.HighDefinitionCategoryTooltip,اكتشف أفضل العناصر المصمَّمة بإتقان على منصّة Roblox
Feature.Catalog.Message.HoldingPolicyL1,ستخضع عمليات الشراء من إعادة البيع لفترة تعليق تصل إلى {days} من الأيام. لا يمكن إعادة بيع العنصر إلا بعد انتهاء فترة التعليق هذه. يمكن لمستخدمي Plus فقط إعادة بيع العناصر.
Feature.Catalog.Message.HoldingPolicyL2,بعد الشراء، تصير المبيعات الأصلية معلقة لمدة تصل إلى {purchaseDays} (يوم). لا يمكن إعادة بيع العنصر إلا بعد انتهاء مدة التعليق هذه وسوف يكون لإعادة البيع مهلة تعليق أيضًا تصل إلى {resaleDays} (يوم). يمكن لمستخدمي Premium فقط إعادة بيع العناصر.
Feature.Catalog.Message.MustWearClothing,
Feature.Catalog.Message.ParticleEffectsWarning,
Feature.Catalog.Message.PriceCouldBeDifferent,قواعد تسعير العنصر تعتمد على نوعه
Feature.Catalog.Message.ReportCatalogItemPhrase,يمكنك إرسال بلاغ إلى فريق الإشراف لدينا. سنراجع العنصر ونتخذ الإجراء المناسب.
Feature.Catalog.Message.ResaleFeePolicy,"يتم تقاسم الإيرادات المتأتية من جميع معاملات ""المتجر""، بما في ذلك عمليات إعادة البيع، بين Roblox والمستخدمين المشاركين في عملية البيع. عندما تجري معاملة إعادة بيع ويوافق المشتري على سعرك المعروض، فإن {yourSharePercent}% من Robux التي يدفعها المشتري تذهب إليك بصفتك الموزع. و {robloxFeePercent}% الباقية تذهب إلى Roblox ومستخدمين آخرين بما في ذلك مصمم العنصر."
Feature.Catalog.Message.SuccessfullyPosted,
Feature.Catalog.Message.TitleLimit,
Feature.Catalog.RFYFeedTitle,متابعة الاستعراض
Feature.Catalog.RFYWidgetTitle,عناصر مُوصى بها
Feature.Catalog.Response.GenericError,حدث خطأ. الرجاء المحاولة لاحقًا.
Feature.Catalog.Response.NoItemsFound,لم يتم العثور على عناصر.
Feature.Catalog.Response.PlacedOnSaleSuccess,تم وضعه للبيع بنجاح
Feature.Catalog.Response.ReportSubmitted,تم تقديم البلاغ وسيطّلع عليه فريقنا قريبًا.
Feature.Catalog.Response.TakenOffSaleSuccess,تمت إزالته من البيع بنجاح
Feature.Catalog.Search.LandingPage.Empty,ابحث حسب الألوان والأنواع والمواضيع وغيرها
Feature.Catalog.Search.Placeholder,ابحث عن عناصر وملابس
Feature.Catalog.Text.OfferAppliedToHighestItem,تم تطبيق العرض على العنصر الأعلى سعرًا
Feature.Catalog.Title.AvatarSharePanel,أفاتارك جاهز للمشاركة
Feature.Catalog.Title.Checkout,
Feature.Catalog.Title.Checkout.ClearAllItemsOnAvatarTitle,هل تريد مسح كل العناصر؟
Feature.Catalog.Title.Checkout.GoToCustomizeTitle,الانتقال إلى التخصيص للتحرير
Feature.Catalog.Title.Checkout.ItemRemovedSingular,تمت إزالة العنصر
Feature.Catalog.Title.Checkout.ItemReplacedOnAvatarTitle,تم استبدال العنصر
Feature.Catalog.Title.Checkout.ItemsPurchased,تم شراء {count} من العناصر
Feature.Catalog.Title.Checkout.OfferFailedToFetch,تعذَّر الحصول على العروض المتاحة، يُرجى المحاولة لاحقًا.
Feature.Catalog.Title.Checkout.OfferFailedToUpdate,تعذَّر تبديل العرض، يُرجى المحاولة مرة أخرى لاحقًا.
Feature.Catalog.Title.Checkout.PurchaseFailedPlural,
Feature.Catalog.Title.Checkout.PurchaseFailedSingular,تعذَّر شراء عنصر واحد
Feature.Catalog.Title.Checkout.TryOnMultipleItemsFtuxBody,عند الضغط، ستضاف العناصر إلى أفاتارك حتى تتمكن من بناء مظهر كامل. يُسمح لك بارتداء عنصر واحد فقط من كل فئة.
Feature.Catalog.Title.Checkout.TryOnMultipleItemsFtuxTitle,جرّب عدة عناصر في نفس الوقت
Feature.Catalog.Title.Checkout.UnavailableItems,العناصر غير المتوفرة
Feature.Catalog.Title.Checkout.WearAvatarReplaceAllItemsTitle,هل تريد ارتداء الأفاتار؟
Feature.Catalog.Title.CheckoutPlural,إتمام الدفع وإنهاء التسوق لعدد {count} من العناصر
Feature.Catalog.Title.CheckoutSingular,
Feature.Catalog.Title.Makeup.MakeupMax6LayersPromptTitle,هل تريد استبدال الطبقة السفلية؟
Feature.Catalog.Title.RentalFtuxText,يمكنك استئجار عنصر لتجربته لمدة 3 أيام
Feature.Catalog.Toast.AddedToFavorites,تمت الإضافة إلى المفضلة
Feature.Catalog.Toast.AvatarPriceChangedBecauseOfOwned,تم تغيير السعر لأنك تملك {number} من العناصر
Feature.Catalog.Toast.AvatarUnderReview,"الأفاتار تحت المراجعة.
يمكنك مشاركة أفاتارك بعد أن تتم مراجعته"
Feature.Catalog.Toast.FavoritedLook,تمت إضافة الأفاتار إلى المفضلة!
Feature.Catalog.Toast.LinkCopied,تم نسخ الرابط إلى الحافظة
Feature.Catalog.Toast.RemovedFromFavorites,تمت الإزالة من المفضلة
Feature.Catalog.Toast.UnfavoritedLook,تمت إزالة الأفاتار من المفضلة
Feature.Catalog.TrustedConnection.Label.Trusted,
Feature.Chat.Action.Add,
Feature.Chat.Action.Cancel,
Feature.Chat.Action.Confirm,
Feature.Chat.Action.Continue,
Feature.Chat.Action.Copy,نسخ
Feature.Chat.Action.Create,
Feature.Chat.Action.Delete,
Feature.Chat.Action.Edit,
Feature.Chat.Action.GroupOSADoNotJoin,عدم الانضمام
Feature.Chat.Action.GroupOSAJoin,
Feature.Chat.Action.LearnMore,
Feature.Chat.Action.Leave,
Feature.Chat.Action.MuteVoice,كتم الصوت
Feature.Chat.Action.Remove,
Feature.Chat.Action.RemoveFromGroup,
Feature.Chat.Action.RemoveUser,إزالة المستخدم
Feature.Chat.Action.Reply,رد
Feature.Chat.Action.Report,
Feature.Chat.Action.ReportUser,الإبلاغ عن المستخدم
Feature.Chat.Action.Save,
Feature.Chat.Action.StartChatWithFriends,
Feature.Chat.Action.Stay,
Feature.Chat.Action.Translate,ترجم
Feature.Chat.Action.UnmuteVoice,إلغاء كتم الصوت
Feature.Chat.Action.ViewAssetDetails,عرض التفاصيل
Feature.Chat.Description.ConversationInviteGroupCreatedOn,تم إنشاء المجموعة في {creation_date}
Feature.Chat.Description.CreateUnfilteredChatCell,ستتم دعوة جميع أعضاء هذه المجموعة، لكن بعضهم غير مؤهل للانضمام.
Feature.Chat.Description.CreateUnfilteredChatDialog,"بفضل ميزات الدردشة الشاملة، يمكنك الدردشة دون فلاتر.

ستتم دعوة كل أعضاء هذه المجموعة، إلا أن بعضهم غير مؤهلين للانضمام."
Feature.Chat.Description.CreateUnfilteredChatWithVoice,"بفضل ميزات الدردشة الشاملة، يمكنك الدردشة دون فلاتر واستخدام المحادثة الصوتية.

ستتم دعوة كل أعضاء هذه المجموعة، إلا أن بعضهم غير مؤهلين للانضمام."
Feature.Chat.Description.ExpressiveChatLearnMore,"تتيح لك ميزات الدردشة المتقدمة إمكانية إجراء الدردشة بدون فلترة والدردشة الصوتية الجماعية.

يتطلب الوصول إلى الدردشة المتقدمة أن يكون كل الأعضاء مؤهلين وأن تتم ترقية الدردشة في حسابك."
Feature.Chat.Description.InlineContextCardDescription,كن حذرًا عند الدردشة مع الأشخاص المجهولين. لا تقم بمشاركة معلوماتك الشخصية أو الانتقال إلى تطبيق آخر للدردشة. يمكنك حظر أي شخص أو الإبلاغ عنه من ملفه الشخصي.
Feature.Chat.Description.NameGroup,اسم مجموعتك
Feature.Chat.Description.NameGroupChat,اعط اسمًا لمجموعة الدردشة
Feature.Chat.Description.OSAContextCardDescription,سلامتك تهمنا. هل تشعر بعدم ارتياح تجاه هذا الشخص؟ يمكنك حظره أو الإبلاغ عنه في أي وقت من ملفه الشخصي.
Feature.Chat.Description.OSAGroupDescriptionWithLinker,سلامتك تهمنا. يمكنك حظر أي شخص أو الإبلاغ عنه في أي وقت من ملفه الشخصي. <a href='{osaViewDetailsUrl}'>عرض التفاصيل.</a>
Feature.Chat.Description.SnoozeDescription,يمكنك إيقاف تشغيل الإشعارات في قائمة التجارب
Feature.Chat.Drawer.Join,
Feature.Chat.Heading.ChatWithConnections,استمتع بالدردشة مع جهات الاتصال
Feature.Chat.Heading.ChatWithFriends,الدردشة مع الأصدقاء
Feature.Chat.Heading.CreateUnfilteredChatDialog,هل تريد إنشاء مجموعة جديدة تتضمن ميزات الدردشة الشاملة؟
Feature.Chat.Heading.ExpressiveChat,الدردشة المتقدمة
Feature.Chat.Heading.FailedToLeaveGroup,تعذرت مغادرة المجموعة
Feature.Chat.Heading.FailedToRemoveUser,تعذّر إزالة المستخدم
Feature.Chat.Heading.FirstConversationWith,أول محادثة مع {displayName}
Feature.Chat.Heading.FirstConversationWithThisUser,أول محادثة مع هذا الشخص
Feature.Chat.Heading.FirstInteractionWith,أول تفاعل مع {displayName}
Feature.Chat.Heading.FirstInteractionWithThisPerson,أول تفاعل مع هذا الشخص
Feature.Chat.Heading.LeaveGroup,مغادرة المجموعة
Feature.Chat.Heading.PartyWithConnections,فرقة مع جهات التواصل
Feature.Chat.Heading.PartyWithFriends,فرقة مع الأصدقاء
Feature.Chat.Heading.SafeChattingWithThisUser,حافِظ على سلامتك أثناء الدردشة مع هذا الشخص
Feature.Chat.Heading.SafeChattingWithUsername,حافِظ على سلامتك أثناء الدردشة مع {displayName}
Feature.Chat.Heading.UserInvitedYouToJoin,تمت دعوتك من {combinedName} للانضمام إلى الدردشة
Feature.Chat.Heading.UserInvitedYouToJoinAGroup,تمت دعوتك من {combinedName} للانضمام إلى مجموعة
Feature.Chat.Heading.YouWereInvitedToGroup,لقد تلقيتَ دعوة للانضمام إلى المجموعة
Feature.Chat.Label.AddConnections,إضافة جهات تواصل
Feature.Chat.Label.AddFriends,
Feature.Chat.Label.Available,متاحة
Feature.Chat.Label.Blocked,محظور
Feature.Chat.Label.ChatDetails,تفاصيل المحادثة
Feature.Chat.Label.ChatDisabled,الدردشة معطّلة
Feature.Chat.Label.ChatGroupName,اسم مجموعة الدردشة
Feature.Chat.Label.ChatInputPlaceholder,قل شيئًا
Feature.Chat.Label.ContentLoadingFailed,تعذَّر تحميل هذا المحتوى
Feature.Chat.Label.CreateUnfilteredChat,إنشاء مجموعة تتضمن ميزات الدردشة الشاملة
Feature.Chat.Label.Details,
Feature.Chat.Label.ExpandedChatFeatures,ميزات الدردشة المتقدمة
Feature.Chat.Label.General,
Feature.Chat.Label.Group.ThemRepliedToOther,{DISPLAY_NAME_1} أجاب {DISPLAY_NAME_2}
Feature.Chat.Label.Group.ThemRepliedToThem,{DISPLAY_NAME} أجاب نفسه
Feature.Chat.Label.Group.ThemRepliedToYou,{DISPLAY_NAME} أجاب عليك
Feature.Chat.Label.Group.YouRepliedToThem,أنت أجبت {DISPLAY_NAME}
Feature.Chat.Label.GroupName,اسم المجموعة
Feature.Chat.Label.HoverToReplyTooltip,المرور فوق للرد
Feature.Chat.Label.InGameFriendsChatNotifications,إشعارات الدردشة مع الأصدقاء داخل اللعبة
Feature.Chat.Label.Loading,
Feature.Chat.Label.LongPressToReplyTooltip,اضغط مطولًا للرد
Feature.Chat.Label.Members,الأعضاء
Feature.Chat.Label.MessageNotAvailable,هذه الرسالة غير متوفرة
Feature.Chat.Label.MuteInGameChatToastNotifications,كتم إشعارات الدردشة داخل اللعبة
Feature.Chat.Label.MuteInGamePartyToastNotifications,كتم إشعارات الفرقة داخل اللعبة
Feature.Chat.Label.New,
Feature.Chat.Label.NoChatFound,لم يتم العثور على أي رسائل دردشة
Feature.Chat.Label.NoDescriptionYet,لا يوجد وصف حتى الآن.
Feature.Chat.Label.NotImplementedMessageType,لا يمكن عرض هذه الرسالة.
Feature.Chat.Label.NotSet,لم يتم التعيين
Feature.Chat.Label.OneToOne.ThemRepliedToThem,أجاب نفسه
Feature.Chat.Label.OneToOne.ThemRepliedToYou,أجابك
Feature.Chat.Label.OneToOne.YouRepliedToThem,أنت أجبت
Feature.Chat.Label.Pending,معلق
Feature.Chat.Label.PrivacySettings,إعدادات الخصوصية
Feature.Chat.Label.ReplyChatInputPlaceholder,الرد على {DISPLAY_NAME}
Feature.Chat.Label.ReplyToYourselfChatInputPlaceholder,رد على رسالتك
Feature.Chat.Label.ReplyingToOthers,رسالة {DISPLAY_NAME} مفادها...
Feature.Chat.Label.ReplyingToYourself,رسالتك مفادها…
Feature.Chat.Label.SearchConnections,البحث عن جهات اتصال
Feature.Chat.Label.SearchFriends,البحث عن أصدقاء
Feature.Chat.Label.SearchWord,
Feature.Chat.Label.SnoozeChatNotifications,كتم إشعارات الدردشة داخل التجربة:
Feature.Chat.Label.SnoozePartyNotifications,كتم إشعارات الفرقة داخل التجربة لمدة:
Feature.Chat.Label.SwipeToReplyTooltip,اسحب للرد
Feature.Chat.Label.TimestampDaysAbbreviatedPlural,{num_days}ي
Feature.Chat.Label.TimestampHoursAbbreviatedPlural,{num_hours}س
Feature.Chat.Label.TimestampMinutesAbbreviatedPlural,{num_minutes}د
Feature.Chat.Label.TimestampNow,الآن
Feature.Chat.Label.TimestampOneDayAbbreviated,1ي
Feature.Chat.Label.TimestampOneHourAbbreviated,1س
Feature.Chat.Label.TimestampOneMinuteAbbreviated,1د
Feature.Chat.Label.TimestampOneWeekAbbreviated,1أ
Feature.Chat.Label.TimestampWeeksAbbreviatedPlural,{num_weeks}أ
Feature.Chat.Label.Unavailable,غير متاحة
Feature.Chat.Label.UnfilteredChat,الدردشة غير خاضعة للفلترة
Feature.Chat.Label.UnknownUser,مستخدم غير معروف
Feature.Chat.Label.User,المستخدم
Feature.Chat.Label.ViewProfile,عرض الملف الشخصي
Feature.Chat.Label.YouRepliedToYou,أنت أجبت نفسك
Feature.Chat.Message.AddConnectionsLimit,يمكنك إضافة ما يصل إلى {connectionsNum} من جهات التواصل في مجموعة الدردشة.
Feature.Chat.Message.AddConnectionsPartyLimit,يمكنك الحصول على {connectionsNum} من جهات التواصل كحد أقصى في الفرقة.
Feature.Chat.Message.AddConnectionsPartyLimitSingular,يمكنك إنشاء فرقة مع جهة تواصل واحدة فقط بسبب إعدادات الخصوصية في حسابك.
Feature.Chat.Message.AddFriendsLimit,يمكنك الحصول على ما يصل إلى {connectionsNum} من الأصدقاء في مجموعة الدردشة.
Feature.Chat.Message.AddFriendsPartyLimit,يمكنك الحصول على {connectionsNum} من الأصدقاء كحد أقصى في الحفلة.
Feature.Chat.Message.AddFriendsPartyLimitSingular,يمكنك إنشاء مجموعة مع صديق واحد فقط بسبب إعدادات الخصوصية لديك.
Feature.Chat.Message.CannotBeDisplayedThirdPerson,تم إرسال رسالة من {displayName} لا يمكن عرضها
Feature.Chat.Message.ChatIsDisabledByPrivacySetting,تم تعطيل الدردشة. يمكنك تمكينها مرة أخرى في إعدادات الخصوصية في حسابك.
Feature.Chat.Message.ChatUnavailableRegion,الدردشة غير متاحة في منطقتك في الوقت الحالي.
Feature.Chat.Message.ChatUnavailableWithUser,الدردشة غير متاحة مع هذا المستخدم في الوقت الحالي.
Feature.Chat.Message.Default,ليس كل شخص في هذه المحادثة يمكنه رؤية رسالتك.
Feature.Chat.Message.EnableChat,للدردشة مع جهات التواصل، يُرجى تشغيل خاصية الدردشة في إعدادات الخصوصية في حسابك.
Feature.Chat.Message.EnableChat.FriendsRename,للدردشة مع الأصدقاء، شغل الدردشة في إعدادات الخصوصية لديك.
Feature.Chat.Message.EnableParty,لإنشاء فرقة مع جهات التواصل، يُرجى تشغيل ميزة الفرقة في إعدادات الخصوصية في حسابك.
Feature.Chat.Message.EnableParty.FriendsRename,لإنشاء مجموعة مع الأصدقاء، شغّل المجموعة في إعدادات الخصوصية لديك.
Feature.Chat.Message.FailedToLeaveGroup,تعذرت إزالتك من المحادثة {CONVERSATION_TITLE}.
Feature.Chat.Message.FailedToLeaveGroup.V2,لم نتمكن من إزالتك من المجموعة {CONVERSATION_TITLE}.
Feature.Chat.Message.FailedToRemoveUser,المستخدم {USERNAME} لا يمكن إزالته من المحادثة {CONVERSATION_TITLE}.
Feature.Chat.Message.FailedToRemoveUser.V2,لم نتمكن من إزالة المستخدم {USERNAME} من المجموعة {CONVERSATION_TITLE}.
Feature.Chat.Message.FailedToRenameConversation,لا يمكن إعادة تسمية المحادثة {EXISTING_NAME} إلى {NEW_NAME}.
Feature.Chat.Message.FailedToRenameConversation.V2,لم نتمكن من إعادة تسمية المجموعة {EXISTING_NAME} إلى {NEW_NAME}.
Feature.Chat.Message.GroupConnectionLimitSingular,يمكنك إضافة جهة تواصل واحدة فقط للدردشة معها.
Feature.Chat.Message.GroupFriendLimitSingular,يمكنك إضافة صديق واحد فقط للدردشة معه.
Feature.Chat.Message.LeaveGroup,لن تتمكن من مواصلة الدردشة مع هذه المجموعة.
Feature.Chat.Message.LeaveGroup.V2,هل أنت متأكد من أنك تريد مغادرة هذه المجموعة؟
Feature.Chat.Message.MakeConnectionsToChat,أضِف جهات تواصل على Roblox لبدء الدردشة معها
Feature.Chat.Message.MakeConnectionsToParty,أضِف جهات تواصل على Roblox لإنشاء فرقة معًا
Feature.Chat.Message.MakeFriendsToChat,أنشئ صداقات على Roblox لبدء الدردشة معها
Feature.Chat.Message.MakeFriendsToParty,كوّن صداقات على Roblox لإنشاء فرقة معًا
Feature.Chat.Message.MessageContentModerated,تم الإشراف على رسالتك ولم يتم إرسالها.
Feature.Chat.Message.MessageUnavailable,الرسالة غير متوفرة
Feature.Chat.Message.OneUserTyping,{DISPLAY_NAME} يكتب...
Feature.Chat.Message.PartyUnavailableRegion,لا تتوفر إمكانية إنشاء فرقة في منطقتك في الوقت الحالي.
Feature.Chat.Message.PartyUnavailableWithUser,لا تتوفر إمكانية إنشاء فرقة مع هذا المستخدم في الوقت الحالي.
Feature.Chat.Message.RemoveUser,هل أنت متأكد من أنك تريد إزالة {USERNAME} من مجموعة الدردشة هذه؟
Feature.Chat.Message.RemoveUser.V2,هل أنت متأكد من أنك تريد إزالة {USERNAME} من هذه المجموعة؟
Feature.Chat.Message.RemovedFromConversation,لقد تمت إزالتك من المجموعة.
Feature.Chat.Message.SeveralUsersTyping,العديد من المستخدمين يكتبون...
Feature.Chat.Message.TurnOnChat,
Feature.Chat.Message.TurnOnParty,لإنشاء فرقة مع الأصدقاء، شغّل الفرقة في إعدادات الخصوصية لديك.
Feature.Chat.Message.TwoUsersTyping,{DISPLAY_NAME_1} و {DISPLAY_NAME_2} يكتبان...
Feature.Chat.PresetChat.Disclaimer,تتيح العبارات السريعة للاعبين من جميع الأعمار تنسيق اللعب.
Feature.Chat.Response.ChatNameFullyModerated,تم الإشراف على اسم مجموعة الدردشة.
Feature.Chat.Response.ChatNameFullyModerated.V2,تم الإشراف على اسم المجموعة.
Feature.Chat.Response.NetworkError,خطأ في الشبكة
Feature.Chat.RobloxConnectUnavailableWithUser,لا تتوفر ميزة Roblox Connect مع هذا المستخدم في الوقت الحالي.
Feature.Chat.ShareGameToChat.Favorites,المفضلات
Feature.Chat.ShareGameToChat.FriendActivity,نشاط الأصدقاء
Feature.Chat.ShareGameToChat.NoFavoriteGames,لا يوجد مفضلة
Feature.Chat.ShareGameToChat.NoFriendActivity,ليس لديك نشاط صديق
Feature.Chat.ShareGameToChat.NoPopularGames,لا توجد تجارب شعبية متاحة
Feature.Chat.ShareGameToChat.NoRecentGames,لا تجارب حديثة
Feature.Chat.ShareGameToChat.Popular,شعبية
Feature.Chat.ShareGameToChat.Recent,حديثة
Feature.Chat.Text.NoConnections,لم تضف أي جهات تواصل حتى الآن. للبدء، ابحث عن جهات التواصل وأضفها على Roblox.
Feature.Chat.Text.NoFriends,لم تضف أي أصدقاء بعد. للبدء، ابحث عن أصدقائك على منصّة Roblox ثم أضفهم.
Feature.Chat.Title.FriendsChat,دردشة الأصدقاء
Feature.Chat.Title.MuteChatNotifications,كتم إشعارات الدردشة من الأصدقاء أثناء اللعب
Feature.Chat.Title.NewChat,دردشة جديدة
Feature.Chat.Toast.Error.InvalidUserSelected,لا يمكن إضافة شخص واحد أو أكثر من الأشخاص المُدرجين ضمن هذه القائمة
Feature.ContactUpsell.Action.Continue,
Feature.ContactUpsell.Heading.LetFriendsFindYou,السماح لأصدقائك بالبحث عنك
Feature.Contacts.Action.Invite,دعوة
Feature.Contacts.Action.Search,البحث في جهات الاتصال
Feature.Contacts.Description.AddFromContactsDescription,أضف جهات اتصال للتواصل على منصّة Roblox. إذا كان كلا المستخدمين قد تم التحقُّق من أن أعمارهم 13 عامًا أو أكثر، فستصبحان جهات تواصل موثوقة.
Feature.Contacts.Description.AddFromContactsTrustedFriends,أضف جهات اتصال للتواصل على منصّة Roblox. إذا كان كلا المستخدمين قد تم التحقُّق من أن أعمارهم 13 عامًا أو أكثر، فستصبحان أصدقاء موثوقين.
Feature.Contacts.Description.ContactsList,مع من تريد استكشاف Roblox؟ أرسل لهم رابط دعوة لإنشاء صداقة على Roblox!
Feature.Contacts.Description.ContactsListDescription,للمزيد من المرح والتشويق، يمكنك إضافة جهات تواصل أو إرسال طلبات تواصل إلى قائمة جهات الاتصال لديك.
Feature.Contacts.Description.ContactsMixedList,مع من تحب استكشاف Roblox؟ إضافة أصدقاء على Roblox أو إرسال رابط طلب صداقة.
Feature.Contacts.Description.ContactsProfileView,جهة اتصالك {contactName} تستعمل Roblox. ستتمكن من مشاهدة ملفها الشخصي بالكامل بمجرد إنشاء صداقة هنا.
Feature.Contacts.FindFriendsBanner.Button,
Feature.Contacts.FindFriendsBanner.Description,شاهد أي من أصدقائك يستخدم Roblox عن طريق إضافة رقم هاتفك.
Feature.Contacts.FindFriendsBanner.DescriptionPV,ستظهر جهات اتصالك هنا عندما ينضم أحدها إلى Roblox.
Feature.Contacts.FindFriendsBanner.DescriptionV2,يمكننا مساعدتك على ربطك بأصدقائك عن طريق إضافة رقم هاتفك.
Feature.Contacts.Heading.HelpFriendsFindYou,ساعد أصدقائك في العثور عليك
Feature.Contacts.Heading.LetFriendsFindYou,السماح للأصدقاء بالبحث عنك
Feature.Contacts.Heading.SettingSaved,تم حفظ الإعداد.
Feature.Contacts.Label.DiscoverabilityOptIn,ساعدني في الظهور لمستخدمي Roblox بناء على رقم هاتفي.
Feature.Contacts.Label.Invite,دعوة إلى Roblox
Feature.Contacts.Label.OnRoblox,على Roblox
Feature.Contacts.Message.AddFriends,
Feature.Contacts.Message.ContactDiscoverable,لمساعدتك في إنشاء صداقات، سيتمكن مستخدمو Roblox، الذين حفظوا رقم هاتفك في جهات اتصالهم، من إضافتك ومعاينة اسمك كما حفظوه على هاتفهم.
Feature.Contacts.Message.ContactsSyncWarning,ستتم مزامنة جهات اتصالك بانتظام وسيتم تخزين المطابقات مع مستخدمي منصّة Roblox الآخرين لمساعدتك في العثور على الأصدقاء. يمكنك إدارة ذلك في أي وقت في إعدادات الجهاز.
Feature.Contacts.Message.InviteToRoblox,أضفني كصديق على منصّة Roblox حتى نتمكن من إنشاء ومشاركة واستكشاف التجارب معًا.
Feature.Contacts.Message.NoResults,لا توجد نتائج.
Feature.DeveloperProducts.Label.Product,
Feature.DisplayName.ErrorMessage.AgedUpNameContainPII,لعل الاسم يحتوي على معلومات خاصة
Feature.DisplayName.ErrorMessage.AgedUpNameHasChanged,لقد غيرتَ اسمك بالفعل في الأيام السبعة الماضية
Feature.DisplayName.ErrorMessage.AgedUpNameInappropriate,الاسم غير ملائم على Roblox
Feature.DisplayName.ErrorMessage.AgedUpNameNotAvailable,الاسم غير متاح
Feature.DisplayName.ErrorMessage.AgedUpNameTooLong,لا يمكن أن يحتوي الاسم على أكثر من 20 حرفًا
Feature.DisplayName.ErrorMessage.AgedUpNameTooShort,لا بد أن يحتوي اسم العرض على 3 أحرف على الأقل
Feature.DisplayName.ErrorMessage.AgedUpNameUnsupportedChars,يحتوي الاسم على أحرف غير مدعومة
Feature.DisplayName.ErrorMessage.NameContainPII,لعل اسم العرض يحتوي على معلومات خاصة
Feature.DisplayName.ErrorMessage.NameHasChanged,تم مسبقًا تغيير اسم العرض الخاص بك في الأيام السبع الماضية
Feature.DisplayName.ErrorMessage.NameInappropriate,اسم العرض غير ملائم على Roblox
Feature.DisplayName.ErrorMessage.NameMoreThanOneCharacterKind,لا يمكن أن تحتوي الأسماء على أكثر من نوع واحد من الأحرف
Feature.DisplayName.ErrorMessage.NameNotAvailable,اسم العرض غير متاح
Feature.DisplayName.ErrorMessage.NameTooLong,لا يمكن أن يحتوي الاسم على أكثر من 20 حرفاً
Feature.DisplayName.ErrorMessage.NameTooShort,لا بد أن يكون اسم العرض 3 أحرف على الأقل
Feature.DisplayName.ErrorMessage.NameUnsupportedChars,اسم العرض يحتوي على أحرف غير مدعومة
Feature.DisplayName.ErrorMessage.SomethingWentWrong,
Feature.Durables.BottomBar.RentalDuration,لمدة {num} يوم
Feature.Durables.BottomBar.RentalDurationPlural,لمدة {num} من الأيام
Feature.Durables.FTUX.Tooltip,اختَر عدد الأيام التي تريد امتلاك العنصر فيها. يبدأ المؤقت بعد الشراء.
Feature.Durables.InfoModal.Description,يمكنك اختيار المدة التي تحتفظ فيها بالعنصر. تعرض أيقونة الساعة الخيارات المستندة إلى الوقت، والتي توفر مرونة أكبر بأسعار أقل.
Feature.Durables.InfoModal.Title,نقدِّم لك خيارات محددة بالوقت
Feature.Durables.ItemDetails.WearTimeOptions.Button.Infinite,دائم
Feature.Durables.ItemDetails.WearTimeOptions.Button.XDay,{num} يوم
Feature.Durables.ItemDetails.WearTimeOptions.Button.XDays,{num} من الأيام
Feature.Durables.ItemDetails.WearTimeOptions.Title,الخيارات
Feature.Durables.Label.ItemExpires,انتهاء صلاحية العنصر
Feature.Durables.PartiallyExpiredItems.BodyText,انتهت صلاحية بعض العناصر في هذا الأفاتار المحفوظ وتمت إزالتها.
Feature.Durables.PartiallyExpiredItems.TitleText,انتهت صلاحية العناصر
Feature.Durables.UnifiedBuyModal.Subtitle.TimedOptionText,{days} من الأيام (تبدأ بعد الشراء)
Feature.DynamicUI.Translation.Reporting.IllegalContentEUBody,للإبلاغ عن محتوى غير قانوني كما حدده قانون الخدمات الرقمية الأوروبي، يرجى زيارة الموقع التالي: https://www.roblox.com/illegal-content-reporting
Feature.EmptyStatePage.Message.NoInternet,لا يوجد اتصال بالإنترنت
Feature.EnhancedVideo.Label.Ad,إعلان
Feature.ExperienceDetails.Action.ExitFullScreen,الخروج من وضع ملء الشاشة
Feature.ExperienceDetails.Action.FullScreen,
Feature.ExperienceDetails.Action.Mute,
Feature.ExperienceDetails.Action.Unmute,
Feature.ExperienceDetails.AskYourParentModal.Action.AskNow,اطلب الآن
Feature.ExperienceDetails.AskYourParentModal.Action.Cancel,
Feature.ExperienceDetails.AskYourParentModal.Label.Body,للانضمام إلى هذه تجربة، تحتاج إلى الحصول على إذن الوالدين.
Feature.ExperienceDetails.AskYourParentModal.Label.Title,
Feature.ExperienceDetails.AskYourParentToAllowGameModal.Label.Body,أنت بحاجة إلى إذن الوالدين للانضمام إلى هذه اللعبة.
Feature.ExperienceDetails.Label.NotPlayable,غير قابلة للتشغيل
Feature.ExperienceDetails.PlayButtonMessage.AgreeToNotice,أوافق على الملاحظات من خلال تشغيل هذه التجربة
Feature.ExperienceDetails.PlayButtonText.ActionNeeded,
Feature.ExperienceDetails.PlayButtonText.Buy,
Feature.ExperienceDetails.PlayButtonText.Play,
Feature.ExperienceDetails.PlayButtonText.PlayDemo,لعب تجريبي
Feature.ExperienceDetails.PlayButtonText.Unavailable,
Feature.ExperienceDetails.PlayButtonText.Unlock,
Feature.ExperienceDetails.RestrictedUnplayableModal.Action.Ok,
Feature.ExperienceDetails.RestrictedUnplayableModal.Label.Body,يمكن فقط للبالغين الذين لا تقل أعمارهم عن 18 عامًا الوصول إلى التجارب المقيّدة.
Feature.ExperienceDetails.RestrictedUnplayableModal.Label.Title,المحتوى مقيّد
Feature.ExperienceDetails.UnplayableError.AccountRestricted,لا يمكن الوصول إلى هذه التجربة بسبب إعداداتك الخاصة بالمحتوى الخاص بالبالغين
Feature.ExperienceDetails.UnplayableError.ComplianceBlocked,هذه التجربة غير متاحة حاليًا
Feature.ExperienceDetails.UnplayableError.ContextualPlayabilityAgeGated,لا يمكن الوصول إلى هذه التجربة بسبب قيود على العمر
Feature.ExperienceDetails.UnplayableError.ContextualPlayabilityAgeGatedByDescriptor,
Feature.ExperienceDetails.UnplayableError.ContextualPlayabilityAgeRecommendationParentalControls,للانضمام إلى هذه التجربة، حدِّث إعداداتك الخاصة بالمحتوى الخاص بالبالغين.
Feature.ExperienceDetails.UnplayableError.ContextualPlayabilityExperienceBlockedParentalControls,حظرَ والداك هذه التجربة. للانضمام إلى هذه التجربة، اطلب الإذن من والديك في الإعدادات.
Feature.ExperienceDetails.UnplayableError.ContextualPlayabilityRegionalAvailability,هذه التجربة غير متاحة حاليًا في منطقتك
Feature.ExperienceDetails.UnplayableError.ContextualPlayabilityRegionalCompliance,
Feature.ExperienceDetails.UnplayableError.ContextualPlayabilityUnrated,لا يمكن الوصول إلى هذه التجربة لأنها غير مصنّفة
Feature.ExperienceDetails.UnplayableError.DeviceRestrictedCustom,هذه التجربة غير متاحة على {device}
Feature.ExperienceDetails.UnplayableError.DeviceRestrictedDefault,هذه التجربة غير متاحة على جهازك
Feature.ExperienceDetails.UnplayableError.FiatPurchaseDeviceRestricted,هذه التجربة غير قابلة للشراء على هذا الجهاز
Feature.ExperienceDetails.UnplayableError.GameUnapproved,
Feature.ExperienceDetails.UnplayableError.IncorrectConfiguration,
Feature.ExperienceDetails.UnplayableError.InsufficientPermissionFriendsOnly,ليست لديك حاليًا صلاحية الوصول إلى هذه التجربة
Feature.ExperienceDetails.UnplayableError.InsufficientPermissionGroupOnly,
Feature.ExperienceDetails.UnplayableError.PlaceHasNoPublishedVersion,
Feature.ExperienceDetails.UnplayableError.TemporarilyUnavailable,
Feature.ExperienceDetails.UnplayableError.UnderReview,هذه التجربة قيد المراجعة حاليًا
Feature.ExperienceDetails.UnplayableError.UniverseRootPlaceIsPrivate,هذه التجربة خاصة
Feature.ExperienceDetails.UnplayableError.UnplayableOther,
Feature.ExperienceDetails.UpdateMaturitySettingModal.Action.Cancel,
Feature.ExperienceDetails.UpdateMaturitySettingModal.Action.GoToSettings,
Feature.ExperienceDetails.UpdateMaturitySettingModal.Console.Action.Ok,
Feature.ExperienceDetails.UpdateMaturitySettingModal.Console.Label.Body,للانضمام إلى هذه التجربة، حدِّث إعدادات مدى حساسية المحتوى على الويب أو جهازك.
Feature.ExperienceDetails.UpdateMaturitySettingModal.Console.Label.Title,لا يمكن الوصول إلى المحتوى
Feature.ExperienceDetails.UpdateMaturitySettingModal.Label.Body,للوصول إلى هذه التجربة، قم أولاً بتحديث إعدادات مدى حساسية المحتوى لديك.
Feature.ExperienceDetails.UpdateMaturitySettingModal.Label.Title,
Feature.FAE.Action.Continue,
Feature.FAE.Action.Unlock,
Feature.FAE.Action.UnlockChat,
Feature.FAE.CheckIfYouCanJoinGame,دعنا نتحقّق مما إذا كان بإمكانك الانضمام إلى هذه اللعبة.
Feature.FAE.Label.ChatWithFriends,
Feature.FAE.Label.DayLeft,
Feature.FAE.Label.DaysLeft,{daysLeft} من الأيام المتبقية
Feature.FAE.Label.GetASecureAgeCheckToUnlockChatAndAddTrustedFriends,أكمِل إجراءات تقدير العمر الآمنة لفتح الدردشة وإضافة أصدقاء موثوق بهم.
Feature.FAE.Label.LetsCheckYourAge,
Feature.FAE.Label.LetsCheckYourAgeSoYouCanUseChat,دعنا نتحقّق من عمرك حتى تتمكن من استخدام الدردشة
Feature.FAE.Label.ModalBodyInApp,التقاط صورة سيلفي يساعدنا في التحقُّق من عمرك، ولن نستخدمها إلا لغرض هذا التحقُّق من العمر فقط. هذه خطوة أساسية ضمن جهودنا لجعل منصة Roblox مكانًا أكثر أمانًا للجميع.
Feature.FAE.Label.ModalBodyInAppV3,التقط صورة سيلفي. سنستخدمها لتقدير عمرك فقط، ولا شيء غير ذلك. سيساعد هذا في جعل الدردشة أكثر أمانًا لك وللجميع.
Feature.FAE.Label.ModalBodyTFUnlock,لإضافة أصدقاء موثوق بهم، يجب أولًا إكمال عملية تقدير العمر.
Feature.FAE.Label.ThisAllowsYouToChatSafelyItOnlyTakesAMoment,يتيح لك هذا الدردشة بأمان. لن يستغرق الأمر سوى لحظة واحدة.
Feature.FAE.Label.ThisHelpsYouToChatSafelyItOnlyTakesAMoment,يساعدك هذا على الدردشة بأمان. لن يستغرق الأمر سوى لحظة واحدة.
Feature.FAE.Label.ToKeepChattingLetsCheckYourAge,للاستمرار في الدردشة، دعنا نتحقَّق من عمرك
Feature.FAE.Label.YouNeedAnAgeCheckToUseChatThisMakesChatSafer,تحتاج إلى التحقق من عمرك لاستخدام خاصية الدردشة. سيساعد هذا في جعل الدردشة أكثر أمانًا لك وللجميع.
Feature.FAE.Label.YoullSoonNeedAnAgeCheckToChat,ستحتاج قريبًا إلى التحقق من عمرك لتتمكن من الدردشة
Feature.FAE.Label.YourSafetyMattersLetsCheckYourAge,سلامتك تهمنا؛ دعنا نتحقّق من عمرك
Feature.FaceChat.Heading.FacialAnimation,حركة الوجه
Feature.FaceChat.Heading.LowPerformanceDetected,انخفاض في الأداء
Feature.FaceChat.Heading.NotAvailable,حركة الوجه غير متوفرة
Feature.FaceChat.Heading.PromptNoDynamicHeadEquipped,
Feature.FaceChat.Heading.UnableToAccessCamera,غير قادر على الوصول إلى الكاميرا
Feature.FaceChat.Heading.VideoPerformancePromptDisable,أداء الجهاز منخفض
Feature.FaceChat.Heading.VideoUnsupported,كاميرا الجهاز غير مدعومة
Feature.FaceChat.Message.PlaceUnavailable,هذا المكان غير متوفر مؤقتًا. الرجاء المحاولة لاحقاً.
Feature.FaceChat.Subtitle.FeatureDisabled,حركة الوجه غير متوفرة مؤقتًا. الرجاء المحاولة لاحقاً.
Feature.FaceChat.Subtitle.NotAvailable,الرجاء محاولة الخروج ثم إعادة الانضمام.
Feature.FaceChat.Subtitle.PromptNoDynamicHeadEquipped,يحتوي أفاتارك على رأس لا يدعم الرسوم المتحركة للوجه. تتوفر الرؤوس المتوافقة مع هذه الميزة في مقتنياتك ومتجر الأفاتار.
Feature.FaceChat.Subtitle.UnableToAccessCamera,لكي تتمكن من تحريك أفاتارك باستخدام الكاميرا، انتقل إلى إعدادات OS للسماح لـ Roblox بتشغيل الكاميرا لك
Feature.FaceChat.Subtitle.UnsupportedDevice,جهازك لا يستوفي متطلبات تحريك الأفاتار باستخدام الكاميرا.
Feature.FaceChat.Subtitle.VideoPerformancePromptDisable,إيقاف تشغيل الكاميرا قد يساعدك في تحسين أداء التجربة.
Feature.FaceChat.Subtitle.VideoUnsupported,لم يتمكن Roblox من استخدام كاميرتك لتحريك أفاتارك.
Feature.Favorites.Label.Favorite,
Feature.FlyoutSidePanel.Action.ContinuePlaying,متابعة التشغيل
Feature.FlyoutSidePanel.Label.TooltipBody,تم نقل ملفك الشخصي والمحتوى والإعدادات إلى موقع جديد.
Feature.FlyoutSidePanel.Label.TooltipTitle,تم نقل <b>{itemName}</b>
Feature.Friends.Action.AcceptFriend,
Feature.Friends.Action.AccountDeleted,تم حذف الحساب
Feature.Friends.Action.Add,
Feature.Friends.Action.Block,
Feature.Friends.Action.Close,
Feature.Friends.Action.ConnectionAdded,تمت إضافة جهة الاتصال
Feature.Friends.Action.ConnectionRequestSent,تم ارسال طلب الاتصال
Feature.Friends.Action.EditProfile,تحرير الملف الشخصي
Feature.Friends.Action.FriendAdded,تمت إضافة الصديق
Feature.Friends.Action.FriendRemoved,تمت إزالة الصديق
Feature.Friends.Action.FriendRequestSent,تم إرسال طلب صداقة
Feature.Friends.Action.GetStarted,ابدأ
Feature.Friends.Action.GoToAddFriends,انتقل إلى إضافة أصدقاء
Feature.Friends.Action.InviteFriends,دعوة جهات الاتصال لتكون أصدقاء معك على Roblox.
Feature.Friends.Action.PendingRequest,طلب معلق
Feature.Friends.Action.ShareQR,مشاركة كود QR
Feature.Friends.Action.ShowMore,
Feature.Friends.Action.Unblock,إلغاء الحظر
Feature.Friends.Action.Unfriend,إلغاء الصداقة
Feature.Friends.Action.ViewMore,
Feature.Friends.Action.ViewPlatformProfile,عرض بطاقة اللاعب
Feature.Friends.Button.AddViaLink,إضافة عبر الرابط
Feature.Friends.Button.GotIt,
Feature.Friends.Description.ContactsModal,"جهات اتصالك على Roblox! أنشئ صداقة لمعاينة أفاتارهم وملفاتهم الشخصية. انتقل إلى صفحة ""إضافة أصدقاء"" لمعاينة المزيد من الأشخاص الذين قد تعرفهم."
Feature.Friends.Description.DoMoreWithTrustedConnections,استمتِع بالمزيد على منصّة Roblox مع جهات التواصل الموثوقة. أضِف الأشخاص الذين تعرفهم وتثق بهم فقط.
Feature.Friends.Description.DoMoreWithTrustedFriends,استمتع بالمزيد على منصّة Roblox مع الأصدقاء الموثوقين. أضِف الأشخاص الذين تعرفهم وتثق بهم فقط.
Feature.Friends.Description.FromContacts,من جهات الاتصال
Feature.Friends.Description.FromContactsV2,{contactName} من جهات الاتصال
Feature.Friends.Description.FromQrCode,من كود QR
Feature.Friends.Description.NoMutualFriends,لا يوجد أصدقاء مشتركون
Feature.Friends.Description.NotAFriend,ليس صديقًا
Feature.Friends.Description.TrustedConnectionExpiredLink,يُرجى الطلب من جهة تواصلك إرسال الرابط مرة أخرى. اضغط على الرابط خلال 30 يومًا.
Feature.Friends.Description.TrustedConnectionsUnavailable,ميزة جهات التواصل الموثوقة غير متاحة بعد في منطقتك.
Feature.Friends.Description.TrustedFriendsExpiredLink,يُرجى الطلب من صديقك إرسال الرابط مرة أخرى. اضغط على الرابط خلال 30 يومًا.
Feature.Friends.Description.TrustedFriendsInvalidLink,تأكد من تسجيل الدخول باستخدام الحساب الصحيح، ثم حاول مرة أخرى.
Feature.Friends.Description.TrustedFriendsRequestModalBody,أضِف الأشخاص الذين تعرفهم وتثق بهم فقط. يمكنك إدارة هذا الصديق في أي وقت من ملفه الشخصي.
Feature.Friends.Description.TrustedFriendsUnavailable,ميزة الأصدقاء الموثوقين غير متاحة بعد في منطقتك.
Feature.Friends.Description.YouCanDoMoreWithTrustedFriends,يمكنك الاستمتاع بالمزيد على منصّة Roblox مع الأصدقاء الموثوق بهم. يمكنك إدارة هذا الصديق في أي وقت من ملفه الشخصي.
Feature.Friends.Error.AlreadyFriendError,هذا المستخدم صديقك بالفعل.
Feature.Friends.Error.DefaultFriendingError,تعذَّر إرسال طلب الصداقة. يُرجى المحاولة مرة أخرى لاحقًا.
Feature.Friends.Error.InvalidNicknameError,هذا المستخدم لديه اسم مستعار غير صالح.
Feature.Friends.Error.InvalidTargetUserError,المستخدم غير صالح أو غير موجود.
Feature.Friends.Error.MaxFriendsError,لقد وصلت إلى الحد الأقصى لعدد الأصدقاء.
Feature.Friends.Error.ParentalControlUnblockError,حظرَ والداك هذا المستخدم. اطلب من والديك إلغاء حظر هذا المستخدم في الإعدادات.
Feature.Friends.Error.TargetAlreadyBlockedError,تم حظر هذا المستخدم مسبقًا.
Feature.Friends.Error.UnauthorizedError,غير مصرح لك بتنفيذ هذه العملية.
Feature.Friends.Error.UnblockTargetBlockedOnPlatform,هذا المستخدم محظور على منصة أخرى.
Feature.Friends.Error.UnblockTargetNotBlockedError,لم يتم حظر هذا المستخدم - ولا تحتاج إلى اتخاذ أي إجراء آخر!
Feature.Friends.Error.UserBannedError,تم حظرك من تنفيذ هذه العملية.
Feature.Friends.Error.UserBlockedError,أنت محظور من تنفيذ هذه العملية.
Feature.Friends.Error.UserNotPassedCaptcha,أنت لم تجتز اختبار Captcha.
Feature.Friends.Feature.Friends.Heading.AddFriends,
Feature.Friends.Heading.FilterBy,تصفية حسب
Feature.Friends.Label.AddConnectionVPC,لإضافة جهة التواصل الموثوقة هذه، أنت بحاجة إلى إذن والديك.
Feature.Friends.Label.AddConnectionsHint,جهات الاتصال تجعل Roblox أكثر متعة!
Feature.Friends.Label.AddConnectionsHintBody,أضِف الناس الذين تعرفهم بالفعل أو اكتشِف جهات اتصال جديدة
Feature.Friends.Label.AddFriendVPC,لإضافة هذا الصديق الموثوق به، أنت بحاجة إلى إذن والديك.
Feature.Friends.Label.All,
Feature.Friends.Label.AllowContactsAccess,السماح بالوصول إلى جهات اتصالك لتتواصل مع الأصدقاء على Roblox!
Feature.Friends.Label.Ask,طلب إذن
Feature.Friends.Label.AskYourParent,
Feature.Friends.Label.Cancel,
Feature.Friends.Label.ConnectWithFriends,تواصل مع الأصدقاء
Feature.Friends.Label.ConnectedNumDays,أصدقاء منذ {num} من الأيام
Feature.Friends.Label.ConnectedNumMonths,أصدقاء منذ {num} من الأشهر
Feature.Friends.Label.ConnectedNumYears,أصدقاء منذ {num} من السنوات
Feature.Friends.Label.ConnectedOneDay,أصدقاء منذ يوم واحد
Feature.Friends.Label.ConnectedOneMonth,أصدقاء منذ شهر واحد
Feature.Friends.Label.ConnectedOneYear,أصدقاء منذ سنة واحدة
Feature.Friends.Label.ConnectionRecentlyPlayed,<b>جهة تواصل واحدة</b> لعبت مؤخرًا
Feature.Friends.Label.ConnectionRemoved,تمت إزالة جهة التواصل
Feature.Friends.Label.ConnectionRequest,طلب صداقة
Feature.Friends.Label.ConnectionsCount,جهات الاتصال ({connectionCount})
Feature.Friends.Label.ConnectionsPlayed,{numberOfConnections} من جهات التواصل قامت باللعب
Feature.Friends.Label.ConnectionsRecentlyPlayed,<b>{numberOfConnections} من جهات التواصل</b> لعبوا مؤخرًا
Feature.Friends.Label.ContactsCaption,لمساعدتك وأصدقائك في العثور على بعضكم على Roblox، سيقوم Roblox بمزامنة جهات اتصالك بانتظام وتخزين المستخدمين الذين تتطابق معهم. يمكنك تغيير هذا الخيار متى ما شئت في إعدادات الحساب.
Feature.Friends.Label.FewestInteractions,تفاعلات أقلّ
Feature.Friends.Label.FindFriendsHintBody,اتصل بالأصدقاء الذين تعرفهم بالفعل أو اكتشف أصدقاء جدد.
Feature.Friends.Label.Followed,تمت المتابعة
Feature.Friends.Label.Follower,متابع
Feature.Friends.Label.Followers,المتابعون لي
Feature.Friends.Label.Following,أتابعهم
Feature.Friends.Label.FollowsYou,يتابعك
Feature.Friends.Label.Frequent,لعبتما معًا
Feature.Friends.Label.Friend,
Feature.Friends.Label.FriendInvite,دعاك لتكون صديقهم على Roblox
Feature.Friends.Label.FriendRecentlyPlayed,<b>صديق واحد</b> لعبها مؤخرًا
Feature.Friends.Label.FriendRequest,
Feature.Friends.Label.Friends,
Feature.Friends.Label.FriendsAreNowConnections,أصبح الأصدقاء الآن ضمن جهات التواصل لديك!
Feature.Friends.Label.FriendsHintBold,هيا نلعب!
Feature.Friends.Label.FriendsHintPlain,ابدأ بإضافة صديق.
Feature.Friends.Label.FriendsPlayed,{numberOfConnections} من الأصدقاء قاموا باللعب
Feature.Friends.Label.FriendsRecentlyPlayed,<b>{numberOfConnections} من الأصدقاء</b> لعبوا مؤخرًا
Feature.Friends.Label.InGame,
Feature.Friends.Label.IntroducingConnections,"نقدِّم لك ""جهات التواصل"""
Feature.Friends.Label.JoinedInYear,انضم إلى المنصة في {year}
Feature.Friends.Label.ManageFriendsList,إدارة قائمة أصدقائك
Feature.Friends.Label.ManageFriendsListCaption,راجع الأصدقاء الذين تفاعلت معهم أقل من غيرهم للحفاظ على قائمة محدّثة.
Feature.Friends.Label.MutualConnection,جهة اتصال واحدة مشتركة
Feature.Friends.Label.MutualConnectionTitle,جهة تواصل مشتركة واحدة
Feature.Friends.Label.MutualConnections,{numConnections} من جهات الاتصال المشتركة
Feature.Friends.Label.MutualConnectionsTitle,{numConnections} من جهات التواصل المشتركة
Feature.Friends.Label.MutualFriendTitle,صديق مشترك واحد
Feature.Friends.Label.MutualFriends,أصدقاء مشتركون
Feature.Friends.Label.MutualFriendsTitle,{numConnections} من الأصدقاء المشتركين
Feature.Friends.Label.NewConnection,جهة تواصل جديدة
Feature.Friends.Label.NewFriend,صديق جديد
Feature.Friends.Label.NewFriendRequestsMax,أكثر من {maxRequestsCount}
Feature.Friends.Label.NoFriendsYet,ليس لدى {name} أي أصدقاء بعد.
Feature.Friends.Label.NowTrusted,{username} الآن ضمن أصدقائك الموثوقين
Feature.Friends.Label.PYMK,أشخاص قد تعرفهم
Feature.Friends.Label.Pending,
Feature.Friends.Label.PlayedByUser,تم اللعب بواسطة <b>{name}</b>
Feature.Friends.Label.PlayedByUserAndOneOther,تم اللعب بواسطة <b>{name}</b> و<b>جهة تواصل واحدة أخرى</b>
Feature.Friends.Label.PlayedByUserAndOneOther.FriendsRename,تم اللعب بواسطة <b>{name}</b> و<b>صديق واحد آخر</b>
Feature.Friends.Label.PlayedByUserAndOthers,تم اللعب بواسطة <b>{name}</b> و<b>{numOfOthers} من جهات التواصل الأخرى</b>
Feature.Friends.Label.PlayedByUserAndOthers.FriendsRename,تم اللعب بواسطة <b>{name}</b> و <b>{numOfOthers} من الأصدقاء الآخرين</b>
Feature.Friends.Label.RenameInfoText,"أصبح الأصدقاء على Roblox الآن يعرفون باسم ""جهات التواصل"". أضِف الناس الذين تعرفهم كجهات تواصل لتتمكن بسهولة من معرفة جهة التواصل المتصلة بالشبكة أون لاين، وبدء فرقة، واللعب سويًا. <br /><br />الآن، يمكن للمستخدمين الذين تم التحقق من أن أعمارهم 13 عامًا أو أكثر، إلغاء قفل ميزات الدردشة المتقدمة مع جهات التواصل المؤهلة، بالإضافة إلى العديد من الميزات التي سيتم إطلاقها قريبًا!"
Feature.Friends.Label.Request,طلب
Feature.Friends.Label.SearchFriends,
Feature.Friends.Label.SentFromWithContext,أرسلت من {gameName}
Feature.Friends.Label.SingularMutualFriend,صديق مشترك
Feature.Friends.Label.Suggested,مقترح
Feature.Friends.Label.Unfollowed,تم إلغاء المتابعة
Feature.Friends.Label.YourLinkedParent,أحد حساب الوالدين المرتبط بحسابك
Feature.Friends.LinkText.LearnMore,
Feature.Friends.Message.DiscoverableSettings,هل تريد أن نوصي بك لمستخدمي Roblox الذين لديهم رقم هاتفك؟
Feature.Friends.Message.EmptyState,"عندما تصبح جهات اتصالك متاحة، ستتمكن من العثور عليها في ""إضافة أصدقاء""."
Feature.Friends.Message.FloodLimitExceededError,أنت تقوم بهذا الإجراء بكثرة. الرجاء الانتظار والمحاولة لاحقًا.
Feature.Friends.Message.FriendAdded,
Feature.Friends.Message.NameFromContacts,عند استخدام Roblox، سيكون المستخدمون الذين لديهم رقم هاتفك قادرين على رؤية اسمك كما حفظوه في جهازهم.
Feature.Friends.Message.RevokedContacts,لاستخدام هذه الميزة، انتقل إلى Roblox في إعدادات تطبيق جهازك ثمّ مكّن جهات الاتصال.
Feature.Friends.Message.UploadContactsFailure,"حدثت مشكلة في تحميل المحتويات. حاول مرة أخرى لاحقًا من صفحة ""إضافة أصدقاء""."
Feature.Friends.Message.ViewAndConnectHint,عرض طلبات الاتصال وإضافة الناس الذين تعرفهم بالفعل
Feature.Friends.Message.ViewAndConnectTooltip,عرض طلبات الصداقة وتواصل مع الأصدقاء الذين تعرفهم بالفعل.
Feature.Friends.Mutual,جهة تواصل مشتركة
Feature.Friends.Mutuals,جهات تواصل مشتركة
Feature.Friends.OneMutualConnection,جهة اتصال مشتركة
Feature.Friends.OneMutualFriend,صديق مشترَك
Feature.Friends.OneOtherMutualConnection,جهة اتصال مشتركة أخرى
Feature.Friends.OneOtherMutualFriend,صديق مشترَك آخر
Feature.Friends.PluralMutualConnections,هم جهات اتصال مشتركة
Feature.Friends.PluralMutualFriends,أصدقاء مشترَكون
Feature.Friends.PluralOtherMutualConnections,جهات اتصال مشتركة أخرى
Feature.Friends.PluralOtherMutualFriends,أصدقاء مشتركون آخرون
Feature.Friends.TCEducation.Modal.TextIntro,تتضاعف المتعة على Roblox مع الناس الذين تعرفهم. سيصبح المستخدمون الذين تم التحقق من أعمارهم والذين ستتمكن من إضافتهم باستخدام كود الاستجابة السريعة (QR)، أو عبر قائمة جهات الاتصال، جهات تواصل موثوقة، مما يتيح لك الاستفادة من ميزات إضافية، مثل:
Feature.Friends.TCEducation.Modal.TextIntro.EighteenPlus,بصفتك مستخدمًا تم التحقق من أن عمره يزيد عن 18 عامًا، يمكنك الاستفادة أكثر من جهات التواصل التي يزيد عمرها عن 18 عامًا والتي تم التحقق منها، ومن جهات التواصل الموثوقة لديك.
Feature.Friends.TCEducation.Modal.TextOutro,ستتوفر قريبًا طرق جديدة لإضافة الآخرين كجهات تواصل موثوقة. ويمكنك التحكم في الجهات التي تسمح لها بالتواصل معك من خلال إدارة جهات التواصل في حسابك.
Feature.Friends.TCEducation.Modal.TextOutro.EighteenPlus,عند إضافة مستخدم آخر تم التحقق من عمره باستخدام كود QR أو من خلال جهات الاتصال، سيصبح جهة تواصل موثوقة. كما ستتوفر المزيد من الخيارات قريبًا.
Feature.Friends.TCEducation.Title,إضافة الناس الذين تعرفهم
Feature.Friends.TCFeature.AndMore,والمزيد من الميزات في المستقبل
Feature.Friends.TCFeature.ChatWithoutFilters,الدردشة دون فلاتر
Feature.Friends.TCFeature.PartyVoice,الدردشة الصوتية الجماعية
Feature.Friends.TFEducation.Modal.TextIntro,تتضاعف المتعة على منصّة Roblox مع الأشخاص الذين تعرفهم. المستخدمون الذين تم التحقق من أعمارهم والذين يمكنك إضافتهم عبر مسح كود الاستجابة السريعة (QR) أو من قائمة جهات الاتصال سيصبحون أصدقاء موثوقين، مما يمنحك ميزات إضافية، مثل:
Feature.Friends.TFEducation.Modal.TextIntro.EighteenPlus,بصفتك مستخدمًا تم التحقق من أن عمره يزيد عن 18 عامًا، يمكنك القيام بالمزيد مع الأصدقاء الذين يزيد عمرهم عن 18 عامًا والذين تم التحقق من أعمارهم، ومع أصدقائك الموثوقين.
Feature.Friends.TFEducation.Modal.TextOutro,ستتوفر قريبًا طرق جديدة لإضافة الآخرين كأصدقاء موثوقين. ويمكنك التحكم في الأشخاص الذين تسمح لهم بالتواصل معك من خلال إدارة أصدقائك.
Feature.Friends.TFEducation.Modal.TextOutro.EighteenPlus,عند إضافة مستخدم آخر تم التحقق من عمره باستخدام كود QR أو من خلال جهات الاتصال، سيصبح ضمن الأصدقاء الموثوقين لديك. كما ستتوفر المزيد من الخيارات قريبًا.
Feature.Friends.Text.IsPlaying,يلعب الآن
Feature.Friends.Text.NoConnections,لم تضف أي جهات اتصال حتى الآن. للبدء، ابحث عن جهات الاتصال ثم أضفها.
Feature.Friends.Text.NoFriends,لم تضف أي أصدقاء بعد. للبدء، ابحث عن أصدقائك على Roblox ثم أضفهم.
Feature.Friends.Title.TrustedFriendsExpiredLink,انتهت صلاحية الرابط
Feature.Friends.Title.TrustedFriendsInvalidLink,الرابط غير صالح
Feature.Friends.TrustedConnection.AcceptTrustedRequest,قبول جهة التواصل الموثوقة
Feature.Friends.TrustedConnection.Action.RemoveTrustedConnection,إزالة جهة تواصل موثوقة
Feature.Friends.TrustedConnection.Label.AddTrustedConnection,إضافة جهة تواصل موثوقة
Feature.Friends.TrustedConnection.Label.Trusted,
Feature.Friends.TrustedConnection.Toast.TrustedConnectionRemoved,تمت إزالة جهة تواصل موثوقة
Feature.Friends.TrustedFriend.AcceptTrustedRequest,قبول صديق موثوق
Feature.Friends.TrustedFriend.Action.RemoveTrustedFriend,إزالة صديق موثوق
Feature.Friends.TrustedFriend.AddBack.Header,طلب صديق موثوق
Feature.Friends.TrustedFriend.Info.Modal.Header,صديق موثوق جديد
Feature.Friends.TrustedFriend.Label.AddTrustedFriend,إضافة صديق موثوق
Feature.Friends.TrustedFriend.Toast.IsATrustedFriendNow,أصبح {name} الآن من أصدقائك الموثوقين
Feature.Friends.TrustedFriend.Toast.TrustedFriendRemoved,تم إزالة الصديق الموثوق
Feature.Friends.TrustedFriend.Toast.TrustedFriendRequestSent,تم إرسال طلب إضافة كصديق موثوق
Feature.FriendsActivityFeed.Label.ViewRecentActivity,عرض النشاط الأخير
Feature.FriendsMenu.Label.SearchForConnections,البحث عن جهات تواصل
Feature.FriendsMenu.Label.SelectedConnectionsCount,تم تحديد {numerator}/{denominator} من جهات الاتصال
Feature.FriendsMenu.Label.SelectedConnectionsCountNoLimit,تم تحديد {selectedCount} من جهات الاتصال
Feature.FriendsMenu.Label.SelectedFriendsCount,تم تحديد {numerator}/{denominator} من الأصدقاء
Feature.FriendsMenu.Label.SelectedFriendsCountNoLimit,تم تحديد {selectedCount} من الأصدقاء
Feature.GameDetails.Action.GameDetails,
Feature.GameDetails.Action.GiveFeedback,تقديم الملاحظات
Feature.GameDetails.Action.NotInterested,غير مهتم
Feature.GameDetails.Action.PauseVideo,إيقاف الفيديو مؤقتًا
Feature.GameDetails.Action.PlayVideo,تشغيل الفيديو
Feature.GameDetails.Action.Report,
Feature.GameDetails.Action.ReportAd,
Feature.GameDetails.Action.Undo,
Feature.GameDetails.Action.Unlock,
Feature.GameDetails.Action.WhyThisAd,لماذا يظهر لي هذا الإعلان؟
Feature.GameDetails.Heading.PurchaseGame,فتح هذه التجربة
Feature.GameDetails.Label.By,
Feature.GameDetails.Label.DontLikeGame,لا تعجبني هذه اللعبة
Feature.GameDetails.Label.DontLikeImage,لا تعجبني هذه الصورة
Feature.GameDetails.Label.FriendsSeparator,، 
Feature.GameDetails.Label.InappropriateContent,محتوى غير لائق
Feature.GameDetails.Label.LearnMore,
Feature.GameDetails.Label.LowercaseNumberPlaying, {numActivePlayers} نشِط
Feature.GameDetails.Label.NineAndOver,الأعمار 9+
Feature.GameDetails.Label.No,
Feature.GameDetails.Label.ProvideFeedbackTitle,
Feature.GameDetails.Label.SomethingElse,شيء آخر
Feature.GameDetails.Label.Store,
Feature.GameDetails.Label.TellUsMorePlaceholder,أخبرنا بالمزيد
Feature.GameDetails.Label.TooRepetitive,متكررة جدًا
Feature.GameDetails.Label.Updated,
Feature.GameDetails.Label.VoiceChat,المحادثة الصوتية
Feature.GameDetails.Label.WhyThisAd,
Feature.GameDetails.Label.Yes,
Feature.GameDetails.Message.AdPreferences,تفضيلات الإعلانات
Feature.GameDetails.Message.AnonymousFeedbackTermsOfUse,تتم مشاركة الردود دون الكشف عن هوية أصحابها، ويتم تصنيفها ضمن فئة الملاحظات وفقًا {underlineStart}لشروط الخدمة في منصّة Roblox{underlineEnd}.
Feature.GameDetails.Message.HelpImproveExperience,ساعدنا في تحسين تجربتك
Feature.GameDetails.Message.HidingExperienceQuestion,لماذا تخفي هذه التجربة؟
Feature.GameDetails.Message.PurchaseGameV2,التمكن من الوصول إلى {gameName} بمبلغ {X} Robux؟
Feature.GameDetails.Message.SponsoredDisclosure.Error,تعذّر عرض معلومات الإعلان بسبب خطأ مؤقت.
Feature.GameDetails.Message.SponsoredDisclosure.O18NonPersonalizedNoLink,"يظهر لك هذا المحتوى المُموَّل استنادًا إلى عوامل غير مُخصَّصة مثل معلومات الجهاز والموقع والعمر لتقديم محتوى مناسب لك. مُصمِّم التجربة: {CreatorName}. مموِّل هذا الإعلان: {PayerName}. لمعرفة المزيد، يُرجى زيارة صفحة ""الخصوصية وحساسية المحتوى"" ضمن الإعدادات في حسابك من هنا:"
Feature.GameDetails.Message.SponsoredDisclosure.O18PersonalizedNoLink,"يظهر لك هذا المحتوى المُموَّل بناءً على عوامل مختلفة مثل موقعك الجغرافي ومعلومات الجهاز والعمر وسلوكك على المنصّة، بهدف عرض محتوى ملائم لك. مُصمِّم التجربة: {CreatorName}. مُموِّل هذا الإعلان: {PayerName}. لمعرفة المزيد، يُرجى زيارة صفحة ""الخصوصية وحساسية المحتوى"" ضمن الإعدادات في حسابك من هنا:"
Feature.GameDetails.Message.SponsoredDisclosure.U18,يظهر لك هذا المحتوى المُموَّل استنادًا إلى عوامل غير مُخصَّصة مثل معلومات الجهاز والموقع والعمر لتقديم محتوى مناسب لك. مُصمِّم التجربة: {CreatorName}. مُموِّل هذا الإعلان: {PayerName}.
Feature.GameDetails.Message.SponsoredDisclosureNoUniverse.O18NonPersonalNoLink,"يظهر لك هذا المحتوى المُموَّل استنادًا إلى عوامل غير مُخصَّصة مثل معلومات الجهاز والموقع والعمر لتقديم محتوى مناسب لك. مموِّل هذا الإعلان هو {PayerName}. لمعرفة المزيد، يُرجى زيارة صفحة ""الخصوصية وحساسية المحتوى"" ضمن الإعدادات في حسابك من هنا:"
Feature.GameDetails.Message.SponsoredDisclosureNoUniverse.O18PersonalizedNoLink,"يظهر لك هذا المحتوى المُموَّل بناءً على عوامل مختلفة مثل موقعك الجغرافي ومعلومات الجهاز والعمر وسلوكك على المنصّة، بهدف عرض محتوى ملائم لك. مُموِّل هذا الإعلان هو {PayerName}. لمعرفة المزيد، يُرجى زيارة صفحة ""الخصوصية وحساسية المحتوى"" ضمن الإعدادات في حسابك من هنا:"
Feature.GameDetails.Message.SponsoredDisclosureNoUniverse.U18,يظهر لك هذا المحتوى المُموَّل استنادًا إلى عوامل غير مُخصَّصة مثل معلومات الجهاز والموقع والعمر لتقديم محتوى مناسب لك. مُموِّل هذا الإعلان هو {PayerName}.
Feature.GameDetails.Message.SuggestLessOften,سنقترح هذا بشكل أقل تكرارًا
Feature.GameDetails.RatingPercentOnly,التقييم: {percentRating}%
Feature.GameDetails.Toast.LinkCopied,
Feature.GameFollows.LabelNotifications,إشعاري
Feature.GameFollows.TooltipFollowLimitReached,وصلت إلى الحد الأقصى. يرجى إلغاء متابعة تجارب أخرى لمتابعة هذه التجربة.
Feature.GameFollows.TooltipNotificationsLimitReached,وصلت للحد الأقصى. الرجاء إيقاف تشغيل إشعارات بعض التجارب الأخرى أولاً.
Feature.GameFollows.TooltipTurnedOffNotifications,تم إيقاف إشعارات التجربة {experienceName}
Feature.GameFollows.TooltipTurnedOnNotifications,تم تشغيل الإشعارات للتجربة {experienceName}
Feature.GamePage.Action.BackToTop,العودة إلى الأعلى
Feature.GamePage.Label.Ad,
Feature.GamePage.Label.Sponsored,برعاية
Feature.GamePage.QuickLaunch.LaunchError.ContextualPlayabilityUnverifiedSeventeenPlusUser,هذه التجربة غير متوفرة بسبب حالة التحقق من عمرك.
Feature.GamePage.QuickLaunch.LaunchError.GuestProhibited,لا يستطيع الضيوف الانضمام إلى هذه التجربة.
Feature.GamePage.QuickLaunch.LaunchError.PurchaseRequired,تتطلب هذه التجربة إجراء عملية شراء لتتمكن من زيارتها.
Feature.GamePage.QuickLaunch.LaunchError.RequestFailed,فشل طلب الشبكة.
Feature.GamePage.QuickLaunch.LaunchError.TemporarilyUnavailable,لا يمكن زيارة هذه التجربة حاليًا.
Feature.GamepadDisconnect.Label.Message,"لقد تم قطع اتصال وحدة التحكم الخاصة وحدة تحكم ""%s""، يرجى الضغط على %s في وحدة حدة تحكم تريد الاستمرار بها."
Feature.GamepadDisconnect.Label.MessageGeneric,"تم قطع اتصال وحدة التحكم للمستخدم ""%s"". الرجاء إعادة الاتصال بوحدة التحكم."
Feature.GamepadDisconnect.Label.Title,وحدة تحكم مفقود
Feature.Groups.Action.Cancel,
Feature.Groups.Action.CancelRequest,إلغاء الطلب
Feature.Groups.Action.Close,
Feature.Groups.Action.Continue,
Feature.Groups.Action.CreateGroup,إنشاء مجتمع
Feature.Groups.Action.Follow,
Feature.Groups.Action.JoinGroup,الانضمام إلى المجتمع
Feature.Groups.Action.LeaveGroup,الخروج من المجتمع
Feature.Groups.Action.MakePrimary,اجعلها أساسية
Feature.Groups.Action.More,
Feature.Groups.Action.NotNow,
Feature.Groups.Action.RemovePrimary,إزالة الأساسي
Feature.Groups.Action.SeeAll,مشاهدة الكل
Feature.Groups.Action.Unfollow,إلغاء المتابعة
Feature.Groups.Action.ViewGroup,عرض المجتمع
Feature.Groups.Description.JoinGroupPending,طلب الانضمام إلى المجموعة قيد المراجعة من قِبل المجتمع.
Feature.Groups.Description.NotEligibleToJoin,لا يمكن لحسابك الانضمام إلى هذا المجتمع.
Feature.Groups.Description.PremiumMaxGroups,لقد انضممت إلى الحد الأقصى لعدد المجتمعات.
Feature.Groups.Description.RequiresAccountTenureTooltipOneDay,يجب أن يكون حسابك نشطًا لمدة يوم واحد قبل أن تتمكن من الانضمام إلى هذا المجتمع.
Feature.Groups.Description.RequiresAccountTenureTooltipOneMonth,يجب أن يكون حسابك نشطًا لمدة 30 يومًا قبل أن تتمكن من الانضمام إلى هذا المجتمع.
Feature.Groups.Description.RequiresAccountTenureTooltipOneWeek,يجب أن يكون حسابك نشطًا لمدة 7 أيام قبل أن تتمكن من الانضمام إلى هذا المجتمع.
Feature.Groups.Description.RequiresAccountTenureTooltipThreeDays,يجب أن يكون حسابك نشطًا لمدة 3 أيام قبل أن تتمكن من الانضمام إلى هذا المجتمع.
Feature.Groups.Description.RequiresAccountTenureTooltipThreeMonths,يجب أن يكون حسابك نشطًا لمدة 90 يومًا قبل أن تتمكن من الانضمام إلى هذا المجتمع.
Feature.Groups.Heading.Community,المجتمع
Feature.Groups.Heading.Followers,
Feature.Groups.Heading.Groups,
Feature.Groups.Heading.Members,
Feature.Groups.Heading.MyGroups,مجتمعاتي
Feature.Groups.Heading.Primary,اساسي
Feature.Groups.Heading.SocialLinksNew,روابط التواصل الاجتماعي
Feature.Groups.Heading.SocialMedia,وسائل التواصل الاجتماعي
Feature.Groups.Heading.VerificationRequired,التحقُّق من الحساب مطلوب
Feature.Groups.Heading.Videos,الفيديوهات
Feature.Groups.Label.ByOwnerWithFormat,بواسطة {ownerName}
Feature.Groups.Label.Follower,المتابعون
Feature.Groups.Label.FollowerCapital,
Feature.Groups.Label.FollowerCapitalPlural,
Feature.Groups.Label.FollowerPlural,
Feature.Groups.Label.GroupClosed,المجتمع مغلق
Feature.Groups.Label.GroupLocked,تم إغلاق هذا المجتمع
Feature.Groups.Label.Member,عضو
Feature.Groups.Label.MemberCapitalPlural,
Feature.Groups.Label.MemberLowerCase,
Feature.Groups.Label.MemberLowerCasePlural,
Feature.Groups.Label.Owned,ملكك
Feature.Groups.Label.PreviousNames,الأسماء السابقة
Feature.Groups.Label.SearchMyGroups,البحث في مجتمعاتي
Feature.Groups.Message.BannedFromGroup,تم حظرك من هذا المجتمع.
Feature.Groups.Message.GroupClosed,لا يمكنك الانضمام إلى مجتمع مغلق.
Feature.Groups.Message.LoadGroupListError,تعذّر تحميل قائمة المجتمع.
Feature.Groups.Message.NoGroupsFound,لم يتم العثور على مجتمعات.
Feature.Groups.Message.NotInAnyGroups,أنت لست عضوًا في أي مجتمعات.
Feature.Groups.Message.PinLocked,لا يمكنك تنفيذ هذا الإجراء باستخدام رمز شخصي مقفل. افتح قفل الرمز في صفحة إعدادات الحساب.
Feature.Groups.Modal.ContentTextHigh,"تحقَّق من حسابك للانضمام إلى هذا المجتمع.

1. انتقِل إلى معلومات الحساب > تحقَّق من عمري
2. أكمِل عملية التحقُّق"
Feature.Groups.Modal.ContentTextLow,"تحقَّق من حسابك للانضمام إلى هذا المجتمع.

1. انتقِل إلى معلومات الحساب
2. اختَر خيار تحقُّق واحد:
    - إضافة هاتف 
    - إضافة بريد إلكتروني 
    - تحقَّق من عمري 
3. أكمِل عملية التحقُّق"
Feature.Groups.Modal.ContentTextMedium,"تحقَّق من حسابك للانضمام إلى هذا المجتمع.

1. انتقِل إلى معلومات الحساب
2. اختَر خيار تحقُّق واحد:
    - إضافة هاتف وإضافة بريد إلكتروني 
    - تحقَّق من عمري 
3. أكمِل عملية التحقُّق"
Feature.Groups.Notification.FailedToFollow,تعذّرت متابعة الملف الشخصي. يُرجى المحاولة مرة أخرى لاحقًا.
Feature.Groups.Notification.FailedToJoin,تعذّر الانضمام إلى المجتمع. يُرجى المحاولة مرة أخرى لاحقًا.
Feature.Groups.Notification.FailedToLoad,تعذّر تحميل المجتمع. يُرجى المحاولة مرة أخرى لاحقًا.
Feature.Groups.Notification.Following,بدأت متابعة مجموعة {groupName}.
Feature.Groups.Notification.GroupDoesNotExist,المجتمع غير موجود.
Feature.Groups.Notification.GroupModerated,يخضع هذا المجتمع للإشراف حاليًا.
Feature.Groups.Notification.JoinRequestPending,تم طلب الانضمام إلى {groupName}.
Feature.Groups.Notification.Joined,لقد انضممتَ إلى مجموعة {groupName}.
Feature.Groups.Title.AlreadyFollowing,أنت تتابع بالفعل مجموعة {groupName}
Feature.Groups.Title.AlreadyMember,أنت بالفعل عضو في مجموعة {groupName}
Feature.Groups.Title.Follow,متابعة مجموعة {groupName}
Feature.Groups.Title.Join,انضم إلى مجموعة {groupName}
Feature.Groups.Title.RequestedToJoin,لقد طلبت بالفعل الانضمام إلى مجموعة {groupName}
Feature.Groups.Title.UnableToJoin,يتعذّر الانضمام إلى مجموعة {groupName}
Feature.Home.ActionSeeAll,
Feature.Home.ClientCacheFallbackBanner.Action.Refresh,
Feature.Home.ClientCacheFallbackBanner.Label.Error,
Feature.Home.ClientCacheFallbackBanner.Label.ErrorRefreshingToastTitle,يُرجى إعادة المحاولة
Feature.Home.ClientCacheFallbackBanner.Label.RefreshPageToLoadContents,حدِّث الصفحة لتحميل المحتوى
Feature.Home.HeadingFriends,الأصدقاء ({friendCount})
Feature.Home.Label.HappeningNow,يحدث الآن
Feature.Home.PeopleList.ChatWith,الدردشة مع {username}
Feature.Home.Robux,
Feature.InExperienceIntervention.Action.LetUsKnow,أبلِغنا
Feature.InExperienceIntervention.Action.Understand,حسنًا، فهمت
Feature.InExperienceIntervention.Description.BeRespectful,يرجى اتباع القواعد والتعامل باحترام في المستقبل.
Feature.InExperienceIntervention.Description.CannotSend,لا يمكنك إرسال رسائل في دردشة نصية لمدة {number} من الدقائق.
Feature.InExperienceIntervention.Description.CannotSend1Day,لن تتمكن من إرسال رسائل في دردشة نصية لمدة يوم واحد.
Feature.InExperienceIntervention.Description.CannotSend1Hour,لن تتمكن من إرسال رسائل في دردشة نصية لمدة ساعة واحدة.
Feature.InExperienceIntervention.Description.CannotSend1Min,لن تتمكن من إرسال رسائل في دردشة نصية لمدة دقيقة واحدة.
Feature.InExperienceIntervention.Description.CannotSendDays,لا يمكنك إرسال رسائل في دردشة نصية لمدة {number} من الأيام.
Feature.InExperienceIntervention.Description.CannotSendHours,لن تتمكن من إرسال رسائل في دردشة نصية لمدة {number} من الساعات.
Feature.InExperienceIntervention.Description.CantUsePartyChat,لا يمكنك إرسال رسائل في الوقت الحالي. وإذا خالفت القواعد مرة أخرى، فقد تفقد إمكانية الوصول إلى حسابك.
Feature.InExperienceIntervention.Description.ChatDisabled,بسبب الانتهاكات المتكررة لمعايير مجتمع Roblox، عطلنا مؤقتًا قدرتك على إرسال الرسائل في الدردشة.
Feature.InExperienceIntervention.Description.ChatIncludes,تتضمن الدردشة النصية ما يلي:
Feature.InExperienceIntervention.Description.ChatSuspension.Day.Expired,انتهى تعليق استخدامك لخاصية الدردشة لمدة {number} من الأيام. وإذا خالفت القواعد مرة أخرى، فقد يتم حظرك.
Feature.InExperienceIntervention.Description.ChatSuspension.Days,لا يمكنك استخدام خاصية الدردشة لمدة {number} من الأيام الأخرى لأن واحدة أو أكثر من رسائلك قد خالفت القواعد. وإذا خالفت القواعد مرة أخرى، فقد يتم حظرك.
Feature.InExperienceIntervention.Description.ChatSuspension.Hour.Expired,انتهى تعليق استخدامك لخاصية الدردشة لمدة {number} من الساعات. وإذا خالفت القواعد مرة أخرى، فقد يتم حظرك.
Feature.InExperienceIntervention.Description.ChatSuspension.Hours,لا يمكنك استخدام خاصية الدردشة لمدة {number} من الساعات الأخرى لأن واحدة أو أكثر من رسائلك قد خالفت القواعد. وإذا خالفت القواعد مرة أخرى، فقد يتم حظرك.
Feature.InExperienceIntervention.Description.ChatSuspension.Minute.Expired,انتهى تعليق استخدامك لخاصية الدردشة لمدة {number} من الدقائق. وإذا خالفت القواعد مرة أخرى، فقد يتم حظرك.
Feature.InExperienceIntervention.Description.ChatSuspension.Minutes,لا يمكنك استخدام خاصية الدردشة لمدة {number} من الدقائق الأخرى لأن واحدة أو أكثر من رسائلك قد خالفت القواعد. وإذا خالفت القواعد مرة أخرى، فقد يتم حظرك.
Feature.InExperienceIntervention.Description.Disclaimer,هل ارتكبنا خطأ ما؟ {startLink}أخبرنا{endLink}
Feature.InExperienceIntervention.Description.FeedbackHelps,تساعد ملاحظاتك في تحسين أنظمتنا.
Feature.InExperienceIntervention.Description.LoseAccess,إذا تكرر هذا الخطأ مرة أخرى، فقد يتم إيقاف حسابك.
Feature.InExperienceIntervention.Description.MayLoseAccess,إذا خالفت القواعد مرة أخرى، فقد يتم إيقاف حسابك.
Feature.InExperienceIntervention.Description.Mistake,هل ارتكبنا أي خطأ؟
Feature.InExperienceIntervention.Description.PartyChatMayBeSuspended,لا يُسمح بمشاركة المعلومات الشخصية على Roblox. قد يتم إيقاف استخدامك لخاصية الدردشة مؤقتًا إذا خالفت القواعد مرة أخرى.
Feature.InExperienceIntervention.Description.TextChatMayBeSuspended,قد يتم إيقاف استخدامك لخاصية الدردشة النصية إذا خالفت القواعد مرة أخرى.
Feature.InExperienceIntervention.Heading.CannotChat,لا يمكنك إرسال رسائل الدردشة لمدة {number} من الدقائق
Feature.InExperienceIntervention.Heading.ChatBreaksRules,دردشتك النصية تخالف القواعد
Feature.InExperienceIntervention.Heading.ChatSuspended,تم تعليق استخدامك لخاصية الدردشة لمدة {number} من الدقائق
Feature.InExperienceIntervention.Heading.ChatSuspension.1Day,تم تعليق استخدامك لخاصية الدردشة لمدة يوم واحد
Feature.InExperienceIntervention.Heading.ChatSuspension.1Hour,تم تعليق استخدامك لخاصية الدردشة لمدة ساعة واحدة
Feature.InExperienceIntervention.Heading.ChatSuspension.1Minute,تم تعليق استخدامك لخاصية الدردشة لمدة دقيقة واحدة
Feature.InExperienceIntervention.Heading.ChatSuspension.Expired,يمكنك استخدام خاصية الدردشة مرة أخرى
Feature.InExperienceIntervention.Heading.ChatSuspension.MultiHour,تم تعليق استخدامك لخاصية الدردشة لمدة {number} من الساعات
Feature.InExperienceIntervention.Heading.ChatSuspension.MultiMinute,
Feature.InExperienceIntervention.Heading.ChatSuspension.Plural,تم تعليق استخدامك لخاصية الدردشة لمدة {number} من الأيام
Feature.InExperienceIntervention.Heading.DontSharePersonalInformation,لا تشارك معلوماتك الشخصية
Feature.InExperienceIntervention.Heading.PartyChatSuspended,تم إيقاف خاصية الدردشة لمدة {remainingTime}
Feature.InExperienceIntervention.Heading.TakeALook,سننظر في الأمر
Feature.InExperienceIntervention.Heading.TextChatSuspension,تعليق الدردشة النصية
Feature.InExperienceIntervention.Label.Complete,مكتمل
Feature.InExperienceIntervention.Label.EndsOn,ينتهي في:
Feature.InExperienceIntervention.Label.Player,{username}: {evidence}
Feature.InExperienceIntervention.Label.TimeLeft.Day.Plural,
Feature.InExperienceIntervention.Label.TimeLeft.Day.Singular,
Feature.InExperienceIntervention.Label.TimeLeft.Hours,تبقى {time}
Feature.InExperienceShop.Label.BonusItem,عنصر مكافأة
Feature.InExperienceShop.Label.DescriptionWithTime,{description} {timeRemaining}
Feature.InExperienceShop.Label.EndTime,ينتهي خلال {timeRemaining}
Feature.InExperienceShop.Label.NoDescription,لا يوجد وصف
Feature.InExperienceShop.Label.OfferEndTime,ينتهي {offer} خلال {timeRemaining}
Feature.InExperienceShop.Label.PreviewBanner,هذه معاينة لمتجرك في Roblox Studio. لا يرى اللاعبون هذه المعاينة.
Feature.InExperienceShop.Label.Timer.Day.Plural,{number} من الأيام
Feature.InExperienceShop.Label.Timer.Day.Singular,يوم واحد
Feature.InExperienceShop.Label.Timer.Hour.Plural,
Feature.InExperienceShop.Label.Timer.Hour.Singular,ساعة واحدة
Feature.InExperienceShop.Label.Timer.Minute.Plural,{number} من الدقائق
Feature.InExperienceShop.Label.Timer.Minute.Singular,دقيقة واحدة
Feature.InExperienceShop.Label.Timer.Second.Plural,{number} من الثواني
Feature.InExperienceShop.Label.Timer.Second.Singular,ثانية واحدة
Feature.Item.Label.DeleteFromInventoryConfirmUndercaseDelete,هل أنت متأكد من أنك تريد حذف هذا العنصر نهائيًا من المقتنيات؟ إذا غيرت رأيك، فستحتاج إلى أن تربحه مرة أخرى في التجارب.
Feature.Item.Label.DeleteItemUndercase,حذف العنصر
Feature.LegallySensitiveContent.Action.FriendDiscovery.NotNow,
Feature.LegallySensitiveContent.Action.FriendDiscovery.TurnOn,
Feature.LegallySensitiveContent.Description.PhoneNumberDiscoverabilityUpsellConsent.FRnm,ساعِد الأشخاص الذين لديهم رقم هاتفك على إضافتك كصديق على منصّة Roblox
Feature.LegallySensitiveContent.Heading.TurnOnFriendDiscovery,تشغيل اكتشاف الأصدقاء
Feature.Moments.Action.AddMusic,أضِف موسيقى
Feature.Moments.Action.AddSticker,إضافة ملصق
Feature.Moments.Action.AddText,أضِف نص
Feature.Moments.Action.AddVoice,إضافة صوت
Feature.Moments.Action.Back,
Feature.Moments.Action.Cancel,
Feature.Moments.Action.Continue,
Feature.Moments.Action.Delete,
Feature.Moments.Action.Done,
Feature.Moments.Action.Expand,توسيع
Feature.Moments.Action.GenerateText,إنشاء نص
Feature.Moments.Action.GenerateTextFeedbackNotHelpful,غير مفيد
Feature.Moments.Action.GenerateTextFeedbackPolicy,غير لائق أو مخالف
Feature.Moments.Action.Hide,إخفاء التفاصيل
Feature.Moments.Action.HowToCapture,كيفية الالتقاط
Feature.Moments.Action.Join,انضمام
Feature.Moments.Action.Leave,
Feature.Moments.Action.Minimize,تصغير
Feature.Moments.Action.Ok,
Feature.Moments.Action.Play,
Feature.Moments.Action.Post,
Feature.Moments.Action.Report,
Feature.Moments.Action.Retry,
Feature.Moments.Action.Return,الرجوع إلى المعرض
Feature.Moments.Action.ReturnToEditing,الرجوع إلى التحرير
Feature.Moments.Action.ShowDetails,
Feature.Moments.Action.ShowMore,اعرض المزيد
Feature.Moments.Action.TrimVideo,قص الفيديو
Feature.Moments.Description.CommunityStandards,تحقَّق من معايير المجتمع للحصول على مزيد من المعلومات حول ما يمكنك وما لا يمكنك قوله.
Feature.Moments.Description.EmptyCapturesLibrary,هذا هو المكان الذي ستظهر فيه لقطاتك.
Feature.Moments.Description.GenerateTextFeedbackDisclosure,نص من إنشاء الذكاء الاصطناعي. راجع قبل النشر، فأنت مسؤول عما يتم نشره.
Feature.Moments.Description.HowToCaptureStep1,انضم إلى تجربة معينة مع تمكين اللقطات وحدد قائمة الهامبرغر
Feature.Moments.Description.HowToCaptureStep2,تمكين عناصر تحكم اللقطة
Feature.Moments.Description.HowToCaptureStep3,التقط صورًا ومقاطع فيديو خاصة باللعب
Feature.Moments.Description.LeaveMomentsCreation,ستفقد جميع التغييرات التي أجريتها، لكن لا يزال بإمكانك العثور على هذه اللقطة في معرض <b>اللقطات</b>.
Feature.Moments.Description.NoMusicResults,لم يتم العثور على أي موسيقى
Feature.Moments.Description.NonInfiniteScrollEndBody,لقد وصلت إلى نقطة توقف في اللحظات. اضغط أدناه لمواصلة المشاهدة.
Feature.Moments.Description.NothingHereYet,لا يوجد شيء هنا حتى الآن...
Feature.Moments.Description.PublishMoment,صِف لحظتك
Feature.Moments.Description.StayFriendly,لنحافظ على أجواء ودّية
Feature.Moments.Description.TooManyUploads,لقد رفعت عددًا كبيرًا من مقاطع الفيديو اليوم. حاول مرة أخرى غدًا.
Feature.Moments.Disclaimer.EveryoneMoments,يمكن للجميع في اللحظات عرض ما يتم نشره
Feature.Moments.Label.All,
Feature.Moments.Label.AttemptingJoinExperience,جارٍ محاولة الانضمام إلى {placeName}. قد تستغرق هذه العملية بضع ثوانٍ.
Feature.Moments.Label.CaptureLibrary,مكتبة لقطاتك
Feature.Moments.Label.DeleteMomentBody,لا يمكنك استعادة اللحظة بعد حذفها.
Feature.Moments.Label.DeleteMomentTitle,هل تريد حذف اللحظة؟
Feature.Moments.Label.Error,
Feature.Moments.Label.FeedEndBody,تحقق لاحقًا أو أنشئ لحظتك الخاصة.
Feature.Moments.Label.FeedEndTitle,لقد اطّلعت على جميع اللحظات
Feature.Moments.Label.FeedFailedToLoad,تعذَّر تحميل الموجز
Feature.Moments.Label.FeedMyMoments,لحظاتي
Feature.Moments.Label.FeedTrending,
Feature.Moments.Label.HowToUseCaptureTitle,كيفية استخدام اللقطات
Feature.Moments.Label.LinkCopied,تم نسخ الرابط.
Feature.Moments.Label.LinkCopyFailed,تعذّر نسخ الرابط.
Feature.Moments.Label.ModeratedRodeoBody,أزلنا هذه اللحظة لأنها تنتهك معايير مجتمعنا. ولضمان استمرار ظهور لحظاتك، احرص على معرفة القواعد واتباعها.
Feature.Moments.Label.MomentDeletedBody,
Feature.Moments.Label.MomentDeletedTitle,
Feature.Moments.Label.MomentFailedToPostBody,حدث خطأ ما.
Feature.Moments.Label.MomentFailedToPostTitle,تعذَّر نشر اللحظة
Feature.Moments.Label.MomentPublishedBody,تم نشر لحظتك بنجاح.
Feature.Moments.Label.MomentPublishedTitle,تم نشر اللحظة
Feature.Moments.Label.MomentUnavailable,اللحظة غير متاحة
Feature.Moments.Label.MomentUnavailableDefault,هذه اللحظة غير متاحة.
Feature.Moments.Label.MomentsExperienceName,
Feature.Moments.Label.Music,
Feature.Moments.Label.NonInfiniteScrollEndTitle,أنت على اطلاع بكل جديد حاليًا
Feature.Moments.Label.Photos,الصور
Feature.Moments.Label.PostDeleted,تم حذف اللحظة
Feature.Moments.Label.PostRemovedBody,تنتهك اللحظة التي نشرتها معايير مجتمعنا.
Feature.Moments.Label.PublishingRodeoBody,لن يستغرق الأمر وقتًا طويلاً.
Feature.Moments.Label.Reactions,التفاعلات
Feature.Moments.Label.ReportReason.BreaksRules,هذا المنشور يخالف القواعد
Feature.Moments.Label.ReportReason.IntellectualProperty,هذا المنشور ينتهك ملكيتي الفكرية
Feature.Moments.Label.ReportSubmittedBody,شكرًا لك على ملاحظاتك.
Feature.Moments.Label.ReportSubmittedTitle,تم إرسال البلاغ
Feature.Moments.Label.RobloxPartnerContent,محتوى شريك Roblox
Feature.Moments.Label.RodeoPublishingTitle,نشر لحظتك
Feature.Moments.Label.Search,
Feature.Moments.Label.ShareLinkTitle,لحظات على منصّة Roblox
Feature.Moments.Label.StayFriendlyModeration,
Feature.Moments.Label.TextGenerateInProgressBody,يُرجى الانتظار حتى يتم إنشاء النص بواسطة الذكاء الاصطناعي قبل تحرير التراكب يدويًا.
Feature.Moments.Label.TextGenerateInProgressTitle,جارٍ الإنشاء
Feature.Moments.Label.TextGenerateOverrideBody,سيحل الإنشاء محل تراكب النص والوصف الحاليين.
Feature.Moments.Label.TextGenerateOverrideTitle,سيتم استبدال النص
Feature.Moments.Label.TextGeneratedBody,تمت إضافة تراكب نص ووصف من إنشاء الذكاء الاصطناعي
Feature.Moments.Label.TextGeneratedTitle,تم إنشاء النص
Feature.Moments.Label.TextGenerationFailedBody,تعذّر إنشاء النص. يُرجى المحاولة مرة أخرى.
Feature.Moments.Label.TextGenerationFailedTitle,تعذَّر الإنشاء
Feature.Moments.Label.TextGenerationFilteredBody,تعذَّر إجراء الإنشاء لهذا الفيديو الذي تم التقاطه، وتمت فلترة المحتوى.
Feature.Moments.Label.TextGenerationFilteredTitle,تمت فلترة الإنشاء
Feature.Moments.Label.Tone,النبرة
Feature.Moments.Label.Tone.Cinematic,سينمائي
Feature.Moments.Label.Tone.Funny,مضحك
Feature.Moments.Label.Tone.Hype,حماسي
Feature.Moments.Label.Tone.Neutral,محايد
Feature.Moments.Label.Videos,
Feature.Moments.Title.GenerateTextFeedbackReason,ما الخطأ الذي حدث؟
Feature.Moments.Title.GenerateTextOptions,
Feature.Moments.Title.LeaveMomentCreation,هل تريد الخروج من إنشاء اللحظة؟
Feature.Moments.Title.MomentRemoved,تمت إزالة اللحظة
Feature.Moments.Title.ReportPost,الإبلاغ عن المنشور
Feature.Moments.Tooltip.Creation,يمكن للجميع في التجربة عرض لحظاتك.
Feature.NativeAds.Label.Ad,
Feature.NotApproved.Action.ReportMistake,
Feature.NotApproved.Label.AbuseType.Advertising,إعلانات
Feature.NotApproved.Label.AbuseType.Chargeback,رد المبالغ المدفوعة
Feature.NotApproved.Label.AbuseType.CheatandExploits,
Feature.NotApproved.Label.AbuseType.ChildEndangerment,تعريض الطفل للخطر
Feature.NotApproved.Label.AbuseType.ChildEndangerment.V2,استغلال الأطفال
Feature.NotApproved.Label.AbuseType.ChildEndangerment.V3,محتوى/سلوك ضار
Feature.NotApproved.Label.AbuseType.Commerce,التجارة
Feature.NotApproved.Label.AbuseType.ContestsandSweepstakes,المسابقات والسحوبات
Feature.NotApproved.Label.AbuseType.DMCA,DMCA
Feature.NotApproved.Label.AbuseType.Dating,
Feature.NotApproved.Label.AbuseType.DirectingUsersOffPlatform.V2,توجيه المستخدمين إلى الخروج من المنصّة
Feature.NotApproved.Label.AbuseType.DiscriminatoryContent,محتوى تمييزي
Feature.NotApproved.Label.AbuseType.DisruptiveAudio,صوت مزعج
Feature.NotApproved.Label.AbuseType.EncouragingDangerousBehavior,تشجيع سلوك خطر
Feature.NotApproved.Label.AbuseType.ExtortionandBlackmail,ابتزاز
Feature.NotApproved.Label.AbuseType.Harassment,تحرش
Feature.NotApproved.Label.AbuseType.IllegalandRegulatedContent,المحتوى غير القانوني والمنظم
Feature.NotApproved.Label.AbuseType.Impersonation,انتحال شخصية
Feature.NotApproved.Label.AbuseType.IpViolation,انتهاك للملكية الفكرية
Feature.NotApproved.Label.AbuseType.IrlDangerousActivities,الأنشطة الخطرة IRL
Feature.NotApproved.Label.AbuseType.MisusingRobloxSystems,إساءة استخدام أنظمة Roblox
Feature.NotApproved.Label.AbuseType.OffPlatformSpeechandBehavior,كلام أو سلوك خارج المنصة
Feature.NotApproved.Label.AbuseType.Other,
Feature.NotApproved.Label.AbuseType.PoliticalContent,محتوى سياسي
Feature.NotApproved.Label.AbuseType.PoliticalContent.V2,الشخصيات والكيانات السياسية
Feature.NotApproved.Label.AbuseType.PrivacyAskingforPII,خصوصية: طلب PII
Feature.NotApproved.Label.AbuseType.PrivacyGivingPII,خصوصية: إعطاء PII
Feature.NotApproved.Label.AbuseType.Profanity,لغة بذيئة
Feature.NotApproved.Label.AbuseType.RealLifeThreats,تهديدات حقيقية
Feature.NotApproved.Label.AbuseType.RealLifeTragedy,مأساة حياة حقيقية
Feature.NotApproved.Label.AbuseType.RealLifeTragedy.V2,الأحداث الحساسة في العالم الفعلي
Feature.NotApproved.Label.AbuseType.RobloxEconomy,Roblox Economy
Feature.NotApproved.Label.AbuseType.Scamming,احتيال
Feature.NotApproved.Label.AbuseType.SexualContent,محتوى جنسي
Feature.NotApproved.Label.AbuseType.Spam,غير مرغوب به
Feature.NotApproved.Label.AbuseType.SuicideSelfHarm,انتحار/ضرر ذاتي
Feature.NotApproved.Label.AbuseType.Swearing,كلمات بذيئة
Feature.NotApproved.Label.AbuseType.TerrorismExtremism,إرهاب/تطرف
Feature.NotApproved.Label.AbuseType.ThreatsOrAbuseOfRobloxEmployeesOrAffiliates,التهديدات أو الإساءة لموظفي Roblox أو الشركات التابعة لها
Feature.NotApproved.Label.AbuseType.Trademark,انتهاك للعلامة التجارية
Feature.NotApproved.Label.AbuseType.ViolentContentAndGore,محتوى عنيف ومشاهد دموية
Feature.NotApproved.Label.AbuseType.VirtualCasino,كازينو افتراضي
Feature.NotApproved.Label.ModeratorNote,ملاحظة المشرف
Feature.NotApproved.Label.Reason,السبب
Feature.NotApproved.Label.Sublabel.FraudAbuseOfTheAffiliateSystem,إساءة متعلقة بنظام الشركاء
Feature.NotApproved.Label.Sublabel.FraudAttemptedUnauthorizedPaymentMethodUse,محاولة استخدام طريقة دفع غير مصرح بها
Feature.NotApproved.Label.Sublabel.FraudPaymentAbuse,إساءة متعلقة بعمليات الدفع
Feature.NotApproved.Label.Sublabel.FraudRepeatedRefundRequests,طلبات متكررة لإعادة المبالغ المدفوعة
Feature.NotApproved.Label.Sublabel.FraudSuspiciousAccountPatterns,أنماط لحسابات مشبوهة
Feature.NotApproved.Label.Sublabel.FraudSuspiciousRefundRequests,طلبات مشبوهة لإعادة المبالغ المدفوعة
Feature.NotApproved.Label.Sublabel.FraudUnauthorizedPurchase,عملية شراء غير مصرح بها
Feature.NotApproved.Label.Sublabel.FraudUseOfUnauthorizedOffPlatformTransactions,استخدام معاملات غير مصرح بها خارج المنصة لمحتوى Roblox
Feature.NotApproved.Label.Sublabel.FraudVirtualEconomyAbuse,إساءة متعلقة بالاقتصاد الافتراضي
Feature.Notifications.Action.PushUpsellAllow,
Feature.Notifications.Action.PushUpsellNotNow,
Feature.Notifications.Action.SnoozeFifteenMinutes,15 دقيقة
Feature.Notifications.Action.SnoozeFourHours,4 ساعات
Feature.Notifications.Action.SnoozeOneDay,
Feature.Notifications.Action.SnoozeOneHour,
Feature.Notifications.Action.UntilITurnItBackOn,حتى أعيد تشغيلها
Feature.Notifications.Heading.PushUpsellChat,ابقَ على اتصال
Feature.Notifications.Heading.PushUpsellGeneric,لا تفوت عليك
Feature.Notifications.Heading.RemoveSnoozeFeedback,إشعارات {title} غير مكتومة
Feature.Notifications.Heading.SnoozeFeedback,{title} الإشعارات المكتومة لمدة {duration}
Feature.Notifications.Heading.TurnOnNotifications,تشغيل الإشعارات
Feature.Notifications.Label.GetUpdatesFromExperience,تلقي الإشعارات من {experienceName} عندما تكون مشغولاً؟
Feature.Notifications.Label.PushUpsellChat,اسمح بتلقي الإشعارات الفورية للحصول على تحديثات حول الدردشات ودعوات الفِرق واقتراحات المحتوى وغير ذلك الكثير.
Feature.Notifications.Label.PushUpsellGeneric,احصل على إشعارات الأنشطة مثل رسائل الدردشة والدعوات وطلبات الصداقة والمزيد.
Feature.Notifications.Label.ReceiveActivityUpdates,تلقي التحديثات عن النشاطات عندما تكون مشغولاً
Feature.Notifications.Label.SecondsAbbreviated,من الثواني
Feature.Notifications.Response.NotificationsEnabled,تم تشغيل الإشعارات لهذه التجربة
Feature.Notifications.Response.NotificationsEnabledForExperience,تم تشغيل إشعارات {experienceName}
Feature.PaidAccessPurchases.Webview.Title.Checkout,الدفع
Feature.PaidAccessRefunds.Webview.Title.RequestRefund,طلب إعادة المبلغ المدفوع
Feature.Parents.Action.SendEmail,إرسال البريد الإلكتروني
Feature.Parents.Description.EnterParentEmail.ChildInstructions,اطلب من والديك مساعدتك في هذه الخطوة. سنرسل رسالة بريد إلكتروني إلى أحد والديك للتحقق من عمره وربط حسابه بحسابك.
Feature.Parents.Description.EnterParentEmail.NoPC,بعد ربط حساب الوالدين بحساب طفلهما، سيتمكن الوالدان من الموافقة على بعض الإجراءات في حساب طفلهما.
Feature.Parents.Description.EnterParentEmail.PC,بعد ربط حساب الوالدين بحساب طفلهما، سيتمكن الوالدان من الوصول إلى أدوات رقابة الوالدين والمعلومات التفصيلية عن وقت الشاشة الذي يقضيه طفلهما وإنفاقه والمزيد.
Feature.Parents.Description.EnterParentEmailV4,اطلب من والديك مساعدتك في هذه الخطوة.{lineBreak}سنرسل رسالة بريد إلكتروني إلى والديك للتحقق من عمرهم وربط حسابهم بحسابك.{lineBreak}بعد ربط حساب الوالدين بحسابك، سيتمكن الوالدين من الوصول إلى أدوات رقابة الوالدين والمعلومات التفصيلية عن وقت الشاشة الذي يقضيه الطفل وقائمة أصدقائه والمزيد.
Feature.Parents.Description.EnterParentEmailWithoutParentalControl,اطلب من والديك مساعدتك في هذه الخطوة.{lineBreak}سنرسِل رسالة بريد إلكتروني إلى والديك للتحقق من عمرَيهما وربط حسابهما بحسابك.{lineBreak}بعد ربط حساب الوالدين بحساب الطفل، سيتمكن الوالدان من الموافقة على بعض الإجراءات في حساب طفلهما.
Feature.Parents.Description.ParentalEmailFooter,سيتم ربط عنوان البريد الإلكتروني هذا بحسابك على Roblox مع امتيازات الوالدين. لمعرفة المزيد عن ممارساتنا فيما يتعلق بالبيانات، يرجى الاطلاع على {linkStart}سياسة الخصوصية{linkEnd} الخاصة بنا.
Feature.Parents.Label.Email,البريد الإلكتروني
Feature.Parents.Label.ParentEmail,البريد الإلكتروني للوالدين
Feature.Parents.Message.ConflictingPendingConsent,لقد سبق لك تقديم طلب للحصول على إذن. لإرسال طلب جديد، قم أولاً بإلغاء طلبك السابق في الإعدادات.
Feature.Parents.Message.EmailIneligible,هذا البريد الإلكتروني غير مؤهل. لطلب إذن من الوالدين على Roblox، استخدم بريد إلكتروني مختلف.
Feature.Parents.Message.InvalidEmail,عنوان البريد غير صالح
Feature.Parents.Message.RequestCreatedEmailNotSent,بعد استكمال ربط حساب Roblox، سيتمكن والداك من رؤية هذا الطلب في أدوات رقابة الوالدين.
Feature.Parents.Message.SomethingWentWrong,
Feature.Parents.Message.TooManyAttemptAskParent,لقد أجريتَ العديد من المحاولات. إذا سبق لك تقديم طلب للحصول على الإذن من والديك، فاطلب منهما التحقق من بريدهما الإلكتروني.
Feature.Parents.Message.TooManyAttempts,محاولات كثيرة جدًا. الرجاء المحاولة لاحقًا.
Feature.Parents.Title.EnterParentEmailV2,إدخال البريد الإلكتروني للوالدين
Feature.Parents.Title.SomethingWentWrong,
Feature.PlayerSearchResults.Action.AddFriend,
Feature.PlayerSearchResults.Label.FromSearch,من البحث
Feature.PlayerSearchResults.Label.Previously,سابقًا
Feature.PlayerSearchResults.Label.ThisIsYou,هذا أنت
Feature.PlayerSearchResults.Label.YouAreFollowing,أنت تتابع
Feature.Profile.Action.AboutThisProfile,حول هذا الملف الشخصي
Feature.Profile.Action.Accept,
Feature.Profile.Action.AcceptFriends,
Feature.Profile.Action.Add,
Feature.Profile.Action.Chat,
Feature.Profile.Action.CopyProfileLink,نسخ رابط الملف الشخصي
Feature.Profile.Action.EditAppearance,تحرير المظهر
Feature.Profile.Action.EditAvatar,تحرير الأفاتار
Feature.Profile.Action.EditBackground,تحرير الخلفية
Feature.Profile.Action.EditEmotes,تحرير العواطف (emotes)
Feature.Profile.Action.EditLook,
Feature.Profile.Action.JoinGame,
Feature.Profile.Action.Pending,
Feature.Profile.Action.Save,
Feature.Profile.Action.ShareProfile,مشاركة الملف الشخصي
Feature.Profile.Action.ShareProfileLink,مشاركة رابط الملف الشخصي
Feature.Profile.Action.SwitchAvatar,
Feature.Profile.Action.ToQRCode,
Feature.Profile.Action.UserBlocked,المستخدم محظور
Feature.Profile.Action.ViewFullProfile,عرض الملف الشخصي بأكمله
Feature.Profile.Action.ViewProfile,
Feature.Profile.Description.AboutModalCaption,شارك الآخرين المزيد عنك. للحفاظ على سلامتك، لا تشارك أي معلومات شخصية.
Feature.Profile.Description.InspectAndBuy,اضغط لرؤية إطلالتهم وشرائها.
Feature.Profile.Description.QrCodeDescription,اسمح للأشخاص الآخرين بمسح كود الاستجابة السريعة (QR) للتواصل معك على منصّة Roblox. المستخدمون الذين تم التحقُّق من أن أعمارهم 13 عامًا فأكثر والذين يتصلون عبر المسح المباشر لكود الاستجابة السريعة (QR) سيصبحون أصدقاء موثوق بهم.
Feature.Profile.Description.QrCodeDescription.FriendsRename,اسمح للأشخاص الآخرين بمسح كود الاستجابة السريعة (QR) للتواصل على منصّة Roblox. المستخدمون الذين تم التحقُّق من أن أعمارهم 13 عامًا أو أكثر والذين يتصلون عبر المسح المباشر لكود الاستجابة السريعة (QR) سيصبحون أصدقاء موثوقين.
Feature.Profile.Description.QrCodeScanning,السماح للآخرين بمسح رمز QR الخاص بك على Roblox باستخدام كاميرتهم لإضافتك بسرعة كصديق!
Feature.Profile.Description.RecognizeConnectionsByCustomName,يمكنك التعرف على أصدقائك بسهولة أكبر من خلال إعداد اسم مخصص لهم. الأسماء المستوردة من جهات الاتصال والأسماء المخصصة مرئية لك وحدك.
Feature.Profile.Description.RecognizeFriendsByCustomName,التمييز بين أصدقائك بسهولة أكبر عن طريق تحديد اسم مخصص لهم. الأسماء المستوردة من دفتر جهات الاتصال والأسماء المخصصة تراها أنتَ فقط.
Feature.Profile.Description.SaySomething,اكتب شيئًا عنك (يراه الآخرون)
Feature.Profile.Description.ScanQR,اسمح للأشخاص الذين تعرفهم بمسح كود QR لإضافتك.
Feature.Profile.Description.SetCustomName,"تعيين اسم مخصص لـ <font weight=""medium"">{displayName}</font>."
Feature.Profile.Description.SetCustomNameNoDisplayName,تعيين اسم مخصص.
Feature.Profile.Description.SocialNetworksCaptionEveryone,مرئي حاليًا للجميع.
Feature.Profile.Description.SocialNetworksCaptionFollowers,أنت مرئيّ حاليًّا لأصدقائك والمستخدمين الذين تتابعهم والمستخدمين الذي يتابعونك.
Feature.Profile.Description.SocialNetworksCaptionFollowing,مرئي حاليًا للأصدقاء والمستخدمين الذين تتابعهم.
Feature.Profile.Description.SocialNetworksCaptionFriends,مرئي حاليًا للأصدقاء.
Feature.Profile.Description.SocialNetworksCaptionNoOne,غير مرئي لأحد حاليًا.
Feature.Profile.Description.UsernameInsufficientFunds,تحتاج إلى {icon}{rbx} إضافية لتغيير اسم المستخدم. هل تريد شراء المزيد من Robux؟
Feature.Profile.Description.UsernamePrice,1000
Feature.Profile.Header.BuyWholeLook,شراء الإطلالة بالكامل
Feature.Profile.Header.InspectAndBuy,أفاتار {username}
Feature.Profile.Header.InspectAndBuy.BuySection,الإجمالي: ({numberOfSelectedItems}/{totalNumberOfItems} من العناصر)
Feature.Profile.Header.InspectAndBuy.Tooltip,تسوّق الأفاتار
Feature.Profile.Header.Inventory,
Feature.Profile.Header.Store,
Feature.Profile.Heading.AgedUpDisplayName,
Feature.Profile.Heading.AgedUpDisplayNameUpdated,تم تحديث الاسم.
Feature.Profile.Heading.DisplayName,اسم العرض
Feature.Profile.Heading.DisplayNameUpdated,تم تحديث اسم العرض
Feature.Profile.Heading.EditAgedUpDisplayName,تحرير الاسم
Feature.Profile.Heading.EditDisplayName,تعديل اسم العرض
Feature.Profile.Heading.InsufficientFunds,رصيد غير كافي
Feature.Profile.Heading.ProfileFrame,إطار الملف الشخصي
Feature.Profile.Heading.ProfilePictureSaved,تم حفظ صورة الملف الشخصي بنجاح
Feature.Profile.Heading.ProfileQRCode,مشاركة رمز QR
Feature.Profile.Heading.Statistics,
Feature.Profile.Heading.Username,
Feature.Profile.Heading.UsernameUpdated,تم تحديث اسم المستخدم
Feature.Profile.Label.AboutDetailsHeading,نبذة عن {name}
Feature.Profile.Label.AboutPlaceholder,
Feature.Profile.Label.AddFriend,
Feature.Profile.Label.AgedUpDisplayNameCaption,هذا هو الاسم العام الأساسي الذي سيراه المستخدمون الآخرون على Roblox. اختر اسمًا يتعرف أصدقاؤك عليك من خلاله، مثل اسمك الحقيقي.
Feature.Profile.Label.AgedUpDisplayNameConnectionsCaption,هذا هو الاسم العام الأساسي الذي سيظهر للمستخدمين الآخرين على Roblox. اختر اسمًا يتعرف عليك الناس من خلاله، مثل اسمك الحقيقي.
Feature.Profile.Label.AgedUpDisplayNameFailed,"لا يمكن حفظ الاسم. جرّب اسمًا آخر.
"
Feature.Profile.Label.AgedUpDisplayNameFriendsCaption,هذا هو الاسم العام الأساسي الذي سيراه المستخدمون الآخرون على منصّة Roblox. اختر اسمًا يتعرف أصدقاؤك عليك من خلاله، مثل اسمك الحقيقي.
Feature.Profile.Label.AgedUpDisplayNameModalCaption,"يمكنك تغيير اسم العرض مرة واحدة فقط كل 7 أيام.
"
Feature.Profile.Label.AgedUpDisplayNameTooShort,لا بد أن يكون اسم العرض 3 أحرف على الأقل.
Feature.Profile.Label.Cancel,
Feature.Profile.Label.CustomName,اسم مخصص
Feature.Profile.Label.CustomizeName,تخصيص الاسم
Feature.Profile.Label.CustomizeNamePlaceholder,
Feature.Profile.Label.DisplayNameCaption,هذا هو الاسم العام الأساسي الذي سيراه المستخدمون الآخرون على Roblox.
Feature.Profile.Label.DisplayNameFailed,لا يمكن حفظ اسم العرض. حاول مرة أخرى.
Feature.Profile.Label.DisplayNameModalCaption,يمكنك تغيير اسم العرض مرة واحدة فقط كل 7 أيام.
Feature.Profile.Label.DisplayNameTooShort,
Feature.Profile.Label.EditBackground,
Feature.Profile.Label.NoBioYet,لم تتم إضافة سيرة ذاتية حتى الآن
Feature.Profile.Label.NoPreviousName,لا توجد أسماء سابقة
Feature.Profile.Label.NoSocialLink,لا توجد روابط للتواصل الاجتماعي حتى الآن
Feature.Profile.Label.PlayedTogetherInGameDescription,لعبا معًا في {experience_name}
Feature.Profile.Label.PlayingExperience,يلعب الآن <b>{experienceName}</b>
Feature.Profile.Label.QRCodeFriendRequest,أرسلت من رمز QR
Feature.Profile.Label.RecentAgedUpDisplayName,"لقد غيّرت اسم العرض الخاص بك مؤخرًا. يمكنك تغيير اسم العرض مرة واحدة فقط كل 7 أيام.
"
Feature.Profile.Label.RecentDisplayName,لقد غيّرت اسم العرض الخاص بك مؤخرًا. يمكنك تغيير اسم العرض مرة واحدة فقط كل 7 أيام.
Feature.Profile.Label.UnableToJoin,تعذر الانضمام
Feature.Profile.Label.UserIsPlayingExperience,<b>{userName}</b> يلعب الآن <b>{experienceName}</b>
Feature.Profile.Label.UsernameDescription,هذا الاسم الفريد خاص بك وحدك على Roblox. سيكلفك تغيير اسمك {icon}{price}.
Feature.Profile.Label.ViewDetails,
Feature.Profile.Message.BlockError,تعذر حظر المستخدم. لعلك حظرت عددًا كبيرًا من الأشخاص.
Feature.Profile.Message.FriendAdded,
Feature.Profile.Message.InvalidAliasError,لا يمكن حفظ الاسم. جرّب اسمًا آخر.
Feature.Profile.Message.NoExperienceAccess,{name} هي تجربة لا يمكنك الوصول إليها.
Feature.Profile.Message.QRLoadFailed,تعذّر التحميل.
Feature.Profile.Message.QRNofificationRequest,أرسل لك طلب صداقة من رمز QR
Feature.Profile.Message.QRNotificationRequest,أرسل إليك طلب صداقة باستخدام كود الاستجابة السريعة (QR)
Feature.Profile.Message.QRNotificationRequest.FriendsRename,أرسل لك طلب صداقة من خلال كود الاستجابة السريعة (QR)
Feature.Profile.Title.QrScanner,ماسح QR
Feature.Profile.Tooltip.CurrencyTransfer.Body,يمكنك الآن إرسال عملات Robux.
Feature.Profile.Tooltip.CustomNameProfile,تمييز أصدقائك بسهولة عن طريق تعيين أسماء مخصصة لهم.
Feature.Profile.Tooltip.DisplayName,تحديث اسمك لمساعدة أصدقائك على التعرف عليك.
Feature.Profile.Tooltip.QrScanner,استخدم الكاميرا لمسح رمز QR الخاص بصديقك لإضافته بسرعة على Roblox.
Feature.ProfileBadges.VerifiedBadgeInfo,تؤكد هذه الشارة أن حاملها هو منشئ محتوى أو صاحب علامة تجارية أو شخصية عامة بارزة.
Feature.ProfileBadges.VerifiedBadgeInfoLink,
Feature.ProfileBadges.VerifiedBadgeInfoTitle,شارة التحقق
Feature.ProfileBadges.action.close,
Feature.QualtricsSurveyPrompt.Action.Close,لا شكرًا
Feature.QualtricsSurveyPrompt.Action.Continue,
Feature.QualtricsSurveyPrompt.Action.Done,
Feature.QualtricsSurveyPrompt.Action.Next,
Feature.QualtricsSurveyPrompt.Action.Retry,
Feature.QualtricsSurveyPrompt.Action.Send,
Feature.QualtricsSurveyPrompt.Description.Error,
Feature.QualtricsSurveyPrompt.Description.TakeAQuickSurvey,شارِك في استطلاع رأي سريع لمساعدتنا في تحسين خدمات منصّة Roblox.
Feature.QualtricsSurveyPrompt.Heading.GiveUsFeedback,شاركنا ملاحظاتك
Feature.QualtricsSurveyPrompt.Response.SurveySubmitted,
Feature.ReportAbuse.Action.AttachScreenshot,إرفاق لقطة الشاشة
Feature.ReportAbuse.Action.BackToExperience,العودة إلى التجربة
Feature.ReportAbuse.Action.BuildAReport,وضع النص
Feature.ReportAbuse.Action.Close,
Feature.ReportAbuse.Action.Continue,
Feature.ReportAbuse.Action.ContinueReport,المتابعة إلى الإبلاغ
Feature.ReportAbuse.Action.EnterChatLineReporting,الإبلاغ عن إساءة استخدام
Feature.ReportAbuse.Action.EnterSceneReporting,الدخول في وضع التحديد
Feature.ReportAbuse.Action.ErrorModalGoBack,
Feature.ReportAbuse.Action.HighlightScene,تعليم المشهد
Feature.ReportAbuse.Action.Next,
Feature.ReportAbuse.Action.Retake,إعادة تصوير
Feature.ReportAbuse.Action.RetakeScene,إعادة تصوير المشهد
Feature.ReportAbuse.Action.ReturnToExperience,
Feature.ReportAbuse.Action.SelectInScene,وضع التحديد
Feature.ReportAbuse.Action.Submit,
Feature.ReportAbuse.Action.TextMute,حظر رسائل الدردشة الواردة من {name}
Feature.ReportAbuse.DSAIllegal.ReportLink,الإبلاغ عن محتوى غير قانوني بموجب قانون الخدمات الرقمية للاتحاد الأوروبي.
Feature.ReportAbuse.DSAIllegal.ReportPageTitle,الإبلاغ عن محتوى غير قانوني
Feature.ReportAbuse.Description.IpInfringementReportModal,<b>احفظ هذا الكود.</b> ستحتاج إليه لإكمال <b>طلب الإزالة</b> باستخدام أدوات <b>الملكية الفكرية</b> في <b>مركز المصمم</b> أو عبر البريد الإلكتروني <i>(اطَّلِع على التفاصيل في شروط الاستخدام)</i>. <b>سيكون هذا الكود صالحًا لمدة 48 ساعة فقط.</b>
Feature.ReportAbuse.Heading.ReportAbuse,الإبلاغ عن إساءة الاستخدام
Feature.ReportAbuse.Heading.ReportUsingSelectInScene,الإبلاغ باستخدام وضع التحديد
Feature.ReportAbuse.Heading.SelectInSceneErrorTitle,خطأ: الحد الأقصى 5 دوائر
Feature.ReportAbuse.Label.Avatar,الأفاتار
Feature.ReportAbuse.Label.CantSelectSubtitle,"حدد ""التالي"" للإبلاغ عن التجربة بأكملها."
Feature.ReportAbuse.Label.CantSelectTitle,هل لا يمكنك تحديد شيء معين؟
Feature.ReportAbuse.Label.CategoryBullyingV2,تنمر وتحرش وتمييز
Feature.ReportAbuse.Label.CategoryContent,محتوى غير لائق - مكان، صورة، نموذج
Feature.ReportAbuse.Label.CategoryDating,
Feature.ReportAbuse.Label.CategoryInappropriate,لغة غير ملائمة - ألفاظ نابية ومحتوى خاص بالبالغين
Feature.ReportAbuse.Label.CategoryOther,انتهاك قاعدة أخرى
Feature.ReportAbuse.Label.CategoryPrivateInfo,طلب معلومات خاصة أو إعطاء معلومات خاصة
Feature.ReportAbuse.Label.CategoryScamming,استغلال، غش، احتيال
Feature.ReportAbuse.Label.CategoryTheft,سرقة الحساب - تصيد، قرصنة، تداول
Feature.ReportAbuse.Label.CategoryThreats,تهديدات حقيقية للحياة وتهديدات بالانتحار
Feature.ReportAbuse.Label.ChooseOne,اختر واحدًا
Feature.ReportAbuse.Label.Content,
Feature.ReportAbuse.Label.Experience,
Feature.ReportAbuse.Label.FinishChatReport,إكمال تقرير الإبلاغ عن المحادثة
Feature.ReportAbuse.Label.GenericReportIllegalContentMessage,
Feature.ReportAbuse.Label.HighlightProblem,حدد المشكلة برسم دوائر
Feature.ReportAbuse.Label.HighlightProblemPrecise,حدِّد المشكلة
Feature.ReportAbuse.Label.Optional,اختياري
Feature.ReportAbuse.Label.Person,شخص
Feature.ReportAbuse.Label.PleaseSelectOne,الرجاء اختيار واحد.
Feature.ReportAbuse.Label.Report,
Feature.ReportAbuse.Label.ReportSubmitted,
Feature.ReportAbuse.Label.ReportType,هل ترغب بالإبلاغ عن تجربة أم شخص؟
Feature.ReportAbuse.Label.SelectChatLine,حدد محادثة واحدة للإبلاغ عنها
Feature.ReportAbuse.Label.SelectInSceneComplete,سنستخدم تقريرك للحفاظ على Roblox مكانًا ممتعًا وآمنًا للجميع.
Feature.ReportAbuse.Label.SelectInSceneDescription1,استخدم ما يصل إلى 5 دوائر لتحديد المشكلة
Feature.ReportAbuse.Label.SelectInSceneDescription2,أخبرنا لماذا تظن أن هذه مشكلة
Feature.ReportAbuse.Label.SelectInSceneDescription3,إرسال تقريرك
Feature.ReportAbuse.Label.SelectInSceneDescriptionPrecise1,اضغط أو اسحب أو انقر لتحديد المشكلة
Feature.ReportAbuse.Label.SelectInSceneErrorDescription,يمكنك استخدام ما يصل إلى خمس دوائر لتحديد المشكلة. استخدم زر التراجع لإزالة دائرة.
Feature.ReportAbuse.Label.SelectPerson,تحديد شخص في المشهد
Feature.ReportAbuse.Label.SelectProblem,تحديد المشكلة في المشهد
Feature.ReportAbuse.Label.SentInAnotherChat,تم الإرسال في دردشة أخرى
Feature.ReportAbuse.Label.SentPrivately,تم الإرسال في رسالة خاصة
Feature.ReportAbuse.Label.TakeItDownCopy,الإبلاغ عن صور حميمية غير متفق عليها بموجب المادة 47 من قانون الولايات المتحدة، الفقرة 223a.
Feature.ReportAbuse.Label.TellUsWhatHappened,أخبرنا بما حدث. (اختياري)
Feature.ReportAbuse.Label.TellUsWhatHappenedNoOptional,أخبِرنا بما حدث:
Feature.ReportAbuse.Label.TextChat,
Feature.ReportAbuse.Label.UserTextMuted,لقد حظرنا رسائل الدردشة الواردة من {name}
Feature.ReportAbuse.Label.UserTextMutedError,لم نتمكن من حظر رسائل الدردشة الواردة من {name}
Feature.ReportAbuse.Label.WhatWasWrong,ما الذي حصل؟
Feature.ReportAbuse.Label.WhereDidItHappen,أين حدث ذلك؟
Feature.ReportAbuse.Label.YourReportCode,كود البلاغ الخاص بك:
Feature.ReportAbuse.Message.ChatLineReportingInfoText,سيتضمن الإبلاغ كل الرسائل في هذه القناة، بما في ذلك الرسالة التي تحدّدها.
Feature.ReportAbuse.Message.ErrorSubmit,حدثت مشكلة خلال إرسال تقريرك.
Feature.ReportAbuse.Message.OSACopy1,سوف نراجع البلاغ ونتخذ الإجراء المناسب. ولن نشارك معلوماتك مع أي مستخدم تبلغ عنه.
Feature.ReportAbuse.Message.OSACopy2,لن يتم حظر المستخدم أو المحتوى، الذي أبلغت عنه، تلقائيًا. ويمكنك حظر المستخدم إذا كنت ترغب في الحد من تفاعلاتك معه.
Feature.ReportAbuse.Message.OSACopy3,يمكنك أيضًا الإبلاغ عن المحتوى غير القانوني بموجب قانون السلامة عبر الإنترنت في المملكة المتحدة.
Feature.ReportAbuse.Message.OSACopy4,الإبلاغ عن محتوى غير قانوني و/أو محتوى ضار بالأطفال.
Feature.ReportAbuse.Message.OSACopyReadOnly,للإبلاغ عن محتوى غير قانوني و/أو محتوى ضار بالأطفال، تفضل بزيارة: https://www.roblox.com/illegal-content-reporting
Feature.ReportAbuse.Message.ProblemNotInScene,"إذا كانت المشكلة غير موجودة في هذا المشهد، يمكنك حينها ""إعادة تصوير"" لقطة عن الشاشة."
Feature.ReportAbuse.Message.ReportInformationCopy,سنراجع البلاغ الذي قدّمته وسنتخذ الإجراء المناسب. ولن نشارك معلوماتك مع أي مستخدم تبلغ عنه. لن يؤدي الإبلاغ عن مستخدم أو محتوى إلى حظره تلقائيًا.
Feature.ReportAbuse.Message.RetakeScene,"ساعدنا على فهم ما حدث حولك. سوف نصوّر المشهد في اللحظة التي تضغط فيها على ""إبلاغ"""
Feature.ReportAbuse.Message.Success,تم إرسال تقريرك.
Feature.ReportAbuse.Message.ThankYouReport,شكرًا لك. سنستخدم بلاغك للحفاظ على Roblox مكانًا ممتعًا وآمنًا للجميع.
Feature.ReportAbuse.Message.UserTextMuted,لن تتلقى رسائل الدردشة من اللاعب المحظور في هذه التجربة.
Feature.ReportAbuse.Message.UserTextMutedErrorDoesNotExist,تعذَّر علينا العثور على {name}. ربما غادر التجربة بالفعل.
Feature.ReportAbuse.Message.UserTextMutedErrorSelf,لا يمكنك حظر رسائل الدردشة الواردة منك.
Feature.ReportAbuse.Message.UserTextMutedSystem,"تم كتم المستخدم ""{name}"". يمكنك ""/إلغاء كتم {name}"" للتراجع عن هذا الإجراء."
Feature.ReportAbuse.Problem.Bullying,تنمّر
Feature.ReportAbuse.Problem.Cheating,غش
Feature.ReportAbuse.Problem.Dating,مواعدة/جنس
Feature.ReportAbuse.Problem.Hate,كراهية
Feature.ReportAbuse.Problem.IpInfringement,
Feature.ReportAbuse.Problem.Links,روابط خارج المنصة
Feature.ReportAbuse.Problem.Personal,معلومات شخصية
Feature.ReportAbuse.Problem.Scamming,
Feature.ReportAbuse.Problem.Spamming,
Feature.ReportAbuse.Problem.Swearing,
Feature.ReportAbuse.Problem.Violence,عنف
Feature.ReportAbuse.ProblemDescription.Bullying,التنمّر أو التحرش أو التهديدات
Feature.ReportAbuse.ProblemDescription.Cheating,كسر القواعد، أو استغلال استخدام الاختراقات أو الأكواد
Feature.ReportAbuse.ProblemDescription.Dating,المواعدة أو الرومانسية أو الجنس
Feature.ReportAbuse.ProblemDescription.Hate,الكراهية أو الألفاظ النابية أو التمييز
Feature.ReportAbuse.ProblemDescription.IpInfringement,استخدام غير مصرح به للمحتوى الخاص بي
Feature.ReportAbuse.ProblemDescription.Links,الربط بموقع أو تطبيق خارج Roblox
Feature.ReportAbuse.ProblemDescription.Personal,السؤال عن المعلومات الشخصية أو إعطاء معلومات شخصية
Feature.ReportAbuse.ProblemDescription.Scamming,عمليات النصب والاحتيال أو الخداع أو التبادل المزيف
Feature.ReportAbuse.ProblemDescription.Spamming,إرسال رسائل غير مرغوب فيها أو متكررة
Feature.ReportAbuse.ProblemDescription.Swearing,الشتائم أو السبّ أو اللغة البذيئة
Feature.ReportAbuse.ProblemDescription.Violence,عنف شديد أو مشاهد دموية
Feature.ReportAbuse.ProblemSurface.Avatar,ثياب أو أكسسوار الأفاتار
Feature.ReportAbuse.ProblemSurface.DrawingOrCreation,الرسم أو التصميم
Feature.ReportAbuse.ProblemSurface.Experience,اللعبة أو التجربة
Feature.ReportAbuse.ProblemSurface.ItemOrAsset,العنصر أو الأصل
Feature.ReportAbuse.ProblemSurface.Movement,حركة اللاعب أو emote
Feature.ReportAbuse.ProblemSurface.MusicOrSoundEffect,الموسيقى أو المؤثرات الصوتية
Feature.ReportAbuse.ProblemSurface.TextChat,نص
Feature.ReportAbuse.ProblemSurface.Username,
Feature.ReportAbuse.Title.SelectInSceneContinueYourReport,مواصلة إعداد بلاغك
Feature.ReportAbuse.Title.SelectInSceneFinishYourReport,إكمال تقريرك
Feature.ReportAbuse.Title.SelectInSceneIpReport,شكرًا لك على بدء بلاغ انتهاك الملكية الفكرية
Feature.ReportAbuse.Title.SelectInSceneThankYou,شكرًا على التقرير
Feature.RobloxSubscription.Action.Subscribe,اشتراك
Feature.RobloxSubscription.Action.TryItForFree,جرب مجانًا
Feature.RobloxSubscription.Body.AlreadySubscribed,يوفر اشتراكك في Plus بالفعل مزايا داخل اللعبة.
Feature.RobloxSubscription.Body.GenericError,لم نتمكن من إكمال هذا الإجراء في الوقت الحالي. يُرجى إعادة المحاولة.
Feature.RobloxSubscription.Body.UnsupportedPlatform,هذا الاشتراك غير متاح للشراء على هذا الجهاز.
Feature.RobloxSubscription.Description.AgeCheckTrial,تحقق من عمرك من خلال إجراء عملية تقدير العمر واحصل على أسبوع مجاني من اشتراك Roblox Plus كتعبير عن شكرنا لك. لا يلزم وجود طريقة دفع للاستمتاع بهذه الفترة التجريبية المجانية.
Feature.RobloxSubscription.Description.Benefit.Customize,التخصيص باستخدام إطارات الملف الشخصي وسمات التطبيق
Feature.RobloxSubscription.Description.Benefit.DiscountV2,خصم بنسبة 10% في أول 60 يومًا، ثم خصم بنسبة 20% على العناصر والأفاتارات
Feature.RobloxSubscription.Description.ExclusiveBenefits,متعة أكثر مقابل عدد أقل من عملات Robux. اشترِك في Roblox Plus.
Feature.RobloxSubscription.Disclosure.BlackbirdTermsAgreement,"بالضغط على \u{201C}{ctaText}\u{201D}، فإنك توافق على <a href=""{termsUrl}"">شروط الاشتراك في منصّة Roblox</a>. سيتم تحصيل الرسوم منك تلقائيًا كل شهر حتى تقوم بالإلغاء."
Feature.RobloxSubscription.Label.BlackbirdPSDiscount,خوادم خاصة مجانية
Feature.RobloxSubscription.Label.BlackbirdPriceTag,{price}/{periodType}
Feature.RobloxSubscription.Label.BlackbirdTr,إرسال عملات Robux مجانًا
Feature.RobloxSubscription.Label.BlackbirdUpsellBanner,احصل على خصم بنسبة {discountPercentage} % مع Roblox Plus
Feature.RobloxSubscription.Label.BlackbirdVTDiscountFirst,خصم بنسبة {discountPercent}% على العناصر داخل اللعبة والأفاتارات والمزيد
Feature.RobloxSubscription.Label.BlackbirdVTDiscountSecond,خصم بنسبة {discountPercent}% على هذه العناصر بعد {periodIndex} {periodType}
Feature.RobloxSubscription.Label.FreeTrialDisclosureShort,"بالضغط على ""متابعة""، فإنك توافق على {linkStart}شروط الاشتراك في منصّة Roblox{linkEnd}."
Feature.RobloxSubscription.Label.FreeTrialDisclosureV2,"بالضغط على ""جرب مجانًا""، فإنك توافق على {linkStart}شروط الاشتراك في Roblox.{linkEnd} ستنتهي الفترة التجريبية المجانية بعد شهر واحد وسيتم تحصيل الرسوم منك تلقائيًا كل شهر ويمكنك الإلغاء في أي وقت."
Feature.RobloxSubscription.Label.FreeTrialText,احصل على فترة تجريبية مجانية
Feature.RobloxSubscription.Label.RobloxPlusPriceRowV2,{boldStart}شهر واحد مجانًا،{boldEnd} ثم {price}/{periodType}
Feature.RobloxSubscription.Label.month,شهر
Feature.RobloxSubscription.Label.months,أشهر
Feature.RobloxSubscription.Title.AgeCheckTrial,احصل على أسبوع مجاني من Plus
Feature.RobloxSubscription.Title.AlreadySubscribed,خبر سار
Feature.RobloxSubscription.Title.GenericError,
Feature.RobloxSubscription.Title.GetBlackbird,اشترِك في Roblox Plus
Feature.RobloxSubscription.Title.UnsupportedPlatform,اشتراك Roblox Plus غير متاح هنا
Feature.SafetyDashboard.Heading.AccountStatus.V2,حالة الحساب، والانتهاكات، والاستئنافات
Feature.Schools.Label.Classmates,زملاء الدراسة
Feature.Screentime.Content.ScreentimeLimitDialog,لقد وصلت إلى الحدّ اليومي المخصص لوقت الشاشة. يمكنك العودة غدًا لمواصلة استخدام Roblox مرة أخرى.
Feature.SecurityFeedback.Header.NewLogin,تنبيه بنشاط جديد
Feature.Settings.Label.Error,
Feature.SettingsHub.Action.AllowInSettings,السماح في الإعدادات
Feature.SettingsHub.Action.Block,
Feature.SettingsHub.Action.Cancel,
Feature.SettingsHub.Action.CancelSearch,
Feature.SettingsHub.Action.CaptureScene,أضف لقطة عن المشهد
Feature.SettingsHub.Action.ConnectVoiceChat,التواصل عبر المحادثة الصوتية
Feature.SettingsHub.Action.InviteFriend,
Feature.SettingsHub.Action.InviteFriendsBack,
Feature.SettingsHub.Action.MuteAll,كتم الجميع
Feature.SettingsHub.Action.NotNow,
Feature.SettingsHub.Action.Ok,
Feature.SettingsHub.Action.OpenSettings,
Feature.SettingsHub.Action.Report.Done,
Feature.SettingsHub.Action.TurnOn,
Feature.SettingsHub.Action.Unblock,
Feature.SettingsHub.Action.UnmuteAll,إلغاء كتم الجميع
Feature.SettingsHub.Chat.ChatLanguageSelectionLabel,لغة ترجمة الدردشة
Feature.SettingsHub.Chat.TranslationSetting,ترجمة تلقائية للدردشة
Feature.SettingsHub.Chat.TranslationToggleSetting,خيار لعرض الرسالة غير المترجمة
Feature.SettingsHub.Default.DynamicThumbstick,الافتراضي (Dynamic Thumbstick)
Feature.SettingsHub.Description.CameraPermissionRequestQRCode,نحتاج إلى الوصول إلى كاميرتك لتتمكن من مسح كود الاستجابة السريعة (QR).
Feature.SettingsHub.Description.ChatWithVoiceDisabledUntil,تم تعطيل وصولك إلى المحادثة مع الصوت لغاية {dateTime} بسبب السلوك الذي قد ينتهك معايير مجتمعنا.
Feature.SettingsHub.Description.ContactsPermissionAndroid,"1. حدِّد ""الإذن""
2. حدِّد ""جهات الاتصال""
3. اسمح لمنصة Roblox بالوصول إلى جهات اتصالك"
Feature.SettingsHub.Description.ContactsPermissionAndroidDeeplinkNotSupported,"1. انتقِل إلى ""الإعدادات"" > ""الإذن""
2. حدِّد ""جهات الاتصال""
3. اسمح لمنصّة Roblox بالوصول إلى جهات اتصالك"
Feature.SettingsHub.Description.ContactsPermissionIOS,للتواصل مع الأصدقاء، اسمح لمنصة Roblox بالوصول إلى جهات اتصالك.
Feature.SettingsHub.Description.ContactsPermissionRequest,نحتاج إلى الوصول إلى جهات اتصالك لتتمكن من التواصل مع الأصدقاء.
Feature.SettingsHub.Description.PeoplesNames,إظهار الأوسمة لديك أو إخفاؤها عن الأشخاص في الألعاب.
Feature.SettingsHub.Description.QRCodeCameraPermissionAndroid,"1. حدِّد ""الإذن""
2. حدِّد ""الكاميرا""
3. اسمح لمنصة Roblox بالوصول إلى الكاميرا"
Feature.SettingsHub.Description.QRCodeCameraPermissionAndroidDeeplinkNotSupported,"1. انتقِل إلى ""الإعدادات"" > ""الإذن""
2. حدِّد ""الكاميرا""
3. اسمح لمنصة Roblox بالوصول إلى الكاميرا"
Feature.SettingsHub.Description.QRCodeCameraPermissionIOS,لمسح كود الاستجابة السريعة (QR) ضوئيًا، يرجى السماح لمنصة Roblox بالوصول إلى الكاميرا.
Feature.SettingsHub.Description.SelectAvatarToCheckoutItems,اختر أي أفاتار للتحقق من العناصر التي يستخدمها.
Feature.SettingsHub.Description.SelectUsernameToViewProfile,عرض الملفات الشخصية من خلال تحديد الاسم.
Feature.SettingsHub.GameSettings.DisplayBadges,عرض أوسمتي
Feature.SettingsHub.GameSettings.FramerateCapDefaultEntry,الافتراضي ({Frames} FPS)
Feature.SettingsHub.GameSettings.FramerateEntry,{Frames} FPS
Feature.SettingsHub.GameSettings.GuiVisibility.Freecam,Freecam
Feature.SettingsHub.GameSettings.GuiVisibility.ShowGuiType,إظهار GUI: '{GuiType}'
Feature.SettingsHub.GameSettings.InputDevice,أسلوب الإدخال
Feature.SettingsHub.GameSettings.MaximumFramerate,الحد الأقصى للإطارات
Feature.SettingsHub.GameSettings.MaximumFramerate.Description,اضبط معدل الإطارات لديك للاستمتاع بسلاسة أكبر خلال اللعب. بما أن المعدلات الأعلى للإطارات تستهلك طاقة أكبر، لن يتم عرض الإطارات التي تتجاوز معدل تحديث الشاشة.
Feature.SettingsHub.GameSettings.MicroProfiler,أداة تحليل الأداء
Feature.SettingsHub.GameSettings.MyBadges,أوسمتي
Feature.SettingsHub.GameSettings.OutputDevice,جهاز الإخراج
Feature.SettingsHub.GameSettings.PeopleNames,عرض أسماء الأشخاص
Feature.SettingsHub.GameSettings.PeopleNames.Description,عرض الأسماء فوق الأشخاص أو إخفاؤها في الألعاب. قد تحتوي بعض الألعاب على إعدادات مخصصة تتجاوز تفضيلاتك.
Feature.SettingsHub.GameSettings.PeoplesNames,أسماء الأشخاص
Feature.SettingsHub.Heading.InviteFriends,
Feature.SettingsHub.Heading.InviteUser,دعوة {DisplayName}؟
Feature.SettingsHub.Heading.Report.ThanksForReport,شكرًا على إرسال البلاغ!
Feature.SettingsHub.Label.AttachScreenshot,إرفاق لقطة الشاشة؟ (اختياري)
Feature.SettingsHub.Label.Captures,
Feature.SettingsHub.Label.ChooseOne,اختر واحدة
Feature.SettingsHub.Label.Connect,الاتصال
Feature.SettingsHub.Label.Connected,
Feature.SettingsHub.Label.ConnectionsListLoadErrorMessage,تعذَّر تحميل جهات الاتصال. يُرجى إعادة المحاولة لاحقًا.
Feature.SettingsHub.Label.DefaultInviteMessage,هل تريد دعوة {DisplayName} للانضمام إليك؟
Feature.SettingsHub.Label.Disconnect,قطع الاتصال
Feature.SettingsHub.Label.Disconnected,
Feature.SettingsHub.Label.DontLeaveButton,عدم المغادرة
Feature.SettingsHub.Label.FriendsListLoadErrorMessage,تعذر تحميل الأصدقاء. حاول مرة أخرى لاحقًا.
Feature.SettingsHub.Label.GameInviteError,تعذر إرسال الدعوة إلى التجربة. الرجاء المحاولة لاحقاً.
Feature.SettingsHub.Label.Hide,
Feature.SettingsHub.Label.InviteSearchNoResults,
Feature.SettingsHub.Label.Invited,
Feature.SettingsHub.Label.LeaveButton,
Feature.SettingsHub.Label.LoadingFriendsListFailed,
Feature.SettingsHub.Label.MethodOfAbuse,نوع سوء المعاملة؟
Feature.SettingsHub.Label.Moderated,تم الإشراف عليها
Feature.SettingsHub.Label.ModeratedInviteError,تمت الإشراف على الدعوة إلى التجربة ولم نوافق على إرسالها.
Feature.SettingsHub.Label.Mute,
Feature.SettingsHub.Label.NoConnectionsPageMessage,أضِف جهات اتصال حتى تتمكنوا من الاستكشاف معًا.
Feature.SettingsHub.Label.NoConnectionsScreen,أنشئ جهات اتصال حتى تتمكن من دعوتهم للانضمام إليك!
Feature.SettingsHub.Label.NoFriendsPageMessage,أضف أصدقاءك حتى تتمكن من الاستكشاف واللعب معهم.
Feature.SettingsHub.Label.NoFriendsScreen,أنشئ صداقات لكي تتمكن من دعوتهم للانضمام إليك.
Feature.SettingsHub.Label.QuitButton,إنهاء
Feature.SettingsHub.Label.ReasonForAbuse,سبب الإساءة؟
Feature.SettingsHub.Label.Report.BlockDisplayName,حظر {DISPLAY_NAME} (@{RBX_NAME})
Feature.SettingsHub.Label.Report.OtherActionsHeader,خطوات أخرى يمكنك اتخاذها
Feature.SettingsHub.Label.Report.ReceivedReportBody,لقد تلقينا تقريرك وسوف نتخذ الإجراء المناسب إذا لزم الأمر. ملاحظاتك تساهم بالحفاظ على سلامة مجتمعنا.
Feature.SettingsHub.Label.ReportComment,
Feature.SettingsHub.Label.SceneCaptured,تم التقاط المشهد
Feature.SettingsHub.Label.SearchForFriendsPlaceholder,
Feature.SettingsHub.Label.SearchForFriendsPlaceholder.FriendsRename,
Feature.SettingsHub.Label.Sending,جاري الإرسال
Feature.SettingsHub.Label.Show,
Feature.SettingsHub.Label.Unmute,
Feature.SettingsHub.Label.VoiceChat,
Feature.SettingsHub.Label.WhichPlayer,أي شخص؟
Feature.SettingsHub.LanguageSelection.SettingLabel,لغة اللعبة
Feature.SettingsHub.LanguageSelection.Unavailable,غير متوفرة
Feature.SettingsHub.Message.InviteToGameTitle,تعال وانضم إلي في {PLACENAME}
Feature.SettingsHub.MethodOfAbuse.AvatarSubtitle,أفاتار هذا الشخص يرتدي ملابس مسيئة
Feature.SettingsHub.MethodOfAbuse.Other.Subtitle,هذا الشخص يتبعني أو يلبس ثيابًا غير لائقة أو غير ذلك.
Feature.SettingsHub.MethodOfAbuse.Other.Title,
Feature.SettingsHub.MethodOfAbuse.Text.Subtitle,هذا الشخص كتب في الدردشة عبارة سيئة
Feature.SettingsHub.MethodOfAbuse.VoiceChat.Subtitle,كان هذا الشخص يتحدّث بصوت عالٍ للغاية
Feature.SettingsHub.MethodOfAbuse.VoiceChat.Title,
Feature.SettingsHub.PageTitle.InThisServer,في هذا الخادم
Feature.SettingsHub.Prompt.AllowAccessToCamera,هل تريد السماح بالوصول إلى الكاميرا؟
Feature.SettingsHub.Prompt.AllowAccessToContacts,هل تريد السماح بالوصول إلى جهات الاتصال؟
Feature.SettingsHub.Prompt.AndroidWithDeeplink,<b>1. حدد الإذن<br />2. اختر ميكروفون<br />3. السماح لـ Roblox بالوصول إلى ميكروفونك</b>
Feature.SettingsHub.Prompt.AndroidWithoutDeeplink,
Feature.SettingsHub.Prompt.BuyWhatTheyreWearing,شراء ما يرتدونه
Feature.SettingsHub.Prompt.CameraUnavailable,الكاميرا غير متوفرة
Feature.SettingsHub.Prompt.ChangeYourMind,إذا غيرت رأيك
Feature.SettingsHub.Prompt.Connecting,محاولة إعادة اتصال الصوت
Feature.SettingsHub.Prompt.GetVoiceChat,
Feature.SettingsHub.Prompt.GotIt,
Feature.SettingsHub.Prompt.IncorrectNudge,هل ارتكبنا أي خطأ؟<br /><u>أخبرنا</u>
Feature.SettingsHub.Prompt.IncorrectNudgeV2,هل أخطأنا في قرارنا؟<br /><u>أبلِغ عن خطأ</u>
Feature.SettingsHub.Prompt.JoinedVoiceChat,لقد انضممت إلى المحادثة الصوتية
Feature.SettingsHub.Prompt.JoinedVoiceChatV2,
Feature.SettingsHub.Prompt.JoinedVoiceChatV3,أنت متصل بالمحادثة الصوتية
Feature.SettingsHub.Prompt.LeaveVoiceChatV2,لقد قطعت الاتصال بالمحادثة الصوتية
Feature.SettingsHub.Prompt.MicAndCameraUseSuspended,استخدام الكاميرا والميكروفون غير مسموح
Feature.SettingsHub.Prompt.MicUseSuspended,استخدام الميكروفون غير مسموح
Feature.SettingsHub.Prompt.MicrophonePermission,تعذر الوصول إلى الميكروفون
Feature.SettingsHub.Prompt.NeedCameraAccess,بحاجة إلى الوصول إلى الكاميرا
Feature.SettingsHub.Prompt.NeedContactsAccess,بحاجة إلى الوصول إلى جهات اتصال
Feature.SettingsHub.Prompt.NeedMicrophoneAccess,بحاجة إلى الإذن للميكروفون
Feature.SettingsHub.Prompt.NotAudible,الدردشة الصوتية غير مسموعة
Feature.SettingsHub.Prompt.Place,يتجاوز العدد الأقصى للاعبين
Feature.SettingsHub.Prompt.RememberRules,تذكير بسياساتنا
Feature.SettingsHub.Prompt.RememberRulesVoiceChat,قد يتم تعليق وصولك إلى المحادثة الصوتية
Feature.SettingsHub.Prompt.RestartOnMicAccessChange,تحتاج إلى إعادة تشغيل التطبيق لتفعيل تغييرات الوصول التي أجريتها في الميكروفون.
Feature.SettingsHub.Prompt.Subtitle.AllowMicrophoneAccess,للمحادثة الصوتية مع الآخرين، اسمح لتطبيق Roblox بالوصول إلى الميكروفون.
Feature.SettingsHub.Prompt.Subtitle.CameraUnavailable,لقد عطلنا الكاميرا لتحسين أداء تجربة هذا الجهاز. حاول استخدام جهاز آخر. انقر لمعرفة المزيد.
Feature.SettingsHub.Prompt.Subtitle.Connecting,جاري اتصال الصوت. قد يستغرق ذلك بعض الوقت.
Feature.SettingsHub.Prompt.Subtitle.DisconnectOrMute,يمكنك ترك المحادثة الصوتية متى ما شئت كما يمكنك كتم أي شخص في أي وقت.
Feature.SettingsHub.Prompt.Subtitle.DisconnectOrMuteHere,يمكنك دائمًا قطع الاتصال بالصوت أو إسكات أي شخص في أي وقت هنا
Feature.SettingsHub.Prompt.Subtitle.EffectiveUntil,ساري المفعول حتى
Feature.SettingsHub.Prompt.Subtitle.FutureViolations,المزيد من المخالفات في المستقبل يؤدي إلى اتخاذ إجراءات إضافية بحق الحسابات.
Feature.SettingsHub.Prompt.Subtitle.GoToAccountInfo,انتقِل إلى الإعدادات > معلومات الحساب.
Feature.SettingsHub.Prompt.Subtitle.InExpVoiceUpsell1,تحدث مع الآخرين واستمتع أكثر. اعط Roblox الإذن لميكروفونك لتتمكن من المحادثة. أنت المتحكِّم - يمكنك كتم صوتك أو كتم أي شخص متى ما شئت.
Feature.SettingsHub.Prompt.Subtitle.InExpVoiceUpsell2,تحدث مع الآخرين واستمتع أكثر. أنت المتحكِّم - يمكنك كتم صوتك أو كتم أي شخص متى ما شئت.
Feature.SettingsHub.Prompt.Subtitle.JoinVoiceLater,يمكنك دائماً الانضمام إلى المحادثة الصوتية في وقت لاحق من قائمة Roblox.
Feature.SettingsHub.Prompt.Subtitle.MicAndCamera,لقد اكتشفت أنظمتنا سلوكًا قد يخالف معايير مجتمعنا. على سبيل الاحتياط، عطّلنا وصولك إلى المحادثة مع الصوت وأفاتارك.
Feature.SettingsHub.Prompt.Subtitle.Microphone,لقد اكتشفت أنظمتنا سلوكًا قد يخالف معايير مجتمعنا. على سبيل الاحتياط، عطّلنا وصولك إلى المحادثة مع الصوت.
Feature.SettingsHub.Prompt.Subtitle.MicrophonePermission,لكي تتمكن من الدردشة مع الصوت، انتقل إلى إعدادات نظام التشغيل للسماح لـ Roblox باستخدام الميكروفون
Feature.SettingsHub.Prompt.Subtitle.MuteAnyoneAnytime,يمكنك كتم أي شخص في أي وقت.
Feature.SettingsHub.Prompt.Subtitle.NotAudible,"تم تعيين مستوى صوت اللعبة إلى ""0"" في الإعدادات. الرجاء زيادة مستوى الصوت لتتمكن من الاستماع."
Feature.SettingsHub.Prompt.Subtitle.NotAudibleVoiceChatVolume,"تم تعيين مستوى صوت المحادثة الصوتية إلى ""0"" في الإعدادات. الرجاء رفع مستوى الصوت لسماع الأصوات."
Feature.SettingsHub.Prompt.Subtitle.Place,الصوت الاستشعاري متاح فقط للأماكن التي فيها 30 لاعبًا أو أقل.
Feature.SettingsHub.Prompt.Subtitle.Respect,الرجاء الحفاظ على Roblox مكانًا للمتعة باحترام الآخرين.
Feature.SettingsHub.Prompt.Subtitle.Retry,الرجاء محاولة الخروج وإعادة الانضمام.
Feature.SettingsHub.Prompt.Subtitle.Revoked,بسبب مخالفات متعددة لمعايير مجتمعنا، ألغينا مؤقتًا وصولك إلى المحادثة الصوتية لحين انتهاء صلاحية إصدار Beta.
Feature.SettingsHub.Prompt.Subtitle.SelectingTurnOn,"من خلال تحديد ""تفعيل""، أسمح لشركة Roblox بجمع واستخدام وتخزين تسجيلي الصوتي لتمكين الخدمات الصوتية ولغرض الإشراف والأمان وتحسين خدماتها وأدواتها."
Feature.SettingsHub.Prompt.Subtitle.TalkAgeGroupTrustedConnectionsUpdate,يمكنك الآن التحدث مع أشخاص في فئات عمرية مماثلة ومع جهات التواصل الموثوقة لديك.
Feature.SettingsHub.Prompt.Subtitle.TalkAgeGroupTrustedFriendsUpdate,يمكنك الآن التحدث مع أشخاص في فئات عمرية مماثلة ومع الأصدقاء الموثوق بهم.
Feature.SettingsHub.Prompt.Subtitle.TalkInAgeGroupTrustedConnections,يمكن فقط للأشخاص في فئات عمرية مماثلة ولجهات التواصل الموثوقة لديك التحدث معك.
Feature.SettingsHub.Prompt.Subtitle.TalkInAgeGroupTrustedFriends,يمكن فقط للأشخاص في فئات عمرية مماثلة ولأصدقائك الموثوق بهم التحدث معك.
Feature.SettingsHub.Prompt.Subtitle.TemporarySuspension2,بسبب انتهاك معايير مجتمعنا، ألغينا بشكل مؤقت وصولك إلى المحادثة مع الصوت حتى
Feature.SettingsHub.Prompt.Subtitle.TemporaryVoiceBan1,لقد عطّلنا المحادثة الصوتية مؤقتًا لأنك قلت شيئًا قد يتعارض مع معايير مجتمع Roblox.
Feature.SettingsHub.Prompt.Subtitle.TemporaryVoiceBan1V2,لقد واصلت استخدام لغة تنتهك القواعد أو إحداث الكثير من الضوضاء في الخلفية.
Feature.SettingsHub.Prompt.Subtitle.TemporaryVoiceBan2,إذا حدث هذا الأمر ثانية، قد تفقد الوصول إلى حسابك.
Feature.SettingsHub.Prompt.Subtitle.TemporaryVoiceBan2V2,إذا واصلت انتهاك القواعد، فقد نحظر وصولك إلى منصّة Roblox.
Feature.SettingsHub.Prompt.Subtitle.ThanksForLettingUsKnow,تساعدنا ملاحظاتك على تحسين أداء أنظمتنا.
Feature.SettingsHub.Prompt.Subtitle.ThanksForVoiceData,نشكرك على مساعدة Roblox على تحسين خدمات المحادثة الصوتية بإتاحة استخدام بياناتك الصوتية. يمكنك تغيير هذا التفضيل لاحقًا في الإعدادات.
Feature.SettingsHub.Prompt.Subtitle.User,هذا الحساب غير مؤهل لاستخدام الصوت الاستشعاري.
Feature.SettingsHub.Prompt.Subtitle.VoiceToxicityModal,لقد وجدنا لغة قد تخالف معايير مجتمع Roblox.<br /><br />قد نمنعك من الدردشة مع الصوت في حال تعدّدت الانتهاكات.
Feature.SettingsHub.Prompt.Subtitle.VoiceToxicityModalV2,يبدو أنك تستخدم لغة تنتهك القواعد أو أن هناك الكثير من الضوضاء في الخلفية.<br /><br />إذا واصلت القيام بذلك، فسنقوم بتعليق وصولك إلى المحادثة الصوتية مؤقتًا.
Feature.SettingsHub.Prompt.Subtitle.VoiceToxicityToast,لقد وجدنا لغة قد تخالف معايير مجتمع Roblox. قد نمنعك من الدردشة مع الصوت في حال تعدّدت الانتهاكات.
Feature.SettingsHub.Prompt.Subtitle.VoiceToxicityToastV2,يبدو أنك تستخدم لغة تنتهك القواعد أو أن هناك الكثير من الضوضاء في الخلفية. إذا استمر هذا، فسنقوم بتعليق وصولك إلى المحادثة الصوتية مؤقتًا.
Feature.SettingsHub.Prompt.TeleportBlock.Subtitle,سيتم استئناف الانتقال الفوري عند إغلاق القائمة.
Feature.SettingsHub.Prompt.TeleportBlock.Title,توقف الانتقال الفوري
Feature.SettingsHub.Prompt.ThankYouForFeedback,شكرًا على إخبارنا
Feature.SettingsHub.Prompt.Title.AgeCheckForVoiceToast,إلغاء قفل خاصية المحادثة الصوتية باستخدام التحقُّق من العمر
Feature.SettingsHub.Prompt.Title.ImproveVoiceChat,تحسين المحادثة الصوتية
Feature.SettingsHub.Prompt.Understand,أتعهّد بذلك
Feature.SettingsHub.Prompt.UpdateToVoiceChat,تحديث على المحادثة الصوتية
Feature.SettingsHub.Prompt.User,غير مؤهل لاستخدام الصوت
Feature.SettingsHub.Prompt.VoiceChatSuspended,الدردشة الصوتية معلّقة
Feature.SettingsHub.Prompt.VoiceChatSuspendedV2,تم تعليق وصولك إلى المحادثة الصوتية
Feature.SettingsHub.Prompt.VoiceChatWithOthers,المحادثة الصوتية مع الآخرين
Feature.SettingsHub.Prompt.VoiceUserAgency.JoinMuted,لا، اكتم الآخرين
Feature.SettingsHub.Prompt.VoiceUserAgency.JoinUnmuted,نعم، الاستماع للآخرين
Feature.SettingsHub.Prompt.VoiceUserAgency.JoinUnmuted.Description,ستتمكن من سماع الأصوات لكن ميكروفونك سيبقى مكتومًا حتى تصير مستعدًا للدردشة.
Feature.SettingsHub.Prompt.VoiceUserAgency.JoinUnmuted.Title,الانضمام مع تشغيل الصوت؟
Feature.SettingsHub.Prompt.VoiceUserAgency.Remember,تذكّر هذه الإعدادات لهذه التجربة.
Feature.SettingsHub.Prompt.WindowsWithDeeplink,<b>1. تشغيل خيار السماح للتطبيقات بالوصول إلى الميكروفون<br />2. السماح لـ Roblox بالوصول إلى الميكروفون</b>
Feature.SettingsHub.Prompt.WindowsWithoutDeeplink,<b>1. انتقل إلى الإعدادات > الخصوصية > الميكروفون<br />2. شغّل السماح للتطبيقات بالوصول إلى الميكروفون<br />3. اسمح لـ Roblox بالوصول إلى الميكروفون</b>
Feature.SettingsHub.Prompt.XMinuteSuspension,{banDurationInMinutes} دقيقة تعطيل
Feature.SettingsHub.Prompt.XMinuteSuspensionV2,مدة التعليق: {banDurationInMinutes} من الدقائق
Feature.SettingsHub.ReportSubmitted.BlockPlayer,حظر {Player}
Feature.SettingsHub.ReportSubmitted.BlockedSubtitleText,لن تتمكن أنت و {Player} من التواصل مع بعضكما بعد الآن.
Feature.SettingsHub.ReportSubmitted.Label.MuteAndBlockPlayer,كتم وحظر {DisplayName}؟
Feature.SettingsHub.ReportSubmitted.Label.MuteAndBlockWarning,
Feature.SettingsHub.ReportSubmitted.MutePlayer,كتم {Player}
Feature.SettingsHub.ReportSubmitted.MutedSubtitleText,لن تتمكن من سماع {Player}
Feature.SettingsHub.ReportSubmitted.ThankYou,
Feature.SettingsHub.TouchMovementMode.ClassicThumbstick,Classic Thumbstick
Feature.SettingsHub.Video.SystemDefault,النظام الافتراضي
Feature.SettingsHub.Video.VideoCamera,كاميرا الفيديو
Feature.SettingsHub.VoiceUserAgency.JoinUnmuted.Description,
Feature.SocialContextToast.Action.InviteBack,دعوته مجددًا
Feature.SocialContextToast.Action.JoinFriend,
Feature.SocialContextToast.Message.FollowedFriendInOtherUniverse,{FRIEND_NAME} غادر وانضم إلى {EXPERIENCE_NAME}
Feature.SocialContextToast.Message.FollowedFriendNotInGame,{FRIEND_NAME} غادر هذه التجربة
Feature.SocialContextToast.Message.FriendInNonRootPlace,انتقل صديقك {FRIEND_NAME} إلى موقع مقيد ضمن هذه التجربة
Feature.SocialContextToast.Message.FriendJoinedYou,{FRIEND_NAME} انضم إليك
Feature.SocialContextToast.Message.InvitationConfirmation,تم إرسال الدعوة
Feature.SocialContextToast.Message.InvitationFailure,مشكلة في إرسال الدعوات
Feature.SocialContextToast.Message.InviteeJoinedYou,لقد انضمَّ {INVITEE_NAME} إلى لعبتك عبر رابط الدعوة الذي أرسلته!
Feature.SocialContextToast.Message.YouJoinedManyFriends,أنتَ انضممت إلى {FRIEND_NAME} و {FRIEND_COUNT} وأصدقاء آخرين
Feature.SocialContextToast.Message.YouJoinedOneFriend,أنتَ انضممت إلى {FRIEND_NAME}
Feature.SocialContextToast.Message.YouJoinedTwoFriends,أنت انضممت إلى {FRIEND_NAME_ONE} و {FRIEND_NAME_TWO}
Feature.SocialShare.Action.CopyLink,
Feature.SocialShare.Action.Share,
Feature.SocialShare.Label.Copied,تم نسخه
Feature.SocialShare.Label.CopyLinkToShareWithPeople,نسخ الرابط لمشاركته مع من تعرفهم
Feature.SocialShare.Label.ShareServerLink,مشاركة رابط الدعوة
Feature.SocialShare.ShareWithPeopleYouKnow,المشاركة مع الناس الذين تعرفهم
Feature.SocialTab.Label.AddFriendHintBody,Roblox ممتع أكثر مع الأصدقاء!
Feature.SocialTab.Label.CreateAndExploreGroups,إنشاء المجتمعات واستكشافها
Feature.SocialTab.Label.Groups,
Feature.SongDetails.Action.Favorite,تفضيل
Feature.SongDetails.Action.Report,
Feature.SongDetails.Action.ReportAudio,الإبلاغ عن مقطع صوتي
Feature.SongDetails.Label.InappropriateAudio,مقطع صوتي غير لائق
Feature.SongDetails.Label.InappropriateThumbnail,صورة مصغّرة غير لائقة
Feature.SongDetails.Label.SongPreview,معاينة الأغنية
Feature.Squads.Action.Add,
Feature.Squads.Action.AddOthers,إضافة آخرين
Feature.Squads.Action.ConnectToVoice,الاتصال بالمحادثة الصوتية
Feature.Squads.Action.ContinueWithoutVoice,المتابعة دون صوت
Feature.Squads.Action.Delete,
Feature.Squads.Action.DisconnectFromVoice,قطع الاتصال بالمحادثة الصوتية
Feature.Squads.Action.DontJoin,
Feature.Squads.Action.Edit,
Feature.Squads.Action.Invite,
Feature.Squads.Action.InviteAgain,إرسال الدعوة مرة أخرى
Feature.Squads.Action.Join,
Feature.Squads.Action.JoinWithParty,الانضمام مع الفرقة
Feature.Squads.Action.Ok,
Feature.Squads.Action.Party,فرقة
Feature.Squads.Action.Remove,
Feature.Squads.Action.Retry,
Feature.Squads.Action.ScheduleAParty,جدولة فرقة
Feature.Squads.Action.ScheduleParty,حدّد موعد حفلة
Feature.Squads.Action.Start,
Feature.Squads.Action.Switch,
Feature.Squads.Action.TapToStartNewParty,اضغط لبدء فرقة جديدة
Feature.Squads.Action.View,
Feature.Squads.Action.VoiceErrorGeneral,
Feature.Squads.Action.VoiceErrorPartyNotVoiceEligible,
Feature.Squads.Action.VoiceErrorUserIneligible,
Feature.Squads.Action.WaitingForParty,في انتظار الفرقة
Feature.Squads.Action.Yes,
Feature.Squads.Description.AddFriends,سيرى الأصدقاء الذين تضيفهم جميع الرسائل السابقة في هذه المجموعة
Feature.Squads.Description.AlreadyJoined,لقد انضممت بالفعل إلى هذه الفرقة
Feature.Squads.Description.DeleteScheduledSquad,هل أنت متأكد من أنك تريد حذف الفرقة المجدولة؟
Feature.Squads.Description.DisconnectVoiceDueToLowMemory,انخفضت سعة ذاكرة جهازك. اقطع الاتصال بالصوت لمنع حدوث عطل في Roblox. وستظل منضمًا إلى الفرقة.
Feature.Squads.Description.FailedToJoin,حدث خطأ ما أثناء الانضمام إلى الفرقة. الرجاء إعادة المحاولة.
Feature.Squads.Description.Going,مُشارك
Feature.Squads.Description.Interested,مهتمون
Feature.Squads.Description.InviteConnectionsToParty,دعوة جهات التواصل المحددة للانضمام إلى الفرقة ستؤدي إلى دعوتهم أيضًا إلى المجموعة، كما سيكون بإمكانهم الاطلاع على سجلّ الدردشة.
Feature.Squads.Description.InviteFriendsToParty,دعوة هؤلاء الأصدقاء إلى الفرقة ستؤدي إلى دعوتهم أيضًا إلى المجموعة. سيكون بإمكانهم الاطلاع على سجلّ الدردشة.
Feature.Squads.Description.Invited,تم إرسال دعوة
Feature.Squads.Description.InvitedToExperience,لقد دعاك شخص ما إلى تجربة بالفعل. عند اكتمال الدعوة، يمكنك إعادة المحاولة.
Feature.Squads.Description.JoinAnotherParty,أنت حاليًا في فرقة نشطة. هل تريد ترك الفرقة الحالية والتبديل إلى هذه الفرقة؟
Feature.Squads.Description.JoinWithLowMemory,انخفضت سعة ذاكرة جهازك. سيمنع انضمامك دون تشغيل الصوت حدوث عطل في Roblox.
Feature.Squads.Description.LuckyRecommendationRevealed,يمكن للمجموعة بأكملها الانضمام
Feature.Squads.Description.LuckyRecommendationRolling,جارٍ البحث عن لعبة مناسبة لمجموعتك
Feature.Squads.Description.LuckyRecommendationRow,دعنا نبدأ
Feature.Squads.Description.ManyPeopleActive,{userCount} من الأشخاص نشطين
Feature.Squads.Description.NoResponse,لا يوجد رد
Feature.Squads.Description.NotGoing,غير مُشارك
Feature.Squads.Description.OneOnOneExpandedChatFeaturesActivePartyError,لا يمكن تحويل الدردشات الفردية ذات الميزات الموسعة إلى دردشة جماعية أثناء نشاط الفرقة.
Feature.Squads.Description.OnePersonActive,شخص واحد نشط
Feature.Squads.Description.PartyEnded,انتهت الفرقة. هل تريد بدء فرقة جديدة؟
Feature.Squads.Description.PartyFull,هذه الفرقة ممتلئة حاليًا. هل ترغب في إعادة محاولة الانضمام؟
Feature.Squads.Description.PleaseTryAgain,
Feature.Squads.Description.RemoveFromChat,هل تريد بالتأكيد إزالة هذا الشخص من المجموعة؟
Feature.Squads.Description.RemoveFromParty,ستتم إزالة {displayName} من الدردشة الجماعية.
Feature.Squads.Description.ScheduledPartyAlreadyExists,هناك فرقة مجدولة بالفعل في الوقت الذي حددته
Feature.Squads.Description.Title,
Feature.Squads.Description.User,
Feature.Squads.Description.YouAddedMoreThanTwoToChat,لقد أضفت {username} و{userCountMinusOne} آخرين إلى المجموعة
Feature.Squads.Description.YouAddedToChat,لقد أضفت {username} إلى المجموعة
Feature.Squads.Description.YouAddedTwoToChat,لقد أضفت {username1} و{username2} إلى المجموعة
Feature.Squads.Description.YouHaveNoScheduledParties,ليس لديك أي حفلات قادمة
Feature.Squads.Description.upsellInviteText,لا توجد ردود. يمكنك إرسال دعوة إليهم مرة أخرى
Feature.Squads.Label.AddFriends,هل ترغب في إضافة هؤلاء الأصدقاء؟
Feature.Squads.Label.Audio,
Feature.Squads.Label.Connecting,جارٍ الاتصال
Feature.Squads.Label.DeleteScheduledParty,حذف الفرقة المجدولة
Feature.Squads.Label.DeletedScheduledParty,تم حذف الفرقة المجدولة
Feature.Squads.Label.Error,
Feature.Squads.Label.Experience,
Feature.Squads.Label.FailedToJoin,تعذّر الانضمام إلى الفرقة
Feature.Squads.Label.FindExperiences,البحث عن تجارب
Feature.Squads.Label.FindExperiencesPlayTogether,البحث عن تجارب للعب الجماعي
Feature.Squads.Label.FriendJoinedYourParty,انضم {combinedName} إلى حفلتك
Feature.Squads.Label.InviteConnectionsConfirmation,هل تود دعوة جهات الاتصال المحددة إلى المجموعة؟
Feature.Squads.Label.InviteFriendsConfirmation,هل تريد دعوة هؤلاء الأصدقاء إلى المجموعة؟
Feature.Squads.Label.InvitedToExperience,تمت دعوتك إلى تجربة
Feature.Squads.Label.JoinAnotherParty,تبديل Party
Feature.Squads.Label.JoinExperiencesTogether,انضموا إلى التجارب معًا
Feature.Squads.Label.JoinParty,الانضمام إلى الفرقة
Feature.Squads.Label.LeaveParty,مغادرة الفرقة
Feature.Squads.Label.Loading,
Feature.Squads.Label.LowMemory,سعة الذاكرة منخفضة
Feature.Squads.Label.LuckyRecommendationRevealed,جرِّب هذه
Feature.Squads.Label.LuckyRecommendationRolling,جارٍ اختيار لعبة
Feature.Squads.Label.LuckyRecommendationRow,ألست متأكدًا مما تريد لعبه؟
Feature.Squads.Label.MultiplePeopleJoinedYourParty,انضم العديد من الأشخاص إلى حفلتك
Feature.Squads.Label.MuteMic,كتم صوت الميكروفون
Feature.Squads.Label.Party,الفرقة
Feature.Squads.Label.PartyCountStatus,{partyCount} في الفرقة
Feature.Squads.Label.PartyEnded,انتهت الفرقة
Feature.Squads.Label.PartyEndedText,
Feature.Squads.Label.PartyFull,الفرقة ممتلئة
Feature.Squads.Label.PartyOperationFailed,تعذّر إتمام العملية المتعلقة بالفرقة
Feature.Squads.Label.PartyStartedText,بدأت الفرقة
Feature.Squads.Label.PartyVolume,مستوى الصوت في الفرقة
Feature.Squads.Label.RemoveFromChat,هل ترغب في إزالة هذا الشخص من المجموعة؟
Feature.Squads.Label.RemoveFromParty,إزالة من الفرقة
Feature.Squads.Label.ScheduledParty,فرقة مجدولة
Feature.Squads.Label.StartParty,بدء فرقة
Feature.Squads.Label.StartTime,وقت البدء
Feature.Squads.Label.ThisFieldIsRequired,هذا الحقل مطلوب
Feature.Squads.Label.TwoFriendsJoinedYourParty,انضم {combinedName1} و{combinedName2} إلى حفلتك
Feature.Squads.Label.UnmuteMic,إلغاء كتم صوت الميكروفون
Feature.Squads.Label.UpcomingParties,الحفلات القادمة
Feature.Squads.Label.UserDropdownMenuVoiceErrorUserIneligible,لا يمكن لهذا الشخص الوصول إلى المحادثة الصوتية حاليًا
Feature.Squads.Label.UsersParty,فرقة {displayName}
Feature.Squads.Label.ViewChat,
Feature.Squads.Label.ViewParty,عرض الفرقة
Feature.Squads.Label.VoiceChats,الدردشات الصوتية
Feature.Squads.Label.VoiceErrorGeneral,أنت غير متصل بالصوت
Feature.Squads.Label.VoiceErrorPartyNotVoiceEligible,الدردشة الصوتية غير متاحة في هذه الفرقة. يمكنك إنشاء فرقة جديدة باستخدام الدردشة الصوتية والفلاتر السلسة.
Feature.Squads.Label.VoiceErrorUserIneligible,ليست لديك حاليًا صلاحية الوصول إلى الدردشة الصوتية الجماعية
Feature.Squads.Label.Volume,مستوى الصوت
Feature.Squads.Label.WaitingForCombinedName,في انتظار انضمام {combinedName}
Feature.Squads.Label.WaitingForOthers,في انتظار الآخرين للانضمام
Feature.Squads.Label.WillYouJoinScheduledParty,هل ستنضم إلى فرقة {displayName}؟
Feature.Squads.Label.YouJoinedFriendParty,لقد انضممت إلى فرقة {combinedName}
Feature.Subscription.Action.Subscribe,إشتراك
Feature.Subscription.Action.SubscribePayAnotherWay,الدفع بطريقة أخرى
Feature.Subscription.Action.SubscribeWithCreditDebitCard,الاشتراك باستخدام بطاقة الائتمان/الخصم
Feature.Subscription.Action.SubscribeWithRobloxCredit,الاشتراك باستخدام رصيد Roblox
Feature.Subscription.Error.GenericSubscribeError,حدث خطأ ما خلال محاولة الاشتراك. يرجى المحاولة مرة أخرى لاحقًا.
Feature.Subscription.Footer.PurchasePromptLegalText,"بالضغط على ""اشتراك""، فإنك توافق على شروط الاستخدام. سيتم تحصيل الرسوم منك تلقائيًا كل شهر ويمكنك الإلغاء في أي وقت."
Feature.Subscription.Message.MonthlySpendRestrictionsMonthlyLimitExceed,لقد وصلت إلى حد الشراء الشهري المحدد في أدوات رقابة الوالدين. لن تتمكن من إجراء عملية شراء جديدة حتى الشهر المقبل.
Feature.Subscription.Text.PerMonth,/ شهر
Feature.Timeout.Label.OK,
Feature.Timeout.Prompt.BodyText,تمت إعادة تعيين أفاتارك بسبب {rule}. لا يزال بإمكانك استخدام المتجر، ولكن لن يتم حفظ التغييرات التي تطرأ على أفاتارك حتى {time}.
Feature.Timeout.Prompt.SaveTitleText,تم تعطيل الحفظ في الوقت الحالي
Feature.Timeout.Prompt.TitleText,أعدنا تعيين أفاتارك
Feature.Timeout.WarningBanner.DisabledMessage,تم تعطيل حفظ الأفاتار
Feature.Timeout.WarningBanner.DisabledUntilMessage,تم تعطيل حفظ أفاتارك حتى {time}
Feature.Toast.Heading.PurchaseMessage.Success,فتح القفل
Feature.Toast.Message.PurchaseMessage.SuccessV3,لقد نجحت بالوصول إلى {gameName} بمبلغ {price} Robux.
Feature.Toast.NetworkingError.Forbidden,ليس لديك الإذن الكافي.
Feature.Toast.NetworkingError.NotFound,المحتوى غير موجود.
Feature.Toast.NetworkingError.ServiceUnavailable,الخدمة غير متوفرة. الرجاء المحاولة لاحقًا.
Feature.Toast.NetworkingError.SomethingIsWrong,حدث خطأ ما. الرجاء المحاولة مرة أخرى.
Feature.Toast.NetworkingError.Timeout,انتهت المدة. الرجاء المحاولة مرة أخرى.
Feature.Toast.NetworkingError.TooManyRequests,الخادم مشغول. الرجاء المحاولة لاحقًا.
Feature.Toast.NetworkingError.UnableToConnect,تعذر الاتصال. الرجاء المحاولة لاحقًا.
Feature.Toast.NetworkingError.Unauthorized,لم تعد مسجلاً للدخول. الرجاء تسجيل الدخول مرة أخرى.
Feature.Toast.Username.Copied,تم نسخ اسم المستخدم إلى الحافظة.
Feature.Toast.VoteError.AssetNotVoteable,لا يمكنك التصويت على هذه التجربة.
Feature.Toast.VoteError.Default,الإجراء غير متوفر.
Feature.Toast.VoteError.FloodCheckThresholdMet,أنت تصوت بسرعة كبيرة.
Feature.Toast.VoteError.PlayGame,يتعين عليك زيارة هذه التجربة قبل تصنيفها.
Feature.UniversalFeatureRestrictions.AbuseVector.AgeVerification.DialogBody.Suspended,لا يمكنك التحقق من عمرك الآن لأنك انتهكت معايير مجتمعنا بشكلٍ متكرر. يمكنك إعادة المحاولة بعد انتهاء فترة التقييد.
Feature.UniversalFeatureRestrictions.AbuseVector.AgeVerification.DialogTitle.Suspended,تم تعليق عمليات تقدير العمر
Feature.UniversalFeatureRestrictions.AbuseVector.RobloxKick.DialogBody.Banned,لقد تم حظرك من لعب هذه اللعبة بسبب الانتهاك المتكرر أو الجسيم للقواعد.
Feature.UniversalFeatureRestrictions.AbuseVector.RobloxKick.DialogBody.Suspended,لا يمكنك لعب هذه اللعبة لأن سلوكك انتهك القواعد.
Feature.UniversalFeatureRestrictions.AbuseVector.RobloxKick.DialogTitle.Banned,تم حظرك من هذه اللعبة من قِبل منصة Roblox
Feature.UniversalFeatureRestrictions.AbuseVector.RobloxKick.DialogTitle.Suspended.Day,تم تعليق وصولك إلى هذه اللعبة من قِبل منصة Roblox لمدة يوم واحد
Feature.UniversalFeatureRestrictions.AbuseVector.RobloxKick.DialogTitle.Suspended.Days,تم تعليق وصولك إلى هذه اللعبة من قِبل منصة Roblox لمدة {number} من الأيام
Feature.UniversalFeatureRestrictions.AbuseVector.RobloxKick.DialogTitle.Suspended.Hour,تم تعليق وصولك إلى هذه اللعبة من قِبل منصة Roblox لمدة ساعة واحدة
Feature.UniversalFeatureRestrictions.AbuseVector.RobloxKick.DialogTitle.Suspended.Hours,تم تعليق وصولك إلى هذه اللعبة من قِبل منصة Roblox لمدة {number} من الساعات
Feature.UniversalFeatureRestrictions.AbuseVector.RobloxKick.DialogTitle.Suspended.Minute,تم تعليق وصولك إلى هذه اللعبة من قِبل منصة Roblox لمدة دقيقة واحدة
Feature.UniversalFeatureRestrictions.AbuseVector.RobloxKick.DialogTitle.Suspended.Minutes,تم تعليق وصولك إلى هذه اللعبة من قِبل منصة Roblox لمدة {number} من الدقائق
Feature.VerificationUpsell.Action.AddPhone,إضافة هاتف
Feature.VerificationUpsell.Action.AddPhoneNumber,إضافة رقم هاتف
Feature.VerificationUpsell.Action.AddPhoneVoice,إضافة هاتف للمحادثة الصوتية
Feature.VerificationUpsell.Action.ChangePhoneNumber,تغيير رقم الهاتف
Feature.VerificationUpsell.Action.CodeResent,تم إرسال الرمز
Feature.VerificationUpsell.Action.ConfirmLeave,تأكيد المغادرة
Feature.VerificationUpsell.Action.Continue,
Feature.VerificationUpsell.Action.DontLeave,
Feature.VerificationUpsell.Action.EditPhoneNumber,تحرير رقم الهاتف
Feature.VerificationUpsell.Action.EnableVoice,تمكين المحادثة الصوتية
Feature.VerificationUpsell.Action.Next,
Feature.VerificationUpsell.Action.NotNow,
Feature.VerificationUpsell.Action.NotNow.2,
Feature.VerificationUpsell.Action.Ok,
Feature.VerificationUpsell.Action.Privacy,
Feature.VerificationUpsell.Action.PrivacyPolicy,
Feature.VerificationUpsell.Action.ResendCode,إعادة إرسال الرمز
Feature.VerificationUpsell.Action.ReturnWithVoice,العودة مع تمكين المحادثة الصوتية
Feature.VerificationUpsell.Action.SMSTerms,شروط الرسائل القصيرة
Feature.VerificationUpsell.Action.TermsOfUse,
Feature.VerificationUpsell.Action.TurnOn,
Feature.VerificationUpsell.Description.AddPhoneBody,ستتلقى كود تحقق لمرة واحدة عبر تطبيق WhatsApp أو عبر رسالة نصية قصيرة (SMS). قد تُطبق أسعار الرسائل والبيانات.
Feature.VerificationUpsell.Description.AddPhoneBodyVoice,ستتلقى كود تحقق لمرة واحدة عبر تطبيق واتساب أو عبر رسالة نصية قصيرة (SMS). قد تُطبق أسعار الرسائل والبيانات.
Feature.VerificationUpsell.Description.IDVerificationAddEmailText,قبل التحقق من عمرك، يرجى إدخال عنوان بريدك الإلكتروني. ستستخدمه لاحقًا كطريقة استرداد لحسابك في حالة فقدان الوصول إليه.
Feature.VerificationUpsell.Description.PhoneNumberNeverPublic,
Feature.VerificationUpsell.Description.RecoverAccountEasily,أضف رقم هاتف لاستعادة حسابك بسهولة في حال نسيت كلمة مرورك. لن يتم عرض رقم هاتفك علنًا.
Feature.VerificationUpsell.Description.ShortCodeLegalDisclaimerUA,"بالنقر على ""متابعة""، أنت تقدّم رقم هاتفك وتوافق على شروط استخدام الرسائل القصيرة SMS وسياسة الخصوصية. سنرسل لك كود تحقق صالح لمرة واحدة. قد تسري عليك رسوم البيانات والرسائل القصيرة. أرسل Help للمساعدة."
Feature.VerificationUpsell.Description.UnlockVoiceChatBody,أضف رقم هاتفك لتمكين المحادثة الصوتية. لن يتم عرض رقم هاتفك علنًا أبدًا.
Feature.VerificationUpsell.Description.VerificationCodeSmsFeesMayApply,
Feature.VerificationUpsell.Description.VoiceLegalConsent,أسمح لشركة Roblox بجمع تسجيلاتي الصوتية واستخدامها وتخزينها بهدف تمكين الخدمات الصوتية والاستفادة منها في أغراض تتعلق بالإشراف والأمان وتحسين الخدمات والأدوات التي تقدّمها شركة Roblox.
Feature.VerificationUpsell.Description.VoiceLegalConsent2,
Feature.VerificationUpsell.Description.VoiceLegalDisclaimer,"بالضغط على ""تمكين المحادثة الصوتية""، أسمح لشركة Roblox بجمع تسجيلاتي الصوتية واستخدامها وتخزينها بهدف تمكين الخدمات الصوتية والاستفادة منها في أغراض تتعلق بالإشراف والأمان وتحسين الخدمات والأدوات التي تقدّمها شركة Roblox."
Feature.VerificationUpsell.Description.VoiceLegalDisclaimer2,"بالضغط على ""{buttonText}""، أسمح لشركة Roblox بجمع تسجيلاتي الصوتية واستخدامها وتخزينها بهدف تمكين الخدمات الصوتية والاستفادة منها في أغراض تتعلق بالإشراف والأمان وتحسين الخدمات والأدوات التي تقدّمها شركة Roblox."
Feature.VerificationUpsell.Description.VoiceLegalDisclaimer3,"بالضغط على ""تحقّق""، أوافق على أن تقوم شركة Roblox بجمع تسجيلي الصوتي واستخدامه وتخزينه بهدف تمكين الخدمات الصوتية، وكذلك لأغراض الإشراف والسلامة وتحسين الخدمات والأدوات التي تقدّمها شركة Roblox."
Feature.VerificationUpsell.Heading.AddEmail,أولاً، تحقق من حسابك
Feature.VerificationUpsell.Heading.DontLoseAccess,لا تفقد الوصول إلى حسابك
Feature.VerificationUpsell.Heading.PhoneNumberVerified,تم التحقق من رقم الهاتف!
Feature.VerificationUpsell.Heading.TryVoiceChat,تجربة المحادثة الصوتية
Feature.VerificationUpsell.Heading.UnlockVoiceChat,تفعيل المحادثة الصوتية
Feature.VerificationUpsell.Heading.VerificationCode,رمز التحقق
Feature.VerificationUpsell.Heading.VerifiedSuccessfully.V2,تم التحقق بنجاح!
Feature.VerificationUpsell.Heading.VerifyYourPhone,تحقق من هاتفك
Feature.VerificationUpsell.Heading.VoiceChatEnabledMobile,المحادثة الصوتية ممكّنة! جربها الآن في تجربة ما.
Feature.VerificationUpsell.Heading.VoiceChatError,تمت إضافة الهاتف! شغّل المحادثة الصوتية في الإعدادات> الخصوصية > الميكروفون والكاميرا.
Feature.VerificationUpsell.Heading.VoiceChatJoinFailed,تعذّر الانضمام إلى المحادثة الصوتية في الوقت الحالي. يُرجى المحاولة مرة أخرى
Feature.VerificationUpsell.Heading.VoiceChatTurnedOn,تم تشغيل المحادثة الصوتية
Feature.VerificationUpsell.Label.EnterCode,أدخل الرمز الذي أرسلناه للتو إلى {phoneNumber}
Feature.VerificationUpsell.Label.PhoneNumber,رقم الهاتف
Feature.VerificationUpsell.Label.SixDigitCode,الكود السداسي
Feature.VerificationUpsell.Label.Verifying,جاري التحقق
Feature.VerificationUpsell.Message.InvalidSmsCode,الرمز غير صالح.
Feature.VerificationUpsell.Response.ErrorPhoneFormatInvalid,تنسيق رقم الهاتف هذا غير صالح. الرجاء التحقق منه والمحاولة مجددًا.
Feature.VerificationUpsell.Response.ErrorTryAgain,
Feature.VerificationUpsell.Response.InvalidPhoneNumberError,لا يمكن استخدام رقم الهاتف هذا. الرجاء إدخال رقم هاتف مختلف.
Feature.VerificationUpsell.Response.PhoneHasTooManyAssociatedAccounts,لقد وصلت إلى الحد الأقصى لعدد الحسابات المرتبطة برقم هاتف واحد.
Feature.VerificationUpsell.Response.TooManyAttemptsTryAgainLater,
Feature.VirtualEvents.AttendanceBeforeEvent,
Feature.VirtualEvents.AttendanceDuringEvent,الحضور الآن
Feature.VirtualEvents.DescriptionLabel,
Feature.VirtualEvents.EnableNotificationsModalBody,الحصول على آخر المستجدات المتعلقة بالأحداث حتى لو لم تشترك بحساب على Roblox.
Feature.VirtualEvents.EnableNotificationsModalTitle,إشعارات خاصّة بالحدث
Feature.VirtualEvents.EventCancelledText,تم إلغاء هذا الحدث.
Feature.VirtualEvents.EventNotFound,لم يتم العثور على الحدث
Feature.VirtualEvents.EventsListTitle,الأحداث
Feature.VirtualEvents.GetNotifiedButton,تمكين
Feature.VirtualEvents.GoHome,الذهاب إلى الصفحة الرئيسية
Feature.VirtualEvents.HostedByLabel,يستضيفه
Feature.VirtualEvents.Join,
Feature.VirtualEvents.JoinEvent,الانضمام إلى الحدث
Feature.VirtualEvents.Label.Challenge,تحدٍ
Feature.VirtualEvents.Label.DateAtTime,{date} في {time}
Feature.VirtualEvents.Label.EarlyAccess,الوصول المبكر
Feature.VirtualEvents.Label.Ended,انتهى
Feature.VirtualEvents.Label.Expansion,التوسّع
Feature.VirtualEvents.Label.Festival,مهرجان
Feature.VirtualEvents.Label.HappeningNow,
Feature.VirtualEvents.Label.InDays,خلال {number} من الأيام
Feature.VirtualEvents.Label.ItemDrop,تخفيض على العنصر
Feature.VirtualEvents.Label.MoreLevels,المزيد من المستويات
Feature.VirtualEvents.Label.NewContent,محتوى جديد
Feature.VirtualEvents.Label.NewFeature,ميزة جديدة
Feature.VirtualEvents.Label.NewLocation,موقع جديد
Feature.VirtualEvents.Label.NewMap,خريطة جديدة
Feature.VirtualEvents.Label.NewSeason,موسم جديد
Feature.VirtualEvents.Label.Quest,مهمة
Feature.VirtualEvents.Label.Rating,التقييم: {rating}%
Feature.VirtualEvents.Label.ReminderSetForEventTime,تم تعيين تذكير للحدث {eventName} في {eventTime}.
Feature.VirtualEvents.Label.StartsInHours,خلال {number} من الساعات
Feature.VirtualEvents.Label.StartsInMinutes,خلال {number} من الدقائق
Feature.VirtualEvents.Label.StartsInOneDay,خلال يوم واحد
Feature.VirtualEvents.Label.StartsInOneHour,خلال ساعة واحدة
Feature.VirtualEvents.Label.StartsNow,يبدأ الآن
Feature.VirtualEvents.NotNowButton,
Feature.VirtualEvents.NotifyMe,
Feature.VirtualEvents.ShareModalBody,انسخ رابط الحدث أدناه لدعوة الناس إلى هذا الحدث أو مشاركة الحدث في الدردشة.
Feature.VirtualEvents.ShareModalCallToAction,مشاركة في الدردشة...
Feature.VirtualEvents.ShareModalLinkCopy,
Feature.VirtualEvents.ShareModalTitle,شارك هذا الحدث
Feature.VirtualEvents.UnfollowEvent,إلغاء متابعة الحدث
Features.OnDemandAds.Get_Reward_In,ستحصل على مكافأة في
Features.OnDemandAds.Reward_Earned,لقد ربحت مكافأة
Features.Transfers.Action.BuyRobux,
Features.Transfers.Action.Continue,
Features.Transfers.Action.Ok,
Features.Transfers.Action.TurnOnTwoStepVerification,تشغيل عملية التحقق بخطوتين
Features.Transfers.Action.VPC.Ask,طلب الإذن
Features.Transfers.Action.VPC.AskParentBodyReceive,لقبول عملات Robux، أنت بحاجة إلى إذن الوالدين.
Features.Transfers.Action.VPC.AskParentBodySend,لإرسال عملات Robux، أنت بحاجة إلى إذن الوالدين.
Features.Transfers.Action.VPC.AskParentTitle,
Features.Transfers.Body.DailyLimitExceededError,لقد تجاوزت الحد اليومي المسموح به لإرسال عملات Robux. تحقَّق مرة أخرى لاحقًا لإعادة المحاولة.
Features.Transfers.Body.DailyLimitTwoStepVerificationUpsell,لقد وصلت إلى الحد اليومي لإرسال عملات Robux. قم بتشغيل عملية التحقق بخطوتين للتحقق مما إذا كنت مؤهلًا للحصول على حد أعلى.
Features.Transfers.Body.ExpiredTransferError,بسبب عدم النشاط، انتهت صلاحية عملات Robux المرسلة من @{username}.
Features.Transfers.Body.GenericReceiveError,يتعذر على حسابك تلقي عملات Robux حاليًا.
Features.Transfers.Body.GenericSentError,حدث خطأ ما ولم يتم إرسال عملات Robux. تحقَّق من اتصالك وحاول مرة أخرى.
Features.Transfers.Body.MonthlyLimitExceededError,لقد تجاوزت الحد الشهري لإرسال عملات Robux. تحقَّق مرة أخرى لاحقًا لإعادة المحاولة.
Features.Transfers.Body.MonthlyLimitTwoStepVerificationUpsell,لقد وصلت إلى الحد الشهري لإرسال عملات Robux. قم بتشغيل عملية التحقق بخطوتين للتحقق مما إذا كنت مؤهلًا للحصول على حد أعلى.
Features.Transfers.Body.ReceiverLimitHitError,لا يمكن لهذا المستخدم استلام هذا المبلغ حاليًا. جرِّب إرسال مبلغ أقل، أو حاول مرة أخرى لاحقًا.
Features.Transfers.Body.TransferAmountBelowMinimumError,إرسال {minAmount} من عملات Robux أو أكثر.
Features.Transfers.Body.TransferAmountExceedsMaximumError,يمكنك إرسال ما يصل إلى {maxAmount} من عملات Robux أو أكثر.
Features.Transfers.Body.UnableReceiveRobuxError,
Features.Transfers.Body.UnableSendRobuxError,لا يمكن إرسال عملات Robux من حسابك حاليًا.
Features.Transfers.Error.GreaterThanMaxAmount,يمكنك إرسال ما يصل إلى {amount} من عملات Robux أو أكثر.
Features.Transfers.Error.InsufficientBalance,اشترِ {amount} من عملات Robux لإكمال هذه المعاملة.
Features.Transfers.Error.LowerThanMinAmount,إرسال {amount} من عملات Robux أو أكثر.
Features.Transfers.Label.ConnectedDays,متصلان منذ {amount} من الأيام
Features.Transfers.Label.ConnectedDaysSingular,متصل منذ {amount} يوم
Features.Transfers.Label.ConnectedMonths,متصلان منذ {amount} من الأشهر
Features.Transfers.Label.ConnectedMonthsSingular,متصل منذ {amount} شهر
Features.Transfers.Label.ConnectedSince,متصلان منذ {year} من السنوات
Features.Transfers.Notification.ReceiveSuccess,لقد قبلت بالفعل عملات Robux
Features.Transfers.RobuxTransfer.Action.Edit,
Features.Transfers.RobuxTransfer.Action.Next,
Features.Transfers.RobuxTransfer.Action.Send,
Features.Transfers.RobuxTransfer.Action.TryAgain,
Features.Transfers.RobuxTransfer.Disclaimer.AgeEstimationTransfer,تحتاج إلى التحقق من عمرك أو الحصول على موافقة الوالدين لإرسال عملات Robux. وبمجرد الإرسال، لا يمكنك التراجع.
Features.Transfers.RobuxTransfer.Error.ReceiverNotAllowed,لا يمكن للمستخدم @{username} تلقي عملات Robux في الوقت الحالي.
Features.Transfers.RobuxTransfer.Heading.SendRobux,إرسال عملات Robux
Features.Transfers.RobuxTransfer.Label.JoinedInYear,انضَم إلى المنصة في {year}
Features.Transfers.RobuxTransfer.Label.MutualConnection,{amount} من الأصدقاء المشتركين
Features.Transfers.RobuxTransfer.Label.MutualConnectionSingular,
Features.Transfers.RobuxTransfer.Label.NewConnection,
Features.Transfers.RobuxTransfer.Label.RecipientWillGet,سيحصل المستلم على {amount} من عملات Robux بعد خصم الرسوم.
Features.Transfers.RobuxTransfer.Label.RecipientWillGetInApp,سيحصل المتلقي على {amount} من عملات Robux.
Features.Transfers.RobuxTransfer.Label.RecipientWillGetInGame,سيحصل المتلقي على {amount} من عملات Robux بعد خصم الرسوم. تشمل التحويلات داخل اللعبة رسومًا للمصمّم بنسبة {commissionPercentage}%.
Features.Transfers.RobuxTransfer.SentInstantNoFee,يتم إرسال عملات Robux فورًا دون أي رسوم
Features.Transfers.RobuxTransfers.Label.SuccessNotification,لقد أرسلتَ {amount} من عملات Robux
Features.Transfers.Title.UpsellSubscription,
Features.Transfers.Transfer.Block.RequireReceiverFAE,دعنا نتحقق من عمرك حتى تتمكن من قبول عملات Robux
Features.Transfers.Transfer.Block.RequireSenderFAE,دعنا نتحقق من عمرك حتى تتمكن من إرسال عملات Robux
Features.Transfers.Transfer.Body.RequireFAE,هذا الأمر يجعل إرسال عملات Robux واستقبالها عملية آمنة لك وللجميع.
Features.Transfers.Transfers.Label.ReceivedNotification,لقد تلقيت {amount} من عملات Robux
IAPExperience.BuyRobux.Alert.SuccessfulMessage,لقد اشتريت Robux بنجاح!
IAPExperience.BuyRobux.Banner.Text,باستخدام Robux، يمكنك شراء ترقيات لأفاتارك وشراء قدرات خاصة بالتجارب
IAPExperience.BuyRobux.Banner.Title,استفِد من عملات Robux
IAPExperience.BuyRobux.Text.MoreRobux2,{robux} Robux إضافية
IAPExperience.InsufficientRobux.Action.BuyRobux,
IAPExperience.InsufficientRobux.Action.Cancel,
IAPExperience.InsufficientRobux.Action.RobuxStore,الانتقال إلى متجر Robux
IAPExperience.InsufficientRobux.Text.BuyRobux,شراء {robux} لشراء هذا العنصر
IAPExperience.InsufficientRobux.Text.CurrentBalance,
IAPExperience.InsufficientRobux.Text.DontHaveEnough,
IAPExperience.InsufficientRobux.Text.MissingRobux,مبلغ عملات Robux المطلوب
IAPExperience.InsufficientRobux.Text.YouNeed,تحتاج إلى {robux} إضافية. الرجاء شراء المزيد من حزم Robux ثم العودة إلى التجربة.
IAPExperience.InsufficientRobux.Title.InsufficientRobux,
IAPExperience.LeaveRoblox.Action.Cancel,
IAPExperience.LeaveRoblox.Action.Continue,
IAPExperience.LeaveRoblox.Text.ExternalWebsiteWarning,"بالضغط على ""متابعة""، ستتم إعادة توجيهك إلى موقع إلكتروني لا تملكه ولا تديره منصّة Roblox. قد تكون لدى هذا الموقع شروط وسياسات خصوصية مختلفة."
IAPExperience.LeaveRoblox.Title.LeavingRoblox,مغادرة Roblox
IAPExperience.Loading.Text.PurchasingItem,جاري شراء العنصر...
IAPExperience.Loading.Text.PurchasingRobux,شراء Robux...
IAPExperience.Loading.Text.WaitingForPurchase,في انتظار الشراء...
IAPExperience.Loading.Text.WaitingForRobux,في انتظار إضافة Robux...
IAPExperience.PremiumUpsell.Action.Subscribe,
IAPExperience.PremiumUpsell.Body.RobuxDiscount,10% إضافية عند شراء Robux
IAPExperience.PremiumUpsell.Label.AvatarShopBenefits,الوصول إلى عناصر حصرية مع حسومات في متجر الأفاتار
IAPExperience.PremiumUpsell.Label.Disclosure,اشترك في <b>{currencySymbol}{price}/الشهر. إلغاء في أي وقت.</b> تنطبق شروط الاستخدام وسياسة الخصوصية.
IAPExperience.PremiumUpsell.Label.PremiumBenefitListDesc,سيمنحك Roblox Premium:
IAPExperience.PremiumUpsell.Label.PremiumOnlyBenefits,الحصول على منافع خاصة بمشتركي Premium
IAPExperience.PremiumUpsell.Label.PremiumPolicy,يتجدد شهريًا. يمكنك إلغاؤه في أي وقت.
IAPExperience.PremiumUpsell.Label.PremiumPrice,<b>{currencySymbol}{price}</b>/الشهر
IAPExperience.PremiumUpsell.Label.RobloxPremium,Roblox Premium
IAPExperience.PremiumUpsell.Label.RobuxPerMonth,{robux} شهريًا
IAPExperience.PremiumUpsell.Label.ShortDisclosure,تنطبق شروط استخدام Roblox وسياسة الخصوصية.
IAPExperience.PurchaseError.AlreadyPremium,يبدو أن المطور يحاول أن يعرض عليك شراء Roblox Premium إلا أنك حاليًا مشترك في Premium!
IAPExperience.PurchaseError.Text.AlreadyOwn,أنت بالفعل تملك هذا العنصر. لم يتم فرض رسوم على حسابك.
IAPExperience.PurchaseError.Text.AlreadySubscribed,يمكنك إدارة اشتراكك من الإعدادات > الاشتراكات.
IAPExperience.PurchaseError.Text.EconomicRestrictionsDays,لا يمكنك إجراء عملية الشراء هذه بسبب الانتهاك: {violation}. يُرجى إعادة المحاولة في غضون {day} من الأيام.
IAPExperience.PurchaseError.Text.EconomicRestrictionsDaysGeneral,لا يمكنك اتخاذ هذا الإجراء بسبب الانتهاك: {violation}. يمكنك إعادة المحاولة في غضون {day} من الأيام.
IAPExperience.PurchaseError.Text.EconomicRestrictionsHours,لا يمكنك إجراء عملية الشراء هذه بسبب الانتهاك: {violation}. يُرجى إعادة المحاولة في غضون {hour} من الساعات.
IAPExperience.PurchaseError.Text.EconomicRestrictionsHoursGeneral,لا يمكنك اتخاذ هذا الإجراء بسبب الانتهاك: {violation}. يمكنك إعادة المحاولة في غضون {hour} من الساعات.
IAPExperience.PurchaseError.Text.FailedGrant,لقد استلمنا دفعتك، ولعلك لم تستلم Robux بعد. الرجاء المحاولة لاحقًا.
IAPExperience.PurchaseError.Text.FailedGrantUnknown,لم تتم عملية الشراء ولم يتم خصم Robux من حسابك. الرجاء المحاولة مرة أخرى.
IAPExperience.PurchaseError.Text.FailedRobuxPurchase,لم تنجح عملية الشراء ولم تفرض أي رسوم عليك. الرجاء المحاولة مرة أخرى.
IAPExperience.PurchaseError.Text.Limited,هذا العنصر المحدود لا يحتوي على نسخ أخرى. لم يتم فرض رسوم على حسابك.
IAPExperience.PurchaseError.Text.NotEnoughRobux,يحتاج هذا العنصر إلى Robux أكثر مما في رصيدك. الرجاء مغادرة اللعبة ثم الانتقال إلى شاشة Robux لشراء المزيد.
IAPExperience.PurchaseError.Text.NotForSale,هذا العنصر غير معروض للبيع حاليًا. لم يتم فرض رسوم على حسابك.
IAPExperience.PurchaseError.Text.NotForSaleExperience,لا يمكن بيع هذا العنصر في هذه التجربة. لم يتم فرض رسوم على حسابك.
IAPExperience.PurchaseError.Text.Ok,
IAPExperience.PurchaseError.Text.ParentalLimit,لا يمكن إتمام المعاملة الشرائية بسبب الوصول إلى الحد الشهري للمشتريات الذي حدده والد مالك الحساب. ستتمكن من إجراء عملية شراء جديدة الشهر القادم إلا إذا تغيّرت إعدادات رقابة الوالدين.
IAPExperience.PurchaseError.Text.ParentalRestrictionSubscription,الاشتراكات غير متاحة للحسابات ذات قيود الإنفاق الشهري
IAPExperience.PurchaseError.Text.PremiumOnly,
IAPExperience.PurchaseError.Text.PremiumPlatformUnavailable,شراء Roblox Premium غير مدعوم على هذه المنصة. الرجاء استعمال حاسوب شخصي لشراء Premium.
IAPExperience.PurchaseError.Text.PurchaseLimit,لا يمكن إتمام العملية الشرائية لأنك وصلت إلى الحد المسموح به للمشتريات. الرجاء المحاولة مرة أخرى خلال 24-72 ساعة. إذا لم تنجح عملية الشراء، يتعيّن عليك الانتظار حتى الشهر القادم. تجدر الإشارة إلى أنه لا يمكن تغيير حدود الشراء أو إزالته.
IAPExperience.PurchaseError.Text.RestrictedUser,لا يمكنك الوصول إلى محتوى هذه التجربة.
IAPExperience.PurchaseError.Text.SubscriptionNotForSale,لا يمكن شراء هذا الاشتراك حاليًا
IAPExperience.PurchaseError.Text.SubscriptionUnsupportedLocale,هذا الاشتراك غير متوفر في بلدك حاليًا
IAPExperience.PurchaseError.Text.SubscriptionUnsupportedPlatform,لا يمكن شراء هذا الاشتراك هنا
IAPExperience.PurchaseError.Text.ThirdPartyDisabled,تم تعطيل مبيعات عناصر الطرف الثالث لهذا المكان. لم يتم فرض رسوم على حسابك.
IAPExperience.PurchaseError.Text.Under13,حسابك تابع لأقل من 13 عامًا. شراء هذا العنصر غير مسموح به. لم يتم فرض رسوم على حسابك.
IAPExperience.PurchaseError.Text.UnknownError,فشلت عملية الشراء بسبب خطأ ما. لم يتم فرض رسوم على حسابك. الرجاء المحاولة لاحقًا.
IAPExperience.PurchaseError.Text.VpcRequired,"يمكنك الاشتراك من خلال اشتراكات التجربة واستخدام ""باس"" أو صفحة المتجر، بمساعدة من أحد والديك."
IAPExperience.PurchaseError.Title.AlreadySubscribed,مشترك بالفعل
IAPExperience.PurchaseError.Title.CantSubscribe,لا يمكنك الاشتراك
IAPExperience.PurchaseError.Title.Error,
IAPExperience.PurchaseError.Title.RobuxPurchaseFailed,تعذر الحصول على Robux
IAPExperience.PurchasePrompt.Action.Buy,
IAPExperience.PurchasePrompt.Action.Cancel,
IAPExperience.PurchasePrompt.Body.PurchaseCompleted,لقد اشتريتَ {ITEM_NAME} بنجاح.
IAPExperience.PurchasePrompt.Body.PurchaseItemsSuccess,لقد اشتريتَ العناصر بنجاح.
IAPExperience.PurchasePrompt.BuyRobuxAndExperience,شراء Robux والتجربة
IAPExperience.PurchasePrompt.BuyRobuxAndSubscription,شراء عملات Robux والاشتراك
IAPExperience.PurchasePrompt.Header.BuyAvatar,
IAPExperience.PurchasePrompt.Header.BuyRobuxAndAvatar,شراء عملات Robux والأفاتار
IAPExperience.PurchasePrompt.Label.BlackbirdDiscount,ميزة Plus (خصم بنسبة {discountPercentage}%‎)
IAPExperience.PurchasePrompt.Label.BlackbirdDiscountEligibleItems,ميزة Plus (خصم بنسبة {discountPercentage}%‎ على العناصر المؤهلة)
IAPExperience.PurchasePrompt.Label.BlackbirdDiscountNoPercent,ميزة Plus
IAPExperience.PurchasePrompt.Label.BlackbirdSummary,توفير {robuxIcon} {savingsAmount} مع Plus
IAPExperience.PurchasePrompt.Label.GenericDiscount,خصم (بنسبة {discountPercentage}%‎)
IAPExperience.PurchasePrompt.Label.GenericDiscountNoPercent,الخصم
IAPExperience.PurchasePrompt.Label.Subtotal,المجموع الفرعي
IAPExperience.PurchasePrompt.Label.SubtotalWithItemCount,الإجمالي الفرعي ({itemCount} من العناصر)
IAPExperience.PurchasePrompt.Label.Total,الإجمالي
IAPExperience.PurchasePrompt.Label.TotalPriceV2,السعر الإجمالي
IAPExperience.PurchasePrompt.Text.BuyItemQuestion,"هل تريد شراء {name}""؟"
IAPExperience.PurchasePrompt.Text.BuyItemQuestionIncludingWarning,"الرجاء الإنفاق على الترفيه باعتدال ومسؤولية. هل تريد شراء ""{name}""؟"
IAPExperience.PurchasePrompt.Text.Loading,تحميل...
IAPExperience.PurchasePrompt.Text.RemainingBalance,سيصير رصيدك بعد هذه المعاملة
IAPExperience.PurchasePrompt.Text.RemainingBalanceV2,سيصير رصيدك بعد هذه المعاملة {robux}
IAPExperience.PurchasePrompt.Text.TestPurchase,هذه عملية شراء اختبارية؛ لن يتم فرض رسوم على حسابك.
IAPExperience.PurchasePrompt.Title.BuyExperience,شراء التجربة
IAPExperience.PurchasePrompt.Title.BuyGamepass,شراء باس ألعاب
IAPExperience.PurchasePrompt.Title.BuyItem,
IAPExperience.PurchasePrompt.Title.BuyItemV2,
IAPExperience.PurchasePrompt.Title.BuyItems,
IAPExperience.PurchasePrompt.Title.BuyRobuxAndItem,شراء Robux والعنصر
IAPExperience.PurchasePrompt.Title.BuyRobuxAndItems,شراء Robux والعناصر
IAPExperience.PurchasePrompt.Title.BuyRobuxOnly,
IAPExperience.PurchasePrompt.Title.PurchaseCompleted,
IAPExperience.PurchaseSuccess.Action.BackToGame,العودة إلى اللعبة
IAPExperience.PurchaseSuccess.Action.BackToShop,العودة إلى المتجر
IAPExperience.PurchaseSuccess.Action.Equip,تجهيز أفاتاري
IAPExperience.PurchaseSuccess.Text.BalanceNow,رصيدك الآن هو {robux}.
IAPExperience.PurchaseSuccess.Text.YouOwn,أنت الآن تملك {name}!
IAPExperience.PurchaseSuccess.Title.PurchaseSucceeded,نجحت عملية الشراء
IAPExperience.RobuxUpsell.Action.BuyRobux,
IAPExperience.RobuxUpsell.Action.BuyRobuxAndItem,
IAPExperience.RobuxUpsell.Action.Cancel,
IAPExperience.RobuxUpsell.Text.AdditionalRobux,تحتاج إلى {robux} إضافية.
IAPExperience.RobuxUpsell.Text.BestValue,أفضل قيمة
IAPExperience.RobuxUpsell.Text.BetterValue,Better value
IAPExperience.RobuxUpsell.Text.Bonus,مكافأة
IAPExperience.RobuxUpsell.Text.BonusBannerInfo,ستؤدي عمليات الشراء التي يتم إجراؤها باستخدام جهاز الكمبيوتر والويب وبطاقات الهدايا إلى الحصول على 25% أكثر من عملات Robux مع كل عملية شراء
IAPExperience.RobuxUpsell.Text.BonusBannerV1,🎉 ستحصل على مكافأة بقيمة {robux} من عملات Robux بسبب الشراء باستخدام جهاز الكمبيوتر!
IAPExperience.RobuxUpsell.Text.BuyRobuxQuestion,هل تريد شراء
IAPExperience.RobuxUpsell.Text.DisclosurePayment,ستسري الرسوم على وسيلة الدفع التي حفظتها.
IAPExperience.RobuxUpsell.Text.DisclosureTerms,تنطبق شروط استخدام Roblox.
IAPExperience.RobuxUpsell.Text.DisclosureTermsURL,تنطبق Roblox {termsofuse}.
IAPExperience.RobuxUpsell.Text.ForYou,مُقترحة لك
IAPExperience.RobuxUpsell.Text.LastPurchased,آخر عملية شراء
IAPExperience.RobuxUpsell.Text.Loading,
IAPExperience.RobuxUpsell.Text.MoreRobux,احصل على المزيد من عملات Robux بنفس السعر
IAPExperience.RobuxUpsell.Text.NeedMoreRobux,أنت بحاجة إلى المزيد من عملات Robux
IAPExperience.RobuxUpsell.Text.PopularItem,
IAPExperience.RobuxUpsell.Text.PurchaseNotAvailableOnHeadSet,شراء Robux غير مدعوم على سماعة الرأس. الرجاء المحاولة على جهاز مختلف.
IAPExperience.RobuxUpsell.Text.RemainingBalance,سيتم إرجاع {robux} إلى رصيدك.
IAPExperience.RobuxUpsell.Text.TermsOfUse,
IAPExperience.RobuxUpsell.Text.VNGDisclosureTerms,تطبق شروط استخدام Roblox-VNG.
IAPExperience.RobuxUpsell.Text.VNGDisclosureTermsURL,تنطبق {termsofuse} Roblox-VNG.
IAPExperience.RobuxUpsell.Text.WouldYouBuy,هل تريد شراء حزمة {robux}؟
IAPExperience.RobuxUpsell.Title.InsufficientFunds,الأموال غير كافية
IAPExperience.RobuxUpsell.Title.InsufficientRobux,
IAPExperience.SubscriptionPurchasePrompt.Label.GetSubscription,الحصول على الاشتراك
IAPExperience.SubscriptionPurchasePrompt.Label.TestFlowDisclaimer,"مربع الحوار هذا لمجرد تجربة لمعاينة كيف سيرى المستخدمون وصف اشتراكك. لن يتم فرض رسوم عليك إذا ضغطت على زر ""الاشتراك""."
IAPExperience.U13Confirm.Action.Cancel,
IAPExperience.U13Confirm.Action.Confirm,
IAPExperience.U13Confirm.Text.ParentalConsentWarningPaymentModal13To17,أنا أوافق على أنني الوالد أو الوصي القانوني على مالك الحساب. أنا أعطي الإذن بهذا الشراء وأوافق على شروط الاستخدام.
IAPExperience.U13Confirm.Text.U13MonthlyThreshold1Modal,لقد أنفقت الكثير على Roblox هذا الشهر. هل تريد المتابعة؟ هذا الشراء يتطلب استخدام مال حقيقي. يجب أن تكون الوالد أو الوصي القانوني لمالك الحساب للإذن بهذا الشراء.
IAPExperience.U13Confirm.Text.U13MonthlyThreshold2Modal,لقد أنفقت الكثير على Roblox هذا الشهر. سيتم إرسال الإيصالات إلى بريد الوالدين الإلكتروني الذي تم التحقق منه على هذا الحساب بالإضافة لجميع المشتريات اللاحقة. 
IAPExperience.U13Confirm.Text.U13PaymentModal,يتضمن هذا الشراء تبادل أموال حقيقية. أنا أوافق على أن عمري 18 سنة على الأقل وأني الوالد أو الوصي القانوني على مالك الحساب. أنا أذنت بهذا الشراء وأوافق على شروط الاستخدام.
IAPExperience.U13Confirm.Title.Warning,تحذير!
InGame.Chat.ErrorMessageAnimationPlaying,لا يمكنك تشغيل Emotes أثناء تشغيل حركة أخرى.
InGame.Chat.ErrorMessageSwitchToR15,انتقل إلى أفاتار R15 لتشغيل Emote.
InGame.Chat.Label.From,من
InGame.Chat.Label.SystemMessagePrefix,
InGame.Chat.Label.TeamMessagePrefix,
InGame.Chat.Label.To,إلى
InGame.Chat.Response.EmoteNotAvailable,لا يمكنك استخدام Emote.
InGame.Chat.Response.EmotesNotSupported,
InGame.Chat.Response.EmotesTemporarilyUnavailable,لا يمكنك استخدام Emotes حاليًا.
InGame.Chat.Response.EmotesWrongAvatarType,فقط الأفاتار R15 يمكنها استخدام Emotes.
InGame.CommonUI.Badge.Popup.LearnMoreLink,
InGame.CommonUI.Button.KeepPlaying,الاستمرار في اللعب
InGame.CommonUI.Button.Ok,
InGame.CommonUI.Button.Retry,
InGame.CommonUI.Label.Custom,مخصص
InGame.CommonUI.Label.CustomOld,مخصص قديم
InGame.CommonUI.Label.Default,
InGame.CommonUI.Label.MicOff,تعطيل الميكروفون
InGame.CommonUI.Label.MicOnRecording,تشغيل الميكروفون (تسجيل الصوت)
InGame.CommonUI.Label.Off,
InGame.CommonUI.Label.On,
InGame.CommonUI.Label.PossiblyCustom,ربما مخصص
InGame.CommonUI.Label.ReturnFallback,العودة إلى التجربة السابقة
InGame.CommonUI.Label.ReturnTo,"العودة إلى ""{placeName}"""
InGame.CommonUI.Message.LuobuGameJoinWarning,الرجاء عدم تقليد السلوكيات الخطرة في اللعبة. يرجى الإبلاغ فورًا عن أيّ الإساءة إذا لاحظت سلوك غير لائق.
InGame.CommonUI.Title.Error,
InGame.CommonUI.Title.Warning,تحذير
InGame.ConnectionError.Action.Continue,
InGame.ConnectionError.Action.JoinNewServer,الانضمام إلى خادم جديد
InGame.ConnectionError.Action.JoinTheLine,الانضمام إلى الطابور
InGame.ConnectionError.Action.Ok,
InGame.ConnectionError.Action.Restart,إعادة تشغيل
InGame.ConnectionError.Action.ViewCollaborators,عرض المتعاونين
InGame.ConnectionError.AndroidAnticheatKick,اكتشفَت منصة Roblox نقص بعض الملفات أو تلفها. يُرجى إزالة تثبيت المنصة وإعادة تثبيتها من أحد متاجر التطبيقات الرسمية.
InGame.ConnectionError.AndroidEmulatorKick,لا نسمح باستخدام المحاكيات للحسابات التي لا تتمتع بحق الوصول إلى تعديل الأماكن. إذا كنت لا تستخدم محاكيًا، فاتصل بفريق الدعم وشارك كود الخطأ الظاهر لإبلاغنا.
InGame.ConnectionError.Button.Reconnect,إعادة الاتصال
InGame.ConnectionError.Button.ReconnectNow,إعادة الاتصال الآن
InGame.ConnectionError.ConnectErrors,تعذَّر الاتصال بالتجربة. يرجى المحاولة مرة أخرى.
InGame.ConnectionError.ConnectionBanned,تعذَّر الاتصال بالتجربة. لقد تم حظرك من هذه التجربة.
InGame.ConnectionError.ConnectionFailedRobloxVersion,تعذَّر الاتصال بالتجربة. إصدار Roblox قديم. يُرجى التحديث والمحاولة مرة أخرى.
InGame.ConnectionError.ConnectionFailedWaitAndTry,تعذَّر الاتصال بالتجربة. يُرجى الانتظار والمحاولة مرة أخرى.
InGame.ConnectionError.CreatorBanDaysPlural,{RBX_TIME_DAYS} من الأيام
InGame.ConnectionError.CreatorBanDaysSingular,
InGame.ConnectionError.CreatorBanHoursPlural,{RBX_TIME_HOURS} من الساعات
InGame.ConnectionError.CreatorBanHoursSingular,
InGame.ConnectionError.CreatorBanMessage,"رسالة المشرفين:

{RBX_STR}"
InGame.ConnectionError.CreatorBanMinutesPlural,{RBX_TIME_MINUTES} من الدقائق
InGame.ConnectionError.CreatorBanMinutesSingular,
InGame.ConnectionError.CreatorBanNoTime,تم حظرك من هذه التجربة أو من قِبل المشرفين عليها.
InGame.ConnectionError.CreatorBanWithTime,تم حظرك من هذه التجربة أو من قِبل المشرفين عليها لمدة {RBX_TIME_REMAINING}.
InGame.ConnectionError.Description.AgeCheckRequired,أكمِل عملية تقدير العمر لمعرفة ما إذا كان بإمكانك تشغيل هذه اللعبة.
InGame.ConnectionError.Description.CollaborationRequiresTrustedFriends,"مطلوب علاقة قائمة على الثقة بين جميع المتعاونين لاختبار اللعب في هذه التجربة.

أضِف الأصدقاء الموثوق بهم لمواصلة اختبار اللعب."
InGame.ConnectionError.Description.DontWantToWait,ألا ترغب في الانتظار؟
InGame.ConnectionError.Description.FriendsServerIsFullJoiningNewServer,خادم صديقك ممتلئ. جارٍ الانضمام إلى خادم جديد.
InGame.ConnectionError.Description.FriendsServerIsFullWaitingToJoin,خادم صديقك ممتلئ. في انتظار الانضمام.
InGame.ConnectionError.Description.LockedByAge,استنادًا إلى عمرك، لا يمكنك الوصول إلى هذه اللعبة.
InGame.ConnectionError.Description.ParentalApprovalRequired,اطلب الإذن من والديك لإلغاء قفل هذه اللعبة لك.
InGame.ConnectionError.Description.VipOwnerNotPresent,يمكنك الانضمام بمجرد وجود المضيف في هذا الخادم الخاص.
InGame.ConnectionError.Description.WantToJoinYourFriend,هل ترغب في الانضمام إلى صديقك؟
InGame.ConnectionError.DisconnectBadhash,انقطع الاتصال بسبب خطأ ما.
InGame.ConnectionError.DisconnectBlockedConnection,تم قطع الاتصال بالتجربة. تم حظر الاتصال.
InGame.ConnectionError.DisconnectClientFailure,تم قطع الاتصال بالتجربة. حدث خطأ فادح.
InGame.ConnectionError.DisconnectClientRequest,تم قطع الاتصال من جانب العميل.
InGame.ConnectionError.DisconnectCloudEditKick,انقطع الاتصال بميزة إنشاء الفريق. الرجاء إعادة الاتصال. 
InGame.ConnectionError.DisconnectCollaboratorPermissionRevoked,تم قطع الاتصال بالتجربة. ألغى المالك إذن TeamCreate.
InGame.ConnectionError.DisconnectCollaboratorUnderage,تم قطع الاتصال بالتجربة. تم فقدان إذن TeamCreate بسبب تغيّر تصنيف العمر الموصى به للتجربة.
InGame.ConnectionError.DisconnectConnectionLost,الرجاء التحقق من اتصالك بالإنترنت وحاول مرة أخرى.
InGame.ConnectionError.DisconnectDevMaintenance,أغلق المطور خادم التجربة مؤقتًا. الرجاء المحاولة مرة أخرى.
InGame.ConnectionError.DisconnectDuplicatePlayer,تم الدخول إلى هذه التجربة من جهاز آخر بالحساب نفسه. غادر التجربة من ذلك الجهاز قم حاول مجددًا.
InGame.ConnectionError.DisconnectDuplicateTicket,انقطع الاتصال بسبب خطأ. تم اكتشاف اتصالات متعددة من نفس الحساب.
InGame.ConnectionError.DisconnectErrors,انقطع الاتصال بسبب خطأ غير معروف. الرجاء إعادة الاتصال.
InGame.ConnectionError.DisconnectEvicted,الحساب نفسه انضم إلى تجربة من جهاز آخر. أعِد الاتصال إذا كنت تريد استخدام هذا الجهاز.
InGame.ConnectionError.DisconnectHashTimeout,انتهت مهلة الاتصال. تحقق من اتصالك بالإنترنت وحاول مجددًا.
InGame.ConnectionError.DisconnectIdle,انقطع اتصالك لعدم وجود نشاط لمدة {RBX_NUM} (دقيقة)
InGame.ConnectionError.DisconnectIllegalTeleport,انقطع الاتصال بسبب طلب نقل غير صالح. 
InGame.ConnectionError.DisconnectLuaKick,تم طردك من هذه التجربة أو من قِبل المشرفين عليها.
InGame.ConnectionError.DisconnectLuaKickWithMessage,"تم طردك من هذه التجربة أو من قِبل المشرفين عليها. رسالة المشرفين:

{RBX_STR}"
InGame.ConnectionError.DisconnectNewSecurityKeyMismatch,
InGame.ConnectionError.DisconnectOnRemoteSysStats,لقد تم إخراجك بسبب مشكلة في التطبيق.
InGame.ConnectionError.DisconnectOutOfMemoryKeepPlayingLeave,ذاكرة جهازك منخفضة. الخروج الآن سيحفظ حالتك ويمنع Roblox من أي عطل مفاجئ.
InGame.ConnectionError.DisconnectPlayerless,تم إغلاق تشغيل الخادم لدى محاولتك الاتصال به. الرجاء المحاولة مجددًا.
InGame.ConnectionError.DisconnectPrivateServerKickout,انقطع اتصالك لأنك لم يعد لديك الإذن بالانضمام إلى هذا الخادم الخاص.
InGame.ConnectionError.DisconnectProtocolMismatch,قد يكون إصدار Roblox لديك قديمًا. الرجاء تحديث Roblox والمحاولة مرة أخرى.
InGame.ConnectionError.DisconnectRaknetErrors,تعذَّر الاتصال بالتجربة. لا يوجد رد من الخادم. يُرجى المحاولة مرة أخرى.
InGame.ConnectionError.DisconnectReceivePacketError,حدثت مشكلة في تلقي البيانات، الرجاء إعادة الاتصال.
InGame.ConnectionError.DisconnectReceivePacketStreamError,حدثت مشكلة في نقل البيانات، الرجاء إعادة الاتصال.
InGame.ConnectionError.DisconnectRejoin,هذا الحساب انضم إلى تجربة من جهاز آخر. أعِد الاتصال إذا كنت تريد استخدام هذا الجهاز.
InGame.ConnectionError.DisconnectRobloxMaintenance,أغلق Roblox هذا الخادم للصيانة. الرجاء المحاولة مرة أخرى.
InGame.ConnectionError.DisconnectSecurityKeyMismatch,
InGame.ConnectionError.DisconnectSendPacketError,حدثت مشكلة في إرسال البيانات، الرجاء إعادة الاتصال.
InGame.ConnectionError.DisconnectTimeout,
InGame.ConnectionError.DisconnectTryAgain,تم قطع الاتصال بالتجربة. يُرجى إعادة الاتصال.
InGame.ConnectionError.DisconnectVerboselyModeratedGame,لحماية سلامتك، قطعنا الاتصال بهذا الخادم بعد انتهاك الأشخاص للقواعد مرارًا. يمكنك المساعدة في الحفاظ على سلامة منصة Roblox من خلال التعرّف على القواعد في معايير مجتمعنا.
InGame.ConnectionError.DisconnectWrongVersion,
InGame.ConnectionError.Heading.VRDisconnected,سماعات الرأس غير متصلة
InGame.ConnectionError.Joining,الانضمام إلى الخادم
InGame.ConnectionError.Message.ChannelName,القناة: {CHANNEL_NAME}
InGame.ConnectionError.Message.ErrorCode,رمز الخطأ: {ERROR_CODE}
InGame.ConnectionError.Message.RestartApp,لمواصلة اللعب، يرجى إعادة تشغيل التطبيق.
InGame.ConnectionError.PlacelaunchDeviceBlock,تم حظر جهازك من هذه التجربة أو من قِبل المشرفين عليها.
InGame.ConnectionError.PlacelaunchDisabled,الوُجهة مقيدة. الرجاء محاولة الانتقال لمكان مختلف أو إعادة المحاولة لاحقًا.
InGame.ConnectionError.PlacelaunchError,غير قادر على العثور على الخادم الذي تحاول الانضمام إليه. الرجاء المحاولة لاحقًا.
InGame.ConnectionError.PlacelaunchErrors,حدث خطأ لدى الانضمام إلى التجربة. الرجاء المحاولة مرة أخرى.
InGame.ConnectionError.PlacelaunchFlooded,الخادم مشغول حاليًا. الرجاء المحاولة مرة أخرى.
InGame.ConnectionError.PlacelaunchGameEnded,انتهت هذه التجربة أو أن الخادم غير متوفر بسبب خطأ غير متوقع في النظام
InGame.ConnectionError.PlacelaunchGameFull,التجربة المطلوبة ممتلئة
InGame.ConnectionError.PlacelaunchHashException,هذه التجربة غير متوفرة حاليًا. الرجاء المحاولة لاحقًا.
InGame.ConnectionError.PlacelaunchHashExpired,
InGame.ConnectionError.PlacelaunchHttpError,لقد حدث خطأ في Http. الرجاء إغلاق التطبيق والمحاولة مرة أخرى.
InGame.ConnectionError.PlacelaunchOtherError,نواجه حاليًّا صعوبات تقنية. الرجاء المحاولة مرة أخرى لاحقًا.
InGame.ConnectionError.PlacelaunchPartyCannotFit,هذه الفرقة تفوق عدد الأشخاص المتوفر للانضمام إلى هذه التجربة. حاول الانضمام إلى تجربة مختلفة.
InGame.ConnectionError.PlacelaunchRestricted,تغيرت حالة التجربة ولم يعد لديك الإذن بالدخول. الرجاء المحاولة لاحقًا.
InGame.ConnectionError.PlacelaunchUnauthorized,ليس لديك الإذن للانضمام إلى هذه التجربة.
InGame.ConnectionError.PlacelaunchUserLeft,المستخدم الذي تحاول الانضمام إليه قد غادر هذه التجربة.
InGame.ConnectionError.PlacelaunchUserPrivacyUnauthorized,إعدادات الخصوصية لديك تمنعك من الانضمام إلى هذا الخادم.
InGame.ConnectionError.Queue,مكانك في الخط: {POSITION}
InGame.ConnectionError.ReconnectFailed,لم تنجح إعادة الاتصال. الرجاء المحاولة مجددًا.
InGame.ConnectionError.ReconnectingAttempt,جارٍ إعادة الاتصال (المحاولة رقم {RBX_ATTEMPT})...
InGame.ConnectionError.ReconnectingAttemptInSecond,جارٍ إعادة الاتصال (المحاولة رقم {RBX_ATTEMPT}) خلال ثانية واحدة...
InGame.ConnectionError.ReconnectingAttemptInSeconds,جارٍ إعادة الاتصال (المحاولة رقم {RBX_ATTEMPT}) خلال {RBX_SECONDS} من الثواني...
InGame.ConnectionError.RemoteAttestationBootValidationFailure,تتطلّب هذه اللعبة نظام تشغيل موثوقًا به. يُرجى تشغيل منصة Roblox على جهاز مدعوم والتأكد من قفل محمل الإقلاع (bootloader).
InGame.ConnectionError.RemoteAttestationGeneralFailure,لم تتمكن منصّة Roblox من التحقق من سلامة التطبيق. يُرجى التأكد من أن نظام التشغيل موثوق به ومحدّث، ثم إعادة تثبيت منصّة Roblox من موقع تنزيل رسمي.
InGame.ConnectionError.RemoteAttestationOSOutOfDate,تتطلب هذه اللعبة تثبيتًا محدثًا لنظام Android. يُرجى التأكد من تحديث نظام التشغيل.
InGame.ConnectionError.RemoteAttestationTimeout,لم تتمكن منصّة Roblox من التحقق من سلامة التطبيق بسبب مشكلة في الشبكة. يُرجى إعادة الاتصال.
InGame.ConnectionError.RemoteAttestationUnsupported,تم تمكين متطلبات أمان المكونات الإضافية في هذه اللعبة. يُرجى تشغيل Roblox على جهاز مدعوم.
InGame.ConnectionError.ServerShutdown,تم قطع الاتصال بالتجربة. تم إغلاق الخادم.
InGame.ConnectionError.TeleportErrors,تعذّر الانتقال الفوري بسبب خطأ غير متوقع. الرجاء محاولة الانتقال مجددًا.
InGame.ConnectionError.TeleportFailure,
InGame.ConnectionError.TeleportFlooded,محاولات انتقال فوري كثيرة. الرجاء التريث ثم المحاولة لاحقًا.
InGame.ConnectionError.TeleportGameEnded,الخادم لم يعد متوفرًا. الرجاء استخدام خادم مختلف أو المحاولة لاحقًا.
InGame.ConnectionError.TeleportGameFull,الخادم ممتلئ. الرجاء المحاولة لاحقًا أو الانضمام لخادم آخر.
InGame.ConnectionError.TeleportGameNotFound,لا يمكن العثور على المكان المقصود. الرجاء التحقق منه ثم المحاولة مرة أخرى.
InGame.ConnectionError.TeleportUnauthorized,أنتَ تحاول الانتقال الفوري إلى مكان مقيّد.
InGame.ConnectionError.Title.ConnectionFailed,فشل الاتصال
InGame.ConnectionError.Title.Disconnected,غير متّصل
InGame.ConnectionError.Title.JoinError,خطأ في الانضمام
InGame.ConnectionError.Title.LowMemoryWarning,تحذير بسبب انخفاض الذاكرة
InGame.ConnectionError.Title.TeleportFailed,فشل الانتقال السريع
InGame.ConnectionError.UnknownError,خطأ غير معروف.
InGame.EmotesMenu.EmotesDisabled,Emotes معطلة في هذه التجربة.
InGame.EmotesMenu.ErrorMessageAnimationPlaying,لا يمكنك تشغيل Emotes بنفس وقت هذا الإجراء.
InGame.EmotesMenu.ErrorMessageNoMatchingEmote,
InGame.EmotesMenu.ErrorMessageNotSupported,
InGame.EmotesMenu.ErrorMessageR15Only,
InGame.EmotesMenu.ErrorMessageSwitchToR15,
InGame.EmotesMenu.ErrorMessageTemporarilyUnavailable,
InGame.EmotesMenu.NoEmotesEquipped,لا يوجد Emote مجهّزة
InGame.EmotesMenu.SelectAnEmote,حدّد Emote
InGame.EmotesMenu.VisitShopToGetEmotes,ليس لديك Emotes. انتقل إلى المتجر للحصول على Emotes.
InGame.FriendPlayerPrompt.Action.Send,
InGame.FriendPlayerPrompt.Title.SendFriendRequest,هل تود إرسال طلب صداقة؟
InGame.FriendPlayerPrompt.Title.SendFriendRequest.FriendsRename,هل تريد إرسال طلب صداقة؟
InGame.GameplayPaused.Body,اللعبة متوقفة مؤقتًا. الرجاء الانتظار لحين تحميل محتوى اللعبة.
InGame.GameplayPaused.Title,اللعبة متوقفة مؤقتًا
InGame.HelpMenu.Controls.ToggleGameMenu,تقليب قائمة اللعبة
InGame.HelpMenu.DownArrow,سهم للأسفل
InGame.HelpMenu.Label.ClientCoreScriptVersion,إصدار تطبيق CoreScript:
InGame.HelpMenu.Label.ClientVersion,إصدار التطبيق:
InGame.HelpMenu.Label.PlaceVersion,إصدار المكان:
InGame.HelpMenu.Label.PlaySessionId,PlaySessionId: {RBX_STR}
InGame.HelpMenu.Label.PlayerScripts,PlayerScripts:
InGame.HelpMenu.Label.ServerChannel,قناة الخادم:
InGame.HelpMenu.Label.ServerVersion,إصدار الخادم:
InGame.HelpMenu.LeftArrow,السهم الأيسر
InGame.HelpMenu.RightArrow,السهم الأيمن
InGame.HelpMenu.UpArrow,سهم للأعلى
InGame.InspectMenu.Action.Cancel,
InGame.InspectMenu.Action.Confirm,
InGame.InspectMenu.Action.Favorite,
InGame.InspectMenu.Action.FromResale,{PRICE} لإعادة البيع
InGame.InspectMenu.Action.Go,انتقال
InGame.InspectMenu.Action.LimitReached,وصلت للحد الأقصى للعناصر
InGame.InspectMenu.Action.SoldOut,مباع كله
InGame.InspectMenu.Action.TakeOff,خلع
InGame.InspectMenu.Action.TryOn,
InGame.InspectMenu.Action.Unfavorite,إزالة من المفضلة
InGame.InspectMenu.Action.View,
InGame.InspectMenu.Attribution.GoToDescription,ستغادر هذا المكان وتنتقل إلى {EXPERIENCE_NAME}.
InGame.InspectMenu.Attribution.GoToExperience,الانتقال إلى التجربة؟
InGame.InspectMenu.Description.LayeredClothingR6,جسم R6 لا يدعم هذا العنصر.
InGame.InspectMenu.Description.LimitedNotice,لا يمكن شراء هذا العنصر إلا من بائعين آخرين في الكاتالوج.
InGame.InspectMenu.Description.MultipleBundlesNotice,هذا العنصر جزء من حزم متعددة.
InGame.InspectMenu.Description.NoInventoryNotice,لا يرتدي هذا المستخدم أي عناصر يمكنك تفتيشها.
InGame.InspectMenu.Description.SingleBundleNotice,هذا العنصر جزء من حزمة.
InGame.InspectMenu.Label.Avatar,أفاتار {PLAYER_NAME}
InGame.InspectMenu.Label.Limited,محدود
InGame.InspectMenu.Label.LimitedItems,عنصر محدود
InGame.InspectMenu.Label.Offsale,
InGame.InspectMenu.Label.Owned,
InGame.InspectMenu.Label.OwnedItems,العناصر المملوكة ({QUANTITY})
InGame.InspectMenu.Label.PremiumOnly,فقط Premium
InGame.InspectMenu.Label.VerifiedAvatar,أفاتار {PLAYER_NAME}{VERIFIED_BADGE}
InGame.NotificationScrip2.onCurrentGraphicsQualityLevelChanged.Decreased,انخفضت إلى {RBX_NUMBER}
InGame.NotificationScrip2.onCurrentGraphicsQualityLevelChanged.Increased,ارتفعت إلى {RBX_NUMBER}
InGame.NotificationScript2.Capture.Fail.ToastText,تعذّرت اللقطة
InGame.NotificationScript2.Capture.Permission.AlertButtonText,
InGame.NotificationScript2.Capture.Permission.AlertText,يتعين عليك تمكين أذونات الصور لكي تتمكن من استخدام هذه الميزة. يمكن تحديد الإذن في إعدادات جهازك.
InGame.NotificationScript2.Capture.Permission.AlertTextAndroid,"اذهب إلى الإعدادات> Roblox > الأذونات، ومكّن ""التخزين"" لتمكين حفظ لقطات الصور في معرض الصور."
InGame.NotificationScript2.Capture.Permission.AlertTextIOS,اذهب إلى الإعدادات> الخصوصية > الصور، واعطِ Roblox الإذن لحفظ لقطات الشاشة في معرض الصور.
InGame.NotificationScript2.Capture.Permission.AlertTitle,تمكين حفظ الأذونات
InGame.NotificationScript2.Capture.Success.ToastText,
InGame.NotificationScript2.FriendRequestEvent.Accept,تم إنشاء صداقة بينك وبين {RBX_NAME}.
InGame.NotificationScript2.Message.ConnectionRequestEvent.Accepted,
InGame.NotificationScript2.Message.ConnectionRequestEvent.Sent,أرسل لك طلب صداقة!
InGame.NotificationScript2.Message.FriendRequestEvent.Accepted,
InGame.NotificationScript2.Message.FriendRequestEvent.Sent,
InGame.NotificationScript2.Screenshot.ButtonText,فتح المجلد
InGame.NotificationScript2.Screenshot.Description,تحقق من مجلد لقطات الشاشة لديك لمعاينتها.
InGame.NotificationScript2.Screenshot.Title,تم حفظ لقطة الشاشة
InGame.NotificationScript2.UINavigation.Text,Backslash للتبديل
InGame.NotificationScript2.UINavigation.Title,تم تمكين UI Navigation
InGame.NotificationScript2.Video.ButtonText,
InGame.NotificationScript2.Video.Description,تحقق من مجلد الفيديوهات لديك لمشاهدته.
InGame.NotificationScript2.Video.Title,تم تسجيل الفيديو
InGame.NotificationScript2.onBadgeAwardedDetail,حصل {RBX_NAME} على وسام {BADGE_NAME} من {CREATOR_NAME}.
InGame.NotificationScript2.onBadgeAwardedTitle,تم منحك وسامًا
InGame.NotificationScript2.onPointsAwarded.multiple,أنت حصلت على نقاط من {RBX_NUMBER}.
InGame.NotificationScript2.onPointsAwarded.single,أنت حصلت على نقطة من {RBX_NUMBER}.
InGame.PlayerDropDown.Accept,
InGame.PlayerDropDown.Action.ConnectionRequest,
InGame.PlayerDropDown.Block,
InGame.PlayerDropDown.CancelRequest,
InGame.PlayerDropDown.ConfirmUnfriend,اضغط لتأكيد إلغاء الصداقة
InGame.PlayerDropDown.Decline,
InGame.PlayerDropDown.Examine,
InGame.PlayerDropDown.OtherPlayerFriendLimit,{RBX_NAME} وصل للحد الأقصى للأصدقاء.
InGame.PlayerDropDown.Report,الإبلاغ عن إساءة
InGame.PlayerDropDown.UnBlock,
InGame.PlayerDropDown.Unfriend,
InGame.PlayerList.FooterLastUpdated,آخر تحديث قبل {minutes} من الدقائق
InGame.PlayerList.FooterUnableToLoad,
InGame.PlayerList.FriendsEmpty,لم يلعب أي من أصدقائك هذه التجربة حتى الآن.
InGame.PlayerList.Leaderboard,
InGame.PlayerList.LeaderboardUnavailable,قائمة المشاركين غير متاحة. يُرجى المحاولة مرة أخرى لاحقًا.
InGame.PlayerList.Players,
InGame.PlayerList.RankHeader,الترتيب
InGame.PlayerList.Retry,
InGame.Presence.Label.InGame,
InGame.Presence.Label.InStudio,في الاستوديو
InGame.Presence.Label.Offline,
InGame.Presence.Label.Online,
InGame.UnknownNamespace.BACKPACK_SEARCH,
InGame.UnknownNamespace.GameChat.FriendChatNotifier.JoinMessage,انضم صديقك {RBX_NAME} إلى التجربة.
InGame.UnknownNamespace.GameChat_ChatCommandsTeller_MuteCommand,/mute <speaker> : كتم مستخدم.
InGame.UnknownNamespace.GameChat_ChatCommandsTeller_TeamCommand,/team <message> أو /t <message> : لإرسال دردشة فريق لأشخاص معك في الفريق.
InGame.UnknownNamespace.GameChat_ChatCommandsTeller_UnMuteCommand,/unmute <speaker> : لإلغاء كتم صوت المستخدم.
InGame.UnknownNamespace.GameChat_ChatCommandsTeller_WhisperCommand,/whisper <speaker> أو /w <speaker> : لفتح قناة مراسلة خاصة مع المتكلم.
InGame.UnknownNamespace.GameChat_FriendChatNotifier_JoinMessage,انضمت جهة تواصلك {RBX_NAME} إلى التجربة.
InGame.UnknownNamespace.GameChat_PrivateMessaging_CannotWhisperToSelf,لا يمكنك إجراء دردشة خاصة مع نفسك.
InGame.UnknownNamespace.GameChat_TeamChat_NowInTeam,صرت الآن عضوًا في فريق '{RBX_NAME}'.
InGame.UnknownNamespace.Network,(الشبكة)
InGame.UnknownNamespace.Received,تم استلامها
InGame.UnknownNamespace.Sent,أرسلت
Notifications.NotificationStream.Bundle.ShowLess,عرض أقل
Notifications.NotificationStream.Bundle.ShowMoreV2,{notificationCount} إضافية
Notifications.NotificationStream.Label.AllCaughtUp,لقد أتممت كل المهام!
Notifications.NotificationStream.Label.Notifications,
Notifications.SafetyAvatarModeration.Description.NotificationTypeInExpWarnMsg,يرجى تغيير أفاتارك. قريبًا، سيتم تعليق وصول اللاعبين الذين تخالف أفاتاراتهم معايير مجتمعنا إلى هذه اللعبة.
Notifications.SafetyAvatarModeration.Label.NotificationTypeInExpWarn,انتهك أفاتارك القواعد
Notifications.SquadRegroupPrompt.ToastAction.Dismiss,
Notifications.SquadRegroupPrompt.ToastAction.Join,
Notifications.SquadRegroupPrompt.ToastLabel.ContinuePlayingTogether,متابعة اللعب معًا
Notifications.SquadRegroupPrompt.ToastLabel.JoinANewServer,
Notifications.ToastNotifications.Label.LeaveExperienceConfirmation,هل أنت متأكد من أنك تريد المغادرة للانضمام إلى تجربة أخرى؟
Notifications.ToastNotifications.Title.LeavingExperience,مغادرة التجربة
PlayerFeedbacks.VoteForm.Message.Action.Report,
PlayerFeedbacks.VoteForm.Message.MaxLengthCharacters,استخدِم أقل من {count} من الأحرف.
PlayerFeedbacks.VoteForm.Message.MinLengthCharacters,استخدِم أكثر من {count} من الأحرف.
PlayerFeedbacks.VoteForm.Message.ReportAbuseInsteadLong,هل واجهت مشكلة تتعلق بالسلامة؟ يُرجى <u>الإبلاغ عن أي إساءة هنا</u>.
PlayerFeedbacks.VoteForm.Message.SubmitSuccess,
PlayerFeedbacks.VoteForm.PromptBanner.GiveFeedbackButton,
PlayerFeedbacks.VoteForm.PromptBanner.Message,ستتم مشاركة ردك مع المصمّم بدون الكشف عن هويتك
PlayerFeedbacks.VoteForm.PromptBanner.Title,المساعدة على تحسين هذه التجربة
PlayerFeedbacks.VoteForm.PromptBanner.TitleOnly,ساعِد المصمّم في تحسين هذه التجربة
Purchasing.PurchaseDialog.Heading.PendingDeveloperProductLimitReached,لا يمكنك الشراء
Purchasing.PurchaseDialog.Message.PendingDeveloperProductLimitReached,انضم إلى التجربة لتحصيل عمليات الشراء السابقة قبل شراء المزيد من المنتجات.
Purchasing.PurchaseDialog.Message.PendingDeveloperProductOnHome,انضم لتحصيل عملية الشراء
Roblox.ReferralRewards.AdditionalCreatorTerms,شروط المصمّم الإضافية
Roblox.ReferralRewards.Expires,وقت الانتهاء
Roblox.ReferralRewards.ReferralProgramTerms,شروط برنامج الإحالة
Roblox.ReferralRewards.RewardBannerBody,قم بدعوة صديق، وستحصل على {rewardName} من {gameName}. تُطبَّق الشروط.
Roblox.ReferralRewards.RewardBannerHeader,احصل على {rewardName}!
Roblox.ReferralRewards.RewardBannerModalCreatorSupport,يقدم {creatorName} هذه المكافأة. يرجى الاتصال بالمصمّم مباشرة للحصول على الدعم وطرح الأسئلة.
Roblox.ReferralRewards.RewardBannerModalRewardDetails,تفاصيل المكافأة
Roblox.ReferralRewards.RewardBannerModalTitle,مكافأة إحالة الأصدقاء
Translation.PlayerChoiceSettings.GameSettings.PlayerChoiceSettingDescription,ترجمة جميع التجارب تلقائيًا عندما لا تكون لغتك المحددة مدعومة
Translation.PlayerChoiceSettings.GameSettings.PlayerChoiceSettingLabel,الترجمات التلقائية
Verification.Identity.Label.AgeVerifyPrompt,تحقق من عمرك للحصول على للمزيد من ميزات Roblox!
Verification.Identity.Label.ConnectingToMobile,الاتصال بجوالك
Verification.Identity.Label.HavingTroubleScanCode,تواجه مشكلة؟ امسح رمز QR أعلاه لإعادة تشغيل عملية التحقق.
Verification.Identity.Label.PleaseDoNotClose,يرجى عدم إغلاق هذه النافذة حتى تكتمل عملية التحقق.
Verification.Identity.Label.UpdatingRoblox,تحديث ملفك في Roblox
Verification.Identity.Label.VerificationWaitingForResults,في انتظار النتائج
Verification.Identity.Label.VerifyInBrowser,الرجاء إكمال عملية التحقق على متصفح جوالك للمتابعة.
Verification.Identity.Label.VerifyingYou,التحقق منك
