Key,Value
AccountIdentity.AgeCheck.Label.AgeBandOver13,Maior de 13
AccountIdentity.AgeCheck.Label.AgeBandOver13Checked,Maior de 13 idade verificada
AccountIdentity.AgeCheck.Label.AgeBandOver18,Maior de 18
AccountIdentity.AgeCheck.Label.AgeBandOver18Checked,Maior de 18 idade verificada
AccountIdentity.AgeCheck.Label.AgeBandUnder13,13 ou menos
AccountIdentity.AgeCheck.Label.AgeGroup13To15,13-15
AccountIdentity.AgeCheck.Label.AgeGroup16To17,16-17
AccountIdentity.AgeCheck.Label.AgeGroup18To20,18-20
AccountIdentity.AgeCheck.Label.AgeGroup18To24,18 a 24
AccountIdentity.AgeCheck.Label.AgeGroup9To12,9-12
AccountIdentity.AgeCheck.Label.AgeGroupOver21,21 ou mais
AccountIdentity.AgeCheck.Label.AgeGroupOver25,25 ou mais
AccountIdentity.AgeCheck.Label.AgeGroupUnder9,De 5 a 8 anos
Amp.AccountSettingsUpsell.Email.Button.Cancel,Cancelar
Amp.AccountSettingsUpsell.Email.Button.Settings,Configurações
Amp.AccountSettingsUpsell.Email.Modal.ContentText,"Verifique seu e-mail para acessar este recurso

1. Vá para as Informações da conta nas Configurações
2. Escolha Adicionar e-mail
3. Conclua o processo
"
Amp.AccountSettingsUpsell.Email.Modal.Title,Verificação de email necessária
Amp.AccountSettingsUpsell.Phone.Button.Cancel,
Amp.AccountSettingsUpsell.Phone.Button.Settings,
Amp.AccountSettingsUpsell.Phone.Modal.ContentText,"Verifique seu telefone para acessar esta experiência.

1. Vá para as Informações da conta em Configurações
2. Escolha Adicionar telefone
3. Conclua o processo"
Amp.AccountSettingsUpsell.Phone.Modal.Title,Verificação de telefone necessária
Amp.ErrorScreen.BodyText,Falha ao obter seu status de acesso
Amp.ErrorScreen.Cancel,
Amp.ErrorScreen.Retry,Tentar novamente
Amp.ErrorScreen.Title,Algo deu errado
Amp.ErrorScreen.UserMismatchBody,Este código QR é para uma conta diferente. Troque de conta e escaneie novamente para continuar.
Amp.ErrorScreen.UserMismatchTitle,Conta errada
Amp.FAEUpsell.Modal.ExternalLink.ButtonCancel,
Amp.FAEUpsell.Modal.ExternalLink.ButtonStart,Continuar
Amp.FAEUpsell.Modal.ExternalLink.Text,Isso libera mais jogos e funcionalidades como o chat.
Amp.FAEUpsell.Modal.ExternalLink.Title,Verificação de idade necessária
Amp.FAEUpsell.Modal.Failed.ButtonClose,Fechar
Amp.FAEUpsell.Modal.Failed.ButtonRetry,
Amp.FAEUpsell.Modal.Failed.Text,Algo deu errado. Tente novamente mais tarde.
Amp.FAEUpsell.Modal.Failed.Title,Erro de verificação de idade
Amp.FAEUpsell.Modal.Loading.ButtonCancel,
Amp.FAEUpsell.Modal.Loading.Text,"Pode demorar um pouquinho. Se você cancelar, talvez sua idade não seja verificada."
Amp.FAEUpsell.Modal.Loading.Title,Verificando sua idade
Amp.FAEUpsell.Modal.QRCode.Description,"Fazendo a verificação de idade, você desbloqueia mais jogos e ativos. Escaneie este código QR com seu celular ou tablet."
Amp.FAEUpsell.Modal.QRCode.Footer,Não está dando certo? Baixe o aplicativo da Roblox no seu dispositivo móvel e acesse Configurações > Informações da conta
Amp.FAEUpsell.Modal.QRCode.Title,Faça a verificação de idade com o aplicativo para dispositivos móveis
Amp.IDVErrorScreen.Close,
Amp.IDVErrorScreen.Declined,"Sua verificação foi recusada por razões de segurança. Se quiser tentar novamente, volte em alguns dias."
Amp.IDVErrorScreen.Retry,"Algo deu errado, atualize a página e tente novamente."
Amp.IDVErrorScreen.Timeout,O processo de verificação demorou demais. Atualize a página e tente novamente.
Amp.IDVErrorScreen.Title,A verificação falhou
Amp.IDVUpsell.Button.Cancel,
Amp.IDVUpsell.Button.StartVerification,Iniciar verificação
Amp.IDVUpsell.Directions.IDBody,"Carteira de motorista, passaporte, documento de identidade, autorização de residente"
Amp.IDVUpsell.Directions.IDHeader,Prepare uma identidade válida
Amp.IDVUpsell.Directions.PhoneBody,Você precisa de um smartphone para continuar
Amp.IDVUpsell.Directions.PhoneHeader,Use um smartphone
Amp.IDVUpsell.Modal.Disclaimer,Atenção: Você está prestes a iniciar o processo de verificação de identidade com nosso provedor de serviços de terceiros. As informações coletadas através deste processo serão usadas para fins de segurança de sua conta e/ou ativação dos recursos Roblox.
Amp.IDVUpsell.Modal.PrivacyLinkText,Aviso de privacidade biométrica da Roblox
Amp.IDVUpsell.Modal.QRHeaderText,Escaneie o código QR para começar
Amp.IDVUpsell.Modal.Title,Verificação de idade obrigatória
Amp.IDVUpsell.PrivacyPageHeader,Política de privacidade
Amp.Upsell.Action.AskNow,Perguntar agora
Amp.Upsell.Description.PrologueEnablePurchase,"Devido a restrições regionais, você precisa de permissão do seu responsável para fazer esta compra."
Amp.Upsell.Description.PrologueJoinExperience,"Para se juntar a esta experiência, você precisa da permissão do seu responsável."
Amp.Upsell.Description.PrologueTextVpc,Você precisa da permissão do seu responsável.
Amp.Upsell.Description.PrologueUnblockUser,"Para desbloquear {displayName}, você precisa de permissão do responsável"
Amp.Upsell.Message.EmailSent,Enviamos um e-mail para {parentEmail}
Amp.Upsell.Message.EmailSentPluralParent,Nós enviamos um e-mail para seu responsável vinculado
Amp.Upsell.Title.AskYourParent,Peça ao seu responsável
Amp.Upsell.Title.RequestSent,Pedido enviado
Application.Logout.Action.Logout,Sair
Application.Logout.Message.Confirmation,Tem certeza de que deseja sair?
Authentication.AccountSwitch.Action.SwitchAccount,Trocar de conta
Authentication.AccountSwitch.Header.SwitchAccountSentenceCase,
Authentication.CrossDevice.Heading.QuickLogin,Acesso rápido
Authentication.Login.Action.QuickSignIn,
Authentication.Login.Button.CloseAndSwitchPlatformAccount,Saia da Roblox para mudar de conta para {platformAccountName}
Authentication.Login.Button.UseDifferentRobloxAccount,Use uma conta Roblox diferente
Authentication.Login.Error.PasskeyOnlyAccount,Sua conta só tem uma chave de acesso configurada para entrar. Tente entrar com sua chave de acesso ou recupere sua conta.
Authentication.Login.Error.PlatformAccountConnectionFailure,Não é possível verificar a conta da plataforma. Tente novamente mais tarde.
Authentication.Login.Heading.IncompatibleAccounts,Contas Incompatíveis
Authentication.Login.Label.LearnMore,Saiba mais
Authentication.Login.LinkIllegalChildAccountLinking,Não foi possível vincular esta conta Roblox a uma conta infantil do Xbox. Tente usar outra conta ou verifique suas configurações.
Authentication.Login.Response.AlreadyLinked,Esta conta Roblox já está vinculada a uma conta para a {platform}. Tente fazer login com uma conta Roblox diferente.
Authentication.Login.Response.IncorrectEmailOrPassword,E-mail ou senha incorretos.
Authentication.Login.Response.IncorrectOtpCode,Seu código está incorreto. Confira e tente novamente.
Authentication.Login.Response.IncorrectPhoneOrPassword,Telefone ou senha incorretos.
Authentication.Login.Response.IncorrectUsernamePassword,Nome de usuário ou senha incorretos.
Authentication.Login.Response.InvalidPasskeyCredential,"Não foi possível fazer login com esta senha. Para recuperar o acesso, vá para ""Esqueci a senha ou nome de usuário""."
Authentication.Login.Response.MoreThanOneUsername,Seu e-mail está associado a mais de um nome de usuário. Entre com seu nome de usuário.
Authentication.Login.Response.PlatformAlreadyLinked,Esta conta {platform} já está vinculada a outra conta Roblox. Inicie a sessão com a conta Roblox vinculada.
Authentication.Login.Response.RelinkingFreeze,Esta conta Roblox foi vinculada a outra conta para a {platform} nos últimos 90 dias. Tente entrar com uma conta Roblox diferente.
Authentication.Login.Response.Require2FA,A verificação em 2 passos não é suportada no console. Siga as instruções à direita para entrar na conta com segurança.
Authentication.Login.Response.Require2FAGeneric,"A verificação adicional necessária não é suportada neste dispositivo. Por favor, siga as instruções à direita para entrar com segurança."
Authentication.Login.Response.ServiceUnavailable,Serviço não disponível no momento. Tente novamente mais tarde.
Authentication.Login.Response.SomethingWentWrong,
Authentication.Login.Response.UnknownErrorLoginWithDifferentMethod,Algo deu errado. Tente outra maneira de entrar.
Authentication.Login.Response.UnverifiedEmailLoginWithUsername,Seu e-mail não foi verificado. Entre com seu nome de usuário.
Authentication.Login.WeChat.AntiAddictionText,"Boicote experiências ruins, recuse experiências pirateadas. Saiba se defender e lidar com fraudes. Participar de experiências é bom para o cérebro, mas passar tempo demais nelas pode prejudicar sua saúde. Administre bem o seu tempo e desfrute de um estilo de vida saudável."
Authentication.SignUp.Button.RetryLogIn,Tente fazer login novamente
Authentication.SignUp.Description.AccountAlreadyLinked,Sua conta para a {platformAccountName} já está vinculada a uma conta Roblox. Tente iniciar a sessão novamente.
Authentication.SignUp.Description.VerificationLinkingText.VariableButtonName,"Sua conta Roblox será vinculada à sua conta para a {platform}. Você pode desvincular sua conta a partir das configurações a qualquer momento. Pode haver um período de espera antes de você poder vincular outra conta para a {platform}. Ao clicar em {ctaButton}, você concorda com os Termos de Uso, incluindo a cláusula de arbitragem e você entende e aceita a Política de Privacidade."
Authentication.SignUp.Heading.CountryCodeSelector,Selecione o país
Authentication.SignUp.Heading.RetryLogIn,Tentar iniciar a sessão novamente
Authentication.SignUp.Response.ErrorTryAgain,
Authentication.TwoStepVerification.Action.GoToSecurity,
Authentication.TwoStepVerification.Label.TwoStepRequired,A verificação em duas etapas é obrigatória para fazer mais transações. Vá em Configurações > Segurança para completar a verificação em duas etapas.
Authentication.TwoStepVerification.Response.TooManyAttempts,Tentativas excessivas. Tente novamente mais tarde.
Authentication.TwoStepVerification.Title.VerificationRequired,Verificação obrigatória
AvatarGeneration.SelfieConsent.AgreeButton,Concordar
AvatarGeneration.SelfieConsent.BodyTextLink,"Ao enviar uma imagem, você afirma que tem o direito de usá-la e concorda que a Roblox colete, use e compartilhe uma renderização de IA generativa dessa imagem com os criadores para criar avatares."
AvatarGeneration.SelfieConsent.CancelButton,
AvatarGeneration.SelfieConsent.PrivacyLinkText,Política de Privacidade
AvatarGeneration.SelfieConsent.QRBody,{fontStart}Use seu telefone para escanear o código QR e tirar uma selfie.{fontEnd}
AvatarGeneration.SelfieConsent.QRErrorBody,"{fontStart}Para obter um novo código QR, comece de novo do jogo ou da experiência.{fontEnd}"
AvatarGeneration.SelfieConsent.QRErrorTitle,{fontStart}A sessão expirou{fontEnd}
AvatarGeneration.SelfieConsent.QRTitle,{fontStart}Escaneie o código QR para iniciar{fontEnd}
AvatarGeneration.SelfieConsent.Title,Use a imagem para gerar meu avatar.
Common.GameSorts.Label.Favorites,Favoritas
Common.Presence.Label.InExperience,Em uma experiência
Common.Presence.Label.Invisible,Invisível
Common.Presence.Label.Offline,Desconectado
Common.Presence.Label.Online,Conectado
Common.Presence.Label.RobloxStudio,Roblox Studio
Common.UGCValidation.ErrorLabel.AQSFail_AnimationTooLong,A animação é longa demais ({duration} segundos). As animações de emote devem ter no máximo {maxLength} segundos de duração.
Common.UGCValidation.ErrorLabel.AQSFail_AnimationTooShort,A animação é curta demais ({duration} segundos). As animações de emote devem ter mais de {minLength} segundos de duração.
Common.UGCValidation.ErrorLabel.AQSFail_MeshIslandML,Seu corpo contém pequenos componentes de malha desconectados (ilhas de malha). Remova a geometria flutuante e verifique se todas as partes da malha estão conectadas corretamente.
Common.UGCValidation.ErrorLabel.AQSFail_TooManyDisconnectedComponents,"Qualidade do ativo: {partName} tem {num_disconnected_components} componentes desconectados, o que ultrapassa o máximo de {max_disconnected_components}."
Common.UGCValidation.ErrorLabel.AQSInputDataError,A pontuação de qualidade não pode ser calculada corretamente porque os dados de entrada estão incorretos ou incompletos. Confira seu modelo ou denuncie um bug.
Common.UGCValidation.ErrorLabel.AQSInternalError,A pontuação não pode ser gerada devido a um erro de qualidade do ativo. Confira a exatidão dos dados de entrada e tente novamente ou denuncie um bug.
Common.UGCValidation.ErrorLabel.AQSWarn_CageMeshDistance,"Aviso de qualidade do ativo: a pontuação da distância da gaiola à malha é de {score}. A distância máxima entre a gaiola externa e a malha é de {max_distance}, {negative_sdf_percent}% dos vértices da gaiola externa estão dentro da malha de renderização."
Common.UGCValidation.ErrorLabel.AQSWarn_CageMeshDistanceAvatar,"Aviso de qualidade do ativo: a pontuação da distância da gaiola do corpo é de {score}. A distância máxima entre a gaiola do corpo e a malha é de {max_distance}, {negative_sdf_percent}% dos vértices da gaiola do corpo estão dentro da malha do corpo."
Common.UGCValidation.ErrorLabel.AQSWarn_CageMeshDistanceHead,"Aviso de qualidade do ativo: a pontuação da distância da gaiola da cabeça é de {score}. A distância máxima entre a gaiola da cabeça e a malha é de {max_distance}, {negative_sdf_percent}% dos vértices da gaiola da cabeça estão dentro da malha da cabeça."
Common.UGCValidation.ErrorLabel.AQSWarn_CageRelevancy,Aviso de qualidade do ativo: a pontuação de relevância da gaiola é {score}. {irrelevant_percent}% dos vértices da gaiola externa modificados não cobrem o acessório.
Common.UGCValidation.ErrorLabel.AQSWarn_CageUV,Aviso de qualidade do ativo: a pontuação UV da gaiola é de {score} para {cage_name}. Contagem UV incorreta: {incorrect_uv_count}.
Common.UGCValidation.ErrorLabel.AQSWarn_DegenTriangles,Qualidade do ativo: {partName} tem {degenerate_triangle_percent}% de triângulos degenerados (pontuação: {score}).
Common.UGCValidation.ErrorLabel.AQSWarn_DynamicHead,Aviso de qualidade do ativo: a pontuação da expressão dinâmica da cabeça é de {score}.
Common.UGCValidation.ErrorLabel.AQSWarn_JointNumber,"Qualidade do ativo: a configuração da articulação teve a pontuação {score} (articulações: {joint_number}, mão esquerda: {left_hand_joint_number}, mão direita: {right_hand_joint_number})."
Common.UGCValidation.ErrorLabel.AQSWarn_MeshIslandVolume,Qualidade do ativo: {partName} tem {num_small_volume_islands} pequenas ilhas desconectadas de {num_disconnected_components} componentes (pontuação: {score}).
Common.UGCValidation.ErrorLabel.AQSWarn_MeshManifold,Qualidade do ativo: {partName} tem problemas de integridade na malha (pontuação: {score}).
Common.UGCValidation.ErrorLabel.AQSWarn_MeshNotWatertight,Qualidade do ativo: a malha de {partName} não é fechada ({boundary_edges_percent}% das bordas são abertas).
Common.UGCValidation.ErrorLabel.AQSWarn_MeshOutsideOuterCage,Aviso de qualidade do ativo: a pontuação de contenção da malha é de {score}. {mesh_outside_outer_cage_percent}% dos vértices da malha estão fora da gaiola externa.
Common.UGCValidation.ErrorLabel.AQSWarn_MissingData,A pontuação de qualidade do ativo para {measureName} não pôde ser calculada porque os dados de entrada estavam incompletos ou inválidos. Isso não bloqueia seu upload.
Common.UGCValidation.ErrorLabel.AQSWarn_TextureComplexity,Qualidade do ativo: a textura {textureName} tem baixa complexidade (pontuação: {score}).
Common.UGCValidation.ErrorLabel.AQSWarn_TextureResolution,Qualidade do ativo: a textura {textureName} tem resolução {texture_width}x{texture_height} (pontuação: {score}).
Common.UGCValidation.ErrorLabel.AQSWarn_TriangleIntersection,Qualidade do ativo: {partName} tem {intersecting_tri_face_percent}% de faces triangulares que se cruzam (pontuação: {score}).
Common.UGCValidation.ErrorLabel.AQSWarn_UVBound,Qualidade do ativo: {partName} tem {uv_outside_bound_vert_percent}% de vértices UV fora dos limites (pontuação: {score}).
Common.UGCValidation.ErrorLabel.AQSWarn_VertexSimilarity,Qualidade do ativo: {partName} tem {similar_vertex_percent}% de vértices semelhantes (pontuação: {score}).
Common.UGCValidation.ErrorLabel.AccessoryAttachmentOutOfBounds,O anexo de acessório '{AttachmentName}' em '{PartName}' deve ser posicionado próximo à superfície da malha. A posição atual [{CurrentPosition}] está fora da região válida. Mova-o para mais perto de [{ClosestValidPosition}].
Common.UGCValidation.ErrorLabel.AccessorySkinning_ExtraJoint,"A alça está aplicada à articulação {jointName}, que não faz parte do esquema permitido. Apenas articulações R15 padrão e articulações de transferência de skinning são permitidas."
Common.UGCValidation.ErrorLabel.AccessorySkinning_MissingTransferJoint,"{assetType} deve usar transferência de skinning, mas está faltando a articulação obrigatória {requiredJointName}."
Common.UGCValidation.ErrorLabel.AccessorySkinning_NotLeaderOrFollower,"A alça está aplicada à articulação {jointName}, mas este ativo deve ser aplicado automaticamente. Você só pode aplicar à {validJointNameList}."
Common.UGCValidation.ErrorLabel.AccessorySkinning_RequiredSkinningTransfer,{assetType} deve usar transferência de skinning. Defina WrapLayer.AutoSkin como EnabledOverride.
Common.UGCValidation.ErrorLabel.AccessorySkinning_RigidIsSkinned,O acessório rígido contém dados de skinning que não são suportados. Certifique-se de que os ossos não sejam importados com a malha
Common.UGCValidation.ErrorLabel.AccessorySkinning_TransferJointWithoutAutoSkin,"A alça contém a articulação {jointName}, que só é permitida quando WrapLayer.AutoSkin está definido como EnabledOverride."
Common.UGCValidation.ErrorLabel.AccessorySkinning_WeightNotFull,Os vértices vinculados a articulações de transferência devem estar com peso total.
Common.UGCValidation.ErrorLabel.AnimationPack_DuplicateAnimationId,O pacote de animações contém o ID de animação duplicado '{animationId}' usado por vários clipes: {instancePaths}. Cada clipe de animação deve fazer referência a um recurso de animação exclusivo.
Common.UGCValidation.ErrorLabel.AnimationPack_InvalidR15AnimChildren,O pacote de animações não contém os tipos de animação esperados: {missingAnimationTypes}. Cada tipo de animação deve ter uma pasta R15Anim contendo exatamente seus filhos StringValue esperados.
Common.UGCValidation.ErrorLabel.Animation_WeightNotPositive,"A animação '{animationName}' tem um valor de peso de {weight}, mas o peso deve ser maior que zero. Corrija a animação."
Common.UGCValidation.ErrorLabel.AssetSchemaMissingItem,Não foi possível encontrar a classe {ExpectedClass} chamada {ExpectedName} dentro de {ParentPath}.
Common.UGCValidation.ErrorLabel.AssetSchemaUnexpectedItems,As seguintes instâncias não fazem parte do esquema aprovado e devem ser removidas: {UnexpectedDescendantPaths}.
Common.UGCValidation.ErrorLabel.AssetSchemaWrongRootClass,"O ativo enviado deve ser um {ExpectedClass}, mas é um {RootClass}."
Common.UGCValidation.ErrorLabel.AssetSchemaWrongRootName,"O ativo enviado deve ter o nome {ExpectedClass}, mas tem {RootClass}."
Common.UGCValidation.ErrorLabel.ContentNotEditable,{InstanceFullName}.{FieldName} ainda possui conteúdo editável não salvo. Salve-o como um recurso antes de publicar e tente novamente.
Common.UGCValidation.ErrorLabel.CurveAnim_BodyPartHasPosition,A parte do corpo '{bodyPartName}' em CurveAnimation tem uma trilha de Posição (translação). As partes do corpo da animação só podem ser giradas; as trilhas de posição não são permitidas. Remova a trilha de Posição dessa parte do corpo.
Common.UGCValidation.ErrorLabel.CurveAnim_BodyPartTranslationExceedsThreshold,"A parte do corpo ""{bodyPartName}"" na CurveAnimation se move {distance} rebites da sua posição inicial. A translação máxima permitida é de {maxDistance} rebites. Reduza o movimento posicional da parte do corpo."
Common.UGCValidation.ErrorLabel.CurveAnim_BodyPartWithBoneHasPosition,"A CurveAnimation contém ossos HRD/DRD, e a parte do corpo '{bodyPartName}' tem uma faixa de Posição (translação). Quando algum osso está presente na animação, nenhuma parte do corpo pode transladar, para evitar a separação da articulação. Remova todas as faixas de Posição das partes do corpo."
Common.UGCValidation.ErrorLabel.CurveAnim_BonePositionNotAllowed,O osso {boneName} em CurveAnimation tem uma faixa de Posição (translação). Os ossos HRD/DRD só podem ser girados; as faixas de posição causam separação das articulações e não são permitidas. Remova a animação de posição desse osso.
Common.UGCValidation.ErrorLabel.CurveAnim_BoneTranslationExceedsThreshold,"O osso ""{boneName}"" na CurveAnimation se move {distance} rebites da sua posição inicial. A translação máxima permitida é de {maxDistance} rebites. Reduza o movimento posicional do osso."
Common.UGCValidation.ErrorLabel.CurveAnim_BonesNotAllowed,A CurveAnimation contém pastas de ossos HRD/DRD que ainda não são compatíveis. Remova todas as subpastas de ossos antes de fazer o upload.
Common.UGCValidation.ErrorLabel.CurveAnim_BoundsExceeded,As partes do corpo em uma CurveAnimation não podem estar a menos de {minHeight} rebites ou a mais de {maxDistance} rebites da HumanoidRootPart. Corrija a animação.
Common.UGCValidation.ErrorLabel.CurveAnim_ChildrenOnMarkerOrRig,Os elementos filhos MarkerCurves e AnimationRigData de CurveAnimation não podem ter elementos filhos
Common.UGCValidation.ErrorLabel.CurveAnim_ContainsScripts,"A hierarquia de CurveAnimation contém Scripts, LocalScripts ou ModuleScripts. Remova-os."
Common.UGCValidation.ErrorLabel.CurveAnim_FetchFailed,Falha ao carregar os dados de CurveAnimation. O elemento de animação pode ser inválido ou estar inacessível.
Common.UGCValidation.ErrorLabel.CurveAnim_InvalidBodyPartHierarchy,"A CurveAnimation contém a pasta de parte do corpo {folderName}, que possui uma hierarquia inválida (possui pastas filhas que não são permitidas ou que foram configuradas incorretamente)"
Common.UGCValidation.ErrorLabel.CurveAnim_InvalidBoneName,"A pasta '{boneName}' em CurveAnimation não é um nome de osso HRD/DRD reconhecido. As subpastas de animação devem ser partes do corpo R15 válidas ou nomes de ossos reconhecidos (por exemplo, HeadBase, Spine, Chest, LeftClavicle, RightClavicle, LeftToeBase, RightToeBase ou ossos dos dedos, como LeftHandIndex1)."
Common.UGCValidation.ErrorLabel.CurveAnim_InvalidCurveData,A CurveAnimation contém Curvas com Tempo ou Valor inválidos. Corrija a animação.
Common.UGCValidation.ErrorLabel.CurveAnim_InvalidInstanceTypes,A hierarquia CurveAnimation só pode conter {allowedTypes}. Remova quaisquer outros tipos de instância.
Common.UGCValidation.ErrorLabel.CurveAnim_InvalidLength,A CurveAnimation deve ter entre {minLength} e {maxLength} segundos de duração. Corrija a animação.
Common.UGCValidation.ErrorLabel.CurveAnim_InvalidMarkerData,"A CurveAnimation contém MarkerCurves com Tempo ou Valor inválidos, ou o Valor é muito longo. Corrija a animação."
Common.UGCValidation.ErrorLabel.CurveAnim_InvalidNumericalData,A CurveAnimation contém Curvas com dados numéricos inválidos. Corrija a animação.
Common.UGCValidation.ErrorLabel.CurveAnim_InvalidRigData,O AnimationRigData não passou na validação interna. Confirme se o AnimationRigData está configurado corretamente.
Common.UGCValidation.ErrorLabel.CurveAnim_InvalidRigDataR15Plus,O AnimationRigData não passou na validação interna R15+. Confirme se o AnimationRigData está configurado corretamente para animações de ossos.
Common.UGCValidation.ErrorLabel.CurveAnim_InvalidTags,A CurveAnimation só pode conter um marcador de tempo. Remova todos os outros marcadores.
Common.UGCValidation.ErrorLabel.CurveAnim_JointRotationExceeded,"Na CurveAnimation, no tempo de {time} segundos, a articulação {bodyPart} tem um ângulo de rotação de {rotation} graus em relação à pose de repouso. O máximo permitido é {maxRotation} graus. Corrija a animação."
Common.UGCValidation.ErrorLabel.CurveAnim_KeysTooClose,A CurveAnimation contém Curvas {curvePath} com chaves que estão muito próximas no tempo para uma animação com no máximo {maxFPS} fps. Corrija a animação.
Common.UGCValidation.ErrorLabel.CurveAnim_LoopingNotEnabled,A CurveAnimation '{animationName}' não tem Loop ativado. As animações carregadas no mercado devem ser em loop. Ative a propriedade de Loop.
Common.UGCValidation.ErrorLabel.CurveAnim_MultipleBodyRoots,A CurveAnimation contém mais de uma pasta filha de parte do corpo ou HumanoidRootPart. Confirme se há apenas uma pasta filha com o nome de uma parte do corpo ou HumanoidRootPart.
Common.UGCValidation.ErrorLabel.CurveAnim_MultipleRigData,A CurveAnimation contém mais de um elemento filho de AnimationRigData. Confirme se há apenas um elemento filho de AnimationRigData.
Common.UGCValidation.ErrorLabel.CurveAnim_NegativeKeyTime,A CurveAnimation contém Curvas {curvePath} com uma chave que tem um tempo negativo. Corrija a animação.
Common.UGCValidation.ErrorLabel.CurveAnim_NoBodyRoot,A CurveAnimation não contém nenhuma pasta filha de parte do corpo ou HumanoidRootPart. Confirme se há uma (e apenas uma) pasta filha com o nome de uma parte do corpo ou HumanoidRootPart.
Common.UGCValidation.ErrorLabel.CurveAnim_NoJointManipulation,A CurveAnimation não contém nenhuma manipulação de articulação.
Common.UGCValidation.ErrorLabel.CurveAnim_NoRigData,A CurveAnimation não contém nenhum elemento filho de AnimationRigData. Confirme se há um (e apenas um) elemento filho de AnimationRigData.
Common.UGCValidation.ErrorLabel.CurveAnim_NotCurveAnimation,A animação referenciada não é uma CurveAnimation. Confirme se a animação foi carregada corretamente.
Common.UGCValidation.ErrorLabel.CurveAnim_PartTooFar,"Na CurveAnimation, no tempo de {time} segundos, a parte do corpo {bodyPart} está a {distance} rebites da HumanoidRootPart. As partes do corpo não podem estar a mais de {maxDistance} rebites da HumanoidRootPart. Corrija a animação."
Common.UGCValidation.ErrorLabel.CurveAnim_PartTooLow,"Na CurveAnimation, no tempo de {time} segundos, a parte do corpo {bodyPart} está a uma altura de {height} rebites da HumanoidRootPart. As partes do corpo não podem estar a menos de {minHeight} rebites da HumanoidRootPart. Corrija a animação."
Common.UGCValidation.ErrorLabel.CurveAnim_PositionSeparation,A CurveAnimation contém separação posicional das partes do corpo. Apenas a LowerTorso pode mudar de posição. Todas as outras partes do corpo só podem mudar de orientação. {bodyPart} se move mais de {maxMovement} rebites em relação ao seu elemento pai. Corrija a animação.
Common.UGCValidation.ErrorLabel.CurveAnim_RotationTooFast,"Na CurveAnimation, no tempo de {time} segundos, a parte do corpo {bodyPart} está se movendo a uma velocidade de rotação de {speed} graus/segundo. A velocidade máxima de graus/segundo é {maxSpeed}. Corrija a animação."
Common.UGCValidation.ErrorLabel.CurveAnim_SpeedTooFast,"Na CurveAnimation, no tempo de {time} segundos, a parte do corpo {bodyPart} está se movendo a uma velocidade de {speed} rebites/segundo. A velocidade máxima de rebites/segundo é {maxSpeed}. Corrija a animação."
Common.UGCValidation.ErrorLabel.CurveAnim_SpeedTooFastLegacy,A parte do corpo {bodyPart} na CurveAnimation se move mais de {maxMovement} rebites entre os quadros. Corrija a animação.
Common.UGCValidation.ErrorLabel.CurveAnim_TooManyDescendants,A CurveAnimation tem {count} descendentes. O máximo permitido é {maxAllowed}. Reduza o número de descendentes.
Common.UGCValidation.ErrorLabel.CurveAnim_TooManyKeys,A CurveAnimation contém Curvas com chaves em excesso. O máximo por Curva é {maxAllowed}. Corrija a animação.
Common.UGCValidation.ErrorLabel.CurveAnim_TooManyMarkerCurves,A CurveAnimation contém mais de {maxAllowed} MarkerCurve(s). Confirme se não há mais de {maxAllowed} MarkerCurve(s) descendente(s).
Common.UGCValidation.ErrorLabel.CurveAnim_TooManyMarkers,A CurveAnimation contém uma MarkerCurve com {count} marcadores. O máximo por MarkerCurve é {maxAllowed}. Corrija a animação.
Common.UGCValidation.ErrorLabel.CurveAnim_UnexpectedChild,A CurveAnimation contém um elemento filho inesperado: {childName} 
Common.UGCValidation.ErrorLabel.DynamicHeadCageMisaligned,As cabeças dinâmicas disponíveis no mercado devem ser devidamente organizadas em gaiolas para que os vértices dos olhos e da boca na gaiola estejam alinhados com os vértices da malha. Aprimore a organização em gaiolas e seu alinhamento com a malha.
Common.UGCValidation.ErrorLabel.DynamicHeadHappyNotShown,Não é possível identificar a expressão de sorriso para a cabeça dinâmica. Ajuste os pontos de referência da gaiola para que a boca corresponda ao local da boca na cabeça e confira se ela pode mostrar a expressão de sorriso.
Common.UGCValidation.ErrorLabel.DynamicHeadLeftEyeNotClose,Não é possível identificar a expressão de olho esquerdo fechado para a cabeça dinâmica. Ajuste os pontos de referência da gaiola para que o olho esquerdo corresponda ao local do olho esquerdo na cabeça e confira se ele pode se fechar.
Common.UGCValidation.ErrorLabel.DynamicHeadMISSINGCAGE,As cabeças dinâmicas disponíveis no mercado não têm gaiolas de cabeça. Crie uma gaiola de cabeça para a cabeça dinâmica.
Common.UGCValidation.ErrorLabel.DynamicHeadMouthNotOpen,Não é possível identificar a expressão de boca aberta para a cabeça dinâmica. Ajuste os pontos de referência da gaiola para que a boca corresponda ao local da boca na cabeça e confira se ela pode abrir.
Common.UGCValidation.ErrorLabel.DynamicHeadNOFACS,"As cabeças dinâmicas disponíveis no mercado devem ser animadas, mas esta cabeça não tem dados do SCAF (Sistema de Codificação de Ações Faciais)."
Common.UGCValidation.ErrorLabel.DynamicHeadRightEyeNotClose,Não é possível identificar a expressão de olho direito fechado para a cabeça dinâmica. Ajuste os pontos de referência da gaiola para que o olho direito corresponda ao local do olho direito na cabeça e confira se ele pode se fechar.
Common.UGCValidation.ErrorLabel.DynamicHeadSadNotShown,Não é possível identificar a expressão de careta para a cabeça dinâmica. Ajuste os pontos de referência da gaiola para que a boca corresponda ao local da boca na cabeça e confira se ela pode mostrar a expressão de careta.
Common.UGCValidation.ErrorLabel.EmissiveMap_NotAllowed,Este ativo usa mapas emissivos que só estão disponíveis para criadores no Programa de Criadores Confiáveis. Remova todo o conteúdo do mapa emissivo ou participe do programa para enviar.
Common.UGCValidation.ErrorLabel.EmoteAnimation_InvalidMaxPartTranslationAttribute,A animação publicada não tem um valor válido de translação máxima da parte. Publique a animação novamente.
Common.UGCValidation.ErrorLabel.EmoteAnimation_InvalidUGCAttribute,A animação publicada não tem um marcador de emote UGC válido. Publique a animação novamente.
Common.UGCValidation.ErrorLabel.EmoteAnimation_MaxPartTranslationCalcFailed,Não foi possível calcular a translação máxima da parte a partir dos dados da animação publicada. Publique a animação novamente.
Common.UGCValidation.ErrorLabel.EmoteAnimation_MaxPartTranslationMismatch,"A animação publicada indica uma translação máxima da parte de {taggedTranslation} rebites, mas seus dados de animação resultam em {calculatedTranslation} rebites. Publique a animação novamente."
Common.UGCValidation.ErrorLabel.FaceControlsOverrideFACSNotEmpty,A propriedade InternalOverrideFACSData em FaceControls deve estar vazia no envio.
Common.UGCValidation.ErrorLabel.FacsExpandsHead,"Foi detectado que o SCAF - Sistema de Codificação de Ações Faciais expandiu sua cabeça para {modPercent}%, mas alterar a cabeça é contra a política do mercado para animações faciais."
Common.UGCValidation.ErrorLabel.FacsShrinksHead,"Foi detectado que o SCAF - Sistema de Codificação de Ações Faciais encolheu sua cabeça para {modPercent}%, mas alterar a cabeça é contra a política do mercado para animações faciais."
Common.UGCValidation.ErrorLabel.FailureWithoutReason,A validação fracassou por um motivo desconhecido. Tente novamente ou abra um relatório de bug se o problema persistir.
Common.UGCValidation.ErrorLabel.FolderStructureMismatch,O formato de upload não corresponde à estrutura de pastas esperada. Tente novamente ou relate um bug.
Common.UGCValidation.ErrorLabel.HeadNotDynamic,"As cabeças dinâmicas disponíveis no mercado devem ser configuradas para animar direito os principais movimentos faciais, mas nossa detecção não notou nenhuma alteração substancial."
Common.UGCValidation.ErrorLabel.HrdBone_OutOfBounds,O osso {bonePath} está longe demais da parte da malha {partName}. Posicione-o mais próximo do limite de tamanho da parte da malha.
Common.UGCValidation.ErrorLabel.HrdBone_TooCloseToParent,O osso {bonePath} está próximo demais do seu pai. Ajuste um pouco a posição do osso.
Common.UGCValidation.ErrorLabel.HrdBone_TransformNotIdentity,"O osso {bonePath} tem uma propriedade de transformação, mas ela ainda não está habilitada para fazer upload no mercado. Redefina-a para o CFrame de identidade."
Common.UGCValidation.ErrorLabel.HrdCheck_BoneNotMappedInHRD,"O osso {boneName} é permitido, mas você deve mapeá-lo explicitamente em HumanoidRigDescription ou DigitsRigDescription."
Common.UGCValidation.ErrorLabel.HrdCheck_BoneWithoutHrd,"Osso encontrado em {bonePath}, mas você deve usar HumanoidRigDescription para usar ossos."
Common.UGCValidation.ErrorLabel.HrdCheck_DrdInvalidSide,"A DigitsRigDescription dentro de {partName} deveria ser para o lado {expectedSide}, mas o valor da propriedade é {foundSide}."
Common.UGCValidation.ErrorLabel.HrdCheck_DrdWithoutHrd,Você não pode incluir um DigitsRigDescription sem um HumanoidRigDescription
Common.UGCValidation.ErrorLabel.HrdCheck_DuplicateInstance,"A instância {instName} aparece mais de uma vez, mas só pode existir uma vez dentro de uma hierarquia de ossos."
Common.UGCValidation.ErrorLabel.HrdCheck_ImproperParent,"A instância {instName} está abaixo de {parentName}, mas, com base nos seus ossos existentes, ela deveria estar abaixo de {expectedParentName}."
Common.UGCValidation.ErrorLabel.HrdCheck_TempR15BonesUploadNotAllowed,A HumanoidRigDescription e os ossos adicionais ainda não estão habilitados para uploads de corpo.
Common.UGCValidation.ErrorLabel.HrdCheck_UndefinedInstanceInBoneTree,"A instância {instName} da classe {className} está em uma árvore de ossos, mas não faz parte do esquema R15plus definido."
Common.UGCValidation.ErrorLabel.HrdImproperJointMapping,A articulação opcional {jointName} está mapeada incorretamente no HRD. Ela deve ser mapeada para um osso chamado {boneName}.
Common.UGCValidation.ErrorLabel.HrdMissingStandardJoint,"A articulação {jointName} é uma articulação R15 padrão, mas o anexo da plataforma não está conectado ao HRD. Verifique se o HRD do seu avatar está vinculado a um AttachmentConstraint em vez de um Motor6d."
Common.UGCValidation.ErrorLabel.HrdProperties_MinAboveMax,"{jointName} tem um intervalo definido no HRD, mas há um componente no intervalo mínimo que é maior do que o intervalo máximo, o que não é um intervalo válido."
Common.UGCValidation.ErrorLabel.HrdProperties_OriginOutsideBounds,O HumanoidRigDescription tem um originOffset fora dos limites. O OriginOffset não deve ter rotação e deve estar entre {valueMin} e {valueMax}.
Common.UGCValidation.ErrorLabel.HrdProperties_PropertyOutOfRange,{jointName} {propertyName} está definido no HRD/DRD como {currentValue}. O intervalo aceitável é de {valueMin} a {valueMax}.
Common.UGCValidation.ErrorLabel.HrdProperties_UncontainedJoint,"A propriedade do HRD {jointName} está sendo usada por uma instância dentro de {foundMeshName}, mas não faz parte da lista de propriedades válidas. Se você estiver publicando pelo Studio e tiver apenas o HRD/DRD no nível do avatar, envie um relatório de erro."
Common.UGCValidation.ErrorLabel.HrdTposePosition,A articulação {jointName} tem uma posição de TposeAdjustment fora dos limites aceitáveis. Reduza o deslocamento para que fique entre +-({offsetLimit}).
Common.UGCValidation.ErrorLabel.HrdTposeRotation,A articulação {jointName} tem um TposeAdjustment que se desvia mais de {degLimit} graus da orientação recomendada de {expectedOrientation}.
Common.UGCValidation.ErrorLabel.InstanceTagsFound,"As seguintes instâncias têm marcadores, mas os ativos do marketplace não podem ter nenhum: {ProblematicDescendantPaths}."
Common.UGCValidation.ErrorLabel.InternalError,"Não foi possível validar seu ativo corretamente devido a um erro interno. Se o problema persistir, crie um relatório de bug. ValidationJobId: {ValidationJobId}"
Common.UGCValidation.ErrorLabel.JointRotAtt_Moved,"A jointRotation {instPath} foi movida, mas os uploads no mercado podem não ter ajustado essa instância ainda. Redefina a posição para {expectedPosition}."
Common.UGCValidation.ErrorLabel.JointRotAtt_MultipleAttachments,A instância {parentPath} não pode ter mais de 1 filho JointRotation.
Common.UGCValidation.ErrorLabel.JointRotAtt_Rotated,"A jointRotation {instPath} foi girada, mas os uploads no mercado podem não ter ajustado essa instância ainda. Redefina a orientação para {expectedOrientation}."
Common.UGCValidation.ErrorLabel.JointRotAtt_UnrecognizedParent,"A instância {parentPath} tem um filho JointRotation, mas ele não faz parte do esquema R15plus permitido."
Common.UGCValidation.ErrorLabel.JointRotAtt_WrongInstanceClass,"A instância {instPath} é chamada de JointRotation, mas JointRotation é reservado para anexos que são filhos de outro anexo."
Common.UGCValidation.ErrorLabel.LCDeformTooLarge,Suas roupas em camadas estão se deformando além do tamanho aceitável de {maxSize} quando colocadas em um avatar.
Common.UGCValidation.ErrorLabel.LeaderVertsNearCageIslands,Os cílios têm vértices associados ao RBX_Leader que estão muito distantes dos pontos de referência dos olhos na estrutura interna. Veja se todos os vértices associados ao RBX_Leader estão posicionados mais próximos da área dos olhos na estrutura interna
Common.UGCValidation.ErrorLabel.MeasureCageMeshDistanceAvatar_CageInsideMesh,A gaiola do corpo se cruza com a malha do corpo. {negtiveSDFPercent}% dos vértices da gaiola do corpo estão dentro da malha do corpo.
Common.UGCValidation.ErrorLabel.MeasureCageMeshDistanceAvatar_CageTooFar,"A gaiola da cabeça está longe demais da malha da cabeça. A distância máxima entre a gaiola da cabeça e a malha é de {max_sdf}, o que está acima do limite permitido de {max_sdf_threshold}"
Common.UGCValidation.ErrorLabel.MeasureCageMeshDistanceHead_CageInsideMesh,A gaiola da cabeça se cruza com a malha da cabeça. {negtiveSDFPercent}% dos vértices da gaiola da cabeça estão dentro da malha da cabeça.
Common.UGCValidation.ErrorLabel.MeasureCageMeshDistanceHead_CageTooFar,"A gaiola da cabeça está longe demais da malha da cabeça. A distância máxima entre a gaiola da cabeça e a malha é de {max_sdf}, o que está acima do limite permitido. {max_sdf_threshold}"
Common.UGCValidation.ErrorLabel.MeasureCageMeshDistance_CageInsideMesh,A gaiola externa se cruza com a malha de renderização. {negtiveSDFPercent}% dos vértices da gaiola externa estão dentro da malha de renderização.
Common.UGCValidation.ErrorLabel.MeasureCageMeshDistance_CageTooFar,"A gaiola externa está longe demais da malha de renderização. A distância máxima entre a gaiola externa e a malha é de {max_sdf}, o que está acima do limite permitido de {max_sdf_threshold}"
Common.UGCValidation.ErrorLabel.MeasureCageRelevancy,{outer_cage_face_irrelevant_percent}% dos vértices da gaiola externa modificados não cobrem o acessório. Só mova a gaiola externa quando necessário.
Common.UGCValidation.ErrorLabel.MeasureCageUV,Há {incorrect_uv_count} valores UV na gaiola {cage_name} que estão incorretos ou não pertencem ao modelo. Corrija o UV da gaiola.
Common.UGCValidation.ErrorLabel.MeasureMeshOutsideOuterCage,{mesh_outside_outer_cage_percent}% dos vértices da malha do acessório estão fora da gaiola externa. Ajuste para que uma parte maior do acessório fique entre as gaiolas.
Common.UGCValidation.ErrorLabel.MeshPartBounds_TooLarge,"A dimensão da malha de {partName} no eixo {axis}, de '{currentSize}' rebites, é maior que a dimensão máxima permitida para uma peça individual, de '{maxSize}' rebites. Reduza a escala da malha."
Common.UGCValidation.ErrorLabel.MeshPartBounds_TooSmall,"A dimensão da malha de {partName} no eixo {axis}, de '{currentSize}' rebites, é menor que a dimensão mínima permitida para uma peça individual, de '{minSize}' rebites. Aumente a escala da malha."
Common.UGCValidation.ErrorLabel.MissingRequiredAttachment,O anexo {attName} deve existir exatamente uma vez dentro dos descendentes de {partName}.
Common.UGCValidation.ErrorLabel.NoAttributes,"""{RootInstanceName}"" (ou seus descendentes) contêm Atributos. Você precisa remover os Atributos do seguinte: {InstanceNameList}"
Common.UGCValidation.ErrorLabel.PropertiesNotSensible,{ClassName} '{InstancePath}' tem propriedades inválidas: {ProblematicProperties}. Um limite de bytes mostrado foi excedido (um limite de 0 significa que a propriedade deve estar vazia); qualquer outra propriedade contém valores NaN/Inf ou excede o limite de tamanho padrão.
Common.UGCValidation.ErrorLabel.RigAttachmentOutOfBounds,"O anexo de rig '{AttachmentName}' em '{PartName}' deve ser posicionado próximo ao limite da articulação, onde essa parte do corpo se conecta a uma parte adjacente. A posição atual [{CurrentPosition}] está longe demais do plano de conexão. Mova-o para mais perto de [{ClosestValidPosition}]."
Common.UGCValidation.ErrorLabel.SelectionCountNotOne,"Para fazer upload de um ativo no Roblox, você deve selecionar exatamente 1 instância e o tipo de upload associado."
Common.UGCValidation.ErrorLabel.SerializedAssetTooLarge,Este ativo é muito grande para ser carregado ({sizeBytes} bytes excedem o máximo de {maxSizeBytes} bytes). Reduza seu tamanho e tente novamente.
Common.UGCValidation.ErrorLabel.TagsFoundOnSingleInstance,A instância {ProblematicDescendantPath} não deve ter marcadores.
Common.UGCValidation.ErrorLabel.TestWorkflowMessageV2,Segunda string de erro de teste usada para verificar o fluxo completo de sincronização de tradução Hub-first.
Common.UGCValidation.ErrorLabel.UnallowedFacsJoints,"A parte da malha da cabeça tem animações faciais para {jointName}, que não podem ser usadas em SCAF - Sistema de Codificação de Ações Faciais. Renomeie essa articulação e importe sua cabeça novamente."
Common.UGCValidation.ErrorLabel.UnallowedJointSkinned,"A parte do corpo {partName} tem a skin aplicada à articulação virtual {jointName}, que não faz parte do esquema R15plus."
Common.VerifiedParentalConsent.Action.Cancel,
Common.VerifiedParentalConsent.Action.Close,
Common.VerifiedParentalConsent.Action.GoToSettings,Ir para configurações
Common.VerifiedParentalConsent.Description.SpendingRestrictionWithSettings,"Devido a restrições regionais, você precisa da permissão de seu responsável para fazer uma compra. Peça permissão aos seus responsáveis em Configurações > Gastos."
Common.VerifiedParentalConsent.Description.SpendingRestrictionWithoutSettings,"Devido a restrições regionais, você precisa de permissão dos responsáveis para fazer uma compra. Por favor visite o site da web ou um dispositivo companheiro para pedir permissão ao seu responsável em Configurações > Gastos."
Common.VerifiedParentalConsent.Label.AskParent,Pergunte ao seu responsável
Common.VisitGame.Label.Play,Entrar
CommonUI.Controls.Action.Accept,Aceitar
CommonUI.Controls.Action.Apply,Aplicar
CommonUI.Controls.Action.Back,Voltar
CommonUI.Controls.Action.Cancel,
CommonUI.Controls.Action.Confirm,Confirmar
CommonUI.Controls.Action.Continue,
CommonUI.Controls.Action.Done,Pronto
CommonUI.Controls.Action.Next,Próximo
CommonUI.Controls.Action.OK,OK
CommonUI.Controls.Action.Refresh,Atualizar
CommonUI.Controls.Action.ResetAll,Redefinir tudo
CommonUI.Controls.Action.Search,Pesquisar
CommonUI.Controls.Action.ShowMore,Mostrar mais
CommonUI.Controls.Action.Submit,Enviar
CommonUI.Controls.Action.Yes,Sim
CommonUI.Controls.Birthdaypicker.Label.Date,Data
CommonUI.Controls.Input.Optional,{inputLabel} (opcional)
CommonUI.Controls.Label.April,Abril
CommonUI.Controls.Label.AprilAbbreviated,Abr.
CommonUI.Controls.Label.August,Agosto
CommonUI.Controls.Label.AugustAbbreviated,Ago.
CommonUI.Controls.Label.Day,Dia
CommonUI.Controls.Label.December,Dezembro
CommonUI.Controls.Label.DecemberAbbreviated,Dez.
CommonUI.Controls.Label.February,Fevereiro
CommonUI.Controls.Label.FebruaryAbbreviated,Fev.
CommonUI.Controls.Label.Friday,Sexta-feira
CommonUI.Controls.Label.FridayAbbreviated,Sex
CommonUI.Controls.Label.InvalidDateFormat,Formato de data inválido
CommonUI.Controls.Label.January,Janeiro
CommonUI.Controls.Label.JanuaryAbbreviated,Jan.
CommonUI.Controls.Label.July,Julho
CommonUI.Controls.Label.June,Junho
CommonUI.Controls.Label.LastWeek,Semana passada
CommonUI.Controls.Label.LastYear,Ano passado
CommonUI.Controls.Label.March,Março
CommonUI.Controls.Label.MarchAbbreviated,Mar.
CommonUI.Controls.Label.May,Maio
CommonUI.Controls.Label.Monday,Segunda-feira
CommonUI.Controls.Label.MondayAbbreviated,Seg
CommonUI.Controls.Label.November,Novembro
CommonUI.Controls.Label.NovemberAbbreviated,Nov.
CommonUI.Controls.Label.October,Outubro
CommonUI.Controls.Label.OctoberAbbreviated,Out.
CommonUI.Controls.Label.PageCount,{current:int} de {total:int}
CommonUI.Controls.Label.Saturday,Sábado
CommonUI.Controls.Label.SaturdayAbbreviated,Sáb
CommonUI.Controls.Label.SelectDate,Selecionar data
CommonUI.Controls.Label.SelectTheTime,Selecione o horário
CommonUI.Controls.Label.September,Setembro
CommonUI.Controls.Label.SeptemberAbbreviated,Set.
CommonUI.Controls.Label.Sunday,Domingo
CommonUI.Controls.Label.SundayAbbreviated,Dom
CommonUI.Controls.Label.ThisMonth,Este mês
CommonUI.Controls.Label.ThisWeek,Esta semana
CommonUI.Controls.Label.ThisYear,Este ano
CommonUI.Controls.Label.Thursday,Quinta-feira
CommonUI.Controls.Label.ThursdayAbbreviated,Qui
CommonUI.Controls.Label.Today,Hoje
CommonUI.Controls.Label.Tuesday,Terça-feira
CommonUI.Controls.Label.TuesdayAbbreviated,Ter
CommonUI.Controls.Label.Wednesday,Quarta-feira
CommonUI.Controls.Label.WednesdayAbbreviated,Qua
CommonUI.Controls.Label.Year,Ano
CommonUI.Controls.NoResultsFound,Nenhum resultado encontrado
CommonUI.Features.Action.Close,
CommonUI.Features.Action.Continue,
CommonUI.Features.Action.LearnMore,
CommonUI.Features.Action.LessLowercase,menos
CommonUI.Features.Action.MoreLowercase,mais
CommonUI.Features.Action.Send,
CommonUI.Features.Label.About,Sobre
CommonUI.Features.Label.AcceptConnection,Aceitar conexão
CommonUI.Features.Label.AcceptFriend,Aceitar amigo
CommonUI.Features.Label.Add,Adicionar
CommonUI.Features.Label.AddConnection,Adicionar conexão
CommonUI.Features.Label.AddConnections,Adicionar conexões
CommonUI.Features.Label.AddFriend,Adicionar amigo
CommonUI.Features.Label.Badges,Emblemas
CommonUI.Features.Label.Charts,Destaques
CommonUI.Features.Label.Chat,Chat
CommonUI.Features.Label.Connect,Amizades
CommonUI.Features.Label.Connection,Conexão
CommonUI.Features.Label.Connections,Conexões
CommonUI.Features.Label.ControllerBar.HoldPrefix,Segure
CommonUI.Features.Label.ControllerBar.Search,
CommonUI.Features.Label.ControllerBar.ToPlaySuffix,para jogar
CommonUI.Features.Label.CreateGames,Criar
CommonUI.Features.Label.Friends,
CommonUI.Features.Label.Game,Experiências
CommonUI.Features.Label.GiftCards,Compre cartões presente
CommonUI.Features.Label.Groups,Comunidades
CommonUI.Features.Label.HelpAndSafety,Ajuda e Segurança
CommonUI.Features.Label.Home,Início
CommonUI.Features.Label.Inventory,Inventário
CommonUI.Features.Label.InviteConnections,Convidar conexões
CommonUI.Features.Label.Learn,Aprenda
CommonUI.Features.Label.Messages,Mensagens
CommonUI.Features.Label.Moments,Momentos
CommonUI.Features.Label.More,Mais
CommonUI.Features.Label.Premium,Premium
CommonUI.Features.Label.Privacy,Privacidade
CommonUI.Features.Label.PrivacyPolicy,
CommonUI.Features.Label.Profile,Perfil
CommonUI.Features.Label.RM,
CommonUI.Features.Label.Redeem,Resgatar códigos
CommonUI.Features.Label.RemoveConnection,Excluir amizade
CommonUI.Features.Label.ReportLogs,Registros de relatório
CommonUI.Features.Label.ReportLogsSentenceCase,Enviar relatório
CommonUI.Features.Label.Sent,Enviado
CommonUI.Features.Label.Settings,
CommonUI.Features.Label.Terms,Termos
CommonUI.Features.Label.TermsOfUse,Termos de Uso
CommonUI.Features.Label.Thanks,Obrigado
CommonUI.Features.Label.TheHunt,Eventos da Roblox
CommonUI.Features.Label.Trades,Trocas
CommonUI.Features.Label.Unchecked,Não verificada
CommonUI.Features.Label.X,Roblox Plus
CommonUI.Features.Label.sGroups,
CommonUI.Features.Labels.ConnectTo,Conectar-se com
CommonUI.Features.Labels.Retry,
CommonUI.Features.NavBar.Build,Construir
CommonUI.Features.StudioCTA.Tooltip.Body,Baixe o Studio DE GRAÇA!
CommonUI.Features.StudioCTA.Tooltip.Title,Comece a criar na Roblox
CommonUI.Messages.Action.Apply,
CommonUI.Messages.Action.Dismiss,Descartar
CommonUI.Messages.Action.OK,
CommonUI.Messages.Action.Reset,Redefinir
CommonUI.Messages.Response.NoResults,Nenhum resultado
CommonUI.Messages.Response.PageError,Erro ao carregar página
CommonUI.Messages.Response.SomethingWentWrong,
CommonUI.Messages.SystemMessage.AndroidDeprecationBodyPhase1,"Em um futuro próximo, o aplicativo Roblox não suportará mais Android 6 e 7. Atualize seu dispositivo para Android 8 ou superior para continuar a jogar."
CommonUI.Messages.SystemMessage.AndroidDeprecationBodyPhase2,"A partir de {date}, o aplicativo Roblox não suportará mais Android 6 e 7. Por favor, atualize seu dispositivo para Android 8 ou superior para continuar a jogar."
CommonUI.Messages.SystemMessage.AndroidDeprecationBodyPhase2Fallback,"A partir de 19 de julho de 2025, o aplicativo Roblox não suportará mais Android 6 e 7. Por favor, atualize seu dispositivo para Android 8 ou superior para continuar a jogar."
CommonUI.Messages.SystemMessage.AndroidDeprecationBodyPhase3,"O aplicativo Roblox não suporta mais Android 6 e 7. Por favor, atualize seu dispositivo para Android 8 ou superior para continuar a jogar."
CommonUI.Messages.SystemMessage.AndroidDeprecationSystemRequirementsLinkLabel,Requisitos de sistema móvel
CommonUI.Messages.SystemMessage.AndroidDeprecationTitlePhase1,Ação necessária: Atualize seu dispositivo
CommonUI.Messages.SystemMessage.AndroidDeprecationTitlePhase2,
CommonUI.Messages.SystemMessage.AndroidDeprecationTitlePhase3,
CommonUI.Messages.SystemMessage.DeprecationMobileSystemRequirementsLinkLabel,
CommonUI.Messages.SystemMessage.DeprecationTitle,
CommonUI.Messages.SystemMessage.IosDeprecationBodyPhase1,"Em breve, o aplicativo Roblox não suportará mais o iOS 13. Atualize seu dispositivo para iOS 14 ou superior para continuar a jogar."
CommonUI.Messages.SystemMessage.IosDeprecationBodyPhase2Fallback,"A partir de 5 de junho de 2026, o aplicativo Roblox não suportará mais o iOS 13. Atualize seu dispositivo para iOS 14 ou superior para continuar a jogar."
CommonUI.Messages.SystemMessage.IosDeprecationBodyPhase3,"A Roblox não suporta mais o iOS 13. Por favor, atualize seu dispositivo para iOS 14 ou superior para continuar a jogar."
CommonUI.Messages.SystemMessage.PS4onPS5DeprecationBody,Instale e jogue o Roblox recém-lançado para PlayStation®5. O Roblox para PlayStation®4 não estará disponível para jogadores no PlayStation®5 a partir de {date}.
CommonUI.Messages.SystemMessage.PS4onPS5DeprecationTitle,O Roblox agora está disponível para PlayStation®5
CommonUI.Messages.SystemMessage.PS4onPS5HardDeprecationBody,"A versão do Roblox para PlayStation®4 não é mais compatível com o PlayStation®5. Para continuar jogando, baixe o novo aplicativo Roblox para PlayStation®5."
CoreScripts.Ads.Action.Close,
CoreScripts.Ads.ImmersiveBrandedAds.WhyThisAd,Este anúncio não personalizado é visível para os usuários desta experiência. {AdvertiserName} é o anunciante e pagou por este anúncio.
CoreScripts.Ads.Label.IllegalContentReportingLink,Denunciar conteúdo ilegal ou nocivo para crianças
CoreScripts.Ads.Label.InExperienceDisclosureDynamic,"A Roblox não usa informações comportamentais para mandar anúncios. Você está vendo este anúncio com base em informações como o tipo de dispositivo, localização e idade, que são usadas para você que receba anúncios apropriados e relevantes. O anunciante é {AdvertiserName}."
CoreScripts.Ads.Label.InExperienceDisclosureDynamicWithPayer,"A Roblox não usa informações comportamentais para mandar anúncios. Você está vendo esse anúncio com base em informações como o tipo de dispositivo, localização e idade, que são usadas para que você receba anúncios apropriados e relevantes. O anunciante é {AdvertiserName}. O anúncio foi pago por {PayerName}."
CoreScripts.Ads.Label.InExperienceDisclosureStatic,"A Roblox não usa informações comportamentais para mostrar este anúncio. Você está vendo este anúncio com base em informações como o tipo de dispositivo, localização e idade, que são usadas para que você receba anúncios apropriados e relevantes."
CoreScripts.Ads.Label.InappropriateAd,Anúncio inapropriado
CoreScripts.Ads.Label.ReportAd,Denunciar anúncio
CoreScripts.Ads.Label.RewardedVideoEligibleDisclaimer,Este é um anúncio de teste. Anúncios reais serão mostrados em sua experiência.
CoreScripts.Ads.Label.RewardedVideoExitConfirmation,Você está tão perto de ganhar sua recompensa! Tem certeza que deseja sair?
CoreScripts.Ads.Label.RewardedVideoIneligibleDisclaimer,"Este é um anúncio de testes. Anúncios reais não serão mostrados, pois sua experiência não é elegível."
CoreScripts.Ads.Label.SponsoredAds,Patrocinado
CoreScripts.Ads.Label.SponsoredAdsDisclosureStatic,"Experiências patrocinadas são pagas pelos criadores. Para usuários da UE, elas podem ser mostrados para você com base em informações gerais sobre o tipo do seu dispositivo, localização e demografia. Fora da UE, os anúncios podem também ser apresentados com base em informações adicionais."
CoreScripts.Ads.Label.Teleporting,Teleportando...
CoreScripts.Ads.Label.WhyThisAd,Por que estou vendo este anúncio?
CoreScripts.AssetPreviewView.Action.ResetView,Redefinir visualização
CoreScripts.AssetPreviewView.Label.LoadingFailed,Falha no carregamento
CoreScripts.AvatarEditorPrompts.Adding,Adicionando:
CoreScripts.AvatarEditorPrompts.CreateOutfitPromptNo,Não
CoreScripts.AvatarEditorPrompts.CreateOutfitPromptText,Gostaria de salvar este personagem no Roblox? 
CoreScripts.AvatarEditorPrompts.CreateOutfitPromptTitle,Salvar avatar
CoreScripts.AvatarEditorPrompts.CreateOutfitPromptYes,
CoreScripts.AvatarEditorPrompts.DeleteOutfitPromptNo,
CoreScripts.AvatarEditorPrompts.DeleteOutfitPromptText,Gostaria de excluir o personagem {RBX_NAME} da Roblox?
CoreScripts.AvatarEditorPrompts.DeleteOutfitPromptTextNoName,Gostaria de excluir este personagem da Roblox?
CoreScripts.AvatarEditorPrompts.DeleteOutfitPromptTitle,Excluir personagem do avatar
CoreScripts.AvatarEditorPrompts.DeleteOutfitPromptYes,Excluir
CoreScripts.AvatarEditorPrompts.DisabledRenameOutfitPromptOkay,Ok
CoreScripts.AvatarEditorPrompts.DisabledRenameOutfitPromptText,A renomeação de personagens está desativada
CoreScripts.AvatarEditorPrompts.DisabledRenameOutfitPromptTitle,Renomeação de personagem desativada
CoreScripts.AvatarEditorPrompts.EnterOutfitNamePromptNo,
CoreScripts.AvatarEditorPrompts.EnterOutfitNamePromptTitle,Nome do personagem
CoreScripts.AvatarEditorPrompts.EnterOutfitNamePromptYes,
CoreScripts.AvatarEditorPrompts.FavouriteItemPromptNo,
CoreScripts.AvatarEditorPrompts.FavouriteItemPromptText,Você quer adicionar {RBX_NAME} aos seus favoritos?
CoreScripts.AvatarEditorPrompts.FavouriteItemPromptTitle,Adicionar item aos favoritos
CoreScripts.AvatarEditorPrompts.FavouriteItemPromptYes,
CoreScripts.AvatarEditorPrompts.GameNamePlaceHolder,Nome de experiência desconhecido
CoreScripts.AvatarEditorPrompts.InventoryReadAccessPromptNo,
CoreScripts.AvatarEditorPrompts.InventoryReadAccessPromptText,{RBX_NAME} quer acessar os itens de seu avatar
CoreScripts.AvatarEditorPrompts.InventoryReadAccessPromptTitle,Acessar itens?
CoreScripts.AvatarEditorPrompts.InventoryReadAccessPromptYes,
CoreScripts.AvatarEditorPrompts.ItemsListLoadingFailed,
CoreScripts.AvatarEditorPrompts.NoChangedAssets,Sem mudanças nos itens
CoreScripts.AvatarEditorPrompts.OutfitNamePlaceholder,Insira o nome do personagem
CoreScripts.AvatarEditorPrompts.Removing,Removendo:
CoreScripts.AvatarEditorPrompts.RenameOutfitNamePromptTitle,Renomear personagem
CoreScripts.AvatarEditorPrompts.RenameOutfitPromptText,Insira um novo nome para o personagem {RBX_NAME}:
CoreScripts.AvatarEditorPrompts.SaveAvatarPromptNo,
CoreScripts.AvatarEditorPrompts.SaveAvatarPromptText,{RBX_NAME} gostaria de fazer as seguintes mudanças em seu avatar:
CoreScripts.AvatarEditorPrompts.SaveAvatarPromptTitle,Equipar avatar com itens
CoreScripts.AvatarEditorPrompts.SaveAvatarPromptYes,
CoreScripts.AvatarEditorPrompts.UnfavouriteItemPromptText,Você quer remover {RBX_NAME} de seus favoritos?
CoreScripts.AvatarEditorPrompts.UnfavouriteItemPromptTitle,Remover item dos favoritos
CoreScripts.AvatarEditorPrompts.UpdateOutfitPromptNo,
CoreScripts.AvatarEditorPrompts.UpdateOutfitPromptText,Gostaria de atualizar o personagem {RBX_NAME}?
CoreScripts.AvatarEditorPrompts.UpdateOutfitPromptTextNoOutfitName,Gostaria de atualizar o personagem salvo?
CoreScripts.AvatarEditorPrompts.UpdateOutfitPromptTitle,Atualizar personagem?
CoreScripts.AvatarEditorPrompts.UpdateOutfitPromptYes,
CoreScripts.BulkPurchasePrompt.CompletedPrompt.DismissCTA,
CoreScripts.BulkPurchasePrompt.CompletedPrompt.ErrorHeading,Erro na compra
CoreScripts.BulkPurchasePrompt.CompletedPrompt.ErrorPrompt.ErrorReason2SV,A verificação em duas etapas é obrigatória para fazer esta transação. Vá em Configurações > Segurança para completar a verificação em duas etapas.
CoreScripts.BulkPurchasePrompt.CompletedPrompt.ErrorPrompt.ErrorReasonAlreadyOwned,Sua compra não pôde ser concluída porque você já possui esses itens.
CoreScripts.BulkPurchasePrompt.CompletedPrompt.ErrorPrompt.ErrorReasonGeneric,Sua compra não pôde ser concluída no momento.
CoreScripts.BulkPurchasePrompt.CompletedPrompt.ErrorPrompt.ErrorReasonInsufficientMembership,Sua compra não pôde ser concluída porque você precisa ter Roblox Premium para comprar esses itens.
CoreScripts.BulkPurchasePrompt.CompletedPrompt.ErrorPrompt.ErrorReasonInsufficientRobux,Sua compra não pôde ser concluída porque você não tem Robux suficientes.
CoreScripts.BulkPurchasePrompt.CompletedPrompt.ErrorPrompt.ErrorReasonNotAvailableForPurchaser,Sua compra não pôde ser concluída porque você não tem permissão para comprar esses tipos de itens.
CoreScripts.BulkPurchasePrompt.CompletedPrompt.ErrorPrompt.ErrorReasonNotAvailableInExperience,Sua compra não pôde ser concluída porque esses itens não estão disponíveis nesta experiência.
CoreScripts.BulkPurchasePrompt.CompletedPrompt.ErrorPrompt.ErrorReasonNotForSale,Sua compra não pôde ser concluída porque esses itens não estão à venda.
CoreScripts.BulkPurchasePrompt.CompletedPrompt.ErrorPrompt.ErrorReasonPriceMismatch,Sua compra não pôde ser concluída porque os preços mudaram.
CoreScripts.BulkPurchasePrompt.CompletedPrompt.ErrorPrompt.ErrorReasonPurchaserIsSeller,Sua compra não pôde ser concluída porque você não tem permissão para comprar seus próprios itens.
CoreScripts.BulkPurchasePrompt.CompletedPrompt.ErrorPrompt.ErrorReasonQuantityLimitExceeded,Sua compra não pôde ser concluída porque você já atingiu o limite máximo de propriedade para esses itens.
CoreScripts.BulkPurchasePrompt.CompletedPrompt.ErrorPrompt.ErrorReasonQuotaExceeded,Sua compra não pôde ser concluída porque você atingiu o limite de 9 transações por minuto.
CoreScripts.BulkPurchasePrompt.CompletedPrompt.ErrorPrompt.ErrorReasonSoldOut,Sua compra não pôde ser concluída porque esses itens estão esgotados.
CoreScripts.BulkPurchasePrompt.CompletedPrompt.ErrorPrompt.TryAgainLater,Não houve cobrança de Robux. Tente novamente.
CoreScripts.BulkPurchasePrompt.CompletedPrompt.ErrorPrompt.TryAgainMoreRobux,Não houve cobrança de Robux. Compre mais e tente novamente.
CoreScripts.BulkPurchasePrompt.CompletedPrompt.ErrorPrompt.TryAgainNow,
CoreScripts.BulkPurchasePrompt.CompletedPrompt.ErrorPrompt.TryAgainOtherItems,Não houve cobrança de Robux. Tente novamente com outros itens.
CoreScripts.BulkPurchasePrompt.CompletedPrompt.ErrorPrompt.TryAgainWait,Não houve cobrança de Robux. Aguarde e tente novamente.
CoreScripts.BulkPurchasePrompt.CompletedPrompt.SuccessHeading,Compra concluída
CoreScripts.BulkPurchasePrompt.PartialPurchaseCompletedPrompt.Heading,Compra parcial concluída
CoreScripts.BulkPurchasePrompt.PartialPurchaseCompletedPrompt.ItemListSuccessfulCount,{itemCount} itens
CoreScripts.BulkPurchasePrompt.PartialPurchaseCompletedPrompt.ItemListSuccessfulHeading,Sucesso
CoreScripts.BulkPurchasePrompt.PartialPurchaseCompletedPrompt.ItemListUnsuccessfulCount,
CoreScripts.BulkPurchasePrompt.PartialPurchaseCompletedPrompt.ItemListUnsuccessfulHeading,Erro
CoreScripts.BulkPurchasePrompt.PartialPurchaseCompletedPrompt.ItemStatusAlreadyOwned,Já possui
CoreScripts.BulkPurchasePrompt.PartialPurchaseCompletedPrompt.ItemStatusGeneric,Indisponível
CoreScripts.BulkPurchasePrompt.PartialPurchaseCompletedPrompt.ItemStatusInsufficientMembership,Requer Premium
CoreScripts.BulkPurchasePrompt.PartialPurchaseCompletedPrompt.ItemStatusInsufficientRobux,Robux insuficientes
CoreScripts.BulkPurchasePrompt.PartialPurchaseCompletedPrompt.ItemStatusNotAvailableForPurchaser,
CoreScripts.BulkPurchasePrompt.PartialPurchaseCompletedPrompt.ItemStatusNotForSale,
CoreScripts.BulkPurchasePrompt.PartialPurchaseCompletedPrompt.ItemStatusPlaceInvalid,Indisponível nesta experiência
CoreScripts.BulkPurchasePrompt.PartialPurchaseCompletedPrompt.ItemStatusPriceMismatch,Mudança de preço
CoreScripts.BulkPurchasePrompt.PartialPurchaseCompletedPrompt.ItemStatusPurchaserIsSeller,O vendedor é o comprador
CoreScripts.BulkPurchasePrompt.PartialPurchaseCompletedPrompt.ItemStatusQuantityLimitExceeded,Limite atingido
CoreScripts.BulkPurchasePrompt.PartialPurchaseCompletedPrompt.ItemStatusQuotaExceeded,Limite de taxa atingido
CoreScripts.BulkPurchasePrompt.PartialPurchaseCompletedPrompt.ItemStatusSoldOut,Esgotado
CoreScripts.BulkPurchasePrompt.PartialPurchaseCompletedPrompt.ItemStatusSuccess,Comprado
CoreScripts.BulkPurchasePrompt.PartialPurchaseCompletedPrompt.Notice,"Alguns itens não puderam ser comprados no momento, tente novamente mais tarde."
CoreScripts.BulkPurchasePrompt.PartialPurchaseCompletedPrompt.PriceBox.CurrentBalance,Saldo atual
CoreScripts.BulkPurchasePrompt.PartialPurchaseCompletedPrompt.PriceBox.DismissCTA,Concluído
CoreScripts.BulkPurchasePrompt.PartialPurchaseCompletedPrompt.PriceBox.RobuxSpent,Robux gastos
CoreScripts.BulkPurchasePrompt.RequestPrompt.Heading,Resumo
CoreScripts.BulkPurchasePrompt.RequestPrompt.ItemListPurchaseCount,
CoreScripts.BulkPurchasePrompt.RequestPrompt.ItemListPurchaseHeading,Total de itens comprados
CoreScripts.BulkPurchasePrompt.RequestPrompt.ItemOwned,Possui {ownedCount}
CoreScripts.BulkPurchasePrompt.RequestPrompt.PriceBox.BuyRobuxCTA,Comprar Robux
CoreScripts.BulkPurchasePrompt.RequestPrompt.PriceBox.ConfirmCTA,Pagar
CoreScripts.BulkPurchasePrompt.RequestPrompt.PriceBox.CurrentBalance,
CoreScripts.BulkPurchasePrompt.RequestPrompt.PriceBox.MissingRobux,Robux insuficiente
CoreScripts.BulkPurchasePrompt.RequestPrompt.PriceBox.NewBalance,Saldo após a compra
CoreScripts.BulkPurchasePrompt.RequestPrompt.PriceBox.TotalCost,Total
CoreScripts.BulkPurchasePrompt.SuccessPrompt.Body,Você comprou {itemCount} itens com sucesso. Encontre esses itens em seu inventário.
CoreScripts.BulkPurchasePrompt.SuccessPrompt.Heading,
CoreScripts.CancelUserSubscriptionPrompt.Error.ButtonText,
CoreScripts.CancelUserSubscriptionPrompt.ErrorCancellingPrompt.Body,Ocorreu um erro e a renovação da assinatura não foi cancelada. Tente novamente.
CoreScripts.CancelUserSubscriptionPrompt.ErrorCancellingPrompt.Heading,
CoreScripts.CancelUserSubscriptionPrompt.ExpiringPrompt.Body,Sua assinatura já foi cancelada com sucesso. Não é necessária nenhuma ação adicional.
CoreScripts.CancelUserSubscriptionPrompt.ExpiringPrompt.Heading,Já cancelada
CoreScripts.CancelUserSubscriptionPrompt.RequestPrompt.Body,"Se você cancelar sua assinatura agora, você ainda pode acessá-la até {date}."
CoreScripts.CancelUserSubscriptionPrompt.RequestPrompt.DontCancelButton,Não cancelar
CoreScripts.CancelUserSubscriptionPrompt.RequestPrompt.Heading,Cancelar assinatura
CoreScripts.CancelUserSubscriptionPrompt.RequestPrompt.YesCancelButton,"Sim, cancelar"
CoreScripts.CancelUserSubscriptionPrompt.SuccessPrompt.Heading,Sua assinatura foi cancelada com sucesso
CoreScripts.CancelUserSubscriptionPrompt.UnsubscribedPrompt.Body,Você não é um assinate no momento.
CoreScripts.CancelUserSubscriptionPrompt.UnsubscribedPrompt.Heading,Não é possível cancelar
CoreScripts.CommercePurchasePrompt.ErrorPrompt.Body.AccountNotSupported,Compras não estão disponíveis para sua conta devido a idades ou restrições de região
CoreScripts.CommercePurchasePrompt.ErrorPrompt.Body.DeviceNotSupported,Não é possível fazer compras a partir deste tipo de dispositivo. Tente novamente usando um dispositivo diferente.
CoreScripts.CommercePurchasePrompt.ErrorPrompt.Body.ErrorLoading,Algo deu errado ao tentar comprar este item. Tente novamente mais tarde.
CoreScripts.CommercePurchasePrompt.ErrorPrompt.CantBuy,Não é possível comprar
CoreScripts.CommercePurchasePrompt.ErrorPrompt.DismissCTA,
CoreScripts.CommercePurchasePrompt.ErrorPrompt.GenericError,
CoreScripts.CommercePurchasePrompt.ErrorPrompt.NotPurchasable,Este produto não está disponível para compra no momento.
CoreScripts.CommercePurchasePrompt.ErrorPrompt.Title.AccountNotSupported,Conta não suportada
CoreScripts.CommercePurchasePrompt.ErrorPrompt.Title.DeviceNotSupported,Dispositivo não suportado
CoreScripts.CommercePurchasePrompt.ProductNotAvailable,Produto não disponível
CoreScripts.CommercePurchasePrompt.SuccessToast.GrantPending,Está demorando algum tempo para conceder o item de avatar. Ele será concedido em breve.
CoreScripts.CommercePurchasePrompt.SuccessToast.Granted,O item de avatar foi concedido com sucesso!
CoreScripts.EmoteThumbnailEditor.Action.Cancel,
CoreScripts.EmoteThumbnailEditor.Action.Update,
CoreScripts.EmoteThumbnailEditor.Heading.EditThumbnail,Editar miniatura
CoreScripts.EmoteThumbnailEditor.Label.Rotation,Rotação
CoreScripts.EmoteThumbnailEditor.Label.Time,Horário
CoreScripts.FTUX.Description.WhiteMenuPlaytestMode,O menu branco da Roblox indica que você está testando o jogo. Siga sempre as Regras da Comunidade da Roblox.
CoreScripts.FTUX.Heading.CheckOutRobloxConnect,Novo: Confira Roblox Connect!
CoreScripts.FTUX.Heading.CheckOutRobloxParty,Novo: Confira a Turma Roblox!
CoreScripts.FTUX.Heading.InExperienceShop,Loja nova
CoreScripts.FTUX.Heading.JoinVoice,Entrar no Bate-papo de voz
CoreScripts.FTUX.Heading.LeaveRespawn,Sair e reaparecer
CoreScripts.FTUX.Heading.NewAvatarSwitcher,Novo: alternador de avatar
CoreScripts.FTUX.Heading.NewTiltOnboarding,O menu fica aqui
CoreScripts.FTUX.Heading.NewTiltUpdate,Novo menu
CoreScripts.FTUX.Heading.ReadyToPlaytest,Tudo pronto para o teste de jogo?
CoreScripts.FTUX.Heading.SideSheetUpdate,Todas as suas ações em um só lugar
CoreScripts.FTUX.Heading.SocialOnboarding,Recursos sociais
CoreScripts.FTUX.Label.AvatarSwitcherDescription,Mude para seus avatares salvos a qualquer momento.
CoreScripts.FTUX.Label.ChatWithYourFriendsAnytime,Converse com suas amizades a qualquer hora.
CoreScripts.FTUX.Label.InExperienceShopDescription,Confira os itens escolhidos especialmente para você
CoreScripts.FTUX.Label.JoinVoiceDescription,Para ouvir e conversar com outros
CoreScripts.FTUX.Label.LeaveRespawn,Sair do jogo ou fazer seu avatar reaparecer é fácil: basta usar as opções disponíveis aqui.
CoreScripts.FTUX.Label.NewTiltOnboarding,O menu do jogo reúne ações disponíveis durante a partida e as configurações do jogo.
CoreScripts.FTUX.Label.NewTiltUpdate,Os itens do menu foram movidos para cá.
CoreScripts.FTUX.Label.PartyWithYourFriendsAnytime,Crie uma Turma com seus amigos a qualquer hora.
CoreScripts.FTUX.Label.SideSheetOnboarding,"O menu contém todos os seus recursos essenciais. Convide amizades, experimente emotes, controle a música e muito mais."
CoreScripts.FTUX.Label.SideSheetUpdate,O menu ainda contém todos os seus recursos essenciais.
CoreScripts.FTUX.Label.SocialOnboarding,"Acesse facilmente seus recursos sociais na barra superior, incluindo o bate-papo."
CoreScripts.Feedback.EntryPoint.ButtonText,Dar feedback
CoreScripts.Feedback.EntryPoint.OptionText,Dar feedback de tradução
CoreScripts.Feedback.FeedbackBar.ExitFeedbackButton,
CoreScripts.Feedback.FeedbackBar.HelpButton,Ajuda
CoreScripts.Feedback.FeedbackBar.MainLabel,
CoreScripts.Feedback.FeedbackReportDialog.AdditionalCommentsHeader,Adicione comentários abaixo
CoreScripts.Feedback.FeedbackReportDialog.AdditionalCommentsPlaceholder,Insira todos os comentários adicionais que você tem aqui
CoreScripts.Feedback.FeedbackReportDialog.Cancel,
CoreScripts.Feedback.FeedbackReportDialog.CorrectTranslationHeader,Qual é a tradução correta? *
CoreScripts.Feedback.FeedbackReportDialog.CorrectTranslationObjectPlaceholder,Objeto de experiência: {ObjectType}
CoreScripts.Feedback.FeedbackReportDialog.CorrectTranslationPlaceholder,Insira a tradução correta aqui
CoreScripts.Feedback.FeedbackReportDialog.ImageSelectionHeader,Imagem selecionada
CoreScripts.Feedback.FeedbackReportDialog.MainHeader,
CoreScripts.Feedback.FeedbackReportDialog.OriginalTextHeader,Texto original ({SourceLanguage})
CoreScripts.Feedback.FeedbackReportDialog.ProblemDropdownSelectionHeader,Qual é o problema com esta tradução?
CoreScripts.Feedback.FeedbackReportDialog.ProblemOption.AccuracyIssue,Problema de precisão
CoreScripts.Feedback.FeedbackReportDialog.ProblemOption.InappropriateOrDerogatory,Inapropriado ou derrogatório
CoreScripts.Feedback.FeedbackReportDialog.ProblemOption.SpellingOrGrammarIssue,Problema de ortografia ou gramática
CoreScripts.Feedback.FeedbackReportDialog.ProblemOption.Untranslated,Não traduzido
CoreScripts.Feedback.FeedbackReportDialog.SubmitFeedback,
CoreScripts.Feedback.FeedbackReportDialog.TextSelectionHeader,Texto selecionado
CoreScripts.Feedback.Help.Instructions,Selecione qualquer texto para dar feedback sobre traduções incorretas ou ausentes.
CoreScripts.Feedback.Help.MainHeader,
CoreScripts.Feedback.Onboarding.Cancel,
CoreScripts.Feedback.Onboarding.Instructions,
CoreScripts.Feedback.Onboarding.MainHeader,Diga-nos o que há de errado
CoreScripts.Feedback.Onboarding.Start,Iniciar
CoreScripts.Feedback.SubmissionToastBody,A Roblox usará essas informações para ajudar a melhorar a qualidade da tradução desta experiência
CoreScripts.Feedback.SubmissionToastHeader,Agradecemos seu feedback!
CoreScripts.FeedbackPrompt.FeedbackPrompt.Footer,As respostas são compartilhadas anonimamente e contam como comentário de acordo com as definições nos Termos de Uso da Roblox.
CoreScripts.FeedbackPrompt.FeedbackPrompt.Intro,Conte-nos sobre sua experiência.
CoreScripts.FeedbackPrompt.FeedbackPrompt.Placeholder,Conte-nos o que você acha…
CoreScripts.FeedbackPrompt.FeedbackPrompt.Submit,
CoreScripts.FeedbackPrompt.FeedbackPrompt.Submitting,Enviando…
CoreScripts.FeedbackPrompt.FeedbackPrompt.Title,Compartilhe seus comentários
CoreScripts.FeedbackPrompt.FeedbackPrompt.Unavailable.Header.Default,O envio de comentários não está disponível no momento.
CoreScripts.FeedbackPrompt.FeedbackPrompt.Unavailable.Header.RateLimited,Você atingiu o limite de comentários por enquanto.
CoreScripts.FeedbackPrompt.FeedbackPrompt.Unavailable.Header.Under13,Não é possível enviar comentários nesta conta.
CoreScripts.FeedbackPrompt.FeedbackPrompt.Unavailable.Hint.Default,Tente novamente mais tarde.
CoreScripts.FeedbackPrompt.FeedbackPrompt.Unavailable.Hint.RateLimited,Agradecemos por compartilhar sua opinião. Tente novamente mais tarde.
CoreScripts.FeedbackPrompt.FeedbackPrompt.Unavailable.Hint.Under13,"Com o objetivo de proteger jogadores mais jovens, as contas de jogadores menores de 13 anos não podem enviar comentários."
CoreScripts.FeedbackPrompt.FeedbackPrompt.Unavailable.OkayButton,
CoreScripts.FeedbackPrompt.FeedbackPrompt.Unavailable.Title,O envio de comentários não está disponível
CoreScripts.FeedbackPrompt.PlayerSupportPrompt.Add,
CoreScripts.FeedbackPrompt.PlayerSupportPrompt.BackButton,
CoreScripts.FeedbackPrompt.PlayerSupportPrompt.Cancel,
CoreScripts.FeedbackPrompt.PlayerSupportPrompt.Captures.Add,Adicionar capturas
CoreScripts.FeedbackPrompt.PlayerSupportPrompt.Captures.EditSelection,Editar seleção
CoreScripts.FeedbackPrompt.PlayerSupportPrompt.Captures.Empty,Nenhuma captura disponível.
CoreScripts.FeedbackPrompt.PlayerSupportPrompt.Captures.Heading,Capturas ({count} de {max})
CoreScripts.FeedbackPrompt.PlayerSupportPrompt.Captures.Hint,Ajude o criador a entender o seu problema.
CoreScripts.FeedbackPrompt.PlayerSupportPrompt.Captures.Loading,Carregando capturas...
CoreScripts.FeedbackPrompt.PlayerSupportPrompt.Captures.Picker.DateTime,{date} - {time}
CoreScripts.FeedbackPrompt.PlayerSupportPrompt.Captures.Picker.NumSelected,{count} de {max} selecionadas
CoreScripts.FeedbackPrompt.PlayerSupportPrompt.Captures.UploadError,Não foi possível enviar uma ou mais das suas capturas.
CoreScripts.FeedbackPrompt.PlayerSupportPrompt.Category.BugReport,Relatório de bug
CoreScripts.FeedbackPrompt.PlayerSupportPrompt.Category.DataRestoreRequest,Restauração de item ou dados
CoreScripts.FeedbackPrompt.PlayerSupportPrompt.Category.Label,Categoria *
CoreScripts.FeedbackPrompt.PlayerSupportPrompt.Category.Other,Outros
CoreScripts.FeedbackPrompt.PlayerSupportPrompt.Category.Placeholder,Selecione uma categoria
CoreScripts.FeedbackPrompt.PlayerSupportPrompt.Category.PurchasingIssue,Problema na compra
CoreScripts.FeedbackPrompt.PlayerSupportPrompt.Description.CharacterLimitHint,Até {MAX} caracteres
CoreScripts.FeedbackPrompt.PlayerSupportPrompt.Description.Label,Detalhes *
CoreScripts.FeedbackPrompt.PlayerSupportPrompt.Deselect,Cancelar seleção
CoreScripts.FeedbackPrompt.PlayerSupportPrompt.Placeholder.BugReport,"Inclua qualquer coisa relevante sobre o problema, como a versão do jogo e como reproduzir as etapas."
CoreScripts.FeedbackPrompt.PlayerSupportPrompt.Placeholder.DataRestoreRequest,"Descreva o que está faltando e quando você viu pela última vez. Se sua conta foi hackeada, inclua o número do seu ticket do Atendimento ao Cliente da Roblox e quaisquer detalhes relevantes."
CoreScripts.FeedbackPrompt.PlayerSupportPrompt.Placeholder.Other,Descreva sua solicitação ou problema aqui. Forneça o máximo de detalhes possível para nos ajudar a entender a situação.
CoreScripts.FeedbackPrompt.PlayerSupportPrompt.Placeholder.PurchasingIssue,"Conte-nos o que você tentou comprar, quando isso aconteceu e o valor total (por exemplo, 500 Robux / $ 4,99). Inclua todas as mensagens de erro que você viu."
CoreScripts.FeedbackPrompt.PlayerSupportPrompt.ReportAbuse.Lead,Tentando denunciar um abuso?
CoreScripts.FeedbackPrompt.PlayerSupportPrompt.ReportAbuse.Link,<u>Envie uma denúncia.</u>
CoreScripts.FeedbackPrompt.PlayerSupportPrompt.Select,Selecionar
CoreScripts.FeedbackPrompt.PlayerSupportPrompt.Send,
CoreScripts.FeedbackPrompt.PlayerSupportPrompt.ShareUserId.Hint,Isso ajuda o criador a atender à conta correta.
CoreScripts.FeedbackPrompt.PlayerSupportPrompt.ShareUserId.Label,Compartilhar informações de usuário com o criador
CoreScripts.FeedbackPrompt.PlayerSupportPrompt.ShareUserId.LabelRequired,Compartilhar informações de usuário com o criador (obrigatório)
CoreScripts.FeedbackPrompt.PlayerSupportPrompt.Title,Como o criador pode ajudar?
CoreScripts.FeedbackPrompt.PlayerSupportPrompt.Toast.Failed,Não foi possível enviar sua solicitação. Tente novamente mais tarde.
CoreScripts.FeedbackPrompt.PlayerSupportPrompt.Toast.Submitted,Solicitação de suporte enviada
CoreScripts.FeedbackPrompt.PlayerSupportPrompt.Unavailable.Default.Body,O suporte ao jogador não está disponível no momento. Tente novamente mais tarde.
CoreScripts.FeedbackPrompt.PlayerSupportPrompt.Unavailable.Default.Title,Suporte ao jogador indisponível
CoreScripts.FeedbackPrompt.PlayerSupportPrompt.Unavailable.NotRecentlyVisited.Body,Você precisa ter jogado esta experiência recentemente para enviar uma solicitação de suporte.
CoreScripts.FeedbackPrompt.PlayerSupportPrompt.Unavailable.NotRecentlyVisited.Title,Visite esta experiência para fazer uma solicitação
CoreScripts.FeedbackPrompt.PlayerSupportPrompt.Unavailable.OpenTicketLimit.Body,Aguarde até que o criador responda às suas solicitações anteriores para enviar outra solicitação.
CoreScripts.FeedbackPrompt.PlayerSupportPrompt.Unavailable.OpenTicketLimit.Title,Limite de solicitações atingido
CoreScripts.FeedbackPrompt.PlayerSupportPrompt.Unavailable.RateLimited.Body,O suporte ao jogador está temporariamente indisponível. Tente novamente em alguns minutos.
CoreScripts.FeedbackPrompt.PlayerSupportPrompt.Unavailable.RateLimited.Title,Suporte ao jogador temporariamente indisponível
CoreScripts.FeedbackPrompt.PlayerSupportPrompt.Unavailable.TextFilter.Body,Seu envio violou as Regras da Comunidade Roblox. Está tentando denunciar um abuso?
CoreScripts.FeedbackPrompt.PlayerSupportPrompt.Unavailable.TextFilter.Title,Falha no envio
CoreScripts.FeedbackPrompt.PlayerSupportPrompt.Unavailable.Under13.Body,As solicitações de suporte ao jogador não estão disponíveis para usuários menores de 13 anos.
CoreScripts.FeedbackPrompt.PlayerSupportPrompt.Unavailable.Under13.Title,Funcionalidade não disponível
CoreScripts.InGameMenu.Action.DontLeaveGame,Não sair
CoreScripts.InGameMenu.Action.DontResetCharacter,Não redefinir
CoreScripts.InGameMenu.Action.DontRespawnCharacter,Não regenerar
CoreScripts.InGameMenu.Action.ResetCharacter,
CoreScripts.InGameMenu.Actions.AcceptFriend,Aceitar pedido de amizade
CoreScripts.InGameMenu.Actions.AddFriend,Adicionar amizade
CoreScripts.InGameMenu.Actions.BlockPlayer,Bloquear jogador
CoreScripts.InGameMenu.Actions.CancelFriend,Cancelar pedido de amizade
CoreScripts.InGameMenu.Actions.Continue,
CoreScripts.InGameMenu.Actions.ReportAbuse,Denunciar abuso
CoreScripts.InGameMenu.Actions.UnblockPlayer,Desbloquear jogador
CoreScripts.InGameMenu.Actions.Unfriend,Remover amizade
CoreScripts.InGameMenu.Actions.ViewAvatar,Examinar avatar
CoreScripts.InGameMenu.Cancel,
CoreScripts.InGameMenu.ConfirmLeaveGame,Quer mesmo sair?
CoreScripts.InGameMenu.ControllerBar.Back,
CoreScripts.InGameMenu.ControllerBar.Cancel,
CoreScripts.InGameMenu.ControllerBar.CloseMoreMenu,Fechar o menu mais
CoreScripts.InGameMenu.ControllerBar.Leave,
CoreScripts.InGameMenu.ControllerBar.OpenMoreMenu,Abrir o menu mais
CoreScripts.InGameMenu.ControllerBar.Respawn,Regenerar
CoreScripts.InGameMenu.ControllerBar.RespawnCharacter,Regenerar personagem
CoreScripts.InGameMenu.Controls.AccessoriesTitle,Acessórios
CoreScripts.InGameMenu.Controls.BackExitLabel,Voltar / Sair
CoreScripts.InGameMenu.Controls.BackGamepad,
CoreScripts.InGameMenu.Controls.Backpack,Mochila
CoreScripts.InGameMenu.Controls.Backspace,Backspace
CoreScripts.InGameMenu.Controls.CameraMovementTitle,Movimento da câmera
CoreScripts.InGameMenu.Controls.CameraZoomGamepad,Zoom da câmera
CoreScripts.InGameMenu.Controls.CharacterMovementTitle,Movimento do personagem
CoreScripts.InGameMenu.Controls.Chat,
CoreScripts.InGameMenu.Controls.DevConsole,Console de desenvolvimento
CoreScripts.InGameMenu.Controls.DownArrow,Seta para baixo
CoreScripts.InGameMenu.Controls.DropTool,Largar ferramenta
CoreScripts.InGameMenu.Controls.EquipUnequipTools,Equipar/guardar ferramentas
CoreScripts.InGameMenu.Controls.FirstPersonCameraLabel,(Clique) 1ª pessoa / 3ª pessoa
CoreScripts.InGameMenu.Controls.GameMenuToggle,Seletor de menu do jogo
CoreScripts.InGameMenu.Controls.GameMenuToggleGamepad,Seletor de interface do usuário
CoreScripts.InGameMenu.Controls.GamepadTitle,Controle
CoreScripts.InGameMenu.Controls.GraphicsLevel,Nível dos gráficos
CoreScripts.InGameMenu.Controls.GraphicsLevelDown,Reduzir o nível dos gráficos
CoreScripts.InGameMenu.Controls.GraphicsLevelUp,Aumentar o nível dos gráficos
CoreScripts.InGameMenu.Controls.Jump,Pular
CoreScripts.InGameMenu.Controls.JumpSelectLabel,Pular / Selecionar
CoreScripts.InGameMenu.Controls.KeyboardAndMouseTitle,Teclado e mouse
CoreScripts.InGameMenu.Controls.LeftArrow,Seta para esquerda
CoreScripts.InGameMenu.Controls.LeftMouseButton,Botão esquerdo do mouse
CoreScripts.InGameMenu.Controls.MenuItemsTitle,Itens do menu
CoreScripts.InGameMenu.Controls.MenuLabel,Menu
CoreScripts.InGameMenu.Controls.MenuNavigationGamepad,Navegação do menu
CoreScripts.InGameMenu.Controls.MiscellaneousTitle,Miscelânea
CoreScripts.InGameMenu.Controls.MouseLock,Bloqueio do mouse
CoreScripts.InGameMenu.Controls.MouseWheel,Botão de rolagem do mouse
CoreScripts.InGameMenu.Controls.MoveBackward,Andar para trás
CoreScripts.InGameMenu.Controls.MoveForward,Andar para a frente
CoreScripts.InGameMenu.Controls.MoveGamepad,Movimento
CoreScripts.InGameMenu.Controls.MoveLeft,Andar para a esquerda
CoreScripts.InGameMenu.Controls.MoveRight,Andar para a direita
CoreScripts.InGameMenu.Controls.NextTab,Próxima aba
CoreScripts.InGameMenu.Controls.PerformanceStats,Estatísticas de desempenho
CoreScripts.InGameMenu.Controls.Playerlist,Lista de classificação
CoreScripts.InGameMenu.Controls.Playerlist.Friends,
CoreScripts.InGameMenu.Controls.Playerlist.Global,Global
CoreScripts.InGameMenu.Controls.Playerlist.Here,Aqui
CoreScripts.InGameMenu.Controls.PreviousTab,Aba anterior
CoreScripts.InGameMenu.Controls.RecordVideo,Gravar vídeo
CoreScripts.InGameMenu.Controls.ResetCameraLabel,Mover / Redefinir câmera
CoreScripts.InGameMenu.Controls.RightArrow,Seta para direita
CoreScripts.InGameMenu.Controls.RightMouseButton,Botão direito do mouse
CoreScripts.InGameMenu.Controls.RobloxMenu,Menu Roblox
CoreScripts.InGameMenu.Controls.RotateCamera,Girar
CoreScripts.InGameMenu.Controls.RotateCameraGamepad,Girar câmera
CoreScripts.InGameMenu.Controls.Screenshot,Captura de tela
CoreScripts.InGameMenu.Controls.SelectItemLabel,Selecionar item
CoreScripts.InGameMenu.Controls.Shift,Shift
CoreScripts.InGameMenu.Controls.Space,Espaço
CoreScripts.InGameMenu.Controls.SwitchToolGamepad,Trocar ferramenta
CoreScripts.InGameMenu.Controls.ToggleCameraView,Alternar visualização da câmera
CoreScripts.InGameMenu.Controls.ToggleFullscreen,Tela inteira
CoreScripts.InGameMenu.Controls.UpArrow,Seta para cima
CoreScripts.InGameMenu.Controls.UseTool,Usar ferramenta
CoreScripts.InGameMenu.Controls.VrControllerTitle,Controlador RV
CoreScripts.InGameMenu.Controls.ZoomInCamera,Aproximar
CoreScripts.InGameMenu.Controls.ZoomInOutCamera,Aproximar/afastar
CoreScripts.InGameMenu.Controls.ZoomOutCamera,Afastar
CoreScripts.InGameMenu.EducationalPopup.MenuIconTooltip,Procurando por mais experiências?
CoreScripts.InGameMenu.EducationalPopup.UINavigation.Description,"Algumas experiências permitem o Modo de navegação da interface do usuário, que permite que uma caixa de seleção ou um cursor virtual interajam com a interface de usuário da experiência."
CoreScripts.InGameMenu.EducationalPopup.UINavigation.Title,Como alternar o modo de navegação da interface do usuário
CoreScripts.InGameMenu.ExitModal.ActionExit,Fechar o aplicativo Roblox
CoreScripts.InGameMenu.ExitModal.ActionHome,Voltar ao início
CoreScripts.InGameMenu.ExitModal.BodyTextClickHome,Clique no ícone da casa
CoreScripts.InGameMenu.ExitModal.BodyTextOpenMenu,Abra o menu Roblox
CoreScripts.InGameMenu.ExitModal.OptionDontShow,Não mostrar novamente
CoreScripts.InGameMenu.ExitModal.Subtitle,Descubra novas experiências sem sair do aplicativo
CoreScripts.InGameMenu.ExitModal.Title,Novo no aplicativo Roblox
CoreScripts.InGameMenu.GameSettings.AIRephraseMessages,Mensagens reformuladas
CoreScripts.InGameMenu.GameSettings.AIRephraseMessagesDescription,A Roblox pode reformular mensagens que violam as regras de segurança.
CoreScripts.InGameMenu.GameSettings.AdvancedSettingsTitle,CONFIGURAÇÕES AVANÇADAS
CoreScripts.InGameMenu.GameSettings.AudioHeader,Áudio
CoreScripts.InGameMenu.GameSettings.AutoGraphicsQuality,Modo de qualidade automática
CoreScripts.InGameMenu.GameSettings.CameraMode,Modo da câmera
CoreScripts.InGameMenu.GameSettings.CameraModeCameraToggle,Alternar câmera
CoreScripts.InGameMenu.GameSettings.CameraModeClassic,Clássico
CoreScripts.InGameMenu.GameSettings.CameraModeFollow,Seguir
CoreScripts.InGameMenu.GameSettings.CameraSensitivity,Sensitividade da câmera
CoreScripts.InGameMenu.GameSettings.CameraTitle,CÂMERA
CoreScripts.InGameMenu.GameSettings.ChatSummaries,Resumos de chat
CoreScripts.InGameMenu.GameSettings.ChatSummariesDescription,A Roblox gera um resumo das mensagens dos jogadores automaticamente.
CoreScripts.InGameMenu.GameSettings.ClientCoreScriptVersion,Versão de cliente CoreScript: {CLIENT_CORESCRIPT_VERSION}
CoreScripts.InGameMenu.GameSettings.ClientVersion,Versão do cliente: {CLIENT_VERSION}
CoreScripts.InGameMenu.GameSettings.ComfortSettingComfort,Conforto
CoreScripts.InGameMenu.GameSettings.ComfortSettingCustom,Personalizado
CoreScripts.InGameMenu.GameSettings.ComfortSettingExpert,Expert
CoreScripts.InGameMenu.GameSettings.ComfortSettingNormal,Padrão
CoreScripts.InGameMenu.GameSettings.ComfortSettingsDescription,Reduza o enjoo por movimento ajustando o movimento e o campo de visão
CoreScripts.InGameMenu.GameSettings.ComputerMoveModeClickToMove,Clique para mover
CoreScripts.InGameMenu.GameSettings.ComputerMoveModeKeyboardMouse,
CoreScripts.InGameMenu.GameSettings.ControlsAudio,CONTROLES E ÁUDIO
CoreScripts.InGameMenu.GameSettings.Default,
CoreScripts.InGameMenu.GameSettings.DeveloperConsole,Console do desenvolvedor
CoreScripts.InGameMenu.GameSettings.DisplayHeader,Exibição e gráficos
CoreScripts.InGameMenu.GameSettings.Friend,Amizade
CoreScripts.InGameMenu.GameSettings.FullScreen,
CoreScripts.InGameMenu.GameSettings.GiveFeedback,
CoreScripts.InGameMenu.GameSettings.GiveTranslationFeedback,
CoreScripts.InGameMenu.GameSettings.GraphicsTitle,GRÁFICOS
CoreScripts.InGameMenu.GameSettings.Haptics,Vibrar ao tocar
CoreScripts.InGameMenu.GameSettings.InvertedCamera,Câmera invertida
CoreScripts.InGameMenu.GameSettings.LanguageHeader,Chat e idioma
CoreScripts.InGameMenu.GameSettings.LockedByDeveloper,Bloqueado pelo desenvolvedor
CoreScripts.InGameMenu.GameSettings.MainVolume,Volume principal
CoreScripts.InGameMenu.GameSettings.ManualGraphicsQuality,Nível de qualidade
CoreScripts.InGameMenu.GameSettings.MovementMode,Modo de movimento
CoreScripts.InGameMenu.GameSettings.Open,Abrir
CoreScripts.InGameMenu.GameSettings.PlaceVersion,Versão do local: {PLACE_VERSION}
CoreScripts.InGameMenu.GameSettings.PlaceVersionWithLatest,Versão do local: {PLACE_VERSION} (mais recente: {LATEST_PLACE_VERSION})
CoreScripts.InGameMenu.GameSettings.ReadOnlyView,Visualização em modo somente leitura
CoreScripts.InGameMenu.GameSettings.ReadOnlyViewDescription,Esta é a sua visualização do chat como criador com base nas suas permissões de função.
CoreScripts.InGameMenu.GameSettings.ReduceMotionDescription,Parar ou reduzir efeitos de movimento
CoreScripts.InGameMenu.GameSettings.ReduceMotionLabel,Reduzir movimento
CoreScripts.InGameMenu.GameSettings.RequestSent,
CoreScripts.InGameMenu.GameSettings.RestartPending,Reinicialização pendente
CoreScripts.InGameMenu.GameSettings.SafetyBubbleModeAnyone,Qualquer pessoa
CoreScripts.InGameMenu.GameSettings.SafetyBubbleModeDescription,Decida quem pode vir perto de você sem ter que se desvanecer
CoreScripts.InGameMenu.GameSettings.SafetyBubbleModeNoOne,Ninguém
CoreScripts.InGameMenu.GameSettings.SafetyBubbleModeOnlyFriends,Somente amizades
CoreScripts.InGameMenu.GameSettings.SafetyBubbleModeTitle,Bolha de segurança
CoreScripts.InGameMenu.GameSettings.ServerVersion,Versão do servidor: {SERVER_VERSION}
CoreScripts.InGameMenu.GameSettings.ShiftLock,Trava do shift
CoreScripts.InGameMenu.GameSettings.ShowMicroProfiler,Mostrar MicroProfiler
CoreScripts.InGameMenu.GameSettings.ShowPerfStats,Exibir estatísticas de desempenho
CoreScripts.InGameMenu.GameSettings.SwitchToAdvancedSettings,Configurações avançadas
CoreScripts.InGameMenu.GameSettings.SwitchToVRComfortSettings,Configurações personalizadas
CoreScripts.InGameMenu.GameSettings.UINavToggle,Alternar navegação de interface
CoreScripts.InGameMenu.GameSettings.UINavToggleDescription,Use a tecla \ para entrar e sair do modo de navegação da interface
CoreScripts.InGameMenu.GameSettings.UIScale,Dimensionamento da interface do usuário
CoreScripts.InGameMenu.GameSettings.UIScaleLargest,Maior
CoreScripts.InGameMenu.GameSettings.UIScaleMode,Modo de dimensionamento da interface do usuário
CoreScripts.InGameMenu.GameSettings.UIScaleModeAuto,Automático
CoreScripts.InGameMenu.GameSettings.UIScaleModeManual,Manual
CoreScripts.InGameMenu.GameSettings.UIScaleSmallest,Menor
CoreScripts.InGameMenu.GameSettings.VREnabled,Modo RV
CoreScripts.InGameMenu.GameSettings.VRSmoothRotationEnabled,Rotação suave de RV ativada
CoreScripts.InGameMenu.GameSettings.VRSteppedRotationEnabled,Rotação progressiva de RV ativada
CoreScripts.InGameMenu.GameSettings.VRThirdPersonFixedCamEnabled,Câmera fixa em 3ª pessoa
CoreScripts.InGameMenu.GameSettings.ViewandControlsHeader,Visualização e controles
CoreScripts.InGameMenu.GameSettings.VignetteEnabled,Vinheta VR ativada
CoreScripts.InGameMenu.GameSettings.VoiceChatVolume,Volume do chat de voz
CoreScripts.InGameMenu.GameSettings.Volume,Volume
CoreScripts.InGameMenu.GameSettings.VrControlsTitle,CONTROLES RV
CoreScripts.InGameMenu.InviteFriends.ErrorOccured,Ocorreu um erro. Tente novamente.
CoreScripts.InGameMenu.InviteFriends.Loading,Carregando!
CoreScripts.InGameMenu.InviteFriends.MakeFriendsNow,Faça amizades!
CoreScripts.InGameMenu.InviteFriends.NoFriends,Você ainda não tem amizades. Consulte o menu de pessoas para fazer pedidos de amizade.
CoreScripts.InGameMenu.InviteFriends.Search,
CoreScripts.InGameMenu.Label.TouchpadButton,Botão Touchpad
CoreScripts.InGameMenu.Label.ViewButton,Botão Visualizar
CoreScripts.InGameMenu.Leave,
CoreScripts.InGameMenu.LeaveGame,
CoreScripts.InGameMenu.LeaveGameQuestion,Sair?
CoreScripts.InGameMenu.Ok,
CoreScripts.InGameMenu.PageTitle.Controls,Controles...
CoreScripts.InGameMenu.PageTitle.GameSettings,
CoreScripts.InGameMenu.PageTitle.InviteFriends,Convidar amizades
CoreScripts.InGameMenu.PageTitle.Players,Pessoas
CoreScripts.InGameMenu.PageTitle.Report,Denunciar
CoreScripts.InGameMenu.PageTitle.VRComfortSettings,Configurações de conforto
CoreScripts.InGameMenu.PeoplePage.SwitchServer,Trocar servidor
CoreScripts.InGameMenu.Prompt.BackToHome,"Sim, ir para a página inicial"
CoreScripts.InGameMenu.Prompt.ConfirmLeaveGame,Quer mesmo sair do jogo?
CoreScripts.InGameMenu.Prompt.ConfirmResetCharacter,Tem certeza de que deseja redefinir seu personagem?
CoreScripts.InGameMenu.Prompt.ConfirmRespawnCharacter,Quer mesmo regenerar o personagem?
CoreScripts.InGameMenu.Prompt.LeaveGame,"Sim, sair"
CoreScripts.InGameMenu.Prompt.LeaveGameBodyText,"Se você sair da experiência, pode perder progresso não salvo."
CoreScripts.InGameMenu.Prompt.LeaveGameTitle,Sair desta experiência?
CoreScripts.InGameMenu.Prompt.ResumeGame,
CoreScripts.InGameMenu.Prompt.VRFTUXLeaveGameBodyText,"Tem certeza de que deseja deixar a experiência? Você pode acessar o tutorial novamente através de ""Mais""."
CoreScripts.InGameMenu.QuickActions.MuteSelf,Autosilenciar
CoreScripts.InGameMenu.QuickActions.Report,
CoreScripts.InGameMenu.QuickActions.Respawn,
CoreScripts.InGameMenu.QuickActions.UnmuteSelf,Reativar o próprio som
CoreScripts.InGameMenu.Report.AbuseBullying,Abuso
CoreScripts.InGameMenu.Report.AbuseDating,Namoro
CoreScripts.InGameMenu.Report.AbuseDetailsPlaceHolder,"Em suas próprias palavras, ajude-nos a entender o que deu errado."
CoreScripts.InGameMenu.Report.AbuseExploiting,Trapaça/Abuso
CoreScripts.InGameMenu.Report.AbuseOffsiteLink,Links para outros sites
CoreScripts.InGameMenu.Report.AbusePersonalQuestion,Pergunta intrusiva
CoreScripts.InGameMenu.Report.AbuseScamming,Golpe/Esquema malicioso
CoreScripts.InGameMenu.Report.AbuseSwearing,Palavrões
CoreScripts.InGameMenu.Report.AbuseTypePlaceHolder,Escolha um tipo de abuso
CoreScripts.InGameMenu.Report.AbuseUsername,Nome de usuário inapropriado
CoreScripts.InGameMenu.Report.AdditionalDetails,Forneça mais detalhes aqui
CoreScripts.InGameMenu.Report.Block,Bloquear
CoreScripts.InGameMenu.Report.BlockDescription,"Essa pessoa não poderá mais entrar no mesmo servidor que você, se comunicar com você ou lhe adicionar como amizade."
CoreScripts.InGameMenu.Report.Category.Description.Experience,Esta experiência tem conteúdo maldoso.
CoreScripts.InGameMenu.Report.Category.Description.Other,"Esta pessoa está me seguindo, usando uma camisa ofensiva, etc."
CoreScripts.InGameMenu.Report.Category.Description.Text,Esta pessoa digitou uma palavra maldosa no chat de texto.
CoreScripts.InGameMenu.Report.Category.Description.Voice,Esta pessoa estava gritando com toda a força.
CoreScripts.InGameMenu.Report.Category.Header.Experience,Experiência
CoreScripts.InGameMenu.Report.Category.Header.Other,
CoreScripts.InGameMenu.Report.Category.Header.Text,Chat de texto
CoreScripts.InGameMenu.Report.Category.Header.Voice,Conversa por voz
CoreScripts.InGameMenu.Report.Confirm,
CoreScripts.InGameMenu.Report.Confirmation.Blocked,Bloqueado
CoreScripts.InGameMenu.Report.Confirmation.Muted,Silenciado
CoreScripts.InGameMenu.Report.Confirmation.MutedAndBlocked,Silenciado e bloqueado
CoreScripts.InGameMenu.Report.Confirmation.MutedAndBlockedDescriptionWithUser,Você não poderá mais se comunicar com @{RBX_NAME}
CoreScripts.InGameMenu.Report.Confirmation.MutedDescriptionWithUser,Você não poderá mais ouvir essa @{RBX_NAME}
CoreScripts.InGameMenu.Report.Confirmation.ThanksForReport,Agradecemos sua denúncia
CoreScripts.InGameMenu.Report.Confirmation.ThanksForReportDescription,"Revisaremos seu relatório em breve e tomaremos providências, se necessário."
CoreScripts.InGameMenu.Report.DSAFooter,"Para denunciar conteúdo ilegal de acordo com o Regulamento Serviços Digitais da UE, visite: https://www.roblox.com/illegal-content-reporting"
CoreScripts.InGameMenu.Report.Done,Feito
CoreScripts.InGameMenu.Report.FlagingGame,Você está denunciando {RBX_NAME} por conteúdo inapropriado.
CoreScripts.InGameMenu.Report.MenuTitle,O que você está denunciando?
CoreScripts.InGameMenu.Report.Mute,
CoreScripts.InGameMenu.Report.MuteDescription,Você não poderá mais ouvir essa pessoa.
CoreScripts.InGameMenu.Report.OtherStepsTitle,Outras medidas que você pode tomar: @{RBX_NAME}
CoreScripts.InGameMenu.Report.ReportExperience,Denunciar experiência
CoreScripts.InGameMenu.Report.ReportGameTitle,Denunciar {RBX_NAME}
CoreScripts.InGameMenu.Report.ReportPlayerTitle,Denunciar pessoa
CoreScripts.InGameMenu.Report.ReportTitle,
CoreScripts.InGameMenu.Report.ReportingGame,
CoreScripts.InGameMenu.Report.SelectAbuseType,Selecionar tipo de abuso
CoreScripts.InGameMenu.Report.SendReport,
CoreScripts.InGameMenu.Report.ThanksForReport,
CoreScripts.InGameMenu.Report.ThanksForReportDescription,"Recebemos sua denúncia e em breve tomaremos providências, se necessário. Seus comentários ajudam a manter nossa comunidade segura."
CoreScripts.InGameMenu.Report.Title.Experience,Dununciar experiência
CoreScripts.InGameMenu.Report.Title.Other,Outras denúncias
CoreScripts.InGameMenu.Report.Title.TextChat,Denunciar chat de texto
CoreScripts.InGameMenu.Report.Title.VoiceChat,Denunciar Conversa por voz
CoreScripts.InGameMenu.Report.WillReviewBody,Nossos moderadores vão verificar e tomar uma decisão.
CoreScripts.InGameMenu.RespawnCharacter,
CoreScripts.InGameMenu.RespawnCharacterDialogBody,Seu personagem será regenerado em um local de geração.
CoreScripts.InGameMenu.RespawnCharacterDialogConfirm,
CoreScripts.InGameMenu.RespawnCharacterDialogTitle,Regenerar personagem?
CoreScripts.InGameMenu.SwitchServer.ConfirmBody,Você está prestes a sair deste servidor e mudar para outro.
CoreScripts.InGameMenu.SwitchServer.ConfirmHeader,Você está saindo?
CoreScripts.InGameMenu.Traversal.HistoryDescription,Entrar em jogos acessados anteriormente
CoreScripts.InGameMenu.Traversal.LeaveBody,Você está prestes a sair deste jogo e retornar para {PREVIOUS_EXPERIENCE}.
CoreScripts.InGameMenu.Traversal.LeaveHeader,
CoreScripts.InGameMenu.Vibration,Vibração
CoreScripts.InGameMenu.VirtualCursorHintPostIcon,para ativar ou desativar o menu de navegação
CoreScripts.InGameMenu.VirtualCursorHintPreIcon,Algumas experiências precisam que você aperte
CoreScripts.InGameMenu.VoiceChatVolumeLower,
CoreScripts.PremiumModal.Title.Error,
CoreScripts.PublishAssetPrompt.AssetDescriptionPlaceholder,Descrição
CoreScripts.PublishAssetPrompt.Cancel,
CoreScripts.PublishAssetPrompt.Description,
CoreScripts.PublishAssetPrompt.DisclaimerAvatar,Eu concordo que esta experiência enviará meu item de avatar para moderação e fará o upload para minhas Criações.
CoreScripts.PublishAssetPrompt.DisclaimerEmote,Eu concordo que essa experiência enviará meu emote à moderação e fará o upload para minhas Criações.
CoreScripts.PublishAssetPrompt.DisclaimerImage,Eu concordo que essa experiência enviará minha imagem à moderação e fará o upload para minhas Criações.
CoreScripts.PublishAssetPrompt.DisclaimerModel,Itens criados serão revisados e você não poderá receber um reembolso por itens rejeitados que não estejam de acordo com as Regras da Comunidade.
CoreScripts.PublishAssetPrompt.InvalidDescription,Descrição inválida
CoreScripts.PublishAssetPrompt.InvalidName,Nome inválido
CoreScripts.PublishAssetPrompt.Name,Nome
CoreScripts.PublishAssetPrompt.NoUserInput,Algo deu errado. Tente novamente.
CoreScripts.PublishAssetPrompt.PackagesDefaultName,Pacote por {RBX_NAME}
CoreScripts.PublishAssetPrompt.PublishFailed,
CoreScripts.PublishAssetPrompt.PublishFailedTitle,Falha ao enviar
CoreScripts.PublishAssetPrompt.PublishSuccessMessage,Você pode encontrar este item no seu inventário.
CoreScripts.PublishAssetPrompt.PublishSuccessTitle,Sucesso!
CoreScripts.PublishAssetPrompt.ResultModalOk,
CoreScripts.PublishAssetPrompt.Submit,
CoreScripts.PublishAssetPrompt.TitleTextClothing,Enviar roupa
CoreScripts.PublishAssetPrompt.TitleTextEmote,Enviar emote
CoreScripts.PublishAssetPrompt.TitleTextImage,Enviar imagem
CoreScripts.PublishAssetPrompt.TitleTextModel,Enviar pacote
CoreScripts.PublishAssetPrompt.TitleTextPackage,
CoreScripts.PublishAssetPrompt.UndefinedError,Algo deu errado. Tente novamente. Código de erro: {RESULT_TYPE}
CoreScripts.PublishAvatarPrompt.BodyName,Nome do corpo
CoreScripts.PublishAvatarPrompt.BuyCreation,Comprar criação
CoreScripts.PublishAvatarPrompt.Close,
CoreScripts.PublishAvatarPrompt.LeaveCreationTitle,Sair da criação?
CoreScripts.PublishAvatarPrompt.Pan,Mover
CoreScripts.PublishAvatarPrompt.PurchaseCompleteDescription,Você pode encontrar seu item em seu inventário quando estiver finalizado.
CoreScripts.PublishAvatarPrompt.ResetView,
CoreScripts.PublishAvatarPrompt.Rotate,
CoreScripts.PublishAvatarPrompt.Zoom,Zoom
CoreScripts.PublishCommon.Disclaimer,
CoreScripts.PublishCommon.Leave,
CoreScripts.PublishCommon.Stay,
CoreScripts.PublishCommon.UnsavedWarning,Você pode perder quaisquer alterações não salvas
CoreScripts.PurchasePrompt.Button.OK,
CoreScripts.PurchasePrompt.Button.Settings,
CoreScripts.PurchasePrompt.CancelPurchase.Cancel,
CoreScripts.PurchasePrompt.ItemType.Bundle,Pacote
CoreScripts.PurchasePrompt.ProductType.Product,Produto
CoreScripts.PurchasePrompt.PurchaseDetails.ScaryModalOne,"Esta compra envolve a utilização de dinheiro real.

Eu afirmo ter mais de 18 anos e/ou sou pai/mãe ou responsável legal do dono da conta. Autorizo esta compra e concordo com os Termos de Uso."
CoreScripts.PurchasePrompt.PurchaseDetails.ScaryModalParental,Você gastou bastante na Roblox este mês. Os recibos serão enviados para o e-mail verificado do responsável por esta conta para esta e todas as compras subsequentes. 
CoreScripts.PurchasePrompt.PurchaseDetails.ScaryModalTwo,Você gastou bastante na Roblox este mês. Tem certeza de que deseja continuar? Esta compra envolve o uso de dinheiro real. Você deve ser um dos pais ou responsável legal do dono da conta para autorizar esta compra.
CoreScripts.PurchasePrompt.PurchaseFailed.AlreadyOwn,Você já possui este item. Nada foi cobrado da sua conta.
CoreScripts.PurchasePrompt.PurchaseFailed.CannotGetBalance,Impossível obter seu saldo no momento. Nada foi cobrado da sua conta. Tente novamente mais tarde.
CoreScripts.PurchasePrompt.PurchaseFailed.CannotGetItemPrice,Não conseguimos obter o preço do item no momento. Nada foi cobrado da sua conta. Tente novamente mais tarde.
CoreScripts.PurchasePrompt.PurchaseFailed.Enable2SV,
CoreScripts.PurchasePrompt.PurchaseFailed.Enable2SVLogout,A verificação em duas etapas é necessária para fazer novas transações. Vá em Configurações > Segurança para completar a verificação. Ativar a verificação em duas etapas fará com você saia da conta.
CoreScripts.PurchasePrompt.PurchaseFailed.InvalidFunds,Sua compra falhou porque sua conta não tem Robux suficientes. Nada foi cobrado da sua conta.
CoreScripts.PurchasePrompt.PurchaseFailed.Limited,Este item limitado está esgotado. Tente comprar de outro usuário em www.roblox.com. Nada foi cobrado da sua conta.
CoreScripts.PurchasePrompt.PurchaseFailed.NotEnoughRobux,Este item custa mais Robux do que você pode comprar. Visite www.roblox.com para comprar mais Robux.
CoreScripts.PurchasePrompt.PurchaseFailed.NotEnoughRobuxNoUpsell,Você não tem Robux suficientes para comprar este item. 
CoreScripts.PurchasePrompt.PurchaseFailed.NotEnoughRobuxXbox,Este item custa mais Robux do que você possui disponível. Saia da experiência e vá para a tela de Robux para comprar mais.
CoreScripts.PurchasePrompt.PurchaseFailed.NotForSale,Este item não está à venda no momento. Nada foi cobrado da sua conta.
CoreScripts.PurchasePrompt.PurchaseFailed.NotForSaleHere,Este item não pode ser vendido nesta experiência. Nada foi cobrado da sua conta.
CoreScripts.PurchasePrompt.PurchaseFailed.PremiumOnly,Você precisa ter Roblox Premium para comprar este item.
CoreScripts.PurchasePrompt.PurchaseFailed.PurchaseDisabled,Sua compra falhou porque as compras na experiência estão temporariamente desabilitadas. Nada foi cobrado da sua conta. Tente de novo mais tarde.
CoreScripts.PurchasePrompt.PurchaseFailed.ThirdPartyDisabled,Vendas de itens de terceiros foram desabilitadas para este local. Nada foi cobrado da sua conta.
CoreScripts.PurchasePrompt.PurchaseFailed.Under13,Sua conta é para menores de 13 anos. A compra deste item não é permitida. Nada foi cobrado da sua conta.
CoreScripts.PurchasePrompt.PurchaseFailed.UnknownFailure,Sua compra do item {ITEM_NAME} falhou porque algo deu errado. Nada foi cobrado da sua conta. Tente novamente mais tarde.
CoreScripts.PurchasePrompt.PurchaseFailed.UnknownFailureNoItemName,Sua compra falhou porque algo deu errado. Nada foi cobrado da sua conta. Tente novamente mais tarde.
CoreScripts.PurchasePrompt.PurchaseMessage.Succeeded,Sua compra de {ITEM_NAME} foi bem-sucedida!
CoreScripts.PurchasePrompt.Title.BuyItem,Comprar item
CoreScripts.PurchasePrompt.Title.VerificationRequired,
CoreScripts.ScreenshotHud.Action.Cancel,
CoreScripts.ScreenshotHud.Action.TakePhoto,Tirar foto
CoreScripts.TextChat.Action.SendQuickWords,Enviar mensagens rápidas
CoreScripts.TextChat.ChannelTabs.Friends,
CoreScripts.TextChat.ChannelTabs.Global2,
CoreScripts.TextChat.ChannelTabs.Here,
CoreScripts.TextChat.ChannelTabs.System,Sistema
CoreScripts.TextChat.ChannelTabs.Team,Equipe
CoreScripts.TextChat.ChatCommands.Mute.Description,/mute <speaker>: silenciar uma pessoa.
CoreScripts.TextChat.ChatCommands.Unmute.Description, /remover usilêncio <speaker>: remover silêncio de um remetente.
CoreScripts.TextChat.ChatTranslation.ChatWindow.SystemMessageNew,O Roblox traduz automaticamente os idiomas suportados no chat
CoreScripts.TextChat.ChatTranslation.FTUX.TitleNew,A tradução do bate-papo está ativada para os idiomas suportados
CoreScripts.TextChat.ChatWindow.ChatDisabled.AskForPermission,Você só pode ver as mensagens do sistema aqui. Peça permissão aos seus responsáveis para conversar por meio das configurações de comunicação.
CoreScripts.TextChat.ChatWindow.ChatDisabled.AskForPermissionToAgeCheck,Você só pode ver as mensagens do sistema aqui. Peça permissão aos seus responsáveis para verificar sua idade por meio das configurações de comunicação.
CoreScripts.TextChat.ChatWindow.ChatDisabled.CheckAgeInAccountInfo,Você só pode ver as mensagens do sistema aqui. Acesse Configurações > Informações da conta para desbloquear o chat com uma verificação de idade.
CoreScripts.TextChat.ChatWindow.ChatDisabled.CheckAgeInSettings,"Você só pode ver as mensagens do sistema aqui. Para conversar, conclua uma verificação de idade nas suas configurações de comunicação."
CoreScripts.TextChat.ChatWindow.ChatDisabled.DontMissMessages,Não perca mensagens: desbloqueie o chat com uma verificação de idade.
CoreScripts.TextChat.ChatWindow.ChatDisabled.GetAnAgeCheck,Você só pode ver as mensagens do sistema aqui. Faça uma verificação de idade para conversar.
CoreScripts.TextChat.ChatWindow.ChatDisabled.OnlyViewSystemMessages,Você só pode ver as mensagens do sistema aqui.
CoreScripts.TextChat.ChatWindow.ChatDisabled.RegionUnavailable,Você só pode ver as mensagens do sistema aqui. O chat não está disponível na sua região.
CoreScripts.TextChat.ChatWindow.ChatDisabled.SettingOff,Você só pode ver as mensagens do sistema aqui. Atualize suas configurações de comunicação para ativar o chat.
CoreScripts.TextChat.ChatWindow.ChatEnabled.ChatInRegion,Você pode ver as mensagens do sistema e conversar com usuários apenas da sua região.
CoreScripts.TextChat.ChatWindow.ChatEnabled.ChatWithAgeGroupAAndTF,Apenas pessoas de faixa etária semelhante e amizades confiáveis podem conversar com você.
CoreScripts.TextChat.ChatWindow.ChatEnabled.ChatWithAgeGroupAndTC,Apenas pessoas em faixas etárias semelhantes e suas Conexões Confiáveis podem bater papo com você.
CoreScripts.TextChat.ChatWindow.ChatEnabled.ChatWithOnlinePlayers.BelowThreshold,Diga oi a todos que estão jogando agora!
CoreScripts.TextChat.ChatWindow.ChatEnabled.ChatWithOnlinePlayers.Local.WithCount,{RBX_COUNT} outros jogadores estão no chat. Dê um oi!
CoreScripts.TextChat.ChatWindow.ChatEnabled.ChatWithOnlinePlayers.V3,👋 Diga oi a todos que estão jogando agora!
CoreScripts.TextChat.ChatWindow.ChatEnabled.ChatWithTF,Só suas amizades confiáveis podem conversar com você.
CoreScripts.TextChat.ChatWindow.ChatEnabled.Global2,Converse com mais pessoas neste jogo. Apenas pessoas em faixas etárias semelhantes podem conversar com você.
CoreScripts.TextChat.ChatWindow.ChatWithOnlinePlayers.Local.Friendly,✨ Venha se divertir! Diga oi a todos que estão jogando agora!
CoreScripts.TextChat.ChatWindow.ChatWithOnlinePlayers.Local.WithCount,👋 {RBX_COUNT} jogadores estão no chat. Diga oi!
CoreScripts.TextChat.ChatWindow.HandFreeTranscriptionFTUX,Segure para usar o modo mãos livres
CoreScripts.TextChat.ChatWindow.RephrasedLabel,reformulado
CoreScripts.TextChat.ChatWindow.RephrasedReason.Description,A Roblox reformula mensagens que violam as regras de segurança.
CoreScripts.TextChat.ChatWindow.RewrittenLabel,reescrito
CoreScripts.TextChat.ChatWindow.SummarySystemMessage,
CoreScripts.TextChat.ChatWindow.Transcribing,Transcrevendo...
CoreScripts.TextChat.ChatWindow.TranscriptionFailed,Não entendemos! Tente novamente.
CoreScripts.TextChat.ChatWindow.TranscriptionLanguageUnsupported,Ainda não suportamos esse idioma!
CoreScripts.TextChat.ChatWindow.TranscriptionNoMicAccessToastBody,"Para usar seu microfone, toque aqui para atualizar as configurações do seu dispositivo."
CoreScripts.TextChat.ChatWindow.TranscriptionNoMicAccessToastBodyAlternate,"Para usar o microfone, acesse as configurações do seu dispositivo e dê permissão para a Roblox usar o microfone."
CoreScripts.TextChat.ChatWindow.TranscriptionNoMicAccessToastHeader,Não é possível acessar o microfone
CoreScripts.TextChat.ChatWindow.TranscriptionU13MicAccessToastBody,"Para enviar mensagens com sua voz, processaremos o áudio e o excluiremos imediatamente, de acordo com nossa política de privacidade."
CoreScripts.TextChat.ChatWindow.TranscriptionU13MicAccessToastHeader,Você ativou a voz ao bate-papo de texto
CoreScripts.TextChat.ChatWindow.TrustedLabel,Confiável
CoreScripts.TextChat.ChatWindows.RewrittenReasonLabel,A Roblox reescreve mensagens que violam as regras de segurança.
CoreScripts.TextChat.Clear.Help.Description,/clear ou /cls: limpar mensagens na janela de bate-papo 
CoreScripts.TextChat.Description.AskYourParentForPermissionToChat,Peça permissão aos seus responsáveis para conversar em Privacidade > Configurações de comunicação.
CoreScripts.TextChat.Description.RobloxSummarizesMessagesFromAllPlayers,A Roblox resume as mensagens de jogadores de todas as idades.
CoreScripts.TextChat.Description.TurnOnChatInSettings,Ative o chat em Privacidade > Configurações de comunicação.
CoreScripts.TextChat.Description.UnlockChatPrivacyCommunications,"Para desbloquear o chat, faça a verificação de idade em Privacidade > Configurações de comunicação."
CoreScripts.TextChat.Description.UnlockChatWithAnAgeCheck,Faça a verificação de idade para desbloquear o chat.
CoreScripts.TextChat.Emote.Error.DoesNotExist,O emote não existe.
CoreScripts.TextChat.Emote.Error.NotEnabled,Você não pode usar esse emote.
CoreScripts.TextChat.Emote.Error.NotEquipped,Você não tem esse emote equipado.
CoreScripts.TextChat.Emote.Error.NotOwnedGeneric,Você não possui esse emote.
CoreScripts.TextChat.EnableChatButton.Label.UnlockChat,Desbloquear chat
CoreScripts.TextChat.Error.NoChannelAccess,Você não tem acesso a este canal do chat
CoreScripts.TextChat.Error.NoChannelSelected,Nenhum canal de chat foi selecionado
CoreScripts.TextChat.Error.ReadOnlyChannel,Canal de chat somente leitura
CoreScripts.TextChat.Help.FirstLine,Estes são os comandos básicos do chat:
CoreScripts.TextChat.InputBar.Hint.ChatUnavailable,Chat indisponível
CoreScripts.TextChat.InputBar.Hint.Gamepad,"Use o botão ""{CHAT_BUTTON}"" no menu para conversar"
CoreScripts.TextChat.InputBar.Hint.GamepadConnected,"Pressione ""{CONFIRM_KEY}"" para digitar"
CoreScripts.TextChat.InputBar.Hint.GamepadConnectedConfirm,
CoreScripts.TextChat.InputBar.Hint.MouseKeyboard,Para escrever clique aqui ou aperte a tecla {KEY}
CoreScripts.TextChat.InputBar.Hint.PrivacySettingsDisabled,Suas configurações de bate-papo impedem que você envie e receba mensagens.
CoreScripts.TextChat.InputBar.Hint.Touch,Toque aqui para escrever
CoreScripts.TextChat.MessageStatus.Warning.Floodchecked,Você precisa esperar antes de enviar outra mensagem.
CoreScripts.TextChat.MessageStatus.Warning.InvalidPrivacySettings,
CoreScripts.TextChat.MessageStatus.Warning.MessageTooLong,Sua mensagem ultrapassa o tamanho máximo de mensagem.
CoreScripts.TextChat.MessageStatus.Warning.ModerateChatOff,Visualização somente leitura desativada.
CoreScripts.TextChat.MessageStatus.Warning.ModerateChatOn,Visualização somente leitura ativada. Algumas mensagens são somente leitura com base nas suas permissões de função.
CoreScripts.TextChat.MessageStatus.Warning.ModerationTimeout,"No momento, você não pode enviar mensagens para o bate-papo. Ninguém verá suas mensagens."
CoreScripts.TextChat.MessageStatus.Warning.TextFilterFailed,O filtro de chat está com problemas no momento e as mensagens podem demorar para aparecer.
CoreScripts.TextChat.MessageStatus.Warning.Unknown,Sua mensagem não pôde ser enviada.
CoreScripts.TextChat.Mute.Error.CannotMuteSelf,Você não pode silenciar a si mesmo.
CoreScripts.TextChat.Mute.Error.MultipleMatches,Os seguintes usuários têm esse nome de exibição: {RBX_LIST_NAMES}
CoreScripts.TextChat.Mute.Error.TargetDoesNotExist,O usuário '{RBX_NAME}' não existe.
CoreScripts.TextChat.Mute.Success,O usuário '{RBX_NAME}' foi silenciado(a).
CoreScripts.TextChat.Notification.WhisperChat.Created,Agora você está em um chat privado com {RBX_NAME}.
CoreScripts.TextChat.Online.Help.Description3,/online : número de usuários com quem você pode conversar neste canal.
CoreScripts.TextChat.Online.Success.Plural,{RBX_COUNT} jogadores estão online no momento e podem conversar
CoreScripts.TextChat.Online.Success.Plural2,{RBX_COUNT} outros jogadores estão online e podem conversar.
CoreScripts.TextChat.Online.Success.Singular,{RBX_COUNT} jogador está online no momento e pode conversar
CoreScripts.TextChat.Online.Success.Singular3,{RBX_COUNT} outro jogador está online e pode conversar.
CoreScripts.TextChat.TeamChat.Error.NotOnTeam,Você não pode participar de chat de equipe se não estiver em uma equipe.
CoreScripts.TextChat.TeamChat.PrefixText,[Equipe]
CoreScripts.TextChat.Toast.ModerateChatOff.Subtitle,Você só pode conversar com suas conexões confiáveis e com pessoas de faixas etárias semelhantes.
CoreScripts.TextChat.Toast.ModerateChatOff.Subtitle.FriendsRename,Você só pode conversar com pessoas de faixa etária semelhante e com amizades confiáveis.
CoreScripts.TextChat.Toast.ModerateChatOff.Title,Visualização somente leitura desativada
CoreScripts.TextChat.Toast.ModerateChatOn.Subtitle,Algumas mensagens são somente para leitura com base nas suas permissões de função.
CoreScripts.TextChat.Toast.ModerateChatOn.Title,Visualização somente leitura ativada
CoreScripts.TextChat.Tooltip.Global.Body,Converse com pessoas aqui ou com mais pessoas neste jogo.
CoreScripts.TextChat.Tooltip.Global.Header,Converse com mais pessoas
CoreScripts.TextChat.Tooltip.QuickWords.Body,Trabalhe em equipe com jogadores de todas as idades.
CoreScripts.TextChat.Tooltip.QuickWords.Header,Jogue em grupo com mensagens rápidas
CoreScripts.TextChat.Unmute.Success,O usuário '{RBX_NAME}' foi dessilenciado(a).
CoreScripts.TextChat.Version.Success,{RBX_VERSION}
CoreScripts.TextChat.Whisper.Error.CannotChat,Você não pode participar de chat com esta pessoa.
CoreScripts.TextChat.WhisperChat.PrefixText.Incoming,[De {RBX_NAME}]
CoreScripts.TextChat.WhisperChat.PrefixText.Outgoing,[Para {RBX_NAME}]
CoreScripts.TopBar.Back,
CoreScripts.TopBar.Chat,
CoreScripts.TopBar.ControlMessageMotion,Rastreamento de movimento
CoreScripts.TopBar.ControlMessageOff,Desligado
CoreScripts.TopBar.ControlMessageOn,Ligado
CoreScripts.TopBar.ControlMessageSound,Rastreamento de som
CoreScripts.TopBar.DynamicAvatarMissingErrorBody,Avatar › Personalizar › Cabeça e corpo
CoreScripts.TopBar.DynamicAvatarMissingErrorHeader,Equipe uma cabeça dinâmica para piscar!
CoreScripts.TopBar.Emotes,Emotes
CoreScripts.TopBar.GameNamePlaceHolder,
CoreScripts.TopBar.HideChat,Ocultar bate-papo
CoreScripts.TopBar.Inventory,
CoreScripts.TopBar.JoinVoice,Obter Chat de voz
CoreScripts.TopBar.Label.UILessHintDescription,Pressione ESC para abrir o menu Roblox
CoreScripts.TopBar.Label.UILessHintTitle,Nova forma de ativar o menu Roblox
CoreScripts.TopBar.Leaderboard,Classificação
CoreScripts.TopBar.Leave,
CoreScripts.TopBar.LoadingScreen.AutoTranslate,Com tradução automática
CoreScripts.TopBar.Menu,
CoreScripts.TopBar.Mic,Microfone
CoreScripts.TopBar.MoreMenu,Menu Mais
CoreScripts.TopBar.Music,Música
CoreScripts.TopBar.MusicLoading,Nenhuma música está tocando
CoreScripts.TopBar.MusicNotVerified,A música sendo reproduzida não foi verificada
CoreScripts.TopBar.Respawn,
CoreScripts.TopBar.RobloxMenu,
CoreScripts.TopBar.RobloxMenuReferralRewardTooltip,Convide amigos para {referralRewardName}
CoreScripts.TopBar.RobloxPermissionErrorBody,Configurações Roblox › Privacidade › Entrada de microfone e câmera
CoreScripts.TopBar.RobloxPermissionErrorBodyTwo,Configurações Roblox › Privacidade e maturidade do conteúdo › Comunicação › Câmera
CoreScripts.TopBar.RobloxPermissionErrorHeader,Permitir acesso à câmera
CoreScripts.TopBar.SelfViewLabel,Auto visualização
CoreScripts.TopBar.ShowChat,Mostrar bate-papo
CoreScripts.TopBar.Title.ExperienceControls,Controles da experiência
CoreScripts.TopBar.ToggleMic,Silenciar/Ativar áudio de si mesmo
CoreScripts.TopBar.Traversal.BackButtonDefault,Experiência anterior
CoreScripts.TopBar.Traversal.History,Histórico
CoreScripts.VRFTUX.Action.Next,
CoreScripts.VRFTUX.Action.Skip,Ignorar
CoreScripts.VRFTUX.Description.Movement.Body1,"Para se mover em uma experiência, use a miniatura no seu <b>controlador</b> esquerdo."
CoreScripts.VRFTUX.Description.Movement.Body2,Pressione o botão <b>A</b> para pular.
CoreScripts.VRFTUX.Description.Movement.Body3,"Para se virar, use o controle direcional analógico <b>direito</b> para se mover à esquerda ou à direita."
CoreScripts.VRFTUX.Description.OtherSettings.Body1,Você também pode alterar outras configurações de conforto e imersão no menu da experiência.
CoreScripts.VRFTUX.Description.OtherSettings.Body2,"Isso é tudo para este tutorial! Agora você está pronto para curtir a Roblox!
Use o botão sair na barra inferior para sair desta experiência."
CoreScripts.VRFTUX.Description.Perspective.Body1,"Tente alternar entre a perspectiva da primeira e terceira pessoa, clicando no controle direcional analógico <b>direito</b>."
CoreScripts.VRFTUX.Description.Perspective.Body2,"Por padrão, sua perspectiva na Roblox está definida como terceira pessoa, mas você pode escolher experimentar a Roblox imersivamente em primeira pessoa."
CoreScripts.VRFTUX.Description.SafetyBubble.Body1,"Para garantir sua segurança em RV, introduzimos um recurso chamado <b>Bolha de segurança</b>."
CoreScripts.VRFTUX.Description.SafetyBubble.Body2,Esta é uma bolha invisível à sua volta que determina o quão perto outros jogadores podem chegar até você sem desaparecer. Você pode ajustar esses controles no <b>Menu da experiência</b>.
CoreScripts.VRFTUX.Heading.Header,Boas-vindas à Roblox
CoreScripts.VRFTUX.Heading.Movement,Controle de movimento
CoreScripts.VRFTUX.Heading.OtherSettings.Title,Outras configurações
CoreScripts.VRFTUX.Heading.Perspective,Mudar sua perspectiva
CoreScripts.VRFTUX.Heading.SafetyBubble.Title,
CoreScripts.VRFTUX.Label.Footer,Esperamos que você se divirta!
Corescripts.AvatarContextMenu.AcceptFriendRequest,
Corescripts.AvatarContextMenu.AddFriend,
Corescripts.AvatarContextMenu.Chat,
Corescripts.AvatarContextMenu.ChatDisabled,Chat desabilitado
Corescripts.AvatarContextMenu.FriendRequestPending,Pedido de amizade pendente
Corescripts.AvatarContextMenu.Friends,
Corescripts.AvatarContextMenu.PlayerBlocked,Pessoa bloqueada
Corescripts.AvatarContextMenu.Wave,Acenar
Feature.AbuseReportDialog.Label.GeneralError,
Feature.Accessibility.Action.ScrollDown,Rolar para baixo
Feature.Accessibility.Action.ScrollUp,Rolar para cima
Feature.Accessibility.Description.PreferredTextSize,Ajuste o tamanho do texto na Roblox de acordo com suas preferências
Feature.Accessibility.Description.PreferredTransparency,Melhore o contraste ajustando a transparência em alguns planos de fundos
Feature.Accessibility.Description.ReducedMotion,
Feature.Accessibility.Description.UiNavigationKeyBind,Use a tecla {uiNavigationKey} para entrar e sair do modo de navegação da interface
Feature.Accessibility.Header.Haptics,
Feature.Accessibility.Heading.PreferredTextSize,Tamanho do texto
Feature.Accessibility.Heading.PreferredTransparency,Transparência do plano de fundo
Feature.Accessibility.Heading.ReducedMotion,
Feature.Accessibility.Heading.UiNavigationKeyBind,Liga/Desliga navegação da interface
Feature.Accessibility.PreferredTextSize.Default,
Feature.Accessibility.PreferredTextSize.Largest,
Feature.Accessibility.PreferredTransparency.Opaque,Opaco
Feature.Accessibility.PreferredTransparency.Transparent,Transparente
Feature.AccountSecurityPrompt.Message.Error.Pin.IncorrectPin,PIN incorreto.
Feature.AccountSettings.Action.Verify,Verificar
Feature.AccountSettings.Description.AddPhoneNumber,"Adicione um número de telefone para ajudar você a entrar no aplicativo, conectar-se com amizades e muito mais."
Feature.AccountSettings.Description.NotShownPublicly,Seu número de telefone nunca será exibido publicamente.
Feature.AccountSettings.Example.Facebook,ex.: www.facebook.com/Roblox
Feature.AccountSettings.Example.Guilded,e.g. guilded.gg/roblox
Feature.AccountSettings.Example.Twitch,ex.: www.twitch.tv/roblox/profile
Feature.AccountSettings.Example.Twitter,ex.: @Roblox
Feature.AccountSettings.Example.YouTube,ex.: www.youtube.com/user/roblox
Feature.AccountSettings.Heading.SocialNetworks,Redes sociais
Feature.AccountSettings.Heading.Tab.Notifications,Notificações
Feature.AccountSettings.Heading.Tab.Privacy,
Feature.AccountSettings.Heading.Tab.Robux,Robux
Feature.AccountSettings.Heading.Tab.Security,Segurança
Feature.AccountSettings.Label.Discord,Discord
Feature.AccountSettings.Label.DropDown.Everyone,Todos
Feature.AccountSettings.Label.DropDown.FollowersV3,"Amizades, seguindo, seguidores"
Feature.AccountSettings.Label.DropDown.FollowingV2,Amizades e usuários que sigo
Feature.AccountSettings.Label.DropDown.Friends,
Feature.AccountSettings.Label.DropDown.NoOne,
Feature.AccountSettings.Label.Facebook,Facebook
Feature.AccountSettings.Label.Guilded,Guilded
Feature.AccountSettings.Label.SocialLinksVisibility,Visível para
Feature.AccountSettings.Label.Twitch,Twitch
Feature.AccountSettings.Label.X,X
Feature.AccountSettings.Label.YouTube,YouTube
Feature.AccountSettings.Message.Error.InvalidFacebookUrl,O URL do perfil do Facebook é inválido.
Feature.AccountSettings.Message.Error.InvalidGuildedUrl,A url do perfil Guilded é inválida.
Feature.AccountSettings.Message.Error.InvalidTwitchUrl,Perfil da Twitch inválido.
Feature.AccountSettings.Message.Error.InvalidXUrl,O identificador X é inválido.
Feature.AccountSettings.Message.Error.InvalidYouTubeUrl,Canal do YouTube inválido.
Feature.AddFriends.Action.IgnoreConnectionRequest,Ignorar solicitação de conexão
Feature.AddFriends.Action.IgnoreFriendRequest,Ignorar pedido de amizade
Feature.AddFriends.Action.IgnoreTrustedFriendRequest,Ignorar pedido de amizade confiável
Feature.AddFriends.Action.RequestIgnored,Pedido ignorado
Feature.AddFriends.Label.AgedUpSearchForFriendsPrompt,Encontre pessoas na Roblox pesquisando pelo nome de usuário ou nome.
Feature.AddFriends.Label.ConnectWithContacts,Convide seus contatos ou conecte-se com amizades que já estão na Roblox!
Feature.AddFriends.Label.InputPlaceholder.SearchForPeople,Pesquisar pessoas
Feature.AddFriends.Label.InputPlaceholder.SearchForPeopleAltCapitalization,
Feature.AddFriends.Label.SearchForFriendsPrompt,Encontre pessoas na Roblox procurando seu nome de usuário ou nome de exibição.
Feature.AddFriends.Label.SyncWithContacts,Sincronize os contatos para encontrar e convidar amizades!
Feature.AddFriends.Title.ConnectWithContacts,Adicionar de contatos
Feature.AgeVerificationUpsell.Body.AgeSettingsRedirect,Desbloqueie mais conteúdos e funcionalidades.
Feature.AgeVerificationUpsell.Button.Cancel,
Feature.AgeVerificationUpsell.Button.Continue,
Feature.AgeVerificationUpsell.Button.Settings,Verificar minha idade
Feature.AgeVerificationUpsell.Modal.ContentText,"Verifique sua idade para acessar esta experiência.

1. Entre em Informações da conta > Verificar minha idade
2. Complete o processo de verificação
"
Feature.AgeVerificationUpsell.Modal.Title,
Feature.AgeVerificationUpsell.Title.AgeSettingsRedirect,Faça uma verificação de idade nas configurações
Feature.AppealsPortal.Action.OK,
Feature.AppealsPortal.Label.ReportAndAppeals,Violações e apelos
Feature.Avatar.Action.AddNewMakeupLook,Adicionar novo visual
Feature.Avatar.Action.Cancel,
Feature.Avatar.Action.CancelSelection,
Feature.Avatar.Action.Clear,Remover
Feature.Avatar.Action.ComposerPost,Publicar
Feature.Avatar.Action.ComposerPreviewAndPost,Pré-visualizar e publicar
Feature.Avatar.Action.CreateSet,
Feature.Avatar.Action.CreateSetFirstRun,Criar conjunto
Feature.Avatar.Action.Default,
Feature.Avatar.Action.DefaultView,Visualização padrão
Feature.Avatar.Action.Delete,
Feature.Avatar.Action.DeleteAvatars,Excluir avatar
Feature.Avatar.Action.DeleteSet,Excluir conjunto
Feature.Avatar.Action.Discard,
Feature.Avatar.Action.EditProfilePicture,Editar imagem de perfil
Feature.Avatar.Action.GoBack,
Feature.Avatar.Action.GotIt,Entendi
Feature.Avatar.Action.Keep,Manter
Feature.Avatar.Action.Leave,
Feature.Avatar.Action.ManageCharacters,Gerenciar personagens
Feature.Avatar.Action.ManageMakeupLooks,Gerenciar visuais
Feature.Avatar.Action.Marketplace,Mercado
Feature.Avatar.Action.MyPublishedAvatars,Meus avatares publicados
Feature.Avatar.Action.MySharedAvatars,
Feature.Avatar.Action.Next,
Feature.Avatar.Action.NotNow,Agora não
Feature.Avatar.Action.Pan,
Feature.Avatar.Action.Posting,Publicando
Feature.Avatar.Action.Remove,
Feature.Avatar.Action.RemoveAll,Remover tudo
Feature.Avatar.Action.RemoveFromSet,Remover do conjunto
Feature.Avatar.Action.Rename,Renomear
Feature.Avatar.Action.RenameSet,Renomear conjunto
Feature.Avatar.Action.Reset,
Feature.Avatar.Action.RestoreLastSaved,Restaurar último avatar salvo
Feature.Avatar.Action.Revert,Reverter
Feature.Avatar.Action.Rotate,
Feature.Avatar.Action.Save,Salvar
Feature.Avatar.Action.SaveAsNew,Salvar como novo
Feature.Avatar.Action.Select,
Feature.Avatar.Action.SelectMultipleItems,Selecionar múltiplos itens
Feature.Avatar.Action.SelectSlot,Selecionar espaço
Feature.Avatar.Action.Share,Compartilhar
Feature.Avatar.Action.ShareAvatar,Publicar avatar
Feature.Avatar.Action.ShareCurrentAvatar,Publicar avatar atual
Feature.Avatar.Action.Shop,Loja
Feature.Avatar.Action.ShopForMore,Comprar mais
Feature.Avatar.Action.ShowMore,
Feature.Avatar.Action.SlotEmote,Alocar emote
Feature.Avatar.Action.Stay,Ficar
Feature.Avatar.Action.Switch,Mudar
Feature.Avatar.Action.TryOn,Experimentar
Feature.Avatar.Action.Unequip,
Feature.Avatar.Action.Unselect,Desfazer seleção
Feature.Avatar.Action.UnslotEmote,Desalocar emote
Feature.Avatar.Action.Update,Atualização
Feature.Avatar.Action.UpdateExistingCharacter,Atualizar personagem existente
Feature.Avatar.Action.UpdateExistingMakeupLook,Atualizar visual existente
Feature.Avatar.Action.UpdateMakeupLook,Atualizar visual
Feature.Avatar.Action.Zoom,
Feature.Avatar.AvatarWidgetTitle,Explore os estilos
Feature.Avatar.BackgroundGeneration.Action.Cancel,
Feature.Avatar.BackgroundGeneration.Action.DeleteBackground,
Feature.Avatar.BackgroundGeneration.Action.DiscardDialogCancel,
Feature.Avatar.BackgroundGeneration.Action.DiscardDialogConfirm,
Feature.Avatar.BackgroundGeneration.Action.Okay,
Feature.Avatar.BackgroundGeneration.Action.Publish,
Feature.Avatar.BackgroundGeneration.Action.Upload,
Feature.Avatar.BackgroundGeneration.Action.View,Ver
Feature.Avatar.BackgroundGeneration.Action.ViewExclusiveBackgrounds,
Feature.Avatar.BackgroundGeneration.Description.CreateBackgroundsWithPlus,Crie planos de fundo com o Plus.
Feature.Avatar.BackgroundGeneration.Description.DiscardDialog,"Seu plano de fundo ainda não foi publicado. Se você sair agora, vai perdê-lo."
Feature.Avatar.BackgroundGeneration.Description.ReadyToUse,Sua criação está pronta para ser usada.
Feature.Avatar.BackgroundGeneration.Description.ReviewBeforePublish,"Este plano de fundo foi gerado com IA. Ao publicar, você confirma que ele segue as Regras da Comunidade Roblox e não usa conteúdo sobre o qual você não tem direitos. Ele será analisado antes de aparecer no seu inventário, e os itens publicados não podem ser editados."
Feature.Avatar.BackgroundGeneration.Description.ReviewBeforeUpload,"Este plano de fundo foi gerado com IA. Ao enviar, você confirma que ele segue as Regras da Comunidade Roblox e não usa conteúdo sobre o qual você não tem direitos. Ele será analisado antes de aparecer no seu inventário. Os itens enviados não podem ser editados."
Feature.Avatar.BackgroundGeneration.Description.UnlockExclusiveBackgrounds,Desbloqueie planos de fundo exclusivos gratuitos com o Plus.
Feature.Avatar.BackgroundGeneration.Description.ViewExclusiveBackgrounds,Confira seus planos de fundo exclusivos gratuitos do Plus.
Feature.Avatar.BackgroundGeneration.Error.CouldntPublish,O item não atendeu às Regras da Comunidade
Feature.Avatar.BackgroundGeneration.Error.LimitReached,Você atingiu seu limite de uso. Tente novamente mais tarde para continuar personalizando.
Feature.Avatar.BackgroundGeneration.Error.LimitReachedDay,Você atingiu seu limite de uso. Tente novamente amanhã para continuar personalizando.
Feature.Avatar.BackgroundGeneration.Error.LimitReachedHour,Você atingiu seu limite de uso. Tente novamente em 1 hora para continuar personalizando.
Feature.Avatar.BackgroundGeneration.Error.LimitReachedMinute,Você atingiu seu limite de uso. Tente novamente em 1 minuto para continuar personalizando.
Feature.Avatar.BackgroundGeneration.Error.Moderation,Esse prompt não segue nossas diretrizes. Tente descrever outra coisa.
Feature.Avatar.BackgroundGeneration.Error.ModerationFailed,"Este plano de fundo não segue as Regras da Comunidade Roblox, por isso não foi adicionado ao seu inventário. Tente gerar um novo."
Feature.Avatar.BackgroundGeneration.Error.System,Algo deu errado ao gerar seu plano de fundo. Tente novamente.
Feature.Avatar.BackgroundGeneration.Label.CharacterCount,{count}/{max}
Feature.Avatar.BackgroundGeneration.Label.Description,
Feature.Avatar.BackgroundGeneration.Label.ExclusiveWithPlus,Exclusivo com o Plus
Feature.Avatar.BackgroundGeneration.Label.Name,
Feature.Avatar.BackgroundGeneration.PromptPlaceholder,Descreva seu plano de fundo...
Feature.Avatar.BackgroundGeneration.Status.Generating,Gerando seu plano de fundo...
Feature.Avatar.BackgroundGeneration.Status.Preparing,Preparando seu plano de fundo...
Feature.Avatar.BackgroundGeneration.Title,Criar plano de fundo
Feature.Avatar.BackgroundGeneration.Title.DiscardDialog,Sair sem publicar?
Feature.Avatar.BackgroundGeneration.Title.PublishBackground,
Feature.Avatar.BackgroundGeneration.Title.PublishToInventory,Publicar no inventário
Feature.Avatar.BackgroundGeneration.Title.UploadBackground,
Feature.Avatar.BackgroundGeneration.Title.UploadToInventory,Enviar para o inventário
Feature.Avatar.BackgroundGeneration.Tooltip.CreateBackground,Crie planos de fundo gratuitamente com o Plus!
Feature.Avatar.BackgroundGeneration.Tooltip.PublishBackground,Publicar no seu inventário
Feature.Avatar.Backgrounds.Title,Planos de fundo
Feature.Avatar.ColorAdjustmentPage.AdjustmentNotAvailableForBody,O ajuste não está disponível para este estilo de corpo.
Feature.Avatar.ColorAdjustmentPage.Label.SelectDefaultColors,Voltar para as cores originais do corpo
Feature.Avatar.ColorAdjustmentPage.Title,Cor da pele
Feature.Avatar.ComposerPosting,
Feature.Avatar.Description.MakeupIntroFtux,Crie um visual exclusivo com infinitas combinações de maquiagem.
Feature.Avatar.EmoteAlreadyAssigned,Este emote já foi adicionado
Feature.Avatar.Feature.Avatar.BackgroundGeneration.Title,
Feature.Avatar.Feature.DisplayName.ErrorMessage.SomethingWentWrong,
Feature.Avatar.Generic.Error,
Feature.Avatar.GetInspired,Inspire-se
Feature.Avatar.Header.Post,
Feature.Avatar.Heading.AccessoryAdjustmentTitle,Ajuste de acessórios
Feature.Avatar.Heading.Active,Ativo
Feature.Avatar.Heading.All,Todas
Feature.Avatar.Heading.Animations,Animações
Feature.Avatar.Heading.AvatarLooksWidget,Avatares
Feature.Avatar.Heading.BodyParts,Parte do corpo
Feature.Avatar.Heading.Clothing,Roupas
Feature.Avatar.Heading.DeleteAssets,Apagar ativos
Feature.Avatar.Heading.DeleteCharacter,Apagar este personagem?
Feature.Avatar.Heading.DuplicateCharacter,Duplicar personagem
Feature.Avatar.Heading.Emotes,
Feature.Avatar.Heading.Expired,Expirados
Feature.Avatar.Heading.Filter,Filtro
Feature.Avatar.Heading.Filters,Filtros
Feature.Avatar.Heading.LooksAvatarSaved,Avatar salvo!
Feature.Avatar.Heading.LooksCharacterSaved,Personagem salvo!
Feature.Avatar.Heading.LooksPurchaseFailed,Falha na compra
Feature.Avatar.Heading.LooksPurchasePartialSuccess,Sucesso parcial
Feature.Avatar.Heading.MakeupLookSaved,O visual de maquiagem foi salvo!
Feature.Avatar.Heading.Manage,Gerenciar
Feature.Avatar.Heading.MySharedAvatarsTitle,
Feature.Avatar.Heading.Outfits,Trajes
Feature.Avatar.Heading.RenameCharacter,
Feature.Avatar.Heading.SaveCostume,Salvar personagem
Feature.Avatar.Heading.SelectToUpdate,Selecione para atualizar
Feature.Avatar.Heading.SetLimitReached,Limite de conjuntos atingido
Feature.Avatar.Heading.SetNameDuplicate,Duplicar nome
Feature.Avatar.Heading.SetNameNotAllowed,Nome não permitido
Feature.Avatar.Heading.SetUpdateFailed,Não foi possível atualizar o conjunto
Feature.Avatar.Heading.SharePublicAvatar,Compartilhe seu avatar
Feature.Avatar.Heading.SortBy,Ordenar por
Feature.Avatar.Heading.UsedName,Nome já usado
Feature.Avatar.Heading.WearConfirmation,Vestir item
Feature.Avatar.HeroWidget.BundleTitle,Korblox Pactbreaker
Feature.Avatar.HeroWidget.CapsuleDescription,Três novas versões dos originais da Roblox
Feature.Avatar.HeroWidget.CapsulePoolDescription,Três itens novos para causar impacto
Feature.Avatar.HeroWidget.CapsulePoolTitle,Festa na piscina
Feature.Avatar.HeroWidget.CapsuleTitle,Clássicos reinventados
Feature.Avatar.ItemDidNotMeetRobloxCommunityStandards.BodyText,"""{item}"" da categoria {category} foi removido por violar as Regras da Comunidade Roblox.{lineBreak}Consulte a página Violações e Apelos para conferir os detalhes ou para solicitar outra análise."
Feature.Avatar.ItemDidNotMeetRobloxCommunityStandards.TitleText,O item não obedecia às Regras da Comunidade Roblox
Feature.Avatar.ItemsRemovedFromAvatar.TitleText,Item removido do avatar
Feature.Avatar.Label,
Feature.Avatar.Label.AbyssBlue,Abismo azul
Feature.Avatar.Label.AbyssBlueDark,Azul Abismo (Escuro)
Feature.Avatar.Label.AbyssBlueLight,Azul Abismo (Claro)
Feature.Avatar.Label.Accessory,Acessório
Feature.Avatar.Label.AccessoryAdjustment.Entry.Tooltip,Ajuste a forma dos seus acessórios!
Feature.Avatar.Label.AccessoryAdjustment.Items.Tooltip,Selecione o item para ajustar
Feature.Avatar.Label.AccessoryCannotBeAdjustedWarning,O ajuste não está disponível para este item.
Feature.Avatar.Label.Add,
Feature.Avatar.Label.AddEdit,Adicionar/Editar
Feature.Avatar.Label.AddManage,Adicionar/Gerenciar
Feature.Avatar.Label.AddManage2,
Feature.Avatar.Label.AllAvatarSets,Tudo
Feature.Avatar.Label.AllFolders,
Feature.Avatar.Label.AllHeads,Todas as cabeças
Feature.Avatar.Label.AnimationFullSet,Conjunto completo
Feature.Avatar.Label.AvatarAdjustment,Ajuste de avatar
Feature.Avatar.Label.AvatarBackground,Plano de fundo do Avatar
Feature.Avatar.Label.Avatars,
Feature.Avatar.Label.Back,Costas
Feature.Avatar.Label.Backgrounds,
Feature.Avatar.Label.Blocky,Quadrado
Feature.Avatar.Label.BodyColorAdvancedView,Avançado
Feature.Avatar.Label.BodyColorAllLimbs,
Feature.Avatar.Label.BodyColorHead,Cabeça
Feature.Avatar.Label.BodyColorLeftArm,Braço esquerdo
Feature.Avatar.Label.BodyColorLeftLeg,Perna esquerda
Feature.Avatar.Label.BodyColorRightArm,Braço direito
Feature.Avatar.Label.BodyColorRightLeg,Perna direita
Feature.Avatar.Label.BodyColorStandardView,
Feature.Avatar.Label.BodyColorTorso,Tronco
Feature.Avatar.Label.BodyParts,Partes do corpo: {bodyPart}
Feature.Avatar.Label.BodySize,Tamanho do corpo
Feature.Avatar.Label.BodyType,Tipo de corpo
Feature.Avatar.Label.Bodysuits,Trajes corporais
Feature.Avatar.Label.Bottom,Calças
Feature.Avatar.Label.Bottoms,Calças e afins
Feature.Avatar.Label.Build,
Feature.Avatar.Label.BuyAvatarQuestion,Você gostaria de comprar este avatar?
Feature.Avatar.Label.BuyLookQuestion,Gostaria de comprar esta roupa?
Feature.Avatar.Label.BuyMakeupQuestion,Deseja comprar este visual de maquiagem?
Feature.Avatar.Label.BuyOutfitLuobuMultiple,Controle seu entretenimento e pratique o consumo racional. Gostaria de comprar [{numItems}] itens?
Feature.Avatar.Label.BuyOutfitLuobuSingle,Controle seu entretenimento e pratique o consumo racional. Gostaria de comprar [[1]] item?
Feature.Avatar.Label.BuyOutfitMultiple,Gostaria de comprar [{numItems}] itens?
Feature.Avatar.Label.BuyOutfitSingle,Gostaria de comprar [[1]] item?
Feature.Avatar.Label.By,De
Feature.Avatar.Label.ClassicFaces,Rostos clássicos
Feature.Avatar.Label.ClassicHeads,Cabeças clássicas
Feature.Avatar.Label.ClassicPants,Calças clássicas
Feature.Avatar.Label.ClassicShirts,Camisas clássicas
Feature.Avatar.Label.ClassicTShirts,Camisetas clássicas
Feature.Avatar.Label.ClearByCategory,Remover {category}
Feature.Avatar.Label.Climb,Escalar
Feature.Avatar.Label.ClimbAnimations,Animações de escalada
Feature.Avatar.Label.CostumeWarning,"O nome só pode conter letras, números e espaços"
Feature.Avatar.Label.CountSelected,{itemCount} selecionado(s)
Feature.Avatar.Label.Creations,Criações
Feature.Avatar.Label.CurrentlyWearing,Vestindo atualmente
Feature.Avatar.Label.DefaultBody,Corpo padrão
Feature.Avatar.Label.DeleteSetBody,Excluir este conjunto não excluirá os looks dentro dele.
Feature.Avatar.Label.Details,Detalhes ({quantity})
Feature.Avatar.Label.DetailsButton,Detalhes
Feature.Avatar.Label.DressesAndSkirts,Vestidos e saias
Feature.Avatar.Label.DuplicateMakeupLookDialog,Você já adicionou este look como “{lookName}”. Adicionar novamente?
Feature.Avatar.Label.DynamicHead,Cabeça dinâmica
Feature.Avatar.Label.DynamicHeads,Cabeças dinâmicas
Feature.Avatar.Label.Emote,Emote
Feature.Avatar.Label.EnterCostumeName,Digite um nome para o novo personagem
Feature.Avatar.Label.EnterNewCostumeName,Digite um nome para este personagem
Feature.Avatar.Label.EyeMakeup,Olhos
Feature.Avatar.Label.Eyebrows,Sobrancelhas
Feature.Avatar.Label.Eyelashes,Cílios
Feature.Avatar.Label.Face,Rosto
Feature.Avatar.Label.FaceMakeup,
Feature.Avatar.Label.FacialAnimation,Animação facial
Feature.Avatar.Label.Fall,Cair
Feature.Avatar.Label.FallAnimations,Animações de queda
Feature.Avatar.Label.Front,Frente
Feature.Avatar.Label.FullBody,Corpo inteiro
Feature.Avatar.Label.FullMasks,Máscaras completas
Feature.Avatar.Label.FullPair,Par completo
Feature.Avatar.Label.Gear,Equipamento
Feature.Avatar.Label.GenericSetError,
Feature.Avatar.Label.GetLookQuestion,Gostaria de obter esta roupa de graça?
Feature.Avatar.Label.GetOutfitMultiple,Você gostaria de obter [{numItems}] itens de graça?
Feature.Avatar.Label.GetOutfitOne,Você gostaria de obter [[1]] item de graça?
Feature.Avatar.Label.Hair,Cabelo
Feature.Avatar.Label.HandAndArm,Mão e braço
Feature.Avatar.Label.Hat,Chapéu
Feature.Avatar.Label.Head,
Feature.Avatar.Label.HeadBody,Cabeça e corpo
Feature.Avatar.Label.HeadRefinement.Adjust.Title,Ajuste de cabeça
Feature.Avatar.Label.HeadRefinement.Adjust.Tooltip,Ajuste a cabeça aqui!
Feature.Avatar.Label.HeadRefinement.CombinedCategories.Tooltip,Todos as clássicas agora estão em Cabeças
Feature.Avatar.Label.HeadRefinement.DH.Title,Formas clássicas
Feature.Avatar.Label.HeadRefinement.Description,Escolha um estilo de cabeça para usar com seu rosto clássico.
Feature.Avatar.Label.HeadRefinement.Description.Unsupported,O ajuste não está disponível para este estilo de cabeça.
Feature.Avatar.Label.HeadRefinement.FacialAnimation,
Feature.Avatar.Label.HeadRefinement.Title,Forma da cabeça
Feature.Avatar.Label.HeadSize,Tamanho da cabeça
Feature.Avatar.Label.Heads,Cabeças
Feature.Avatar.Label.Idle,Inatividade
Feature.Avatar.Label.IdleAnimations,Animações de inatividade
Feature.Avatar.Label.Jacket,Jaqueta
Feature.Avatar.Label.Jackets,Jaquetas
Feature.Avatar.Label.Jump,
Feature.Avatar.Label.JumpAnimations,Animações de salto
Feature.Avatar.Label.LayeredClothingR15Warning,Atualize seu corpo para o tipo R15 para ativar este item.
Feature.Avatar.Label.LayeredClothingSwitchR6Warning,"Personagens R6 são limitados. Se você mudar, todos os itens não suportados serão removidos."
Feature.Avatar.Label.LeftArm,
Feature.Avatar.Label.LeftArms,Braços esquerdos
Feature.Avatar.Label.LeftInitial,L
Feature.Avatar.Label.LeftLeg,
Feature.Avatar.Label.LeftLegs,Pernas esquerdas
Feature.Avatar.Label.LeftShoe,Sapato esquerdo
Feature.Avatar.Label.LeftShoes,Sapatos esquerdos
Feature.Avatar.Label.LipMakeup,Lábios
Feature.Avatar.Label.LoadingSets,Carregando conjuntos
Feature.Avatar.Label.Looks,Visuais
Feature.Avatar.Label.Makeup,Maquiagem
Feature.Avatar.Label.MakeupLayer,Camada {layerIndex}
Feature.Avatar.Label.MakeupLooks,Looks de maquiagem
Feature.Avatar.Label.ManageItems,Gerenciar itens
Feature.Avatar.Label.Message.BlockingSavePrompt,"Se você não salvar agora, perderá todas as mudanças."
Feature.Avatar.Label.Message.DeleteAvatars,Isto não pode ser desfeito.
Feature.Avatar.Label.Message.DuplicateAvatar,Parece que você salvou um avatar semelhante:
Feature.Avatar.Label.ModerationFailed,Falha na moderação
Feature.Avatar.Label.Mood,Humor
Feature.Avatar.Label.MultiNoLongerAvailableInCollection,Estes ativos não estarão mais disponíveis nesta coleção:
Feature.Avatar.Label.MyPostedAvatars.Tooltip,Avatares publicados serão públicos no mercado
Feature.Avatar.Label.Name,
Feature.Avatar.Label.Neck,Pescoço
Feature.Avatar.Label.Newest,Recentes
Feature.Avatar.Label.NoExpiredItems,Nenhum {itemType} expirado
Feature.Avatar.Label.NoItems,Não há itens para {itemType}
Feature.Avatar.Label.NoLongerAvailableInCollection,Eles não estarão mais disponíveis nesta coleção
Feature.Avatar.Label.NoSets,Ainda não há conjuntos
Feature.Avatar.Label.Outerwear,Agasalhos
Feature.Avatar.Label.OutfitIncomplete,A roupa que você criou não foi comprada e não será mostrada dentro da experiência
Feature.Avatar.Label.OutfitPurchaseFailure,Desculpe! [{numItems}] compras falharam!
Feature.Avatar.Label.OutfitPurchaseSuccess,[{numItems}] itens comprados!
Feature.Avatar.Label.PPEEmoteR15Warning,Atualize seu corpo para o tipo R15 para ativar emotes e faça poses com seu avatar.
Feature.Avatar.Label.PPEFinalBody,Ambas as visualizações serão usadas em sua imagem de perfil no aplicativo.
Feature.Avatar.Label.PPEFinalHeader,Prévia
Feature.Avatar.Label.PPEFinalSubheader,Parece bom!
Feature.Avatar.Label.PPEFinishedToast,Imagem de perfil mudada!
Feature.Avatar.Label.PPEPositionCameraHeader,Posicionar câmera
Feature.Avatar.Label.PPEViewCloseupButton,Close-up na visualização
Feature.Avatar.Label.PPEViewFullButton,Ver avatar inteiro
Feature.Avatar.Label.Pants,
Feature.Avatar.Label.PantsClassic,
Feature.Avatar.Label.Photobooth,Cabine de fotos
Feature.Avatar.Label.ProfileFrames,Molduras
Feature.Avatar.Label.ProfileFramesUnlockBanner,Desbloqueie molduras com o Plus
Feature.Avatar.Label.Props,
Feature.Avatar.Label.Purchased,Comprados
Feature.Avatar.Label.QuickMenuCustomizeTitle,Personalizar opções
Feature.Avatar.Label.QuickMenuLandingPageTitle,Opções de avatar
Feature.Avatar.Label.R15,R15
Feature.Avatar.Label.R6,R6
Feature.Avatar.Label.R6R15,R6/R15
Feature.Avatar.Label.RecentlyWorn,Usados recentemente
Feature.Avatar.Label.RemoveFromSetBody,"Este avatar será removido do conjunto, mas não será excluído."
Feature.Avatar.Label.Replace,Substituir
Feature.Avatar.Label.ResetToNewCharacter,Você está mudando para um novo personagem; gostaria de redefinir todos os itens de roupa ou mantê-los?
Feature.Avatar.Label.Right,R
Feature.Avatar.Label.RightArm,
Feature.Avatar.Label.RightArms,Braços direitos
Feature.Avatar.Label.RightInitial,
Feature.Avatar.Label.RightLeg,
Feature.Avatar.Label.RightLegs,Pernas direitas
Feature.Avatar.Label.RightShoe,Sapato direito
Feature.Avatar.Label.RightShoes,Sapatos direitos
Feature.Avatar.Label.Run,Correr
Feature.Avatar.Label.RunAnimations,Animações de corrida
Feature.Avatar.Label.SavedSimilarCharacter,Parece que você já salvou um personagem similar:
Feature.Avatar.Label.SavedSimilarCharacterNoName,Parece que você já salvou um personagem similar
Feature.Avatar.Label.Scenes,Cenários
Feature.Avatar.Label.SearchLandingPage.Title.RecentSearches,Pesquisas recentes
Feature.Avatar.Label.SearchLandingPage.Title.RecentlyViewedItems,Visitadas recentemente
Feature.Avatar.Label.SearchLandingPage.Title.RecentlyViewedSearchItems,Continuar comprando
Feature.Avatar.Label.SelectItem,
Feature.Avatar.Label.SetAvatarCount,{itemCount} avatar
Feature.Avatar.Label.SetLimitReachedBody,Você pode ter até {setLimit} conjuntos. Exclua um para liberar espaço
Feature.Avatar.Label.SetNameDuplicateBody,Você já tem um conjunto com este nome. Escolha outro.
Feature.Avatar.Label.SetNameNotAllowedBody,Escolha outro nome
Feature.Avatar.Label.SharePublicAvatar.Tooltip,Publicar avatares no mercado
Feature.Avatar.Label.Shirt,Camisas
Feature.Avatar.Label.ShirtClassic,Camisa clássica
Feature.Avatar.Label.Shirts,
Feature.Avatar.Label.ShoeL,Sapato (E)
Feature.Avatar.Label.ShoeR,Sapato (D)
Feature.Avatar.Label.Shoes,Sapatos
Feature.Avatar.Label.Shorts,Shorts
Feature.Avatar.Label.Shoulder,Ombro
Feature.Avatar.Label.Skin,Pele
Feature.Avatar.Label.Sweater,Moletom
Feature.Avatar.Label.Sweaters,Moletons
Feature.Avatar.Label.Swim,Nadar
Feature.Avatar.Label.SwimAnimations,Animações de nado
Feature.Avatar.Label.SwitchToR15,Alterar para R15
Feature.Avatar.Label.TShirt,Camiseta
Feature.Avatar.Label.TShirtClassic,Camiseta clássica
Feature.Avatar.Label.Title.AccessoryAdjustment,
Feature.Avatar.Label.Title.AddNewAvatar,Adicionar como novo avatar
Feature.Avatar.Label.Title.AddToMyAvatars,Adicionar aos meus avatares
Feature.Avatar.Label.Title.AddToMyMakeupLooks,Adicionar aos meus visuais de maquiagem
Feature.Avatar.Label.Title.AvatarName,Digite o nome do avatar
Feature.Avatar.Label.Title.AvatarSwitcher,Meus avatares
Feature.Avatar.Label.Title.BlockingSavePrompt,Salvar avatar?
Feature.Avatar.Label.Title.BodyShape,Forma do corpo
Feature.Avatar.Label.Title.ClothingLayering,Camadas de roupa
Feature.Avatar.Label.Title.DeleteMultipleAvatars,Excluir {count} avatares ?
Feature.Avatar.Label.Title.DeleteSingleAvatar,Excluir este avatar?
Feature.Avatar.Label.Title.DuplicateAvatar,Duplicar avatar
Feature.Avatar.Label.Title.Emotes,
Feature.Avatar.Label.Title.HeadAdjustment,
Feature.Avatar.Label.Title.Inventory,
Feature.Avatar.Label.Title.MakeupLayering,Camadas de maquiagem
Feature.Avatar.Label.Title.ManageAvatars,Gerenciar avatares
Feature.Avatar.Label.Title.MyInventory,Meu inventário
Feature.Avatar.Label.Title.ProfilePhoto,Foto do perfil
Feature.Avatar.Label.Title.ReplaceAvatar,Substituir avatar
Feature.Avatar.Label.Title.Save,
Feature.Avatar.Label.Title.SaveToMyAvatars,Salvar em meus avatares
Feature.Avatar.Label.Title.UpdateAvatar,Substituir avatar existente
Feature.Avatar.Label.Title.WearAfterPurchase,Vista após a compra
Feature.Avatar.Label.Title.WearAndSaveAfterPurchase,Vista e salve após compra
Feature.Avatar.Label.Top,
Feature.Avatar.Label.Torso,
Feature.Avatar.Label.Torsos,Troncos
Feature.Avatar.Label.TropicalRunway,Pista tropical
Feature.Avatar.Label.TryOnFail,Falha ao experimentar o item. Tente novamente mais tarde.
Feature.Avatar.Label.TryOnManagerDescriptor,Total: {numItems} itens
Feature.Avatar.Label.Unavailable,N/A
Feature.Avatar.Label.UsedNameLong,Parece que você já usou este nome antes. Quer salvar assim mesmo?
Feature.Avatar.Label.Waist,Cintura
Feature.Avatar.Label.Walk,Andar
Feature.Avatar.Label.WalkAnimations,Animações de caminhada
Feature.Avatar.Label.WholeBody,
Feature.Avatar.Message.AddAvatarAgain,Você já adicionou este avatar como '{prevAvatar}'. Adicionar novamente?
Feature.Avatar.Message.AdjustAndFit,Ajuste seus itens
Feature.Avatar.Message.AlreadyAcquired,Você já tem esse item.
Feature.Avatar.Message.AvatarAdded,'{avatarName}' foi adicionado
Feature.Avatar.Message.AvatarDeleted,Avatar excluído
Feature.Avatar.Message.AvatarRenamed,Avatar renomeado
Feature.Avatar.Message.AvatarUpdated,'{avatarName}' foi atualizado
Feature.Avatar.Message.BulkDeleteMakeupLook,{count} looks de maquiagem excluídos
Feature.Avatar.Message.CameraFacialAnimationPaused,A câmera é temporariamente desativada quando acionando emotes
Feature.Avatar.Message.ClassicHeadAndR6CameraWarning,Cabeças clássicas e Avatares R6 não suportam animação facial
Feature.Avatar.Message.ClearAccessories,Isto removerá todos os acessórios que você está vestindo.
Feature.Avatar.Message.ClearAnimations,Isto removerá todas as animações que você está usando.
Feature.Avatar.Message.ClearBody,Isto removerá tudo o que você está usando no corpo.
Feature.Avatar.Message.ClearClothes,Isto removerá todas as roupas que você está vestindo.
Feature.Avatar.Message.ClearMakeupConfirmation,Isso removerá todos os itens de maquiagem
Feature.Avatar.Message.DeepLinkEquipFailed,O item que você está tentando equipar não está mais disponível
Feature.Avatar.Message.EnhancedAvatarHeads,"Agora, as cabeças clássicas permitem animações faciais. Encontre todas as suas cabeças na seção Cabeças e, em seguida, ajuste o formato e as animações faciais em Ajuste de cabeça."
Feature.Avatar.Message.EquipCostumeConfirmation,Você não salvou este personagem. Quer mesmo trocar de personagem?
Feature.Avatar.Message.ErrorNotAuthorized,O usuário não está autorizado a executar esta ação
Feature.Avatar.Message.FTUXSelfieViewClosedTooltip,Você pode encontrar sua câmera e controles de visão de si aqui
Feature.Avatar.Message.FTUXSelfieViewOpenedTooltip,Use sua câmera para fazer seu avatar sorrir e se mover como você
Feature.Avatar.Message.FaceNotVisible,O rosto selecionado não fica visível nesta cabeça.
Feature.Avatar.Message.FailedAvatarRename,Falha ao renomear avatar
Feature.Avatar.Message.FailedDeleteCostume,Falha ao excluir traje.
Feature.Avatar.Message.FailedRenameCostume,Falha ao renomear personagem
Feature.Avatar.Message.FailedToLoadAvatar,Falha ao carregar avatar
Feature.Avatar.Message.FailedUpdateOutfit,Falha ao atualizar o traje
Feature.Avatar.Message.FailedWritePPE,Falha ao atualizar a foto de perfil
Feature.Avatar.Message.HatLimitTooltip,Você pode vestir até 3 chapéus
Feature.Avatar.Message.InvalidAssetsEquipped,Alguns itens que estavam equipados não estão mais disponíveis.
Feature.Avatar.Message.InvalidItem,Este item não existe.
Feature.Avatar.Message.InvalidName,
Feature.Avatar.Message.LCSortClassicWarning,Itens clássicos não são editáveis
Feature.Avatar.Message.LCSortEntry,Ajustar ordem de roupas
Feature.Avatar.Message.LCSortListTooltip,Arraste e solte a miniatura do item para editar a ordem de camada
Feature.Avatar.Message.LCSortNoEquipped,Nenhum item de roupa 3D equipado. Equipe um item para editar
Feature.Avatar.Message.LCSortResetBody,Seu ajuste será descartado. Gostaria de continuar?
Feature.Avatar.Message.LCSortUnequipBody,Gostaria de remover o item?
Feature.Avatar.Message.LayeredMakeupSortNoEquipped,Nenhum item de maquiagem em camadas equipado. Equipe um item para editar.
Feature.Avatar.Message.LeaveAccessoryAdjustmentWarning,Você não aplicou seus ajustes. Tem certeza de que deseja sair?
Feature.Avatar.Message.LeavingComposerWithoutSave,As alterações feitas não serão salvas se você sair.
Feature.Avatar.Message.LooksAvatarSaved,Você sempre pode editar o nome do seu avatar em personalização
Feature.Avatar.Message.LooksCharacterSaved,Você sempre pode editar o nome do seu personagem em personalização
Feature.Avatar.Message.LooksPurchaseFailedNetworkError,"Erro de rede, tente novamente mais tarde"
Feature.Avatar.Message.LooksPurchasePartialSuccessGenericPP,"{numSuccessItems} itens foram comprados, {numFailureItems} itens falharam"
Feature.Avatar.Message.LooksPurchasePartialSuccessGenericPS,"{numSuccessItems} itens foram comprados, {numFailureItems} item falhou"
Feature.Avatar.Message.LooksPurchasePartialSuccessGenericSP,"{numSuccessItems} item foi comprado, {numFailureItems} itens falharam"
Feature.Avatar.Message.LooksPurchasePartialSuccessGenericSS,
Feature.Avatar.Message.LooksPurchaseSuccessPlural,{numItems} itens comprados!
Feature.Avatar.Message.LooksPurchaseSuccessSingular,{numItems} item comprado!
Feature.Avatar.Message.MakeupLookAdded,Look de maquiagem adicionado
Feature.Avatar.Message.MakeupLookRenamed,Look de maquiagem renomeado
Feature.Avatar.Message.MakeupLookSaved,Você sempre pode editar o nome do seu visual de maquiagem na personalização
Feature.Avatar.Message.MakeupLookUpdated,Look de maquiagem atualizado
Feature.Avatar.Message.MakeupSortNoEquipped,Nenhum item de maquiagem equipado. Equipe um item para editar.
Feature.Avatar.Message.MakeupSortResetBody,
Feature.Avatar.Message.MakeupSortUnequipBody,
Feature.Avatar.Message.ModerationFailed,Um ou mais avatares não cumpriram as nossas Regras da Comunidade.
Feature.Avatar.Message.MultiAvatarDeleted,
Feature.Avatar.Message.NewControlLocationFullBody,"Corpos completos (personagens comprados anteriormente) agora estão localizados sob o espaço de ""Corpo completo""."
Feature.Avatar.Message.NewControlLocationProfile,A foto do perfil está agora no menu Mais
Feature.Avatar.Message.NewCustomize,"Agora é mais rápido e fácil estilizar o seu avatar. Algumas coisas mudaram, então toque e veja o que há de novo."
Feature.Avatar.Message.NoAccessoriesEquipped,Nenhum acessório ajustável disponível.
Feature.Avatar.Message.OutfitCleared,Roupa retirada
Feature.Avatar.Message.PostToMarketplaceTooltip,Sua publicação será pública no Mercado
Feature.Avatar.Message.R15AnimationsPrompt,Atualize seu corpo para o tipo R15 para ativar animações.
Feature.Avatar.Message.R15EmotesPrompt,Atualize seu corpo para o tipo R15 para ativar emotes.
Feature.Avatar.Message.R15StylesPrompt,Atualize seu corpo para o tipo R15 para personalizar estilos de corpo.
Feature.Avatar.Message.ReachedMaxOutfits,Você alcançou o número máximo de trajes.
Feature.Avatar.Message.RenameCostumeSuccess,Renomeado!
Feature.Avatar.Message.ResetAdjustment,
Feature.Avatar.Message.RestoredLastSaved,Último salvamento restaurado
Feature.Avatar.Message.RevertToDefault,Mudar sua foto de perfil de volta para a aparência padrão?
Feature.Avatar.Message.SaveFailure,"Seu avatar não pôde ser salvo. Por favor, tente novamente mais tarde."
Feature.Avatar.Message.SaveSuccess,Avatar salvo
Feature.Avatar.Message.SaveSuccessWithInvalidAssets,Avatar salvo. Alguns itens foram removidos porque eles não estão disponíveis agora.
Feature.Avatar.Message.SaveThrottled,"Por favor, aguarde alguns segundos antes de salvar novamente"
Feature.Avatar.Message.SelectEmote,Selecione um emote para fazer uma pose com seu avatar!
Feature.Avatar.Message.ShareAvatarWithCommunity,Publicar seus avatares no Mercado
Feature.Avatar.Message.ShareAvatarWithCommunityDisclaimer,Links estarão acessíveis quando a moderação for concluída
Feature.Avatar.Message.SharePublicAvatar,Compartilhe seu avatar nas redes sociais para aumentar seu alcance e exibir sua criatividade
Feature.Avatar.Message.TryOnCameraHeadWarning,Cabeças clássicas não suportam Animação facial
Feature.Avatar.Message.UnknownErrorCreatingMakeupLook,Ocorreu um erro desconhecido. O visual de maquiagem não foi criado.
Feature.Avatar.Message.UnknownErrorCreatingOutfit,Ocorreu um erro desconhecido. Roupa não criada.
Feature.Avatar.Message.UpdateOutfitSuccess,Atualizado!
Feature.Avatar.Message.UpdateRequired,"É necessária uma atualização. Para visualizar este item, atualize o aplicativo Roblox para a versão mais recente."
Feature.Avatar.Placeholder.NameYourAvatar,Nomeie seu avatar
Feature.Avatar.Placeholder.WriteAvatarCaption,Escreva uma legenda para seu avatar (opcional)
Feature.Avatar.RevokedItems.BodyText,"""{item}"" da categoria {category} foi removido deste avatar salvo, então reembolsamos a quantia original paga.{lineBreak}Confira a caixa de entrada para conferir os detalhes."
Feature.Avatar.RevokedItems.BodyTextMultiple,"Os seguintes itens foram removidos deste avatar salvo, então reembolsamos a quantia original paga.{lineBreak}{items}{lineBreak}Confira a caixa de entrada para conferir os detalhes."
Feature.Avatar.RevokedItems.ViewInbox,Ver caixa de entrada
Feature.Avatar.SetNameDuplicate,
Feature.Avatar.Text.MakeupLayeringTooltip,Faça camadas na sua maquiagem
Feature.Avatar.Title.AvatarRefinement,Refinamento de avatar
Feature.Avatar.Title.BulkDeleteMakeupLooks,Excluir {count} visuais de maquiagem?
Feature.Avatar.Title.BuyAvatar,Comprar avatar
Feature.Avatar.Title.BuyMakeup,Comprar visual de maquiagem
Feature.Avatar.Title.BuyOutfit,Comprar roupa
Feature.Avatar.Title.ClearAccessoriesConfirmation,Remover todos os acessórios?
Feature.Avatar.Title.ClearAnimationsConfirmation,Remover todas as animações?
Feature.Avatar.Title.ClearBodyConfirmation,Remover corpo?
Feature.Avatar.Title.ClearClothesConfirmation,Remover todas as roupas?
Feature.Avatar.Title.ClearMakeupConfirmation,Remover toda a maquiagem?
Feature.Avatar.Title.CreateSet,
Feature.Avatar.Title.DeleteSet,
Feature.Avatar.Title.DuplicateMakeupLook,Duplicar visual
Feature.Avatar.Title.EnhancedAvatarHeads,Cabeças de avatar aprimoradas
Feature.Avatar.Title.FindYourStyle,Encontre seu estilo
Feature.Avatar.Title.GetOutfit,Obter roupa
Feature.Avatar.Title.LCSortPage,Classificação de roupas
Feature.Avatar.Title.LCSortReset,Redefinir padrões
Feature.Avatar.Title.LCSortUnequip,Remover o item
Feature.Avatar.Title.LayeredMakeupSortPage,
Feature.Avatar.Title.LooksWidget,Inspirações de roupas
Feature.Avatar.Title.MakeupIntroFtux,Apresentamos a maquiagem
Feature.Avatar.Title.MakeupSortPage,
Feature.Avatar.Title.MakeupSortReset,
Feature.Avatar.Title.MakeupSortUnequip,
Feature.Avatar.Title.Move,
Feature.Avatar.Title.NameAvatarOutfit,Dê um nome para o seu avatar
Feature.Avatar.Title.NewCustomizeLook,Personalizar tem uma nova aparência!
Feature.Avatar.Title.NewToMarketplaceItemWidget,Novo no Mercado
Feature.Avatar.Title.OutfitIncomplete,Roupa incompleta
Feature.Avatar.Title.Preview,
Feature.Avatar.Title.RemoveFromSet,
Feature.Avatar.Title.RenameMakeupLook,Renomear visual de maquiagem
Feature.Avatar.Title.RenameSet,
Feature.Avatar.Title.ResetToDefault,
Feature.Avatar.Title.ResetToNewCharacter,Novo personagem
Feature.Avatar.Title.RevertToDefault,Reverter para o padrão
Feature.Avatar.Title.SaveMakeupLook,Dê um nome ao seu visual
Feature.Avatar.Title.SavedAvatarsLocation,Seus avatares salvos estão aqui
Feature.Avatar.Title.SelectEmoteForAvatar,Selecione um emote para fazer uma pose com seu avatar
Feature.Avatar.Title.SelectMakeupLookForUpdate,Selecione um visual de maquiagem
Feature.Avatar.Title.SelectMakeupLooks,Selecionar looks
Feature.Avatar.Title.SelectSet,Selecionar conjunto
Feature.Avatar.Title.SingleDeleteOutfit,Excluir “{outfitName}”?
Feature.Avatar.Title.TrendingItemWidget,Itens em destaque
Feature.Avatar.Title.TrendingLooksWidget,Estilos em destaque
Feature.Avatar.Title.UnsavedChanges,Alterações não salvas
Feature.Avatar.Title.UpdateMakeupLook,Atualizar este visual?
Feature.Avatar.Title.YourTryOns,Suas combinações
Feature.Avatar.Toast.AvatarCaptionExceedMaximum,Legendas estão limitadas a 1.000 caracteres
Feature.Avatar.Toast.AvatarPostSuccessfully,Publicado com sucesso
Feature.Avatar.Toast.AvatarTitleExceedMaximum,Títulos são limitados a 50 caracteres
Feature.Avatar.Toast.ComposeWithoutClothing,O avatar deve usar pelo menos um item de vestuário ou acessório
Feature.Avatar.Toast.MaxOutfitsSelected,Você pode selecionar até {maxSelectCount}
Feature.Avatar.Toast.PostWithParticleEffect,Efeitos de partículas serão visíveis na miniatura final depois que você publicar
Feature.Avatar.Tooltip.CustomizeOverhaulSubcategories,Toque aqui para mudar de categoria
Feature.Avatar.UnavailableItems.BodyText,"{item} ""{category}"" está em análise e indisponível no momento.{lineBreak}Se o item for removido da Roblox, você receberá um reembolso em até uma semana."
Feature.Avatar.UnavailableItems.BodyTextMultiple,"Os seguintes itens estão em análise e indisponíveis no momento.{lineBreak}{items}{lineBreak}Se o item for removido da Roblox, você receberá um reembolso em até uma semana."
Feature.Avatar.UnavailableItems.ConfirmText,
Feature.Avatar.UnavailableItems.TitleText,Item indisponível
Feature.Avatar.tooltip.ExpiredItemsFilter,Encontrar itens de opções por tempo expirados
Feature.AvatarSwitcher.Action.Continue,
Feature.AvatarSwitcher.Action.OK,
Feature.AvatarSwitcher.Action.Respawn,
Feature.AvatarSwitcher.Action.RespawnLater,Salvar para a próxima regeneração
Feature.AvatarSwitcher.Heading.AvatarSwitchedConfirmation,"Avatar trocado para ""{avatarName}"""
Feature.AvatarSwitcher.Heading.PresetAvatars,Esta experiência usa avatares predefinidos
Feature.AvatarSwitcher.Heading.RespawnToSwitch,Regenere para trocar de avatar.
Feature.AvatarSwitcher.Heading.SwitchAvatar,Trocar de avatar
Feature.AvatarSwitcher.Heading.UnknownSupport,Esta experiência pode usar avatares predefinidos
Feature.AvatarSwitcher.Heading.Unsupported,Avatares da Roblox não suportados
Feature.AvatarSwitcher.Label.RespawnLater,Ou salve-o para a próxima vez que você ressurgir. Seu avatar será atualizado na Roblox.
Feature.AvatarSwitcher.Message.AddAvatars,Você pode adicionar mais avatares na aba Personalizar.
Feature.AvatarSwitcher.Message.ExpiredItems,O avatar contém itens expirados
Feature.AvatarSwitcher.Message.NoAvatars,Nenhum avatar disponível
Feature.AvatarSwitcher.Message.PartiallyUnsupported,Esta experiência não suporta algumas partes deste avatar.
Feature.AvatarSwitcher.Message.RespawnNotAllowed,"Esta experiência não permite a regeneração agora. Você verá seu avatar atualizado depois de regenerar, sair ou entrar em outra experiência."
Feature.AvatarSwitcher.Message.SelectAvatar,Selecione um avatar
Feature.AvatarSwitcher.Message.SwitchingDeferred,Você verá este avatar após a próxima regeneração ou ao entrar em uma experiência. Você pode trocar para outro avatar a qualquer momento.
Feature.AvatarSwitcher.Message.UnknownSupport,"Você ainda pode mudar seu avatar, mas ele pode não ser exibido corretamente nesta experiência."
Feature.AvatarSwitcher.Message.Unsupported,Esta experiência usa um avatar personalizado e não oferece suporte a avatares da Roblox.
Feature.BiometricChallenge.Action.Cancel,
Feature.BiometricChallenge.Action.Continue,
Feature.BiometricChallenge.Content.LivenessHostedPrompt,Abra seu navegador externo e tire uma selfie rápida para confirmar que você é humano.
Feature.BiometricChallenge.Content.Loading,Carregando...
Feature.BiometricChallenge.Content.QRHelpFull,{prompt} Baixe o aplicativo da Roblox no seu dispositivo móvel e tente novamente.
Feature.BiometricChallenge.Content.QRHelpPrompt,Não quer escanear?
Feature.BiometricChallenge.Content.ScanQR,Escaneie este código QR com seu celular ou tablet para desbloquear sua conta.
Feature.BiometricChallenge.Title.ConfirmHuman,Confirme que você é humano
Feature.BiometricChallenge.Title.QRHandoff,Confirme que você é humano com o app para dispositivo móvel
Feature.BlockingModal.Action.Block,
Feature.BlockingModal.Action.BlockAndReport,Bloquear e denunciar
Feature.BlockingModal.Action.Cancel,
Feature.BlockingModal.Heading.BlockUser,Bloquear {DisplayName}?
Feature.BlockingModal.Message.BlockConfirmation,"Bloquear este usuário irá removê-los como conexão ou seguidor. Ele não será capaz de enviar mensagens, solicitações ou convites para você.<br /><br />Ele não será notificado de que você o bloqueou."
Feature.BlockingModal.Message.BlockConfirmation.FriendsRename,"Se você bloquear este usuário, ele será removido das suas conexões ou seguidores e não poderá enviar mensagens, solicitações ou convites para você.<br /><br />Ele não será notificado de que você o bloqueou."
Feature.Build.Action.Add,
Feature.Build.Action.AddFriends,Adicionar amizades
Feature.Build.Action.AddPlaytester,Adicionar testador de jogo
Feature.Build.Action.AddPlaytesters,Adicionar testadores de jogo
Feature.Build.Action.AddToPlaytest,Adicionar ao teste de jogo
Feature.Build.Action.Approve,Aprovar
Feature.Build.Action.Archive,Arquivar
Feature.Build.Action.ArchiveGame,Arquivar jogo
Feature.Build.Action.Build,
Feature.Build.Action.Buy,Comprar
Feature.Build.Action.BuyRobux,
Feature.Build.Action.Cancel,
Feature.Build.Action.CopyText,Copiar texto
Feature.Build.Action.Create,
Feature.Build.Action.CreateDeveloperProduct,
Feature.Build.Action.Delete,
Feature.Build.Action.Dismiss,Dispensar
Feature.Build.Action.DontAskAgain,Não perguntar novamente
Feature.Build.Action.DontShowAgain,
Feature.Build.Action.EarnRobux,Ganhe Robux
Feature.Build.Action.Edit,Editar
Feature.Build.Action.HideAutosaved,Ocultar versões salvas automaticamente
Feature.Build.Action.ManageLimit,Gerenciar limite
Feature.Build.Action.Next,Avançar
Feature.Build.Action.NotNow,
Feature.Build.Action.NotifyMe,Me enviar notificação
Feature.Build.Action.OK,
Feature.Build.Action.OpenSettings,Abrir configurações
Feature.Build.Action.Play,Jogar
Feature.Build.Action.Playtest,Teste de jogo
Feature.Build.Action.Preview,Pré-visualização
Feature.Build.Action.Publish,
Feature.Build.Action.PublishLatest,Publicar mais recente
Feature.Build.Action.Reject,Rejeitar
Feature.Build.Action.Restore,Restaurar
Feature.Build.Action.Resume,Currículo
Feature.Build.Action.Retry,
Feature.Build.Action.Revert,
Feature.Build.Action.Save,
Feature.Build.Action.SetDailyLimit,Definir um limite diário
Feature.Build.Action.SetLimit,Definir limite
Feature.Build.Action.Settings,
Feature.Build.Action.Share,
Feature.Build.Action.ShareLink,Compartilhar link
Feature.Build.Action.ShowMore,
Feature.Build.Action.Stats,Estatísticas
Feature.Build.Action.Submit,
Feature.Build.Action.UpdateRating,Atualizar classificação
Feature.Build.Action.UpdateWithChanges,Atualizar com alterações
Feature.Build.Action.View,
Feature.Build.Action.ViewUsage,Ver uso
Feature.Build.Analytics.AnalyzeChatPrompt,Qual é o meu {analyzeName} nos últimos {days} dias?
Feature.Build.Analytics.AnalyzeName.Arppu,média de ganhos por usuário pagante
Feature.Build.Analytics.AnalyzeName.D1Retention,retenção no dia 1
Feature.Build.Analytics.AnalyzeName.DailyActiveUsers,usuários ativos diários
Feature.Build.Analytics.AnalyzeName.PayerConversion,conversão de pagadores
Feature.Build.Analytics.AnalyzeName.PlaythroughRate,taxa de conclusão
Feature.Build.Analytics.AnalyzeName.TotalPlaytime,tempo total de jogo
Feature.Build.Analytics.Description.Arppu,A Média de Ganhos por Usuário Pagante divide o total de Robux ganho pelo número de jogadores pagantes. Ela mostra quanto cada comprador gasta em média.
Feature.Build.Analytics.Description.D1Retention,A retenção do dia 1 determina quantos jogadores iniciantes retornam um dia depois. É um sinal preliminar de quão cativante é a sua experiência.
Feature.Build.Analytics.Description.DailyActiveUsers,Os Usuários Ativos Diários contam os jogadores distintos que iniciaram sua experiência a cada dia. Acompanhe para ver quantas pessoas continuam voltando e para identificar crescimento ou queda.
Feature.Build.Analytics.Description.PayerConversion,A conversão de pagadores é a porcentagem de jogadores que gastaram Robux na sua experiência. Use-a para avaliar o quão bem sua monetização transforma jogadores em compradores.
Feature.Build.Analytics.Description.PlaythroughRate,A taxa de conclusão é a porcentagem de visitas que completaram uma sessão de jogo inteira. Taxas mais altas sugerem que os jogadores acham sua experiência fácil de começar e que vale a pena terminar.
Feature.Build.Analytics.Description.TotalPlaytime,O tempo total de jogo soma o tempo que todos os jogadores passaram na sua experiência durante o período. O aumento do tempo de jogo geralmente indica sessões mais envolventes.
Feature.Build.Analytics.DurationHours,{number} horas
Feature.Build.Analytics.KeyStats,Principais estatísticas
Feature.Build.Analytics.LastMonth,Mês passado
Feature.Build.Analytics.LastWeek,
Feature.Build.Analytics.Likes,Curtidas
Feature.Build.Analytics.Month.Apr,
Feature.Build.Analytics.Month.Aug,
Feature.Build.Analytics.Month.Dec,
Feature.Build.Analytics.Month.Feb,
Feature.Build.Analytics.Month.Jan,
Feature.Build.Analytics.Month.Jul,Jul.
Feature.Build.Analytics.Month.Jun,Jun.
Feature.Build.Analytics.Month.Mar,
Feature.Build.Analytics.Month.May,
Feature.Build.Analytics.Month.Nov,
Feature.Build.Analytics.Month.Oct,
Feature.Build.Analytics.Month.Sep,
Feature.Build.Analytics.NoData,Sem dados disponíveis
Feature.Build.Analytics.Overview,Visão geral
Feature.Build.Analytics.Percent,{number}%
Feature.Build.Analytics.Players,Jogadores
Feature.Build.Analytics.Sheet.Analyze,Analisar
Feature.Build.Analytics.Sheet.ViewInOverview,Visualização na visão geral
Feature.Build.Analytics.Summary.Arppu,Média de Robux ganhos por jogador pagante.
Feature.Build.Analytics.Summary.D1Retention,Porcentagem de novos jogadores que retornam no dia seguinte.
Feature.Build.Analytics.Summary.DailyActiveUsers,Jogadores diferentes que entraram durante o período selecionado.
Feature.Build.Analytics.Summary.PayerConversion,Porcentagem de jogadores que fizeram uma compra.
Feature.Build.Analytics.Summary.PlaythroughRate,Parcela de sessões que alcançaram uma conclusão completa.
Feature.Build.Analytics.Summary.TotalPlaytime,Total de horas que os jogadores passaram na sua experiência.
Feature.Build.Analytics.Title.Arppu,Média de Ganhos por Usuário Pagante
Feature.Build.Analytics.Title.ConcurrentUsers,Total de jogadores
Feature.Build.Analytics.Title.D1Retention,Retenção após 1 dia
Feature.Build.Analytics.Title.DailyActiveUsers,Usuários ativos por dia
Feature.Build.Analytics.Title.PayerConversion,Conversão de pagadores
Feature.Build.Analytics.Title.PlaythroughRate,Taxa de conclusão
Feature.Build.Analytics.Title.TotalPlaytime,Tempo de jogo total
Feature.Build.Analytics.Visits,Acessos
Feature.Build.Content.NewGame,Novo jogo
Feature.Build.Description.ActivateDeveloperProduct,Coloque o produto de desenvolvedor {PRODUCT_ID} à venda.
Feature.Build.Description.AdCampaignModerationReview,Todas as campanhas publicitárias são analisadas pela moderação da Roblox. Esse processo pode levar até 24 horas.
Feature.Build.Description.AdCampaignSheetRunDates,É exibido de {startDate} a {endDate}
Feature.Build.Description.AdvertisingAgreement,"Ao prosseguir, você concorda com os {advertisingTermsStart}Termos de Publicidade{advertisingTermsEnd} e os {advertisingStandardsStart}Padrões de Publicidade{advertisingStandardsEnd} da Roblox."
Feature.Build.Description.ArchiveRemoval,"Se você arquivar este jogo, ele será removido da aba Criar. Você ainda poderá acessá-lo e restaurá-lo no Salão dos Criadores ou no Roblox Studio."
Feature.Build.Description.AutoBuyUsage,Use seu Robux para comprar mais limite para função Criar automaticamente enquanto cria. Você pode definir um limite de gastos diários a qualquer momento.
Feature.Build.Description.BoostAudienceForPlays,Aumente seu público para obter mais jogadas.
Feature.Build.Description.BuildIdeaGame,Transforme suas ideias em um jogo
Feature.Build.Description.BuildReplyNotif,Receba uma notificação quando a função Criar tiver uma resposta para você.
Feature.Build.Description.BuyRobuxToCreate,"Compre mais Robux para continuar criando ou aguarde até amanhã, quando o seu limite gratuito da função Criar será restabelecido."
Feature.Build.Description.BuyUsageOrWait,Use Robux para comprar mais limite para a função Criar ou aguarde o seu limite diário ser restabelecido.
Feature.Build.Description.CampaignRunDates,Sua campanha será executada de {startDate} a {endDate}
Feature.Build.Description.ChoosePlaytesters,Escolha amizades para ajudar você a testar o jogo.
Feature.Build.Description.CreateDeveloperProduct,"Criar ""{NAME}"" por {PRICE} Robux, fora de venda."
Feature.Build.Description.DeactivateDeveloperProduct,Remova o produto de desenvolvedor {PRODUCT_ID} da venda.
Feature.Build.Description.EarnedRobuxAppliedFirst,"Se você ganhou Robux, eles serão aplicados primeiro ao custo da campanha publicitária."
Feature.Build.Description.EnableBuildNotifs,Ative as notificações nas configurações do seu dispositivo para receber atualizações da função Criar.
Feature.Build.Description.FriendsLinkOnly,Só suas amizades podem acessar este link. Altere a configuração de público do seu jogo se quiser que mais pessoas joguem.
Feature.Build.Description.GameCreationDone,Finalizei a criação e a publicação do seu jogo. Você pode abri-lo para fazer testes.
Feature.Build.Description.GameSavedPlaytest,Finalizei a criação do seu jogo e salvei uma nova versão. Você pode abri-lo para testar.
Feature.Build.Description.HubSettings,Gerencie todas as configurações no Salão dos Criadores
Feature.Build.Description.InviteFriendLimit,"Escolha até {MAX_INVITES} amizades e, em seguida, compartilhe o link para o jogo."
Feature.Build.Description.MakeAudienceAvail,Publique sua experiência para disponibilizá-la para este público.
Feature.Build.Description.ManageAppearance,Gerencie como seu jogo aparece para outras pessoas.
Feature.Build.Description.ManageDeveloperProduct,Gerencie o produto de desenvolvedor.
Feature.Build.Description.NoMonetizationProducts,Descreva um item que você quer criar para começar a ganhar Robux no seu jogo
Feature.Build.Description.PlayAfterPublish,Escolha quem poderá jogar depois que você publicar esta experiência.
Feature.Build.Description.PlaytestLatest,Você está testando sua versão mais recente. Publique-a quando estiver tudo pronto para compartilhar.
Feature.Build.Description.PlaytestLocked,Você pode começar o teste de jogo depois de criar seu primeiro jogo.
Feature.Build.Description.PlaytesterAccess,Adicione amizades para testarem o jogo ou altere a configuração de público do seu jogo para permitir que mais pessoas joguem.
Feature.Build.Description.PrivateShare,Altere a configuração de público do seu jogo para compartilhá-lo.
Feature.Build.Description.PromoteGameWithAdCampaign,Aumente seu público com uma campanha de anúncios de {durationDays} dias e deixe seu jogo ser descoberto.
Feature.Build.Description.RaiseLimitOrWait,Aumente seu limite diário de Robux para continuar criando ou aguarde até amanhã para que seja restabelecido.
Feature.Build.Description.RatingAgreement,"Ao publicar, você concorda que esta classificação de conteúdo está correta."
Feature.Build.Description.RestoreLatest,Esta versão se tornará sua versão mais recente publicada.
Feature.Build.Description.RevertToVersion,Confirme para reverter a última alteração e voltar para {VERSION}.
Feature.Build.Description.ShareLatest,Compartilhe o que mudou na sua versão mais recente.
Feature.Build.Description.UpdateDeveloperProduct,Atualize o produto de desenvolvedor {PRODUCT_ID}.
Feature.Build.Description.VersionChanges,Diga aos jogadores o que mudou nesta versão.
Feature.Build.Error.DeveloperProductDescriptionTooLong,A descrição deve ter 1.000 caracteres ou menos.
Feature.Build.Error.DeveloperProductNameRequired,Insira um nome de produto.
Feature.Build.Error.DeveloperProductNameTooLong,O nome deve ter 50 caracteres ou menos.
Feature.Build.Error.DeveloperProductPriceInvalid,O preço deve ser um número inteiro de 1 a 1.000.000.000 Robux.
Feature.Build.Error.DeveloperProductTextModerated,A moderação da Roblox alterou o texto deste produto. Tente usar palavras diferentes.
Feature.Build.Header.AccessSharing,Acesso e compartilhamento
Feature.Build.Header.AllVersions,Todas as versões
Feature.Build.Header.ContentMaturity,Maturidade do conteúdo
Feature.Build.Header.CustomAnswer,Resposta personalizada
Feature.Build.Header.GameDetails,Detalhes do jogo
Feature.Build.Header.Overview,
Feature.Build.Header.PastCampaigns,Campanhas anteriores
Feature.Build.Header.UpdateDetails,Atualizar detalhes
Feature.Build.Label.Access,Acesso
Feature.Build.Label.AdClicks,Cliques no anúncio
Feature.Build.Label.AdViews,Visualizações de anúncios
Feature.Build.Label.AdditionalUsage,Limite de uso adicional da função Criar
Feature.Build.Label.AdditionalUsed,{USED} de {LIMIT} usado(s)
Feature.Build.Label.AdsManager,Gerenciador de publicidade
Feature.Build.Label.All,
Feature.Build.Label.AmountAvailable,{AMOUNT} disponível
Feature.Build.Label.Autosaved,Salvo automaticamente
Feature.Build.Label.Available,disponível(is)
Feature.Build.Label.AvailableForPurchase,Disponível para compra
Feature.Build.Label.BackToBuild,"Voltar para ""Construir"""
Feature.Build.Label.Building,Criando…
Feature.Build.Label.CaptureLibrary,Biblioteca de capturas
Feature.Build.Label.CaptureSelectionCount,{SELECTED_COUNT} de {MAX_SELECTIONS} selecionados
Feature.Build.Label.ContentRating,Classificação de conteúdo
Feature.Build.Label.Created,Criado
Feature.Build.Label.CreatedDate,{DAY} de {MONTH} de {YEAR}
Feature.Build.Label.CreatorHub,Salão dos Criadores
Feature.Build.Label.DateRange,{startDate} – {endDate}
Feature.Build.Label.DefaultDeveloperProduct,Produto {PRODUCT_ID}
Feature.Build.Label.DefaultDeveloperProductName,produto de desenvolvedor
Feature.Build.Label.Deleted,Excluído
Feature.Build.Label.DescribeIdea,Descreva uma ideia
Feature.Build.Label.Description,
Feature.Build.Label.DeveloperProductDescription,Descrição: {DESCRIPTION}
Feature.Build.Label.DeveloperProductName,"Nome: ""{NAME}"""
Feature.Build.Label.DeveloperProductPrice,Preço: {PRICE} Robux
Feature.Build.Label.DeveloperProductPriceUnavailable,?
Feature.Build.Label.Done,
Feature.Build.Label.EasyPerformanceReport,Relatório de desempenho fácil
Feature.Build.Label.Error,
Feature.Build.Label.Free,Grátis
Feature.Build.Label.FreeBuildUsage,Limite de uso gratuito da função Criar
Feature.Build.Label.Friends,
Feature.Build.Label.FriendsOnly,Apenas amizades
Feature.Build.Label.GamePlays,Jogadas
Feature.Build.Label.GetMoreBuildUsage,Obtenha mais limite de uso para a função Criar
Feature.Build.Label.Hi,Olá
Feature.Build.Label.IconThumbnails,Ícone e miniaturas
Feature.Build.Label.Images2D,Imagens 2D
Feature.Build.Label.InProgress,Em andamento
Feature.Build.Label.InputNeeded,Informações necessárias
Feature.Build.Label.InviteCount,{COUNT}/{MAX_INVITES}
Feature.Build.Label.Limited,Limitado
Feature.Build.Label.Live,Publicado
Feature.Build.Label.Loading,Carregando…
Feature.Build.Label.MaximizeForGamePlays,Aumente as jogadas ao máximo
Feature.Build.Label.Models3D,Modelos 3D
Feature.Build.Label.Name,
Feature.Build.Label.NoLimit,Sem limite
Feature.Build.Label.NotStarted,Não iniciado
Feature.Build.Label.OffSale,
Feature.Build.Label.OnSale,À venda
Feature.Build.Label.Pending,Pendente
Feature.Build.Label.PercentUsed,Uso: {PERCENT}%
Feature.Build.Label.PlayTime,Tempo de jogo
Feature.Build.Label.PreviouslyPublished,Publicado anteriormente
Feature.Build.Label.Price,Preço
Feature.Build.Label.PriceUnavailable,--
Feature.Build.Label.Pricing,Preços
Feature.Build.Label.Private,Privada
Feature.Build.Label.Public,Pública
Feature.Build.Label.PubliclyUnavailable,Indisponível para o público
Feature.Build.Label.Published,Publicada
Feature.Build.Label.Purchased,
Feature.Build.Label.Ready,
Feature.Build.Label.RegionalPricing,Preços regionais
Feature.Build.Label.ResetsDaily,Reinicia diariamente
Feature.Build.Label.RestoredVersion,Versão {VERSION} restaurada
Feature.Build.Label.RobuxUsage,{USED}/{LIMIT}
Feature.Build.Label.Search,
Feature.Build.Label.SearchAssets,Pesquisar ativos
Feature.Build.Label.SearchGames,Pesquisar jogos
Feature.Build.Label.SearchTasks,Pesquisar tarefas
Feature.Build.Label.SelectOption,Selecione uma opção
Feature.Build.Label.ShareAddedFriends,Compartilhe com as amizades que você adicionou
Feature.Build.Label.Shared,Compartilhado
Feature.Build.Label.Sounds,Sons
Feature.Build.Label.TargetAllRobloxPlayers,Segmente todos os jogadores da Roblox
Feature.Build.Label.Thinking,Pensando
Feature.Build.Label.Title,Título
Feature.Build.Label.TitleDescription,Título e descrição
Feature.Build.Label.Tool,ferramenta
Feature.Build.Label.ToolAssetDone,Ativo inserido
Feature.Build.Label.ToolAssetFailed,Não foi possível inserir o ativo
Feature.Build.Label.ToolAssetRunning,Inserindo o ativo
Feature.Build.Label.ToolAssetSearchDone,Pesquisa na biblioteca de ativos concluída
Feature.Build.Label.ToolAssetSearchFailed,Não foi possível realizar a pesquisa na biblioteca de ativos
Feature.Build.Label.ToolAssetSearchRunning,Pesquisando na biblioteca de ativos
Feature.Build.Label.ToolClientDMDone,Pesquisa no DataModel do cliente concluída
Feature.Build.Label.ToolClientDMFailed,Não foi possível realizar a pesquisa no DataModel do cliente
Feature.Build.Label.ToolClientDMRunning,Pesquisando no DataModel do cliente
Feature.Build.Label.ToolGameInfoDone,Informações do jogo atualizadas
Feature.Build.Label.ToolGameInfoFailed,Não foi possível atualizar as informações do jogo
Feature.Build.Label.ToolGameInfoRunning,Atualizando as informações do jogo
Feature.Build.Label.ToolGameSaveDone,Jogo salvo
Feature.Build.Label.ToolGameSaveFailed,Não foi possível salvar o jogo
Feature.Build.Label.ToolGameSaveRunning,Salvando o jogo
Feature.Build.Label.ToolImageDone,Imagem gerada
Feature.Build.Label.ToolImageFailed,Não foi possível gerar a imagem
Feature.Build.Label.ToolImageRunning,Gerando a imagem
Feature.Build.Label.ToolInspectDone,Instância do cliente inspecionada
Feature.Build.Label.ToolInspectFailed,Não foi possível inspecionar a instância do cliente
Feature.Build.Label.ToolInspectRunning,Inspecionando a instância do cliente
Feature.Build.Label.ToolLogsDone,Registros solicitados
Feature.Build.Label.ToolLogsFailed,Não foi possível solicitar os registros
Feature.Build.Label.ToolLogsRunning,Solicitando os registros
Feature.Build.Label.ToolLuauDone,Luau executado
Feature.Build.Label.ToolLuauFailed,Não foi possível executar o Luau
Feature.Build.Label.ToolLuauRunning,Executando o Luau
Feature.Build.Label.ToolModelDone,Modelo 3D gerado
Feature.Build.Label.ToolModelFailed,Não foi possível gerar o modelo 3D
Feature.Build.Label.ToolModelRunning,Gerando o modelo 3D
Feature.Build.Label.ToolPlanPresentDone,Plano apresentado
Feature.Build.Label.ToolPlanPresentFailed,Não foi possível apresentar o plano
Feature.Build.Label.ToolPlanPresentRunning,Apresentando o plano
Feature.Build.Label.ToolPlanUpdateDone,Plano atualizado
Feature.Build.Label.ToolPlanUpdateFailed,Não foi possível atualizar o plano
Feature.Build.Label.ToolPlanUpdateRunning,Atualizando o plano
Feature.Build.Label.ToolPrimitiveDone,Forma primitiva gerada
Feature.Build.Label.ToolPrimitiveFailed,Não foi possível gerar a forma primitiva
Feature.Build.Label.ToolPrimitiveRunning,Gerando a forma primitiva
Feature.Build.Label.ToolQuestionDone,Fez uma pergunta
Feature.Build.Label.ToolQuestionFailed,Não foi possível fazer uma pergunta
Feature.Build.Label.ToolQuestionRunning,Fazendo uma pergunta
Feature.Build.Label.ToolReqUpdateDone,Requisitos atualizados
Feature.Build.Label.ToolReqUpdateFailed,Não foi possível atualizar os requisitos
Feature.Build.Label.ToolReqUpdateRunning,Atualizando os requisitos
Feature.Build.Label.ToolScriptDone,Script executado
Feature.Build.Label.ToolScriptFailed,Não foi possível executar o script
Feature.Build.Label.ToolScriptRunning,Executando o script
Feature.Build.Label.ToolSkillLoadDone,Habilidade carregada
Feature.Build.Label.ToolSkillLoadFailed,Não foi possível carregar a habilidade
Feature.Build.Label.ToolSkillLoadRunning,Carregando a habilidade
Feature.Build.Label.ToolSkillsDone,Habilidades disponíveis listadas
Feature.Build.Label.ToolSkillsFailed,Não foi possível listar as habilidades disponíveis
Feature.Build.Label.ToolSkillsRunning,Listando as habilidades disponíveis
Feature.Build.Label.ToolTasksPlanDone,Tarefas planejadas
Feature.Build.Label.ToolTasksPlanFailed,Não foi possível planejar as tarefas
Feature.Build.Label.ToolTasksPlanRunning,Planejando suas tarefas
Feature.Build.Label.ToolThumbnailDone,Miniatura do jogo definida
Feature.Build.Label.ToolThumbnailFailed,Não foi possível definir a miniatura do jogo
Feature.Build.Label.ToolThumbnailRunning,Definindo a miniatura do jogo
Feature.Build.Label.UniverseNumber,Universo {UNIVERSE_ID}
Feature.Build.Label.Unknown,Desconhecido
Feature.Build.Label.UnlimitedUsed,{USED} usado(s) • Sem limite
Feature.Build.Label.UpdateTitleDesc,Atualizar título e descrição
Feature.Build.Label.Updated,Atualizado
Feature.Build.Label.Usage,Limite de uso
Feature.Build.Label.UsageUsed,Uso: {USED}
Feature.Build.Label.UsernameHandle,@{USERNAME}
Feature.Build.Label.Version,Versão
Feature.Build.Label.VersionCompact,v{VERSION_NUMBER}
Feature.Build.Label.VersionDate,{VERSION} · {CREATED_DATE}
Feature.Build.Label.VersionPadded,v0{VERSION_NUMBER}
Feature.Build.Label.VersionTitleDesc,Título e descrição da versão
Feature.Build.Label.Video,Vídeo
Feature.Build.Message.AccountRequirements,Sua conta não atende aos requisitos para usar a função Criar.
Feature.Build.Message.AccountTooNew,Sua conta é muito recente para publicar. Tente novamente quando ela tiver 2 dias.
Feature.Build.Message.AdCampaignCreateFailed,Não foi possível criar sua campanha. Tente novamente.
Feature.Build.Message.AdCampaignCreated,Campanha de anúncios criada
Feature.Build.Message.AdPerformanceLoadFailed,Não foi possível carregar o desempenho da publicidade
Feature.Build.Message.AdsPromotionBannerSubtitle,Aumente seu público gratuitamente
Feature.Build.Message.AdsPromotionBannerTitle,Você tem {promotionCount} promoções gratuitas restantes
Feature.Build.Message.AdsPromotionBannerTitleSingular,Você tem 1 promoção gratuita restante
Feature.Build.Message.AdsStatsEmpty,Aumente seu público com uma campanha de anúncios e faça com que seu jogo seja descoberto
Feature.Build.Message.AdsStatsEmptyFree,Aumente seu público com uma campanha de anúncios gratuita e faça com que seu jogo seja descoberto
Feature.Build.Message.AllFriendsAdded,Você adicionou todas as suas amizades como testadores.
Feature.Build.Message.AnswerBuildQuestion,Responda à pergunta da função Criar abaixo.
Feature.Build.Message.AssetDetailsUnavailable,Os detalhes do ativo não estão disponíveis.
Feature.Build.Message.AssetsLoadFailed,Não foi possível carregar os ativos.
Feature.Build.Message.AudienceIneligible,Não é elegível para este público
Feature.Build.Message.BuildAccountBlocked,A função Criar não está disponível para sua conta no momento.
Feature.Build.Message.BuildBusy,A função Criar está indisponível. Aguarde um minuto e tente novamente.
Feature.Build.Message.BuildConnectFailed,Não foi possível acessar a função Criar. Tente novamente.
Feature.Build.Message.BuildInternalError,A função Criar encontrou um problema. Tente novamente.
Feature.Build.Message.BuildResponseFailed,A função Criar não respondeu. Tente novamente.
Feature.Build.Message.BuildStillWorking,"Estamos resolvendo isso. Você pode sair do aplicativo, jogar Roblox ou iniciar outro projeto enquanto espera."
Feature.Build.Message.BuildStopped,Você interrompeu a função Criar.
Feature.Build.Message.BuildTemporarilyDown,A função Criar está temporariamente indisponível. Tente novamente em um minuto.
Feature.Build.Message.CompletedTasks,{COUNT} tarefas concluídas
Feature.Build.Message.ConversationGone,Esta conversa não está mais disponível. Inicie uma nova.
Feature.Build.Message.ConversationNotFound,Não foi possível encontrar esta conversa. Inicie uma nova.
Feature.Build.Message.CreateGameToUseBuild,Crie um jogo novo para começar a usar a função Criar.
Feature.Build.Message.CreatedRevertedVer,Uma versão revertida foi criada.
Feature.Build.Message.ErrorCodeText,({ERROR_CODE}) {ERROR_TEXT}
Feature.Build.Message.ExpandAudience,Aumente a elegibilidade do seu público no Salão dos Criadores
Feature.Build.Message.ExperiencesLoadFailed,Não foi possível carregar as experiências
Feature.Build.Message.FailedTitle,Houve um erro em {TITLE}
Feature.Build.Message.FinishedTitle,{TITLE} concluído
Feature.Build.Message.FriendsLoadFailed,Não foi possível carregar suas amizades. Tente novamente.
Feature.Build.Message.GameNotCreated,Seu jogo não foi criado. Tente novamente.
Feature.Build.Message.GamePublishFailed,Não foi possível publicar seu jogo. Tente novamente.
Feature.Build.Message.GameShared,Jogo compartilhado
Feature.Build.Message.GameSharedWith,Jogo compartilhado com {DISPLAY_NAME}
Feature.Build.Message.HiDisplayName,"Olá, {DISPLAY_NAME}!"
Feature.Build.Message.ImageUploadFailed,Não foi possível enviar suas imagens. Tente novamente.
Feature.Build.Message.InvalidMessage,Algo deu errado com sua mensagem. Escreva outra e tente novamente.
Feature.Build.Message.InvitesLoadFailed,Não foi possível carregar os convites
Feature.Build.Message.LimitBelowSpend,O limite não pode ser inferior ao(s) {ALREADY_SPENT} Robux que você já gastou hoje.
Feature.Build.Message.LinkCopied,Link copiado para área de transferência.
Feature.Build.Message.LoadingVersions,Carregando o histórico de versões...
Feature.Build.Message.NoAssetsFound,Nenhum ativo encontrado.
Feature.Build.Message.NoCapturesAvailable,Nenhuma captura disponível
Feature.Build.Message.NoDescriptionProvided,Nenhuma descrição foi fornecida.
Feature.Build.Message.NoFriendsToAdd,"Você ainda não tem amizades para adicionar. Primeiro, encontre pessoas para se conectar no Roblox."
Feature.Build.Message.NoResults,
Feature.Build.Message.NoVersionHistory,Ainda não há histórico de versões.
Feature.Build.Message.OneTaskCompleted,1 tarefa concluída
Feature.Build.Message.OutOfBuildUsage,Você esgotou o limite de uso da função Criar. Veja suas opções para utilizar Robux e continuar criando.
Feature.Build.Message.PlaytestersAdded,{INVITED_COUNT} de {MAX_INVITES} testadores adicionados
Feature.Build.Message.PublicPublishFailed,"Seu jogo foi publicado, mas não foi possível torná-lo público. Tente novamente."
Feature.Build.Message.PublishExpandAudience,Publique para ampliar seu público
Feature.Build.Message.PublishNotReverted,Sua publicação não foi revertida. Tente novamente.
Feature.Build.Message.PublishPromotionUpsell,Parabéns por publicar seu jogo! Você tem {promotionCount} promoções gratuitas disponíveis para conquistar mais jogadores na Roblox.
Feature.Build.Message.PublishPromotionUpsellSingular,Parabéns por publicar seu jogo! Você tem 1 promoção gratuita disponível para conquistar mais jogadores na Roblox.
Feature.Build.Message.PublishReverted,Publicação revertida.
Feature.Build.Message.QuestionnaireNeeded,Este jogo foi editado fora da função Criar. Preencha o questionário de conteúdo para publicar.
Feature.Build.Message.ReadyToPlay,Seu jogo está pronto para ser jogado na Roblox!
Feature.Build.Message.ResetHours,Reinicia em {HOURS} horas
Feature.Build.Message.ResetOneHour,Reinicia em 1 hora
Feature.Build.Message.RestoreVersionFailed,Não foi possível restaurar esta versão. Tente novamente.
Feature.Build.Message.RevertVersionFail,Uma versão revertida não foi criada. Tente novamente.
Feature.Build.Message.RunningTitle,Executando {title}
Feature.Build.Message.SafetyPolicy,Esta mensagem vai contra a nossa política de segurança. Escreva outra e tente novamente.
Feature.Build.Message.SaveChangesFailed,Não foi possível salvar as alterações. Tente novamente.
Feature.Build.Message.ShareExperience,Compartilhar {EXPERIENCE_NAME}
Feature.Build.Message.ShareLinkFailed,Não foi possível criar o link de compartilhamento. Tente novamente.
Feature.Build.Message.SignedOut,Você saiu. Entre e tente novamente.
Feature.Build.Message.TasksCompleted,{NUM_COMPLETED_TASKS} tarefas concluídas
Feature.Build.Message.ThinkingSeconds,Pensando há {SECONDS} segundos
Feature.Build.Message.TryAgain,Tente novamente
Feature.Build.Message.TurnToPortrait,Coloque seu dispositivo no modo retrato para continuar trabalhando no jogo.
Feature.Build.Message.VersionHistoryLoad,Não foi possível carregar o histórico de versões.
Feature.Build.Message.WhatToCreate,O que você quer criar hoje?
Feature.Build.Message.WorkedMinutesSeconds,Trabalhou por {MINUTES} min e {REM_SECONDS} segundos
Feature.Build.Message.WorkedSeconds, Trabalhou por {SECONDS} segundos
Feature.Build.Message.WorkingOnTasks,Executando suas tarefas
Feature.Build.Notification.Message.Continue,Retome o chat de criação para continuar.
Feature.Build.Notification.Message.Review,Retome o chat de criação para revisar o resultado.
Feature.Build.Notification.Title.Finished,Criação concluída
Feature.Build.Notification.Title.NeedInput,A criação precisa da sua contribuição
Feature.Build.Placeholder.DescribeProduct,Descreva o que você quer vender
Feature.Build.Placeholder.DescribeProductUpdate,Descreva uma atualização
Feature.Build.Prompt.CreateDeveloperProduct,"Me ajude a criar um produto de desenvolvedor, conectá-lo ao jogo, verificar e publicar as alterações e disponibilizá-lo para compra."
Feature.Build.Title.AdCampaignActive,A campanha de anúncios está ativa
Feature.Build.Title.AdCampaignDuration,Campanha de anúncios de {durationDays} dias
Feature.Build.Title.AddFriendsToPlaytest,Adicione amizades para ajudar você a testar o jogo
Feature.Build.Title.AddImages,Adicionar imagens
Feature.Build.Title.AdsStatsEmpty,Iniciar uma campanha
Feature.Build.Title.AdsStatsEmptyFree,Inicie sua primeira campanha
Feature.Build.Title.ArchiveThisGame,Arquivar este jogo?
Feature.Build.Title.AssetLibrary,Biblioteca
Feature.Build.Title.Audience,Público
Feature.Build.Title.BuildQuestion,A função Criar tem uma pergunta
Feature.Build.Title.BuildQuestions,A função Criar tem algumas perguntas
Feature.Build.Title.BuildUnavailable,A função Criar não está disponível
Feature.Build.Title.BuildUsage,Limite de uso da função Criar
Feature.Build.Title.ChangesNotLive,Suas alterações ainda não estão ativas
Feature.Build.Title.ChatBuildUnavailable,A função Criar está indisponível.
Feature.Build.Title.Content,Conteúdo
Feature.Build.Title.DailyRobuxReached,Limite diário de Robux atingido
Feature.Build.Title.DeveloperProduct,Produto de desenvolvedor
Feature.Build.Title.EditDeveloperProduct,Editar produto
Feature.Build.Title.ExperienceAudience,Público da experiência
Feature.Build.Title.FreeUsageReached,O limite de uso gratuito da função Criar foi atingido
Feature.Build.Title.FriendsOnlyPlay,Apenas amizades podem jogar
Feature.Build.Title.GameCreationDone,Criação de jogo concluída
Feature.Build.Title.GamePrivate,Este jogo é privado
Feature.Build.Title.GenericError,
Feature.Build.Title.GetUsers,Obter usuários
Feature.Build.Title.NoMonetizationProducts,Comece a ganhar com seu jogo
Feature.Build.Title.NoRobuxForUsage,Não há mais Robux para usar a função Criar
Feature.Build.Title.Playtesters,Testadores de jogos
Feature.Build.Title.PlaytestersOnlyPlay,Apenas testadores podem jogar
Feature.Build.Title.PromoteGame,Promova seu jogo
Feature.Build.Title.PromoteGameFree,Promova seu jogo de graça
Feature.Build.Title.PushNotifications,Notificações push
Feature.Build.Title.RevertLastChange,Reverter a última alteração?
Feature.Build.Title.Tasks,Tarefas
Feature.Build.Title.TurnActivity,Ações do assistente durante a resposta
Feature.Build.Title.VersionHistory,Histórico do lançamento
Feature.Build.Title.VersionInfo,Informações da versão
Feature.Build.Title.VersionInformation,
Feature.Build.Title.VersionNumber,Versão {VERSION}
Feature.Build.Title.Versions,Versões
Feature.Build.Title.WhatsIncluded,O que está incluído?
Feature.Call.Error.Description.Generic,"Algo deu errado, tente novamente mais tarde."
Feature.Captures.Action.Allow,Permitir
Feature.Captures.Action.AllowPhotoAccessAccepted,
Feature.Captures.Action.AllowPhotoAccessDeclined,
Feature.Captures.Action.CancelSelectAllCaptures,
Feature.Captures.Action.Create,
Feature.Captures.Action.DeleteCaptureWarningCancel,
Feature.Captures.Action.DeleteCaptureWarningConfirm,
Feature.Captures.Action.DontAllow,Não permitir
Feature.Captures.Action.NoThanks,"Não, obrigado"
Feature.Captures.Action.OpenInFiles,Abrir em arquivos
Feature.Captures.Action.Save,
Feature.Captures.Action.SelectAllCaptures,Selecionar tudo
Feature.Captures.Action.Share,
Feature.Captures.Action.ShareYourCapture,Compartilhe sua captura
Feature.Captures.Action.ViewCapture,Visualizar
Feature.Captures.Body.AllowAccessToCaptures,Esta experiência gostaria de ver e usar suas capturas.
Feature.Captures.Body.SaveCapturesPrompt,Gostaria de salvar suas capturas?
Feature.Captures.Body.ShareCapturePrompt,Gostaria de compartilhar sua captura?
Feature.Captures.Control.Off,
Feature.Captures.Control.On,
Feature.Captures.Control.StartRecordingVideo,
Feature.Captures.Control.StopRecordingVideo,Parar gravação
Feature.Captures.Description.AllowPhotoAccessInfo,"Para salvar suas capturas, o aplicativo Roblox precisa acessar a galeria de fotos do seu dispositivo."
Feature.Captures.Description.DiscoverPostWatch,"Descubra, publique e assista a jogadas épicas do Roblox no Moments."
Feature.Captures.Description.MomentProcessing,Você poderá visualizá-lo nos Momentos em breve
Feature.Captures.Description.ShareCTA,Compartilhe sua captura com suas amizades!
Feature.Captures.Label.CaptureCounts,{numberOfCaptures} capturas
Feature.Captures.Label.CaptureStorageTooltipLabel,O aplicativo Roblox usa o armazenamento do seu aplicativo para armazenar capturas. Você pode excluir capturas para liberar espaço.
Feature.Captures.Label.DeleteCaptureInfo,Isto excluirá permanentemente a captura.
Feature.Captures.Label.DeleteCaptureWarningOptOut,Não mostre isso novamente.
Feature.Captures.Label.DeleteCapturesWarning,Isto excluirá permanentemente suas capturas.
Feature.Captures.Label.EducationalText,"Capture, visualize e compartilhe seus momentos favoritos na Roblox."
Feature.Captures.Label.HotkeyEducationalText,"Capture, visualize e compartilhe seus momentos favoritos da Roblox. Atalho de teclado: {keyOne} + {keyTwo}."
Feature.Captures.Label.MultipleCapturesSelected,{numberOfCaptures} capturas selecionadas
Feature.Captures.Label.NothingHereYet,Nada aqui... ainda. Tire suas primeiras capturas e depois volte para revisar e compartilhar com seus amigos.
Feature.Captures.Label.OneCapture,1 captura
Feature.Captures.Label.OneCaptureSelected,1 captura selecionada
Feature.Captures.Label.SelectCapture,Selecionar capturas
Feature.Captures.Label.VideoCaptureVoiceChatMutedTooltip,"Você não pode ouvir outros jogadores, mas eles ainda podem ouvi-lo. O chat de voz continuará quando a gravação parar."
Feature.Captures.Label.VideoEducationalText,"Ao clicar no botão ‘Gravar vídeo’, o menu será fechado e a tela começará a ser gravada."
Feature.Captures.Prompt.Subtitle.VoiceChatRecordingTrustedFriendsAgeGroup,O chat de voz e a gravação estão habilitados para amizades confiáveis e pessoas de faixa etária semelhante. Sua voz pode ser compartilhada.
Feature.Captures.Title.AllowAccessToCaptures,Permitir acesso às capturas?
Feature.Captures.Title.AllowPhotoAccessInfo,Permitir acesso às fotos
Feature.Captures.Title.CaptureScreenshotTooltip,Capturar tela
Feature.Captures.Title.CaptureStorageTooltipTitle,Armazenamento de capturas
Feature.Captures.Title.CaptureVideoTooltip,Capturar vídeo
Feature.Captures.Title.Captures,Capturas
Feature.Captures.Title.DeleteCaptureWarning,Excluir captura
Feature.Captures.Title.DeleteMultipleCapturesWarning,Excluir capturas
Feature.Captures.Title.Gallery,Galeria
Feature.Captures.Title.SaveCapturesPrompt,Salvar capturas
Feature.Captures.Title.ShareCapturePrompt,Compartilhar captura
Feature.Captures.Title.VideoCTA,
Feature.Captures.Title.VideoCaptureInProgressTooltip,Captura de vídeo já em andamento
Feature.Captures.Title.VideoCaptureVoiceChatMutedTooltip,O chat de voz é silenciado durante a captura
Feature.Captures.Toast.CaptureSaved,Captura salva
Feature.Captures.Toast.CaptureSavedToDevice,Salvo no dispositivo
Feature.Captures.Toast.CapturesEnabled,Capturas ativadas
Feature.Captures.Toast.CreateMoment2,Salvo! Transforme isso em um Momento.
Feature.Captures.Toast.MomentProcessing,Estamos processando seu Momento
Feature.Captures.Toast.VideoCaptureFailed,Falha no salvamento da captura de vídeo.
Feature.Captures.Toast.VideoCaptureInitializationCapturingAlreadyError,Uma captura de vídeo já está em andamento
Feature.Captures.Toast.VideoCaptureInitializationNoDeviceSupportError,O dispositivo não suporta captura de vídeo
Feature.Captures.Toast.VideoCaptureInitializationNoSpaceOnDeviceError,O dispositivo não tem espaço suficiente para capturar vídeo
Feature.Captures.Toast.VideoCaptureInitializationOtherError,Ocorreu um erro ao iniciar o vídeo
Feature.Captures.Toast.VideoCaptureOtherError,Ocorreu um erro ao gravar o vídeo
Feature.Catalog.Action.Buy,
Feature.Catalog.Action.Cancel,
Feature.Catalog.Action.Checkout.GoToCustomize,Vá até Personalizar
Feature.Catalog.Action.Checkout.ManageInCustomize,Gerencie em Personalizar
Feature.Catalog.Action.Checkout.UnavailableItems,
Feature.Catalog.Action.Checkout.Wear,Usar
Feature.Catalog.Action.CheckoutPlural,Finalizar compra ({count})
Feature.Catalog.Action.CheckoutSingular,Fazer checkout de 1 item
Feature.Catalog.Action.CloseDetails,Ocultar detalhes
Feature.Catalog.Action.CopyLink,Copiar link
Feature.Catalog.Action.Customize,Personalizar
Feature.Catalog.Action.Delete,
Feature.Catalog.Action.DeleteAvatar,
Feature.Catalog.Action.DescribeAvatar,Descreva seu avatar (opcional)
Feature.Catalog.Action.Favorite,Adicionar aos favoritos
Feature.Catalog.Action.Favorites.BrowseMarketplace,Explorar o Mercado
Feature.Catalog.Action.GoBack,
Feature.Catalog.Action.ItemOptions,Opções de item
Feature.Catalog.Action.LoadMore,Carregar mais
Feature.Catalog.Action.Next,
Feature.Catalog.Action.OpenDetails,Ver detalhes
Feature.Catalog.Action.Owned,Itens adquiridos: {count}
Feature.Catalog.Action.Post,
Feature.Catalog.Action.PreviewAndPost,Pré-visualizar e Publicar
Feature.Catalog.Action.Remove,
Feature.Catalog.Action.RemoveFavorite,Remover dos favoritos
Feature.Catalog.Action.Rent,Alugar
Feature.Catalog.Action.Replace,
Feature.Catalog.Action.Report,
Feature.Catalog.Action.Sell,Vender
Feature.Catalog.Action.ShareVia,Compartilhar via...
Feature.Catalog.Action.Submit,
Feature.Catalog.Action.Try,Testar
Feature.Catalog.Action.Upgrade,Melhorar
Feature.Catalog.Action.ViewDetailsPage,Visualizar página de detalhes
Feature.Catalog.Action.ViewExperienceDetails,Ver detalhes da experiência
Feature.Catalog.Action.ViewTerms,Ver termos
Feature.Catalog.ActionSeeAll,Ver todos
Feature.Catalog.AvatarWidgetTitle,Explorar estilos
Feature.Catalog.Checkout.Title.PurchasedFailedPlural,{count} itens não puderam ser comprados
Feature.Catalog.Checkout.WearAfterPurchase,Usar após a compra
Feature.Catalog.Description.AttributionAlertBody,Você sairá desta área e entrará em {experienceName}.
Feature.Catalog.Feature.Catalog.Label.ClassicShirt,
Feature.Catalog.Feature.Catalog.Label.ClassicTShirt,
Feature.Catalog.Feature.Catalog.Label.TotalItems,Total: {itemCount} itens
Feature.Catalog.Feature.Catalog.Label.TotalItemsParenthesis,Total ({itemCount} itens)
Feature.Catalog.Header.Checkout,Finalizar compra
Feature.Catalog.Header.InvalidOutfit,Traje inválido
Feature.Catalog.Header.PostAvatar,
Feature.Catalog.Heading.AvailableItems,Itens disponíveis
Feature.Catalog.Heading.BuyItem,
Feature.Catalog.Heading.FreeItemConfirmation,Obter item
Feature.Catalog.Heading.GoToExperience,Juntar-se à experiência?
Feature.Catalog.Heading.HoldingPolicy,Política de retenção
Feature.Catalog.Heading.InExperienceOnly,Disponível na experiência
Feature.Catalog.Heading.InsufficientFunds,
Feature.Catalog.Heading.ItemInfo,Informações do item
Feature.Catalog.Heading.ItemRemoved,Item removido
Feature.Catalog.Heading.ItemsOnSale,Itens à venda
Feature.Catalog.Heading.NotForSale,Não está à venda
Feature.Catalog.Heading.Overview,
Feature.Catalog.Heading.PremiumOnly,Apenas Roblox Plus
Feature.Catalog.Heading.QuantityLimitReached,Limite do criador alcançado
Feature.Catalog.Heading.QuickMenu,Menu rápido
Feature.Catalog.Heading.Resellers,Revendedores
Feature.Catalog.Heading.SellItem,Vender item
Feature.Catalog.Heading.Sellers,Vendedores
Feature.Catalog.Heading.SetPrice,Definir preço
Feature.Catalog.Heading.ShowBodyParts,Mostrar partes de corpo
Feature.Catalog.Heading.ShowHeadType,Mostrar tipos de cabeça
Feature.Catalog.Heading.ShowShoes,Mostrar sapatos
Feature.Catalog.Heading.TakeOffSale,Encerrar a venda
Feature.Catalog.HeroWidget.BundleTitle,A Korblox Pactbreaker chegou
Feature.Catalog.HeroWidget.CapsuleDescription,
Feature.Catalog.HeroWidget.CapsulePoolDescription,
Feature.Catalog.HeroWidget.CapsulePoolTitle,
Feature.Catalog.HeroWidget.CapsuleTitle,
Feature.Catalog.Label.Adjustable,Ajustável
Feature.Catalog.Label.AdvancedMaterials,Materiais avançados
Feature.Catalog.Label.AllItems,Todos os itens
Feature.Catalog.Label.AlreadyOwned,Você já tem este item
Feature.Catalog.Label.Animation,Animação
Feature.Catalog.Label.Attributes,Atributos
Feature.Catalog.Label.Attribution,Feito em
Feature.Catalog.Label.AvailableForSale,Disponível para venda
Feature.Catalog.Label.AvailableToPremiumMembers,Disponível porque você tem Premium
Feature.Catalog.Label.Avatar,
Feature.Catalog.Label.AvatarEmoteSelection,
Feature.Catalog.Label.AvatarTitle,Título do avatar
Feature.Catalog.Label.Avatars,
Feature.Catalog.Label.AveragePrice,Preço médio
Feature.Catalog.Label.AveragePriceColon,Preço médio:
Feature.Catalog.Label.BackAccessories,Acessórios das costas
Feature.Catalog.Label.Backgrounds,
Feature.Catalog.Label.Bestselling,Mais vendidos
Feature.Catalog.Label.Body,Corpo
Feature.Catalog.Label.Bundle,
Feature.Catalog.Label.Bundles,Pacotes
Feature.Catalog.Label.BuyConfirmation,Gostaria de comprar {itemName} de {creatorName}?
Feature.Catalog.Label.BuyConfirmationIncludingWarning,Modere seu entretenimento e faça consumo racional. Gostaria de comprar {itemName} de {creatorName}?
Feature.Catalog.Label.BuyItems,Comprar itens
Feature.Catalog.Label.BuyPrice,Preço de compra:
Feature.Catalog.Label.BuyRobux,
Feature.Catalog.Label.Category,Categoria
Feature.Catalog.Label.CategoryType,Tipo
Feature.Catalog.Label.Characters,Personagens
Feature.Catalog.Label.Checkout.CheckoutButtonFtuxTooltip,Veja e remova os itens que você está experimentando aqui
Feature.Catalog.Label.Checkout.ClearAllItemsOnAvatarBody,Isto removerá todas as roupas não obtidas que você está vestindo no avatar.
Feature.Catalog.Label.Checkout.DontWarnAgainText,Não me avisar novamente
Feature.Catalog.Label.Checkout.GoToCustomizeBody,Você só pode usar ou remover itens que tem na visualização Personalizar.
Feature.Catalog.Label.Checkout.InExperienceOnly,Somente na experiência
Feature.Catalog.Label.Checkout.ItemReplacedOnAvatarBody,Você só pode usar um item por categoria. Um novo item sempre substituirá o que você está usando no momento.
Feature.Catalog.Label.Checkout.LimitReached,
Feature.Catalog.Label.Checkout.OffSale,
Feature.Catalog.Label.Checkout.OutOfStock,
Feature.Catalog.Label.Checkout.PriceChanged,
Feature.Catalog.Label.Checkout.SoldOut,
Feature.Catalog.Label.Checkout.Unavailable,
Feature.Catalog.Label.Checkout.WearAvatarReplaceAllItemsBody,Usar este avatar substituirá todos os itens que você está usando no momento.
Feature.Catalog.Label.ClassicShirt,
Feature.Catalog.Label.ClassicTShirt,
Feature.Catalog.Label.Clothing,
Feature.Catalog.Label.CreatorName,Nome do Criador
Feature.Catalog.Label.CurrentBalance,Saldo atual:
Feature.Catalog.Label.CustomizeAvatar,Personalizar avatar
Feature.Catalog.Label.DeleteAvatarConfirmationPromptMessage,Você não poderá desfazer essa ação se excluir.
Feature.Catalog.Label.Details,
Feature.Catalog.Label.DynamicHeads,
Feature.Catalog.Label.Emissive,Emissivo
Feature.Catalog.Label.EmissiveInfo,"O item emissivo brilha e emite sua própria luz, por isso permanece brilhante e visível mesmo em ambientes escuros."
Feature.Catalog.Label.Emotes,
Feature.Catalog.Label.EyeMakeup,
Feature.Catalog.Label.Eyebrow,Sobrancelha
Feature.Catalog.Label.EyebrowMakeup,
Feature.Catalog.Label.Eyebrows,
Feature.Catalog.Label.Eyelash,Cílio
Feature.Catalog.Label.EyelashMakeup,
Feature.Catalog.Label.Eyelashes,
Feature.Catalog.Label.FaceAccessories,Acessórios de rosto
Feature.Catalog.Label.FaceMakeup,
Feature.Catalog.Label.Favorites,Favoritos
Feature.Catalog.Label.Fee,{feePercentage}% de taxa:
Feature.Catalog.Label.Filter.Creator,Criador
Feature.Catalog.Label.Filter.Curator,Curador
Feature.Catalog.Label.Filter.Filters,
Feature.Catalog.Label.Filter.Hide,Esconder
Feature.Catalog.Label.Filter.PriceMax,Máx.
Feature.Catalog.Label.Filter.PriceMin,Mín.
Feature.Catalog.Label.Filter.SalesType,Tipo de venda
Feature.Catalog.Label.Filter.Show,Exibir
Feature.Catalog.Label.Filter.Sorts,Ordenar
Feature.Catalog.Label.Filter.TotalValue,Valor total
Feature.Catalog.Label.Filter.UnavailableItems,Itens não disponíveis
Feature.Catalog.Label.FreeItemConfirmation,Quer obter {itemName} de {creatorName} gratuitamente?
Feature.Catalog.Label.FreeUpperCase,GRÁTIS
Feature.Catalog.Label.FromPrice,De {itemPrice}
Feature.Catalog.Label.FrontAccessories,Acessórios da frente
Feature.Catalog.Label.FullBodies,Corpos completos
Feature.Catalog.Label.FullBody,
Feature.Catalog.Label.Gear,
Feature.Catalog.Label.Get,Obter
Feature.Catalog.Label.GetPremiumAndPrice,Assine o Premium e compre por 
Feature.Catalog.Label.HD,HD
Feature.Catalog.Label.Hair,
Feature.Catalog.Label.HeadShape,
Feature.Catalog.Label.HighDefinitionInfo,"Os itens em HD são criados com alta qualidade em termos de detalhes, materiais e ajuste."
Feature.Catalog.Label.Holding,Em retenção
Feature.Catalog.Label.InExperienceOnly,A venda original deste item está disponível apenas na experiência.
Feature.Catalog.Label.InMultipleExperiences,Em {NUM_EXPERIENCES} experiências
Feature.Catalog.Label.InSingleExperience,
Feature.Catalog.Label.InSpecificExperience,Em {EXPERIENCE_NAME}
Feature.Catalog.Label.IncludedParts,Partes inclusas
Feature.Catalog.Label.InsufficientFunds,Você não tem Robux suficientes para comprar este item.
Feature.Catalog.Label.ItemCount,{itemCount} item
Feature.Catalog.Label.ItemExperienceLimitReached,Você atingiu o limite de compra que o criador definiu para este item. Você não poderá comprar mais. Ainda gostaria de entrar em [{EXPERIENCE_NAME}]?
Feature.Catalog.Label.ItemExperienceLimitReachedTitle,Limite de compra alcançado
Feature.Catalog.Label.ItemExperienceSoldOut,"A cópia original está esgotada na experiência, você ainda gostaria de entrar em [{EXPERIENCE_NAME}]?"
Feature.Catalog.Label.ItemExperienceSoldOutTitle,Item esgotado
Feature.Catalog.Label.ItemInAHold,Item em retenção?
Feature.Catalog.Label.ItemOwnedCount,Itens possuídos ({itemCount})
Feature.Catalog.Label.ItemsCount,
Feature.Catalog.Label.LeftArm,
Feature.Catalog.Label.Limited,
Feature.Catalog.Label.LimitedU,U limitado
Feature.Catalog.Label.LipMakeup,
Feature.Catalog.Label.Makeup,
Feature.Catalog.Label.Makeup.MakeupMax6LayersPromptBody,"Novas camadas de maquiagem sempre aparecerão por cima, substituindo a camada inferior, até que você libere espaço."
Feature.Catalog.Label.MakeupCartDescriptionText,"Até 6 olhos, lábios e rosto, além de 1 cílio e 1 sobrancelha"
Feature.Catalog.Label.MakeupLooks,
Feature.Catalog.Label.MarketplaceToAvatarPage,Você deixará o Mercado para personalizar seu avatar.
Feature.Catalog.Label.MaxPerUser,Máximo por usuário
Feature.Catalog.Label.MinimumAmount,O valor mínimo deve ser superior a 0.
Feature.Catalog.Label.MinimumAmountCustom,A quantidade mínima deve ser mais que {minimumAmount}.
Feature.Catalog.Label.MostFavorited,Mais favoritados
Feature.Catalog.Label.MostPopular,Mais populares
Feature.Catalog.Label.NA,
Feature.Catalog.Label.NeckAccessories,Acessórios de pescoço
Feature.Catalog.Label.New,Novo
Feature.Catalog.Label.NewCollectibles,Novos colecionáveis!
Feature.Catalog.Label.No,
Feature.Catalog.Label.NoLongerAvailable,Este item não está mais disponível
Feature.Catalog.Label.NoSellersWarning,"Infelizmente, ninguém está vendendo este item"
Feature.Catalog.Label.None,Nenhum
Feature.Catalog.Label.NotAvailable,Este item não está disponível no momento
Feature.Catalog.Label.OfferApplied,Oferta aplicada
Feature.Catalog.Label.OnSale,
Feature.Catalog.Label.OriginalPrice,Preço original
Feature.Catalog.Label.OutOfStock,
Feature.Catalog.Label.Owned,Adquiridos
Feature.Catalog.Label.PBR,Materiais
Feature.Catalog.Label.PBR.false,Básico
Feature.Catalog.Label.PBR.true,
Feature.Catalog.Label.PBRInfo,"Itens de avatar com materiais avançados usam renderização baseada em física (PBR) para terem um aspecto mais natural, com luz e sombras que mudam e brilham como na vida real."
Feature.Catalog.Label.PBRInfoTitle,Renderização baseada em física (RBP)
Feature.Catalog.Label.ParticleEffects,Efeitos de partículas
Feature.Catalog.Label.ParticleEffectsInfo,"Um item com efeitos de partículas emite visuais animados, fazendo com que pareça dinâmico e vivo."
Feature.Catalog.Label.Placement,Posicionamento
Feature.Catalog.Label.PrePremiumPrice,(Preço do item:
Feature.Catalog.Label.Premium,
Feature.Catalog.Label.PremiumDiscount,Você economiza {percent}% com o Premium
Feature.Catalog.Label.PremiumOnly,Disponível apenas para usuários Premium
Feature.Catalog.Label.Price,
Feature.Catalog.Label.PriceColon,Preço:
Feature.Catalog.Label.PriceFromResale,{itemPrice} de revenda
Feature.Catalog.Label.PriceHighToLow,Maior ao menor preço
Feature.Catalog.Label.PriceLowToHigh,Menor ao maior preço
Feature.Catalog.Label.PriceRange,Faixa de preço
Feature.Catalog.Label.PriceUnavailable,
Feature.Catalog.Label.PurchaseConfirmation,Gostaria de comprar {itemName} de {creatorName} por {itemPrice}?
Feature.Catalog.Label.Purchased,Compra realizada!
Feature.Catalog.Label.QuantityLimitReached,O criador limitou quantas cópias um único usuário pode comprar.
Feature.Catalog.Label.QuantitySold,Quantidade vendida
Feature.Catalog.Label.QuickMenuMarketplaceTitle,Opções do Mercado
Feature.Catalog.Label.RecentlyCreated,Criados recentemente
Feature.Catalog.Label.RecentlyPublished,Publicado recentemente
Feature.Catalog.Label.Recommendations,Pode ser que você goste
Feature.Catalog.Label.Redeemed,Resgatado com sucesso!
Feature.Catalog.Label.Relevance,Relevância
Feature.Catalog.Label.RentOption,Opção de aluguel
Feature.Catalog.Label.RentOptionInfo,Teste este item por 3 dias a um preço mais baixo. A contagem de tempo começa após a compra.
Feature.Catalog.Label.ReportItem,Denunciar item
Feature.Catalog.Label.ResaleFeePolicy,Política de taxa de revenda
Feature.Catalog.Label.Resellable,Revendível
Feature.Catalog.Label.RobuxFee,Após taxa de {feePercentage}%:
Feature.Catalog.Label.Sale,Promoção
Feature.Catalog.Label.SalePrice,Preço de venda:
Feature.Catalog.Label.SaveAsCharacter,Salvar como personagem
Feature.Catalog.Label.SaveOptions,Opções de salvamento
Feature.Catalog.Label.Search,
Feature.Catalog.Label.SearchSuggestions,Talvez você esteja procurando
Feature.Catalog.Label.SellCut,Você ganha:
Feature.Catalog.Label.SellPageUpsell,A venda só está disponível para usuários com uma assinatura do Roblox Plus.
Feature.Catalog.Label.SellSuccess,Item à venda
Feature.Catalog.Label.SerialNumberColon,Número de série:
Feature.Catalog.Label.ShoulderAccessories,Acessórios de ombro
Feature.Catalog.Label.SoldOut,
Feature.Catalog.Label.SupportsHeadShapes,É compatível com formatos de cabeça
Feature.Catalog.Label.TakeOffResaleConfirmation,Tem certeza de que deseja parar de oferecer este item para revenda?
Feature.Catalog.Label.TimedOptions,Opções por tempo
Feature.Catalog.Label.Timer.Day.Plural,Restam {number} dias
Feature.Catalog.Label.Timer.Day.Singular,Resta 1 dia
Feature.Catalog.Label.Timer.Hour.Plural,Restam {number} horas
Feature.Catalog.Label.Timer.Hour.Singular,1 hora restante
Feature.Catalog.Label.Timer.Minute.Plural,Restam {number} minutos
Feature.Catalog.Label.Timer.Minute.Singular,1 minuto restante
Feature.Catalog.Label.Timer.Second.Plural,Restam {number} segundos
Feature.Catalog.Label.Timer.Second.Singular,1 segundo restante
Feature.Catalog.Label.Tops,Camisas e Afins
Feature.Catalog.Label.Torso,
Feature.Catalog.Label.TotalItemsParenthesis,
Feature.Catalog.Label.TotalUnformatted,
Feature.Catalog.Label.Tradable,Trocável
Feature.Catalog.Label.Trending,Tendências
Feature.Catalog.Label.TryOns,Combinações
Feature.Catalog.Label.TryOnsMultiple,Combinações ({numItems})
Feature.Catalog.Label.Unlimited,Ilimitado
Feature.Catalog.Label.Username,Nome de usuário
Feature.Catalog.Label.UsingBundleParts,Usando {count} pacote de peças
Feature.Catalog.Label.WaistAccessories,Acessórios de cintura
Feature.Catalog.Label.WearAfterPurchase,Usar item após a compra
Feature.Catalog.Label.WearAvatarAfterPurchase,Usar o avatar após a compra
Feature.Catalog.Label.WearOutfitAfterPurchase,Use a roupa após a compra
Feature.Catalog.Label.Yes,
Feature.Catalog.LabelAccessories,
Feature.Catalog.LabelAccessoryHats,Chapéus
Feature.Catalog.LabelAllCreators,Todos os criadores
Feature.Catalog.LabelAllHeads,
Feature.Catalog.LabelAllTime,Todos os tempos
Feature.Catalog.LabelAnyPrice,Qualquer preço
Feature.Catalog.LabelClassicHeads,
Feature.Catalog.LabelCollectibles,Colecionáveis
Feature.Catalog.LabelContentDeleted,Conteúdo excluído
Feature.Catalog.LabelFree,
Feature.Catalog.LabelNoResellers,Nenhum revendedor
Feature.Catalog.LabelOffSale,
Feature.Catalog.LabelPants,
Feature.Catalog.LabelPastDay,Dia anterior
Feature.Catalog.LabelPastWeek,
Feature.Catalog.LabelShirts,
Feature.Catalog.LabelTShirts,Camisetas
Feature.Catalog.Message.AvatarModerated,Este avatar não atendeu às nossas regras da comunidade. Tente compartilhar um avatar diferente
Feature.Catalog.Message.AvatarModerationModerated,Não cumpriu as diretrizes da comunidade
Feature.Catalog.Message.AvatarModerationPending,Sob revisão
Feature.Catalog.Message.AvatarNotAvailable,Este avatar não está mais disponível
Feature.Catalog.Message.AvatarSharePanel,
Feature.Catalog.Message.AvatarUnderReview,"Avatar sob revisão, você pode compartilhar seu avatar uma vez aprovado"
Feature.Catalog.Message.BodyCategoryTooltip,Encontre cabeças e cabelo aqui
Feature.Catalog.Message.CannotBeResold,Este item não pode ser revendido
Feature.Catalog.Message.CaptionLimit,
Feature.Catalog.Message.Checkout.PurchaseFailed,"Para continuar, reveja ou remova os itens"
Feature.Catalog.Message.Checkout.UnavailableItems,"Um ou mais itens não podem ser comprados. Por favor, remova-os antes de continuar."
Feature.Catalog.Message.CollectiblesInfo,"Itens coletáveis podem ser vendidos de usuário para usuário após um período de espera, mesmo que o estoque original não esteja esgotado. Assinantes do Roblox Plus podem listar itens colecionáveis para revenda."
Feature.Catalog.Message.FTUXFavoritePillTooltip,Adicionar isto aos seus favoritos
Feature.Catalog.Message.Favorites.CategoryEmpty,Você ainda não salvou nada nesta categoria.
Feature.Catalog.Message.Favorites.Empty,Você ainda não salvou nada.
Feature.Catalog.Message.HighDefinitionCategoryTooltip,Descubra os itens mais bem trabalhados na Roblox
Feature.Catalog.Message.HoldingPolicyL1,As compras da revenda terão uma retenção de até {days} dias. O item só pode ser revendido após o término desse período de retenção. Apenas usuários Plus podem revender itens.
Feature.Catalog.Message.HoldingPolicyL2,"Após a compra, vendas originais entram em retenção por até {purchaseDays} dias. O item só pode ser revendido após o período de retenção terminar e as revendas são retidas por até {resaleDays} dias. Apenas usuários Premium podem revender itens."
Feature.Catalog.Message.MustWearClothing,
Feature.Catalog.Message.ParticleEffectsWarning,
Feature.Catalog.Message.PriceCouldBeDifferent,O tipo de item determina as regras de preço do item
Feature.Catalog.Message.ReportCatalogItemPhrase,Você pode enviar um relatório para nossa equipe de moderadores. Vamos analisar o item e realizar os procedimentos cabíveis.
Feature.Catalog.Message.ResaleFeePolicy,"A receita de todas as transações no Mercado, incluindo revendas, é compartilhada entre a Roblox e os usuários envolvidos na transação. Para revendas, isso significa que quando um usuário aceita seu preço, {yourSharePercent}% do pagamento em Robux irá para você como revendedor. Os outros {robloxFeePercent}% irão para a Roblox e outros usuários, incluindo o criador dos itens."
Feature.Catalog.Message.SuccessfullyPosted,
Feature.Catalog.Message.TitleLimit,
Feature.Catalog.RFYFeedTitle,Continuar navegando
Feature.Catalog.RFYWidgetTitle,Recomendado para você
Feature.Catalog.Response.GenericError,Ocorreu um erro. Tente novamente mais tarde.
Feature.Catalog.Response.NoItemsFound,Nenhum item encontrado.
Feature.Catalog.Response.PlacedOnSaleSuccess,Colocado à venda
Feature.Catalog.Response.ReportSubmitted,A denúncia foi enviada e será analisada por nossa equipe em breve.
Feature.Catalog.Response.TakenOffSaleSuccess,Venda cancelada
Feature.Catalog.Search.LandingPage.Empty,"Pesquise por cores, tipos, temas, etc"
Feature.Catalog.Search.Placeholder,"Pesquisar itens, roupas"
Feature.Catalog.Text.OfferAppliedToHighestItem,Oferta aplicada ao item de maior valor
Feature.Catalog.Title.AvatarSharePanel,Seu avatar está pronto para compartilhar
Feature.Catalog.Title.Checkout,
Feature.Catalog.Title.Checkout.ClearAllItemsOnAvatarTitle,Retirar todos os itens?
Feature.Catalog.Title.Checkout.GoToCustomizeTitle,Vá até Personalizar para editar
Feature.Catalog.Title.Checkout.ItemRemovedSingular,
Feature.Catalog.Title.Checkout.ItemReplacedOnAvatarTitle,Item substituído
Feature.Catalog.Title.Checkout.ItemsPurchased,{count} itens comprados
Feature.Catalog.Title.Checkout.OfferFailedToFetch,Falha ao obter ofertas disponíveis. Tente novamente mais tarde.
Feature.Catalog.Title.Checkout.OfferFailedToUpdate,Falha ao alternar a oferta. Tente novamente mais tarde.
Feature.Catalog.Title.Checkout.PurchaseFailedPlural,
Feature.Catalog.Title.Checkout.PurchaseFailedSingular,1 item não pôde ser comprado
Feature.Catalog.Title.Checkout.TryOnMultipleItemsFtuxBody,"Conforme você tocar, os itens serão empilhados no seu avatar para criar um visual completo. Você só pode usar um item por categoria."
Feature.Catalog.Title.Checkout.TryOnMultipleItemsFtuxTitle,Experimente vários itens ao mesmo tempo
Feature.Catalog.Title.Checkout.UnavailableItems,Itens indisponíveis
Feature.Catalog.Title.Checkout.WearAvatarReplaceAllItemsTitle,Usar avatar?
Feature.Catalog.Title.CheckoutPlural,Fazer checkout de {count} itens
Feature.Catalog.Title.CheckoutSingular,
Feature.Catalog.Title.Makeup.MakeupMax6LayersPromptTitle,Substituir a camada inferior?
Feature.Catalog.Title.RentalFtuxText,Alugue para testar um item por 3 dias
Feature.Catalog.Toast.AddedToFavorites,Adicionado aos favoritos
Feature.Catalog.Toast.AvatarPriceChangedBecauseOfOwned,Preço alterado porque você possui {number} itens
Feature.Catalog.Toast.AvatarUnderReview,"Avatar em revisão
Você pode compartilhar seu avatar depois que ele for revisado"
Feature.Catalog.Toast.FavoritedLook,Avatar adicionado aos favoritos!
Feature.Catalog.Toast.LinkCopied,Link copiado para área de transferência
Feature.Catalog.Toast.RemovedFromFavorites,Removido dos favoritos
Feature.Catalog.Toast.UnfavoritedLook,Avatar removido dos favoritos
Feature.Catalog.TrustedConnection.Label.Trusted,
Feature.Chat.Action.Add,
Feature.Chat.Action.Cancel,
Feature.Chat.Action.Confirm,
Feature.Chat.Action.Continue,
Feature.Chat.Action.Copy,Copiar
Feature.Chat.Action.Create,
Feature.Chat.Action.Delete,
Feature.Chat.Action.Edit,
Feature.Chat.Action.GroupOSADoNotJoin,Não participar
Feature.Chat.Action.GroupOSAJoin,
Feature.Chat.Action.LearnMore,
Feature.Chat.Action.Leave,
Feature.Chat.Action.MuteVoice,Silenciar voz
Feature.Chat.Action.Remove,
Feature.Chat.Action.RemoveFromGroup,Remover do grupo
Feature.Chat.Action.RemoveUser,Remover usuário
Feature.Chat.Action.Reply,Responder
Feature.Chat.Action.Report,
Feature.Chat.Action.ReportUser,Denunciar usuário
Feature.Chat.Action.Save,
Feature.Chat.Action.StartChatWithFriends,Bate-papo
Feature.Chat.Action.Stay,
Feature.Chat.Action.Translate,Traduzir
Feature.Chat.Action.UnmuteVoice,Reativar voz
Feature.Chat.Action.ViewAssetDetails,
Feature.Chat.Description.ConversationInviteGroupCreatedOn,Grupo criado em {creation_date}
Feature.Chat.Description.CreateUnfilteredChatCell,"Todos os membros desta conversa serão convidados, mas alguns não são elegíveis para participar."
Feature.Chat.Description.CreateUnfilteredChatDialog,"Com recursos de bate-papo expandidos, você pode conversar sem filtros.

Todos os membros deste grupo serão convidados, mas alguns não serão elegíveis para participar."
Feature.Chat.Description.CreateUnfilteredChatWithVoice,"Com recursos de bate-papo expandidos, você pode conversar sem filtros e usar o bate-papo de voz.

Todos os membros deste grupo serão convidados, mas alguns não serão elegíveis para participar."
Feature.Chat.Description.ExpressiveChatLearnMore,"Recursos expressivos de bate-papo incluem bate-papo sem filtros e voz nas Turmas.

Acesso ao bate-papo expressivo é limitado até que todos os membros sejam elegíveis e seu bate-papo seja melhorado."
Feature.Chat.Description.InlineContextCardDescription,Tenha cuidado ao conversar com estranhos. Não compartilhe informações pessoais nem mude para outro aplicativo de chat. Você pode bloquear ou denunciar qualquer pessoa no perfil dela.
Feature.Chat.Description.NameGroup,Nomeie seu grupo
Feature.Chat.Description.NameGroupChat,Dê um nome para seu grupo de bate-papo
Feature.Chat.Description.OSAContextCardDescription,Sua segurança é importante. Não está se sentindo confortável? Você pode bloquear ou denunciar esta pessoa a qualquer momento a partir do perfil dela.
Feature.Chat.Description.OSAGroupDescriptionWithLinker,Sua segurança é importante. Você pode bloquear ou denunciar uma pessoa a qualquer momento no perfil dela. <a href='{osaViewDetailsUrl}'>Ver mais informações.</a>
Feature.Chat.Description.SnoozeDescription,Você pode desativar a Soneca no menu da experiência
Feature.Chat.Drawer.Join,
Feature.Chat.Heading.ChatWithConnections,Bate-papo com conexões
Feature.Chat.Heading.ChatWithFriends,Fale no bate-papo com amizades
Feature.Chat.Heading.CreateUnfilteredChatDialog,Criar novo grupo com recursos expandidos de bate-papo?
Feature.Chat.Heading.ExpressiveChat,Bate-papo expressivo
Feature.Chat.Heading.FailedToLeaveGroup,Falha ao sair do grupo
Feature.Chat.Heading.FailedToRemoveUser,Falha ao remover usuário
Feature.Chat.Heading.FirstConversationWith,Primeira conversa com {displayName}
Feature.Chat.Heading.FirstConversationWithThisUser,Primeira conversa com esta pessoa
Feature.Chat.Heading.FirstInteractionWith,Primeira interação com {displayName}
Feature.Chat.Heading.FirstInteractionWithThisPerson,Primeira interação com esta pessoa
Feature.Chat.Heading.LeaveGroup,Sair do grupo
Feature.Chat.Heading.PartyWithConnections,Turma com conexões
Feature.Chat.Heading.PartyWithFriends,Formar Turma com suas amizades
Feature.Chat.Heading.SafeChattingWithThisUser,Tenha cuidado ao conversar com esta pessoa
Feature.Chat.Heading.SafeChattingWithUsername,Tenha cuidado ao conversar com {displayName}
Feature.Chat.Heading.UserInvitedYouToJoin,{combinedName} convidou você para se juntar
Feature.Chat.Heading.UserInvitedYouToJoinAGroup,{combinedName} convidou você a entrar para um grupo
Feature.Chat.Heading.YouWereInvitedToGroup,Você foi convidado para se juntar ao grupo
Feature.Chat.Label.AddConnections,
Feature.Chat.Label.AddFriends,
Feature.Chat.Label.Available,Disponível
Feature.Chat.Label.Blocked,
Feature.Chat.Label.ChatDetails,Detalhes do bate-papo
Feature.Chat.Label.ChatDisabled,Bate-papo desabilitado
Feature.Chat.Label.ChatGroupName,Nome do grupo de bate-papo
Feature.Chat.Label.ChatInputPlaceholder,Diga algo
Feature.Chat.Label.ContentLoadingFailed,Não foi possível carregar este conteúdo
Feature.Chat.Label.CreateUnfilteredChat,Criar grupo com recursos expandidos de bate-papo
Feature.Chat.Label.Details,
Feature.Chat.Label.ExpandedChatFeatures,Funcionalidades expressivas de bate-papo
Feature.Chat.Label.General,Geral
Feature.Chat.Label.Group.ThemRepliedToOther,{DISPLAY_NAME_1} respondeu a {DISPLAY_NAME_2}
Feature.Chat.Label.Group.ThemRepliedToThem,{DISPLAY_NAME} respondeu a si mesmo
Feature.Chat.Label.Group.ThemRepliedToYou,{DISPLAY_NAME} respondeu a você
Feature.Chat.Label.Group.YouRepliedToThem,Você respondeu a {DISPLAY_NAME}
Feature.Chat.Label.GroupName,Nome do grupo
Feature.Chat.Label.HoverToReplyTooltip,Passe o cursor para responder
Feature.Chat.Label.InGameFriendsChatNotifications,Notificações de amizades no chat do jogo
Feature.Chat.Label.Loading,
Feature.Chat.Label.LongPressToReplyTooltip,Pressione e segure para responder
Feature.Chat.Label.Members,Membros
Feature.Chat.Label.MessageNotAvailable,Esta mensagem não está disponível
Feature.Chat.Label.MuteInGameChatToastNotifications,Silenciar notificações de chat no jogo
Feature.Chat.Label.MuteInGamePartyToastNotifications,Silenciar notificações de grupo no jogo
Feature.Chat.Label.New,
Feature.Chat.Label.NoChatFound,Nenhum chat encontrado
Feature.Chat.Label.NoDescriptionYet,Ainda sem descrição.
Feature.Chat.Label.NotImplementedMessageType,Esta mensagem não pode ser exibida.
Feature.Chat.Label.NotSet,Não configurado
Feature.Chat.Label.OneToOne.ThemRepliedToThem,Respondeu a si mesmo
Feature.Chat.Label.OneToOne.ThemRepliedToYou,Respondeu a você
Feature.Chat.Label.OneToOne.YouRepliedToThem,Você respondeu
Feature.Chat.Label.Pending,
Feature.Chat.Label.PrivacySettings,Configurações de privacidade
Feature.Chat.Label.ReplyChatInputPlaceholder,Responder a {DISPLAY_NAME}
Feature.Chat.Label.ReplyToYourselfChatInputPlaceholder,Responder a si
Feature.Chat.Label.ReplyingToOthers,{DISPLAY_NAME} disse...
Feature.Chat.Label.ReplyingToYourself,Você disse...
Feature.Chat.Label.SearchConnections,Pesquisar por conexões
Feature.Chat.Label.SearchFriends,Procurar amigos
Feature.Chat.Label.SearchWord,
Feature.Chat.Label.SnoozeChatNotifications,Silenciar notificações de bate-papo na experiência para:
Feature.Chat.Label.SnoozePartyNotifications,Silenciar notificações da Turma na experiência para:
Feature.Chat.Label.SwipeToReplyTooltip,Deslize para responder
Feature.Chat.Label.TimestampDaysAbbreviatedPlural,{num_days} dias
Feature.Chat.Label.TimestampHoursAbbreviatedPlural,{num_hours}h
Feature.Chat.Label.TimestampMinutesAbbreviatedPlural,{num_minutes}min
Feature.Chat.Label.TimestampNow,Agora
Feature.Chat.Label.TimestampOneDayAbbreviated,1 dia
Feature.Chat.Label.TimestampOneHourAbbreviated,1h
Feature.Chat.Label.TimestampOneMinuteAbbreviated,1min
Feature.Chat.Label.TimestampOneWeekAbbreviated,1 sem.
Feature.Chat.Label.TimestampWeeksAbbreviatedPlural,{num_weeks} sem.
Feature.Chat.Label.Unavailable,
Feature.Chat.Label.UnfilteredChat,Chat sem filtro
Feature.Chat.Label.UnknownUser,usuário desconhecido
Feature.Chat.Label.User,Usuário
Feature.Chat.Label.ViewProfile,Ver perfil
Feature.Chat.Label.YouRepliedToYou,Você respondeu a si mesmo
Feature.Chat.Message.AddConnectionsLimit,Você pode ter até {connectionsNum} conexões no grupo de bate-papo.
Feature.Chat.Message.AddConnectionsPartyLimit,Você pode ter até {connectionsNum} conexões em uma Turma.
Feature.Chat.Message.AddConnectionsPartyLimitSingular,Você só pode formar um grupo com 1 conexão devido a suas configurações de privacidade.
Feature.Chat.Message.AddFriendsLimit,Você pode ter até {connectionsNum} amigos no bate-papo em grupo.
Feature.Chat.Message.AddFriendsPartyLimit,Você pode ter até {connectionsNum} amigos numa Turma.
Feature.Chat.Message.AddFriendsPartyLimitSingular,"Por causa das suas configurações de privacidade, você só pode formar uma Turma com 1 amigo."
Feature.Chat.Message.CannotBeDisplayedThirdPerson,{displayName} enviou uma mensagem que não pode ser exibida
Feature.Chat.Message.ChatIsDisabledByPrivacySetting,O bate-papo está desativado. Você pode ativá-lo nas suas configurações de privacidade.
Feature.Chat.Message.ChatUnavailableRegion,No momento o bate-papo não está disponível na sua região.
Feature.Chat.Message.ChatUnavailableWithUser,"No momento, o bate-papo não está disponível com este usuário."
Feature.Chat.Message.Default,Nem todo mundo neste bate-papo pode ver sua mensagem.
Feature.Chat.Message.EnableChat,"Para conversar com as conexões, ative o bate-papo nas configurações de privacidade."
Feature.Chat.Message.EnableChat.FriendsRename,"Para conversar no bate-papo com suas amizades, ative o bate-papo nas Configurações de privacidade."
Feature.Chat.Message.EnableParty,"Para fazer Turma com conexões, ative a Turma nas suas Configurações de Privacidade."
Feature.Chat.Message.EnableParty.FriendsRename,"Para entrar numa Turma com suas amizades, ative a Turma nas suas Configurações de privacidade."
Feature.Chat.Message.FailedToLeaveGroup,Você não conseguiu sair da conversa {CONVERSATION_TITLE}.
Feature.Chat.Message.FailedToLeaveGroup.V2,Você não pôde ser removido do grupo {CONVERSATION_TITLE}.
Feature.Chat.Message.FailedToRemoveUser,O usuário {USERNAME} não pôde ser removido da conversa {CONVERSATION_TITLE}.
Feature.Chat.Message.FailedToRemoveUser.V2,O usuário {USERNAME} não pode ser removido do grupo {CONVERSATION_TITLE}.
Feature.Chat.Message.FailedToRenameConversation,A conversa {EXISTING_NAME} não pôde ser renomeada para {NEW_NAME}.
Feature.Chat.Message.FailedToRenameConversation.V2,O grupo {EXISTING_NAME} não pode ser renomeado para {NEW_NAME}.
Feature.Chat.Message.GroupConnectionLimitSingular,Você pode adicionar apenas 1 conexão para bate-papo.
Feature.Chat.Message.GroupFriendLimitSingular,Você só pode adicionar 1 amigo para conversar.
Feature.Chat.Message.LeaveGroup,Você não poderá continuar a falar no bate-papo com este grupo.
Feature.Chat.Message.LeaveGroup.V2,Quer mesmo sair do grupo?
Feature.Chat.Message.MakeConnectionsToChat,Faça conexões na Roblox para começar a conversar juntos
Feature.Chat.Message.MakeConnectionsToParty,Faça conexões na Roblox para entrar em Turmas juntos
Feature.Chat.Message.MakeFriendsToChat,Faça amizades na Roblox para começar a conversar
Feature.Chat.Message.MakeFriendsToParty,Faça amizades na Roblox para formar Turmas juntos
Feature.Chat.Message.MessageContentModerated,Sua mensagem foi moderada e não foi enviada.
Feature.Chat.Message.MessageUnavailable,Mensagem indisponível
Feature.Chat.Message.OneUserTyping,{DISPLAY_NAME} está digitando...
Feature.Chat.Message.PartyUnavailableRegion,No momento as Turmas não estão disponíveis na sua região.
Feature.Chat.Message.PartyUnavailableWithUser,"No momento, As Turmas não estão disponíveis com este usuário."
Feature.Chat.Message.RemoveUser,Quer mesmo remover {USERNAME} do grupo de bate-papo?
Feature.Chat.Message.RemoveUser.V2,Quer mesmo remover {USERNAME} deste grupo?
Feature.Chat.Message.RemovedFromConversation,Você foi removido do grupo de bate-papo.
Feature.Chat.Message.SeveralUsersTyping,Múltiplos usuários estão digitando...
Feature.Chat.Message.TurnOnChat,"Para conversar no bate-papo com amizades, ative o bate-papo em suas Configurações de privacidade."
Feature.Chat.Message.TurnOnParty,"Para entrar em uma Turma com suas amizades, ative a Turma nas suas configurações de privacidade."
Feature.Chat.Message.TwoUsersTyping,{DISPLAY_NAME_1} e {DISPLAY_NAME_2} estão digitando...
Feature.Chat.PresetChat.Disclaimer,As mensagens rápidas permitem que jogadores de todas as idades coordenem a jogabilidade.
Feature.Chat.Response.ChatNameFullyModerated,O nome do grupo de bate-papo foi moderado.
Feature.Chat.Response.ChatNameFullyModerated.V2,O nome do grupo foi moderado.
Feature.Chat.Response.NetworkError,Erro de rede
Feature.Chat.RobloxConnectUnavailableWithUser,"No momento, o Roblox Connect não está disponível com este usuário."
Feature.Chat.ShareGameToChat.Favorites,
Feature.Chat.ShareGameToChat.FriendActivity,Atividades de suas amizades
Feature.Chat.ShareGameToChat.NoFavoriteGames,Nenhum favorito
Feature.Chat.ShareGameToChat.NoFriendActivity,Você não possui atividades de amizades
Feature.Chat.ShareGameToChat.NoPopularGames,Nenhuma experiência popular disponível
Feature.Chat.ShareGameToChat.NoRecentGames,Nenhum recente
Feature.Chat.ShareGameToChat.Popular,Popular
Feature.Chat.ShareGameToChat.Recent,
Feature.Chat.Text.NoConnections,"Você ainda não adicionou nenhuma conexão. Para começar, encontre e adicione suas conexões na Roblox."
Feature.Chat.Text.NoFriends,"Você ainda não adicionou nenhum amigo. Para começar, encontre e adicione seus amigos na Roblox."
Feature.Chat.Title.FriendsChat,Chat de amizades
Feature.Chat.Title.MuteChatNotifications,Silenciar notificações de chat das amizades durante o jogo
Feature.Chat.Title.NewChat,Novo chat
Feature.Chat.Toast.Error.InvalidUserSelected,Uma ou mais pessoas nesta lista não podem ser adicionadas
Feature.ContactUpsell.Action.Continue,
Feature.ContactUpsell.Heading.LetFriendsFindYou,Ajude suas amizades a encontrarem você
Feature.Contacts.Action.Invite,Convidar
Feature.Contacts.Action.Search,Pesquisar contatos
Feature.Contacts.Description.AddFromContactsDescription,"Adicione contatos para se conectar na Roblox. Se os dois usuários tiverem mais de 13 anos, com verificação de idade, vocês vão se tornar conexões confiáveis."
Feature.Contacts.Description.AddFromContactsTrustedFriends,"Adicione contatos para se conectar na Roblox. Se os dois usuários tiverem mais de 13 anos, com verificação de idade, vocês vão ser amizades confiáveis."
Feature.Contacts.Description.ContactsList,Com quem você gostaria de explorar a Roblox? Envie um link de convite para se tornar amizades na Roblox!
Feature.Contacts.Description.ContactsListDescription,"Para desbloquear mais diversão, adicione conexões ou envie um pedido de conexão para seus contatos."
Feature.Contacts.Description.ContactsMixedList,"Com quem você gostaria de explorar o Roblox? Adicione amizades na Roblox, ou envie um link para um pedido de amizade."
Feature.Contacts.Description.ContactsProfileView,Seu contato {contactName} está na Roblox. Você poderá ver o perfil completo dessa pessoa assim que vocês formarem uma amizade na Roblox.
Feature.Contacts.FindFriendsBanner.Button,Encontrar amizades
Feature.Contacts.FindFriendsBanner.Description,Veja quais de suas amizades estão na Roblox adicionando seu número de telefone.
Feature.Contacts.FindFriendsBanner.DescriptionPV,Os contatos que estão na Roblox aparecerão aqui quando disponíveis.
Feature.Contacts.FindFriendsBanner.DescriptionV2,Ajude-nos a conectá-lo com suas amizades adicionando um número de telefone.
Feature.Contacts.Heading.HelpFriendsFindYou,
Feature.Contacts.Heading.LetFriendsFindYou,Deixe suas amizades encontrarem você
Feature.Contacts.Heading.SettingSaved,Configuração salva.
Feature.Contacts.Label.DiscoverabilityOptIn,Me recomende a usuários Roblox com base no meu número de telefone.
Feature.Contacts.Label.Invite,Convidar para Roblox
Feature.Contacts.Label.OnRoblox,Na Roblox
Feature.Contacts.Message.AddFriends,
Feature.Contacts.Message.ContactDiscoverable,"Para ajudar você a fazer amizades, usuários Roblox com o seu número de telefone em seus contatos poderão adicionar você e ver seu nome como estiver salvo em seus telefones."
Feature.Contacts.Message.ContactsSyncWarning,Seus contatos serão sincronizados regularmente e suas partidas com outros usuários Roblox serão armazenadas para ajudar você a encontrar amigos. Você pode gerenciar isto a qualquer momento nas configurações do dispositivo.
Feature.Contacts.Message.InviteToRoblox,"Me adicione aos seus amigos na Roblox para que possamos criar, compartilhar e explorar experiências juntos."
Feature.Contacts.Message.NoResults,Nenhum resultado.
Feature.DeveloperProducts.Label.Product,
Feature.DisplayName.ErrorMessage.AgedUpNameContainPII,O nome de usuário pode conter informações privadas
Feature.DisplayName.ErrorMessage.AgedUpNameHasChanged,Seu nome já foi trocado nos últimos 7 dias
Feature.DisplayName.ErrorMessage.AgedUpNameInappropriate,O nome não é apropriado para a Roblox
Feature.DisplayName.ErrorMessage.AgedUpNameNotAvailable,O nome não está disponível
Feature.DisplayName.ErrorMessage.AgedUpNameTooLong,O nome deve ter 20 caracteres no máximo
Feature.DisplayName.ErrorMessage.AgedUpNameTooShort,O nome de exibição deve ter pelo menos 3 caracteres
Feature.DisplayName.ErrorMessage.AgedUpNameUnsupportedChars,O nome contém caracteres não suportados
Feature.DisplayName.ErrorMessage.NameContainPII,O nome de exibição pode conter informações pessoais
Feature.DisplayName.ErrorMessage.NameHasChanged,Seu nome de exibição já foi alterado nos últimos 7 dias
Feature.DisplayName.ErrorMessage.NameInappropriate,O nome de exibição não é apropriado para a Roblox
Feature.DisplayName.ErrorMessage.NameMoreThanOneCharacterKind,Nomes não podem ter mais de um tipo de caractere
Feature.DisplayName.ErrorMessage.NameNotAvailable,O nome de exibição não está disponível
Feature.DisplayName.ErrorMessage.NameTooLong,O nome de exibição deve ter no máximo 20 caracteres
Feature.DisplayName.ErrorMessage.NameTooShort,
Feature.DisplayName.ErrorMessage.NameUnsupportedChars,O nome de exibição contém caracteres incompatíveis
Feature.DisplayName.ErrorMessage.SomethingWentWrong,
Feature.Durables.BottomBar.RentalDuration,Por {num} dia
Feature.Durables.BottomBar.RentalDurationPlural,Por {num} dias
Feature.Durables.FTUX.Tooltip,Escolha por quantos dias você quer ter o item. A contagem de tempo começa após a compra.
Feature.Durables.InfoModal.Description,Você pode escolher por quanto tempo ficar com um item. O ícone de relógio mostra opções com tempo que oferecem mais flexibilidade por um preço mais em conta.
Feature.Durables.InfoModal.Title,Apresentamos as opções com tempo
Feature.Durables.ItemDetails.WearTimeOptions.Button.Infinite,Permanente
Feature.Durables.ItemDetails.WearTimeOptions.Button.XDay,{num} dia
Feature.Durables.ItemDetails.WearTimeOptions.Button.XDays,{num} dias
Feature.Durables.ItemDetails.WearTimeOptions.Title,Opções
Feature.Durables.Label.ItemExpires,O item expira
Feature.Durables.PartiallyExpiredItems.BodyText,Alguns itens deste avatar salvo expiraram e foram removidos.
Feature.Durables.PartiallyExpiredItems.TitleText,Itens expirados
Feature.Durables.UnifiedBuyModal.Subtitle.TimedOptionText,{days} dias (começa após a compra)
Feature.DynamicUI.Translation.Reporting.IllegalContentEUBody,"Para denunciar conteúdo ilegal de acordo com o Regulamento Serviços Digitais da UE, visite: https:// www.roblox.com/illegal-content-reporting"
Feature.EmptyStatePage.Message.NoInternet,Sem conexão com a internet
Feature.EnhancedVideo.Label.Ad,Publicidade
Feature.ExperienceDetails.Action.ExitFullScreen,Sair da tela cheia
Feature.ExperienceDetails.Action.FullScreen,Tela cheia
Feature.ExperienceDetails.Action.Mute,Silenciar
Feature.ExperienceDetails.Action.Unmute,Remover silêncio
Feature.ExperienceDetails.AskYourParentModal.Action.AskNow,
Feature.ExperienceDetails.AskYourParentModal.Action.Cancel,
Feature.ExperienceDetails.AskYourParentModal.Label.Body,"Para se juntar a esta experiência, você precisa de permissão do seu responsável."
Feature.ExperienceDetails.AskYourParentModal.Label.Title,
Feature.ExperienceDetails.AskYourParentToAllowGameModal.Label.Body,Você precisa da permissão do seu responsável para entrar neste jogo.
Feature.ExperienceDetails.Label.NotPlayable,Não jogável
Feature.ExperienceDetails.PlayButtonMessage.AgreeToNotice,Concordo com o aviso ao jogar esta experiência
Feature.ExperienceDetails.PlayButtonText.ActionNeeded,
Feature.ExperienceDetails.PlayButtonText.Buy,
Feature.ExperienceDetails.PlayButtonText.Play,
Feature.ExperienceDetails.PlayButtonText.PlayDemo,Jogar demo
Feature.ExperienceDetails.PlayButtonText.Unavailable,
Feature.ExperienceDetails.PlayButtonText.Unlock,Desbloquear
Feature.ExperienceDetails.RestrictedUnplayableModal.Action.Ok,
Feature.ExperienceDetails.RestrictedUnplayableModal.Label.Body,Apenas pessoas com 18 anos ou mais têm acesso a experiências restritas.
Feature.ExperienceDetails.RestrictedUnplayableModal.Label.Title,Conteúdo restrito
Feature.ExperienceDetails.UnplayableError.AccountRestricted,Esta experiência não está acessível devido às suas configurações de maturidade do conteúdo
Feature.ExperienceDetails.UnplayableError.ComplianceBlocked,Esta experiência não está disponível no momento
Feature.ExperienceDetails.UnplayableError.ContextualPlayabilityAgeGated,Esta experiência não está acessível devido a restrições de idade
Feature.ExperienceDetails.UnplayableError.ContextualPlayabilityAgeGatedByDescriptor,
Feature.ExperienceDetails.UnplayableError.ContextualPlayabilityAgeRecommendationParentalControls,"Para se juntar a esta experiência, atualize a configuração de maturidade do seu conteúdo."
Feature.ExperienceDetails.UnplayableError.ContextualPlayabilityExperienceBlockedParentalControls,"O seu responsável bloqueou esta experiência. Para se juntar a esta experiência, peça permissão ao seu responsável nas Configurações."
Feature.ExperienceDetails.UnplayableError.ContextualPlayabilityRegionalAvailability,"No momento, esta experiência não está disponível em sua região"
Feature.ExperienceDetails.UnplayableError.ContextualPlayabilityRegionalCompliance,
Feature.ExperienceDetails.UnplayableError.ContextualPlayabilityUnrated,Esta experiência não está acessível porque não foi avaliada
Feature.ExperienceDetails.UnplayableError.DeviceRestrictedCustom,Esta experiência não está disponível no {device}
Feature.ExperienceDetails.UnplayableError.DeviceRestrictedDefault,Esta experiência não está disponível no seu dispositivo
Feature.ExperienceDetails.UnplayableError.FiatPurchaseDeviceRestricted,Não é possível comprar esta experiência neste dispositivo
Feature.ExperienceDetails.UnplayableError.GameUnapproved,
Feature.ExperienceDetails.UnplayableError.IncorrectConfiguration,
Feature.ExperienceDetails.UnplayableError.InsufficientPermissionFriendsOnly,"No momento, você não tem acesso a esta experiência"
Feature.ExperienceDetails.UnplayableError.InsufficientPermissionGroupOnly,
Feature.ExperienceDetails.UnplayableError.PlaceHasNoPublishedVersion,
Feature.ExperienceDetails.UnplayableError.TemporarilyUnavailable,
Feature.ExperienceDetails.UnplayableError.UnderReview,Esta experiência está atualmente em revisão
Feature.ExperienceDetails.UnplayableError.UniverseRootPlaceIsPrivate,Esta experiência está definida como privada
Feature.ExperienceDetails.UnplayableError.UnplayableOther,
Feature.ExperienceDetails.UpdateMaturitySettingModal.Action.Cancel,
Feature.ExperienceDetails.UpdateMaturitySettingModal.Action.GoToSettings,
Feature.ExperienceDetails.UpdateMaturitySettingModal.Console.Action.Ok,
Feature.ExperienceDetails.UpdateMaturitySettingModal.Console.Label.Body,"Para entrar nesta esta experiência, atualize as configurações de maturidade do seu conteúdo na web ou em um dispositivo companheiro."
Feature.ExperienceDetails.UpdateMaturitySettingModal.Console.Label.Title,Conteúdo não acessível
Feature.ExperienceDetails.UpdateMaturitySettingModal.Label.Body,"Para acessar esta experiência, atualize primeiro a configuração de maturidade do seu conteúdo."
Feature.ExperienceDetails.UpdateMaturitySettingModal.Label.Title,
Feature.FAE.Action.Continue,
Feature.FAE.Action.Unlock,
Feature.FAE.Action.UnlockChat,
Feature.FAE.CheckIfYouCanJoinGame,Vamos verificar se você pode entrar neste jogo.
Feature.FAE.Label.ChatWithFriends,Converse com amigos
Feature.FAE.Label.DayLeft,1 dia restante
Feature.FAE.Label.DaysLeft,{daysLeft} dias restantes
Feature.FAE.Label.GetASecureAgeCheckToUnlockChatAndAddTrustedFriends,Faça uma verificação de idade segura para liberar o chat e adicionar amizades confiáveis.
Feature.FAE.Label.LetsCheckYourAge,Vamos verificar sua idade
Feature.FAE.Label.LetsCheckYourAgeSoYouCanUseChat,Vamos conferir sua idade para você poder usar o chat
Feature.FAE.Label.ModalBodyInApp,"Tirar uma selfie nos ajuda a identificar a sua idade, e só a usaremos para esta verificação. Trata-se de uma etapa crucial em nossos esforços para deixar a Roblox mais segura para todos."
Feature.FAE.Label.ModalBodyInAppV3,"Tire uma selfie. Nós a usaremos para estimar sua idade, mais nada. Isso ajuda a deixar o chat mais seguro para você e todo mundo."
Feature.FAE.Label.ModalBodyTFUnlock,"Para adicionar amizades confiáveis, primeiro faça a verificação de idade."
Feature.FAE.Label.ThisAllowsYouToChatSafelyItOnlyTakesAMoment,Isso permite que você use o chat com segurança e é rápido.
Feature.FAE.Label.ThisHelpsYouToChatSafelyItOnlyTakesAMoment,Isso ajuda você a usar o chat com segurança e é rápido.
Feature.FAE.Label.ToKeepChattingLetsCheckYourAge,"Para continuar a usar o chat, vamos verificar sua idade"
Feature.FAE.Label.YouNeedAnAgeCheckToUseChatThisMakesChatSafer,Você precisa verificar sua idade para usar o chat. Isso deixa o chat mais seguro para você e todo mundo.
Feature.FAE.Label.YoullSoonNeedAnAgeCheckToChat,Em breve uma verificação de idade será necessária para usar o chat
Feature.FAE.Label.YourSafetyMattersLetsCheckYourAge,Sua segurança é importante. Vamos verificar sua idade
Feature.FaceChat.Heading.FacialAnimation,
Feature.FaceChat.Heading.LowPerformanceDetected,Baixo desempenho detectado
Feature.FaceChat.Heading.NotAvailable,Animação facial indisponível
Feature.FaceChat.Heading.PromptNoDynamicHeadEquipped,
Feature.FaceChat.Heading.UnableToAccessCamera,Não foi possível acessar a câmera
Feature.FaceChat.Heading.VideoPerformancePromptDisable,Baixo desempenho do dispositivo
Feature.FaceChat.Heading.VideoUnsupported,Câmera do dispositivo não suportada
Feature.FaceChat.Message.PlaceUnavailable,Este local está temporariamente indisponível. Tente mais tarde.
Feature.FaceChat.Subtitle.FeatureDisabled,A animação facial está temporariamente indisponível. Tente novamente mais tarde.
Feature.FaceChat.Subtitle.NotAvailable,Tente sair e entrar novamente.
Feature.FaceChat.Subtitle.PromptNoDynamicHeadEquipped,Seu avatar tem uma cabeça que não suporta animação facial. Cabeças compatíveis estão disponíveis no seu inventário e no Mercado.
Feature.FaceChat.Subtitle.UnableToAccessCamera,"Para animar seu avatar usando a câmera, vá para as configurações do seu sistema operacional para permitir que o aplicativo Roblox use a câmera"
Feature.FaceChat.Subtitle.UnsupportedDevice,Seu hardware não atende aos requisitos para animar seu avatar usando sua câmera.
Feature.FaceChat.Subtitle.VideoPerformancePromptDisable,Desligar sua câmera pode melhorar o desempenho de experiência.
Feature.FaceChat.Subtitle.VideoUnsupported,A Roblox não consegue usar a câmera para animar seu avatar.
Feature.Favorites.Label.Favorite,Favorito
Feature.FlyoutSidePanel.Action.ContinuePlaying,Continuar jogando
Feature.FlyoutSidePanel.Label.TooltipBody,"Seu perfil, conteúdo e configurações foram movidos para um novo local."
Feature.FlyoutSidePanel.Label.TooltipTitle,<b>{itemName}</b> foi movido
Feature.Friends.Action.AcceptFriend,Aceitar amizade
Feature.Friends.Action.AccountDeleted,Conta excluída
Feature.Friends.Action.Add,
Feature.Friends.Action.Block,
Feature.Friends.Action.Close,
Feature.Friends.Action.ConnectionAdded,Conexão adicionada
Feature.Friends.Action.ConnectionRequestSent,Solicitação de conexão enviada
Feature.Friends.Action.EditProfile,Editar perfil
Feature.Friends.Action.FriendAdded,Amizade adicionada
Feature.Friends.Action.FriendRemoved,Amizade removida
Feature.Friends.Action.FriendRequestSent,Pedido de amizade enviado
Feature.Friends.Action.GetStarted,Vamos Começar
Feature.Friends.Action.GoToAddFriends,Vá para adicionar amizades
Feature.Friends.Action.InviteFriends,Convidou você para ser uma amizade na Roblox.
Feature.Friends.Action.PendingRequest,Solicitação pendente
Feature.Friends.Action.ShareQR,Compartilhar código QR
Feature.Friends.Action.ShowMore,
Feature.Friends.Action.Unblock,
Feature.Friends.Action.Unfriend,
Feature.Friends.Action.ViewMore,Ver mais
Feature.Friends.Action.ViewPlatformProfile,Ver cartão do jogador
Feature.Friends.Button.AddViaLink,Adicionar via link
Feature.Friends.Button.GotIt,
Feature.Friends.Description.ContactsModal,Seus contatos estão na Roblox! Faça amizades para ver seus avatares e perfis completos. Vá para a página Adicionar amizades para ver mais pessoas que você pode conhecer.
Feature.Friends.Description.DoMoreWithTrustedConnections,Aproveite mais a Roblox com Conexões Confiáveis. Só adicione pessoas que você conhece e em quem confia.
Feature.Friends.Description.DoMoreWithTrustedFriends,Aproveite mais a Roblox com seus amigos confiáveis. Só adicione pessoas que você conhece e em quem confia.
Feature.Friends.Description.FromContacts,Dos contatos
Feature.Friends.Description.FromContactsV2,{contactName} de contatos
Feature.Friends.Description.FromQrCode,A partir de código QR
Feature.Friends.Description.NoMutualFriends,Sem amizades em comum
Feature.Friends.Description.NotAFriend,Não é uma amizade
Feature.Friends.Description.TrustedConnectionExpiredLink,Peça à sua conexão para enviar o link novamente. Clique no link dentro de 30 dias.
Feature.Friends.Description.TrustedConnectionsUnavailable,O recurso de Conexões Confiáveis ainda não está disponível na sua região.
Feature.Friends.Description.TrustedFriendsExpiredLink,Peça ao seu amigo para enviar o link novamente. Clique no link dentro de 30 dias.
Feature.Friends.Description.TrustedFriendsInvalidLink,Verifique se você está na conta certa e tente novamente.
Feature.Friends.Description.TrustedFriendsRequestModalBody,Só adicione pessoas que você conhece e em quem confia. Gerencie essa amizade quando quiser no perfil dela.
Feature.Friends.Description.TrustedFriendsUnavailable,O recurso de amigos confiáveis ainda não está disponível na sua região.
Feature.Friends.Description.YouCanDoMoreWithTrustedFriends,Você pode fazer mais na Roblox com suas amizades confiáveis. Gerencie essa amizade quando quiser no perfil dela.
Feature.Friends.Error.AlreadyFriendError,Este usuário já é uma conexão.
Feature.Friends.Error.DefaultFriendingError,"Não foi possível enviar o pedido de amizade. Por favor, tente novamente mais tarde."
Feature.Friends.Error.InvalidNicknameError,Este usuário possui um apelido inválido.
Feature.Friends.Error.InvalidTargetUserError,O usuário é inválido ou não existe.
Feature.Friends.Error.MaxFriendsError,Você atingiu o limite máximo de conexões.
Feature.Friends.Error.ParentalControlUnblockError,Seu responsável bloqueou este usuário. Peça ao seu responsável para desbloquear o usuário nas Configurações.
Feature.Friends.Error.TargetAlreadyBlockedError,Este usuário já está bloqueado.
Feature.Friends.Error.UnauthorizedError,Você não está autorizado a executar esta operação.
Feature.Friends.Error.UnblockTargetBlockedOnPlatform,Este usuário está bloqueado em outra plataforma.
Feature.Friends.Error.UnblockTargetNotBlockedError,Este usuário não está bloqueado — tudo pronto!
Feature.Friends.Error.UserBannedError,Você está banido de executar esta operação.
Feature.Friends.Error.UserBlockedError,Você está impedido de realizar esta operação.
Feature.Friends.Error.UserNotPassedCaptcha,Você não passou no captcha.
Feature.Friends.Feature.Friends.Heading.AddFriends,
Feature.Friends.Heading.FilterBy,Filtrar por
Feature.Friends.Label.AddConnectionVPC,"Para adicionar esta conexão confiável, você precisa da permissão do responsável."
Feature.Friends.Label.AddConnectionsHint,Conexões fazem a Roblox divertida!
Feature.Friends.Label.AddConnectionsHintBody,Adicione pessoas que você já conhece ou descubra novas conexões
Feature.Friends.Label.AddFriendVPC,"Para adicionar esta amizade confiável, você precisa da permissão do seu responsável."
Feature.Friends.Label.All,
Feature.Friends.Label.AllowContactsAccess,Permita acesso aos seus contatos para se conectar com amizades na Roblox!
Feature.Friends.Label.Ask,Pedir permissão
Feature.Friends.Label.AskYourParent,
Feature.Friends.Label.Cancel,
Feature.Friends.Label.ConnectWithFriends,Conecte suas amizades
Feature.Friends.Label.ConnectedNumDays,Amizade de {num} dias
Feature.Friends.Label.ConnectedNumMonths,Amizade de {num} meses
Feature.Friends.Label.ConnectedNumYears,Amizade de {num} anos
Feature.Friends.Label.ConnectedOneDay,Amizade de 1 dia
Feature.Friends.Label.ConnectedOneMonth,Amizade de 1 mês
Feature.Friends.Label.ConnectedOneYear,Amizade de 1 ano
Feature.Friends.Label.ConnectionRecentlyPlayed,<b>1 conexão</b> jogou recentemente
Feature.Friends.Label.ConnectionRemoved,Conexão removida
Feature.Friends.Label.ConnectionRequest,Solicitação de conexão
Feature.Friends.Label.ConnectionsCount,Conexões ({connectionCount})
Feature.Friends.Label.ConnectionsPlayed,{numberOfConnections} jogaram
Feature.Friends.Label.ConnectionsRecentlyPlayed,<b>{numberOfConnections} conexões</b> jogaram recentemente
Feature.Friends.Label.ContactsCaption,"Para ajudar você e seus amigos a se encontrarem, a Roblox sincronizará regularmente os seus contatos e armazenará os usuários com quem você se corresponde. Você pode alterar isto a qualquer momento nas configurações da conta."
Feature.Friends.Label.FewestInteractions,Menos interações
Feature.Friends.Label.FindFriendsHintBody,Conecte-se com amizades que você já conhece ou faça novas amizades.
Feature.Friends.Label.Followed,Seguido
Feature.Friends.Label.Follower,Seguidor(a)
Feature.Friends.Label.Followers,Seguidores
Feature.Friends.Label.Following,Seguindo
Feature.Friends.Label.FollowsYou,Segue você
Feature.Friends.Label.Frequent,Jogaram juntos(as)
Feature.Friends.Label.Friend,
Feature.Friends.Label.FriendInvite,Convidou você para ser uma amizade na Roblox
Feature.Friends.Label.FriendRecentlyPlayed,<b>1 amizade</b> jogou recentemente
Feature.Friends.Label.FriendRequest,Solicitação de amizade
Feature.Friends.Label.Friends,
Feature.Friends.Label.FriendsAreNowConnections,As amizades agora são conexões!
Feature.Friends.Label.FriendsHintBold,Vamos jogar!
Feature.Friends.Label.FriendsHintPlain,Comece adicionando uma amizade.
Feature.Friends.Label.FriendsPlayed,
Feature.Friends.Label.FriendsRecentlyPlayed,<b>{numberOfConnections} amigos</b> jogaram recentemente
Feature.Friends.Label.InGame,Em uma Experiência
Feature.Friends.Label.IntroducingConnections,Apresentando as conexões
Feature.Friends.Label.JoinedInYear,Entrou em {year}
Feature.Friends.Label.ManageFriendsList,Gerenciar sua lista de amizades
Feature.Friends.Label.ManageFriendsListCaption,Revise as amizades com quem você menos interagiu para manter sua lista de amizades atualizada.
Feature.Friends.Label.MutualConnection,1 conexão mútua
Feature.Friends.Label.MutualConnectionTitle,1 Conexão mútua
Feature.Friends.Label.MutualConnections,{numConnections} conexões mútuas
Feature.Friends.Label.MutualConnectionsTitle,{numConnections} Conexões mútuas
Feature.Friends.Label.MutualFriendTitle,1 amigo em comum
Feature.Friends.Label.MutualFriends,Amizades em comum
Feature.Friends.Label.MutualFriendsTitle,{numConnections} amigos em comum
Feature.Friends.Label.NewConnection,Nova conexão
Feature.Friends.Label.NewFriend,Nova amizade
Feature.Friends.Label.NewFriendRequestsMax,{maxRequestsCount}+
Feature.Friends.Label.NoFriendsYet,{name} ainda não tem amizades.
Feature.Friends.Label.NowTrusted,{username} agora faz parte dos seus amigos confiáveis
Feature.Friends.Label.PYMK,Pessoas que você talvez conheça
Feature.Friends.Label.Pending,
Feature.Friends.Label.PlayedByUser,<b>{name}</b> jogou
Feature.Friends.Label.PlayedByUserAndOneOther,<b>{name}</b> e mais <b>1 conexão jogaram</b>
Feature.Friends.Label.PlayedByUserAndOneOther.FriendsRename,<b>{name}</b> e mais <b>1 amizade jogaram</b>
Feature.Friends.Label.PlayedByUserAndOthers,<b>{name}</b> e mais <b>{numOfOthers} conexões jogaram</b> 
Feature.Friends.Label.PlayedByUserAndOthers.FriendsRename,<b>{name}</b> e mais <b>{numOfOthers} amizades jogaram</b>
Feature.Friends.Label.RenameInfoText,"As amizades Roblox agora são conexões. Adicione pessoas que você conhece como conexões para facilmente ver quem está online, iniciar uma turma e jogar juntos. <br /><br />Agora, usuários com 13 anos ou mais podem desbloquear recursos expressivos de bate-papo com conexões elegíveis, com mais recursos em breve!"
Feature.Friends.Label.Request,Solicitação
Feature.Friends.Label.SearchFriends,Pesquisar amizades
Feature.Friends.Label.SentFromWithContext,Enviado por {gameName}
Feature.Friends.Label.SingularMutualFriend,amizade em comum
Feature.Friends.Label.Suggested,Sugeridas
Feature.Friends.Label.Unfollowed,Deixou de seguir
Feature.Friends.Label.YourLinkedParent,Seu responsável vinculado
Feature.Friends.LinkText.LearnMore,
Feature.Friends.Message.DiscoverableSettings,Você deseja ter seu perfil recomendado para outros usuários Roblox que têm seu número de telefone?
Feature.Friends.Message.EmptyState,"Quando seus contatos estiverem disponíveis, você poderá encontrá-los em Adicionar amizades."
Feature.Friends.Message.FloodLimitExceededError,Você está realizando esta ação muitas vezes. Espere um minuto e tente novamente.
Feature.Friends.Message.FriendAdded,
Feature.Friends.Message.NameFromContacts,"Quando usarem a Roblox, usuários com seu número de telefone poderão ver seu nome como salvo em seus dispositivos."
Feature.Friends.Message.RevokedContacts,"Para usar esse recurso, vá para o aplicativo Roblox nas configurações de seu dispositivo e ative os contatos."
Feature.Friends.Message.UploadContactsFailure,Ocorreu um problema ao carregar o conteúdo. Tente novamente mais tarde através da página Adicionar amizades.
Feature.Friends.Message.ViewAndConnectHint,Veja solicitações de conexão e adicione pessoas que você já conhece
Feature.Friends.Message.ViewAndConnectTooltip,Veja pedidos de amizade e conecte-se com amizades que você já conhece.
Feature.Friends.Mutual,Mútua
Feature.Friends.Mutuals,Mutuais
Feature.Friends.OneMutualConnection,é uma conexão mútua
Feature.Friends.OneMutualFriend,é uma amizade em comum
Feature.Friends.OneOtherMutualConnection,outra conexão mútua
Feature.Friends.OneOtherMutualFriend,outras amizade mútua
Feature.Friends.PluralMutualConnections,são conexões mútuas
Feature.Friends.PluralMutualFriends,são amizades mútuas
Feature.Friends.PluralOtherMutualConnections,outras conexões mútuas
Feature.Friends.PluralOtherMutualFriends,outras amizades mútuas
Feature.Friends.TCEducation.Modal.TextIntro,"A Roblox é mais divertida com pessoas que você conhece. Usuários com idade verificada que você adicionar através do código QR ou contatos se tornarão conexões confiáveis, desbloqueando vantagens extras, como:"
Feature.Friends.TCEducation.Modal.TextIntro.EighteenPlus,"Como um usuário com 18 anos ou mais verificados, você pode fazer mais com conexões nessa mesma faixa etária verificada e com suas conexões confiáveis."
Feature.Friends.TCEducation.Modal.TextOutro,Novas formas de adicionar outras pessoas como conexões confiáveis virão em breve. Controle de quem pode entrar em contato com você gerenciando suas Conexões.
Feature.Friends.TCEducation.Modal.TextOutro.EighteenPlus,"Ao adicionar outro usuário com idade verificada por meio de código QR ou Contatos, ele se tornará uma conexão confiável. Mais opções em breve."
Feature.Friends.TCEducation.Title,Adicione pessoas que você conhece
Feature.Friends.TCFeature.AndMore,e mais por vir
Feature.Friends.TCFeature.ChatWithoutFilters,Bate-papo sem filtros
Feature.Friends.TCFeature.PartyVoice,Voz da Turma
Feature.Friends.TFEducation.Modal.TextIntro,"A Roblox é mais divertida com pessoas que você conhece. Usuários com idade verificada que você adicionar através do código QR ou Contatos vão se tornar amigos confiáveis, desbloqueando vantagens extras, como:"
Feature.Friends.TFEducation.Modal.TextIntro.EighteenPlus,"Com idade verificada de 18 anos ou mais, você pode ter mais interações com amigos nessa mesma faixa etária verificada e com seus amigos confiáveis."
Feature.Friends.TFEducation.Modal.TextOutro,"Em breve, você vai ter novas formas de adicionar outras pessoas como amigos confiáveis. Controle quem pode entrar em contato com você gerenciando seus amigos."
Feature.Friends.TFEducation.Modal.TextOutro.EighteenPlus,"Se você adicionar outro usuário com idade verificada por meio de código QR ou dos contatos, ele vai virar uma amizade confiável. Mais opções em breve."
Feature.Friends.Text.IsPlaying,está jogando
Feature.Friends.Text.NoConnections,"Você ainda não adicionou nenhuma conexão. Para começar, encontre e adicione conexões."
Feature.Friends.Text.NoFriends,"Você ainda não adicionou nenhuma amizade. Para começar, encontre e adicione suas amizades na Roblox."
Feature.Friends.Title.TrustedFriendsExpiredLink,Link expirado
Feature.Friends.Title.TrustedFriendsInvalidLink,O link não é válido
Feature.Friends.TrustedConnection.AcceptTrustedRequest,Aceitar conexão confiável
Feature.Friends.TrustedConnection.Action.RemoveTrustedConnection,Remover conexão confiável
Feature.Friends.TrustedConnection.Label.AddTrustedConnection,Adicionar conexão confiável
Feature.Friends.TrustedConnection.Label.Trusted,
Feature.Friends.TrustedConnection.Toast.TrustedConnectionRemoved,Conexão confiável removida
Feature.Friends.TrustedFriend.AcceptTrustedRequest,Aceitar como amigo confiável
Feature.Friends.TrustedFriend.Action.RemoveTrustedFriend,Remover dos amigos confiáveis
Feature.Friends.TrustedFriend.AddBack.Header,Pedido de amizade confiável
Feature.Friends.TrustedFriend.Info.Modal.Header,Nova amizade confiável
Feature.Friends.TrustedFriend.Label.AddTrustedFriend,Adicionar aos amigos confiáveis
Feature.Friends.TrustedFriend.Toast.IsATrustedFriendNow,Agora {name} faz parte dos seus amigos confiáveis
Feature.Friends.TrustedFriend.Toast.TrustedFriendRemoved,Amizade confiável removida
Feature.Friends.TrustedFriend.Toast.TrustedFriendRequestSent,Pedido de amizade confiável enviado
Feature.FriendsActivityFeed.Label.ViewRecentActivity,Ver atividade recente
Feature.FriendsMenu.Label.SearchForConnections,
Feature.FriendsMenu.Label.SelectedConnectionsCount,{numerator}/{denominator} conexões selecionadas
Feature.FriendsMenu.Label.SelectedConnectionsCountNoLimit,{selectedCount} conexões selecionadas
Feature.FriendsMenu.Label.SelectedFriendsCount,{numerator}/{denominator} amizades selecionadas
Feature.FriendsMenu.Label.SelectedFriendsCountNoLimit,{selectedCount} amizades selecionadas
Feature.GameDetails.Action.GameDetails,
Feature.GameDetails.Action.GiveFeedback,
Feature.GameDetails.Action.NotInterested,Sem interesse
Feature.GameDetails.Action.PauseVideo,Pausar vídeo
Feature.GameDetails.Action.PlayVideo,Reproduzir vídeo
Feature.GameDetails.Action.Report,
Feature.GameDetails.Action.ReportAd,
Feature.GameDetails.Action.Undo,Desfazer
Feature.GameDetails.Action.Unlock,
Feature.GameDetails.Action.WhyThisAd,Por que você está vendo este anúncio
Feature.GameDetails.Heading.PurchaseGame,Desbloquear esta Experiência
Feature.GameDetails.Label.By,De 
Feature.GameDetails.Label.DontLikeGame,Não gosta deste jogo
Feature.GameDetails.Label.DontLikeImage,Não gosta desta imagem
Feature.GameDetails.Label.FriendsSeparator,", "
Feature.GameDetails.Label.InappropriateContent,Conteúdo inapropriado
Feature.GameDetails.Label.LearnMore,
Feature.GameDetails.Label.LowercaseNumberPlaying,{numActivePlayers} em atividade
Feature.GameDetails.Label.NineAndOver,9 anos de idade ou mais
Feature.GameDetails.Label.No,
Feature.GameDetails.Label.ProvideFeedbackTitle,Enviar feedback
Feature.GameDetails.Label.SomethingElse,Outra coisa
Feature.GameDetails.Label.Store,
Feature.GameDetails.Label.TellUsMorePlaceholder,Conte-nos mais
Feature.GameDetails.Label.TooRepetitive,Muito repetitiva
Feature.GameDetails.Label.Updated,
Feature.GameDetails.Label.VoiceChat,Bate-papo de voz
Feature.GameDetails.Label.WhyThisAd,
Feature.GameDetails.Label.Yes,
Feature.GameDetails.Message.AdPreferences,Preferências de anúncios
Feature.GameDetails.Message.AnonymousFeedbackTermsOfUse,Respostas são compartilhadas anônimamente e constituem feedback de acordo com os {underlineStart}Termos de Uso Roblox{underlineEnd}.
Feature.GameDetails.Message.HelpImproveExperience,Ajude-nos a melhorar a sua experiência
Feature.GameDetails.Message.HidingExperienceQuestion,Por que você está escondendo esta experiência?
Feature.GameDetails.Message.PurchaseGameV2,Desbloquear o acesso a {gameName} por {X} Robux?
Feature.GameDetails.Message.SponsoredDisclosure.Error,Não foi possível exibir as informações de patrocínio devido a um erro temporário.
Feature.GameDetails.Message.SponsoredDisclosure.O18NonPersonalizedNoLink,"Você está vendo este conteúdo patrocinado com base em fatores não personalizados, como informações do dispositivo, localização e idade, para oferecer conteúdo apropriado a você. O criador da experiência é {CreatorName}. O patrocínio foi pago por {PayerName}. Para saber mais, acesse a página ""Privacidade e maturidade do conteúdo"" nas configurações na sua conta aqui:"
Feature.GameDetails.Message.SponsoredDisclosure.O18PersonalizedNoLink,"Você está vendo este conteúdo patrocinado com base em diferentes fatores, como sua localização, informações do dispositivo, idade e comportamento da plataforma, para oferecer conteúdo relevante a você. O criador da experiência é {CreatorName}. O patrocínio foi pago por {PayerName}. Para saber mais, acesse a página ""Privacidade e maturidade do conteúdo"" nas configurações na sua conta aqui:"
Feature.GameDetails.Message.SponsoredDisclosure.U18,"Você está vendo este conteúdo patrocinado com base em fatores não personalizados, como informações do dispositivo, localização e idade, para oferecer conteúdo apropriado a você. O criador da experiência é {CreatorName}. O patrocínio foi pago por {PayerName}."
Feature.GameDetails.Message.SponsoredDisclosureNoUniverse.O18NonPersonalNoLink,"Você está vendo este conteúdo patrocinado com base em fatores não personalizados, como informações do dispositivo, localização e idade, para oferecer conteúdo apropriado a você. O patrocínio foi pago por {PayerName}. Para saber mais, acesse a página ""Privacidade e maturidade do conteúdo"" nas configurações na sua conta aqui:"
Feature.GameDetails.Message.SponsoredDisclosureNoUniverse.O18PersonalizedNoLink,"Você está vendo este conteúdo patrocinado com base em diferentes fatores, como sua localização, informações do dispositivo, idade e comportamento da plataforma, para oferecer conteúdo relevante a você. O patrocínio foi pago por {PayerName}. Para saber mais, acesse a página ""Privacidade e maturidade do conteúdo"" nas configurações na sua conta aqui:"
Feature.GameDetails.Message.SponsoredDisclosureNoUniverse.U18,"Você está vendo este conteúdo patrocinado com base em fatores não personalizados, como informações do dispositivo, localização e idade, para oferecer conteúdo apropriado a você. O patrocínio foi pago por {PayerName}."
Feature.GameDetails.Message.SuggestLessOften,Vamos sugerir isso com menos frequência
Feature.GameDetails.RatingPercentOnly,Avaliação {percentRating}%
Feature.GameDetails.Toast.LinkCopied,
Feature.GameFollows.LabelNotifications,Notificar
Feature.GameFollows.TooltipFollowLimitReached,Limite atingido. Deixe de seguir outras experiências para para começar a seguir esta.
Feature.GameFollows.TooltipNotificationsLimitReached,"Limite atingido. Por favor, desative as notificações para outras experiências primeiro."
Feature.GameFollows.TooltipTurnedOffNotifications,Notificações ativadas para {experienceName}
Feature.GameFollows.TooltipTurnedOnNotifications,
Feature.GamePage.Action.BackToTop,Voltar para o topo
Feature.GamePage.Label.Ad,
Feature.GamePage.Label.Sponsored,Patrocinadas
Feature.GamePage.QuickLaunch.LaunchError.ContextualPlayabilityUnverifiedSeventeenPlusUser,Esta experiência não está disponível devido ao seu status de verificação de idade.
Feature.GamePage.QuickLaunch.LaunchError.GuestProhibited,Convidados não podem se juntar a esta experiência.
Feature.GamePage.QuickLaunch.LaunchError.PurchaseRequired,É necessário pagar para explorar esta experiência.
Feature.GamePage.QuickLaunch.LaunchError.RequestFailed,Falha na solicitação de rede.
Feature.GamePage.QuickLaunch.LaunchError.TemporarilyUnavailable,"No momento, esta experiência não pode ser visitada."
Feature.GamepadDisconnect.Label.Message,"O controle para o usuário ""%s"" foi desconectado, por favor pressione '%s' no controle com o qual você gostaria de continuar."
Feature.GamepadDisconnect.Label.MessageGeneric,"O controle para o usuário ""%s"" foi desconectado. Reconecte seu controle."
Feature.GamepadDisconnect.Label.Title,Controle desconectado
Feature.Groups.Action.Cancel,
Feature.Groups.Action.CancelRequest,Cancelar solicitação
Feature.Groups.Action.Close,
Feature.Groups.Action.Continue,
Feature.Groups.Action.CreateGroup,Criar comunidade
Feature.Groups.Action.Follow,
Feature.Groups.Action.JoinGroup,Juntar-se à comunidade
Feature.Groups.Action.LeaveGroup,Sair da comunidade
Feature.Groups.Action.MakePrimary,Tornar principal
Feature.Groups.Action.More,
Feature.Groups.Action.NotNow,
Feature.Groups.Action.RemovePrimary,Remover principal
Feature.Groups.Action.SeeAll,
Feature.Groups.Action.Unfollow,Deixar de seguir
Feature.Groups.Action.ViewGroup,Ver comunidade
Feature.Groups.Description.JoinGroupPending,Seu pedido para entrar precisa ser avaliado pela comunidade.
Feature.Groups.Description.NotEligibleToJoin,Sua conta não pode entrar nesta comunidade.
Feature.Groups.Description.PremiumMaxGroups,Você ingressou no número máximo de comunidades.
Feature.Groups.Description.RequiresAccountTenureTooltipOneDay,Sua conta deve ter 1 dia para você poder entrar nesta comunidade.
Feature.Groups.Description.RequiresAccountTenureTooltipOneMonth,Sua conta deve ter 30 dias para você poder entrar nesta comunidade.
Feature.Groups.Description.RequiresAccountTenureTooltipOneWeek,Sua conta deve ter 7 dias para você poder entrar nesta comunidade.
Feature.Groups.Description.RequiresAccountTenureTooltipThreeDays,Sua conta deve ter 3 dias para você poder entrar nesta comunidade.
Feature.Groups.Description.RequiresAccountTenureTooltipThreeMonths,Sua conta deve ter 90 dias para você poder entrar nesta comunidade.
Feature.Groups.Heading.Community,Comunidade
Feature.Groups.Heading.Followers,
Feature.Groups.Heading.Groups,
Feature.Groups.Heading.Members,
Feature.Groups.Heading.MyGroups,Minhas comunidades
Feature.Groups.Heading.Primary,Principal
Feature.Groups.Heading.SocialLinksNew,Links sociais
Feature.Groups.Heading.SocialMedia,
Feature.Groups.Heading.VerificationRequired,Verificação de conta necessária
Feature.Groups.Heading.Videos,Vídeos
Feature.Groups.Label.ByOwnerWithFormat,Por {ownerName}
Feature.Groups.Label.Follower,seguidor
Feature.Groups.Label.FollowerCapital,Seguidor
Feature.Groups.Label.FollowerCapitalPlural,
Feature.Groups.Label.FollowerPlural,seguidores
Feature.Groups.Label.GroupClosed,Comunidade fechada
Feature.Groups.Label.GroupLocked,Esta comunidade foi bloqueada
Feature.Groups.Label.Member,Membro
Feature.Groups.Label.MemberCapitalPlural,
Feature.Groups.Label.MemberLowerCase,membro
Feature.Groups.Label.MemberLowerCasePlural,membros
Feature.Groups.Label.Owned,Adquirido
Feature.Groups.Label.PreviousNames,Nomes anteriores
Feature.Groups.Label.SearchMyGroups,Pesquisar minhas comunidades
Feature.Groups.Message.BannedFromGroup,Você foi banido desta comunidade.
Feature.Groups.Message.GroupClosed,Você não pode participar de uma comunidade fechada.
Feature.Groups.Message.LoadGroupListError,Não foi possível carregar a lista da comunidade.
Feature.Groups.Message.NoGroupsFound,Nenhuma comunidade encontrada.
Feature.Groups.Message.NotInAnyGroups,Você não é membro de nenhuma comunidade.
Feature.Groups.Message.PinLocked,Você não pode executar esta ação com um PIN bloqueado. Desbloqueie seu PIN nas Configurações de conta.
Feature.Groups.Modal.ContentTextHigh,"Verifique sua conta para ingressar nesta comunidade.

1. Acesse informações de conta > Verificar minha idade
2. Conclua o processo de verificação"
Feature.Groups.Modal.ContentTextLow,"Verifique sua conta para entrar nesta comunidade.

1. Vá para informações de conta
2. Escolha uma opção de verificação:
    - Adicionar telefone
    - Adicionar e-mail
    - Verificar minha idade
3. Conclua o processo de verificação"
Feature.Groups.Modal.ContentTextMedium,"Verifique sua conta para entrar nesta comunidade.

1. Vá para informações de conta
2. Escolha uma opção de verificação:
    - Adicionar telefone E adicionar e-mail
    - Verificar minha idade
3. Conclua o processo de verificação"
Feature.Groups.Notification.FailedToFollow,Ocorreu um erro ao seguir o perfil. Tente novamente mais tarde.
Feature.Groups.Notification.FailedToJoin,Ocorreu um erro ao entrar na comunidade. Tente novamente mais tarde.
Feature.Groups.Notification.FailedToLoad,Ocorreu um erro ao carregar a comunidade. Tente novamente mais tarde.
Feature.Groups.Notification.Following,Seguindo {groupName}.
Feature.Groups.Notification.GroupDoesNotExist,A comunidade não existe.
Feature.Groups.Notification.GroupModerated,Esta comunidade está sendo moderada no momento.
Feature.Groups.Notification.JoinRequestPending,Pediu para entrar em {groupName}.
Feature.Groups.Notification.Joined,Entrou em {groupName}.
Feature.Groups.Title.AlreadyFollowing,Você já está seguindo {groupName}
Feature.Groups.Title.AlreadyMember,Você já é membro de {groupName}
Feature.Groups.Title.Follow,Seguir {groupName}
Feature.Groups.Title.Join,Entrar em {groupName}
Feature.Groups.Title.RequestedToJoin,Você já pediu para entrar em {groupName}
Feature.Groups.Title.UnableToJoin,Não é possível entrar em {groupName}
Feature.Home.ActionSeeAll,Ver todas
Feature.Home.ClientCacheFallbackBanner.Action.Refresh,
Feature.Home.ClientCacheFallbackBanner.Label.Error,
Feature.Home.ClientCacheFallbackBanner.Label.ErrorRefreshingToastTitle,
Feature.Home.ClientCacheFallbackBanner.Label.RefreshPageToLoadContents,Atualize a página para carregar o conteúdo
Feature.Home.HeadingFriends,Amizades ({friendCount})
Feature.Home.Label.HappeningNow,Acontecendo agora
Feature.Home.PeopleList.ChatWith,Bate-papo com {username}
Feature.Home.Robux,
Feature.InExperienceIntervention.Action.LetUsKnow,Nos informe
Feature.InExperienceIntervention.Action.Understand,Eu entendo
Feature.InExperienceIntervention.Description.BeRespectful,"No futuro, siga as regras e trate os outros com respeito."
Feature.InExperienceIntervention.Description.CannotSend,Você não pode enviar mensagens no bate-papo por {number} minutos.
Feature.InExperienceIntervention.Description.CannotSend1Day,Você não pode enviar mensagens no chat por 1 dia.
Feature.InExperienceIntervention.Description.CannotSend1Hour,Você não pode enviar mensagens no chat por 1 hora.
Feature.InExperienceIntervention.Description.CannotSend1Min,Você não pode enviar mensagens no bate-papo por 1 minuto.
Feature.InExperienceIntervention.Description.CannotSendDays,Você não pode enviar mensagens no chat por {number} dias.
Feature.InExperienceIntervention.Description.CannotSendHours,Você não pode enviar mensagens no chat por {number} horas.
Feature.InExperienceIntervention.Description.CantUsePartyChat,"Você não pode enviar mensagens agora. Se você quebrar as regras novamente, você pode perder o acesso à conta."
Feature.InExperienceIntervention.Description.ChatDisabled,"Devido a repetidas violações das Regras da Comunidade Roblox, desativamos temporariamente sua capacidade de enviar mensagens no bate-papo."
Feature.InExperienceIntervention.Description.ChatIncludes,Seu bate-papo por texto inclui:
Feature.InExperienceIntervention.Description.ChatSuspension.Day.Expired,"Sua suspensão de {number} dias do chat terminou. Se você quebrar as regras novamente, poderá sofrer banimento."
Feature.InExperienceIntervention.Description.ChatSuspension.Days,"Você não poderá usar o chat por mais {number} dias porque uma ou mais mensagens suas violaram as regras. Se você violar as regras de novo, poderá sofrer banimento."
Feature.InExperienceIntervention.Description.ChatSuspension.Hour.Expired,"Sua suspensão de {number} horas do chat terminou. Se você quebrar as regras novamente, poderá sofrer banimento."
Feature.InExperienceIntervention.Description.ChatSuspension.Hours,"Você não poderá usar o chat por mais {number} horas porque uma ou mais mensagens suas violaram as regras. Se você violar as regras de novo, poderá sofrer banimento."
Feature.InExperienceIntervention.Description.ChatSuspension.Minute.Expired,"Sua suspensão de {number} minutos do chat terminou. Se você quebrar as regras novamente, poderá sofrer banimento."
Feature.InExperienceIntervention.Description.ChatSuspension.Minutes,"Você não poderá usar o chat por mais {number} minutos porque uma ou mais mensagens suas violaram as regras. Se você violar as regras de novo, poderá sofrer banimento."
Feature.InExperienceIntervention.Description.Disclaimer,Cometemos um erro? {startLink}Nos informe{endLink}
Feature.InExperienceIntervention.Description.FeedbackHelps,Seu feedback ajuda nossos sistemas a melhorar.
Feature.InExperienceIntervention.Description.LoseAccess,"Se isso acontecer novamente, você pode perder o acesso à sua conta."
Feature.InExperienceIntervention.Description.MayLoseAccess,"Se você quebrar as regras novamente, você poderá perder o acesso à sua conta."
Feature.InExperienceIntervention.Description.Mistake,Cometemos um erro?
Feature.InExperienceIntervention.Description.PartyChatMayBeSuspended,Compartilhar informações pessoais não é permitido na Roblox. O seu bate-papo pode ser suspenso se você quebrar as regras novamente.
Feature.InExperienceIntervention.Description.TextChatMayBeSuspended,Seu bate-papo pode ser suspenso se você quebrar as regras novamente.
Feature.InExperienceIntervention.Heading.CannotChat,Você não pode enviar bate-papos por {number} minutos
Feature.InExperienceIntervention.Heading.ChatBreaksRules,Seu bate-papo de texto quebra as regras
Feature.InExperienceIntervention.Heading.ChatSuspended,Uso do bate-papo suspenso por {number} minutos
Feature.InExperienceIntervention.Heading.ChatSuspension.1Day,Chat suspenso por 1 dia
Feature.InExperienceIntervention.Heading.ChatSuspension.1Hour,Chat suspenso por 1 hora
Feature.InExperienceIntervention.Heading.ChatSuspension.1Minute,Chat suspenso por 1 minuto
Feature.InExperienceIntervention.Heading.ChatSuspension.Expired,Você pode voltar a usar o chat
Feature.InExperienceIntervention.Heading.ChatSuspension.MultiHour,Chat suspenso por {number} horas
Feature.InExperienceIntervention.Heading.ChatSuspension.MultiMinute,Chat suspenso por {number} minutos
Feature.InExperienceIntervention.Heading.ChatSuspension.Plural,Chat suspenso por {number} dias
Feature.InExperienceIntervention.Heading.DontSharePersonalInformation,Não compartilhar informações pessoais
Feature.InExperienceIntervention.Heading.PartyChatSuspended,Bate-papo suspenso por {remainingTime}
Feature.InExperienceIntervention.Heading.TakeALook,Daremos uma olhada
Feature.InExperienceIntervention.Heading.TextChatSuspension,Suspensão de bate-papo de texto
Feature.InExperienceIntervention.Label.Complete,
Feature.InExperienceIntervention.Label.EndsOn,Termina em:
Feature.InExperienceIntervention.Label.Player,{username}: {evidence}
Feature.InExperienceIntervention.Label.TimeLeft.Day.Plural,
Feature.InExperienceIntervention.Label.TimeLeft.Day.Singular,
Feature.InExperienceIntervention.Label.TimeLeft.Hours,Restam {time}
Feature.InExperienceShop.Label.BonusItem,Item bônus
Feature.InExperienceShop.Label.DescriptionWithTime,{description} {timeRemaining}
Feature.InExperienceShop.Label.EndTime,Termina em {timeRemaining}
Feature.InExperienceShop.Label.NoDescription,Sem descrição
Feature.InExperienceShop.Label.OfferEndTime,{offer} terminando em {timeRemaining}
Feature.InExperienceShop.Label.PreviewBanner,Esta é uma prévia da sua loja no Roblox Studio. Os jogadores não veem esta prévia.
Feature.InExperienceShop.Label.Timer.Day.Plural, {number} dias
Feature.InExperienceShop.Label.Timer.Day.Singular,1 dia
Feature.InExperienceShop.Label.Timer.Hour.Plural,
Feature.InExperienceShop.Label.Timer.Hour.Singular,1 hora
Feature.InExperienceShop.Label.Timer.Minute.Plural,{number} minutos
Feature.InExperienceShop.Label.Timer.Minute.Singular,1 minuto
Feature.InExperienceShop.Label.Timer.Second.Plural,{number} segundos
Feature.InExperienceShop.Label.Timer.Second.Singular,1 segundo
Feature.Item.Label.DeleteFromInventoryConfirmUndercaseDelete,"Quer mesmo excluir este item do seu inventário para sempre? Se mudar de ideia, você precisará ganhá-lo novamente em uma experiência."
Feature.Item.Label.DeleteItemUndercase,Excluir item
Feature.LegallySensitiveContent.Action.FriendDiscovery.NotNow,
Feature.LegallySensitiveContent.Action.FriendDiscovery.TurnOn,Ativar
Feature.LegallySensitiveContent.Description.PhoneNumberDiscoverabilityUpsellConsent.FRnm,Ajude as pessoas que têm seu celular a adicionarem você aos amigos na Roblox
Feature.LegallySensitiveContent.Heading.TurnOnFriendDiscovery,Ativar a descoberta de amizades
Feature.Moments.Action.AddMusic,Adicionar música
Feature.Moments.Action.AddSticker,Adicionar adesivo
Feature.Moments.Action.AddText,Adicionar texto
Feature.Moments.Action.AddVoice,Adicionar voz
Feature.Moments.Action.Back,
Feature.Moments.Action.Cancel,
Feature.Moments.Action.Continue,
Feature.Moments.Action.Delete,
Feature.Moments.Action.Done,
Feature.Moments.Action.Expand,Expandir
Feature.Moments.Action.GenerateText,Gerar texto
Feature.Moments.Action.GenerateTextFeedbackNotHelpful,Não é útil
Feature.Moments.Action.GenerateTextFeedbackPolicy,Inapropriado ou ou viola as regras
Feature.Moments.Action.Hide,
Feature.Moments.Action.HowToCapture,Como capturar
Feature.Moments.Action.Join,
Feature.Moments.Action.Leave,
Feature.Moments.Action.Minimize,Minimizar
Feature.Moments.Action.Ok,
Feature.Moments.Action.Play,
Feature.Moments.Action.Post,
Feature.Moments.Action.Report,
Feature.Moments.Action.Retry,
Feature.Moments.Action.Return,Voltar à galeria
Feature.Moments.Action.ReturnToEditing,Voltar à edição
Feature.Moments.Action.ShowDetails,Mostrar detalhes
Feature.Moments.Action.ShowMore,
Feature.Moments.Action.TrimVideo,Cortar vídeo
Feature.Moments.Description.CommunityStandards,Consulte as Regras da Comunidade para obter mais informações sobre o que você pode e não pode dizer.
Feature.Moments.Description.EmptyCapturesLibrary,É aqui que você encontrará suas capturas.
Feature.Moments.Description.GenerateTextFeedbackDisclosure,Gerado por IA. Revise antes de publicar. Você é responsável pelo que é publicado.
Feature.Moments.Description.HowToCaptureStep1,Entre em uma experiência com o recurso de captura habilitado e selecione o menu com o ícone de três linhas
Feature.Moments.Description.HowToCaptureStep2,Habilite os controles de captura
Feature.Moments.Description.HowToCaptureStep3,Capture fotos e vídeos enquanto joga
Feature.Moments.Description.LeaveMomentsCreation,"Você vai perder todas as suas alterações, mas ainda pode encontrar esta captura na sua galeria de <b>Capturas</b>."
Feature.Moments.Description.NoMusicResults,Nenhuma música encontrada
Feature.Moments.Description.NonInfiniteScrollEndBody,Você chegou ao fim desta sequência de Momentos. Toque abaixo para continuar assistindo.
Feature.Moments.Description.NothingHereYet,Nada aqui ainda…
Feature.Moments.Description.PublishMoment,Descreva seu Momento
Feature.Moments.Description.StayFriendly,Vamos manter o clima amigável
Feature.Moments.Description.TooManyUploads,Você enviou muitos vídeos hoje. Tente novamente amanhã.
Feature.Moments.Disclaimer.EveryoneMoments,Todos nos Momentos podem ver o que é publicado
Feature.Moments.Label.All,
Feature.Moments.Label.AttemptingJoinExperience,Tentando entrar em {placeName}. Isso pode levar alguns segundos.
Feature.Moments.Label.CaptureLibrary,Sua biblioteca de capturas
Feature.Moments.Label.DeleteMomentBody,Você não pode recuperar um Momento depois que ele for excluído.
Feature.Moments.Label.DeleteMomentTitle,Excluir Momento?
Feature.Moments.Label.Error,
Feature.Moments.Label.FeedEndBody,Volte mais tarde ou crie seu próprio Momento.
Feature.Moments.Label.FeedEndTitle,Você conferiu tudo
Feature.Moments.Label.FeedFailedToLoad,Erro ao carregar as notícias
Feature.Moments.Label.FeedMyMoments,Meus Momentos
Feature.Moments.Label.FeedTrending,Em destaque
Feature.Moments.Label.HowToUseCaptureTitle,Como usar a captura
Feature.Moments.Label.LinkCopied,Link copiado.
Feature.Moments.Label.LinkCopyFailed,Falha ao copiar link.
Feature.Moments.Label.ModeratedRodeoBody,"Removemos este Momento porque ele vai contra as Regras da Comunidade. Para que seus Momentos continuem disponíveis, confira e siga as regras."
Feature.Moments.Label.MomentDeletedBody,
Feature.Moments.Label.MomentDeletedTitle,
Feature.Moments.Label.MomentFailedToPostBody,Algo deu errado.
Feature.Moments.Label.MomentFailedToPostTitle,Erro ao publicar o Momento
Feature.Moments.Label.MomentPublishedBody,Seu Momento foi publicado com sucesso.
Feature.Moments.Label.MomentPublishedTitle,Momento publicado
Feature.Moments.Label.MomentUnavailable,Momento indisponível
Feature.Moments.Label.MomentUnavailableDefault,Este Momento não está disponível.
Feature.Moments.Label.MomentsExperienceName,
Feature.Moments.Label.Music,
Feature.Moments.Label.NonInfiniteScrollEndTitle,Você conferiu tudo por enquanto
Feature.Moments.Label.Photos,Fotos
Feature.Moments.Label.PostDeleted,Momento excluído
Feature.Moments.Label.PostRemovedBody,O Momento que você publicou vai contra as Regras da Comunidade.
Feature.Moments.Label.PublishingRodeoBody,Isso não deve demorar muito.
Feature.Moments.Label.Reactions,Reações
Feature.Moments.Label.ReportReason.BreaksRules,Esta publicação quebra as regras
Feature.Moments.Label.ReportReason.IntellectualProperty,Esta publicação viola minha propriedade intelectual
Feature.Moments.Label.ReportSubmittedBody,Agradecemos por seu feedback.
Feature.Moments.Label.ReportSubmittedTitle,Denúncia enviada
Feature.Moments.Label.RobloxPartnerContent,Conteúdo de parceiros da Roblox
Feature.Moments.Label.RodeoPublishingTitle,Como publicar seu Momento
Feature.Moments.Label.Search,
Feature.Moments.Label.ShareLinkTitle,Momentos na Roblox
Feature.Moments.Label.StayFriendlyModeration,
Feature.Moments.Label.TextGenerateInProgressBody,Aguarde até que o texto gerado por IA seja exibido antes de editar a sobreposição manualmente.
Feature.Moments.Label.TextGenerateInProgressTitle,Geração em andamento
Feature.Moments.Label.TextGenerateOverrideBody,A geração substituirá sua sobreposição de texto e descrição atuais.
Feature.Moments.Label.TextGenerateOverrideTitle,O texto será substituído
Feature.Moments.Label.TextGeneratedBody,Sobreposição de texto gerada por IA e descrição adicionada
Feature.Moments.Label.TextGeneratedTitle,Texto gerado
Feature.Moments.Label.TextGenerationFailedBody,Não foi possível gerar o texto. Tente novamente.
Feature.Moments.Label.TextGenerationFailedTitle,Falha na geração
Feature.Moments.Label.TextGenerationFilteredBody,Não é possível gerar um texto para esta captura de vídeo porque o conteúdo foi bloqueado.
Feature.Moments.Label.TextGenerationFilteredTitle,Geração filtrada
Feature.Moments.Label.Tone,Tom
Feature.Moments.Label.Tone.Cinematic,Modo cinema
Feature.Moments.Label.Tone.Funny,Engraçado
Feature.Moments.Label.Tone.Hype,Entusiasmado
Feature.Moments.Label.Tone.Neutral,Neutro
Feature.Moments.Label.Videos,
Feature.Moments.Title.GenerateTextFeedbackReason,O que deu errado?
Feature.Moments.Title.GenerateTextOptions,
Feature.Moments.Title.LeaveMomentCreation,Sair da criação de Momento?
Feature.Moments.Title.MomentRemoved,Momento removido
Feature.Moments.Title.ReportPost,Denunciar publicação
Feature.Moments.Tooltip.Creation,Todos na experiência podem ver seus Momentos.
Feature.NativeAds.Label.Ad,
Feature.NotApproved.Action.ReportMistake,Relatar um erro
Feature.NotApproved.Label.AbuseType.Advertising,
Feature.NotApproved.Label.AbuseType.Chargeback,Estorno
Feature.NotApproved.Label.AbuseType.CheatandExploits,Trapaças e exploits
Feature.NotApproved.Label.AbuseType.ChildEndangerment,Perigo para crianças
Feature.NotApproved.Label.AbuseType.ChildEndangerment.V2,Exploração de menores
Feature.NotApproved.Label.AbuseType.ChildEndangerment.V3,Conteúdo/comportamento nocivo
Feature.NotApproved.Label.AbuseType.Commerce,Comércio
Feature.NotApproved.Label.AbuseType.ContestsandSweepstakes,Concursos e rifas
Feature.NotApproved.Label.AbuseType.DMCA,DMCA
Feature.NotApproved.Label.AbuseType.Dating,
Feature.NotApproved.Label.AbuseType.DirectingUsersOffPlatform.V2,Direcionar usuários para fora da plataforma
Feature.NotApproved.Label.AbuseType.DiscriminatoryContent,Conteúdo discriminatório
Feature.NotApproved.Label.AbuseType.DisruptiveAudio,Áudio disruptivo
Feature.NotApproved.Label.AbuseType.EncouragingDangerousBehavior,Incentivando comportamento perigoso
Feature.NotApproved.Label.AbuseType.ExtortionandBlackmail,Extorsão e chantagem
Feature.NotApproved.Label.AbuseType.Harassment,Assédio
Feature.NotApproved.Label.AbuseType.IllegalandRegulatedContent,Conteúdo ilegal e regulamentado
Feature.NotApproved.Label.AbuseType.Impersonation,Personificação
Feature.NotApproved.Label.AbuseType.IpViolation,Violação de propriedade intelectual
Feature.NotApproved.Label.AbuseType.IrlDangerousActivities,Atividades perigosas no mundo real
Feature.NotApproved.Label.AbuseType.MisusingRobloxSystems,Mau uso dos sistemas Roblox
Feature.NotApproved.Label.AbuseType.OffPlatformSpeechandBehavior,Comportamento e discurso nocivo fora da plataforma
Feature.NotApproved.Label.AbuseType.Other,Outro
Feature.NotApproved.Label.AbuseType.PoliticalContent,Conteúdo político
Feature.NotApproved.Label.AbuseType.PoliticalContent.V2,Figuras e entidades políticas
Feature.NotApproved.Label.AbuseType.PrivacyAskingforPII,Privacidade: Solicitando PII
Feature.NotApproved.Label.AbuseType.PrivacyGivingPII,Privacidade: Fornecendo PII
Feature.NotApproved.Label.AbuseType.Profanity,
Feature.NotApproved.Label.AbuseType.RealLifeThreats,Ameaças na vida real
Feature.NotApproved.Label.AbuseType.RealLifeTragedy,Tragédia da vida real
Feature.NotApproved.Label.AbuseType.RealLifeTragedy.V2,Eventos sensíveis do mundo real
Feature.NotApproved.Label.AbuseType.RobloxEconomy,Economia Roblox
Feature.NotApproved.Label.AbuseType.Scamming,Esquema malicioso
Feature.NotApproved.Label.AbuseType.SexualContent,Conteúdo sexual
Feature.NotApproved.Label.AbuseType.Spam,Spam
Feature.NotApproved.Label.AbuseType.SuicideSelfHarm,Suicídio/Autolesão
Feature.NotApproved.Label.AbuseType.Swearing,Falando palavrões
Feature.NotApproved.Label.AbuseType.TerrorismExtremism,Terrorismo/Extremismo
Feature.NotApproved.Label.AbuseType.ThreatsOrAbuseOfRobloxEmployeesOrAffiliates,Ameaças ou abuso de funcionários ou afiliados da Roblox.
Feature.NotApproved.Label.AbuseType.Trademark,Violação de marca
Feature.NotApproved.Label.AbuseType.ViolentContentAndGore,Conteúdo violento e vísceras
Feature.NotApproved.Label.AbuseType.VirtualCasino,Cassino virtual
Feature.NotApproved.Label.ModeratorNote,Nota do moderador
Feature.NotApproved.Label.Reason,Motivo
Feature.NotApproved.Label.Sublabel.FraudAbuseOfTheAffiliateSystem,Abuso do sistema de afiliados
Feature.NotApproved.Label.Sublabel.FraudAttemptedUnauthorizedPaymentMethodUse,Tentaiva de uso de método de pagamento não autorizado
Feature.NotApproved.Label.Sublabel.FraudPaymentAbuse,Abuso de pagamento
Feature.NotApproved.Label.Sublabel.FraudRepeatedRefundRequests,Solicitações de reembolso repetidas
Feature.NotApproved.Label.Sublabel.FraudSuspiciousAccountPatterns,Padrões suspeitos na conta
Feature.NotApproved.Label.Sublabel.FraudSuspiciousRefundRequests,Solicitações de reembolso suspeitas
Feature.NotApproved.Label.Sublabel.FraudUnauthorizedPurchase,Compra não autorizada
Feature.NotApproved.Label.Sublabel.FraudUseOfUnauthorizedOffPlatformTransactions,Uso de transações fora da plataforma não autorizadas para conteúdo Roblox
Feature.NotApproved.Label.Sublabel.FraudVirtualEconomyAbuse,Abuso da economia virtual
Feature.Notifications.Action.PushUpsellAllow,
Feature.Notifications.Action.PushUpsellNotNow,
Feature.Notifications.Action.SnoozeFifteenMinutes,15 minutos
Feature.Notifications.Action.SnoozeFourHours,4 horas
Feature.Notifications.Action.SnoozeOneDay,
Feature.Notifications.Action.SnoozeOneHour,
Feature.Notifications.Action.UntilITurnItBackOn,Até que eu ative novamente
Feature.Notifications.Heading.PushUpsellChat,Permanecer conectado
Feature.Notifications.Heading.PushUpsellGeneric,Não perca
Feature.Notifications.Heading.RemoveSnoozeFeedback,As notificações de {title} foram reativadas
Feature.Notifications.Heading.SnoozeFeedback,Notificações de {title} silenciadas por {duration}
Feature.Notifications.Heading.TurnOnNotifications,Ativar notificações
Feature.Notifications.Label.GetUpdatesFromExperience,Receber notificações de {experienceName} enquanto você estiver ausente?
Feature.Notifications.Label.PushUpsellChat,"Permitir notificações push para obter atualizações sobre bate-papo, convites de Turmas, sugestões de conteúdo e muito mais."
Feature.Notifications.Label.PushUpsellGeneric,"Receba notificações sobre atividades como mensagens de bate-papo, convites, pedidos de amizade e muito mais."
Feature.Notifications.Label.ReceiveActivityUpdates,Receba atualizações sobre atividades enquanto você estiver ausente
Feature.Notifications.Label.SecondsAbbreviated,s
Feature.Notifications.Response.NotificationsEnabled,Notificações ativadas para esta experiência
Feature.Notifications.Response.NotificationsEnabledForExperience,
Feature.PaidAccessPurchases.Webview.Title.Checkout,Checkout
Feature.PaidAccessRefunds.Webview.Title.RequestRefund,Solicitar reembolso
Feature.Parents.Action.SendEmail,Enviar e-mail
Feature.Parents.Description.EnterParentEmail.ChildInstructions,Peça a um dos seus responsáveis para ajudar você nesta etapa. Vamos mandar um e-mail a ele para fazer a verificação da idade dele e vinculá-lo a sua conta.
Feature.Parents.Description.EnterParentEmail.NoPC,"Pais ou responsáveis: após vincular a conta da criança, vocês podem aprovar algumas atividades para ela."
Feature.Parents.Description.EnterParentEmail.PC,"Pais e responsáveis: após vincular a conta da criança, vocês têm acesso aos controles dos responsáveis e informações sobre o tempo de tela, gastos e muito mais."
Feature.Parents.Description.EnterParentEmailV4,"Peça aos seus pais ou responsáveis para que ajudem neste passo.{lineBreak}Enviaremos um e-mail a um de seus pais ou responsável para verificar a idade dele e vinculá-lo à sua conta.{lineBreak}Pais ou responsáveis, após vincular a conta de sua criança, você terá acesso ao controle dos responsáveis, informações sobre o tempo de tela, amizades de sua crian
ca e muito mais."
Feature.Parents.Description.EnterParentEmailWithoutParentalControl,"Peça aos seus pais ou responsáveis para que ajudem neste passo.{lineBreak}Enviaremos um e-mail a um de seus pais ou responsáveis para verificar a idade dele e vinculá-lo à sua conta.{lineBreak}Pais ou responsáveis, após vincular a conta de sua criança, você terá acesso ao controle dos responsáveis, informações sobre o tempo de tela, amizades de sua criança e muito mais."
Feature.Parents.Description.ParentalEmailFooter,"Este endereço de e-mail será associado com sua conta na Roblox com privilégios de responsáveis. Para saber mais sobre nossas práticas de dados, consulte nossa {linkStart}Política de Privacidade{linkEnd}."
Feature.Parents.Label.Email,e-mail
Feature.Parents.Label.ParentEmail,E-mail do responsável
Feature.Parents.Message.ConflictingPendingConsent,"Você já solicitou permissão. Para enviar uma nova solicitação, primeiro cancele seu pedido nas Configurações."
Feature.Parents.Message.EmailIneligible,"Este e-mail não é elegível. Para solicitar a permissão dos responsáveis na Roblox, use um e-mail diferente."
Feature.Parents.Message.InvalidEmail,Endereço de e-mail inválido
Feature.Parents.Message.RequestCreatedEmailNotSent,"Após vincular uma conta Roblox, seus responsáveis verão esta solicitação no controle dos responsáveis."
Feature.Parents.Message.SomethingWentWrong,
Feature.Parents.Message.TooManyAttemptAskParent,"Tentativas demais. Se você já solicitou permissão, peça ao seu responsável para verificar seu e-mail."
Feature.Parents.Message.TooManyAttempts,
Feature.Parents.Title.EnterParentEmailV2,Insira o e-mail do responsável
Feature.Parents.Title.SomethingWentWrong,
Feature.PlayerSearchResults.Action.AddFriend,
Feature.PlayerSearchResults.Label.FromSearch,Da busca
Feature.PlayerSearchResults.Label.Previously,Anteriormente
Feature.PlayerSearchResults.Label.ThisIsYou,Este é você
Feature.PlayerSearchResults.Label.YouAreFollowing,Você está seguindo
Feature.Profile.Action.AboutThisProfile,Sobre este perfil
Feature.Profile.Action.Accept,
Feature.Profile.Action.AcceptFriends,
Feature.Profile.Action.Add,
Feature.Profile.Action.Chat,
Feature.Profile.Action.CopyProfileLink,Copiar link do perfil
Feature.Profile.Action.EditAppearance,Editar aparência
Feature.Profile.Action.EditAvatar,Editar avatar
Feature.Profile.Action.EditBackground,Editar plano de fundo
Feature.Profile.Action.EditEmotes,Editar emotes
Feature.Profile.Action.EditLook,Editar visual
Feature.Profile.Action.JoinGame,
Feature.Profile.Action.Pending,
Feature.Profile.Action.Save,
Feature.Profile.Action.ShareProfile,Compartilhar perfil
Feature.Profile.Action.ShareProfileLink,Compartilhe o link do perfil
Feature.Profile.Action.SwitchAvatar,
Feature.Profile.Action.ToQRCode,
Feature.Profile.Action.UserBlocked,Usuário bloqueado
Feature.Profile.Action.ViewFullProfile,Ver perfil completo
Feature.Profile.Action.ViewProfile,
Feature.Profile.Description.AboutModalCaption,"Deixe os outros saberem mais sobre você. Mantenha a segurança, não compartilhe detalhes pessoais."
Feature.Profile.Description.InspectAndBuy,Clique para ver e comprar o visual deles.
Feature.Profile.Description.QrCodeDescription,Deixe que outras pessoas escaneiem seu QR code para se conectarem na Roblox. Usuários com idade verificada de mais de 13 anos que usarem o QR code em tempo real para se conectar serão Amizades Confiáveis.
Feature.Profile.Description.QrCodeDescription.FriendsRename,"Deixe que outras pessoas escaneiem seu código QR para se conectarem na Roblox. Usuários com mais de 13 anos, com verificação de idade, que usarem o código QR em tempo real para se conectar serão amigos confiáveis."
Feature.Profile.Description.QrCodeScanning,"Deixe outros escanearem o código QR da Roblox com o Scanner QR ou a câmera do dispositivo deles, para adicioná-lo rapidamente como um amizade!"
Feature.Profile.Description.RecognizeConnectionsByCustomName,"Reconheça suas amizades mais facilmente, definindo um nome personalizado. Nomes importados de contatos e nomes personalizados só são visíveis para você."
Feature.Profile.Description.RecognizeFriendsByCustomName,
Feature.Profile.Description.SaySomething,
Feature.Profile.Description.ScanQR,Deixe as pessoas saberem que podem escanear seu código QR para adicionar você.
Feature.Profile.Description.SetCustomName,"Defina um nome personalizado para <font weight=""medium"">{displayName}</font>."
Feature.Profile.Description.SetCustomNameNoDisplayName,Defina um nome personalizado.
Feature.Profile.Description.SocialNetworksCaptionEveryone,Atualmente visível para todos.
Feature.Profile.Description.SocialNetworksCaptionFollowers,"Atualmente visível para amizades, usuários que você segue e seus seguidores."
Feature.Profile.Description.SocialNetworksCaptionFollowing,Atualmente visível para amizades e usuários que você segue.
Feature.Profile.Description.SocialNetworksCaptionFriends,Atualmente visível para amizades.
Feature.Profile.Description.SocialNetworksCaptionNoOne,Atualmente visível para ninguém.
Feature.Profile.Description.UsernameInsufficientFunds,Você precisa de mais {icon}{rbx} para mudar seu nome de usuário. Gostaria de comprar mais Robux?
Feature.Profile.Description.UsernamePrice,1000
Feature.Profile.Header.BuyWholeLook,Comprar visual completo
Feature.Profile.Header.InspectAndBuy,Avatar de {username}
Feature.Profile.Header.InspectAndBuy.BuySection,Total ({numberOfSelectedItems} de {totalNumberOfItems}itens)
Feature.Profile.Header.InspectAndBuy.Tooltip,
Feature.Profile.Header.Inventory,
Feature.Profile.Header.Store,
Feature.Profile.Heading.AgedUpDisplayName,
Feature.Profile.Heading.AgedUpDisplayNameUpdated,Nome atualizado.
Feature.Profile.Heading.DisplayName,Nome de exibição
Feature.Profile.Heading.DisplayNameUpdated,Nome de exibição atualizado
Feature.Profile.Heading.EditAgedUpDisplayName,Editar nome
Feature.Profile.Heading.EditDisplayName,Editar nome de exibição
Feature.Profile.Heading.InsufficientFunds,Saldo insuficiente
Feature.Profile.Heading.ProfileFrame,Moldura do perfil
Feature.Profile.Heading.ProfilePictureSaved,Imagem de perfil salva com sucesso
Feature.Profile.Heading.ProfileQRCode,
Feature.Profile.Heading.Statistics,
Feature.Profile.Heading.Username,
Feature.Profile.Heading.UsernameUpdated,Nome de usuário atualizado
Feature.Profile.Label.AboutDetailsHeading,Sobre {name}
Feature.Profile.Label.AboutPlaceholder,Diga algo...
Feature.Profile.Label.AddFriend,
Feature.Profile.Label.AgedUpDisplayNameCaption,"Esse é o nome público primário que os outros usuários verão em você na Roblox. Escolha um nome que suas amizades reconhecerão, como seu nome verdadeiro."
Feature.Profile.Label.AgedUpDisplayNameConnectionsCaption,"Este é o nome público primário que os outros usuários verão em você na Roblox. Escolha um nome que suas amizades reconhecerão, como seu nome verdadeiro."
Feature.Profile.Label.AgedUpDisplayNameFailed,O nome não pode ser salvo. Tente outro nome.
Feature.Profile.Label.AgedUpDisplayNameFriendsCaption,"Esse é o nome público primário que os outros usuários vão ver em você na Roblox. Escolha um nome que suas amizades reconheçam, como seu nome verdadeiro."
Feature.Profile.Label.AgedUpDisplayNameModalCaption,"Seu nome só pode ser mudado uma vez a cada 7 dias.
"
Feature.Profile.Label.AgedUpDisplayNameTooShort,O nome de exibição deve ter pelo menos 3 caracteres.
Feature.Profile.Label.Cancel,
Feature.Profile.Label.CustomName,Nome personalizado
Feature.Profile.Label.CustomizeName,Personalizar nome
Feature.Profile.Label.CustomizeNamePlaceholder,
Feature.Profile.Label.DisplayNameCaption,Este é o nome público primário que os outros usuários verão em você no Roblox.
Feature.Profile.Label.DisplayNameFailed,O nome de exibição não pode ser salvo. Tente novamente.
Feature.Profile.Label.DisplayNameModalCaption,Seu nome de exibição só pode ser alterado uma vez a cada 7 dias.
Feature.Profile.Label.DisplayNameTooShort,
Feature.Profile.Label.EditBackground,
Feature.Profile.Label.NoBioYet,Nenhuma biografia ainda
Feature.Profile.Label.NoPreviousName,Sem nomes anteriores
Feature.Profile.Label.NoSocialLink,Nenhum link social ainda
Feature.Profile.Label.PlayedTogetherInGameDescription,Jogando juntos em {experience_name}
Feature.Profile.Label.PlayingExperience,jogando <b>{experienceName}</b>
Feature.Profile.Label.QRCodeFriendRequest,Enviado a partir do seu código QR
Feature.Profile.Label.RecentAgedUpDisplayName,Seu nome de exibição foi mudado muito recentemente. Seu nome de exibição só pode ser alterado uma vez a cada 7 dias.
Feature.Profile.Label.RecentDisplayName,Seu nome de exibição foi alterado muito recentemente. Seu nome de exibição só pode ser alterado uma vez a cada 7 dias.
Feature.Profile.Label.UnableToJoin,Não é possível entrar
Feature.Profile.Label.UserIsPlayingExperience,<b>{userName}</b> está jogando <b>{experienceName}</b>
Feature.Profile.Label.UsernameDescription,Este é o seu nome único na Roblox. Mudar seu nome de usuário vai custar {icon}{price}.
Feature.Profile.Label.ViewDetails,
Feature.Profile.Message.BlockError,Não foi possível bloquear o usuário. Você bloqueou pessoas demais.
Feature.Profile.Message.FriendAdded,
Feature.Profile.Message.InvalidAliasError,
Feature.Profile.Message.NoExperienceAccess,{name} está em uma experiência a qual você não tem acesso.
Feature.Profile.Message.QRLoadFailed,Falha ao carregar.
Feature.Profile.Message.QRNofificationRequest,enviou-lhe uma solicitação de amizade a partir de seu código QR
Feature.Profile.Message.QRNotificationRequest,enviou uma solicitação de amizade pelo seu código QR
Feature.Profile.Message.QRNotificationRequest.FriendsRename,
Feature.Profile.Title.QrScanner,Scanner QR
Feature.Profile.Tooltip.CurrencyTransfer.Body,Agora você pode enviar Robux.
Feature.Profile.Tooltip.CustomNameProfile,Reconheça amizades mais facilmente definindo um nome personalizado.
Feature.Profile.Tooltip.DisplayName,Atualize seu nome para ajudar suas amizades a reconhecer você.
Feature.Profile.Tooltip.QrScanner,Escaneie o código QR de suas amizades para adicioná-las rapidamente na Roblox.
Feature.ProfileBadges.VerifiedBadgeInfo,"Este distintivo verifica que o titular é um criador(a), marca ou figura pública notável e autêntico(a)."
Feature.ProfileBadges.VerifiedBadgeInfoLink,
Feature.ProfileBadges.VerifiedBadgeInfoTitle,Emblema verificado
Feature.ProfileBadges.action.close,
Feature.QualtricsSurveyPrompt.Action.Close,"Não, obrigado."
Feature.QualtricsSurveyPrompt.Action.Continue,
Feature.QualtricsSurveyPrompt.Action.Done,
Feature.QualtricsSurveyPrompt.Action.Next,
Feature.QualtricsSurveyPrompt.Action.Retry,
Feature.QualtricsSurveyPrompt.Action.Send,
Feature.QualtricsSurveyPrompt.Description.Error,
Feature.QualtricsSurveyPrompt.Description.TakeAQuickSurvey,Responda a uma pesquisa rápida para ajudar a Roblox a melhorar.
Feature.QualtricsSurveyPrompt.Heading.GiveUsFeedback,O que você acha?
Feature.QualtricsSurveyPrompt.Response.SurveySubmitted,Obrigado pelo seu feedback!
Feature.ReportAbuse.Action.AttachScreenshot,Anexar captura de tela
Feature.ReportAbuse.Action.BackToExperience,Voltar à experiência
Feature.ReportAbuse.Action.BuildAReport,Modo de texto
Feature.ReportAbuse.Action.Close,
Feature.ReportAbuse.Action.Continue,
Feature.ReportAbuse.Action.ContinueReport,Prosseguir com a denúncia
Feature.ReportAbuse.Action.EnterChatLineReporting,
Feature.ReportAbuse.Action.EnterSceneReporting,Entrar no modo de destaque
Feature.ReportAbuse.Action.ErrorModalGoBack,
Feature.ReportAbuse.Action.HighlightScene,Destacar cena
Feature.ReportAbuse.Action.Next,
Feature.ReportAbuse.Action.Retake,Refazer
Feature.ReportAbuse.Action.RetakeScene,Retomar cena
Feature.ReportAbuse.Action.ReturnToExperience,
Feature.ReportAbuse.Action.SelectInScene,Modo de destaque
Feature.ReportAbuse.Action.Submit,
Feature.ReportAbuse.Action.TextMute,Bloquear bate-papos de {name}
Feature.ReportAbuse.DSAIllegal.ReportLink,Denuncie conteúdo ilegal de acordo com o Regulamento Serviços Digitais da UE.
Feature.ReportAbuse.DSAIllegal.ReportPageTitle,Denunciar conteúdo ilegal
Feature.ReportAbuse.Description.IpInfringementReportModal,<b>Salve este código.</b> Você precisará dele para concluir sua <b>Solicitação de Remoção</b> usando as ferramentas de <b>Propriedade Intelectual</b> no <b>Salão dos criadores</b> ou por email <i>(consulte os detalhes nos Termos de Uso)</i>. <b>Este código só será válido por 48 horas.</b>
Feature.ReportAbuse.Heading.ReportAbuse,
Feature.ReportAbuse.Heading.ReportUsingSelectInScene,Denunciar usando o modo de destaque
Feature.ReportAbuse.Heading.SelectInSceneErrorTitle,Erro: Máximo de 5 círculos
Feature.ReportAbuse.Label.Avatar,Avatar
Feature.ReportAbuse.Label.CantSelectSubtitle,"Selecione ""Avançar"" para denunciar toda a experiência."
Feature.ReportAbuse.Label.CantSelectTitle,Não consegue destacar algo?
Feature.ReportAbuse.Label.CategoryBullyingV2,"Bullying, assédio, discriminação"
Feature.ReportAbuse.Label.CategoryContent,"Conteúdo inapropriado - Lugar, imagem, modelo"
Feature.ReportAbuse.Label.CategoryDating,
Feature.ReportAbuse.Label.CategoryInappropriate,Linguajar inapropriado - Palavrões e conteúdo adulto
Feature.ReportAbuse.Label.CategoryOther,Outras violações de regras
Feature.ReportAbuse.Label.CategoryPrivateInfo,Oferecer ou pedir informações pessoais
Feature.ReportAbuse.Label.CategoryScamming,"Exploração indevida, trapaça, esquema malicioso"
Feature.ReportAbuse.Label.CategoryTheft,"Roubo de conta - Phishing, hacking, troca"
Feature.ReportAbuse.Label.CategoryThreats,Ameaças na vida real e de suicídio
Feature.ReportAbuse.Label.ChooseOne,Escolha um
Feature.ReportAbuse.Label.Content,
Feature.ReportAbuse.Label.Experience,
Feature.ReportAbuse.Label.FinishChatReport,Terminar a denúncia de bate-papo
Feature.ReportAbuse.Label.GenericReportIllegalContentMessage,
Feature.ReportAbuse.Label.HighlightProblem,Destaque o problema usando círculos
Feature.ReportAbuse.Label.HighlightProblemPrecise,Destaque o problema
Feature.ReportAbuse.Label.Optional,Opcional
Feature.ReportAbuse.Label.Person,Pessoa
Feature.ReportAbuse.Label.PleaseSelectOne,Por favor selecione um.
Feature.ReportAbuse.Label.Report,
Feature.ReportAbuse.Label.ReportSubmitted,
Feature.ReportAbuse.Label.ReportType,Experiência ou pessoa?
Feature.ReportAbuse.Label.SelectChatLine,Selecione um bate-papo para denunciar
Feature.ReportAbuse.Label.SelectInSceneComplete,Vamos usar sua denúncia para fazer da Roblox um lugar divertido e seguro para todos.
Feature.ReportAbuse.Label.SelectInSceneDescription1,Use até 5 círculos para destacar o problema
Feature.ReportAbuse.Label.SelectInSceneDescription2,Conte-nos por que é um problema
Feature.ReportAbuse.Label.SelectInSceneDescription3,Envie sua denúncia
Feature.ReportAbuse.Label.SelectInSceneDescriptionPrecise1,"Toque, arraste ou clique para destacar o problema"
Feature.ReportAbuse.Label.SelectInSceneErrorDescription,Você pode colocar até 5 círculos para destacar o problema. Use o botão desfazer para remover círculos.
Feature.ReportAbuse.Label.SelectPerson,Selecionar pessoa na cena
Feature.ReportAbuse.Label.SelectProblem,Selecionar problema na cena
Feature.ReportAbuse.Label.SentInAnotherChat,Enviado em outro bate-papo
Feature.ReportAbuse.Label.SentPrivately,Enviado em privado
Feature.ReportAbuse.Label.TakeItDownCopy,"Denuncie imagens íntimas feitas sem consentimento, conforme definido pelo Título 47, Seção 223a, do Código dos EUA."
Feature.ReportAbuse.Label.TellUsWhatHappened,Conte-nos o que aconteceu. (Opcional)
Feature.ReportAbuse.Label.TellUsWhatHappenedNoOptional,Conte-nos o que aconteceu:
Feature.ReportAbuse.Label.TextChat,Bate-papo de texto
Feature.ReportAbuse.Label.UserTextMuted,Bloqueamos bate-papos de {name}
Feature.ReportAbuse.Label.UserTextMutedError,Não foi possível bloquear bate-papos de {name}
Feature.ReportAbuse.Label.WhatWasWrong,
Feature.ReportAbuse.Label.WhereDidItHappen,Onde isso aconteceu?
Feature.ReportAbuse.Label.YourReportCode,Seu código de denúncia único:
Feature.ReportAbuse.Message.ChatLineReportingInfoText,"Sua denúncia incluirá todas as mensagens deste canal, incluindo a que você selecionar."
Feature.ReportAbuse.Message.ErrorSubmit,Ocorreu um erro ao enviar sua denúncia.
Feature.ReportAbuse.Message.OSACopy1,Nós revisaremos sua denúncia e tomaremos as medidas apropriadas. Não compartilharemos suas informações com qualquer usuário que você denunciar.
Feature.ReportAbuse.Message.OSACopy2,"O usuário ou conteúdo que você denunciou não serão bloqueados automaticamente. Se você quiser limitar suas interações com um usuário, você pode bloqueá-las."
Feature.ReportAbuse.Message.OSACopy3,Você também pode denunciar conteúdos ilegais ao abrigo da Lei de Segurança Online do Reino Unido.
Feature.ReportAbuse.Message.OSACopy4,Denunciar conteúdo ilegal e/ou nocivo para crianças
Feature.ReportAbuse.Message.OSACopyReadOnly,"Para denunciar conteúdo ilegal e/ou nocivo para crianças, visite: https://www.roblox.com/illegal-content-reporting"
Feature.ReportAbuse.Message.ProblemNotInScene,"Se o problema não estiver nesta cena, você pode refazer a captura de tela."
Feature.ReportAbuse.Message.ReportInformationCopy,Nós revisaremos sua denúncia e tomaremos as medidas apropriadas. Não compartilharemos suas informações com qualquer usuário que você denunciar. Denunciar um usuário ou conteúdo não os bloqueará automaticamente.
Feature.ReportAbuse.Message.RetakeScene,"Ajude-nos a entender o que está acontecendo ao seu redor. Capturaremos a cena assim que você selecionar ""Denunciar""."
Feature.ReportAbuse.Message.Success,Sua denúncia foi enviada.
Feature.ReportAbuse.Message.ThankYouReport,Obrigado. Usaremos seu relatório para fazer da Roblox um lugar seguro e divertido para todos.
Feature.ReportAbuse.Message.UserTextMuted,Você não receberá nenhuma conversa de texto dessa pessoa nesta experiência.
Feature.ReportAbuse.Message.UserTextMutedErrorDoesNotExist,Não conseguimos encontrar {name}. Talvez essa pessoa já tenha deixado a experiência.
Feature.ReportAbuse.Message.UserTextMutedErrorSelf,Você não pode bloquear bate-papos de você mesmo.
Feature.ReportAbuse.Message.UserTextMutedSystem,O usuário ‘{name}’ foi silenciado. ‘/unmute {name}’ para desfazer.
Feature.ReportAbuse.Problem.Bullying,Bullying
Feature.ReportAbuse.Problem.Cheating,Trapaça
Feature.ReportAbuse.Problem.Dating,Paquera/Sexo
Feature.ReportAbuse.Problem.Hate,Ódio
Feature.ReportAbuse.Problem.IpInfringement,
Feature.ReportAbuse.Problem.Links,Links para fora da plataforma
Feature.ReportAbuse.Problem.Personal,Dados pessoais
Feature.ReportAbuse.Problem.Scamming,Fraudes
Feature.ReportAbuse.Problem.Spamming,
Feature.ReportAbuse.Problem.Swearing,
Feature.ReportAbuse.Problem.Violence,Violência
Feature.ReportAbuse.ProblemDescription.Bullying,"Bullying, assédio ou ameaças"
Feature.ReportAbuse.ProblemDescription.Cheating,Quebrando as regras ou trapaceando usando hacks ou código
Feature.ReportAbuse.ProblemDescription.Dating,"Paquera, romance ou sexo"
Feature.ReportAbuse.ProblemDescription.Hate,"Ódio, gírias derrogatórias ou discriminação"
Feature.ReportAbuse.ProblemDescription.IpInfringement,Uso não autorizado do meu conteúdo
Feature.ReportAbuse.ProblemDescription.Links,Link a um site ou aplicativo fora da Roblox
Feature.ReportAbuse.ProblemDescription.Personal,Perguntar ou fornecer informações pessoais
Feature.ReportAbuse.ProblemDescription.Scamming,"Scams, fraude ou negociação falsa"
Feature.ReportAbuse.ProblemDescription.Spamming,Enviando spam ou mensagens repetitivas
Feature.ReportAbuse.ProblemDescription.Swearing,"Palavrões, linguagem chula ou profana"
Feature.ReportAbuse.ProblemDescription.Violence,Violência extrema ou vísceras
Feature.ReportAbuse.ProblemSurface.Avatar,Roupa ou acessório de avatar
Feature.ReportAbuse.ProblemSurface.DrawingOrCreation,Desenho ou criação
Feature.ReportAbuse.ProblemSurface.Experience,Jogo ou experiência
Feature.ReportAbuse.ProblemSurface.ItemOrAsset,Item ou ativo
Feature.ReportAbuse.ProblemSurface.Movement,Movimento do jogador ou emote
Feature.ReportAbuse.ProblemSurface.MusicOrSoundEffect,Efeito de som ou música
Feature.ReportAbuse.ProblemSurface.TextChat,Texto
Feature.ReportAbuse.ProblemSurface.Username,
Feature.ReportAbuse.Title.SelectInSceneContinueYourReport,Continue sua denúncia
Feature.ReportAbuse.Title.SelectInSceneFinishYourReport,Finalize sua denúncia
Feature.ReportAbuse.Title.SelectInSceneIpReport,Agradecemos por denunciar uma violação de propriedade intelectual
Feature.ReportAbuse.Title.SelectInSceneThankYou,
Feature.RobloxSubscription.Action.Subscribe,Assinar
Feature.RobloxSubscription.Action.TryItForFree,Teste grátis
Feature.RobloxSubscription.Body.AlreadySubscribed,Sua assinatura Plus já oferece benefícios no jogo.
Feature.RobloxSubscription.Body.GenericError,Não foi possível concluir esta ação no momento. Tente novamente.
Feature.RobloxSubscription.Body.UnsupportedPlatform,Esta assinatura não está disponível para compra neste dispositivo.
Feature.RobloxSubscription.Description.AgeCheckTrial,Faça a verificação de idade e ganhe 1 semana grátis do Roblox Plus como agradecimento. Não é necessário informar um método de pagamento para aproveitar esse teste grátis.
Feature.RobloxSubscription.Description.Benefit.Customize,Personalize com molduras de perfil e temas do aplicativo
Feature.RobloxSubscription.Description.Benefit.DiscountV2,"10% de desconto nos primeiros 60 dias, depois 20% de desconto em itens e avatares"
Feature.RobloxSubscription.Description.ExclusiveBenefits,Mais diversão por menos Robux. Assine o Roblox Plus.
Feature.RobloxSubscription.Disclosure.BlackbirdTermsAgreement,"Ao clicar em \u{201C}{ctaText}\u{201D}, você concorda com os <a href=""{termsUrl}"">Termos de assinatura da Roblox</a>. A cobrança será feita automaticamente todo mês até você cancelar."
Feature.RobloxSubscription.Label.BlackbirdPSDiscount,Servidores privados gratuitos
Feature.RobloxSubscription.Label.BlackbirdPriceTag,{price}/{periodType}
Feature.RobloxSubscription.Label.BlackbirdTr,Envie Robux de graça
Feature.RobloxSubscription.Label.BlackbirdUpsellBanner,Ganhe {discountPercentage}% de desconto com o Roblox Plus
Feature.RobloxSubscription.Label.BlackbirdVTDiscountFirst,"{discountPercent}% de desconto em itens do jogo, avatares e muito mais"
Feature.RobloxSubscription.Label.BlackbirdVTDiscountSecond,{discountPercent}% de desconto nesses itens após {periodIndex} {periodType}
Feature.RobloxSubscription.Label.FreeTrialDisclosureShort,"Ao clicar em “Continuar”, você concorda com os {linkStart}Termos de assinatura da Roblox{linkEnd}."
Feature.RobloxSubscription.Label.FreeTrialDisclosureV2,"Ao clicar em “Teste grátis”, você concorda com os {linkStart}Termos de assinatura da Roblox.{linkEnd} Seu teste grátis termina em 1 mês. A cobrança será automática todo mês até você cancelar."
Feature.RobloxSubscription.Label.FreeTrialText,Faça um teste grátis
Feature.RobloxSubscription.Label.RobloxPlusPriceRowV2,"{boldStart}1 mês grátis,{boldEnd} depois {price}/{periodType}"
Feature.RobloxSubscription.Label.month,mês
Feature.RobloxSubscription.Label.months,meses
Feature.RobloxSubscription.Title.AgeCheckTrial,Ganhe 1 semana grátis do Plus
Feature.RobloxSubscription.Title.AlreadySubscribed,Boas notícias
Feature.RobloxSubscription.Title.GenericError,
Feature.RobloxSubscription.Title.GetBlackbird,Assine o Roblox Plus
Feature.RobloxSubscription.Title.UnsupportedPlatform,O Roblox Plus não está disponível aqui
Feature.SafetyDashboard.Heading.AccountStatus.V2,"Status da conta, violações e recursos"
Feature.Schools.Label.Classmates,Colegas da escola
Feature.Screentime.Content.ScreentimeLimitDialog,Você atingiu seu limite diário de tempo de tela. Volte amanhã para acessar a Roblox novamente.
Feature.SecurityFeedback.Header.NewLogin,Alerta de nova atividade
Feature.Settings.Label.Error,
Feature.SettingsHub.Action.AllowInSettings,Permitir nas configurações
Feature.SettingsHub.Action.Block,
Feature.SettingsHub.Action.Cancel,
Feature.SettingsHub.Action.CancelSearch,
Feature.SettingsHub.Action.CaptureScene,Capturar cena
Feature.SettingsHub.Action.ConnectVoiceChat,Conectar chat de voz
Feature.SettingsHub.Action.InviteFriend,
Feature.SettingsHub.Action.InviteFriendsBack,
Feature.SettingsHub.Action.MuteAll,Mudo (todos)
Feature.SettingsHub.Action.NotNow,
Feature.SettingsHub.Action.Ok,
Feature.SettingsHub.Action.OpenSettings,Abrir as configurações
Feature.SettingsHub.Action.Report.Done,
Feature.SettingsHub.Action.TurnOn,
Feature.SettingsHub.Action.Unblock,
Feature.SettingsHub.Action.UnmuteAll,Som (todos)
Feature.SettingsHub.Chat.ChatLanguageSelectionLabel,Linguagem de tradução de conversas
Feature.SettingsHub.Chat.TranslationSetting,Tradução automática de bate-papo
Feature.SettingsHub.Chat.TranslationToggleSetting,Opção para visualizar mensagem não traduzida
Feature.SettingsHub.Default.DynamicThumbstick,Padrão (direcional analógico dinâmico)
Feature.SettingsHub.Description.CameraPermissionRequestQRCode,Precisamos de acesso à sua câmera para que você possa escanear um código QR.
Feature.SettingsHub.Description.ChatWithVoiceDisabledUntil,Seu acesso à Conversa por voz foi desativado até {dateTime} devido a um comportamento que pode ter violado nossas Regras da Comunidade.
Feature.SettingsHub.Description.ContactsPermissionAndroid,"1. Selecione Permissões
2. Selecione Contatos
3. Permita que o aplicativo Roblox acesse seus contatos"
Feature.SettingsHub.Description.ContactsPermissionAndroidDeeplinkNotSupported,"1. Vá para Configurações > Permissões
2. Selecione Contatos
3. Dê permissão para que o aplicativo Roblox acesse seus contatos"
Feature.SettingsHub.Description.ContactsPermissionIOS,"Para se conectar com amigos, permita que a Roblox acesse seus contatos."
Feature.SettingsHub.Description.ContactsPermissionRequest,Precisamos de acesso aos seus contatos para que você possa se conectar com suas amizades.
Feature.SettingsHub.Description.PeoplesNames,Mostre ou oculte seus emblemas para outras pessoas nos jogos.
Feature.SettingsHub.Description.QRCodeCameraPermissionAndroid,"1. Selecione Permissões
2. Selecione Câmera
3. Permita que o aplicativo Roblox acesse sua câmera"
Feature.SettingsHub.Description.QRCodeCameraPermissionAndroidDeeplinkNotSupported,"1. Vá para Configurações > Permissões
2. Selecione Câmera
3. Permita que o aplicativo Roblox acesse sua câmera"
Feature.SettingsHub.Description.QRCodeCameraPermissionIOS,"Para escanear o código QR, permita que o aplicativo Roblox acesse sua câmera."
Feature.SettingsHub.Description.SelectAvatarToCheckoutItems,Selecione um avatar para conferir os itens dele.
Feature.SettingsHub.Description.SelectUsernameToViewProfile,Visualize perfis selecionando um nome.
Feature.SettingsHub.GameSettings.DisplayBadges,Exibir meus emblemas
Feature.SettingsHub.GameSettings.FramerateCapDefaultEntry,Padrão ({Frames} FPS)
Feature.SettingsHub.GameSettings.FramerateEntry,{Frames} FPS
Feature.SettingsHub.GameSettings.GuiVisibility.Freecam,Câmera livre
Feature.SettingsHub.GameSettings.GuiVisibility.ShowGuiType,Mostrar interface gráfica: '{GuiType}'
Feature.SettingsHub.GameSettings.InputDevice,Dispositivo de entrada
Feature.SettingsHub.GameSettings.MaximumFramerate,Taxa de quadros máxima (FPS)
Feature.SettingsHub.GameSettings.MaximumFramerate.Description,Ajuste sua taxa de quadros (FPS) para uma jogabilidade mais suave. Taxas de quadros mais elevadas consomem mais energia e os quadros além da taxa de atualização da tela não serão mostradas.
Feature.SettingsHub.GameSettings.MicroProfiler,MicroProfiler
Feature.SettingsHub.GameSettings.MyBadges,Meus emblemas
Feature.SettingsHub.GameSettings.OutputDevice,Dispositivo de saída
Feature.SettingsHub.GameSettings.PeopleNames,Exibir nomes das pessoas
Feature.SettingsHub.GameSettings.PeopleNames.Description,Mostre ou oculte os nomes acima das pessoas nos jogos. Alguns jogos podem ter configurações próprias que substituem as suas preferências.
Feature.SettingsHub.GameSettings.PeoplesNames,Nomes das pessoas
Feature.SettingsHub.Heading.InviteFriends,
Feature.SettingsHub.Heading.InviteUser,Convidar {DisplayName}?
Feature.SettingsHub.Heading.Report.ThanksForReport,Obrigado por sua denúncia!
Feature.SettingsHub.Label.AttachScreenshot,Anexar captura de tela? (opcional)
Feature.SettingsHub.Label.Captures,
Feature.SettingsHub.Label.ChooseOne,
Feature.SettingsHub.Label.Connect,Conectar
Feature.SettingsHub.Label.Connected,
Feature.SettingsHub.Label.ConnectionsListLoadErrorMessage,Não foi possível carregar as conexões. Tente novamente mais tarde.
Feature.SettingsHub.Label.DefaultInviteMessage,Gostaria de convidar {DisplayName} para se juntar a você?
Feature.SettingsHub.Label.Disconnect,Desconectar
Feature.SettingsHub.Label.Disconnected,
Feature.SettingsHub.Label.DontLeaveButton,
Feature.SettingsHub.Label.FriendsListLoadErrorMessage,Não é possível carregar suas amizades. Tente novamente mais tarde.
Feature.SettingsHub.Label.GameInviteError,O convite da experiência não pôde ser enviado. Tente novamente mais tarde.
Feature.SettingsHub.Label.Hide,Ocultar
Feature.SettingsHub.Label.InviteSearchNoResults,
Feature.SettingsHub.Label.Invited,Convidado
Feature.SettingsHub.Label.LeaveButton,
Feature.SettingsHub.Label.LoadingFriendsListFailed,"Ocorreu um erro, tente novamente mais tarde."
Feature.SettingsHub.Label.MethodOfAbuse,Tipo de abuso?
Feature.SettingsHub.Label.Moderated,Moderado
Feature.SettingsHub.Label.ModeratedInviteError,O convite da experiência foi moderado e não foi enviado.
Feature.SettingsHub.Label.Mute,
Feature.SettingsHub.Label.NoConnectionsPageMessage,Adicione conexões para explorar juntos.
Feature.SettingsHub.Label.NoConnectionsScreen,Faça conexões para que você possa convidá-las para se juntar a você!
Feature.SettingsHub.Label.NoFriendsPageMessage,Adicione amizades para que vocês possam explorar juntos.
Feature.SettingsHub.Label.NoFriendsScreen,Faça amizades e convide-as para visitar uma experiência com você!
Feature.SettingsHub.Label.QuitButton,
Feature.SettingsHub.Label.ReasonForAbuse,Motivo do abuso?
Feature.SettingsHub.Label.Report.BlockDisplayName,Bloquear {DISPLAY_NAME} (@{RBX_NAME})
Feature.SettingsHub.Label.Report.OtherActionsHeader,Outras medidas que você pode tomar
Feature.SettingsHub.Label.Report.ReceivedReportBody,Recebemos sua denúncia e em breve tomaremos as ações necessárias. Seus comentários ajudam a manter nossa comunidade segura.
Feature.SettingsHub.Label.ReportComment,
Feature.SettingsHub.Label.SceneCaptured,Cena capturada
Feature.SettingsHub.Label.SearchForFriendsPlaceholder,Pesquisar conexões
Feature.SettingsHub.Label.SearchForFriendsPlaceholder.FriendsRename,Pesquisar amigos
Feature.SettingsHub.Label.Sending,Enviando
Feature.SettingsHub.Label.Show,Mostrar
Feature.SettingsHub.Label.Unmute,Desilenciar
Feature.SettingsHub.Label.VoiceChat,Chat de voz
Feature.SettingsHub.Label.WhichPlayer,Qual pessoa?
Feature.SettingsHub.LanguageSelection.SettingLabel,Idioma do jogo
Feature.SettingsHub.LanguageSelection.Unavailable,
Feature.SettingsHub.Message.InviteToGameTitle,Junte-se a mim em {PLACENAME}
Feature.SettingsHub.MethodOfAbuse.AvatarSubtitle,O avatar desta pessoa está usando roupas ofensivas
Feature.SettingsHub.MethodOfAbuse.Other.Subtitle,
Feature.SettingsHub.MethodOfAbuse.Other.Title,
Feature.SettingsHub.MethodOfAbuse.Text.Subtitle,Esta pessoa digitou uma palavra maldosa no chat de texto
Feature.SettingsHub.MethodOfAbuse.VoiceChat.Subtitle,Esta pessoa estava gritando com toda a força
Feature.SettingsHub.MethodOfAbuse.VoiceChat.Title,
Feature.SettingsHub.PageTitle.InThisServer,Neste servidor
Feature.SettingsHub.Prompt.AllowAccessToCamera,Permitir acesso à câmera?
Feature.SettingsHub.Prompt.AllowAccessToContacts,Permitir acesso aos contatos?
Feature.SettingsHub.Prompt.AndroidWithDeeplink,<b>1. Selecione a permissão<br />2. Selecione o microfone<br />3. Permita que o aplicativo Roblox acesse seu microfone</b>
Feature.SettingsHub.Prompt.AndroidWithoutDeeplink,<b>1. Vá em Configurações > Privacidade > Permissão<br />2. Selecione o microfone<br />3. Permita que o aplicativo Roblox acesse seu microfone</b>
Feature.SettingsHub.Prompt.BuyWhatTheyreWearing,Comprar o que essa pessoa está vestindo
Feature.SettingsHub.Prompt.CameraUnavailable,Câmera indisponível
Feature.SettingsHub.Prompt.ChangeYourMind,Se mudar de ideia
Feature.SettingsHub.Prompt.Connecting,A voz ainda está conectando
Feature.SettingsHub.Prompt.GetVoiceChat,Usar Chat de voz
Feature.SettingsHub.Prompt.GotIt,
Feature.SettingsHub.Prompt.IncorrectNudge,Cometemos um erro?<br /><u>Avise-nos</u>
Feature.SettingsHub.Prompt.IncorrectNudgeV2,Não concorda?<br /><u>Relatar um erro</u>
Feature.SettingsHub.Prompt.JoinedVoiceChat,Você se juntou ao bate Chat de Voz
Feature.SettingsHub.Prompt.JoinedVoiceChatV2,Você entrou no Chat de voz
Feature.SettingsHub.Prompt.JoinedVoiceChatV3,Você se conectou ao chat de voz
Feature.SettingsHub.Prompt.LeaveVoiceChatV2,Você se desconectou do chat de voz
Feature.SettingsHub.Prompt.MicAndCameraUseSuspended,Uso do Microfone e da câmera suspensos
Feature.SettingsHub.Prompt.MicUseSuspended,Uso de microfone suspenso
Feature.SettingsHub.Prompt.MicrophonePermission,Não foi possível acessar o microfone
Feature.SettingsHub.Prompt.NeedCameraAccess,É necessário acesso à câmera
Feature.SettingsHub.Prompt.NeedContactsAccess,É necessário acesso aos contatos
Feature.SettingsHub.Prompt.NeedMicrophoneAccess,Precisa de acesso ao microfone
Feature.SettingsHub.Prompt.NotAudible,Conversa por voz inaudível
Feature.SettingsHub.Prompt.Place,Excede o máximo de jogadores
Feature.SettingsHub.Prompt.RememberRules,Lembre-se de nossas regras
Feature.SettingsHub.Prompt.RememberRulesVoiceChat,Podemos suspender você do chat de voz
Feature.SettingsHub.Prompt.RestartOnMicAccessChange,Você precisa reiniciar o aplicativo para que as alterações de acesso ao microfone sejam aplicadas.
Feature.SettingsHub.Prompt.Subtitle.AllowMicrophoneAccess,"Para conversar por voz com os outros, permita que o aplicativo Roblox acesse seu microfone."
Feature.SettingsHub.Prompt.Subtitle.CameraUnavailable,Desativamos a câmera para melhorar o desempenho de experiência neste dispositivo. Talvez você queira tentar com outro dispositivo. Toque para saber mais.
Feature.SettingsHub.Prompt.Subtitle.Connecting,A conexão de voz ainda está em andamento. Isto pode demorar um pouco.
Feature.SettingsHub.Prompt.Subtitle.DisconnectOrMute,Você sempre pode se desconectar da Voz ou silenciar qualquer pessoa a qualquer momento.
Feature.SettingsHub.Prompt.Subtitle.DisconnectOrMuteHere,Você sempre pode se desconectar do uso da voz ou silenciar qualquer pessoa a qualquer momento.
Feature.SettingsHub.Prompt.Subtitle.EffectiveUntil,Efetivo até
Feature.SettingsHub.Prompt.Subtitle.FutureViolations,Violações futuras podem resultar em ações adicionais na conta.
Feature.SettingsHub.Prompt.Subtitle.GoToAccountInfo,Acesse Configurações > Informações da conta.
Feature.SettingsHub.Prompt.Subtitle.InExpVoiceUpsell1,"Fale com outros e divirta-se mais. Dê acesso ao microfone para o aplicativo Roblox para conversar. Você está no controle — silencie a si mesmo ou a qualquer pessoa, a qualquer hora."
Feature.SettingsHub.Prompt.Subtitle.InExpVoiceUpsell2,"Fale com os outros e divirta-se mais. Você está no controle — silencie você ou qualquer um, a qualquer hora."
Feature.SettingsHub.Prompt.Subtitle.JoinVoiceLater,Você sempre pode ingressar no Chat de Voz mais tarde a partir do menu Roblox.
Feature.SettingsHub.Prompt.Subtitle.MicAndCamera,"Nossos sistemas detectaram comportamentos que podem estar violando nossas Regras da Comunidade. Como precaução, desativamos temporariamente seu acesso à Conversa por voz e como avatar."
Feature.SettingsHub.Prompt.Subtitle.Microphone,"Nossos sistemas detectaram comportamentos que podem estar violando nossas Regras da Comunidade. Como precaução, desativamos temporariamente seu acesso à Conversa por voz."
Feature.SettingsHub.Prompt.Subtitle.MicrophonePermission,"Para conversar com voz, acesse as Configurações do sistema operacional para permitir que o aplicativo Roblox use o microfone"
Feature.SettingsHub.Prompt.Subtitle.MuteAnyoneAnytime,Você pode silenciar qualquer um a qualquer momento.
Feature.SettingsHub.Prompt.Subtitle.NotAudible,O volume da experiência está em '0' nas configurações. Aumente o volume do jogo para ouvir voz.
Feature.SettingsHub.Prompt.Subtitle.NotAudibleVoiceChatVolume,O volume do chat de voz está em '0' nas configurações. Aumente o volume do jogo para ouvir voz.
Feature.SettingsHub.Prompt.Subtitle.Place,A voz espacial só está disponível em locais com um máximo de jogadores de 30 ou menos.
Feature.SettingsHub.Prompt.Subtitle.Respect,Mantenha a Roblox divertida tratando todos com respeito.
Feature.SettingsHub.Prompt.Subtitle.Retry,
Feature.SettingsHub.Prompt.Subtitle.Revoked,"Devido a múltiplas violações das nossas Regras da Comunidade, removemos temporariamente o seu acesso à Conversa por voz até o fim da fase beta."
Feature.SettingsHub.Prompt.Subtitle.SelectingTurnOn,"Ao clicar em ativar, eu concordo com a coleção, uso e armazenamento de minha gravação de voz pela Roblox para ativar os serviços de voz e para moderação, segurança e melhoria dos serviços e ferramentas."
Feature.SettingsHub.Prompt.Subtitle.TalkAgeGroupTrustedConnectionsUpdate,Agora você pode conversar com pessoas em faixas etárias semelhantes e suas Conexões Confiáveis.
Feature.SettingsHub.Prompt.Subtitle.TalkAgeGroupTrustedFriendsUpdate,Agora você pode conversar com pessoas de faixa etária semelhante e amizades confiáveis.
Feature.SettingsHub.Prompt.Subtitle.TalkInAgeGroupTrustedConnections,Apenas pessoas em faixas etárias semelhantes e suas Conexões Confiáveis podem conversar com você.
Feature.SettingsHub.Prompt.Subtitle.TalkInAgeGroupTrustedFriends,Apenas pessoas em faixas etárias semelhantes e amizades confiáveis podem conversar com você.
Feature.SettingsHub.Prompt.Subtitle.TalkInAgeGroupV2,Apenas pessoas em faixas etárias semelhantes podem conversar com você.
Feature.SettingsHub.Prompt.Subtitle.TemporarySuspension2,"Devido à violação de nossas Regras da Comunidade, revogamos temporariamente seu acesso à Conversa por voz até"
Feature.SettingsHub.Prompt.Subtitle.TemporaryVoiceBan1,"Desativamos temporariamente a Conversa por voz, pois você pode ter usado uma linguagem que vai contra as Regras da Comunidade Roblox."
Feature.SettingsHub.Prompt.Subtitle.TemporaryVoiceBan1V2,Você continuou usando uma linguagem que viola as regras ou com muito ruído de fundo.
Feature.SettingsHub.Prompt.Subtitle.TemporaryVoiceBan2,
Feature.SettingsHub.Prompt.Subtitle.TemporaryVoiceBan2V2,"Se continuar infringindo as regras, poderemos banir você da Roblox."
Feature.SettingsHub.Prompt.Subtitle.ThanksForLettingUsKnow,Seu feedback nos ajuda a melhorar nossos sistemas.
Feature.SettingsHub.Prompt.Subtitle.ThanksForVoiceData,Obrigado por ajudar o Roblox a melhorar os serviços do bate-papo de voz com seus dados de voz. Você pode alterar esta preferência mais tarde nas configurações.
Feature.SettingsHub.Prompt.Subtitle.User,Esta conta não atende aos requerimentos para usar a voz espacial.
Feature.SettingsHub.Prompt.Subtitle.VoiceToxicityModal,Detectamos linguagem que pode violar as Regras da Comunidade Roblox.<br /><br />Você pode perder o acesso à Conversa por voz após várias violações.
Feature.SettingsHub.Prompt.Subtitle.VoiceToxicityModalV2,"Parece que você está usando uma linguagem que viola as regras ou há muito ruído de fundo.<br /><br />Se você continuar, suspenderemos seu acesso ao chat de voz."
Feature.SettingsHub.Prompt.Subtitle.VoiceToxicityToast,Detectamos linguagem que pode violar as Regras da Comunidade Roblox. Você pode perder acesso à Conversa por voz após várias violações.
Feature.SettingsHub.Prompt.Subtitle.VoiceToxicityToastV2,"Parece que você está usando uma linguagem que viola as regras ou há muito ruído de fundo. Se você continuar, suspenderemos seu acesso ao chat de voz."
Feature.SettingsHub.Prompt.TeleportBlock.Subtitle,O teleporte será reacionado quando o menu for fechado.
Feature.SettingsHub.Prompt.TeleportBlock.Title,Teletransportador pausado
Feature.SettingsHub.Prompt.ThankYouForFeedback,Obrigado por nos informar
Feature.SettingsHub.Prompt.Title.AgeCheckForVoiceToast,Desbloqueie o chat de voz com uma verificação de idade
Feature.SettingsHub.Prompt.Title.ImproveVoiceChat,Melhorar o bate-papo de voz
Feature.SettingsHub.Prompt.Understand,Entendo
Feature.SettingsHub.Prompt.UpdateToVoiceChat,Atualizar para o chat de voz
Feature.SettingsHub.Prompt.User,Não qualificado(a) para voz
Feature.SettingsHub.Prompt.VoiceChatSuspended,Conversa por voz suspensa
Feature.SettingsHub.Prompt.VoiceChatSuspendedV2,Suspendemos você do chat de voz
Feature.SettingsHub.Prompt.VoiceChatWithOthers,Chat de voz com outras pessoas
Feature.SettingsHub.Prompt.VoiceUserAgency.JoinMuted,"Não, silenciar os outros"
Feature.SettingsHub.Prompt.VoiceUserAgency.JoinUnmuted,"Sim, ouvir os outros"
Feature.SettingsHub.Prompt.VoiceUserAgency.JoinUnmuted.Description,"Você vai ouvir outras pessoas falando, mas seu microfone vai ficar silenciado até que você queira conversar."
Feature.SettingsHub.Prompt.VoiceUserAgency.JoinUnmuted.Title,Entrar com voz ativada?
Feature.SettingsHub.Prompt.VoiceUserAgency.Remember,Lembrar para esta experiência.
Feature.SettingsHub.Prompt.WindowsWithDeeplink,<b>1. Permita que aplicativos acessem seu microfone<br />2. Permita que o aplicativo Roblox acesse seu microfone</b>
Feature.SettingsHub.Prompt.WindowsWithoutDeeplink,<b>1. Vá em Configurações > Privacidade > Microfone<br />2. Ative para permitir que aplicativos acessem seu microfone<br />3. Permita que o aplicativo Roblox acesse seu microfone</b>
Feature.SettingsHub.Prompt.XMinuteSuspension,{banDurationInMinutes} minutos de suspensão
Feature.SettingsHub.Prompt.XMinuteSuspensionV2,{banDurationInMinutes} min de suspensão
Feature.SettingsHub.ReportSubmitted.BlockPlayer,Bloquear {Player}
Feature.SettingsHub.ReportSubmitted.BlockedSubtitleText,Você e {Player} não poderão mais se comunicar.
Feature.SettingsHub.ReportSubmitted.Label.MuteAndBlockPlayer,Silenciar e bloquear {DisplayName}?
Feature.SettingsHub.ReportSubmitted.Label.MuteAndBlockWarning,
Feature.SettingsHub.ReportSubmitted.MutePlayer,Silenciar {Player}
Feature.SettingsHub.ReportSubmitted.MutedSubtitleText,Você não poderá ouvir {Player}
Feature.SettingsHub.ReportSubmitted.ThankYou,
Feature.SettingsHub.TouchMovementMode.ClassicThumbstick,Direcional analógico clássico
Feature.SettingsHub.Video.SystemDefault,Padrão do sistema
Feature.SettingsHub.Video.VideoCamera,Câmera de vídeo
Feature.SettingsHub.VoiceUserAgency.JoinUnmuted.Description,"Você vai ouvir outras vozes, mas seu microfone vai ficar silenciado até que você esteja pronto para conversar."
Feature.SocialContextToast.Action.InviteBack,Convidar de volta
Feature.SocialContextToast.Action.JoinFriend,Juntar-se
Feature.SocialContextToast.Message.FollowedFriendInOtherUniverse,{FRIEND_NAME} saiu e entrou em {EXPERIENCE_NAME}
Feature.SocialContextToast.Message.FollowedFriendNotInGame,{FRIEND_NAME} saiu desta experiência
Feature.SocialContextToast.Message.FriendInNonRootPlace,{FRIEND_NAME} mudou-se para um local restrito dentro desta experiência
Feature.SocialContextToast.Message.FriendJoinedYou,{FRIEND_NAME} juntou-se a você
Feature.SocialContextToast.Message.InvitationConfirmation,Convite enviado
Feature.SocialContextToast.Message.InvitationFailure,Dificuldade em enviar convites
Feature.SocialContextToast.Message.InviteeJoinedYou,{INVITEE_NAME} juntou-se a você através do seu convite!
Feature.SocialContextToast.Message.YouJoinedManyFriends,Você juntou-se a {FRIEND_NAME} e {FRIEND_COUNT} e outros amigos
Feature.SocialContextToast.Message.YouJoinedOneFriend,Você juntou-se a {FRIEND_NAME}
Feature.SocialContextToast.Message.YouJoinedTwoFriends,Você juntou-se a {FRIEND_NAME_ONE} e {FRIEND_NAME_TWO}
Feature.SocialShare.Action.CopyLink,
Feature.SocialShare.Action.Share,
Feature.SocialShare.Label.Copied,Copiado
Feature.SocialShare.Label.CopyLinkToShareWithPeople,Copie o link para compartilhar com pessoas que você conhece
Feature.SocialShare.Label.ShareServerLink,Compartilhar link de convite
Feature.SocialShare.ShareWithPeopleYouKnow,Compartilhar com pessoas que você conhece
Feature.SocialTab.Label.AddFriendHintBody,Amizades deixam a Roblox mais divertida!
Feature.SocialTab.Label.CreateAndExploreGroups,Criar e explorar comunidades
Feature.SocialTab.Label.Groups,
Feature.SongDetails.Action.Favorite,Favoritar
Feature.SongDetails.Action.Report,
Feature.SongDetails.Action.ReportAudio,Denunciar áudio
Feature.SongDetails.Label.InappropriateAudio,Áudio inapropriado
Feature.SongDetails.Label.InappropriateThumbnail,Miniatura inapropriada
Feature.SongDetails.Label.SongPreview,Prévia da música
Feature.Squads.Action.Add,
Feature.Squads.Action.AddOthers,Adicionar outros
Feature.Squads.Action.ConnectToVoice,Conectar-se com voz
Feature.Squads.Action.ContinueWithoutVoice,Continuar sem voz
Feature.Squads.Action.Delete,
Feature.Squads.Action.DisconnectFromVoice,Desconectar da voz
Feature.Squads.Action.DontJoin,Não entrar
Feature.Squads.Action.Edit,
Feature.Squads.Action.Invite,
Feature.Squads.Action.InviteAgain,Convidar novamente
Feature.Squads.Action.Join,
Feature.Squads.Action.JoinWithParty,Entrar com grupo
Feature.Squads.Action.Ok,
Feature.Squads.Action.Party,Grupo
Feature.Squads.Action.Remove,
Feature.Squads.Action.Retry,
Feature.Squads.Action.ScheduleAParty,Agendar uma Turma
Feature.Squads.Action.ScheduleParty,Agendar Turma
Feature.Squads.Action.Start,
Feature.Squads.Action.Switch,Trocar
Feature.Squads.Action.TapToStartNewParty,Toque para iniciar um novo grupo
Feature.Squads.Action.View,
Feature.Squads.Action.VoiceErrorGeneral,
Feature.Squads.Action.VoiceErrorPartyNotVoiceEligible,
Feature.Squads.Action.VoiceErrorUserIneligible,
Feature.Squads.Action.WaitingForParty,Esperando o grupo
Feature.Squads.Action.Yes,
Feature.Squads.Description.AddFriends,Amizades que você adicionou verão todas as mensagens anteriores neste grupo
Feature.Squads.Description.AlreadyJoined,Você já entrou nesta Turma
Feature.Squads.Description.DeleteScheduledSquad,Quer mesmo excluir a turma programada?
Feature.Squads.Description.DisconnectVoiceDueToLowMemory,Seu dispositivo tem pouca memória. Desconecte da voz para impedir que o aplicativo Roblox trave. Você permanecerá na Turma.
Feature.Squads.Description.FailedToJoin,Algo deu errado ao entrar no grupo. Tente novamente.
Feature.Squads.Description.Going,Participará
Feature.Squads.Description.Interested,Tem interesse
Feature.Squads.Description.InviteConnectionsToParty,Convidar essas conexões para a Turma também as convidará para o grupo. Elas poderão ver o histórico do bate-papo.
Feature.Squads.Description.InviteFriendsToParty,Convidar essas amizades para a Turma também as convidará para o grupo. Elas poderão ver o histórico do bate-papo.
Feature.Squads.Description.Invited,
Feature.Squads.Description.InvitedToExperience,"Alguém já está convidando você para uma experiência. Quando o convite for concluído, você pode tentar novamente."
Feature.Squads.Description.JoinAnotherParty,Você está em um grupo ativo. Quer sair do grupo atual e alternar para este?
Feature.Squads.Description.JoinWithLowMemory,Seu dispositivo tem pouca memória. Juntar-se sem voz irá impedir que o aplicativo Roblox trave.
Feature.Squads.Description.LuckyRecommendationRevealed,Todo o grupo pode participar
Feature.Squads.Description.LuckyRecommendationRolling,Busca de uma boa opção para seu grupo
Feature.Squads.Description.LuckyRecommendationRow,Vamos começar
Feature.Squads.Description.ManyPeopleActive,{userCount} pessoas ativas
Feature.Squads.Description.NoResponse,Sem resposta
Feature.Squads.Description.NotGoing,Não vou
Feature.Squads.Description.OneOnOneExpandedChatFeaturesActivePartyError,Os chats individuais com recursos expandidos não podem ser convertidos em um chat de grupo enquanto um grupo estiver ativo.
Feature.Squads.Description.OnePersonActive,1 pessoa ativa
Feature.Squads.Description.PartyEnded,O grupo terminou. Você quer iniciar um novo grupo?
Feature.Squads.Description.PartyFull,Este grupo está cheio. Tentar reentrar?
Feature.Squads.Description.PleaseTryAgain,
Feature.Squads.Description.RemoveFromChat,Tem certeza que deseja remover esta pessoa do grupo?
Feature.Squads.Description.RemoveFromParty,{displayName} será removido do bate-papo em grupo.
Feature.Squads.Description.ScheduledPartyAlreadyExists,Uma turma já está agendada para o horário selecionado
Feature.Squads.Description.Title,
Feature.Squads.Description.User,
Feature.Squads.Description.YouAddedMoreThanTwoToChat,Você adicionou {username} e mais {userCountMinusOne} no bate-papo
Feature.Squads.Description.YouAddedToChat,Você adicionou {username} ao grupo
Feature.Squads.Description.YouAddedTwoToChat,Você adicionou {username1} e {username2} ao bate-papo
Feature.Squads.Description.YouHaveNoScheduledParties,Você não tem festas futuras
Feature.Squads.Description.upsellInviteText,Sem respostas. Você pode convidar novamente
Feature.Squads.Label.AddFriends,Adicionar amizades?
Feature.Squads.Label.Audio,Áudios
Feature.Squads.Label.Connecting,Conectando
Feature.Squads.Label.DeleteScheduledParty,Excluir turma programada
Feature.Squads.Label.DeletedScheduledParty,Turma agendada excluída
Feature.Squads.Label.Error,
Feature.Squads.Label.Experience,
Feature.Squads.Label.FailedToJoin,Incapaz de se juntar ao grupo
Feature.Squads.Label.FindExperiences,Encontrar experiências
Feature.Squads.Label.FindExperiencesPlayTogether,Encontre experiências para jogar juntos
Feature.Squads.Label.FriendJoinedYourParty,{combinedName} entrou na sua Turma
Feature.Squads.Label.InviteConnectionsConfirmation,Convidar estas conexões para o grupo?
Feature.Squads.Label.InviteFriendsConfirmation,Convidar amizades para o grupo?
Feature.Squads.Label.InvitedToExperience,Convite para experiência
Feature.Squads.Label.JoinAnotherParty,Trocar de grupo
Feature.Squads.Label.JoinExperiencesTogether,Entrar em experiências juntos
Feature.Squads.Label.JoinParty,Entrar na Turma
Feature.Squads.Label.LeaveParty,Sair da Turma
Feature.Squads.Label.Loading,
Feature.Squads.Label.LowMemory,Pouca memória
Feature.Squads.Label.LuckyRecommendationRevealed,Testar este
Feature.Squads.Label.LuckyRecommendationRolling,Escolha do jogo
Feature.Squads.Label.LuckyRecommendationRow,Não sabe o que jogar?
Feature.Squads.Label.MultiplePeopleJoinedYourParty,Várias pessoas entraram na sua Turma
Feature.Squads.Label.MuteMic,Silenciar microfone
Feature.Squads.Label.Party,Turma
Feature.Squads.Label.PartyCountStatus,{partyCount} estão na turma
Feature.Squads.Label.PartyEnded,O grupo terminou
Feature.Squads.Label.PartyEndedText,
Feature.Squads.Label.PartyFull,O grupo está cheio
Feature.Squads.Label.PartyOperationFailed,Falha na operação do grupo
Feature.Squads.Label.PartyStartedText,O grupo começou
Feature.Squads.Label.PartyVolume,Volume da Turma
Feature.Squads.Label.RemoveFromChat,Remover do grupo?
Feature.Squads.Label.RemoveFromParty,Remover da Turma
Feature.Squads.Label.ScheduledParty,Turma agendada
Feature.Squads.Label.StartParty,Começar Turma
Feature.Squads.Label.StartTime,Horário de início
Feature.Squads.Label.ThisFieldIsRequired,Este campo é obrigatório
Feature.Squads.Label.TwoFriendsJoinedYourParty,{combinedName1} e {combinedName2} entraram na sua Turma
Feature.Squads.Label.UnmuteMic,Reativar microfone
Feature.Squads.Label.UpcomingParties,Próximas Turmas
Feature.Squads.Label.UserDropdownMenuVoiceErrorUserIneligible,Atualmente eles não têm acesso à voz
Feature.Squads.Label.UsersParty,Turma de {displayName}
Feature.Squads.Label.ViewChat,Ver bate-papo
Feature.Squads.Label.ViewParty,Ver Turma
Feature.Squads.Label.VoiceChats,
Feature.Squads.Label.VoiceErrorGeneral,Você não está conectado à voz
Feature.Squads.Label.VoiceErrorPartyNotVoiceEligible,A voz não está disponível nesta Turma. Você pode criar um novo grupo com bate-papo de voz e filtros menos restritos.
Feature.Squads.Label.VoiceErrorUserIneligible,Você não tem acesso ao bate-papo de voz em grupo
Feature.Squads.Label.Volume,
Feature.Squads.Label.WaitingForCombinedName,Aguardando que {combinedName} entre
Feature.Squads.Label.WaitingForOthers,Esperando outros entrarem
Feature.Squads.Label.WillYouJoinScheduledParty,Você vai entrar na Turma de {displayName}?
Feature.Squads.Label.YouJoinedFriendParty,Você entrou na turma de {combinedName}
Feature.Subscription.Action.Subscribe,
Feature.Subscription.Action.SubscribePayAnotherWay,Pagar de outra forma
Feature.Subscription.Action.SubscribeWithCreditDebitCard,Assinar com cartão de crédito/débito
Feature.Subscription.Action.SubscribeWithRobloxCredit,Assine com Crédito Roblox
Feature.Subscription.Error.GenericSubscribeError,Algo deu errado ao tentar assinar. Tente novamente mais tarde.
Feature.Subscription.Footer.PurchasePromptLegalText,"Ao clicar em ""Assinar"", você concorda com os Termos de Uso. A cobrança será feita automaticamente todo mês até você cancelar."
Feature.Subscription.Message.MonthlySpendRestrictionsMonthlyLimitExceed,Você atingiu o limite de compras mensal definido no Controle dos responsáveis. Você não poderá fazer uma nova compra até o próximo mês.
Feature.Subscription.Text.PerMonth,/mês
Feature.Timeout.Label.OK,
Feature.Timeout.Prompt.BodyText,"Seu avatar foi redefinido por {rule}. Você ainda pode usar o Mercado, mas as alterações no avatar não serão salvas até {time}."
Feature.Timeout.Prompt.SaveTitleText,Você não pode salvar no momento
Feature.Timeout.Prompt.TitleText,Redefinimos seu avatar
Feature.Timeout.WarningBanner.DisabledMessage,Salvamento de avatar desativado
Feature.Timeout.WarningBanner.DisabledUntilMessage,Salvamento de avatar desativado até {time}
Feature.Toast.Heading.PurchaseMessage.Success,Desbloqueado
Feature.Toast.Message.PurchaseMessage.SuccessV3,Você desbloqueou o acesso a {gameName} por {price} Robux.
Feature.Toast.NetworkingError.Forbidden,Permissões insuficientes.
Feature.Toast.NetworkingError.NotFound,Conteúdo não encontrado.
Feature.Toast.NetworkingError.ServiceUnavailable,Serviço indisponível. Tente novamente mais tarde.
Feature.Toast.NetworkingError.SomethingIsWrong,
Feature.Toast.NetworkingError.Timeout,Tempo esgotado. Tente novamente.
Feature.Toast.NetworkingError.TooManyRequests,O servidor está ocupado. Tente novamente mais tarde.
Feature.Toast.NetworkingError.UnableToConnect,Não é possível conectar. Tente novamente mais tarde.
Feature.Toast.NetworkingError.Unauthorized,Sua sessão foi encerrada. Reinicie a sessão.
Feature.Toast.Username.Copied,Usuário copiado para área de transferência.
Feature.Toast.VoteError.AssetNotVoteable,Você não pode votar nesta experiência.
Feature.Toast.VoteError.Default,Ação indisponível.
Feature.Toast.VoteError.FloodCheckThresholdMet,Você está votando rápido demais.
Feature.Toast.VoteError.PlayGame,Você precisa explorar a experiência para poder votar.
Feature.UniversalFeatureRestrictions.AbuseVector.AgeVerification.DialogBody.Suspended,Você não pode fazer a verificação da sua idade no momento porque violou as Regras da Comunidade mais de uma vez. Você pode tentar novamente após o término da restrição.
Feature.UniversalFeatureRestrictions.AbuseVector.AgeVerification.DialogTitle.Suspended,Verificações de idade suspensas
Feature.UniversalFeatureRestrictions.AbuseVector.RobloxKick.DialogBody.Banned,"Você não pode mais jogar este jogo, porque algumas regras foram violadas muitas vezes ou houve violações sérias."
Feature.UniversalFeatureRestrictions.AbuseVector.RobloxKick.DialogBody.Suspended,Você não pode jogar este jogo porque seu comportamento violou as regras.
Feature.UniversalFeatureRestrictions.AbuseVector.RobloxKick.DialogTitle.Banned,A Roblox baniu você deste jogo
Feature.UniversalFeatureRestrictions.AbuseVector.RobloxKick.DialogTitle.Suspended.Day,A Roblox suspendeu você deste jogo por 1 dia
Feature.UniversalFeatureRestrictions.AbuseVector.RobloxKick.DialogTitle.Suspended.Days,A Roblox suspendeu você deste jogo por {number} dias
Feature.UniversalFeatureRestrictions.AbuseVector.RobloxKick.DialogTitle.Suspended.Hour,A Roblox suspendeu você deste jogo por 1 hora
Feature.UniversalFeatureRestrictions.AbuseVector.RobloxKick.DialogTitle.Suspended.Hours,A Roblox suspendeu você deste jogo por {number} horas
Feature.UniversalFeatureRestrictions.AbuseVector.RobloxKick.DialogTitle.Suspended.Minute,A Roblox suspendeu você deste jogo por 1 minuto
Feature.UniversalFeatureRestrictions.AbuseVector.RobloxKick.DialogTitle.Suspended.Minutes,A Roblox suspendeu você deste jogo por {number} minutos
Feature.VerificationUpsell.Action.AddPhone,Adicionar telefone
Feature.VerificationUpsell.Action.AddPhoneNumber,Adicionar número de telefone
Feature.VerificationUpsell.Action.AddPhoneVoice,Número de telefone para o Bate-papo de voz
Feature.VerificationUpsell.Action.ChangePhoneNumber,Mudar número de telefone
Feature.VerificationUpsell.Action.CodeResent,Código enviado
Feature.VerificationUpsell.Action.ConfirmLeave,Confirmar saída
Feature.VerificationUpsell.Action.Continue,
Feature.VerificationUpsell.Action.DontLeave,
Feature.VerificationUpsell.Action.EditPhoneNumber,Editar número de telefone
Feature.VerificationUpsell.Action.EnableVoice,Ativar o Bate-papo de voz
Feature.VerificationUpsell.Action.Next,
Feature.VerificationUpsell.Action.NotNow,
Feature.VerificationUpsell.Action.NotNow.2,
Feature.VerificationUpsell.Action.Ok,
Feature.VerificationUpsell.Action.Privacy,
Feature.VerificationUpsell.Action.PrivacyPolicy,
Feature.VerificationUpsell.Action.ResendCode,Reenviar código
Feature.VerificationUpsell.Action.ReturnWithVoice,Voltar com o Bate-papo de voz habilitado
Feature.VerificationUpsell.Action.SMSTerms,Termos de SMS
Feature.VerificationUpsell.Action.TermsOfUse,
Feature.VerificationUpsell.Action.TurnOn,
Feature.VerificationUpsell.Description.AddPhoneBody,Você receberá um código de verificação único via WhatsApp ou SMS. As taxas de dados e mensagens podem ser aplicadas.
Feature.VerificationUpsell.Description.AddPhoneBodyVoice,Você receberá um código de verificação único via WhatsApp ou SMS. Tarifasde dados e mensagens podem ser aplicadas.
Feature.VerificationUpsell.Description.IDVerificationAddEmailText,"Antes de verificar sua idade, digite seu endereço de e-mail. Ele será seu método de recuperação caso você perca acesso à sua conta."
Feature.VerificationUpsell.Description.PhoneNumberNeverPublic,
Feature.VerificationUpsell.Description.RecoverAccountEasily,Adicione um número de telefone para recuperar sua conta facilmente se você esquecer sua senha. Seu número de telefone nunca será exibido publicamente.
Feature.VerificationUpsell.Description.ShortCodeLegalDisclaimerUA,"Clicando em ""Continuar"", você está enviando seu número de telefone e concorda com nossos Termos de Uso SMS e a Política de Privacidade. Enviaremos um código de verificação único. Tarifas de dados e mensagens podem ser aplicadas. Responda HELP para obter ajuda."
Feature.VerificationUpsell.Description.UnlockVoiceChatBody,Adicione um número de telefone para ativar o Bate-papo de voz. Seu número de telefone nunca será exibido publicamente.
Feature.VerificationUpsell.Description.VerificationCodeSmsFeesMayApply,
Feature.VerificationUpsell.Description.VoiceLegalConsent,"Eu concordo com a coleta, uso e armazenamento de minha gravação de voz pela Roblox para ativar os serviços de voz e para moderação, segurança e melhoria dos serviços e ferramentas."
Feature.VerificationUpsell.Description.VoiceLegalConsent2,
Feature.VerificationUpsell.Description.VoiceLegalDisclaimer,"Ao selecionar ""Ativar o Bate-papo de voz"", eu concordo com a coleção, uso e armazenamento da gravação de minha voz pela Roblox para ativar os serviços de voz e para moderação, segurança e melhoria dos serviços e ferramentas."
Feature.VerificationUpsell.Description.VoiceLegalDisclaimer2,"Ao selecionar ""{buttonText}"", eu concordo com a coleção, uso e armazenamento de minha gravação de voz pela Roblox para ativar os serviços de voz e para moderação, segurança e melhoria dos serviços e ferramentas."
Feature.VerificationUpsell.Description.VoiceLegalDisclaimer3,"Ao selecionar ""Verificar"", eu concordo com a coleta, uso e armazenamento de minha gravação de voz pela Roblox para ativar os serviços de voz e para moderação, segurança e melhoria dos serviços e ferramentas."
Feature.VerificationUpsell.Heading.AddEmail,"Primeiro, verifique sua conta"
Feature.VerificationUpsell.Heading.DontLoseAccess,Não perca o acesso à sua conta
Feature.VerificationUpsell.Heading.PhoneNumberVerified,Número de telefone verificado!
Feature.VerificationUpsell.Heading.TryVoiceChat,Experimente o Bate-papo de voz
Feature.VerificationUpsell.Heading.UnlockVoiceChat,Desbloquear o Bate-papo de voz
Feature.VerificationUpsell.Heading.VerificationCode,Código de verificação
Feature.VerificationUpsell.Heading.VerifiedSuccessfully.V2,Verificado com sucesso!
Feature.VerificationUpsell.Heading.VerifyYourPhone,Verifique seu telefone
Feature.VerificationUpsell.Heading.VoiceChatEnabledMobile,Bate-papo de voz ativado! Tente agora em uma experiência.
Feature.VerificationUpsell.Heading.VoiceChatError,Telefone adicionado! Ative o Bate-papo de voz em Configurações > Privacidade > Entrada de microfone e câmera.
Feature.VerificationUpsell.Heading.VoiceChatJoinFailed,Não é possível entrar no Bate-papo de voz agora. Tente novamente
Feature.VerificationUpsell.Heading.VoiceChatTurnedOn,Bate-papo de voz ativado
Feature.VerificationUpsell.Label.EnterCode,Insira o código do texto enviado para {phoneNumber}
Feature.VerificationUpsell.Label.PhoneNumber,Número de telefone
Feature.VerificationUpsell.Label.SixDigitCode,Código de 6 dígitos
Feature.VerificationUpsell.Label.Verifying,Verificando
Feature.VerificationUpsell.Message.InvalidSmsCode,O código é inválido.
Feature.VerificationUpsell.Response.ErrorPhoneFormatInvalid,"Este formato de número de telefone é inválido. Por favor, verifique e tente novamente."
Feature.VerificationUpsell.Response.ErrorTryAgain,
Feature.VerificationUpsell.Response.InvalidPhoneNumberError,Este número de telefone não pode ser usado. Digite um número de telefone diferente.
Feature.VerificationUpsell.Response.PhoneHasTooManyAssociatedAccounts,Você atingiu o número máximo de contas vinculadas a um número de telefone.
Feature.VerificationUpsell.Response.TooManyAttemptsTryAgainLater,
Feature.VirtualEvents.AttendanceBeforeEvent,
Feature.VirtualEvents.AttendanceDuringEvent,Participando agora
Feature.VirtualEvents.DescriptionLabel,
Feature.VirtualEvents.EnableNotificationsModalBody,"Receba atualizações sobre eventos, mesmo quando não estiver na Roblox."
Feature.VirtualEvents.EnableNotificationsModalTitle,Notificações de evento
Feature.VirtualEvents.EventCancelledText,Este evento foi cancelado.
Feature.VirtualEvents.EventNotFound,Evento não encontrado
Feature.VirtualEvents.EventsListTitle,Eventos
Feature.VirtualEvents.GetNotifiedButton,Habilitar
Feature.VirtualEvents.GoHome,Página inicial
Feature.VirtualEvents.HostedByLabel,Hospedado por
Feature.VirtualEvents.Join,
Feature.VirtualEvents.JoinEvent,Participar do evento
Feature.VirtualEvents.Label.Challenge,Desafio
Feature.VirtualEvents.Label.DateAtTime,{date} às {time}
Feature.VirtualEvents.Label.EarlyAccess,Acesso antecipado
Feature.VirtualEvents.Label.Ended,Encerrado
Feature.VirtualEvents.Label.Expansion,Expansão
Feature.VirtualEvents.Label.Festival,Festival
Feature.VirtualEvents.Label.HappeningNow,
Feature.VirtualEvents.Label.InDays,Em {number} dias
Feature.VirtualEvents.Label.ItemDrop,Distribuição de itens
Feature.VirtualEvents.Label.MoreLevels,Mais níveis
Feature.VirtualEvents.Label.NewContent,Novo conteúdo
Feature.VirtualEvents.Label.NewFeature,Nova funcionalidade
Feature.VirtualEvents.Label.NewLocation,Novo local
Feature.VirtualEvents.Label.NewMap,Novo mapa
Feature.VirtualEvents.Label.NewSeason,Nova temporada
Feature.VirtualEvents.Label.Quest,Missão
Feature.VirtualEvents.Label.Rating,Avaliação {rating}%
Feature.VirtualEvents.Label.ReminderSetForEventTime,O lembrete para {eventName} está definido para {eventTime}.
Feature.VirtualEvents.Label.StartsInHours,Em {number} horas
Feature.VirtualEvents.Label.StartsInMinutes,Em {number} min.
Feature.VirtualEvents.Label.StartsInOneDay,Em 1 dia
Feature.VirtualEvents.Label.StartsInOneHour,Em 1 hora
Feature.VirtualEvents.Label.StartsNow,Começa agora
Feature.VirtualEvents.NotNowButton,
Feature.VirtualEvents.NotifyMe,Avise-me
Feature.VirtualEvents.ShareModalBody,Copie o link do evento abaixo para convidar pessoas para este evento ou para compartilhar o evento no bate-papo .
Feature.VirtualEvents.ShareModalCallToAction,Compartilhar via bate-papo...
Feature.VirtualEvents.ShareModalLinkCopy,
Feature.VirtualEvents.ShareModalTitle,Compartilhar este evento
Feature.VirtualEvents.UnfollowEvent,Parar de seguir evento
Features.OnDemandAds.Get_Reward_In,Receba recompensa em
Features.OnDemandAds.Reward_Earned,Recompensa ganha
Features.Transfers.Action.BuyRobux,
Features.Transfers.Action.Continue,
Features.Transfers.Action.Ok,
Features.Transfers.Action.TurnOnTwoStepVerification,Ative a verificação em duas etapas
Features.Transfers.Action.VPC.Ask,
Features.Transfers.Action.VPC.AskParentBodyReceive,"Para aceitar Robux, você precisa da permissão do seu responsável."
Features.Transfers.Action.VPC.AskParentBodySend,"Para enviar Robux, você precisa da permissão do seu responsável."
Features.Transfers.Action.VPC.AskParentTitle,
Features.Transfers.Body.DailyLimitExceededError,Você excedeu seu limite diário para enviar Robux. Volte mais tarde para tentar novamente.
Features.Transfers.Body.DailyLimitTwoStepVerificationUpsell,Você atingiu seu limite diário de envio de Robux. Ative a verificação em duas etapas para ver se você se qualifica para um limite mais alto.
Features.Transfers.Body.ExpiredTransferError,"Devido à inatividade, os Robux enviados por @{username} expiraram."
Features.Transfers.Body.GenericReceiveError,Sua conta não pode aceitar Robux no momento.
Features.Transfers.Body.GenericSentError,Algo deu errado e o Robux não foi enviado. Verifique sua conexão e tente novamente.
Features.Transfers.Body.MonthlyLimitExceededError,Você excedeu seu limite mensal para enviar Robux. Volte mais tarde para tentar novamente.
Features.Transfers.Body.MonthlyLimitTwoStepVerificationUpsell,Você atingiu seu limite mensal de envio de Robux. Ative a verificação em duas etapas para ver se você se qualifica para um limite mais alto.
Features.Transfers.Body.ReceiverLimitHitError,Este usuário não pode receber este valor no momento. Envie menos ou tente novamente mais tarde.
Features.Transfers.Body.TransferAmountBelowMinimumError,Envie {minAmount} ou mais Robux.
Features.Transfers.Body.TransferAmountExceedsMaximumError,Você pode enviar até {maxAmount} Robux.
Features.Transfers.Body.UnableReceiveRobuxError,
Features.Transfers.Body.UnableSendRobuxError,Sua conta não pode enviar Robux no momento.
Features.Transfers.Error.GreaterThanMaxAmount,Você pode enviar até {amount} Robux.
Features.Transfers.Error.InsufficientBalance,Compre {amount} Robux para completar essa transação.
Features.Transfers.Error.LowerThanMinAmount,Envie {amount} ou mais Robux.
Features.Transfers.Label.ConnectedDays,Conectados há {amount} dias
Features.Transfers.Label.ConnectedDaysSingular,Conectados há {amount} dia
Features.Transfers.Label.ConnectedMonths,Conectados há {amount} meses
Features.Transfers.Label.ConnectedMonthsSingular,Conectados há {amount} mês
Features.Transfers.Label.ConnectedSince,Conexão há {year} anos
Features.Transfers.Notification.ReceiveSuccess,Você já aceitou os Robux
Features.Transfers.RobuxTransfer.Action.Edit,
Features.Transfers.RobuxTransfer.Action.Next,
Features.Transfers.RobuxTransfer.Action.Send,
Features.Transfers.RobuxTransfer.Action.TryAgain,
Features.Transfers.RobuxTransfer.Disclaimer.AgeEstimationTransfer,"Você precisa fazer a verificação de idade ou obter o consentimento dos pais para enviar Robux. Depois de enviar, não é possível cancelar."
Features.Transfers.RobuxTransfer.Error.ReceiverNotAllowed,@{username} não pode receber Robux no momento.
Features.Transfers.RobuxTransfer.Heading.SendRobux,Enviar Robux
Features.Transfers.RobuxTransfer.Label.JoinedInYear,
Features.Transfers.RobuxTransfer.Label.MutualConnection,{amount} amigos em comum
Features.Transfers.RobuxTransfer.Label.MutualConnectionSingular,{amount} amizade em comum
Features.Transfers.RobuxTransfer.Label.NewConnection,
Features.Transfers.RobuxTransfer.Label.RecipientWillGet,O destinatário receberá {amount} Robux após a dedução das taxas.
Features.Transfers.RobuxTransfer.Label.RecipientWillGetInApp,O destinatário receberá {amount} Robux.
Features.Transfers.RobuxTransfer.Label.RecipientWillGetInGame,O destinatário receberá {amount} Robux após a dedução das taxas. As transferências dentro do jogo incluem uma taxa de {commissionPercentage}% para o criador.
Features.Transfers.RobuxTransfer.SentInstantNoFee,Os Robux são enviados instantaneamente sem taxas
Features.Transfers.RobuxTransfers.Label.SuccessNotification,Você enviou {amount} Robux
Features.Transfers.Title.UpsellSubscription,
Features.Transfers.Transfer.Block.RequireReceiverFAE,Vamos verificar sua idade para que você possa aceitar Robux
Features.Transfers.Transfer.Block.RequireSenderFAE,Vamos fazer a verificação da sua idade para você poder enviar Robux
Features.Transfers.Transfer.Body.RequireFAE,Isso torna o envio e o recebimento de Robux seguro para você e para todos.
Features.Transfers.Transfers.Label.ReceivedNotification,Você recebeu {amount} Robux
IAPExperience.BuyRobux.Alert.SuccessfulMessage,Você comprou Robux com sucesso!
IAPExperience.BuyRobux.Banner.Text,Robux permitem que você compre melhorias para seu avatar ou compre habilidades especiais em experiências
IAPExperience.BuyRobux.Banner.Title,Desbloquear Robux
IAPExperience.BuyRobux.Text.MoreRobux2,{robux} mais Robux
IAPExperience.InsufficientRobux.Action.BuyRobux,
IAPExperience.InsufficientRobux.Action.Cancel,
IAPExperience.InsufficientRobux.Action.RobuxStore,Ir para loja de Robux
IAPExperience.InsufficientRobux.Text.BuyRobux,Compre {robux} para comprar este item
IAPExperience.InsufficientRobux.Text.CurrentBalance,
IAPExperience.InsufficientRobux.Text.DontHaveEnough,Você não tem Robux suficiente para comprar este item.
IAPExperience.InsufficientRobux.Text.MissingRobux,
IAPExperience.InsufficientRobux.Text.YouNeed,Você precisa de {robux} adicionais. Compre mais pacotes de Robux e volte para a experiência.
IAPExperience.InsufficientRobux.Title.InsufficientRobux,
IAPExperience.LeaveRoblox.Action.Cancel,
IAPExperience.LeaveRoblox.Action.Continue,
IAPExperience.LeaveRoblox.Text.ExternalWebsiteWarning,"Se clicar em ""Continuar"", você irá para um site que não pertence à Roblox nem é operado por ela. Esse site pode ter termos de uso e políticas de privacidade diferentes."
IAPExperience.LeaveRoblox.Title.LeavingRoblox,Saindo da Roblox
IAPExperience.Loading.Text.PurchasingItem,Comprando item...
IAPExperience.Loading.Text.PurchasingRobux,Comprando Robux...
IAPExperience.Loading.Text.WaitingForPurchase,Aguardando compra...
IAPExperience.Loading.Text.WaitingForRobux,Aguardando que os Robux sejam concedidos...
IAPExperience.PremiumUpsell.Action.Subscribe,
IAPExperience.PremiumUpsell.Body.RobuxDiscount,Bônus de 10% ao comprar Robux
IAPExperience.PremiumUpsell.Label.AvatarShopBenefits,Acesso a itens exclusivos e com desconto na loja do avatar
IAPExperience.PremiumUpsell.Label.Disclosure,Assine por <b>{currencySymbol}{price}/mês. Cancele a qualquer momento.</b> Aplicam-se os Termos de Uso Roblox e a Política de Privacidade.
IAPExperience.PremiumUpsell.Label.PremiumBenefitListDesc,A Roblox Premium oferece:
IAPExperience.PremiumUpsell.Label.PremiumOnlyBenefits,Acesso aos benefícios Premium exclusivos
IAPExperience.PremiumUpsell.Label.PremiumPolicy,Renova mensalmente. Cancele a qualquer momento.
IAPExperience.PremiumUpsell.Label.PremiumPrice,<b>{currencySymbol}{price}</b>/mês
IAPExperience.PremiumUpsell.Label.RobloxPremium,Roblox Premium
IAPExperience.PremiumUpsell.Label.RobuxPerMonth,{robux} por mês
IAPExperience.PremiumUpsell.Label.ShortDisclosure,Aplicam-se os Termos de Uso e a Política de Privacidade da Roblox.
IAPExperience.PurchaseError.AlreadyPremium,"Parece que o desenvolvedor está tentando solicitar a compra de Roblox Premium, mas você já tem assinatura Premium!"
IAPExperience.PurchaseError.Text.AlreadyOwn,Você já possui este item. Nada foi cobrado de sua conta.
IAPExperience.PurchaseError.Text.AlreadySubscribed,Você pode gerenciar sua assinatura em Configurações > Assinaturas.
IAPExperience.PurchaseError.Text.EconomicRestrictionsDays,"Você não pode fazer esta compra devido à violação: {violation}. Por favor, tente novamente em {day} dias."
IAPExperience.PurchaseError.Text.EconomicRestrictionsDaysGeneral,Você não pode realizar esta ação devido à violação: {violation}. Você pode tentar novamente em {day} dias.
IAPExperience.PurchaseError.Text.EconomicRestrictionsHours,"Você não pode fazer esta compra devido à violação: {violation}. Por favor, tente novamente em {hour} horas."
IAPExperience.PurchaseError.Text.EconomicRestrictionsHoursGeneral,Você não pode realizar esta ação devido à violação: {violation}. Você pode tentar novamente em {hour} horas.
IAPExperience.PurchaseError.Text.FailedGrant,"Seu pagamento foi recebido, mas você ainda não recebeu seus Robux. Por favor, tente novamente mais tarde."
IAPExperience.PurchaseError.Text.FailedGrantUnknown,Sua compra de item não foi bem sucedida e nenhum Robux foi descontado da sua conta. Tente novamente.
IAPExperience.PurchaseError.Text.FailedRobuxPurchase,Sua compra não foi finalizada e você não recebeu nenhuma cobrança. Tente novamente.
IAPExperience.PurchaseError.Text.Limited,Esse item limitado não tem mais cópias. Sua conta não foi cobrada.
IAPExperience.PurchaseError.Text.NotEnoughRobux,
IAPExperience.PurchaseError.Text.NotForSale,Este item não está à venda no momento. Nada foi cobrado de sua conta.
IAPExperience.PurchaseError.Text.NotForSaleExperience,Este item não pode ser vendido nesta experiência. Sua conta não foi cobrada.
IAPExperience.PurchaseError.Text.Ok,
IAPExperience.PurchaseError.Text.ParentalLimit,"Sua transação não pode ser concluída devido ao limite de compra mensal definido pelo responsável pelo proprietário da conta. Você só poderá fazer uma nova compra no próximo mês, a menos que as configurações de controle dos pais sejam alteradas."
IAPExperience.PurchaseError.Text.ParentalRestrictionSubscription,Assinaturas não estão disponíveis para contas com restrições de gastos mensais
IAPExperience.PurchaseError.Text.PremiumOnly,
IAPExperience.PurchaseError.Text.PremiumPlatformUnavailable,"A compra de Roblox Premium não é suportado em sua plataforma. Por favor, use seu computador para comprar Premium."
IAPExperience.PurchaseError.Text.PurchaseLimit,"Não foi possível concluir sua transação, pois você atingiu um limite de compra. Tente realizar a transação novamente daqui a 24–72 horas. Se não conseguir, você pode ter que aguardar até o mês que vem para efetuar uma nova compra. Não é possível alterar nem remover limites de compra."
IAPExperience.PurchaseError.Text.RestrictedUser,Você não pode acessar o conteúdo desta experiência.
IAPExperience.PurchaseError.Text.SubscriptionNotForSale,Esta assinatura não pode ser comprada no momento
IAPExperience.PurchaseError.Text.SubscriptionUnsupportedLocale,Esta assinatura não está disponível no seu país no momento
IAPExperience.PurchaseError.Text.SubscriptionUnsupportedPlatform,Esta assinatura não pode ser comprada aqui
IAPExperience.PurchaseError.Text.ThirdPartyDisabled,
IAPExperience.PurchaseError.Text.Under13,
IAPExperience.PurchaseError.Text.UnknownError,
IAPExperience.PurchaseError.Text.VpcRequired,"Você pode assinar Passes e Assinaturas nesta experiência ou na página da loja, com a ajuda de um responsável."
IAPExperience.PurchaseError.Title.AlreadySubscribed,Já é assinante
IAPExperience.PurchaseError.Title.CantSubscribe,Não é possível assinar
IAPExperience.PurchaseError.Title.Error,
IAPExperience.PurchaseError.Title.RobuxPurchaseFailed,Não foi possível obter Robux
IAPExperience.PurchasePrompt.Action.Buy,
IAPExperience.PurchasePrompt.Action.Cancel,
IAPExperience.PurchasePrompt.Body.PurchaseCompleted,Você conseguiu comprar {ITEM_NAME}.
IAPExperience.PurchasePrompt.Body.PurchaseItemsSuccess,Você comprou seus itens com sucesso.
IAPExperience.PurchasePrompt.BuyRobuxAndExperience,Comprar Robux e experiência
IAPExperience.PurchasePrompt.BuyRobuxAndSubscription,Comprar Robux e assinatura
IAPExperience.PurchasePrompt.Header.BuyAvatar,
IAPExperience.PurchasePrompt.Header.BuyRobuxAndAvatar,Comprar Robux e avatar
IAPExperience.PurchasePrompt.Label.BlackbirdDiscount,Benefício Plus ({discountPercentage}% de desconto)
IAPExperience.PurchasePrompt.Label.BlackbirdDiscountEligibleItems,Benefício Plus ({discountPercentage}% de desconto em itens elegíveis)
IAPExperience.PurchasePrompt.Label.BlackbirdDiscountNoPercent,Benefício do Plus
IAPExperience.PurchasePrompt.Label.BlackbirdSummary,Economize {robuxIcon} {savingsAmount} com o Plus
IAPExperience.PurchasePrompt.Label.GenericDiscount,Desconto ({discountPercentage}% de desconto)
IAPExperience.PurchasePrompt.Label.GenericDiscountNoPercent,Desconto
IAPExperience.PurchasePrompt.Label.Subtotal,Subtotal
IAPExperience.PurchasePrompt.Label.SubtotalWithItemCount,Subtotal ({itemCount} itens)
IAPExperience.PurchasePrompt.Label.Total,
IAPExperience.PurchasePrompt.Label.TotalPriceV2,Preço total
IAPExperience.PurchasePrompt.Text.BuyItemQuestion,"Gostaria de comprar ""{name}""?"
IAPExperience.PurchasePrompt.Text.BuyItemQuestionIncludingWarning,"Controle seu entretenimento e pratique o consumo racional. Gostaria de comprar ""{name}""?"
IAPExperience.PurchasePrompt.Text.Loading,
IAPExperience.PurchasePrompt.Text.RemainingBalance,Seu saldo depois desta transação será de
IAPExperience.PurchasePrompt.Text.RemainingBalanceV2,Seu saldo depois desta transação será de {robux}
IAPExperience.PurchasePrompt.Text.TestPurchase,Esta é uma compra de teste. Nada será cobrado da sua conta.
IAPExperience.PurchasePrompt.Title.BuyExperience,Comprar experiência
IAPExperience.PurchasePrompt.Title.BuyGamepass,Comprar passe de jogo
IAPExperience.PurchasePrompt.Title.BuyItem,
IAPExperience.PurchasePrompt.Title.BuyItemV2,
IAPExperience.PurchasePrompt.Title.BuyItems,
IAPExperience.PurchasePrompt.Title.BuyRobuxAndItem,Comprar Robux e item
IAPExperience.PurchasePrompt.Title.BuyRobuxAndItems,Comprar Robux e itens
IAPExperience.PurchasePrompt.Title.BuyRobuxOnly,
IAPExperience.PurchasePrompt.Title.PurchaseCompleted,
IAPExperience.PurchaseSuccess.Action.BackToGame,Voltar para o jogo
IAPExperience.PurchaseSuccess.Action.BackToShop,Voltar para a Loja
IAPExperience.PurchaseSuccess.Action.Equip,Equipar meu avatar
IAPExperience.PurchaseSuccess.Text.BalanceNow,Seu saldo agora é {robux}.
IAPExperience.PurchaseSuccess.Text.YouOwn,Agora você possui {name}!
IAPExperience.PurchaseSuccess.Title.PurchaseSucceeded,Compra bem-sucedida
IAPExperience.RobuxUpsell.Action.BuyRobux,
IAPExperience.RobuxUpsell.Action.BuyRobuxAndItem,
IAPExperience.RobuxUpsell.Action.Cancel,
IAPExperience.RobuxUpsell.Text.AdditionalRobux,Você precisa de {robux} adicionais.
IAPExperience.RobuxUpsell.Text.BestValue,Melhor custo-benefício
IAPExperience.RobuxUpsell.Text.BetterValue,
IAPExperience.RobuxUpsell.Text.Bonus,Bônus
IAPExperience.RobuxUpsell.Text.BonusBannerInfo,"Compras no computador, site e cartões presente ganham até 25% a mais de Robux em cada compra"
IAPExperience.RobuxUpsell.Text.BonusBannerV1,🎉 Bônus {robux} incluído por comprar usando seu computador!
IAPExperience.RobuxUpsell.Text.BuyRobuxQuestion,Gostaria de comprar
IAPExperience.RobuxUpsell.Text.DisclosurePayment,Seu método de pagamento será mudado.
IAPExperience.RobuxUpsell.Text.DisclosureTerms,Os Termos de Uso da Roblox se aplicam.
IAPExperience.RobuxUpsell.Text.DisclosureTermsURL,Os {termsofuse} da Roblox se aplicam.
IAPExperience.RobuxUpsell.Text.ForYou,Para você
IAPExperience.RobuxUpsell.Text.LastPurchased,Última compra
IAPExperience.RobuxUpsell.Text.Loading,
IAPExperience.RobuxUpsell.Text.MoreRobux,"Mais Robux, mesmo preço"
IAPExperience.RobuxUpsell.Text.NeedMoreRobux,Você precisa de mais Robux
IAPExperience.RobuxUpsell.Text.PopularItem,
IAPExperience.RobuxUpsell.Text.PurchaseNotAvailableOnHeadSet,"A compra de Robux ainda não é suportada em dispositivos de fone de ouvido. Por favor, tente em um dispositivo diferente."
IAPExperience.RobuxUpsell.Text.RemainingBalance,Os {robux} restantes serão adicionados ao seu saldo.
IAPExperience.RobuxUpsell.Text.TermsOfUse,
IAPExperience.RobuxUpsell.Text.VNGDisclosureTerms,Termos de uso Roblox-VNG se aplicam.
IAPExperience.RobuxUpsell.Text.VNGDisclosureTermsURL,Os {termsofuse} da Roblox-VNG se aplicam.
IAPExperience.RobuxUpsell.Text.WouldYouBuy,Gostaria de comprar um pacote de {robux}?
IAPExperience.RobuxUpsell.Title.InsufficientFunds,
IAPExperience.RobuxUpsell.Title.InsufficientRobux,
IAPExperience.SubscriptionPurchasePrompt.Label.GetSubscription,Obter assinatura
IAPExperience.SubscriptionPurchasePrompt.Label.TestFlowDisclaimer,"Esta caixa de diálogo é uma pré-visualização, mostrando como seus usuários verão a descrição da sua assinatura. Você não será cobrado se você clicar em assinar."
IAPExperience.U13Confirm.Action.Cancel,
IAPExperience.U13Confirm.Action.Confirm,
IAPExperience.U13Confirm.Text.ParentalConsentWarningPaymentModal13To17,Eu confirmo que sou um dos pais ou responsável legal do dono(a) da conta. Autorizo esta compra e concordo com os Termos de Uso.
IAPExperience.U13Confirm.Text.U13MonthlyThreshold1Modal,Você gastou bastante na Roblox este mês. Tem certeza de que deseja continuar? Esta compra envolve o uso de dinheiro real. Você deve ser um dos pais ou o responsável legal do dono da conta para autorizar esta compra.
IAPExperience.U13Confirm.Text.U13MonthlyThreshold2Modal,
IAPExperience.U13Confirm.Text.U13PaymentModal,Esta compra envolve a utilização de dinheiro real. Eu afirmo ter mais de 18 anos e/ou sou pai/mãe ou responsável legal do dono da conta. Autorizo esta compra e concordo com os Termos de Uso.
IAPExperience.U13Confirm.Title.Warning,Aviso!
InGame.Chat.ErrorMessageAnimationPlaying,Você não pode usar emotes durante esta ação.
InGame.Chat.ErrorMessageSwitchToR15,Mude seu avatar para o modelo R15 para usar emotes.
InGame.Chat.Label.From,
InGame.Chat.Label.SystemMessagePrefix,
InGame.Chat.Label.TeamMessagePrefix,
InGame.Chat.Label.To,Para
InGame.Chat.Response.EmoteNotAvailable,
InGame.Chat.Response.EmotesNotSupported,Você não pode usar emotes aqui.
InGame.Chat.Response.EmotesTemporarilyUnavailable,Você não pode usar emotes no momento.
InGame.Chat.Response.EmotesWrongAvatarType,Apenas avatares R15 podem usar emotes.
InGame.CommonUI.Badge.Popup.LearnMoreLink,
InGame.CommonUI.Button.KeepPlaying,
InGame.CommonUI.Button.Ok,
InGame.CommonUI.Button.Retry,Tentar de novo
InGame.CommonUI.Label.Custom,
InGame.CommonUI.Label.CustomOld,Personalizado antigo
InGame.CommonUI.Label.Default,
InGame.CommonUI.Label.MicOff,Microfone desligado
InGame.CommonUI.Label.MicOnRecording,Microfone ligado (gravando áudio)
InGame.CommonUI.Label.Off,
InGame.CommonUI.Label.On,
InGame.CommonUI.Label.PossiblyCustom,Possivelmente personalizado
InGame.CommonUI.Label.ReturnFallback,Voltar à experiência anterior
InGame.CommonUI.Label.ReturnTo,"Voltar para ""{placeName}"""
InGame.CommonUI.Message.LuobuGameJoinWarning,"Não imite comportamentos perigosos no jogo, denuncie proativamente abusos se você encontrar algum comportamento negativo."
InGame.CommonUI.Title.Error,
InGame.CommonUI.Title.Warning,Aviso
InGame.ConnectionError.Action.Continue,
InGame.ConnectionError.Action.JoinNewServer,Entrar num novo servidor
InGame.ConnectionError.Action.JoinTheLine,Entrar na fila
InGame.ConnectionError.Action.Ok,
InGame.ConnectionError.Action.Restart,Reiniciar
InGame.ConnectionError.Action.ViewCollaborators,Ver colaboradores
InGame.ConnectionError.AndroidAnticheatKick,A Roblox detectou arquivos ausentes ou corrompidos. Desinstale e reinstale o aplicativo Roblox de uma loja oficial de aplicativos.
InGame.ConnectionError.AndroidEmulatorKick,"Nós não permitimos emuladores para contas sem o acesso à edição de locais. Se você não estiver usando um emulador, entre em contato com o suporte ao cliente com este código de erro para nos informar."
InGame.ConnectionError.Button.Reconnect,Reconectar
InGame.ConnectionError.Button.ReconnectNow,Reconectar agora
InGame.ConnectionError.ConnectErrors,Erro ao se conectar à experiência. Tente novamente.
InGame.ConnectionError.ConnectionBanned,Erro ao se conectar à experiência. Sua participação foi banida desta experiência.
InGame.ConnectionError.ConnectionFailedRobloxVersion,Erro ao se conectar à experiência. A versão da Roblox está desatualizada. Atualize-a e tente novamente.
InGame.ConnectionError.ConnectionFailedWaitAndTry,Erro ao se conectar à experiência. Aguarde e tente novamente.
InGame.ConnectionError.CreatorBanDaysPlural,{RBX_TIME_DAYS} dias
InGame.ConnectionError.CreatorBanDaysSingular,
InGame.ConnectionError.CreatorBanHoursPlural,{RBX_TIME_HOURS} horas
InGame.ConnectionError.CreatorBanHoursSingular,
InGame.ConnectionError.CreatorBanMessage,"Mensagem da moderação:

{RBX_STR}"
InGame.ConnectionError.CreatorBanMinutesPlural,{RBX_TIME_MINUTES} minutos
InGame.ConnectionError.CreatorBanMinutesSingular,
InGame.ConnectionError.CreatorBanNoTime,Você foi banido por esta experiência ou seus moderadores.
InGame.ConnectionError.CreatorBanWithTime,Você foi banido por esta experiência ou por seus moderadores por {RBX_TIME_REMAINING}.
InGame.ConnectionError.Description.AgeCheckRequired,Faça uma verificação de idade para saber se você pode jogar este jogo.
InGame.ConnectionError.Description.CollaborationRequiresTrustedFriends,"Todos os colaboradores precisam de uma relação de confiança para fazer o teste deste jogo.

Adicione amizades confiáveis para continuar o teste do jogo."
InGame.ConnectionError.Description.DontWantToWait,Não quer esperar?
InGame.ConnectionError.Description.FriendsServerIsFullJoiningNewServer,O servidor do seu amigo está lotado. Entrando em um novo servidor.
InGame.ConnectionError.Description.FriendsServerIsFullWaitingToJoin,O servidor do seu amigo está lotado. Aguardando para entrar.
InGame.ConnectionError.Description.LockedByAge,"Devido à sua idade, você não pode acessar este jogo."
InGame.ConnectionError.Description.ParentalApprovalRequired,Peça ao seu responsável para desbloquear este jogo para você.
InGame.ConnectionError.Description.VipOwnerNotPresent,Você poderá entrar assim que o organizador estiver neste servidor privado.
InGame.ConnectionError.Description.WantToJoinYourFriend,Quer se juntar ao seu amigo?
InGame.ConnectionError.DisconnectBadhash,Conexão perdida devido a um erro.
InGame.ConnectionError.DisconnectBlockedConnection,Você foi desconectado(a) da experiência. A conexão foi bloqueada.
InGame.ConnectionError.DisconnectClientFailure,Você foi desconectado(a) da experiência. Ocorreu um erro fatal.
InGame.ConnectionError.DisconnectClientRequest,O cliente iniciou a desconexão.
InGame.ConnectionError.DisconnectCloudEditKick,Conexão perdida com a Criação em equipe. Reconecte-se. 
InGame.ConnectionError.DisconnectCollaboratorPermissionRevoked,Você foi desconectado(a) da experiência. A permissão TeamCreate foi revogada pelo proprietário.
InGame.ConnectionError.DisconnectCollaboratorUnderage,Você foi desconectado(a) da experiência. A permissão TeamCreate foi perdida devido à alteração da recomendação de idade para a experiência.
InGame.ConnectionError.DisconnectConnectionLost,Verifique sua conexão de internet e tente novamente.
InGame.ConnectionError.DisconnectDevMaintenance,O desenvolvedor da experiência desligou o servidor temporariamente. Tente novamente.
InGame.ConnectionError.DisconnectDuplicatePlayer,A mesma conta lançou a experiência de um dispositivo diferente. Deixe a experiência no outro dispositivo e tente novamente.
InGame.ConnectionError.DisconnectDuplicateTicket,Conexão perdida devido a um erro. Várias conexões detectadas da mesma conta.
InGame.ConnectionError.DisconnectErrors,Conexão perdida devido a um erro desconhecido. Reconecte-se.
InGame.ConnectionError.DisconnectEvicted,A mesma conta iniciou uma experiência em um dispositivo diferente. Reconecte-se se você prefere usar este dispositivo.
InGame.ConnectionError.DisconnectHashTimeout,Sua conexão expirou. Verifique sua conexão de internet e tente novamente.
InGame.ConnectionError.DisconnectIdle,Você perdeu a conexão por ficar inativo(a) por {RBX_NUM} minutos
InGame.ConnectionError.DisconnectIllegalTeleport,Conexão perdida devido a um teleporte inválido. 
InGame.ConnectionError.DisconnectLuaKick,Você foi expulso por esta experiência ou seus moderadores.
InGame.ConnectionError.DisconnectLuaKickWithMessage,"Você foi expulso por esta experiência ou seus moderadores. Mensagem da moderação:

{RBX_STR}"
InGame.ConnectionError.DisconnectNewSecurityKeyMismatch,
InGame.ConnectionError.DisconnectOnRemoteSysStats,Você foi expulso devido a um comportamento inesperado do cliente.
InGame.ConnectionError.DisconnectOutOfMemoryKeepPlayingLeave,A memória do seu dispositivo está baixa. Sair agora irá salvar o estado e impedir que o aplicativo Roblox congele.
InGame.ConnectionError.DisconnectPlayerless,O servidor estava sendo desligado quando você tentou se conectar. Tente novamente mais tarde.
InGame.ConnectionError.DisconnectPrivateServerKickout,Você foi desconectado porque não tem mais acesso a este servidor privado.
InGame.ConnectionError.DisconnectProtocolMismatch,Sua versão do Roblox pode estar desatualizada. Atualize o Roblox e tente novamente.
InGame.ConnectionError.DisconnectRaknetErrors,Erro ao se conectar à experiência. Não há resposta do servidor. Tente novamente.
InGame.ConnectionError.DisconnectReceivePacketError,Ocorreu um erro ao receber os dados. Reconecte-se.
InGame.ConnectionError.DisconnectReceivePacketStreamError,Ocorreu um erro ao transmitir os dados. Reconecte-se.
InGame.ConnectionError.DisconnectRejoin,
InGame.ConnectionError.DisconnectRobloxMaintenance,Roblox desligou o servidor para realizar uma manutenção. Tente novamente.
InGame.ConnectionError.DisconnectSecurityKeyMismatch,
InGame.ConnectionError.DisconnectSendPacketError,Ocorreu um erro ao enviar os dados. Reconecte-se.
InGame.ConnectionError.DisconnectTimeout,
InGame.ConnectionError.DisconnectTryAgain,Você foi desconectado(a) da experiência. Conecte-se novamente.
InGame.ConnectionError.DisconnectVerboselyModeratedGame,"Para proteger sua segurança, desconectamos este servidor após as pessoas terem quebrado as regras inúmeras vezes. Ao aprender sobre as Regras da Comunidade, você pode ajudar a manter a Roblox segura."
InGame.ConnectionError.DisconnectWrongVersion,Sua versão do cliente Roblox pode estar desatualizada. Atualize o cliente Roblox e tente novamente.
InGame.ConnectionError.Heading.VRDisconnected,Fones de ouvido desconectados
InGame.ConnectionError.Joining,Entrando no servidor
InGame.ConnectionError.Message.ChannelName,Canal: {CHANNEL_NAME}
InGame.ConnectionError.Message.ErrorCode,Código de erro: {ERROR_CODE}
InGame.ConnectionError.Message.RestartApp,"Para continuar jogando, reinicie o aplicativo."
InGame.ConnectionError.PlacelaunchDeviceBlock,Seu dispositivo foi banido por esta experiência ou seus moderadores.
InGame.ConnectionError.PlacelaunchDisabled,O lugar de destino é restrito. Tente um lugar diferente ou tente novamente mais tarde.
InGame.ConnectionError.PlacelaunchError,Impossível encontrar o servidor no qual você está tentando entrar. Tente novamente.
InGame.ConnectionError.PlacelaunchErrors,Ocorreu um erro ao tentar entrar na experiência. Tente novamente.
InGame.ConnectionError.PlacelaunchFlooded,O servidor está ocupado no momento. Tente de novo.
InGame.ConnectionError.PlacelaunchGameEnded,"Esta experiência terminou, ou o servidor tornou-se indisponível inesperadamente devido a um erro de sistema"
InGame.ConnectionError.PlacelaunchGameFull,A experiência solicitada está lotada
InGame.ConnectionError.PlacelaunchHashException,Esta experiência não está disponível no momento. Tente novamente mais tarde.
InGame.ConnectionError.PlacelaunchHashExpired,
InGame.ConnectionError.PlacelaunchHttpError,Erro http. Feche o cliente e tente novamente.
InGame.ConnectionError.PlacelaunchOtherError,Estamos tendo dificuldades técnicas. Tente novamente mais tarde.
InGame.ConnectionError.PlacelaunchPartyCannotFit,Seu grupo é grande demais para entrar nesta experiência. Tente entrar em outra experiência.
InGame.ConnectionError.PlacelaunchRestricted,O status desta experiência mudou e você não tem mais acesso. Tente novamente mais tarde.
InGame.ConnectionError.PlacelaunchUnauthorized,Você não tem permissão para entrar nesta experiência.
InGame.ConnectionError.PlacelaunchUserLeft,O usuário ao qual você estava tentando se juntar saiu da experiência.
InGame.ConnectionError.PlacelaunchUserPrivacyUnauthorized,Suas configurações de privacidade impedem que você entre neste servidor.
InGame.ConnectionError.Queue,Sua posição na fila: {POSITION}
InGame.ConnectionError.ReconnectFailed,Falha ao reconectar. Tente novamente.
InGame.ConnectionError.ReconnectingAttempt,Reconectando (tentativa nº {RBX_ATTEMPT})...
InGame.ConnectionError.ReconnectingAttemptInSecond,Reconectando (tentativa nº {RBX_ATTEMPT}) em 1 segundo...
InGame.ConnectionError.ReconnectingAttemptInSeconds,Reconectando (tentativa nº {RBX_ATTEMPT}) em {RBX_SECONDS} segundos...
InGame.ConnectionError.RemoteAttestationBootValidationFailure,Este jogo requer um sistema operacional confiável. Execute o aplicativo Roblox em um dispositivo compatível e verifique se o bootloader está bloqueado.
InGame.ConnectionError.RemoteAttestationGeneralFailure,"A Roblox não conseguiu verificar a integridade do aplicativo. Verifique se o seu sistema operacional é confiável e está atualizado e, em seguida, reinstale o aplicativo da Roblox de um local oficial de download."
InGame.ConnectionError.RemoteAttestationOSOutOfDate,Este jogo requer uma instalação atualizada do Android. O seu sistema operacional precisa estar atualizado.
InGame.ConnectionError.RemoteAttestationTimeout,A Roblox não conseguiu verificar a integridade do aplicativo devido a um problema de rede. Reconecte-se.
InGame.ConnectionError.RemoteAttestationUnsupported,Este jogo ativou requisitos adicionais de segurança de hardware. Execute o aplicativo Roblox em um dispositivo compatível.
InGame.ConnectionError.ServerShutdown,Você foi desconectado(a) da experiência. O servidor foi desligado.
InGame.ConnectionError.TeleportErrors,O teletransporte falhou devido a um erro inesperado. Tente teletransportar novamente.
InGame.ConnectionError.TeleportFailure,
InGame.ConnectionError.TeleportFlooded,Muitas solicitações de teletransporte. Tente novamente mais tarde.
InGame.ConnectionError.TeleportGameEnded,O servidor não está mais disponível. Tente outro ou tente mais tarde.
InGame.ConnectionError.TeleportGameFull,O servidor está cheio. Tente novamente mais tarde ou use outro servidor.
InGame.ConnectionError.TeleportGameNotFound,Não foi possível encontrar o local de destino. Verifique e tente novamente.
InGame.ConnectionError.TeleportUnauthorized,Tentativa de se teleportar para um local restrito.
InGame.ConnectionError.Title.ConnectionFailed,Erro na conexão
InGame.ConnectionError.Title.Disconnected,
InGame.ConnectionError.Title.JoinError,Erro ao entrar
InGame.ConnectionError.Title.LowMemoryWarning,Aviso de memória baixa
InGame.ConnectionError.Title.TeleportFailed,Falha no teleporte
InGame.ConnectionError.UnknownError,Erro desconhecido.
InGame.EmotesMenu.EmotesDisabled,Os emotes estão desabilitados nesta experiência.
InGame.EmotesMenu.ErrorMessageAnimationPlaying,
InGame.EmotesMenu.ErrorMessageNoMatchingEmote,
InGame.EmotesMenu.ErrorMessageNotSupported,
InGame.EmotesMenu.ErrorMessageR15Only,
InGame.EmotesMenu.ErrorMessageSwitchToR15,Mude seu avatar para o modelo R15 para usar os emotes.
InGame.EmotesMenu.ErrorMessageTemporarilyUnavailable,
InGame.EmotesMenu.NoEmotesEquipped,Nenhum emote equipado
InGame.EmotesMenu.SelectAnEmote,Selecione um emote
InGame.EmotesMenu.VisitShopToGetEmotes,Você não tem nenhum emote. Visite a loja para adquirir emotes!
InGame.FriendPlayerPrompt.Action.Send,
InGame.FriendPlayerPrompt.Title.SendFriendRequest,Enviar pedido de amizade?
InGame.FriendPlayerPrompt.Title.SendFriendRequest.FriendsRename,
InGame.GameplayPaused.Body,A experiência foi pausado: espere o carregamento do conteúdo.
InGame.GameplayPaused.Title,Jogo pausado
InGame.HelpMenu.Controls.ToggleGameMenu,Alternador de menu do jogo
InGame.HelpMenu.DownArrow,
InGame.HelpMenu.Label.ClientCoreScriptVersion,Versão de cliente CoreScript:
InGame.HelpMenu.Label.ClientVersion,Versão de cliente:
InGame.HelpMenu.Label.PlaceVersion,Versão do local:
InGame.HelpMenu.Label.PlaySessionId,PlaySessionId: {RBX_STR}
InGame.HelpMenu.Label.PlayerScripts,Scripts de jogador:
InGame.HelpMenu.Label.ServerChannel,Canal do servidor:
InGame.HelpMenu.Label.ServerVersion,Versão de servidor:
InGame.HelpMenu.LeftArrow,Seta esquerda
InGame.HelpMenu.RightArrow,Seta direita
InGame.HelpMenu.UpArrow,
InGame.InspectMenu.Action.Cancel,
InGame.InspectMenu.Action.Confirm,
InGame.InspectMenu.Action.Favorite,
InGame.InspectMenu.Action.FromResale,{PRICE} de revenda
InGame.InspectMenu.Action.Go,Ir
InGame.InspectMenu.Action.LimitReached,Limite de itens alcançado
InGame.InspectMenu.Action.SoldOut,
InGame.InspectMenu.Action.TakeOff,
InGame.InspectMenu.Action.TryOn,
InGame.InspectMenu.Action.Unfavorite,Desfavoritar
InGame.InspectMenu.Action.View,
InGame.InspectMenu.Attribution.GoToDescription,Você sairá desta área e irá para {EXPERIENCE_NAME}.
InGame.InspectMenu.Attribution.GoToExperience,Ir para a experiência?
InGame.InspectMenu.Description.LayeredClothingR6,O corpo tipo R6 não suporta este item.
InGame.InspectMenu.Description.LimitedNotice,Este item só pode ser comprado de revendedores no catálogo.
InGame.InspectMenu.Description.MultipleBundlesNotice,Este item faz parte de vários pacotes.
InGame.InspectMenu.Description.NoInventoryNotice,Este usuário não está usando nenhum item que você possa inspecionar.
InGame.InspectMenu.Description.SingleBundleNotice,Este item faz parte de um pacote.
InGame.InspectMenu.Label.Avatar,Avatar de {PLAYER_NAME}
InGame.InspectMenu.Label.Limited,
InGame.InspectMenu.Label.LimitedItems,Item limitado
InGame.InspectMenu.Label.Offsale,
InGame.InspectMenu.Label.Owned,Possuído
InGame.InspectMenu.Label.OwnedItems,Itens possuídos ({QUANTITY})
InGame.InspectMenu.Label.PremiumOnly,Apenas Premium
InGame.InspectMenu.Label.VerifiedAvatar,Avatar de {PLAYER_NAME}{VERIFIED_BADGE}
InGame.NotificationScrip2.onCurrentGraphicsQualityLevelChanged.Decreased,Reduzido para {RBX_NUMBER}
InGame.NotificationScrip2.onCurrentGraphicsQualityLevelChanged.Increased,Aumentado para {RBX_NUMBER}
InGame.NotificationScript2.Capture.Fail.ToastText,Falha na captura
InGame.NotificationScript2.Capture.Permission.AlertButtonText,
InGame.NotificationScript2.Capture.Permission.AlertText,Você precisa habilitar as permissões de fotos para poder usar esta funcionalidade. Isto pode ser feito nas configurações do seu dispositivo.
InGame.NotificationScript2.Capture.Permission.AlertTextAndroid,Vá para Configurações > Roblox > Permissões e permita o armazenamento para salvar as capturas em sua biblioteca de fotos.
InGame.NotificationScript2.Capture.Permission.AlertTextIOS,"Vá para Configurações > Privacidade > Fotos, e permita que o aplicativo Roblox possa salvar as capturas na sua galeria de fotos."
InGame.NotificationScript2.Capture.Permission.AlertTitle,Habilitar permissões para salvar
InGame.NotificationScript2.Capture.Success.ToastText,
InGame.NotificationScript2.FriendRequestEvent.Accept,Agora você é amigo de {RBX_NAME}!
InGame.NotificationScript2.Message.ConnectionRequestEvent.Accepted,
InGame.NotificationScript2.Message.ConnectionRequestEvent.Sent,Enviou um pedido de amizade para você!
InGame.NotificationScript2.Message.FriendRequestEvent.Accepted,Novo amigo
InGame.NotificationScript2.Message.FriendRequestEvent.Sent,
InGame.NotificationScript2.Screenshot.ButtonText,Abrir pasta
InGame.NotificationScript2.Screenshot.Description,Confira sua pasta de capturas de tela para vê-la.
InGame.NotificationScript2.Screenshot.Title,Captura de tela salva
InGame.NotificationScript2.UINavigation.Text,Barra invertida para alternar
InGame.NotificationScript2.UINavigation.Title,Navegação de IU ativada
InGame.NotificationScript2.Video.ButtonText,
InGame.NotificationScript2.Video.Description,Confira sua pasta de vídeos para vê-lo.
InGame.NotificationScript2.Video.Title,Vídeo gravado
InGame.NotificationScript2.onBadgeAwardedDetail,"{RBX_NAME} ganhou o prêmio ""{BADGE_NAME}"" de {CREATOR_NAME}!"
InGame.NotificationScript2.onBadgeAwardedTitle,Emblema concedido
InGame.NotificationScript2.onPointsAwarded.multiple,Você recebeu {RBX_NUMBER} pontos!
InGame.NotificationScript2.onPointsAwarded.single,Você recebeu {RBX_NUMBER} ponto!
InGame.PlayerDropDown.Accept,
InGame.PlayerDropDown.Action.ConnectionRequest,Enviar pedido de amizade
InGame.PlayerDropDown.Block,
InGame.PlayerDropDown.CancelRequest,Cancelar pedido
InGame.PlayerDropDown.ConfirmUnfriend,Toque para confirmar a remoção da amizade
InGame.PlayerDropDown.Decline,Recusar
InGame.PlayerDropDown.Examine,
InGame.PlayerDropDown.OtherPlayerFriendLimit,{RBX_NAME} alcançou o limite máximo de amizades.
InGame.PlayerDropDown.Report,
InGame.PlayerDropDown.UnBlock,
InGame.PlayerDropDown.Unfriend,Remover amigo
InGame.PlayerList.FooterLastUpdated,Última atualização há {minutes} minutos
InGame.PlayerList.FooterUnableToLoad,Não foi possível carregar
InGame.PlayerList.FriendsEmpty,Nenhum dos seus amigos jogou esta experiência ainda.
InGame.PlayerList.Leaderboard,
InGame.PlayerList.LeaderboardUnavailable,Classificação indisponível. Tente novamente mais tarde.
InGame.PlayerList.Players,
InGame.PlayerList.RankHeader,
InGame.PlayerList.Retry,
InGame.Presence.Label.InGame,
InGame.Presence.Label.InStudio,No Studio
InGame.Presence.Label.Offline,
InGame.Presence.Label.Online,
InGame.UnknownNamespace.BACKPACK_SEARCH,
InGame.UnknownNamespace.GameChat.FriendChatNotifier.JoinMessage,"{RBX_NAME}, dos seus amigos, entrou na experiência."
InGame.UnknownNamespace.GameChat_ChatCommandsTeller_MuteCommand,/mute <speaker> : silenciar uma pessoa.
InGame.UnknownNamespace.GameChat_ChatCommandsTeller_TeamCommand,/team <message> ou /t <message> : enviar um chat de equipe aos membros da sua equipe.
InGame.UnknownNamespace.GameChat_ChatCommandsTeller_UnMuteCommand,/unmute <speaker> : remover silêncio de uma pessoa.
InGame.UnknownNamespace.GameChat_ChatCommandsTeller_WhisperCommand,/whisper <speaker> ou /w <speaker> : abrir um canal de mensagem privada com uma pessoa.
InGame.UnknownNamespace.GameChat_FriendChatNotifier_JoinMessage,Sua conexão {RBX_NAME} juntou-se à experiência.
InGame.UnknownNamespace.GameChat_PrivateMessaging_CannotWhisperToSelf,Você não pode sussurrar para si mesmo.
InGame.UnknownNamespace.GameChat_TeamChat_NowInTeam,Agora você está na equipe '{RBX_NAME}'.
InGame.UnknownNamespace.Network,(Rede)
InGame.UnknownNamespace.Received,Recebido
InGame.UnknownNamespace.Sent,
Notifications.NotificationStream.Bundle.ShowLess,Mostrar menos
Notifications.NotificationStream.Bundle.ShowMoreV2,mais {notificationCount}
Notifications.NotificationStream.Label.AllCaughtUp,Tudo em dia!
Notifications.NotificationStream.Label.Notifications,
Notifications.SafetyAvatarModeration.Description.NotificationTypeInExpWarnMsg,"Altere seu avatar. Em breve, os jogadores com avatares que violem as Regras da Comunidade serão suspensos deste jogo."
Notifications.SafetyAvatarModeration.Label.NotificationTypeInExpWarn,Seu avatar violou as regras
Notifications.SquadRegroupPrompt.ToastAction.Dismiss,
Notifications.SquadRegroupPrompt.ToastAction.Join,
Notifications.SquadRegroupPrompt.ToastLabel.ContinuePlayingTogether,Continuem jogando juntos
Notifications.SquadRegroupPrompt.ToastLabel.JoinANewServer,Entre em um novo servidor
Notifications.ToastNotifications.Label.LeaveExperienceConfirmation,Tem certeza que deseja sair e se juntar a outra experiência?
Notifications.ToastNotifications.Title.LeavingExperience,Saindo da experiência
PlayerFeedbacks.VoteForm.Message.Action.Report,
PlayerFeedbacks.VoteForm.Message.MaxLengthCharacters,Use menos de {count} caracteres.
PlayerFeedbacks.VoteForm.Message.MinLengthCharacters,Use mais do que {count} caracteres.
PlayerFeedbacks.VoteForm.Message.ReportAbuseInsteadLong,Houve um problema de segurança? <u>Denuncie abuso aqui</u>.
PlayerFeedbacks.VoteForm.Message.SubmitSuccess,
PlayerFeedbacks.VoteForm.PromptBanner.GiveFeedbackButton,
PlayerFeedbacks.VoteForm.PromptBanner.Message,Sua resposta será compartilhada anonimamente com o criador
PlayerFeedbacks.VoteForm.PromptBanner.Title,Ajude a melhorar esta experiência
PlayerFeedbacks.VoteForm.PromptBanner.TitleOnly,Ajude o criador a melhorar esta experiência
Purchasing.PurchaseDialog.Heading.PendingDeveloperProductLimitReached,Não pode comprar
Purchasing.PurchaseDialog.Message.PendingDeveloperProductLimitReached,Junte-se à experiência para resgatar as suas compras anteriores antes de comprar mais produtos.
Purchasing.PurchaseDialog.Message.PendingDeveloperProductOnHome,Junte-se para resgatar a sua compra
Roblox.ReferralRewards.AdditionalCreatorTerms,Termos Adicionais do Criador
Roblox.ReferralRewards.Expires,Expira em
Roblox.ReferralRewards.ReferralProgramTerms,Termos do Programa de Indicações
Roblox.ReferralRewards.RewardBannerBody,"Convide uma amizade, e {gameName} lhe oferecerá {rewardName}. Termos se aplicam."
Roblox.ReferralRewards.RewardBannerHeader,Obtenha {rewardName}!
Roblox.ReferralRewards.RewardBannerModalCreatorSupport,"Esta recompensa é fornecida por {creatorName}, por favor contate o criador diretamente para suporte e dúvidas."
Roblox.ReferralRewards.RewardBannerModalRewardDetails,Detalhes da recompensa
Roblox.ReferralRewards.RewardBannerModalTitle,Recompensa de referência de amizade
Translation.PlayerChoiceSettings.GameSettings.PlayerChoiceSettingDescription,Traduza automaticamente todas as experiências quando seu idioma não é suportado.
Translation.PlayerChoiceSettings.GameSettings.PlayerChoiceSettingLabel,Traduções automáticas
Verification.Identity.Label.AgeVerifyPrompt,Verifique sua idade para aproveitar a Roblox ao máximo!
Verification.Identity.Label.ConnectingToMobile,Conectando ao seu celular
Verification.Identity.Label.HavingTroubleScanCode,Problemas? Escaneie o código QR acima para reiniciar o processo de verificação.
Verification.Identity.Label.PleaseDoNotClose,Não feche esta janela até que o processo de verificação seja completado.
Verification.Identity.Label.UpdatingRoblox,Atualizando seu perfil Roblox
Verification.Identity.Label.VerificationWaitingForResults,Aguardando resultados
Verification.Identity.Label.VerifyInBrowser,Termine a verificação em seu navegador do celular para continuar.
Verification.Identity.Label.VerifyingYou,
Xbox.Old.ActiveUserLostConnectionPhrase,O usuário '%s' foi desconectado. Pressione 'A' no controle com o qual você deseja continuar.
Xbox.Old.ActiveUserLostConnectionTitle,Usuário ativo removido
Xbox.Old.AlertOccurredTitle,Ocorreu um alerta
Xbox.Old.CPPWelcomePhrase,"Agora você pode acessar a Roblox no Xbox One com outras pessoas de todas as plataformas, incluindo computador, celular e tablet!

Isto significa que você verá mais pessoas em mais experiências e poderá participar delas com seus amigos, independentemente do dispositivo que eles usem! Esta opção pode ser atualizada nas Configurações de conta."
Xbox.Old.CPPWelcomeTitle,Bem-vindo à experiência multiplataforma!
Xbox.Old.ControllerLostConnectionPhrase,O controle do usuário '%s' foi desconectado. Pressione 'A' no controle com o qual você deseja continuar.
Xbox.Old.ControllerLostConnectionTitle,Controle não encontrado
Xbox.Old.DefaultAlertPhrase,Impossível conectar à Roblox. Tente novamente mais tarde.
Xbox.Old.PlatformLinkInfoMessage,Criamos uma nova conta Roblox para você. Todo o progresso das experiências e compras serão salvos nesta conta Roblox. Agora você pode se conectar em qualquer plataforma e continuar de onde parou!
Xbox.Old.PlatformLinkInfoTitle,Bem-vindo à Roblox!
Xbox.Old.PlayMyPlaceMoreGamesPhrase,Inicie uma sessão em Roblox.com para criar mais experiências e editar suas experiências já existentes!
Xbox.Old.PlayMyPlaceMoreGamesTitle,Minhas experiências
Xbox.Old.ReauthInvalidSessionPhrase,Você foi desconectado de todas as suas sessões da Roblox.
Xbox.Old.ReauthMaintenancePhrase,"Manutenção em andamento, voltaremos logo."
Xbox.Old.ReauthMaintenanceTitle,Em manutenção
Xbox.Old.ReauthRemovedPhrase,Detectamos uma mudança no usuário ativo. Inicie a sessão novamente.
Xbox.Old.ReauthRemovedTitle,Usuário alterado
Xbox.Old.ReauthSignedOutPhrase,Você se desconectou da sua conta do Xbox Live. Conecte-se novamente para continuar.
Xbox.Old.ReauthSignedOutTitle,
Xbox.Old.ReauthUnknownPhrase,Ocorreu um erro e você foi desconectado(a). Conecte-se novamente para continuar sua visita.
Xbox.Old.ReauthUnlinkPhrase,Você desvinculou sua conta Roblox com sucesso. Agora você pode escolher iniciar a sessão novamente ou cadastrar uma nova conta Roblox.
Xbox.Old.ReauthUnlinkTitle,Conta desvinculada
Xbox.Old.ReportPlayer,
Xbox.Old.ResizeScreenInputHint,Redimensionar tela
Xbox.Old.ResizeScreenPrompt,Use o direcional analógico direito para ajustar as bordas da caixa branca até que elas fiquem fora da tela
Xbox.Old.ScreenSizeWord,Tamanho da tela
Xbox.Old.UnlockedUGCPhrase,"Agora que você participou de 5 experiências em destaque, você terá acesso a todas as experiências criadas por membros da comunidade como você!

Vá para a tela de Experiências para ver todos as novas experiências que você desbloqueou!"
Xbox.Old.UnlockedUGCTitle,Todas as experiências foram desbloqueadas!
