Key,Value
AccountIdentity.AgeCheck.Label.AgeBandOver13,13 yaş ve üzeri
AccountIdentity.AgeCheck.Label.AgeBandOver13Checked,13 Yaş ve Üzeri Kontrol Edildi
AccountIdentity.AgeCheck.Label.AgeBandOver18,18 yaş ve üzeri
AccountIdentity.AgeCheck.Label.AgeBandOver18Checked,18 Yaş ve Üzeri Kontrol Edildi
AccountIdentity.AgeCheck.Label.AgeBandUnder13,<13
AccountIdentity.AgeCheck.Label.AgeGroup13To15,13-15
AccountIdentity.AgeCheck.Label.AgeGroup16To17,16-17
AccountIdentity.AgeCheck.Label.AgeGroup18To20,18-20
AccountIdentity.AgeCheck.Label.AgeGroup18To24,18-24
AccountIdentity.AgeCheck.Label.AgeGroup9To12,9-12
AccountIdentity.AgeCheck.Label.AgeGroupOver21,21 ve üzeri
AccountIdentity.AgeCheck.Label.AgeGroupOver25,25+
AccountIdentity.AgeCheck.Label.AgeGroupUnder9,5-8
Amp.AccountSettingsUpsell.Email.Button.Cancel,İptal Et
Amp.AccountSettingsUpsell.Email.Button.Settings,Ayarlar
Amp.AccountSettingsUpsell.Email.Modal.ContentText,"Bu özelliğe erişmek için lütfen e-postanı doğrula.

1. Ayarlar'da Hesap Bilgileri'ne git
2. ""E-posta Ekle""yi seç
3. İşlemi tamamla
"
Amp.AccountSettingsUpsell.Email.Modal.Title,E-posta Doğrulaması Gerekli
Amp.AccountSettingsUpsell.Phone.Button.Cancel,
Amp.AccountSettingsUpsell.Phone.Button.Settings,
Amp.AccountSettingsUpsell.Phone.Modal.ContentText,"Bu deneyime erişmek için lütfen telefonunu doğrula.

1. Ayarlar'da Hesap Bilgileri'ne git
2. ""Telefon Ekle""yi seç
3. İşlemi tamamla"
Amp.AccountSettingsUpsell.Phone.Modal.Title,Telefon Doğrulaması Gerekli
Amp.ErrorScreen.BodyText,Erişim durumun alınamadı
Amp.ErrorScreen.Cancel,
Amp.ErrorScreen.Retry,Tekrar dene
Amp.ErrorScreen.Title,Bir Şeyler Yanlış Gitti
Amp.ErrorScreen.UserMismatchBody,Bu QR kodu başka bir hesapla ilişkili. Devam etmek için hesap değiştir ve tekrar okut.
Amp.ErrorScreen.UserMismatchTitle,Yanlış hesap
Amp.FAEUpsell.Modal.ExternalLink.ButtonCancel,İptal et
Amp.FAEUpsell.Modal.ExternalLink.ButtonStart,Devam et
Amp.FAEUpsell.Modal.ExternalLink.Text,"Bu işlem, daha fazla oyunun ve sohbet gibi özelliklerin kilidini açar."
Amp.FAEUpsell.Modal.ExternalLink.Title,Yaşını kontrol edelim
Amp.FAEUpsell.Modal.Failed.ButtonClose,Kapat
Amp.FAEUpsell.Modal.Failed.ButtonRetry,
Amp.FAEUpsell.Modal.Failed.Text,Bir şeyler ters gitti. Lütfen daha sonra tekrar dene.
Amp.FAEUpsell.Modal.Failed.Title,Yaş kontrolü hatası
Amp.FAEUpsell.Modal.Loading.ButtonCancel,
Amp.FAEUpsell.Modal.Loading.Text,Bu işlem birkaç dakika sürebilir. İptal edersen yaşın kontrol edilemeyebilir.
Amp.FAEUpsell.Modal.Loading.Title,Yaşın kontrol ediliyor
Amp.FAEUpsell.Modal.QRCode.Description,Yaş kontrolünü tamamlayarak daha fazla oyunun ve özelliğin kilidini aç. Bu QR kodunu telefonunda veya tabletinde okut.
Amp.FAEUpsell.Modal.QRCode.Footer,Okutamıyor musun? Roblox uygulamasını mobil cihazına indir ve Ayarlar > Hesap Bilgileri bölümüne git
Amp.FAEUpsell.Modal.QRCode.Title,Mobil uygulama ile yaş kontrolünü tamamla
Amp.IDVErrorScreen.Close,
Amp.IDVErrorScreen.Declined,"Üzgünüz, doğrulaman güvenlik nedeniyle reddedildi. Tekrar denemek istersen lütfen birkaç gün sonra tekrar kontrol et."
Amp.IDVErrorScreen.Retry,Bir şeyler yanlış gitti. Lütfen sayfayı yenile ve tekrar dene.
Amp.IDVErrorScreen.Timeout,"Üzgünüz, doğrulama süreci çok uzun sürdü. Lütfen sayfayı yenileyip tekrar dene."
Amp.IDVErrorScreen.Title,Doğrulama Başarısız
Amp.IDVUpsell.Button.Cancel,
Amp.IDVUpsell.Button.StartVerification,Doğrulamayı Başlat
Amp.IDVUpsell.Directions.IDBody,"Sürücü Belgesi, Pasaport, Kimlik Kartı, Oturma İzni"
Amp.IDVUpsell.Directions.IDHeader,Geçerli bir kimlik belgesi hazırla
Amp.IDVUpsell.Directions.PhoneBody,Devam etmek için bir akıllı telefona ihtiyacın var
Amp.IDVUpsell.Directions.PhoneHeader,Bir akıllı telefon kullan
Amp.IDVUpsell.Modal.Disclaimer,"Lütfen Dikkat: Kimlik doğrulama sürecini, üçüncü taraf hizmet sağlayıcımızla başlatmak üzeresin. Bu işlem aracılığıyla toplanan bilgiler, hesabının güvenliğini sağlamak ve/veya Roblox özelliklerini etkinleştirmek amacıyla kullanılır."
Amp.IDVUpsell.Modal.PrivacyLinkText,Roblox Biyometrik Gizlilik Bildirimi
Amp.IDVUpsell.Modal.QRHeaderText,Başlamak için QR Kodunu tara
Amp.IDVUpsell.Modal.Title,Yaş Doğrulaması Gerekli
Amp.IDVUpsell.PrivacyPageHeader,Gizlilik Politikası
Amp.Upsell.Action.AskNow,Şimdi İste
Amp.Upsell.Description.PrologueEnablePurchase,Bölgesel kısıtlamalar nedeniyle bu satın alım işlemini gerçekleştirmek için ebeveyn iznine ihtiyacın var.
Amp.Upsell.Description.PrologueJoinExperience,Bu deneyime katılabilmek için ebeveyn iznine ihtiyacın var.
Amp.Upsell.Description.PrologueTextVpc,Ebeveyn iznine ihtiyacın var.
Amp.Upsell.Description.PrologueUnblockUser,{displayName} adlı kullanıcının engelini kaldırmak için ebeveyn iznine ihtiyacın var
Amp.Upsell.Message.EmailSent,{parentEmail} adresine bir e-posta yolladık
Amp.Upsell.Message.EmailSentPluralParent,Hesabına bağlantılı ebeveynlerine bir e-posta gönderdik
Amp.Upsell.Title.AskYourParent,Ebeveynine sor
Amp.Upsell.Title.RequestSent,Talep gönderildi
Application.Logout.Action.Logout,Çıkış Yap
Application.Logout.Message.Confirmation,Çıkış yapmak istediğine emin misin?
Authentication.AccountSwitch.Action.SwitchAccount,Hesap Değiştir
Authentication.AccountSwitch.Header.SwitchAccountSentenceCase,Hesap değiştir
Authentication.CrossDevice.Heading.QuickLogin,Hızlı giriş
Authentication.Login.Action.QuickSignIn,
Authentication.Login.Button.CloseAndSwitchPlatformAccount,{platformAccountName} hesabını değiştirmek için Roblox'tan çıkış yap
Authentication.Login.Button.UseDifferentRobloxAccount,Farklı bir Roblox hesabı kullan
Authentication.Login.Error.PasskeyOnlyAccount,Hesabına yalnızca giriş yapmak için bir geçiş anahtarı ayarlanmış. Geçiş anahtarınla giriş yapmayı dene veya hesabını kurtar.
Authentication.Login.Error.PlatformAccountConnectionFailure,Platform hesabı doğrulanamıyor. Lütfen daha sonra tekrar dene.
Authentication.Login.Heading.IncompatibleAccounts,Uyumsuz Hesaplar
Authentication.Login.Label.LearnMore,Daha fazla bilgi edin
Authentication.Login.LinkIllegalChildAccountLinking,Bu Roblox hesabı bir Xbox çocuk hesabına bağlanamadı. Lütfen başka bir hesabı dene veya ayarlarını kontrol et.
Authentication.Login.Response.AlreadyLinked,Bu Roblox hesabı zaten {platform} için hesap farklı bir hesaba bağlı. Lütfen farklı bir Roblox hesabıyla giriş yapmayı dene.
Authentication.Login.Response.IncorrectEmailOrPassword,Hatalı e-posta veya şifre.
Authentication.Login.Response.IncorrectOtpCode,Kodun hatalı. Lütfen kontrol edip tekrar dene.
Authentication.Login.Response.IncorrectPhoneOrPassword,Hatalı telefon veya şifre.
Authentication.Login.Response.IncorrectUsernamePassword,Hatalı kullanıcı adı veya şifre.
Authentication.Login.Response.InvalidPasskeyCredential,"Bu geçiş anahtarıyla giriş yapılamıyor. Yeniden erişim sağlamak için şuraya git: ""Şifreyi veya Kullanıcı Adını Unuttum""."
Authentication.Login.Response.MoreThanOneUsername,E-postan birden fazla kullanıcı adıyla ilişkilendirilmiş. Lütfen kullanıcı adınla giriş yap.
Authentication.Login.Response.PlatformAlreadyLinked,Bu {platform} hesabı zaten başka bir Roblox hesabına bağlı. Lütfen bağlı Roblox hesabıyla giriş yap.
Authentication.Login.Response.RelinkingFreeze,Bu Roblox hesabı son 90 gün içinde {platform} için hesap bir hesaba bağlandı. Lütfen farklı bir Roblox hesabıyla giriş yapmayı dene.
Authentication.Login.Response.Require2FA,"2 Aşamalı Doğrulama, konsolda desteklenmiyor. Güvenli bir şekilde oturum açmak için lütfen sağdaki talimatları izle."
Authentication.Login.Response.Require2FAGeneric,"Gerekli ek doğrulama, bu cihazda desteklenmiyor. Güvenli bir şekilde oturum açmak için lütfen sağdaki talimatları izle."
Authentication.Login.Response.ServiceUnavailable,Hizmet kullanılamıyor. Lütfen daha sonra tekrar dene.
Authentication.Login.Response.SomethingWentWrong,Bir şeyler yanlış gitti. Lütfen daha sonra tekrar dene.
Authentication.Login.Response.UnknownErrorLoginWithDifferentMethod,Bir şeyler yanlış gitti. Lütfen başka bir yöntemle giriş yapmayı dene.
Authentication.Login.Response.UnverifiedEmailLoginWithUsername,E-postan doğrulanmadı. Lütfen kullanıcı adınla giriş yap.
Authentication.Login.WeChat.AntiAddictionText,"Kötü deneyimleri boykot et ve korsan deneyimlerden kaçın. Kandırılma ve kendini savunma konusunda bilinçli ol. Deneyim ziyaretleri, zihnin için faydalıdır ancak çok fazla deneyim ziyareti, sağlığına zarar verebilir. Zamanını iyi kullan ve sağlıklı bir yaşam tarzı benimsemeye özen göster."
Authentication.SignUp.Button.RetryLogIn,Giriş yapmayı tekrar dene
Authentication.SignUp.Description.AccountAlreadyLinked,{platformAccountName} için hesap zaten bir Roblox hesabına bağlı. Lütfen tekrar giriş yapmayı dene.
Authentication.SignUp.Description.VerificationLinkingText.VariableButtonName,"Roblox hesabın, {platform} için hesap bağlanacak. Bu bağlantıyı Ayarlar ekranından istediğin zaman kopartabilirsin. {platform} için hesap başka bir hesaba bağlanmadan önce bir bekleme süresi olabilir. {ctaButton} düğmesine tıklayarak tahkim maddesi de dâhil olmak üzere Kullanım Koşulları'nı kabul etmiş ve Gizlilik Politikası'nı onaylamış olursun."
Authentication.SignUp.Heading.CountryCodeSelector,Ülke seç
Authentication.SignUp.Heading.RetryLogIn,
Authentication.SignUp.Response.ErrorTryAgain,
Authentication.TwoStepVerification.Action.GoToSecurity,
Authentication.TwoStepVerification.Label.TwoStepRequired,Daha fazla işlem yapabilmek için 2 Aşamalı Doğrulama gerekiyor. 2 Aşamalı Doğrulamayı tamamlamak için Ayarlar > Güvenlik menüsüne git.
Authentication.TwoStepVerification.Response.TooManyAttempts,Çok fazla girişimde bulunuldu. Lütfen daha sonra tekrar dene.
Authentication.TwoStepVerification.Title.VerificationRequired,Doğrulama Gerekli
AvatarGeneration.SelfieConsent.AgreeButton,Kabul Et
AvatarGeneration.SelfieConsent.BodyTextLink,"Bir görsel yükleyerek, onu kullanma hakkına sahip olduğunu onaylamış ve Roblox'un bu görselin Gen AI tarafından dönüştürülmüş hâlini avatar yaratımı amacıyla toplamasına, kullanmasına ve yaratıcılarla paylaşmasına onay vermiş olursun."
AvatarGeneration.SelfieConsent.CancelButton,
AvatarGeneration.SelfieConsent.PrivacyLinkText,
AvatarGeneration.SelfieConsent.QRBody,{fontStart}QR kodunu taramak ve selfie çekmek için telefonunu kullan.{fontEnd}
AvatarGeneration.SelfieConsent.QRErrorBody,{fontStart}Yeni bir QR kodu almak için oyundan veya deneyimden tekrar başla.{fontEnd}
AvatarGeneration.SelfieConsent.QRErrorTitle,{fontStart}Oturumun süresi doldu{fontEnd}
AvatarGeneration.SelfieConsent.QRTitle,Başlamak için {fontStart}QR kodunu tara{fontEnd}
AvatarGeneration.SelfieConsent.Title,Avatarımı oluşturmak için resmi kullan.
Common.GameSorts.Label.Favorites,Favoriler
Common.Presence.Label.InExperience,Deneyim İçi
Common.Presence.Label.Invisible,Görünmez
Common.Presence.Label.Offline,Çevrimdışı
Common.Presence.Label.Online,Çevrimiçi
Common.Presence.Label.RobloxStudio,Roblox Studio
Common.UGCValidation.ErrorLabel.AQSFail_AnimationTooLong,Animasyon çok uzun ({duration} saniye). İfade animasyonları en fazla {maxLength} saniye uzunluğunda olmalıdır.
Common.UGCValidation.ErrorLabel.AQSFail_AnimationTooShort,Animasyon çok kısa ({duration} saniye). İfade animasyonları {minLength} saniyeden uzun olmalıdır.
Common.UGCValidation.ErrorLabel.AQSFail_MeshIslandML,Vücudun küçük bağlantısız mesh bileşenleri (mesh adaları) içeriyor. Lütfen serbest geometriyi kaldır ve tüm mesh parçalarının düzgün şekilde bağlanmasını sağla.
Common.UGCValidation.ErrorLabel.AQSFail_TooManyDisconnectedComponents,"Varlık kalitesi: {partName}, {num_disconnected_components} bağlantısız bileşene sahip ve bu sayı {max_disconnected_components} olan üst sınırı aşıyor."
Common.UGCValidation.ErrorLabel.AQSInputDataError,Girdi verileri yanlış veya eksik olduğu için kalite puanı düzgün şekilde hesaplanamıyor. Lütfen modelini kontrol et veya bir hata raporu gönder
Common.UGCValidation.ErrorLabel.AQSInternalError,Varlık Kalite Hatası nedeniyle puan oluşturulamıyor. Lütfen girdi verilerinin doğruluğunu kontrol edip tekrar dene veya bir hata raporu gönder.
Common.UGCValidation.ErrorLabel.AQSWarn_CageMeshDistance,Varlık kalitesi uyarısı: Kafes-mesh mesafesi skoru {score}. Dış kafes ile mesh arasındaki maksimum mesafe {max_distance}. Dış kafes köşelerinin yüzde {negative_sdf_percent} kadarı görsele dönüştürme mesh'inin içinde.
Common.UGCValidation.ErrorLabel.AQSWarn_CageMeshDistanceAvatar,Varlık kalitesi uyarısı: Vücut kafesi mesafe skoru {score}. Vücut kafesi ile mesh arasındaki maksimum mesafe {max_distance}. Vücut kafesi köşelerinin yüzde {negative_sdf_percent} kadarı vücut mesh'inin içinde.
Common.UGCValidation.ErrorLabel.AQSWarn_CageMeshDistanceHead,Varlık kalitesi uyarısı: Kafa kafesi mesafe skoru {score}. Kafa kafesi ile mesh arasındaki maksimum mesafe {max_distance}. Kafa kafesi köşelerinin yüzde {negative_sdf_percent} kadarı kafa mesh'inin içinde.
Common.UGCValidation.ErrorLabel.AQSWarn_CageRelevancy,Varlık kalitesi uyarısı: Kafes alaka skoru {score}. Değiştirilen dış kafes köşelerinin yüzde {irrelevant_percent} kadarı aksesuarı kapsamıyor.
Common.UGCValidation.ErrorLabel.AQSWarn_CageUV,Varlık kalitesi uyarısı: {cage_name} için kafes UV skoru {score}. Yanlış UV sayısı: {incorrect_uv_count}.
Common.UGCValidation.ErrorLabel.AQSWarn_DegenTriangles,Varlık kalitesi: {partName} için bozuk üçgen oranı yüzde {degenerate_triangle_percent} (skor: {score}).
Common.UGCValidation.ErrorLabel.AQSWarn_DynamicHead,Varlık kalitesi uyarısı: Dinamik kafa ifadesi skoru {score}.
Common.UGCValidation.ErrorLabel.AQSWarn_JointNumber,"Varlık kalitesi: Eklem yapılandırması skoru {score} (eklemler: {joint_number}, sol el: {left_hand_joint_number}, sağ el: {right_hand_joint_number})."
Common.UGCValidation.ErrorLabel.AQSWarn_MeshIslandVolume,"Varlık kalitesi: {partName}, {num_disconnected_components} bileşen içinde {num_small_volume_islands} küçük bağlantısız adaya sahip (puan: {score})."
Common.UGCValidation.ErrorLabel.AQSWarn_MeshManifold,"Varlık kalitesi: {partName}, çok katlı mesh sorunlarına sahip (puan: {score})."
Common.UGCValidation.ErrorLabel.AQSWarn_MeshNotWatertight,"Varlık kalitesi: {partName} adlı mesh, su geçirmez değil (yüzde {boundary_edges_percent} kenar sınırları)."
Common.UGCValidation.ErrorLabel.AQSWarn_MeshOutsideOuterCage,Varlık kalitesi uyarısı: Mesh kapsama skoru {score}. Mesh köşelerinin yüzde {mesh_outside_outer_cage_percent} kadarı dış kafesin dışında.
Common.UGCValidation.ErrorLabel.AQSWarn_MissingData,"Giriş verileri eksik veya geçersiz olduğundan {measureName} için varlık kalitesi skoru hesaplanamadı. Bu, yükleme işlemini engellemez."
Common.UGCValidation.ErrorLabel.AQSWarn_TextureComplexity,Varlık kalitesi: {textureName} dokusu düşük karmaşıklığa sahip (skor: {score}).
Common.UGCValidation.ErrorLabel.AQSWarn_TextureResolution,Varlık kalitesi: {textureName} dokusunun çözünürlüğü {texture_width}x{texture_height} (skor: {score}).
Common.UGCValidation.ErrorLabel.AQSWarn_TriangleIntersection,Varlık kalitesi: {partName} için kesişen üçgen yüzü oranı yüzde {intersecting_tri_face_percent} (skor: {score}).
Common.UGCValidation.ErrorLabel.AQSWarn_UVBound,Varlık kalitesi: {partName} için sınır değerleri dışındaki UV köşesi oranı yüzde {uv_outside_bound_vert_percent} (skor: {score}).
Common.UGCValidation.ErrorLabel.AQSWarn_VertexSimilarity,Varlık kalitesi: {partName} için benzer köşe oranı yüzde {similar_vertex_percent} (skor: {score}).
Common.UGCValidation.ErrorLabel.AccessoryAttachmentOutOfBounds,"""{PartName}"" içindeki ""{AttachmentName}"" aksesuar eklentisi, mesh yüzeyine yakın yerleştirilmelidir. Mevcut konum [{CurrentPosition}], geçerli bölgenin dışında. [{ClosestValidPosition}] konumuna yaklaştır."
Common.UGCValidation.ErrorLabel.AccessorySkinning_ExtraJoint,"Tutamak, izin verilen şemada olmayan {jointName} eklemine giydirildi. Yalnızca standart R15 eklemlerine ve soyma aktarımı eklemlerine izin verilir."
Common.UGCValidation.ErrorLabel.AccessorySkinning_MissingTransferJoint,"{assetType}, soyma aktarımı kullanmalıdır fakat gerekli olan {requiredJointName} eklemi eksik."
Common.UGCValidation.ErrorLabel.AccessorySkinning_NotLeaderOrFollower,İşleyici {jointName} eklemine giydirildi ancak bu varlığın otomatik olarak giydirilmesi gerekir. Yalnızca {validJointNameList} eklemine giydirebilirsin.
Common.UGCValidation.ErrorLabel.AccessorySkinning_RequiredSkinningTransfer,"{assetType}, soyma aktarımı kullanmalıdır. Lütfen WrapLayer.AutoSkin değerini EnabledOverride (Geçersiz Kılma Etkinleştirilmiş) olarak ayarla."
Common.UGCValidation.ErrorLabel.AccessorySkinning_RigidIsSkinned,Rijit aksesuardaki soyma verileri desteklenmiyor. Kemiklerin ağ ile birlikte içe aktarılmamasına dikkat et.
Common.UGCValidation.ErrorLabel.AccessorySkinning_TransferJointWithoutAutoSkin,"İşleyici, yalnızca WrapLayer.AutoSkin değeri EnabledOverride olarak ayarlandığında izin verilen {jointName} eklemini içeriyor."
Common.UGCValidation.ErrorLabel.AccessorySkinning_WeightNotFull,Aktarım eklemlerine giydirilen köşeler tamamen ağırlıklandırılmış olmalıdır.
Common.UGCValidation.ErrorLabel.AnimationPack_DuplicateAnimationId,"Animasyon paketi seti, birden fazla klip tarafından kullanılan ve yinelenen ""{animationId}"" animasyon kimliğini içeriyor: {instancePaths}. Her animasyon klibi benzersiz bir animasyon varlığına dayanmalıdır."
Common.UGCValidation.ErrorLabel.AnimationPack_InvalidR15AnimChildren,"Animasyon paketi setinde beklenen animasyon tipleri ({missingAnimationTypes}) eksik. Her animasyon tipinde, tam olarak beklenen StringValue alt öğelerini içeren bir R15Anim Klasörü olmalıdır."
Common.UGCValidation.ErrorLabel.Animation_WeightNotPositive,"""{animationName}"" animasyonunun Ağırlık değeri {weight}, ancak Ağırlık 0'dan büyük olmalıdır. Lütfen animasyonu düzelt."
Common.UGCValidation.ErrorLabel.AssetSchemaMissingItem,{ParentPath} içinde adı {ExpectedName} olan gerekli {ExpectedClass} bulunamadı
Common.UGCValidation.ErrorLabel.AssetSchemaUnexpectedItems,Aşağıdaki durumlar onaylanmış şemanın bir parçası değildir ve kaldırılmalıdır: {UnexpectedDescendantPaths}.
Common.UGCValidation.ErrorLabel.AssetSchemaWrongRootClass,Yüklenen varlık bir {ExpectedClass} olmalıdır ancak yüklemeye çalıştığın varlığın türü {RootClass}.
Common.UGCValidation.ErrorLabel.AssetSchemaWrongRootName,Yüklenen varlığın adı {ExpectedClass} olmalıdır ancak yüklemeye çalıştığın varlığın adı {RootClass}.
Common.UGCValidation.ErrorLabel.ContentNotEditable,{InstanceFullName}.{FieldName} hâlâ kaydedilmemiş düzenlenebilir içerik barındırıyor. Yayınlamadan önce varlık olarak kaydedip tekrar dene.
Common.UGCValidation.ErrorLabel.CurveAnim_BodyPartHasPosition,"CurveAnimation'daki ""{bodyPartName}"" vücut parçası bir Pozisyon (çeviri) izine sahip. Animasyon vücut parçaları yalnızca döndürülebilir; pozisyon izlerine izin verilmez. Lütfen bu vücut parçasından Pozisyon izini kaldır."
Common.UGCValidation.ErrorLabel.CurveAnim_BodyPartTranslationExceedsThreshold,"CurveAnimation'daki ""{bodyPartName}"" vücut parçası, başlangıç konumundan {distance} birim kare hareket ediyor. En fazla {maxDistance} birim karelik öteleme hareketine izin verilir. Lütfen vücut parçasının pozisyonel hareketini azalt."
Common.UGCValidation.ErrorLabel.CurveAnim_BodyPartWithBoneHasPosition,"CurveAnimation, HRD/DRD kemikleri içeriyor ve ""{bodyPartName}"" vücut parçası bir Pozisyon (çeviri) izine sahip. Animasyonda herhangi bir kemik olduğunda, eklem ayrılmasını önlemek için hiçbir vücut parçası çevrilemez. Lütfen tüm Pozisyon izlerini vücut parçalarından kaldır."
Common.UGCValidation.ErrorLabel.CurveAnim_BonePositionNotAllowed,CurveAnimation'daki {boneName} kemiği bir Pozisyon (çeviri) izine sahip. HRD/DRD kemikleri yalnızca döndürülebilir; pozisyon izleri eklem ayrılmasına neden olur ve bunlara izin verilmez. Lütfen bu kemikten konum animasyonunu kaldır.
Common.UGCValidation.ErrorLabel.CurveAnim_BoneTranslationExceedsThreshold,"CurveAnimation'daki ""{boneName}"" kemiği, başlangıç konumundan {distance} birim kare hareket ediyor. En fazla {maxDistance} birim karelik öteleme hareketine izin verilir. Lütfen kemiğin pozisyonel hareketini azalt."
Common.UGCValidation.ErrorLabel.CurveAnim_BonesNotAllowed,CurveAnimation henüz desteklenmeyen HRD/DRD kemik klasörleri içeriyor. Lütfen yüklemeden önce tüm kemik alt klasörlerini kaldır.
Common.UGCValidation.ErrorLabel.CurveAnim_BoundsExceeded,"CurveAnimation'daki vücut parçaları, HumanoidRootPart'tan en fazla {minHeight} birim kare aşağıda veya en fazla {maxDistance} birim kare uzakta olmalıdır. Lütfen animasyonu düzelt."
Common.UGCValidation.ErrorLabel.CurveAnim_ChildrenOnMarkerOrRig,CurveAnimation alt öğeleri MarkerCurves ve AnimationRigData'nın alt öğeleri olamaz
Common.UGCValidation.ErrorLabel.CurveAnim_ContainsScripts,"CurveAnimation hiyerarşisi; Scripts, LocalScripts veya ModuleScripts içeriyor. Lütfen bunları kaldır."
Common.UGCValidation.ErrorLabel.CurveAnim_FetchFailed,CurveAnimation verileri yüklenemedi. Animasyon varlığı geçersiz veya erişilemez olabilir.
Common.UGCValidation.ErrorLabel.CurveAnim_InvalidBodyPartHierarchy,"CurveAnimation, geçersiz bir hiyerarşiye sahip olan {folderName} vücut parçası klasörünü içeriyor (izin verilmeyen veya yanlış ayarlanmış alt öğeleri var)"
Common.UGCValidation.ErrorLabel.CurveAnim_InvalidBoneName,"CurveAnimation'daki ""{boneName}"" klasörü tanınan bir HRD/DRD kemik adı değil. Animasyon alt klasörleri ya geçerli R15 vücut parçaları ya da tanınan kemik adları olmalıdır (ör. HeadBase, Spine, Chest, LeftClavicle, RightClavicle, LeftToeBase, RightToeBase ya da LeftHandIndex1 gibi parmak kemikleri)."
Common.UGCValidation.ErrorLabel.CurveAnim_InvalidCurveData,"CurveAnimation, geçersiz Zaman veya Değere sahip Eğriler içeriyor. Lütfen animasyonu düzelt."
Common.UGCValidation.ErrorLabel.CurveAnim_InvalidInstanceTypes,CurveAnimation hiyerarşisi yalnızca {allowedTypes} içerebilir. Lütfen diğer tüm Durum tiplerini kaldır.
Common.UGCValidation.ErrorLabel.CurveAnim_InvalidLength,"CurveAnimation'ın uzunluğu, {minLength} ila {maxLength} saniye olmalıdır. Lütfen animasyonu düzelt."
Common.UGCValidation.ErrorLabel.CurveAnim_InvalidMarkerData,"CurveAnimation, geçersiz Zaman veya Değere sahip MarkerCurve'ler içeriyor ya da Değer çok uzun. Lütfen animasyonu düzelt."
Common.UGCValidation.ErrorLabel.CurveAnim_InvalidNumericalData,"CurveAnimation, geçersiz sayısal verilere sahip Eğriler içeriyor. Lütfen animasyonu düzelt."
Common.UGCValidation.ErrorLabel.CurveAnim_InvalidRigData,AnimationRigData dâhilî doğrulamada başarısız oldu. Lütfen AnimationRigData'nın doğru şekilde ayarlanıp ayarlanmadığını kontrol et.
Common.UGCValidation.ErrorLabel.CurveAnim_InvalidRigDataR15Plus,AnimationRigData R15+ dâhilî doğrulamada başarısız oldu. Kemik animasyonları için lütfen AnimationRigData'nın doğru şekilde ayarlanıp ayarlanmadığını kontrol et.
Common.UGCValidation.ErrorLabel.CurveAnim_InvalidTags,CurveAnimation yalnızca tek bir zaman damgası etiketi içerebilir. Lütfen diğer tüm etiketleri kaldır.
Common.UGCValidation.ErrorLabel.CurveAnim_JointRotationExceeded,"CurveAnimation'da zaman olarak {time}. saniyede, {bodyPart} eklemi dinlenme pozisyonundan {rotation} derecelik bir dönüş açısına sahip. En fazla {maxRotation} dereceye izin verilir. Lütfen animasyonu düzelt."
Common.UGCValidation.ErrorLabel.CurveAnim_KeysTooClose,"CurveAnimation, maksimum {maxFPS} fps'lik animasyon için zaman açısından birbirine çok yakın anahtarlara sahip {curvePath} Eğrisini içeriyor. Lütfen animasyonu düzelt."
Common.UGCValidation.ErrorLabel.CurveAnim_LoopingNotEnabled,CurveAnimation '{animationName}' için Döngü etkinleştirilmemiş. Pazar yerine yüklenen animasyonlar döngüsel olmalıdır. Lütfen Döngü özelliğini etkinleştir.
Common.UGCValidation.ErrorLabel.CurveAnim_MultipleBodyRoots,CurveAnimation birden fazla vücut parçası veya HumanoidRootPart alt öğesi içeriyor. Lütfen bir vücut parçası veya HumanoidRootPart adı içeren yalnızca bir alt öğe olmasına dikkat et.
Common.UGCValidation.ErrorLabel.CurveAnim_MultipleRigData,CurveAnimation birden fazla AnimationRigData alt öğesi içeriyor. Lütfen yalnızca bir AnimationRigData alt öğesi bulunmasına dikkat et.
Common.UGCValidation.ErrorLabel.CurveAnim_NegativeKeyTime,"CurveAnimation, negatif zamana sahip bir anahtar içeren {curvePath} Eğrisini içeriyor. Lütfen animasyonu düzelt."
Common.UGCValidation.ErrorLabel.CurveAnim_NoBodyRoot,"CurveAnimation, sıfır adet vücut parçası veya HumanoidRootPart alt öğesi içeriyor. Lütfen bir vücut parçası veya HumanoidRootPart adında bir (ve yalnızca tek) alt öğe olmasına dikkat et."
Common.UGCValidation.ErrorLabel.CurveAnim_NoJointManipulation,CurveAnimation herhangi bir eklem manipülasyonu içermiyor.
Common.UGCValidation.ErrorLabel.CurveAnim_NoRigData,CurveAnimation sıfır adet AnimationRigData alt öğesi içeriyor. Lütfen bir (yalnızca bir) AnimationRigData alt öğesi bulunmasına dikkat et.
Common.UGCValidation.ErrorLabel.CurveAnim_NotCurveAnimation,Başvurulan animasyon bir CurveAnimation değil. Lütfen animasyonun doğru şekilde yüklenip yüklenmediğini kontrol et.
Common.UGCValidation.ErrorLabel.CurveAnim_PartTooFar,"CurveAnimation'da zaman olarak {time}. saniyede, {bodyPart} vücut parçası HumanoidRootPart'tan {distance} birim kare uzakta bulunuyor. Vücut parçaları HumanoidRootPart'tan en fazla {maxDistance} birim kare uzakta olabilir. Lütfen animasyonu düzelt."
Common.UGCValidation.ErrorLabel.CurveAnim_PartTooLow,"CurveAnimation'da zaman olarak {time}. saniyede, {bodyPart} vücut parçası HumanoidRootPart'tan {height} birim kare farklı bir yükseklikte bulunuyor. Vücut parçalarının yüksekliği HumanoidRootPart'tan en fazla {minHeight} birim kare daha aşağıda olabilir. Lütfen animasyonu düzelt."
Common.UGCValidation.ErrorLabel.CurveAnim_PositionSeparation,"CurveAnimation, vücut parçalarının pozisyonel olarak ayrılmasını içeriyor. Yalnızca LowerTorso pozisyonunu değiştirebilir. Diğer tüm vücut parçaları yalnızca yönlerini değiştirebilir. {bodyPart}, üst öğesinden {maxMovement} birim kareden fazla uzaklaşıyor. Lütfen animasyonu düzelt."
Common.UGCValidation.ErrorLabel.CurveAnim_RotationTooFast,"CurveAnimation'da {time}. saniyede, {bodyPart} vücut parçası saniyede {speed} derece dönüş hızıyla hareket ediyor. Saniyede en fazla {maxSpeed} derece dönüş hızıyla hareket edilebilir. Lütfen animasyonu düzelt."
Common.UGCValidation.ErrorLabel.CurveAnim_SpeedTooFast,"CurveAnimation'da zaman olarak {time}. saniyede, {bodyPart} vücut parçası saniyede {speed} birim kare hızla hareket ediyor. Saniyede maksimum hız {maxSpeed} birim karedir. Lütfen animasyonu düzelt."
Common.UGCValidation.ErrorLabel.CurveAnim_SpeedTooFastLegacy,"CurveAnimation'daki {bodyPart} vücut parçası, kareler arasında {maxMovement} birim kareden fazla hareket ediyor. Lütfen animasyonu düzelt."
Common.UGCValidation.ErrorLabel.CurveAnim_TooManyDescendants,CurveAnimation'ın {count} alt öğesi var. En fazla {maxAllowed} alt öğeye izin verilir. Lütfen alt öğe sayısını azalt.
Common.UGCValidation.ErrorLabel.CurveAnim_TooManyKeys,"CurveAnimation, çok fazla anahtarı bulunan Eğriler içeriyor. Eğri başına maksimum {maxAllowed} anahtar olabilir. Lütfen animasyonu düzelt."
Common.UGCValidation.ErrorLabel.CurveAnim_TooManyMarkerCurves,"CurveAnimation, {maxAllowed} taneden fazla MarkerCurve içeriyor. Lütfen en fazla {maxAllowed} MarkerCurve alt öğesi bulunmasına dikkat et."
Common.UGCValidation.ErrorLabel.CurveAnim_TooManyMarkers,"CurveAnimation, {count} İşaretçili bir MarkerCurve içeriyor. MarkerCurve başına maksimum {maxAllowed} işaretçi olabilir. Lütfen animasyonu düzelt."
Common.UGCValidation.ErrorLabel.CurveAnim_UnexpectedChild,CurveAnimation beklenmedik bir alt öğe içeriyor: {childName}
Common.UGCValidation.ErrorLabel.DynamicHeadCageMisaligned,"Pazar yerindeki Dinamik Kafalar, kafes üzerindeki gözler ve ağız köşeleri mesh köşeleriyle hizalanacak şekilde düzgünce kafeslenmelidir. Lütfen kafeslemeni ve mesh ile hizalamasını iyileştir."
Common.UGCValidation.ErrorLabel.DynamicHeadHappyNotShown,Dinamik Kafa için gülümseme ifadesi algılanamıyor. Kafada ağzın bulunduğu yerle eşleşmesi için lütfen ağzın kafes işaretlerini ayarla ve gülümseme ifadesini gösterebildiğinden emin ol.
Common.UGCValidation.ErrorLabel.DynamicHeadLeftEyeNotClose,Dinamik Kafa için sol göz kapalı ifadesi algılanamıyor. Kafada sol gözün bulunduğu yerle eşleşmesi için lütfen sol gözün kafes işaretlerini ayarla ve gözün kapatılabildiğinden emin ol.
Common.UGCValidation.ErrorLabel.DynamicHeadMISSINGCAGE,Pazar yerindeki Dinamik Kafalarda Kafa Kafesi bulunmuyor. Lütfen Dinamik Kafa için Kafa Kafesi oluştur.
Common.UGCValidation.ErrorLabel.DynamicHeadMouthNotOpen,Dinamik Kafa için ağız açık ifadesi algılanamıyor. Kafada ağzın bulunduğu yerle eşleşmesi için lütfen ağzın kafes işaretlerini ayarla ve ağzın açılabildiğinden emin ol.
Common.UGCValidation.ErrorLabel.DynamicHeadNOFACS,Pazar yerindeki Dinamik Kafalar animasyonlu olmalıdır ancak bu kafanın Yüz Hareketi Kodlama Sistemi (FACS) verileri yok.
Common.UGCValidation.ErrorLabel.DynamicHeadRightEyeNotClose,Dinamik Kafa için sağ göz kapalı ifadesi algılanamıyor. Kafada sağ gözün bulunduğu yerle eşleşmesi için lütfen sağ gözün kafes işaretlerini ayarla ve gözün kapatılabildiğinden emin ol.
Common.UGCValidation.ErrorLabel.DynamicHeadSadNotShown,Dinamik Kafa için kaş çatma ifadesi algılanamıyor. Kafada ağzın bulunduğu yerle eşleşmesi için lütfen ağzın kafes işaretlerini ayarla ve kaş çatma ifadesini gösterebildiğinden emin ol.
Common.UGCValidation.ErrorLabel.EmissiveMap_NotAllowed,"Bu varlık, yalnızca Güvenilir Yaratıcı Programı'ndaki yaratıcılar tarafından kullanılabilen yayıcı haritalar kullanıyor. Yüklemeden önce lütfen tüm yayıcı harita içeriklerini kaldır veya programa katıl."
Common.UGCValidation.ErrorLabel.EmoteAnimation_InvalidMaxPartTranslationAttribute,Yayınlanan animasyonda geçerli bir maksimum parça öteleme değeri eksik. Lütfen animasyonu yeniden yayınla.
Common.UGCValidation.ErrorLabel.EmoteAnimation_InvalidUGCAttribute,Yayınlanan animasyonda geçerli bir kullanıcı tarafından oluşturulmuş içerik (KTOİ) ifade işaretleyicisi eksik. Lütfen animasyonu yeniden yayınla.
Common.UGCValidation.ErrorLabel.EmoteAnimation_MaxPartTranslationCalcFailed,Yayınlanan animasyon verilerinden maksimum parça ötelemesi hesaplanamadı. Lütfen animasyonu yeniden yayınla.
Common.UGCValidation.ErrorLabel.EmoteAnimation_MaxPartTranslationMismatch,"Yayınlanan animasyon, maksimum {taggedTranslation} birim karelik parça ötelemesi belirtiyor, ancak animasyon verileri {calculatedTranslation} birim kare olarak hesaplanıyor. Lütfen animasyonu yeniden yayınla."
Common.UGCValidation.ErrorLabel.FaceControlsOverrideFACSNotEmpty,FaceControls'taki InternalOverrideFACSData özelliği yükleme sırasında boş olmalıdır.
Common.UGCValidation.ErrorLabel.FacsExpandsHead,"Yüz Hareketi Kodlama Sistemi'nin (FAC) başını {modPercent}% oranında büyüttüğü tespit edildi oysa başı değiştirmek, yüz animasyonları için pazar yeri politikasına aykırıdır."
Common.UGCValidation.ErrorLabel.FacsShrinksHead,"Yüz Hareketi Kodlama Sistemi'nin (FAC) başını {modPercent}% oranında küçülttüğü tespit edildi oysa başı değiştirmek, yüz animasyonları için pazar yeri politikasına aykırıdır."
Common.UGCValidation.ErrorLabel.FailureWithoutReason,Doğrulama bilinmeyen bir nedenle başarısız oldu. Lütfen tekrar dene veya sorun devam ederse bir hata raporu gönder.
Common.UGCValidation.ErrorLabel.FolderStructureMismatch,Yükleme formatı beklenen klasör yapısıyla eşleşmiyor. Lütfen tekrar dene veya bir hata raporu gönder.
Common.UGCValidation.ErrorLabel.HeadNotDynamic,"Pazar yerindeki Dinamik Kafalar, temel yüz hareketlerini düzgün bir şekilde canlandırmak için ayarlanmalıdır ancak tespit sistemimiz belirgin bir değişiklik fark etmedi."
Common.UGCValidation.ErrorLabel.HrdBone_OutOfBounds,{bonePath} kemiği {partName} mesh parçanın çok dışında kalıyor; kemiği lütfen mesh parça boyut sınırına yaklaştır.
Common.UGCValidation.ErrorLabel.HrdBone_TooCloseToParent,"{bonePath} kemiği, üst öğesine çok yakın. Kemiğin pozisyonunu hafifçe ayarla."
Common.UGCValidation.ErrorLabel.HrdBone_TransformNotIdentity,{bonePath} kemiği dönüşüm özelliği taşıyor olmakla birlikte pazar yerine yüklenenlerde bu özellik henüz etkinleştirilmemiş. Kemiği lütfen kimlik CFrame değerine sıfırla.
Common.UGCValidation.ErrorLabel.HrdCheck_BoneNotMappedInHRD,Kemik {boneName} kullanılabilir ancak HumanoidRigDescription veya DigitsRigDescription içinde açıkça eşlenmesi gerekiyor.
Common.UGCValidation.ErrorLabel.HrdCheck_BoneWithoutHrd,{bonePath} konumunda Kemik bulundu ancak Kemik kullanabilmek için HumanoidRigDescription kullanman gerekiyor.
Common.UGCValidation.ErrorLabel.HrdCheck_DrdInvalidSide,"{partName} içindeki DigitsRigDescription, {expectedSide} tarafı için olmalıdır ancak özellik değeri şudur: {foundSide}."
Common.UGCValidation.ErrorLabel.HrdCheck_DrdWithoutHrd,HumanoidRigDescription olmadan DigitsRigDescription kullanamazsın
Common.UGCValidation.ErrorLabel.HrdCheck_DuplicateInstance,{instName} örneği bir kereden fazla görünüyor ancak bir kemik hiyerarşisi içinde yalnızca bir kez bulunabilir.
Common.UGCValidation.ErrorLabel.HrdCheck_ImproperParent,"Durum {instName}, {parentName} öğesinin altında oysa sende mevcut kemiklere göre {expectedParentName} altında yer almalı."
Common.UGCValidation.ErrorLabel.HrdCheck_TempR15BonesUploadNotAllowed,HumanoidRigDescription ve ilave kemikler henüz vücuda yüklenmek üzere etkinleştirilmedi.
Common.UGCValidation.ErrorLabel.HrdCheck_UndefinedInstanceInBoneTree,"{className} sınıfı {instName} durumu, bir kemik ağacında yer alıyor ancak tanımlanmış R15plus şemasının bir parçası değil."
Common.UGCValidation.ErrorLabel.HrdImproperJointMapping,İsteğe bağlı {jointName} eklemi HRD'de yanlış eşleştirilmiş. {boneName} adlı kemiğe eşleştirilmesi gerekir.
Common.UGCValidation.ErrorLabel.HrdMissingStandardJoint,"{jointName}, standart bir R15 eklemidir ancak düzenek eklentisi HRD'ye bağlı değildir. Avatarına bağlı HRD'nin Motor6d yerine bir AttachmentConstraint ile bağlantı sağlamasına dikkat et."
Common.UGCValidation.ErrorLabel.HrdProperties_MinAboveMax,{jointName} için HRD'de bir aralık belirlenmiş ancak minimum aralıktaki bir bileşen maksimum aralıktan daha büyük olduğu için bu geçerli bir aralık değil.
Common.UGCValidation.ErrorLabel.HrdProperties_OriginOutsideBounds,HumanoidRigDescription altındaki originOffset sınırların dışında. OriginOffset döndürülmüş olmamalı ve {valueMin} ile {valueMax} arasında olmalıdır.
Common.UGCValidation.ErrorLabel.HrdProperties_PropertyOutOfRange,"{jointName} {propertyName}, HRD/DRD'de {currentValue} olarak ayarlı. Kabul edilebilir aralık {valueMin} ile {valueMax} arasıdır."
Common.UGCValidation.ErrorLabel.HrdProperties_UncontainedJoint,"HRD özelliği {jointName}, {foundMeshName} içindeki durumun referansıdır ancak bu, içerdiği listeye dâhil değildir. Studio'dan yayın yapıyorsan ve elinde yalnızca avatar seviyesinde HRD/DRD varsa lütfen hata raporu gönder."
Common.UGCValidation.ErrorLabel.HrdTposePosition,"{jointName} ekleminin TposeAdjustment pozisyonu, kabul edilebilir sınırların dışında. Lütfen sapmayı +-({offsetLimit}) aralığına gelecek şekilde azalt."
Common.UGCValidation.ErrorLabel.HrdTposeRotation,"{jointName} ekleminin TposeAdjustment değeri, önerilen {expectedOrientation} yöneliminden {degLimit} dereceden fazla sapıyor."
Common.UGCValidation.ErrorLabel.InstanceTagsFound,Aşağıdaki örneklerin etiketleri vardır ancak pazar yeri varlıklarının etiketi olamaz: {ProblematicDescendantPaths}
Common.UGCValidation.ErrorLabel.InternalError,Dâhilî bir hata nedeniyle varlığın düzgün bir şekilde doğrulanamadı. Bu sorun devam ederse lütfen bir hata raporu oluştur. ValidationJobId: {ValidationJobId}
Common.UGCValidation.ErrorLabel.JointRotAtt_Moved,"{instPath}, taşınmış bir jointRotation olmakla birlikte pazar yerine yüklenenler henüz bu durum için ayarlanmış olmayabilir. Lütfen konumu {expectedPosition} olarak sıfırla."
Common.UGCValidation.ErrorLabel.JointRotAtt_MultipleAttachments,{parentPath} durumunda en fazla 1 tane JointRotation alt öğesi olabilir.
Common.UGCValidation.ErrorLabel.JointRotAtt_Rotated,"{instPath}, döndürülmüş bir jointRotation olmakla birlikte pazar yerine yüklenenenler henüz bu durum için ayarlanmış olmayabilir. Lütfen yönü {expectedOrientation} olarak sıfırla."
Common.UGCValidation.ErrorLabel.JointRotAtt_UnrecognizedParent,"{parentPath} durumunun bir JointRotation alt öğesi var ancak bu, izin verilen R15plus şemasının bir parçası değil."
Common.UGCValidation.ErrorLabel.JointRotAtt_WrongInstanceClass,"{instPath} durumu JointRotation olarak adlandırılmış ancak JointRotation, bir eklentinin alt öğesi olan eklentiler için ayrılmıştır."
Common.UGCValidation.ErrorLabel.LCDeformTooLarge,"Üst Üste Giyilen Kıyafetleriniz, bir avatara yerleştirildiğinde kabul edilebilir {maxSize} boyutunun ötesinde deforme oluyor."
Common.UGCValidation.ErrorLabel.LeaderVertsNearCageIslands,"Kirpikte, RBX_Leader'a bağlanmış köşeler iç kafesteki göz işaretlerinden çok uzakta. RBX_Leader'a giydirilmiş tüm köşelerin iç kafesin göz bölgesine daha yakın konumlandırılmasına dikkat et."
Common.UGCValidation.ErrorLabel.MeasureCageMeshDistanceAvatar_CageInsideMesh,"Vücut kafesi, vücut mesh'iyle kesişiyor. Vücut kafesi köşelerinin yüzde {negtiveSDFPercent} kadarı vücut mesh'inin içinde yer alıyor."
Common.UGCValidation.ErrorLabel.MeasureCageMeshDistanceAvatar_CageTooFar,"Kafa kafesi, gövde mesh'ine çok uzak. Gövde kafesi ile mesh arasındaki maksimum mesafe {max_sdf} olup izin verilen {max_sdf_threshold} eşiğinin üzerinde."
Common.UGCValidation.ErrorLabel.MeasureCageMeshDistanceHead_CageInsideMesh,"Kafa kafesi, kafa mesh'iyle kesişiyor. Kafa kafesi köşelerinin yüzde {negtiveSDFPercent} kadarı kafa mesh'inin içinde."
Common.UGCValidation.ErrorLabel.MeasureCageMeshDistanceHead_CageTooFar,"Kafa kafesi, kafa mesh'ine çok uzak. Kafa kafesi ile mesh arasındaki maksimum mesafe {max_sdf} olup izin verilen {max_sdf_threshold} eşiğinin üzerindedir."
Common.UGCValidation.ErrorLabel.MeasureCageMeshDistance_CageInsideMesh,"Dış kafes, görsele dönüştürme mesh'i ile kesişiyor. Dış kafes köşelerinin yüzde {negtiveSDFPercent} kadarı görsele dönüştürme mesh'inin içinde."
Common.UGCValidation.ErrorLabel.MeasureCageMeshDistance_CageTooFar,"Dış kafes, görsele dönüştürme mesh'ine çok uzak. Dış kafes ile mesh arasındaki maksimum mesafe {max_sdf} olup izin verilen {max_sdf_threshold} eşiğinin üzerinde."
Common.UGCValidation.ErrorLabel.MeasureCageRelevancy,Değiştirilen dış kafes köşelerinin yüzde {outer_cage_face_irrelevant_percent} kadarı aksesuarı kapsamıyor. Dış kafesi yalnızca gerektiğinde hareket ettirmeye dikkat et.
Common.UGCValidation.ErrorLabel.MeasureCageUV,{cage_name} kafesindeki {incorrect_uv_count} UV değeri yanlış veya şabloba ait değil. Lütfen kafes UV'sini düzelt.
Common.UGCValidation.ErrorLabel.MeasureMeshOutsideOuterCage,Aksesuara ait ağ köşelerinin yüzde {mesh_outside_outer_cage_percent} kadarı dış kafesinin dışında. Aksesuarın daha büyük bir kısmının kafesler arasına yerleştirilmesi için ayarlamalar yap.
Common.UGCValidation.ErrorLabel.MeshPartBounds_TooLarge,"{partName} mesh'inin {axis} ekseninde ""{currentSize}"" birim kare olan boyutu, izin verilen maksimum tekil parça boyutu olan ""{maxSize}"" birim kareden büyüktür. Mesh'i ölçeklendir."
Common.UGCValidation.ErrorLabel.MeshPartBounds_TooSmall,"{partName} mesh'inin {axis} ekseninde ""{currentSize}"" birim kare olan boyutu, izin verilen minimum tekil parça boyutu olan ""{minSize}"" birim kareden küçüktür. Mesh'i ölçeklendir."
Common.UGCValidation.ErrorLabel.MissingRequiredAttachment,{attName} eklentisinin {partName} alt öğeleri içinde tam bir kez bulunması gerekir.
Common.UGCValidation.ErrorLabel.NoAttributes,"""{RootInstanceName}"" (veya alt öğeleri) Öznitelikler içeriyor. Öznitelikleri şunlardan kaldırman gerekir: {InstanceNameList}"
Common.UGCValidation.ErrorLabel.PropertiesNotSensible,"{ClassName} ""{InstancePath}"" geçersiz özelliklere sahip: {ProblematicProperties}. Gösterilen bayt sınırı aşıldı (0 sınırı, özelliğin boş olması gerektiği anlamına gelir); diğer tüm özellikler NaN/Inf değerleri içeriyor veya varsayılan boyut sınırını aşıyor."
Common.UGCValidation.ErrorLabel.RigAttachmentOutOfBounds,"""{PartName}"" içindeki ""{AttachmentName}"" düzenek eklentisi, bu vücut parçasının bitişik bir parçaya bağlandığı eklem sınırının yakınına yerleştirilmelidir. Mevcut konum [{CurrentPosition}], bağlantı düzleminden çok uzak. [{ClosestValidPosition}] konumuna yaklaştır."
Common.UGCValidation.ErrorLabel.SelectionCountNotOne,Roblox'a varlık yüklemek için tam olarak 1 durum ve ilişkili yükleme türünü seçmelisin.
Common.UGCValidation.ErrorLabel.SerializedAssetTooLarge,"Bu varlık yüklenemeyecek kadar büyük ({sizeBytes} bayt, oysa üst sınır {maxSizeBytes} bayt). Lütfen küçültüp tekrar dene."
Common.UGCValidation.ErrorLabel.TagsFoundOnSingleInstance,{ProblematicDescendantPath} durumu etiket içermemelidir.
Common.UGCValidation.ErrorLabel.TestWorkflowMessageV2,Merkez öncelikli çeviri senkronizasyonu iş akışını uçtan uca doğrulamak için kullanılan ikinci test sorun dizisi.
Common.UGCValidation.ErrorLabel.UnallowedFacsJoints,"Kafa mesh parçası, {jointName} için Yüz Hareketi Kodlama Sistemi'nde (FACS) kullanılamayan yüz animasyonlarına sahip. Lütfen bu eklemi yeniden adlandır, ardından kafanı tekrar içe aktar."
Common.UGCValidation.ErrorLabel.UnallowedJointSkinned,"{partName} vücut parçası, R15plus şemasının bir parçası olmayan {jointName} sanal eklemine giydirildi."
Common.VerifiedParentalConsent.Action.Cancel,İptal
Common.VerifiedParentalConsent.Action.Close,
Common.VerifiedParentalConsent.Action.GoToSettings,Ayarlara git
Common.VerifiedParentalConsent.Description.SpendingRestrictionWithSettings,Satın alım işlemi gerçekleştirmek için bölgesel kısıtlamalar nedeniyle ebeveyn iznine ihtiyacın var. Ayarlar > Harcama bölümünde ebeveyninden izin iste.
Common.VerifiedParentalConsent.Description.SpendingRestrictionWithoutSettings,Satın alım işlemi gerçekleştirmek için bölgesel kısıtlamalar nedeniyle ebeveyn iznine ihtiyacın var. Ayarlar > Harcama bölümünde ebeveyninden izin istemek için lütfen web'i ziyaret et veya yardımcı bir cihaz kullan.
Common.VerifiedParentalConsent.Label.AskParent,Ebeveynine Sor
Common.VisitGame.Label.Play,Katıl
CommonUI.Controls.Action.Accept,
CommonUI.Controls.Action.Apply,Uygula
CommonUI.Controls.Action.Back,Geri
CommonUI.Controls.Action.Cancel,
CommonUI.Controls.Action.Confirm,Onayla
CommonUI.Controls.Action.Continue,Devam Et
CommonUI.Controls.Action.Done,Bitti
CommonUI.Controls.Action.Next,İleri
CommonUI.Controls.Action.OK,Tamam
CommonUI.Controls.Action.Refresh,Yenile
CommonUI.Controls.Action.ResetAll,Tümünü sıfırla
CommonUI.Controls.Action.Search,Ara
CommonUI.Controls.Action.ShowMore,Daha fazla
CommonUI.Controls.Action.Submit,Gönder
CommonUI.Controls.Action.Yes,Evet
CommonUI.Controls.Birthdaypicker.Label.Date,Tarih
CommonUI.Controls.Input.Optional,{inputLabel} (isteğe bağlı)
CommonUI.Controls.Label.April,Nisan
CommonUI.Controls.Label.AprilAbbreviated,Nis.
CommonUI.Controls.Label.August,Ağustos
CommonUI.Controls.Label.AugustAbbreviated,Ağu.
CommonUI.Controls.Label.Day,Gün
CommonUI.Controls.Label.December,Aralık
CommonUI.Controls.Label.DecemberAbbreviated,Ara.
CommonUI.Controls.Label.February,Şubat
CommonUI.Controls.Label.FebruaryAbbreviated,Şub.
CommonUI.Controls.Label.Friday,Cuma
CommonUI.Controls.Label.FridayAbbreviated,Cu
CommonUI.Controls.Label.InvalidDateFormat,Geçersiz tarih biçimi
CommonUI.Controls.Label.January,Ocak
CommonUI.Controls.Label.JanuaryAbbreviated,Oca.
CommonUI.Controls.Label.July,Temmuz
CommonUI.Controls.Label.June,Haziran
CommonUI.Controls.Label.LastWeek,Geçen hafta
CommonUI.Controls.Label.LastYear,Geçen yıl
CommonUI.Controls.Label.March,Mart
CommonUI.Controls.Label.MarchAbbreviated,Mar.
CommonUI.Controls.Label.May,Mayıs
CommonUI.Controls.Label.Monday,Pazartesi
CommonUI.Controls.Label.MondayAbbreviated,Pt
CommonUI.Controls.Label.November,Kasım
CommonUI.Controls.Label.NovemberAbbreviated,Kas.
CommonUI.Controls.Label.October,Ekim
CommonUI.Controls.Label.OctoberAbbreviated,Eki.
CommonUI.Controls.Label.PageCount,{current:int}/{total:int}
CommonUI.Controls.Label.Saturday,Cumartesi
CommonUI.Controls.Label.SaturdayAbbreviated,Ct
CommonUI.Controls.Label.SelectDate,Tarih seç
CommonUI.Controls.Label.SelectTheTime,Saat seç
CommonUI.Controls.Label.September,Eylül
CommonUI.Controls.Label.SeptemberAbbreviated,Eyl.
CommonUI.Controls.Label.Sunday,Pazar
CommonUI.Controls.Label.SundayAbbreviated,Pa
CommonUI.Controls.Label.ThisMonth,Bu ay
CommonUI.Controls.Label.ThisWeek,Bu hafta
CommonUI.Controls.Label.ThisYear,Bu yıl
CommonUI.Controls.Label.Thursday,Perşembe
CommonUI.Controls.Label.ThursdayAbbreviated,Pe
CommonUI.Controls.Label.Today,Bugün
CommonUI.Controls.Label.Tuesday,Salı
CommonUI.Controls.Label.TuesdayAbbreviated,Sa
CommonUI.Controls.Label.Wednesday,Çarşamba
CommonUI.Controls.Label.WednesdayAbbreviated,Ça
CommonUI.Controls.Label.Year,Yıl
CommonUI.Controls.NoResultsFound,Hiçbir sonuç bulunamadı
CommonUI.Features.Action.Close,
CommonUI.Features.Action.Continue,
CommonUI.Features.Action.LearnMore,
CommonUI.Features.Action.LessLowercase,daha az
CommonUI.Features.Action.MoreLowercase,daha fazla
CommonUI.Features.Action.Send,
CommonUI.Features.Label.About,Hakkında
CommonUI.Features.Label.AcceptConnection,Bağlantıyı Kabul Et
CommonUI.Features.Label.AcceptFriend,Arkadaşı Kabul Et
CommonUI.Features.Label.Add,Ekle
CommonUI.Features.Label.AddConnection,Bağlantı ekle
CommonUI.Features.Label.AddConnections,Bağlantıları ekle
CommonUI.Features.Label.AddFriend,Arkadaş Ekle
CommonUI.Features.Label.Badges,Rozetler
CommonUI.Features.Label.Charts,En İyiler
CommonUI.Features.Label.Chat,Sohbet
CommonUI.Features.Label.Connect,Arkadaşlar
CommonUI.Features.Label.Connection,Bağlantı
CommonUI.Features.Label.Connections,Bağlantılar
CommonUI.Features.Label.ControllerBar.HoldPrefix,Oynamak için
CommonUI.Features.Label.ControllerBar.Search,
CommonUI.Features.Label.ControllerBar.ToPlaySuffix,düğmesine basılı tut
CommonUI.Features.Label.CreateGames,Oluştur
CommonUI.Features.Label.Friends,
CommonUI.Features.Label.Game,Deneyimler
CommonUI.Features.Label.GiftCards,Hediye Kartları Satın Al
CommonUI.Features.Label.Groups,Topluluklar
CommonUI.Features.Label.HelpAndSafety,Yardım ve Güvenlik
CommonUI.Features.Label.Home,Ana Sayfa
CommonUI.Features.Label.Inventory,Envanter
CommonUI.Features.Label.InviteConnections,Bağlantı Davet Et
CommonUI.Features.Label.Learn,Öğren
CommonUI.Features.Label.Messages,Mesajlar
CommonUI.Features.Label.Moments,Anlar
CommonUI.Features.Label.More,Daha Fazla
CommonUI.Features.Label.Premium,Premium
CommonUI.Features.Label.Privacy,Gizlilik
CommonUI.Features.Label.PrivacyPolicy,
CommonUI.Features.Label.Profile,Profil
CommonUI.Features.Label.RM,
CommonUI.Features.Label.Redeem,Kodları kullan
CommonUI.Features.Label.RemoveConnection,Arkadaşlardan Kaldır
CommonUI.Features.Label.ReportLogs,Kayıtları Bildir
CommonUI.Features.Label.ReportLogsSentenceCase,Kayıtları bildir
CommonUI.Features.Label.Sent,Gönderildi
CommonUI.Features.Label.Settings,
CommonUI.Features.Label.Terms,Koşullar
CommonUI.Features.Label.TermsOfUse,Kullanım Koşulları
CommonUI.Features.Label.Thanks,Teşekkürler
CommonUI.Features.Label.TheHunt,Roblox Etkinlikleri
CommonUI.Features.Label.Trades,Takaslar
CommonUI.Features.Label.Unchecked,Kontrol edilmedi
CommonUI.Features.Label.X,Roblox Plus
CommonUI.Features.Label.sGroups,
CommonUI.Features.Labels.ConnectTo,Şuna bağlan:
CommonUI.Features.Labels.Retry,
CommonUI.Features.NavBar.Build,
CommonUI.Features.StudioCTA.Tooltip.Body,Studio'yu ÜCRETSİZ indir!
CommonUI.Features.StudioCTA.Tooltip.Title,Roblox'ta yaratmaya başla
CommonUI.Messages.Action.Apply,
CommonUI.Messages.Action.Dismiss,
CommonUI.Messages.Action.OK,
CommonUI.Messages.Action.Reset,Sıfırla
CommonUI.Messages.Response.NoResults,Sonuç yok
CommonUI.Messages.Response.PageError,Sayfa yüklenirken hata
CommonUI.Messages.Response.SomethingWentWrong,Bir şeyler yanlış gitti
CommonUI.Messages.SystemMessage.AndroidDeprecationBodyPhase1,"Roblox, yakında Android 6 ve 7 sürümlerini desteklemeyi bırakacak. Oynamaya devam etmek için lütfen cihazını Android 8 veya üzeri bir sürüme yükselt."
CommonUI.Messages.SystemMessage.AndroidDeprecationBodyPhase2,"Roblox, {date} tarihinden itibaren Android 6 ve 7 sürümlerini desteklemeyi bırakacak. Oynamaya devam etmek için lütfen cihazını Android 8 veya üzeri bir sürüme yükselt."
CommonUI.Messages.SystemMessage.AndroidDeprecationBodyPhase2Fallback,"Roblox, 19 Temmuz 2025 tarihinden itibaren Android 6 ve 7 sürümlerini desteklemeyi bırakacak. Oynamaya devam etmek için lütfen cihazını Android 8 veya üzeri bir sürüme yükselt."
CommonUI.Messages.SystemMessage.AndroidDeprecationBodyPhase3,Roblox artık Android 6 ve 7 sürümlerini desteklemiyor. Oynamaya devam etmek için lütfen cihazını Android 8 veya üzeri bir sürüme yükselt.
CommonUI.Messages.SystemMessage.AndroidDeprecationSystemRequirementsLinkLabel,Mobil Sistem Gereksinimleri
CommonUI.Messages.SystemMessage.AndroidDeprecationTitlePhase1,İşlem gerekiyor: Cihazınızı güncelle
CommonUI.Messages.SystemMessage.AndroidDeprecationTitlePhase2,İşlem gerekiyor: Cihazını güncelle
CommonUI.Messages.SystemMessage.AndroidDeprecationTitlePhase3,
CommonUI.Messages.SystemMessage.DeprecationMobileSystemRequirementsLinkLabel,
CommonUI.Messages.SystemMessage.DeprecationTitle,
CommonUI.Messages.SystemMessage.IosDeprecationBodyPhase1,Yakın gelecekte Roblox artık iOS 13 sürümünü desteklemeyecek. Oynamaya devam etmek için lütfen cihazını iOS 14 veya üzeri bir sürüme güncelle.
CommonUI.Messages.SystemMessage.IosDeprecationBodyPhase2Fallback,5 Haziran 2026'dan itibaren Roblox artık iOS 13 sürümünü desteklemeyecek. Oynamaya devam etmek için lütfen cihazını iOS 14 veya üzeri bir sürüme yükselt.
CommonUI.Messages.SystemMessage.IosDeprecationBodyPhase3,Roblox artık iOS 13 sürümünü desteklemiyor. Oynamaya devam etmek için lütfen cihazını iOS 14 veya üzeri bir sürüme güncelle.
CommonUI.Messages.SystemMessage.PS4onPS5DeprecationBody,"Lütfen yeni çıkan Roblox for PlayStation®5'i kur ve oyna. Roblox for PlayStation®4, {date} itibarıyla PlayStation®5'teki oyuncular tarafından kullanılamayacak."
CommonUI.Messages.SystemMessage.PS4onPS5DeprecationTitle,Roblox artık PlayStation®5'te de kullanılabilir
CommonUI.Messages.SystemMessage.PS4onPS5HardDeprecationBody,Roblox'un PlayStation®4 sürümü artık PlayStation®5'te desteklenmiyor. Oynamaya devam etmek istiyorsan lütfen PlayStation®5 için yeni Roblox uygulamasını indir.
CoreScripts.Ads.Action.Close,
CoreScripts.Ads.ImmersiveBrandedAds.WhyThisAd,"Kişiselleştirilmiş olmayan bu reklam, deneyimdeki kullanıcılar tarafından görülebilir. Reklamveren {AdvertiserName}, bu reklamın ücretini ödemiştir."
CoreScripts.Ads.Label.IllegalContentReportingLink,Yasa dışı veya çocuklara zararlı içeriği raporla
CoreScripts.Ads.Label.InExperienceDisclosureDynamic,"Roblox, bu reklamı yayınlamak için davranışsal bilgiler kullanmadı. Bu reklamı; sana uygun ve alakalı reklamlar sunmak için kullandığımız cihaz türü, konum ve yaş gibi bilgilere dayalı olarak görüyorsun. Reklamcı: {AdvertiserName}."
CoreScripts.Ads.Label.InExperienceDisclosureDynamicWithPayer,"Roblox, bu reklamı yayınlamak için davranışsal bilgiler kullanmadı. Bu reklamı; sana uygun ve alakalı reklamlar sunmak için kullandığımız cihaz türü, konum ve yaş gibi bilgilere dayalı olarak görüyorsun. Reklamcı: {AdvertiserName}. Bu reklamın ücreti {PayerName} tarafından karşılandı."
CoreScripts.Ads.Label.InExperienceDisclosureStatic,"Roblox, reklam yayınlamak için davranışsal bilgiler kullanmadı. Bu reklamı; sana uygun ve alakalı reklamlar sunmak için kullandığımız cihaz türü, konum ve yaş gibi bilgilere dayalı olarak görüyorsun."
CoreScripts.Ads.Label.InappropriateAd,Uygunsuz Reklam
CoreScripts.Ads.Label.ReportAd,Reklamı Bildir
CoreScripts.Ads.Label.RewardedVideoEligibleDisclaimer,Bu bir deneme reklamıdır. Deneyiminde gerçek reklamlar gösterilir.
CoreScripts.Ads.Label.RewardedVideoExitConfirmation,Ödülünü kazanmaya çok yaklaştın! Çıkmak istediğine emin misin?
CoreScripts.Ads.Label.RewardedVideoIneligibleDisclaimer,Bu bir deneme reklamıdır. Deneyimin uygun olmadığı için gerçek reklamlar gösterilmez.
CoreScripts.Ads.Label.SponsoredAds,Sponsorlu
CoreScripts.Ads.Label.SponsoredAdsDisclosureStatic,"Sponsorlu Deneyimlerin ücreti, Yaratıcılar tarafından ödenir. Reklamlar, AB bölgelerindeki kullanıcılar için cihazının türü, konumu ve demografik hakkındaki genel bilgilere dayalı olarak sana gösterilebilir. Reklamlar, AB dışındaki bölgeler için ilave başka bilgilere dayalı olarak gösterilebilir."
CoreScripts.Ads.Label.Teleporting,Işınlanıyor...
CoreScripts.Ads.Label.WhyThisAd,Neden Bu Reklam?
CoreScripts.AssetPreviewView.Action.ResetView,Görünümü sıfırla
CoreScripts.AssetPreviewView.Label.LoadingFailed,Yükleme başarısız
CoreScripts.AvatarEditorPrompts.Adding,Şunlar ekleniyor:
CoreScripts.AvatarEditorPrompts.CreateOutfitPromptNo,Hayır
CoreScripts.AvatarEditorPrompts.CreateOutfitPromptText,Bu karakteri Roblox'a kaydetmek ister misin? 
CoreScripts.AvatarEditorPrompts.CreateOutfitPromptTitle,Avatar Karakterini Kaydet
CoreScripts.AvatarEditorPrompts.CreateOutfitPromptYes,
CoreScripts.AvatarEditorPrompts.DeleteOutfitPromptNo,
CoreScripts.AvatarEditorPrompts.DeleteOutfitPromptText,{RBX_NAME} karakterini Roblox'tan silmek ister misin?
CoreScripts.AvatarEditorPrompts.DeleteOutfitPromptTextNoName,Bu karakteri Roblox'tan silmek ister misin?
CoreScripts.AvatarEditorPrompts.DeleteOutfitPromptTitle,Avatar Karakterini Sil
CoreScripts.AvatarEditorPrompts.DeleteOutfitPromptYes,Sil
CoreScripts.AvatarEditorPrompts.DisabledRenameOutfitPromptOkay,
CoreScripts.AvatarEditorPrompts.DisabledRenameOutfitPromptText,Karakterlerin adlarının değiştirilmesi devre dışı bırakıldı
CoreScripts.AvatarEditorPrompts.DisabledRenameOutfitPromptTitle,Karakterin Adının Değiştirilmesi Devre Dışı
CoreScripts.AvatarEditorPrompts.EnterOutfitNamePromptNo,
CoreScripts.AvatarEditorPrompts.EnterOutfitNamePromptTitle,Karakter Adı
CoreScripts.AvatarEditorPrompts.EnterOutfitNamePromptYes,
CoreScripts.AvatarEditorPrompts.FavouriteItemPromptNo,
CoreScripts.AvatarEditorPrompts.FavouriteItemPromptText,{RBX_NAME} öğesini favorilere eklemek ister misin?
CoreScripts.AvatarEditorPrompts.FavouriteItemPromptTitle,Öğeyi Favorile
CoreScripts.AvatarEditorPrompts.FavouriteItemPromptYes,
CoreScripts.AvatarEditorPrompts.GameNamePlaceHolder,Bilinmeyen Deneyim Adı
CoreScripts.AvatarEditorPrompts.InventoryReadAccessPromptNo,
CoreScripts.AvatarEditorPrompts.InventoryReadAccessPromptText,"{RBX_NAME}, senin avatarının öğelerine erişmek istiyor"
CoreScripts.AvatarEditorPrompts.InventoryReadAccessPromptTitle,Öğelere erişime izin verilsin mi?
CoreScripts.AvatarEditorPrompts.InventoryReadAccessPromptYes,
CoreScripts.AvatarEditorPrompts.ItemsListLoadingFailed,Yükleme Başarısız
CoreScripts.AvatarEditorPrompts.NoChangedAssets,Öğe değişikliği yapılmadı
CoreScripts.AvatarEditorPrompts.OutfitNamePlaceholder,Karakter Adını Gir
CoreScripts.AvatarEditorPrompts.Removing,Şunlar çıkarılıyor:
CoreScripts.AvatarEditorPrompts.RenameOutfitNamePromptTitle,Karakterin Adını Değiştir
CoreScripts.AvatarEditorPrompts.RenameOutfitPromptText,{RBX_NAME} karakteri için yeni bir ad gir:
CoreScripts.AvatarEditorPrompts.SaveAvatarPromptNo,
CoreScripts.AvatarEditorPrompts.SaveAvatarPromptText,"{RBX_NAME}, senin avatarına aşağıda belirtilen değişiklikleri yapmak istiyor:"
CoreScripts.AvatarEditorPrompts.SaveAvatarPromptTitle,Avatarı Öğelerle Donat
CoreScripts.AvatarEditorPrompts.SaveAvatarPromptYes,
CoreScripts.AvatarEditorPrompts.UnfavouriteItemPromptText,{RBX_NAME} öğesini favorilerden çıkarmak ister misin?
CoreScripts.AvatarEditorPrompts.UnfavouriteItemPromptTitle,Öğeyi Favorilerden Çıkar
CoreScripts.AvatarEditorPrompts.UpdateOutfitPromptNo,
CoreScripts.AvatarEditorPrompts.UpdateOutfitPromptText,{RBX_NAME} karakterini güncellemek ister misin?
CoreScripts.AvatarEditorPrompts.UpdateOutfitPromptTextNoOutfitName,Kaydedilmiş karakteri güncellemek ister misin?
CoreScripts.AvatarEditorPrompts.UpdateOutfitPromptTitle,Karakter Güncellensin mi?
CoreScripts.AvatarEditorPrompts.UpdateOutfitPromptYes,
CoreScripts.BulkPurchasePrompt.CompletedPrompt.DismissCTA,
CoreScripts.BulkPurchasePrompt.CompletedPrompt.ErrorHeading,Satın alım başarısız
CoreScripts.BulkPurchasePrompt.CompletedPrompt.ErrorPrompt.ErrorReason2SV,Bu işlemi gerçekleştirebilmek için 2 Aşamalı Doğrulama gerekiyor. 2 Aşamalı Doğrulamayı tamamlamak için Ayarlar > Güvenlik menüsüne git.
CoreScripts.BulkPurchasePrompt.CompletedPrompt.ErrorPrompt.ErrorReasonAlreadyOwned,Bu öğelere zaten sahip olduğundan satın alım işlemin tamamlanamadı.
CoreScripts.BulkPurchasePrompt.CompletedPrompt.ErrorPrompt.ErrorReasonGeneric,Satın alım işlemin şu anda tamamlanamıyor.
CoreScripts.BulkPurchasePrompt.CompletedPrompt.ErrorPrompt.ErrorReasonInsufficientMembership,Bu öğeleri satın almak için gerekli olan Roblox Premium'a sahip olmadığından satın alım işlemin tamamlanamadı.
CoreScripts.BulkPurchasePrompt.CompletedPrompt.ErrorPrompt.ErrorReasonInsufficientRobux,Yeterli Robux'ın olmadığından satın alım işlemin tamamlanamadı.
CoreScripts.BulkPurchasePrompt.CompletedPrompt.ErrorPrompt.ErrorReasonNotAvailableForPurchaser,Bu tip öğeleri satın alma iznin olmadığından satın alım işlemin tamamlanamadı.
CoreScripts.BulkPurchasePrompt.CompletedPrompt.ErrorPrompt.ErrorReasonNotAvailableInExperience,"Bu öğeler, bu deneyimde mevcut olmadığından satın alım işlemin tamamlanamadı."
CoreScripts.BulkPurchasePrompt.CompletedPrompt.ErrorPrompt.ErrorReasonNotForSale,Bu öğeler satılık olmadığından satın alım işlemin tamamlanamadı.
CoreScripts.BulkPurchasePrompt.CompletedPrompt.ErrorPrompt.ErrorReasonPriceMismatch,Fiyatlar değiştiğinden satın alım işlemin tamamlanamadı.
CoreScripts.BulkPurchasePrompt.CompletedPrompt.ErrorPrompt.ErrorReasonPurchaserIsSeller,Kendi öğelerini satın almana izin verilmediğinden satın alım işlemin tamamlanamadı.
CoreScripts.BulkPurchasePrompt.CompletedPrompt.ErrorPrompt.ErrorReasonQuantityLimitExceeded,Bu öğeler için sahip olma sınırına zaten ulaştığından satın alım işlemin tamamlanamadı.
CoreScripts.BulkPurchasePrompt.CompletedPrompt.ErrorPrompt.ErrorReasonQuotaExceeded,Dakika başına izin verilen işlem sayısı sınırı 9'u aştığından satın alım işlemin tamamlanamadı.
CoreScripts.BulkPurchasePrompt.CompletedPrompt.ErrorPrompt.ErrorReasonSoldOut,Bu öğeler tükendiğinden satın alım işlemin tamamlanamadı.
CoreScripts.BulkPurchasePrompt.CompletedPrompt.ErrorPrompt.TryAgainLater,Senden hiç Robux tahsil edilmedi. Lütfen daha sonra tekrar dene.
CoreScripts.BulkPurchasePrompt.CompletedPrompt.ErrorPrompt.TryAgainMoreRobux,Senden hiç Robux tahsil edilmedi. Lütfen daha fazla satın al ve tekrar dene.
CoreScripts.BulkPurchasePrompt.CompletedPrompt.ErrorPrompt.TryAgainNow,Senden hiç Robux tahsil edilmedi. Lütfen tekrar dene.
CoreScripts.BulkPurchasePrompt.CompletedPrompt.ErrorPrompt.TryAgainOtherItems,Senden hiç Robux tahsil edilmedi. Lütfen başka öğelerle daha sonra tekrar dene.
CoreScripts.BulkPurchasePrompt.CompletedPrompt.ErrorPrompt.TryAgainWait,Senden hiç Robux tahsil edilmedi. Lütfen bekleyip tekrar dene.
CoreScripts.BulkPurchasePrompt.CompletedPrompt.SuccessHeading,Satın Alım Tamamlandı
CoreScripts.BulkPurchasePrompt.PartialPurchaseCompletedPrompt.Heading,Kısmi satın alım tamamlandı
CoreScripts.BulkPurchasePrompt.PartialPurchaseCompletedPrompt.ItemListSuccessfulCount,{itemCount} Öğe
CoreScripts.BulkPurchasePrompt.PartialPurchaseCompletedPrompt.ItemListSuccessfulHeading,Başarılı
CoreScripts.BulkPurchasePrompt.PartialPurchaseCompletedPrompt.ItemListUnsuccessfulCount,
CoreScripts.BulkPurchasePrompt.PartialPurchaseCompletedPrompt.ItemListUnsuccessfulHeading,Başarısız
CoreScripts.BulkPurchasePrompt.PartialPurchaseCompletedPrompt.ItemStatusAlreadyOwned,Zaten sahipsin
CoreScripts.BulkPurchasePrompt.PartialPurchaseCompletedPrompt.ItemStatusGeneric,Mevcut değil
CoreScripts.BulkPurchasePrompt.PartialPurchaseCompletedPrompt.ItemStatusInsufficientMembership,Premium gerekli
CoreScripts.BulkPurchasePrompt.PartialPurchaseCompletedPrompt.ItemStatusInsufficientRobux,Yeterli Robux yok
CoreScripts.BulkPurchasePrompt.PartialPurchaseCompletedPrompt.ItemStatusNotAvailableForPurchaser,
CoreScripts.BulkPurchasePrompt.PartialPurchaseCompletedPrompt.ItemStatusNotForSale,Satılık Değil
CoreScripts.BulkPurchasePrompt.PartialPurchaseCompletedPrompt.ItemStatusPlaceInvalid,Bu deneyimde mevcut değil
CoreScripts.BulkPurchasePrompt.PartialPurchaseCompletedPrompt.ItemStatusPriceMismatch,Fiyat değişikliği
CoreScripts.BulkPurchasePrompt.PartialPurchaseCompletedPrompt.ItemStatusPurchaserIsSeller,Satıcı alıcıdır
CoreScripts.BulkPurchasePrompt.PartialPurchaseCompletedPrompt.ItemStatusQuantityLimitExceeded,Sınıra ulaşıldı
CoreScripts.BulkPurchasePrompt.PartialPurchaseCompletedPrompt.ItemStatusQuotaExceeded,İstek sınırına ulaşıldı
CoreScripts.BulkPurchasePrompt.PartialPurchaseCompletedPrompt.ItemStatusSoldOut,Tükendi
CoreScripts.BulkPurchasePrompt.PartialPurchaseCompletedPrompt.ItemStatusSuccess,Satın alındı
CoreScripts.BulkPurchasePrompt.PartialPurchaseCompletedPrompt.Notice,"Bazı öğeler şu anda satın alınamıyor, lütfen daha sonra tekrar dene."
CoreScripts.BulkPurchasePrompt.PartialPurchaseCompletedPrompt.PriceBox.CurrentBalance,Mevcut bakiye
CoreScripts.BulkPurchasePrompt.PartialPurchaseCompletedPrompt.PriceBox.DismissCTA,
CoreScripts.BulkPurchasePrompt.PartialPurchaseCompletedPrompt.PriceBox.RobuxSpent,Harcanan Robux
CoreScripts.BulkPurchasePrompt.RequestPrompt.Heading,Özet
CoreScripts.BulkPurchasePrompt.RequestPrompt.ItemListPurchaseCount,
CoreScripts.BulkPurchasePrompt.RequestPrompt.ItemListPurchaseHeading,Satın alınacak tüm öğeler
CoreScripts.BulkPurchasePrompt.RequestPrompt.ItemOwned,Sahip olunan: {ownedCount}
CoreScripts.BulkPurchasePrompt.RequestPrompt.PriceBox.BuyRobuxCTA,Robux Satın Al
CoreScripts.BulkPurchasePrompt.RequestPrompt.PriceBox.ConfirmCTA,Öde
CoreScripts.BulkPurchasePrompt.RequestPrompt.PriceBox.CurrentBalance,
CoreScripts.BulkPurchasePrompt.RequestPrompt.PriceBox.MissingRobux,Eksik Robux:
CoreScripts.BulkPurchasePrompt.RequestPrompt.PriceBox.NewBalance,Satın alım sonrası bakiye
CoreScripts.BulkPurchasePrompt.RequestPrompt.PriceBox.TotalCost,Sipariş toplamı
CoreScripts.BulkPurchasePrompt.SuccessPrompt.Body,{itemCount} öğeyi başarıyla satın aldın. Bu öğelere envanterinden ulaşabilirsin.
CoreScripts.BulkPurchasePrompt.SuccessPrompt.Heading,Satın alım tamamlandı
CoreScripts.CancelUserSubscriptionPrompt.Error.ButtonText,
CoreScripts.CancelUserSubscriptionPrompt.ErrorCancellingPrompt.Body,Bir hata oluştu ve abonelik yenileme iptal edilemedi. Lütfen tekrar dene.
CoreScripts.CancelUserSubscriptionPrompt.ErrorCancellingPrompt.Heading,Hata
CoreScripts.CancelUserSubscriptionPrompt.ExpiringPrompt.Body,Aboneliğin zaten başarıyla iptal edildi. Başka bir işlem yapmana gerek yok.
CoreScripts.CancelUserSubscriptionPrompt.ExpiringPrompt.Heading,Zaten İptal Edildi
CoreScripts.CancelUserSubscriptionPrompt.RequestPrompt.Body,Aboneliğini şimdi iptal edersen {date} tarihine kadar sunucuya erişmeye devam edebilirsin.
CoreScripts.CancelUserSubscriptionPrompt.RequestPrompt.DontCancelButton,İptal Etme
CoreScripts.CancelUserSubscriptionPrompt.RequestPrompt.Heading,Aboneliği İptal Et
CoreScripts.CancelUserSubscriptionPrompt.RequestPrompt.YesCancelButton,"Evet, İptal Et"
CoreScripts.CancelUserSubscriptionPrompt.SuccessPrompt.Heading,Aboneliğin başarıyla iptal edildi
CoreScripts.CancelUserSubscriptionPrompt.UnsubscribedPrompt.Body,Artık abone değilsin.
CoreScripts.CancelUserSubscriptionPrompt.UnsubscribedPrompt.Heading,İptal edilemiyor
CoreScripts.CommercePurchasePrompt.ErrorPrompt.Body.AccountNotSupported,Yaş ya da bölge kısıtlamaları nedeniyle hesabında satın alım yapılamıyor
CoreScripts.CommercePurchasePrompt.ErrorPrompt.Body.DeviceNotSupported,Bu cihaz türü kullanılarak satın alım yapılamaz. Lütfen farklı bir cihaz kullanarak tekrar dene.
CoreScripts.CommercePurchasePrompt.ErrorPrompt.Body.ErrorLoading,Öğe yüklenmeye çalışırken bir şeyler ters gitti. Lütfen daha sonra tekrar dene.
CoreScripts.CommercePurchasePrompt.ErrorPrompt.CantBuy,Satın alınamıyor
CoreScripts.CommercePurchasePrompt.ErrorPrompt.DismissCTA,
CoreScripts.CommercePurchasePrompt.ErrorPrompt.GenericError,Öğeyi satın almaya çalışırken bir şeyler ters gitti. Lütfen daha sonra tekrar dene.
CoreScripts.CommercePurchasePrompt.ErrorPrompt.NotPurchasable,Bu ürün şu anda satın alınamıyor.
CoreScripts.CommercePurchasePrompt.ErrorPrompt.Title.AccountNotSupported,Hesap desteklenmiyor
CoreScripts.CommercePurchasePrompt.ErrorPrompt.Title.DeviceNotSupported,Cihaz desteklenmiyor
CoreScripts.CommercePurchasePrompt.ProductNotAvailable,Ürün mevcut değil
CoreScripts.CommercePurchasePrompt.SuccessToast.GrantPending,Avatar öğesinin ulaştırılması biraz zaman alıyor. Öğe kısa bir süre içinde verilecek.
CoreScripts.CommercePurchasePrompt.SuccessToast.Granted,Avatar öğesi başarıyla verildi!
CoreScripts.EmoteThumbnailEditor.Action.Cancel,
CoreScripts.EmoteThumbnailEditor.Action.Update,Güncelle
CoreScripts.EmoteThumbnailEditor.Heading.EditThumbnail,Küçük resmi düzenle
CoreScripts.EmoteThumbnailEditor.Label.Rotation,Döndürme
CoreScripts.EmoteThumbnailEditor.Label.Time,Zaman
CoreScripts.FTUX.Description.WhiteMenuPlaytestMode,"Beyaz Roblox menüsü, oynanış testinde olduğunu gösterir. Her zaman Roblox Topluluk Standartları'na uy."
CoreScripts.FTUX.Heading.CheckOutRobloxConnect,Yeni: Roblox Connect'i dene!
CoreScripts.FTUX.Heading.CheckOutRobloxParty,Yeni: Roblox Parti'yi dene!
CoreScripts.FTUX.Heading.InExperienceShop,Yeni mağaza
CoreScripts.FTUX.Heading.JoinVoice,Sesli Sohbete Katıl
CoreScripts.FTUX.Heading.LeaveRespawn,Ayrıl ve yeniden doğ
CoreScripts.FTUX.Heading.NewAvatarSwitcher,Yeni: Avatar değiştirici
CoreScripts.FTUX.Heading.NewTiltOnboarding,Menü burada bulunur
CoreScripts.FTUX.Heading.NewTiltUpdate,Yeni menü
CoreScripts.FTUX.Heading.ReadyToPlaytest,Oynanış testine hazır mısın?
CoreScripts.FTUX.Heading.SideSheetUpdate,Tüm eylemlerin tek bir yerde
CoreScripts.FTUX.Heading.SocialOnboarding,Sosyal özellikler
CoreScripts.FTUX.Label.AvatarSwitcherDescription,İstediğin zaman kayıtlı avatarlarına geç.
CoreScripts.FTUX.Label.ChatWithYourFriendsAnytime,Arkadaşlarınla istediğin zaman sohbet et.
CoreScripts.FTUX.Label.InExperienceShopDescription,Sana özel seçilen öğelere göz at
CoreScripts.FTUX.Label.JoinVoiceDescription,Başkalarını duymak ve onlarla konuşmak
CoreScripts.FTUX.Label.LeaveRespawn,Oyundan çıkmaya veya avatarının yeniden doğmasını sağlamaya buradan kolayca erişebilirsin.
CoreScripts.FTUX.Label.NewTiltOnboarding,"Oyun menüsü, oyun ayarlarının yanı sıra oyun içi eylemleri de içerir."
CoreScripts.FTUX.Label.NewTiltUpdate,Hamburger menüsü öğeleri buraya taşındı.
CoreScripts.FTUX.Label.PartyWithYourFriendsAnytime,Arkadaşlarınla istediğin zaman Parti yap.
CoreScripts.FTUX.Label.SideSheetOnboarding,"Menü, kullanabileceğin temel özelliklerin tümünü içerir. Arkadaşlarını davet et, İfadeleri dene, Müziği kontrol et ve daha fazlasını yap."
CoreScripts.FTUX.Label.SideSheetUpdate,Menü hâlâ kullanabileceğin temel özelliklerin tümünü içeriyor.
CoreScripts.FTUX.Label.SocialOnboarding,Sohbet dâhil olmak üzere sosyal özelliklerine üst çubuktan kolayca eriş.
CoreScripts.Feedback.EntryPoint.ButtonText,Geri Bildirimde Bulun
CoreScripts.Feedback.EntryPoint.OptionText,Çeviri Geri Bildiriminde Bulun
CoreScripts.Feedback.FeedbackBar.ExitFeedbackButton,Çık
CoreScripts.Feedback.FeedbackBar.HelpButton,Yardım
CoreScripts.Feedback.FeedbackBar.MainLabel,
CoreScripts.Feedback.FeedbackReportDialog.AdditionalCommentsHeader,Eklemek istediklerini aşağıda belirt
CoreScripts.Feedback.FeedbackReportDialog.AdditionalCommentsPlaceholder,Eklemek istediklerini buraya gir
CoreScripts.Feedback.FeedbackReportDialog.Cancel,
CoreScripts.Feedback.FeedbackReportDialog.CorrectTranslationHeader,Doğru çevirisi nedir? *
CoreScripts.Feedback.FeedbackReportDialog.CorrectTranslationObjectPlaceholder,Deneyim Nesnesi: {ObjectType}
CoreScripts.Feedback.FeedbackReportDialog.CorrectTranslationPlaceholder,Doğru çeviriyi buraya gir
CoreScripts.Feedback.FeedbackReportDialog.ImageSelectionHeader,Seçilen Görsel
CoreScripts.Feedback.FeedbackReportDialog.MainHeader,
CoreScripts.Feedback.FeedbackReportDialog.OriginalTextHeader,Orijinal Metin ({SourceLanguage})
CoreScripts.Feedback.FeedbackReportDialog.ProblemDropdownSelectionHeader,Bu çevirideki sorun nedir?
CoreScripts.Feedback.FeedbackReportDialog.ProblemOption.AccuracyIssue,Doğruluk Sorunu
CoreScripts.Feedback.FeedbackReportDialog.ProblemOption.InappropriateOrDerogatory,Uygunsuz veya Aşağılayıcı
CoreScripts.Feedback.FeedbackReportDialog.ProblemOption.SpellingOrGrammarIssue,Yazım veya Dil Bilgisi Sorunu
CoreScripts.Feedback.FeedbackReportDialog.ProblemOption.Untranslated,Çevrilmemiş
CoreScripts.Feedback.FeedbackReportDialog.SubmitFeedback,
CoreScripts.Feedback.FeedbackReportDialog.TextSelectionHeader,Seçilen Metin
CoreScripts.Feedback.Help.Instructions,Yanlış veya eksik çevirilerle ilgili geri bildirimde bulunmak için bir metin seç.
CoreScripts.Feedback.Help.MainHeader,
CoreScripts.Feedback.Onboarding.Cancel,
CoreScripts.Feedback.Onboarding.Instructions,
CoreScripts.Feedback.Onboarding.MainHeader,Bize Sorunun Ne Olduğunu Söyle
CoreScripts.Feedback.Onboarding.Start,Başla
CoreScripts.Feedback.SubmissionToastBody,"Roblox bu bilgiyi, bu deneyimin çeviri kalitesini artırmaya yardımcı olmak için kullanacak"
CoreScripts.Feedback.SubmissionToastHeader,Geri bildirimin için teşekkürler!
CoreScripts.FeedbackPrompt.FeedbackPrompt.Footer,Yanıtlar anonim bir şekilde paylaşılır ve Roblox Kullanım Koşulları uyarınca geri dönüş anlamına gelir.
CoreScripts.FeedbackPrompt.FeedbackPrompt.Intro,Bize deneyiminden bahset.
CoreScripts.FeedbackPrompt.FeedbackPrompt.Placeholder,Bize ne düşündüğünü söyle...
CoreScripts.FeedbackPrompt.FeedbackPrompt.Submit,
CoreScripts.FeedbackPrompt.FeedbackPrompt.Submitting,Gönderiliyor...
CoreScripts.FeedbackPrompt.FeedbackPrompt.Title,Geri Dönüşünü Paylaş
CoreScripts.FeedbackPrompt.FeedbackPrompt.Unavailable.Header.Default,Geri dönüş şu anda gönderilemiyor.
CoreScripts.FeedbackPrompt.FeedbackPrompt.Unavailable.Header.RateLimited,Şu an için geri dönüş sınırına ulaştın.
CoreScripts.FeedbackPrompt.FeedbackPrompt.Unavailable.Header.Under13,Bu hesaptan geri dönüş gönderilemez.
CoreScripts.FeedbackPrompt.FeedbackPrompt.Unavailable.Hint.Default,Lütfen daha sonra tekrar dene.
CoreScripts.FeedbackPrompt.FeedbackPrompt.Unavailable.Hint.RateLimited,Düşüncelerini paylaştığın için teşekkürler. Lütfen daha sonra tekrar dene.
CoreScripts.FeedbackPrompt.FeedbackPrompt.Unavailable.Hint.Under13,Genç oyuncuları korumak için 13 yaşından küçüklerin hesapları geri dönüş gönderemez.
CoreScripts.FeedbackPrompt.FeedbackPrompt.Unavailable.OkayButton,
CoreScripts.FeedbackPrompt.FeedbackPrompt.Unavailable.Title,Geri Dönüş Gönderilemiyor
CoreScripts.FeedbackPrompt.PlayerSupportPrompt.Add,
CoreScripts.FeedbackPrompt.PlayerSupportPrompt.BackButton,
CoreScripts.FeedbackPrompt.PlayerSupportPrompt.Cancel,
CoreScripts.FeedbackPrompt.PlayerSupportPrompt.Captures.Add,Yakalananları ekle
CoreScripts.FeedbackPrompt.PlayerSupportPrompt.Captures.EditSelection,Seçimi düzenle
CoreScripts.FeedbackPrompt.PlayerSupportPrompt.Captures.Empty,Hiç yakalanan yok.
CoreScripts.FeedbackPrompt.PlayerSupportPrompt.Captures.Heading,Yakalananlar ({count}/{max})
CoreScripts.FeedbackPrompt.PlayerSupportPrompt.Captures.Hint,Yaratıcının sorununu anlamasına yardımcı ol.
CoreScripts.FeedbackPrompt.PlayerSupportPrompt.Captures.Loading,Yakalananlar yükleniyor...
CoreScripts.FeedbackPrompt.PlayerSupportPrompt.Captures.Picker.DateTime,"{date}, {time}"
CoreScripts.FeedbackPrompt.PlayerSupportPrompt.Captures.Picker.NumSelected,{count}/{max} seçildi
CoreScripts.FeedbackPrompt.PlayerSupportPrompt.Captures.UploadError,Yakaladığın bir veya daha fazla görüntü yüklenemedi.
CoreScripts.FeedbackPrompt.PlayerSupportPrompt.Category.BugReport,Hata raporu
CoreScripts.FeedbackPrompt.PlayerSupportPrompt.Category.DataRestoreRequest,Öğe veya veri geri yükleme
CoreScripts.FeedbackPrompt.PlayerSupportPrompt.Category.Label,Kategori *
CoreScripts.FeedbackPrompt.PlayerSupportPrompt.Category.Other,Diğer
CoreScripts.FeedbackPrompt.PlayerSupportPrompt.Category.Placeholder,Bir kategori seç
CoreScripts.FeedbackPrompt.PlayerSupportPrompt.Category.PurchasingIssue,Satın alma sorunu
CoreScripts.FeedbackPrompt.PlayerSupportPrompt.Description.CharacterLimitHint,En fazla {MAX} karakter
CoreScripts.FeedbackPrompt.PlayerSupportPrompt.Description.Label,Ayrıntılar *
CoreScripts.FeedbackPrompt.PlayerSupportPrompt.Deselect,Seçimi kaldır
CoreScripts.FeedbackPrompt.PlayerSupportPrompt.Placeholder.BugReport,Oyun sürümü ve sorunun adım adım yeniden oluşturulması gibi konuyla ilgili olabilecek tüm bilgileri ekle.
CoreScripts.FeedbackPrompt.PlayerSupportPrompt.Placeholder.DataRestoreRequest,Neyin eksik olduğunu ve bunu en son ne zaman gördüğünü açıkla. Hesabın ele geçirildiyse lütfen Roblox Müşteri Desteği'ndeki destek talebi numaranı ve ilgili tüm ayrıntıları ekle.
CoreScripts.FeedbackPrompt.PlayerSupportPrompt.Placeholder.Other,İsteğini veya sorununu burada açıkla. Durumu anlamamıza yardımcı olmak için mümkün olduğunca fazla ayrıntı ver.
CoreScripts.FeedbackPrompt.PlayerSupportPrompt.Placeholder.PurchasingIssue,"Bize ne satın almaya çalıştığını, bunun ne zaman gerçekleştiğini ve toplam değerini (ör. 500 Robux/4,99 $) söyle. Gördüğün hata mesajlarını ekle."
CoreScripts.FeedbackPrompt.PlayerSupportPrompt.ReportAbuse.Lead,Kötüye kullanım bildirmeye mi çalışıyorsun?
CoreScripts.FeedbackPrompt.PlayerSupportPrompt.ReportAbuse.Link,<u>Bunun yerine bir rapor gönder.</u>
CoreScripts.FeedbackPrompt.PlayerSupportPrompt.Select,Seç
CoreScripts.FeedbackPrompt.PlayerSupportPrompt.Send,
CoreScripts.FeedbackPrompt.PlayerSupportPrompt.ShareUserId.Hint,"Bu, yaratıcının doğru hesabı desteklemesine yardımcı olur."
CoreScripts.FeedbackPrompt.PlayerSupportPrompt.ShareUserId.Label,Kullanıcı bilgilerini yaratıcıyla paylaş
CoreScripts.FeedbackPrompt.PlayerSupportPrompt.ShareUserId.LabelRequired,Kullanıcı bilgilerini yaratıcıyla paylaş (gerekli)
CoreScripts.FeedbackPrompt.PlayerSupportPrompt.Title,Yaratıcı nasıl destek olabilir?
CoreScripts.FeedbackPrompt.PlayerSupportPrompt.Toast.Failed,Talebini gönderemedik. Lütfen daha sonra tekrar dene.
CoreScripts.FeedbackPrompt.PlayerSupportPrompt.Toast.Submitted,Destek talebi gönderildi
CoreScripts.FeedbackPrompt.PlayerSupportPrompt.Unavailable.Default.Body,Oyuncu desteği şu anda kullanılamıyor. Lütfen daha sonra tekrar dene.
CoreScripts.FeedbackPrompt.PlayerSupportPrompt.Unavailable.Default.Title,Oyuncu desteği kullanılamıyor
CoreScripts.FeedbackPrompt.PlayerSupportPrompt.Unavailable.NotRecentlyVisited.Body,Destek talebi göndermek için bu deneyimi yakın zamanda oynamış olman gerekir.
CoreScripts.FeedbackPrompt.PlayerSupportPrompt.Unavailable.NotRecentlyVisited.Title,Talep göndermek için bu deneyimi ziyaret et
CoreScripts.FeedbackPrompt.PlayerSupportPrompt.Unavailable.OpenTicketLimit.Body,Başka talep göndermeden önce lütfen mevcut taleplerine yaratıcının yanıt vermesini bekle.
CoreScripts.FeedbackPrompt.PlayerSupportPrompt.Unavailable.OpenTicketLimit.Title,Talep sınırına ulaşıldı
CoreScripts.FeedbackPrompt.PlayerSupportPrompt.Unavailable.RateLimited.Body,Oyuncu desteği geçici olarak kullanılamıyor. Lütfen birkaç dakika sonra tekrar dene.
CoreScripts.FeedbackPrompt.PlayerSupportPrompt.Unavailable.RateLimited.Title,Oyuncu desteği geçici olarak kullanılamıyor
CoreScripts.FeedbackPrompt.PlayerSupportPrompt.Unavailable.TextFilter.Body,Gönderimin Roblox Topluluk Standartları'na aykırı. Kötüye kullanımı bildirmeye mi çalışıyorsun?
CoreScripts.FeedbackPrompt.PlayerSupportPrompt.Unavailable.TextFilter.Title,Gönderilemedi
CoreScripts.FeedbackPrompt.PlayerSupportPrompt.Unavailable.Under13.Body,13 yaşın altındaki kullanıcılar oyuncu destek talebi gönderemez.
CoreScripts.FeedbackPrompt.PlayerSupportPrompt.Unavailable.Under13.Title,Özellik kullanılamıyor
CoreScripts.InGameMenu.Action.DontLeaveGame,Ayrılma
CoreScripts.InGameMenu.Action.DontResetCharacter,Sıfırlama
CoreScripts.InGameMenu.Action.DontRespawnCharacter,Yeniden Doğma
CoreScripts.InGameMenu.Action.ResetCharacter,
CoreScripts.InGameMenu.Actions.AcceptFriend,Arkadaşlık İsteğini Kabul Et
CoreScripts.InGameMenu.Actions.AddFriend,
CoreScripts.InGameMenu.Actions.BlockPlayer,Oyuncuyu Engelle
CoreScripts.InGameMenu.Actions.CancelFriend,Arkadaşlık İsteğini İptal Et
CoreScripts.InGameMenu.Actions.Continue,
CoreScripts.InGameMenu.Actions.ReportAbuse,Kötüye Kullanım Bildir
CoreScripts.InGameMenu.Actions.UnblockPlayer,Oyuncunun Engelini Kaldır
CoreScripts.InGameMenu.Actions.Unfriend,Arkadaşlıktan Çıkar
CoreScripts.InGameMenu.Actions.ViewAvatar,Avatarı İncele
CoreScripts.InGameMenu.Cancel,
CoreScripts.InGameMenu.ConfirmLeaveGame,Ayrılmak istediğine emin misin?
CoreScripts.InGameMenu.ControllerBar.Back,
CoreScripts.InGameMenu.ControllerBar.Cancel,
CoreScripts.InGameMenu.ControllerBar.CloseMoreMenu,Daha Fazla Menüsünü Kapat
CoreScripts.InGameMenu.ControllerBar.Leave,Ayrıl
CoreScripts.InGameMenu.ControllerBar.OpenMoreMenu,Daha Fazla Menüsünü Aç
CoreScripts.InGameMenu.ControllerBar.Respawn,
CoreScripts.InGameMenu.ControllerBar.RespawnCharacter,Karakteri Sıfırla
CoreScripts.InGameMenu.Controls.AccessoriesTitle,Aksesuarlar
CoreScripts.InGameMenu.Controls.BackExitLabel,Geri/Çık
CoreScripts.InGameMenu.Controls.BackGamepad,
CoreScripts.InGameMenu.Controls.Backpack,Sırt Çantası
CoreScripts.InGameMenu.Controls.Backspace,Backspace (Geri) Tuşu
CoreScripts.InGameMenu.Controls.CameraMovementTitle,Kamera hareketi
CoreScripts.InGameMenu.Controls.CameraZoomGamepad,Kamera yakınlaştırması
CoreScripts.InGameMenu.Controls.CharacterMovementTitle,Karakter hareketi̇
CoreScripts.InGameMenu.Controls.Chat,
CoreScripts.InGameMenu.Controls.DevConsole,Geliştirici konsolu
CoreScripts.InGameMenu.Controls.DownArrow,Aşağı ok
CoreScripts.InGameMenu.Controls.DropTool,Aleti bırak
CoreScripts.InGameMenu.Controls.EquipUnequipTools,Aletleri donan/donanma
CoreScripts.InGameMenu.Controls.FirstPersonCameraLabel,(Tıkla) Birinci Şahıs/Üçüncü Şahıs Kamera
CoreScripts.InGameMenu.Controls.GameMenuToggle,Oyun menüsü geçişi
CoreScripts.InGameMenu.Controls.GameMenuToggleGamepad,Kullanıcı arayüzü seçim tuşu
CoreScripts.InGameMenu.Controls.GamepadTitle,Oyun Kumandası
CoreScripts.InGameMenu.Controls.GraphicsLevel,Grafik seviyesi
CoreScripts.InGameMenu.Controls.GraphicsLevelDown,Grafik Seviyesini Azalt
CoreScripts.InGameMenu.Controls.GraphicsLevelUp,Grafik Seviyesini Yükselt
CoreScripts.InGameMenu.Controls.Jump,Zıpla
CoreScripts.InGameMenu.Controls.JumpSelectLabel,Zıpla/Seç
CoreScripts.InGameMenu.Controls.KeyboardAndMouseTitle,Klavye ve Fare
CoreScripts.InGameMenu.Controls.LeftArrow,Sol ok
CoreScripts.InGameMenu.Controls.LeftMouseButton,Sol fare düğmesi
CoreScripts.InGameMenu.Controls.MenuItemsTitle,Menü öğeleri
CoreScripts.InGameMenu.Controls.MenuLabel,Menü
CoreScripts.InGameMenu.Controls.MenuNavigationGamepad,Menüde gezinme
CoreScripts.InGameMenu.Controls.MiscellaneousTitle,Çeşitli
CoreScripts.InGameMenu.Controls.MouseLock,Fare kilidi
CoreScripts.InGameMenu.Controls.MouseWheel,Fare tekerleği
CoreScripts.InGameMenu.Controls.MoveBackward,Geri git
CoreScripts.InGameMenu.Controls.MoveForward,İleri git
CoreScripts.InGameMenu.Controls.MoveGamepad,Hareket Et
CoreScripts.InGameMenu.Controls.MoveLeft,Sola git
CoreScripts.InGameMenu.Controls.MoveRight,Sağa git
CoreScripts.InGameMenu.Controls.NextTab,Sonraki Sekme
CoreScripts.InGameMenu.Controls.PerformanceStats,Perf. istatistikleri
CoreScripts.InGameMenu.Controls.Playerlist,Liderlik Tablosu
CoreScripts.InGameMenu.Controls.Playerlist.Friends,
CoreScripts.InGameMenu.Controls.Playerlist.Global,Global
CoreScripts.InGameMenu.Controls.Playerlist.Here,Burada
CoreScripts.InGameMenu.Controls.PreviousTab,Önceki Sekme
CoreScripts.InGameMenu.Controls.RecordVideo,Video kaydet
CoreScripts.InGameMenu.Controls.ResetCameraLabel,Kamerayı Hareket Ettir/Sıfırla
CoreScripts.InGameMenu.Controls.RightArrow,Sağ ok
CoreScripts.InGameMenu.Controls.RightMouseButton,Sağ fare düğmesi
CoreScripts.InGameMenu.Controls.RobloxMenu,Roblox menüsü
CoreScripts.InGameMenu.Controls.RotateCamera,Döndür
CoreScripts.InGameMenu.Controls.RotateCameraGamepad,Kamerayı döndür
CoreScripts.InGameMenu.Controls.Screenshot,Ekran Görüntüsü
CoreScripts.InGameMenu.Controls.SelectItemLabel,Öğeyi Seç
CoreScripts.InGameMenu.Controls.Shift,Shift Tuşu
CoreScripts.InGameMenu.Controls.Space,Space (Boşluk) Tuşu
CoreScripts.InGameMenu.Controls.SwitchToolGamepad,Aleti değiştir
CoreScripts.InGameMenu.Controls.ToggleCameraView,Kamera görünümünü değiştir
CoreScripts.InGameMenu.Controls.ToggleFullscreen,Tam Ekran
CoreScripts.InGameMenu.Controls.UpArrow,Yukarı ok
CoreScripts.InGameMenu.Controls.UseTool,Aleti kullan
CoreScripts.InGameMenu.Controls.VrControllerTitle,VR Kumandası
CoreScripts.InGameMenu.Controls.ZoomInCamera,Yakınlaştır
CoreScripts.InGameMenu.Controls.ZoomInOutCamera,Yakınlaştır/uzaklaştır
CoreScripts.InGameMenu.Controls.ZoomOutCamera,Uzaklaştır
CoreScripts.InGameMenu.EducationalPopup.MenuIconTooltip,Daha fazla deneyim mi arıyorsun?
CoreScripts.InGameMenu.EducationalPopup.UINavigation.Description,"Bazı deneyimler, deneyim içi Kullanıcı Arayüzü ile etkileşmeni mümkün kılan bir seçim kutusuna veya sanal imlece sahip olan Kullanıcı Arayüzü Gezinme Moduna izin verir."
CoreScripts.InGameMenu.EducationalPopup.UINavigation.Title,Kullanıcı Arayüzü Gezinme Moduna nasıl geçiş yapılır
CoreScripts.InGameMenu.ExitModal.ActionExit,Roblox'u Kapat
CoreScripts.InGameMenu.ExitModal.ActionHome,Ana Sayfaya Dön
CoreScripts.InGameMenu.ExitModal.BodyTextClickHome,Ana Sayfa simgesine tıkla
CoreScripts.InGameMenu.ExitModal.BodyTextOpenMenu,Roblox menüsünü aç
CoreScripts.InGameMenu.ExitModal.OptionDontShow,Tekrar Gösterme
CoreScripts.InGameMenu.ExitModal.Subtitle,Uygulamadan ayrılmadan yeni deneyimler keşfet
CoreScripts.InGameMenu.ExitModal.Title,Roblox Uygulamasında Yeni
CoreScripts.InGameMenu.GameSettings.AIRephraseMessages,Mesajları başka şekilde ifade etme
CoreScripts.InGameMenu.GameSettings.AIRephraseMessagesDescription,"Roblox, güvenlik kurallarını ihlal eden mesajları başka şekilde ifade edebilir."
CoreScripts.InGameMenu.GameSettings.AdvancedSettingsTitle,GELİŞMİŞ AYARLAR
CoreScripts.InGameMenu.GameSettings.AudioHeader,Ses
CoreScripts.InGameMenu.GameSettings.AutoGraphicsQuality,Otomatik Kalite Modu
CoreScripts.InGameMenu.GameSettings.CameraMode,Kamera Modu
CoreScripts.InGameMenu.GameSettings.CameraModeCameraToggle,Kamera Geçişi
CoreScripts.InGameMenu.GameSettings.CameraModeClassic,Klasik
CoreScripts.InGameMenu.GameSettings.CameraModeFollow,Takip Eden
CoreScripts.InGameMenu.GameSettings.CameraSensitivity,Kamera Hassasiyeti
CoreScripts.InGameMenu.GameSettings.CameraTitle,KAMERA
CoreScripts.InGameMenu.GameSettings.ChatSummaries,Sohbet özetleri
CoreScripts.InGameMenu.GameSettings.ChatSummariesDescription,"Roblox, otomatik olarak oyuncu mesajlarının özetlerini oluşturur."
CoreScripts.InGameMenu.GameSettings.ClientCoreScriptVersion,İstemci CoreScript Sürümü: {CLIENT_CORESCRIPT_VERSION}
CoreScripts.InGameMenu.GameSettings.ClientVersion,İstemci Sürümü: {CLIENT_VERSION}
CoreScripts.InGameMenu.GameSettings.ComfortSettingComfort,Konforlu
CoreScripts.InGameMenu.GameSettings.ComfortSettingCustom,Özel
CoreScripts.InGameMenu.GameSettings.ComfortSettingExpert,Deneyimli
CoreScripts.InGameMenu.GameSettings.ComfortSettingNormal,Varsayılan
CoreScripts.InGameMenu.GameSettings.ComfortSettingsDescription,Hareketi ve görüş alanını ayarlayarak hareket hastalığını azalt
CoreScripts.InGameMenu.GameSettings.ComputerMoveModeClickToMove,Hareket etmek için tıkla
CoreScripts.InGameMenu.GameSettings.ComputerMoveModeKeyboardMouse,
CoreScripts.InGameMenu.GameSettings.ControlsAudio,KONTROLLER VE SES
CoreScripts.InGameMenu.GameSettings.Default,
CoreScripts.InGameMenu.GameSettings.DeveloperConsole,Geliştirici Konsolu
CoreScripts.InGameMenu.GameSettings.DisplayHeader,Ekran ve Grafikler
CoreScripts.InGameMenu.GameSettings.Friend,Arkadaş
CoreScripts.InGameMenu.GameSettings.FullScreen,
CoreScripts.InGameMenu.GameSettings.GiveFeedback,
CoreScripts.InGameMenu.GameSettings.GiveTranslationFeedback,
CoreScripts.InGameMenu.GameSettings.GraphicsTitle,GRAFİKLER
CoreScripts.InGameMenu.GameSettings.Haptics,Titreşim Ayarı
CoreScripts.InGameMenu.GameSettings.InvertedCamera,Ters Kamera
CoreScripts.InGameMenu.GameSettings.LanguageHeader,Sohbet ve Dil
CoreScripts.InGameMenu.GameSettings.LockedByDeveloper,Geliştirici tarafından kilitlendi
CoreScripts.InGameMenu.GameSettings.MainVolume,Ana Ses Seviyesi
CoreScripts.InGameMenu.GameSettings.ManualGraphicsQuality,Kalite Seviyesi
CoreScripts.InGameMenu.GameSettings.MovementMode,Hareket Modu
CoreScripts.InGameMenu.GameSettings.Open,Aç
CoreScripts.InGameMenu.GameSettings.PlaceVersion,Dünya Sürümü: {PLACE_VERSION}
CoreScripts.InGameMenu.GameSettings.PlaceVersionWithLatest,Dünya Sürümü: {PLACE_VERSION} (En son: {LATEST_PLACE_VERSION})
CoreScripts.InGameMenu.GameSettings.ReadOnlyView,Salt Okunur Görünüm
CoreScripts.InGameMenu.GameSettings.ReadOnlyViewDescription,"Bu, rol izinlerine göre yaratıcı olarak sohbet görünümündür."
CoreScripts.InGameMenu.GameSettings.ReduceMotionDescription,Hareket efektlerini durdur veya azalt
CoreScripts.InGameMenu.GameSettings.ReduceMotionLabel,Hareketi Azalt
CoreScripts.InGameMenu.GameSettings.RequestSent,İstek gönderildi
CoreScripts.InGameMenu.GameSettings.RestartPending,Yeniden başlatma bekleniyor
CoreScripts.InGameMenu.GameSettings.SafetyBubbleModeAnyone,Herkes
CoreScripts.InGameMenu.GameSettings.SafetyBubbleModeDescription,Kimin avatarı ortadan kaybolmadan sana yaklaşabileceğine karar ver
CoreScripts.InGameMenu.GameSettings.SafetyBubbleModeNoOne,Hiç Kimse
CoreScripts.InGameMenu.GameSettings.SafetyBubbleModeOnlyFriends,Yalnızca Arkadaşlar
CoreScripts.InGameMenu.GameSettings.SafetyBubbleModeTitle,Güvenlik Balonu
CoreScripts.InGameMenu.GameSettings.ServerVersion,Sunucu Sürümü: {SERVER_VERSION}
CoreScripts.InGameMenu.GameSettings.ShiftLock,Shift Kilidi Anahtarı
CoreScripts.InGameMenu.GameSettings.ShowMicroProfiler,MicroProfiler'ı göster
CoreScripts.InGameMenu.GameSettings.ShowPerfStats,Performans İstatistiklerini Göster
CoreScripts.InGameMenu.GameSettings.SwitchToAdvancedSettings,Gelişmiş Ayarlar
CoreScripts.InGameMenu.GameSettings.SwitchToVRComfortSettings,Özel Ayarlar
CoreScripts.InGameMenu.GameSettings.UINavToggle,Kullanıcı Arayüzü Gezinme Tuşu
CoreScripts.InGameMenu.GameSettings.UINavToggleDescription,"Kullanıcı arayüzü gezinme moduna girmek ve çıkmak için ""\ tuşunu kullan"""
CoreScripts.InGameMenu.GameSettings.UIScale,Kullanıcı Arayüzü Ölçeklendirmesi
CoreScripts.InGameMenu.GameSettings.UIScaleLargest,En büyük
CoreScripts.InGameMenu.GameSettings.UIScaleMode,Kullanıcı Arayüzü Ölçeklendirme Modu
CoreScripts.InGameMenu.GameSettings.UIScaleModeAuto,Otomatik
CoreScripts.InGameMenu.GameSettings.UIScaleModeManual,Manuel
CoreScripts.InGameMenu.GameSettings.UIScaleSmallest,En küçük
CoreScripts.InGameMenu.GameSettings.VREnabled,VR Modu
CoreScripts.InGameMenu.GameSettings.VRSmoothRotationEnabled,VR Yumuşak Dönüş Etkin
CoreScripts.InGameMenu.GameSettings.VRSteppedRotationEnabled,VR Kademeli Dönüş Etkin
CoreScripts.InGameMenu.GameSettings.VRThirdPersonFixedCamEnabled,Üçüncü Şahıs Sabit Kamera
CoreScripts.InGameMenu.GameSettings.ViewandControlsHeader,Görünüm ve Denetimler
CoreScripts.InGameMenu.GameSettings.VignetteEnabled,VR Vinyet Etkin
CoreScripts.InGameMenu.GameSettings.VoiceChatVolume,Sesli Sohbet Ses Seviyesi
CoreScripts.InGameMenu.GameSettings.Volume,Ses Seviyesi
CoreScripts.InGameMenu.GameSettings.VrControlsTitle,VR KONTROLLERİ
CoreScripts.InGameMenu.InviteFriends.ErrorOccured,"Bir hata oluştu, lütfen tekrar dene."
CoreScripts.InGameMenu.InviteFriends.Loading,Yükleniyor!
CoreScripts.InGameMenu.InviteFriends.MakeFriendsNow,Şimdi Arkadaş Edin
CoreScripts.InGameMenu.InviteFriends.NoFriends,"Henüz hiç arkadaşın yok, arkadaşlık isteği göndermek için kişiler menüsüne göz at."
CoreScripts.InGameMenu.InviteFriends.Search,
CoreScripts.InGameMenu.Label.TouchpadButton,Dokunmatik Yüzey Düğmesi
CoreScripts.InGameMenu.Label.ViewButton,Görüntüleme Düğmesi
CoreScripts.InGameMenu.Leave,
CoreScripts.InGameMenu.LeaveGame,
CoreScripts.InGameMenu.LeaveGameQuestion,Ayrılmak mı istiyorsun?
CoreScripts.InGameMenu.Ok,
CoreScripts.InGameMenu.PageTitle.Controls,Kontroller...
CoreScripts.InGameMenu.PageTitle.GameSettings,
CoreScripts.InGameMenu.PageTitle.InviteFriends,Arkadaşları Davet Et
CoreScripts.InGameMenu.PageTitle.Players,Kişiler
CoreScripts.InGameMenu.PageTitle.Report,Bildir
CoreScripts.InGameMenu.PageTitle.VRComfortSettings,Konfor Ayarları
CoreScripts.InGameMenu.PeoplePage.SwitchServer,Sunucu değiştir
CoreScripts.InGameMenu.Prompt.BackToHome,"Evet, Ana Sayfaya Git"
CoreScripts.InGameMenu.Prompt.ConfirmLeaveGame,Oyundan ayrılmak istediğine emin misin?
CoreScripts.InGameMenu.Prompt.ConfirmResetCharacter,Karakterini sıfırlamak istediğine emin misin?
CoreScripts.InGameMenu.Prompt.ConfirmRespawnCharacter,Karakterinin yeniden doğmasını istediğine emin misin?
CoreScripts.InGameMenu.Prompt.LeaveGame,"Evet, Ayrıl"
CoreScripts.InGameMenu.Prompt.LeaveGameBodyText,Deneyimden ayrılırsan kaydedilmemiş ilerlemeyi kaybedebilirsin.
CoreScripts.InGameMenu.Prompt.LeaveGameTitle,Bu deneyimden ayrılmak ister misin?
CoreScripts.InGameMenu.Prompt.ResumeGame,Oyuna Dön
CoreScripts.InGameMenu.Prompt.VRFTUXLeaveGameBodyText,"Bu deneyimden ayrılmak istediğine emin misin? Eğitime ""Daha Fazla"" kısmından tekrar ulaşabilirsin."
CoreScripts.InGameMenu.QuickActions.MuteSelf,Kendini Sessize Al
CoreScripts.InGameMenu.QuickActions.Report,
CoreScripts.InGameMenu.QuickActions.Respawn,
CoreScripts.InGameMenu.QuickActions.UnmuteSelf,Kendi Sesini Aç
CoreScripts.InGameMenu.Report.AbuseBullying,Zorbalık
CoreScripts.InGameMenu.Report.AbuseDating,Flört Etme
CoreScripts.InGameMenu.Report.AbuseDetailsPlaceHolder,"Kendi sözlerinle, neyin yanlış gittiğini anlamamıza yardım et."
CoreScripts.InGameMenu.Report.AbuseExploiting,Hile/İstismar
CoreScripts.InGameMenu.Report.AbuseOffsiteLink,Site Dışı Bağlantılar
CoreScripts.InGameMenu.Report.AbusePersonalQuestion,Kişisel Soru
CoreScripts.InGameMenu.Report.AbuseScamming,Dolandırıcılık
CoreScripts.InGameMenu.Report.AbuseSwearing,Küfür
CoreScripts.InGameMenu.Report.AbuseTypePlaceHolder,Bir Kötüye Kullanım Türü Seç
CoreScripts.InGameMenu.Report.AbuseUsername,Uygun Olmayan Kullanıcı Adı
CoreScripts.InGameMenu.Report.AdditionalDetails,Buraya ek ayrıntılar ekle
CoreScripts.InGameMenu.Report.Block,Engelle
CoreScripts.InGameMenu.Report.BlockDescription,"Engellediğin kişi artık seninle aynı sunucuya katılamaz, seninle iletişim kuramaz veya seni arkadaş olarak ekleyemez."
CoreScripts.InGameMenu.Report.Category.Description.Experience,Bu deneyimde kötü içerik bulunuyor.
CoreScripts.InGameMenu.Report.Category.Description.Other,"Bu kişi beni takip ediyor, kötü bir gömlek giyiyor vs."
CoreScripts.InGameMenu.Report.Category.Description.Text,Bu kişi metin sohbetinde kötü bir kelime yazdı.
CoreScripts.InGameMenu.Report.Category.Description.Voice,Bu kişi var gücüyle çığlık atıyordu.
CoreScripts.InGameMenu.Report.Category.Header.Experience,Deneyim
CoreScripts.InGameMenu.Report.Category.Header.Other,
CoreScripts.InGameMenu.Report.Category.Header.Text,Metin Sohbeti
CoreScripts.InGameMenu.Report.Category.Header.Voice,Sesli Sohbet
CoreScripts.InGameMenu.Report.Confirm,
CoreScripts.InGameMenu.Report.Confirmation.Blocked,Engellendi
CoreScripts.InGameMenu.Report.Confirmation.Muted,Sessize Alındı
CoreScripts.InGameMenu.Report.Confirmation.MutedAndBlocked,Sessize Alındı ve Engellendi
CoreScripts.InGameMenu.Report.Confirmation.MutedAndBlockedDescriptionWithUser,Artık @{RBX_NAME} adlı kullanıcı ile iletişim kuramayacaksın
CoreScripts.InGameMenu.Report.Confirmation.MutedDescriptionWithUser,Artık @{RBX_NAME} adlı kullanıcıyı duyamayacaksın
CoreScripts.InGameMenu.Report.Confirmation.ThanksForReport,Bildirimde Bulunduğun İçin Teşekkürler
CoreScripts.InGameMenu.Report.Confirmation.ThanksForReportDescription,Yaptığın bildirimi kısa süre içinde inceleyeceğiz ve gerekirse harekete geçeceğiz.
CoreScripts.InGameMenu.Report.DSAFooter,AB Dijital Hizmetler Yasası uyarınca yasa dışı içeriği bildirmek için aşağıdaki adresi ziyaret et: https://www.roblox.com/illegal-content-reporting (İngilizce)
CoreScripts.InGameMenu.Report.Done,
CoreScripts.InGameMenu.Report.FlagingGame,{RBX_NAME} oyununu uygunsuz içerik nedeniyle işaretliyorsun.
CoreScripts.InGameMenu.Report.MenuTitle,Neyi bildiriyorsun?
CoreScripts.InGameMenu.Report.Mute,Sessize Al
CoreScripts.InGameMenu.Report.MuteDescription,Artık sessize aldığın kişiyi duyamayacaksın
CoreScripts.InGameMenu.Report.OtherStepsTitle,Atabileceğin diğer adımlar: @{RBX_NAME}
CoreScripts.InGameMenu.Report.ReportExperience,Deneyimi Bildir
CoreScripts.InGameMenu.Report.ReportGameTitle,{RBX_NAME} Oyununu Bildir
CoreScripts.InGameMenu.Report.ReportPlayerTitle,Kişiyi Bildir
CoreScripts.InGameMenu.Report.ReportTitle,
CoreScripts.InGameMenu.Report.ReportingGame,{RBX_NAME} oyununu Uygunsuz İçerik nedeniyle bildiriyorsun.
CoreScripts.InGameMenu.Report.SelectAbuseType,Kötüye Kullanım Türünü Seç
CoreScripts.InGameMenu.Report.SendReport,
CoreScripts.InGameMenu.Report.ThanksForReport,
CoreScripts.InGameMenu.Report.ThanksForReportDescription,"Yaptığın bildirimi kısa süre içinde inceleyeceğiz ve gerekirse harekete geçeceğiz. Geri bildirimin, topluluğumuzun güvende kalmasına yardımcı oluyor."
CoreScripts.InGameMenu.Report.Title.Experience,
CoreScripts.InGameMenu.Report.Title.Other,Diğerlerini Bildir
CoreScripts.InGameMenu.Report.Title.TextChat,Metin Sohbetini Bildir
CoreScripts.InGameMenu.Report.Title.VoiceChat,Sesli Sohbeti Bildir
CoreScripts.InGameMenu.Report.WillReviewBody,Denetim ekibimiz inceleyip karar verecek.
CoreScripts.InGameMenu.RespawnCharacter,
CoreScripts.InGameMenu.RespawnCharacterDialogBody,"Karakterin, bir sıfırlanma konumuna dönecek."
CoreScripts.InGameMenu.RespawnCharacterDialogConfirm,
CoreScripts.InGameMenu.RespawnCharacterDialogTitle,Karakter sıfırlansın mı?
CoreScripts.InGameMenu.SwitchServer.ConfirmBody,Bu sunucudan ayrılıp başka bir sunucuya geçmek üzeresin.
CoreScripts.InGameMenu.SwitchServer.ConfirmHeader,Ayrılıyor musun?
CoreScripts.InGameMenu.Traversal.HistoryDescription,Daha önce ziyaret edilen oyunlara katıl
CoreScripts.InGameMenu.Traversal.LeaveBody,Bu oyundan ayrılıp {PREVIOUS_EXPERIENCE} oyununa dönmek üzeresin.
CoreScripts.InGameMenu.Traversal.LeaveHeader,
CoreScripts.InGameMenu.Vibration,Titreşim
CoreScripts.InGameMenu.VirtualCursorHintPostIcon,tuşuna basmayı gerektirir
CoreScripts.InGameMenu.VirtualCursorHintPreIcon,"Bazı deneyimler, menüde gezinmek için"
CoreScripts.InGameMenu.VoiceChatVolumeLower,Sesli sohbet ses seviyesi
CoreScripts.PremiumModal.Title.Error,
CoreScripts.PublishAssetPrompt.AssetDescriptionPlaceholder,Açıklama
CoreScripts.PublishAssetPrompt.Cancel,
CoreScripts.PublishAssetPrompt.Description,
CoreScripts.PublishAssetPrompt.DisclaimerAvatar,"Bu deneyimin, avatar öğemi denetlemeye göndereceğini ve Yaratımlarım sayfasına yükleyeceğini kabul ediyorum."
CoreScripts.PublishAssetPrompt.DisclaimerEmote,"Bu deneyimin, ifademi denetlemeye göndereceğini ve Yaratımlarım sayfasına yükleyeceğini kabul ediyorum."
CoreScripts.PublishAssetPrompt.DisclaimerImage,"Bu deneyimin, görselimi denetime göndereceğini ve Yaratımlarım sayfasına yükleyeceğini kabul ediyorum."
CoreScripts.PublishAssetPrompt.DisclaimerModel,Oluşturulan öğeler incelenecek ve Topluluk Standartlarına uymayan reddedilmiş öğeler için iade alamayabilirsin.
CoreScripts.PublishAssetPrompt.InvalidDescription,Geçersiz Açıklama
CoreScripts.PublishAssetPrompt.InvalidName,Geçersiz Ad
CoreScripts.PublishAssetPrompt.Name,Ad
CoreScripts.PublishAssetPrompt.NoUserInput,Bir şeyler yanlış gitti. Lütfen tekrar dene.
CoreScripts.PublishAssetPrompt.PackagesDefaultName,{RBX_NAME} Adlı Kullanıcının Paketi
CoreScripts.PublishAssetPrompt.PublishFailed,
CoreScripts.PublishAssetPrompt.PublishFailedTitle,Gönderme Başarısız
CoreScripts.PublishAssetPrompt.PublishSuccessMessage,Bu öğeyi envanterinde bulabilirsin.
CoreScripts.PublishAssetPrompt.PublishSuccessTitle,Başarılı!
CoreScripts.PublishAssetPrompt.ResultModalOk,
CoreScripts.PublishAssetPrompt.Submit,
CoreScripts.PublishAssetPrompt.TitleTextClothing,Kıyafeti Gönder
CoreScripts.PublishAssetPrompt.TitleTextEmote,İfadeyi Gönder
CoreScripts.PublishAssetPrompt.TitleTextImage,Görseli Gönder
CoreScripts.PublishAssetPrompt.TitleTextModel,Paketi Gönder
CoreScripts.PublishAssetPrompt.TitleTextPackage,
CoreScripts.PublishAssetPrompt.UndefinedError,Bir şeyler yanlış gitti. Lütfen tekrar dene. Hata Kodu: {RESULT_TYPE}
CoreScripts.PublishAvatarPrompt.BodyName,Vücut Adı
CoreScripts.PublishAvatarPrompt.BuyCreation,Yaratımı Satın Al
CoreScripts.PublishAvatarPrompt.Close,
CoreScripts.PublishAvatarPrompt.LeaveCreationTitle,Yaratımdan ayrılmak ister misin?
CoreScripts.PublishAvatarPrompt.Pan,Kamerayı Hareket Ettir
CoreScripts.PublishAvatarPrompt.PurchaseCompleteDescription,Tamamlandığında öğeyi envanterinde bulabilirsin.
CoreScripts.PublishAvatarPrompt.ResetView,Görünümü Sıfırla
CoreScripts.PublishAvatarPrompt.Rotate,
CoreScripts.PublishAvatarPrompt.Zoom,
CoreScripts.PublishCommon.Disclaimer,
CoreScripts.PublishCommon.Leave,
CoreScripts.PublishCommon.Stay,
CoreScripts.PublishCommon.UnsavedWarning,Kaydedilmemiş değişiklikleri kaybedebilirsin
CoreScripts.PurchasePrompt.Button.OK,
CoreScripts.PurchasePrompt.Button.Settings,
CoreScripts.PurchasePrompt.CancelPurchase.Cancel,
CoreScripts.PurchasePrompt.ItemType.Bundle,Set
CoreScripts.PurchasePrompt.ProductType.Product,Ürün
CoreScripts.PurchasePrompt.PurchaseDetails.ScaryModalOne,"Bu satın alım işlemi, gerçek para ile gerçekleşir. 

En az 18 yaşında olduğumu ve hesap sahibinin ebeveyni veya yasal vasisi olduğumu kabul ediyorum. Bu satın alım işlemine izin veriyorum ve Kullanım Koşullarını kabul ediyorum."
CoreScripts.PurchasePrompt.PurchaseDetails.ScaryModalParental,"Bu ay Roblox'ta çok para harcadın. Bu ve sonraki tüm satın alım işlemlerinin makbuzları, bu hesaptaki doğrulanmış ebeveyn e-posta adresine gönderilecektir. "
CoreScripts.PurchasePrompt.PurchaseDetails.ScaryModalTwo,"Bu ay Roblox'ta çok para harcadın. Devam etmek istiyor musun? Bu satın alım işlemi, gerçek para ile gerçekleşir. Bu satın alım işlemine izin vermek için hesap sahibinin ebeveyni veya yasal vasisi olman gerekir."
CoreScripts.PurchasePrompt.PurchaseFailed.AlreadyOwn,Bu öğeye zaten sahipsin. Hesabından ücret alınmadı.
CoreScripts.PurchasePrompt.PurchaseFailed.CannotGetBalance,Bakiyene şu anda erişilemiyor. Hesabından ücret alınmadı. Lütfen daha sonra tekrar dene.
CoreScripts.PurchasePrompt.PurchaseFailed.CannotGetItemPrice,Şu anda öğenin fiyatına erişemedik. Hesabından ücret alınmadı. Lütfen daha sonra tekrar dene.
CoreScripts.PurchasePrompt.PurchaseFailed.Enable2SV,
CoreScripts.PurchasePrompt.PurchaseFailed.Enable2SVLogout,Daha fazla işlem yapabilmek için 2 Aşamalı Doğrulama gerekiyor. 2 Aşamalı Doğrulamayı tamamlamak için Ayarlar > Güvenlik menüsüne git. 2 Aşamalı Doğrulamayı etkinleştirdiğinde mevcut oturumundan çıkış yapılır.
CoreScripts.PurchasePrompt.PurchaseFailed.InvalidFunds,Hesabında yeterli Robux bulunmadığından satın alım işlemin başarısız oldu. Hesabından ücret alınmadı.
CoreScripts.PurchasePrompt.PurchaseFailed.Limited,Bu sınırlı sayıda üretilmiş öğenin başka kopyası yok. www.roblox.com adresindeki başka bir kullanıcıdan satın almayı dene. Hesabından ücret alınmadı.
CoreScripts.PurchasePrompt.PurchaseFailed.NotEnoughRobux,"Bu öğenin fiyatı, satın alabileceğin Robux'tan daha fazla. Daha fazla Robux satın almak için lütfen www.roblox.com adresini ziyaret et."
CoreScripts.PurchasePrompt.PurchaseFailed.NotEnoughRobuxNoUpsell,"Bu öğenin fiyatı, sahip olduğun Robux'tan daha fazla. "
CoreScripts.PurchasePrompt.PurchaseFailed.NotEnoughRobuxXbox,"Bu öğenin fiyatı, sahip olduğun Robux'tan daha fazla. Lütfen bu deneyimden ayrıl ve daha fazla Robux satın almak için Robux ekranına git."
CoreScripts.PurchasePrompt.PurchaseFailed.NotForSale,Bu öğe şu anda satılık değil. Hesabından ücret alınmadı.
CoreScripts.PurchasePrompt.PurchaseFailed.NotForSaleHere,Bu öğe bu deneyimde satılamıyor. Hesabından ücret alınmadı.
CoreScripts.PurchasePrompt.PurchaseFailed.PremiumOnly,Bu öğeyi satın almak için Roblox Premium'a sahip olman gerekir.
CoreScripts.PurchasePrompt.PurchaseFailed.PurchaseDisabled,Deneyim içi satın alım işlemleri geçici olarak devre dışı bırakıldığından satın alım işlemin başarısız oldu. Hesabından ücret alınmadı. Lütfen daha sonra tekrar dene.
CoreScripts.PurchasePrompt.PurchaseFailed.ThirdPartyDisabled,Bu dünya için üçüncü taraf öğe satışları devre dışı bırakıldı. Hesabından ücret alınmadı.
CoreScripts.PurchasePrompt.PurchaseFailed.Under13,Hesabın 13 yaşın altında. Bu öğenin satın alınmasına izin verilmiyor. Hesabından ücret alınmadı.
CoreScripts.PurchasePrompt.PurchaseFailed.UnknownFailure,Bir şeyler ters gittiği için {ITEM_NAME} satın alım işlemin başarısız oldu. Hesabından ücret alınmadı. Lütfen daha sonra tekrar dene.
CoreScripts.PurchasePrompt.PurchaseFailed.UnknownFailureNoItemName,Bir şeyler ters gittiği için satın alım işlemin başarısız oldu. Hesabından ücret alınmadı. Lütfen daha sonra tekrar dene.
CoreScripts.PurchasePrompt.PurchaseMessage.Succeeded,{ITEM_NAME} satın alım işlemin başarılı!
CoreScripts.PurchasePrompt.Title.BuyItem,Öğeyi Satın Al
CoreScripts.PurchasePrompt.Title.VerificationRequired,
CoreScripts.ScreenshotHud.Action.Cancel,
CoreScripts.ScreenshotHud.Action.TakePhoto,Ekran Görüntüsü Al
CoreScripts.TextChat.Action.SendQuickWords,Hızlı Sözler Gönder
CoreScripts.TextChat.ChannelTabs.Friends,
CoreScripts.TextChat.ChannelTabs.Global2,Genel
CoreScripts.TextChat.ChannelTabs.Here,Buradan
CoreScripts.TextChat.ChannelTabs.System,Sistem
CoreScripts.TextChat.ChannelTabs.Team,Ekip
CoreScripts.TextChat.ChatCommands.Mute.Description,/mute <speaker>: Bir konuşmacıyı sessize al.
CoreScripts.TextChat.ChatCommands.Unmute.Description,/unmute <speaker>: Bir konuşmacının susturulmasını bitir.
CoreScripts.TextChat.ChatTranslation.ChatWindow.SystemMessageNew,"Roblox, sohbette desteklenen dilleri otomatik olarak çevirir"
CoreScripts.TextChat.ChatTranslation.FTUX.TitleNew,Desteklenen diller için sohbet çevirisi açık
CoreScripts.TextChat.ChatWindow.ChatDisabled.AskForPermission,Burada yalnızca sistem mesajlarını görüntüleyebilirsin. Sohbet etmek için İletişim ayarlarında ebeveyninden izin iste.
CoreScripts.TextChat.ChatWindow.ChatDisabled.AskForPermissionToAgeCheck,Burada yalnızca sistem mesajlarını görüntüleyebilirsin. Yaş kontrolü için İletişim ayarlarında ebeveyninden izin iste.
CoreScripts.TextChat.ChatWindow.ChatDisabled.CheckAgeInAccountInfo,Burada yalnızca sistem mesajlarını görüntüleyebilirsin. Ayarlar > Hesap bilgileri bölümünden yaş sınırını kontrol ederek sohbetin kilidini aç.
CoreScripts.TextChat.ChatWindow.ChatDisabled.CheckAgeInSettings,Burada yalnızca sistem mesajlarını görüntüleyebilirsin. Sohbet etmek için İletişim ayarlarında yaş kontrolü yap.
CoreScripts.TextChat.ChatWindow.ChatDisabled.DontMissMessages,Mesajları kaçırma. Yaş kontrolü ile sohbetin kilidini aç.
CoreScripts.TextChat.ChatWindow.ChatDisabled.GetAnAgeCheck,Burada yalnızca sistem mesajlarını görüntüleyebilirsin. Sohbet etmek için yaş kontrolünü tamamla.
CoreScripts.TextChat.ChatWindow.ChatDisabled.OnlyViewSystemMessages,Burada yalnızca sistem mesajlarını görüntüleyebilirsin.
CoreScripts.TextChat.ChatWindow.ChatDisabled.RegionUnavailable,Burada yalnızca sistem mesajlarını görüntüleyebilirsin. Bölgende sohbet kullanılamıyor.
CoreScripts.TextChat.ChatWindow.ChatDisabled.SettingOff,Burada yalnızca sistem mesajlarını görüntüleyebilirsin. Sohbeti açmak için İletişim ayarlarını güncelle.
CoreScripts.TextChat.ChatWindow.ChatEnabled.ChatInRegion,Sistem mesajlarını görüntüleyebilir ve yalnızca bölgendeki kullanıcılarla sohbet edebilirsin.
CoreScripts.TextChat.ChatWindow.ChatEnabled.ChatWithAgeGroupAAndTF,Yalnızca benzer yaş gruplarındaki insanlar ve güvenilir arkadaşların seninle sohbet edebilir.
CoreScripts.TextChat.ChatWindow.ChatEnabled.ChatWithAgeGroupAndTC,Yalnızca benzer yaş gruplarındaki insanlar ve Güvenilir Etkileşim Ağındaki kişiler seninle sohbet edebilir.
CoreScripts.TextChat.ChatWindow.ChatEnabled.ChatWithOnlinePlayers.BelowThreshold,Şu anda oynayan herkese selam ver!
CoreScripts.TextChat.ChatWindow.ChatEnabled.ChatWithOnlinePlayers.Local.WithCount,{RBX_COUNT} diğer oyuncu sohbette. Selam ver!
CoreScripts.TextChat.ChatWindow.ChatEnabled.ChatWithOnlinePlayers.V3,👋 Şu anda oynayan herkese selam ver!
CoreScripts.TextChat.ChatWindow.ChatEnabled.ChatWithTF,Yalnızca güvenilir arkadaşların seninle sohbet edebilir.
CoreScripts.TextChat.ChatWindow.ChatEnabled.Global2,Bu oyunda daha fazla kişiyle sohbet et. Yalnızca benzer yaş gruplarındaki kişiler seninle sohbet edebilir.
CoreScripts.TextChat.ChatWindow.ChatWithOnlinePlayers.Local.Friendly,✨ Eğlenceye katıl! Şu anda oynayan herkese selam ver!
CoreScripts.TextChat.ChatWindow.ChatWithOnlinePlayers.Local.WithCount,👋 {RBX_COUNT} oyuncu sohbette. Selam ver!
CoreScripts.TextChat.ChatWindow.HandFreeTranscriptionFTUX,Ellerini serbest bırakmak için basılı tut
CoreScripts.TextChat.ChatWindow.RephrasedLabel,başka şekilde ifade edildi
CoreScripts.TextChat.ChatWindow.RephrasedReason.Description,"Roblox, güvenlik kurallarını ihlal eden mesajları başka şekilde ifade eder."
CoreScripts.TextChat.ChatWindow.RewrittenLabel,yeniden yazılmış
CoreScripts.TextChat.ChatWindow.SummarySystemMessage,
CoreScripts.TextChat.ChatWindow.Transcribing,Metne dönüştürülüyor...
CoreScripts.TextChat.ChatWindow.TranscriptionFailed,Anlayamadık! Tekrar dene.
CoreScripts.TextChat.ChatWindow.TranscriptionLanguageUnsupported,Bu dili henüz desteklemiyoruz!
CoreScripts.TextChat.ChatWindow.TranscriptionNoMicAccessToastBody,Mikrofonunu kullanmak için cihaz ayarlarına git ve Roblox'a mikrofon izni ver.
CoreScripts.TextChat.ChatWindow.TranscriptionNoMicAccessToastHeader,Mikrofona erişilemiyor
CoreScripts.TextChat.ChatWindow.TranscriptionU13MicAccessToastBody,Sesinle mesaj göndermen için ses kaydını işleyecek ve gizlilik politikamız uyarınca sonra hemen sileceğiz.
CoreScripts.TextChat.ChatWindow.TranscriptionU13MicAccessToastHeader,Sesle yazılı sohbet özelliğini etkinleştirdin
CoreScripts.TextChat.ChatWindow.TrustedLabel,Güvenilir
CoreScripts.TextChat.ChatWindows.RewrittenReasonLabel,"Roblox, güvenlik kurallarını ihlal eden mesajları yeniden yazar."
CoreScripts.TextChat.Clear.Help.Description,/clear veya /cls: sohbet penceresindeki mesajları temizler 
CoreScripts.TextChat.Description.AskYourParentForPermissionToChat,Sohbet etmek için Gizlilik > İletişim ayarları bölümüne giderek ebeveyninden izin iste.
CoreScripts.TextChat.Description.RobloxSummarizesMessagesFromAllPlayers,"Roblox, her yaştaki oyuncudan gelen mesajları özetler."
CoreScripts.TextChat.Description.TurnOnChatInSettings,Gizlilik > İletişim ayarlarından sohbeti aç.
CoreScripts.TextChat.Description.UnlockChatPrivacyCommunications,Gizlilik > İletişim ayarlarından yaş kontrolü ile sohbet özelliğinin kilidini aç.
CoreScripts.TextChat.Description.UnlockChatWithAnAgeCheck,Yaş kontrolü ile sohbet özelliğinin kilidini aç.
CoreScripts.TextChat.Emote.Error.DoesNotExist,İfade mevcut değil.
CoreScripts.TextChat.Emote.Error.NotEnabled,Bu İfadeyi burada kullanamazsın.
CoreScripts.TextChat.Emote.Error.NotEquipped,Bu İfadeyi donanmadın.
CoreScripts.TextChat.Emote.Error.NotOwnedGeneric,Bu ifadeye sahip değilsin.
CoreScripts.TextChat.EnableChatButton.Label.UnlockChat,Sohbetin kilidini aç
CoreScripts.TextChat.Error.NoChannelAccess,Bu sohbet kanalına erişimin yok
CoreScripts.TextChat.Error.NoChannelSelected,Sohbet kanalı seçilmedi
CoreScripts.TextChat.Error.ReadOnlyChannel,Salt okunur sohbet kanalı
CoreScripts.TextChat.Help.FirstLine,Bunlar temel sohbet komutlarıdır:
CoreScripts.TextChat.InputBar.Hint.ChatUnavailable,Sohbet kullanılamıyor
CoreScripts.TextChat.InputBar.Hint.Gamepad,"Sohbet etmek için menüdeki ""{CHAT_BUTTON}"" düğmesini kullan"
CoreScripts.TextChat.InputBar.Hint.GamepadConnected,"Yazmak için ""{CONFIRM_KEY}"" tuşuna bas"
CoreScripts.TextChat.InputBar.Hint.GamepadConnectedConfirm,
CoreScripts.TextChat.InputBar.Hint.MouseKeyboard,Sohbet etmek için buraya tıkla veya {KEY} tuşuna bas
CoreScripts.TextChat.InputBar.Hint.PrivacySettingsDisabled,"Sohbet ayarların, mesajı göndermeni ve almanı engelliyor."
CoreScripts.TextChat.InputBar.Hint.Touch,Sohbet etmek için buraya dokun
CoreScripts.TextChat.MessageStatus.Warning.Floodchecked,Başka bir mesaj göndermeden önce beklemelisin.
CoreScripts.TextChat.MessageStatus.Warning.InvalidPrivacySettings,
CoreScripts.TextChat.MessageStatus.Warning.MessageTooLong,"Mesajın, maksimum mesaj uzunluğunu aşıyor."
CoreScripts.TextChat.MessageStatus.Warning.ModerateChatOff,Salt okunur görünüm kapatıldı.
CoreScripts.TextChat.MessageStatus.Warning.ModerateChatOn,"Salt okunur görünüm açıldı. Bazı mesajlar, rol izinlerine göre salt okunur."
CoreScripts.TextChat.MessageStatus.Warning.ModerationTimeout,Şu anda sohbete mesaj gönderemiyorsun. Mesajlarını kimse göremez.
CoreScripts.TextChat.MessageStatus.Warning.TextFilterFailed,Sohbet filtresinde şu anda sorunlar yaşanıyor ve mesajların görüntülenmesi yavaş olabilir.
CoreScripts.TextChat.MessageStatus.Warning.Unknown,Mesajın gönderilemedi.
CoreScripts.TextChat.Mute.Error.CannotMuteSelf,Kendini sessize alamazsın.
CoreScripts.TextChat.Mute.Error.MultipleMatches,"Aşağıda listelenen kullanıcılar, şu görünen ada sahip: {RBX_LIST_NAMES}"
CoreScripts.TextChat.Mute.Error.TargetDoesNotExist,"""{RBX_NAME}"" adlı bir kullanıcı yok."
CoreScripts.TextChat.Mute.Success,"""{RBX_NAME}"" adlı kullanıcı sessize alındı."
CoreScripts.TextChat.Notification.WhisperChat.Created,Şu anda {RBX_NAME} ile özel sohbet ediyorsun.
CoreScripts.TextChat.Online.Help.Description3,/online: Bu kanalda sohbet edebileceğin kullanıcı sayısı.
CoreScripts.TextChat.Online.Success.Plural,{RBX_COUNT} oyuncu şu anda çevrimiçi ve sohbet edebilir
CoreScripts.TextChat.Online.Success.Plural2,{RBX_COUNT} diğer oyuncu çevrimiçi ve sohbet edebilir.
CoreScripts.TextChat.Online.Success.Singular,
CoreScripts.TextChat.Online.Success.Singular3,
CoreScripts.TextChat.TeamChat.Error.NotOnTeam,Bir takımda değilsen takım sohbeti yapamazsın.
CoreScripts.TextChat.TeamChat.PrefixText,[Team]
CoreScripts.TextChat.Toast.ModerateChatOff.Subtitle,Yalnızca benzer yaş gruplarındaki insanlarla ve Güvenilir Etkileşim Ağındakilerle sohbet edebilirsin.
CoreScripts.TextChat.Toast.ModerateChatOff.Subtitle.FriendsRename,Yalnızca benzer yaş gruplarındaki insanlarla ve güvenilir arkadaşlarınla sohbet edebilirsin.
CoreScripts.TextChat.Toast.ModerateChatOff.Title,Salt okunur görünüm kapatıldı
CoreScripts.TextChat.Toast.ModerateChatOn.Subtitle,"Bazı mesajlar, rol izinlerine göre salt okunur."
CoreScripts.TextChat.Toast.ModerateChatOn.Title,Salt okunur görünüm açıldı
CoreScripts.TextChat.Tooltip.Global.Body,Buradaki insanlarla veya bu oyundaki daha fazla kişiyle sohbet et.
CoreScripts.TextChat.Tooltip.Global.Header,Daha fazla insanla sohbet et
CoreScripts.TextChat.Tooltip.QuickWords.Body,Her yaştan oyuncuyla koordine ol.
CoreScripts.TextChat.Tooltip.QuickWords.Header,Hızlı Sözleri kullanarak birlikte oyun oynayın
CoreScripts.TextChat.Unmute.Success,"""{RBX_NAME}"" adlı kullanıcının sesi açıldı."
CoreScripts.TextChat.Version.Success,{RBX_VERSION}
CoreScripts.TextChat.Whisper.Error.CannotChat,Bu kişiyle sohbet edemezsin.
CoreScripts.TextChat.WhisperChat.PrefixText.Incoming,[Gönderen: {RBX_NAME}]
CoreScripts.TextChat.WhisperChat.PrefixText.Outgoing,[Alıcı: {RBX_NAME}]
CoreScripts.TopBar.Back,
CoreScripts.TopBar.Chat,
CoreScripts.TopBar.ControlMessageMotion,Hareket Takibi
CoreScripts.TopBar.ControlMessageOff,Kapalı
CoreScripts.TopBar.ControlMessageOn,Açık
CoreScripts.TopBar.ControlMessageSound,Ses Takibi
CoreScripts.TopBar.DynamicAvatarMissingErrorBody,Avatar > Özelleştir > Kafa ve Vücut
CoreScripts.TopBar.DynamicAvatarMissingErrorHeader,Göz kırpmak için dinamik bir kafa ekle!
CoreScripts.TopBar.Emotes,İfadeler
CoreScripts.TopBar.GameNamePlaceHolder,
CoreScripts.TopBar.HideChat,Sohbeti gizle
CoreScripts.TopBar.Inventory,
CoreScripts.TopBar.JoinVoice,Sesli Sohbet Et
CoreScripts.TopBar.Label.UILessHintDescription,Roblox menüsünü açmak için ESC tuşuna bas
CoreScripts.TopBar.Label.UILessHintTitle,Roblox menüsünü başlatmanın yeni yolu
CoreScripts.TopBar.Leaderboard,
CoreScripts.TopBar.Leave,
CoreScripts.TopBar.LoadingScreen.AutoTranslate,Otomatik Çevrildi
CoreScripts.TopBar.Menu,
CoreScripts.TopBar.Mic,Mikrofon
CoreScripts.TopBar.MoreMenu,Daha Fazla Menüsü
CoreScripts.TopBar.Music,Müzik
CoreScripts.TopBar.MusicLoading,Ses çalmıyor
CoreScripts.TopBar.MusicNotVerified,Çalan ses doğrulanmamış
CoreScripts.TopBar.Respawn,
CoreScripts.TopBar.RobloxMenu,Roblox Menüsü
CoreScripts.TopBar.RobloxMenuReferralRewardTooltip,{referralRewardName} için arkadaşlarını davet et
CoreScripts.TopBar.RobloxPermissionErrorBody,Roblox Ayarları > Gizlilik > Mikrofon ve Kamera Girişi
CoreScripts.TopBar.RobloxPermissionErrorBodyTwo,Roblox Ayarları › Gizlilik ve içerik derecelendirmesi › İletişim › Kamera Girişi
CoreScripts.TopBar.RobloxPermissionErrorHeader,Kamera Erişimine İzin Ver
CoreScripts.TopBar.SelfViewLabel,Kendi Görüntün
CoreScripts.TopBar.ShowChat,Sohbeti göster
CoreScripts.TopBar.Title.ExperienceControls,Deneyim Kontrolleri
CoreScripts.TopBar.ToggleMic,Kendini Sessize Al/Sesini Aç
CoreScripts.TopBar.Traversal.BackButtonDefault,Önceki deneyim
CoreScripts.TopBar.Traversal.History,Geçmiş
CoreScripts.VRFTUX.Action.Next,
CoreScripts.VRFTUX.Action.Skip,Atla
CoreScripts.VRFTUX.Description.Movement.Body1,Bir deneyimde gezinmek için <b>sol</b> oyun kumandandaki kontrol çubuğunu kullan.
CoreScripts.VRFTUX.Description.Movement.Body2,Zıplamak için <b>A</b> düğmesine bas.
CoreScripts.VRFTUX.Description.Movement.Body3,Yerinde dönmek için <b>sağ</b> kontrol çubuğunu sola veya sağa hareket ettir.
CoreScripts.VRFTUX.Description.OtherSettings.Body1,Deneyim Menündeki diğer Konfor ve Sürükleyicilik ayarlarını da değiştirebilirsin.
CoreScripts.VRFTUX.Description.OtherSettings.Body2,"Bu eğitim tamam! Artık Roblox'un tadını çıkarmaya hazırsın!
Bu deneyimden ayrılmak için lütfen alt çubuktaki ayrıl düğmesini kullan."
CoreScripts.VRFTUX.Description.Perspective.Body1,<b>Sağ</b> oyun kumandandaki kontrol çubuğuna tıklayarak birinci şahıs bakış açısı ile üçüncü şahıs bakış açısı arasında geçiş yapmayı dene.
CoreScripts.VRFTUX.Description.Perspective.Body2,"Roblox'taki bakış açın, varsayılan şekilde üçüncü şahıs olarak ayarlanmıştır ancak Roblox'u birinci şahıs olarak sürükleyici bir şekilde deneyimlemeyi seçebilirsin."
CoreScripts.VRFTUX.Description.SafetyBubble.Body1,VR'de güvenliğini sağlamak için <b>Güvenlik Balonu</b> adı verilen bir özelliği kullanıma sunduk.
CoreScripts.VRFTUX.Description.SafetyBubble.Body2,"Bu balon, avatarının etrafında bulunan görünmez bir balondur ve diğer oyuncuların kaybolmadan sana ne kadar yaklaşabileceğini belirler. Bu kontrolleri <b>Deneyim Menüsü</b> sayfasından ayarlayabilirsin."
CoreScripts.VRFTUX.Heading.Header,Roblox'a Hoş Geldin
CoreScripts.VRFTUX.Heading.Movement,Hareket Kontrolü
CoreScripts.VRFTUX.Heading.OtherSettings.Title,Diğer Ayarlar
CoreScripts.VRFTUX.Heading.Perspective,Perspektifini Değiştir
CoreScripts.VRFTUX.Heading.SafetyBubble.Title,
CoreScripts.VRFTUX.Label.Footer,Güzel vakit geçirmeni umuyoruz!
Corescripts.AvatarContextMenu.AcceptFriendRequest,
Corescripts.AvatarContextMenu.AddFriend,
Corescripts.AvatarContextMenu.Chat,Sohbet Et
Corescripts.AvatarContextMenu.ChatDisabled,Sohbet Devre Dışı
Corescripts.AvatarContextMenu.FriendRequestPending,Arkadaşlık İsteği Beklemede
Corescripts.AvatarContextMenu.Friends,Arkadaşsın
Corescripts.AvatarContextMenu.PlayerBlocked,Kişi Engellendi
Corescripts.AvatarContextMenu.Wave,El Salla
Feature.AbuseReportDialog.Label.GeneralError,
Feature.Accessibility.Action.ScrollDown,Aşağı Kaydır
Feature.Accessibility.Action.ScrollUp,Yukarı Kaydır
Feature.Accessibility.Description.PreferredTextSize,Tercihlerine göre Roblox genelinde metin boyutunu değiştir
Feature.Accessibility.Description.PreferredTransparency,Bazı arka planlarda şeffaflığı ayarlayarak kontrastı arttır
Feature.Accessibility.Description.ReducedMotion,
Feature.Accessibility.Description.UiNavigationKeyBind,Kullanıcı Arayüzü navigasyon moduna girmek ve çıkmak için {uiNavigationKey} tuşunu kullan
Feature.Accessibility.Header.Haptics,
Feature.Accessibility.Heading.PreferredTextSize,Metin boyutu
Feature.Accessibility.Heading.PreferredTransparency,Arka plan şeffaflığı
Feature.Accessibility.Heading.ReducedMotion,Hareketi azalt
Feature.Accessibility.Heading.UiNavigationKeyBind,Kullanıcı arayüzü gezinme değiştirme
Feature.Accessibility.PreferredTextSize.Default,
Feature.Accessibility.PreferredTextSize.Largest,En Büyük
Feature.Accessibility.PreferredTransparency.Opaque,Opak
Feature.Accessibility.PreferredTransparency.Transparent,Şeffaf
Feature.AccountSecurityPrompt.Message.Error.Pin.IncorrectPin,Hatalı PIN.
Feature.AccountSettings.Action.Verify,Doğrula
Feature.AccountSettings.Description.AddPhoneNumber,"Oturum açmana, arkadaşlarınla bağlantı kurmana ve daha fazlasına yardımcı olması için bir telefon numarası ekle."
Feature.AccountSettings.Description.NotShownPublicly,Telefon numaran hiçbir zaman herkese açık olarak gösterilmeyecek.
Feature.AccountSettings.Example.Facebook,örneğin www.facebook.com/Roblox
Feature.AccountSettings.Example.Guilded,örneğin guilded.gg/roblox
Feature.AccountSettings.Example.Twitch,örneğin www.twitch.tv/roblox/profile
Feature.AccountSettings.Example.Twitter,örneğin @Roblox
Feature.AccountSettings.Example.YouTube,örneğin www.youtube.com/user/roblox
Feature.AccountSettings.Heading.SocialNetworks,Sosyal Ağlar
Feature.AccountSettings.Heading.Tab.Notifications,Bildirimler
Feature.AccountSettings.Heading.Tab.Privacy,
Feature.AccountSettings.Heading.Tab.Robux,Robux
Feature.AccountSettings.Heading.Tab.Security,Güvenlik
Feature.AccountSettings.Label.Discord,Discord
Feature.AccountSettings.Label.DropDown.Everyone,
Feature.AccountSettings.Label.DropDown.FollowersV3,"Arkadaşlar, takip ettiklerim ve takipçilerim"
Feature.AccountSettings.Label.DropDown.FollowingV2,Arkadaşlar ve takip ettiğim kullanıcılar
Feature.AccountSettings.Label.DropDown.Friends,
Feature.AccountSettings.Label.DropDown.NoOne,Hiç kimse
Feature.AccountSettings.Label.Facebook,Facebook
Feature.AccountSettings.Label.Guilded,Guilded
Feature.AccountSettings.Label.SocialLinksVisibility,Görüntüleyebilen
Feature.AccountSettings.Label.Twitch,Twitch
Feature.AccountSettings.Label.X,X
Feature.AccountSettings.Label.YouTube,YouTube
Feature.AccountSettings.Message.Error.InvalidFacebookUrl,Facebook profil url'si geçersiz.
Feature.AccountSettings.Message.Error.InvalidGuildedUrl,Guilded profil url'si geçersiz.
Feature.AccountSettings.Message.Error.InvalidTwitchUrl,Twitch profil url'si geçersiz.
Feature.AccountSettings.Message.Error.InvalidXUrl,X hesap adı geçersiz.
Feature.AccountSettings.Message.Error.InvalidYouTubeUrl,YouTube url'si geçersiz.
Feature.AddFriends.Action.IgnoreConnectionRequest,Bağlantı Talebini Yok Say
Feature.AddFriends.Action.IgnoreFriendRequest,Arkadaşlık isteğini yok say
Feature.AddFriends.Action.IgnoreTrustedFriendRequest,Güvenilir arkadaş olarak ekleme talebini yok say
Feature.AddFriends.Action.RequestIgnored,İstek Yok Sayıldı
Feature.AddFriends.Label.AgedUpSearchForFriendsPrompt,Kullanıcı adlarını veya adlarını arayarak Roblox'taki kişileri bul.
Feature.AddFriends.Label.ConnectWithContacts,Rehberindeki kişileri davet et veya hâlihazırda Roblox'ta olan arkadaşlarınla bağlantı kur!
Feature.AddFriends.Label.InputPlaceholder.SearchForPeople,İnsanlar Ara
Feature.AddFriends.Label.InputPlaceholder.SearchForPeopleAltCapitalization,İnsanlar ara
Feature.AddFriends.Label.SearchForFriendsPrompt,Kullanıcı adlarını veya görünen adlarını arayarak Roblox'taki kişileri bul.
Feature.AddFriends.Label.SyncWithContacts,Rehberini senkronize et ve arkadaşlarını davet et!
Feature.AddFriends.Title.ConnectWithContacts,Kişiler rehberinden ekle
Feature.AgeVerificationUpsell.Body.AgeSettingsRedirect,Daha fazla içerik ve özelliğin kilidini aç.
Feature.AgeVerificationUpsell.Button.Cancel,
Feature.AgeVerificationUpsell.Button.Continue,
Feature.AgeVerificationUpsell.Button.Settings,Yaşımı Doğrula
Feature.AgeVerificationUpsell.Modal.ContentText,"Bu deneyime erişmek için yaşını doğrula.

1. Hesap Bilgileri > Yaşımı Doğrula menüsüne git
2. Doğrulama işlemini tamamla
"
Feature.AgeVerificationUpsell.Modal.Title,
Feature.AgeVerificationUpsell.Title.AgeSettingsRedirect,Ayarlarda yaş kontrolü yaptır
Feature.AppealsPortal.Action.OK,
Feature.AppealsPortal.Label.ReportAndAppeals,İhlaller ve İtirazlar
Feature.Avatar.Action.AddNewMakeupLook,Yeni görünüm ekle
Feature.Avatar.Action.Cancel,
Feature.Avatar.Action.CancelSelection,Seçimi iptal et
Feature.Avatar.Action.Clear,Temizle
Feature.Avatar.Action.ComposerPost,Paylaş
Feature.Avatar.Action.ComposerPreviewAndPost,Ön İzle ve Paylaş
Feature.Avatar.Action.CreateSet,
Feature.Avatar.Action.CreateSetFirstRun,Set oluştur
Feature.Avatar.Action.Default,
Feature.Avatar.Action.DefaultView,Varsayılan Görünüm
Feature.Avatar.Action.Delete,
Feature.Avatar.Action.DeleteAvatars,Avatarları sil
Feature.Avatar.Action.DeleteSet,Seti sil
Feature.Avatar.Action.Discard,
Feature.Avatar.Action.EditProfilePicture,Profil Resmini Düzenle
Feature.Avatar.Action.GoBack,Geri Dön
Feature.Avatar.Action.GotIt,Anladım
Feature.Avatar.Action.Keep,Sakla
Feature.Avatar.Action.Leave,
Feature.Avatar.Action.ManageCharacters,Karakterleri yönet
Feature.Avatar.Action.ManageMakeupLooks,Görünümleri yönet
Feature.Avatar.Action.Marketplace,Pazar Yeri
Feature.Avatar.Action.MyPublishedAvatars,Yayımlanan Avatarlarım
Feature.Avatar.Action.MySharedAvatars,Paylaşılan Avatarlarım
Feature.Avatar.Action.Next,
Feature.Avatar.Action.NotNow,Şimdi Değil
Feature.Avatar.Action.Pan,Kamerayı hareket ettir
Feature.Avatar.Action.Posting,Paylaşılıyor
Feature.Avatar.Action.Remove,Kaldır
Feature.Avatar.Action.RemoveAll,Tümünü Kaldır
Feature.Avatar.Action.RemoveFromSet,Setten kaldır
Feature.Avatar.Action.Rename,Yeniden Adlandır
Feature.Avatar.Action.RenameSet,Seti yeniden adlandır
Feature.Avatar.Action.Reset,
Feature.Avatar.Action.RestoreLastSaved,Son kaydedilen avatarı geri yükle
Feature.Avatar.Action.Revert,Geri Döndür
Feature.Avatar.Action.Rotate,
Feature.Avatar.Action.Save,Kaydet
Feature.Avatar.Action.SaveAsNew,Yeni olarak kaydet
Feature.Avatar.Action.Select,
Feature.Avatar.Action.SelectMultipleItems,Birden fazla öğe seç
Feature.Avatar.Action.SelectSlot,Yuvayı Seç
Feature.Avatar.Action.Share,
Feature.Avatar.Action.ShareAvatar,Avatarı Paylaş
Feature.Avatar.Action.ShareCurrentAvatar,Mevcut Avatarını Paylaş
Feature.Avatar.Action.Shop,Satın Al
Feature.Avatar.Action.ShopForMore,Daha Fazlasını Satın Al
Feature.Avatar.Action.ShowMore,Daha Fazlasını Göster
Feature.Avatar.Action.SlotEmote,İfadeyi Yuvaya Yerleştir
Feature.Avatar.Action.Stay,Kal
Feature.Avatar.Action.Switch,Geçiş yap
Feature.Avatar.Action.TryOn,Üstüne Dene
Feature.Avatar.Action.Unequip,Donanmayı bırak
Feature.Avatar.Action.Unselect,
Feature.Avatar.Action.UnslotEmote,İfadeyi Yuvadan Kaldır
Feature.Avatar.Action.Update,
Feature.Avatar.Action.UpdateExistingCharacter,Mevcut karakteri güncelle
Feature.Avatar.Action.UpdateExistingMakeupLook,Mevcut görünümü güncelle
Feature.Avatar.Action.UpdateMakeupLook,Görünümü güncelle
Feature.Avatar.Action.Zoom,
Feature.Avatar.AvatarWidgetTitle,Tarzları Keşfet
Feature.Avatar.BackgroundGeneration.Action.Cancel,
Feature.Avatar.BackgroundGeneration.Action.DeleteBackground,
Feature.Avatar.BackgroundGeneration.Action.DiscardDialogCancel,
Feature.Avatar.BackgroundGeneration.Action.DiscardDialogConfirm,
Feature.Avatar.BackgroundGeneration.Action.Okay,
Feature.Avatar.BackgroundGeneration.Action.Publish,Yayınla
Feature.Avatar.BackgroundGeneration.Action.Upload,Yükle
Feature.Avatar.BackgroundGeneration.Action.View,Görüntüle
Feature.Avatar.BackgroundGeneration.Action.ViewExclusiveBackgrounds,
Feature.Avatar.BackgroundGeneration.Description.CreateBackgroundsWithPlus,Plus ile arka planlar oluştur.
Feature.Avatar.BackgroundGeneration.Description.DiscardDialog,Arka planın henüz yayınlanmadı. Şimdi ayrılırsan onu kaybedeceksin.
Feature.Avatar.BackgroundGeneration.Description.ReadyToUse,Yaratımın kullanıma hazır.
Feature.Avatar.BackgroundGeneration.Description.ReviewBeforePublish,Bu arka plan yapay zekâ ile oluşturulmuştur. Yayınlayarak Roblox Topluluk Standartları'na uyduğunu ve hak sahibi olmadığın içerikler kullanmadığını onaylamış olursun. Envanterinde görünmeden önce incelenecek ve yayınlanan öğeler düzenlenemeyecektir.
Feature.Avatar.BackgroundGeneration.Description.ReviewBeforeUpload,Bu arka plan yapay zekâ ile oluşturulmuştur. Yükleyerek Roblox Topluluk Standartları'na uyduğunu ve hak sahibi olmadığın içerikler kullanmadığını onaylamış olursun. Envanterinde görünmeden önce incelenecektir. Yüklenen öğeler düzenlenemez.
Feature.Avatar.BackgroundGeneration.Description.UnlockExclusiveBackgrounds,Plus ile ücretsiz özel arka planların kilidini aç.
Feature.Avatar.BackgroundGeneration.Description.ViewExclusiveBackgrounds,Plus'a özel ücretsiz arka planlarına göz at.
Feature.Avatar.BackgroundGeneration.Error.CouldntPublish,"Öğe, Topluluk Standartları'na uymuyor"
Feature.Avatar.BackgroundGeneration.Error.LimitReached,Kullanım sınırına ulaştın. Özelleştirmeye devam etmek için daha sonra tekrar dene.
Feature.Avatar.BackgroundGeneration.Error.LimitReachedDay,Kullanım sınırına ulaştın. Özelleştirmeye devam etmek için yarın tekrar dene.
Feature.Avatar.BackgroundGeneration.Error.LimitReachedHour,Kullanım sınırına ulaştın. Özelleştirmeye devam etmek için 1 saat sonra tekrar dene.
Feature.Avatar.BackgroundGeneration.Error.LimitReachedMinute,Kullanım sınırına ulaştın. Özelleştirmeye devam etmek için 1 dakika sonra tekrar dene.
Feature.Avatar.BackgroundGeneration.Error.Moderation,Bu istem yönergelerimize uygun değil. Başka bir şey tarif etmeyi dene.
Feature.Avatar.BackgroundGeneration.Error.ModerationFailed,Bu arka plan Roblox Topluluk Standartları'na uygun olmadığı için envanterine eklenmedi. Yeni bir tane oluşturmayı dene.
Feature.Avatar.BackgroundGeneration.Error.System,Arka planın oluşturulurken bir şeyler yanlış gitti. Lütfen tekrar dene.
Feature.Avatar.BackgroundGeneration.Label.CharacterCount,{count}/{max}
Feature.Avatar.BackgroundGeneration.Label.Description,
Feature.Avatar.BackgroundGeneration.Label.ExclusiveWithPlus,Plus'a özel
Feature.Avatar.BackgroundGeneration.Label.Name,
Feature.Avatar.BackgroundGeneration.PromptPlaceholder,Arka planını tarif et…
Feature.Avatar.BackgroundGeneration.Status.Generating,Arka planın oluşturuluyor…
Feature.Avatar.BackgroundGeneration.Status.Preparing,Arka planın hazırlanıyor…
Feature.Avatar.BackgroundGeneration.Title,Arka Plan Oluştur
Feature.Avatar.BackgroundGeneration.Title.DiscardDialog,Yayınlamadan ayrılmak mı istiyorsun?
Feature.Avatar.BackgroundGeneration.Title.PublishBackground,
Feature.Avatar.BackgroundGeneration.Title.PublishToInventory,Envanterde yayınla
Feature.Avatar.BackgroundGeneration.Title.UploadBackground,
Feature.Avatar.BackgroundGeneration.Title.UploadToInventory,Envantere yükle
Feature.Avatar.BackgroundGeneration.Tooltip.CreateBackground,Plus ile ücretsiz arka planlar oluştur!
Feature.Avatar.BackgroundGeneration.Tooltip.PublishBackground,Envanterinde yayınla
Feature.Avatar.Backgrounds.Title,Arka planlar
Feature.Avatar.ColorAdjustmentPage.AdjustmentNotAvailableForBody,Düzenlemeler bu vücut stilinde kullanılamıyor.
Feature.Avatar.ColorAdjustmentPage.Label.SelectDefaultColors,Varsayılan orijinal vücut renklerine dön
Feature.Avatar.ColorAdjustmentPage.Title,Cilt Rengi
Feature.Avatar.ComposerPosting,
Feature.Avatar.Description.MakeupIntroFtux,Sonsuz makyaj kombinasyonlarıyla kendi eşsiz görünümünü oluştur.
Feature.Avatar.EmoteAlreadyAssigned,Bu İfade zaten bir yuvaya atanmış
Feature.Avatar.Feature.Avatar.BackgroundGeneration.Title,
Feature.Avatar.Feature.DisplayName.ErrorMessage.SomethingWentWrong,
Feature.Avatar.Generic.Error,
Feature.Avatar.GetInspired,İlham Al
Feature.Avatar.Header.Post,Paylaşım
Feature.Avatar.Heading.AccessoryAdjustmentTitle,Aksesuar Ayarları
Feature.Avatar.Heading.Active,Aktif
Feature.Avatar.Heading.All,Tümü
Feature.Avatar.Heading.Animations,Animasyonlar
Feature.Avatar.Heading.AvatarLooksWidget,Avatarlar
Feature.Avatar.Heading.BodyParts,Vücudun Bölümleri
Feature.Avatar.Heading.Clothing,Kıyafet
Feature.Avatar.Heading.DeleteAssets,Varlıkları Sil
Feature.Avatar.Heading.DeleteCharacter,Bu karakteri silmek istiyor musun?
Feature.Avatar.Heading.DuplicateCharacter,Karakteri kopyala
Feature.Avatar.Heading.Emotes,
Feature.Avatar.Heading.Expired,Süresi doldu
Feature.Avatar.Heading.Filter,Filtre
Feature.Avatar.Heading.Filters,Filtreler
Feature.Avatar.Heading.LooksAvatarSaved,Avatar Kaydedildi!
Feature.Avatar.Heading.LooksCharacterSaved,Karakter Kaydedildi!
Feature.Avatar.Heading.LooksPurchaseFailed,Satın Alım Başarısız
Feature.Avatar.Heading.LooksPurchasePartialSuccess,Bir Kısmı Başarılı
Feature.Avatar.Heading.MakeupLookSaved,Makyaj görünümü kaydedildi!
Feature.Avatar.Heading.Manage,Yönet
Feature.Avatar.Heading.MySharedAvatarsTitle,
Feature.Avatar.Heading.Outfits,Kıyafetler
Feature.Avatar.Heading.RenameCharacter,
Feature.Avatar.Heading.SaveCostume,Karakteri Kaydet
Feature.Avatar.Heading.SelectToUpdate,Güncellemek İçin Seç
Feature.Avatar.Heading.SetLimitReached,Set sınırına ulaşıldı
Feature.Avatar.Heading.SetNameDuplicate,Yinelenen ad
Feature.Avatar.Heading.SetNameNotAllowed,Ada izin verilmiyor
Feature.Avatar.Heading.SetUpdateFailed,Set güncellenemedi
Feature.Avatar.Heading.SharePublicAvatar,Avatarını paylaş
Feature.Avatar.Heading.SortBy,Sıralama ölçütü
Feature.Avatar.Heading.UsedName,Ad Kullanılmış
Feature.Avatar.Heading.WearConfirmation,Öğeyi Giy
Feature.Avatar.HeroWidget.BundleTitle,Korblox Pactbreaker
Feature.Avatar.HeroWidget.CapsuleDescription,Roblox orijinallerinin üç yeni yorumu
Feature.Avatar.HeroWidget.CapsulePoolDescription,İlgi uyandıracak üç yeni öğe
Feature.Avatar.HeroWidget.CapsulePoolTitle,Havuz Partisi
Feature.Avatar.HeroWidget.CapsuleTitle,Yeniden Tasarlanmış Klasikler
Feature.Avatar.ItemDidNotMeetRobloxCommunityStandards.BodyText,"{category} ""{item}"" Roblox Topluluk Standartları'na aykırı olduğu için kaldırıldı.{lineBreak}Daha fazla bilgi edinmek veya başka bir inceleme talep etmek için İhlaller ve İtirazlar sayfasını ziyaret et."
Feature.Avatar.ItemDidNotMeetRobloxCommunityStandards.TitleText,"Öğe, Roblox Topluluk Standartları'na uymuyor"
Feature.Avatar.ItemsRemovedFromAvatar.TitleText,Öğe avatardan kaldırıldı
Feature.Avatar.Label,
Feature.Avatar.Label.AbyssBlue,Mavi Boşluk
Feature.Avatar.Label.AbyssBlueDark,Mavi Abis (Koyu)
Feature.Avatar.Label.AbyssBlueLight,Mavi Abis (Açık)
Feature.Avatar.Label.Accessory,Aksesuar
Feature.Avatar.Label.AccessoryAdjustment.Entry.Tooltip,Aksesuarlarının kalıbını ayarla!
Feature.Avatar.Label.AccessoryAdjustment.Items.Tooltip,Ayarlanacak öğeyi seç
Feature.Avatar.Label.AccessoryCannotBeAdjustedWarning,Düzenlemeler bu öğe için kullanılamıyor.
Feature.Avatar.Label.Add,
Feature.Avatar.Label.AddEdit,Ekle/Düzenle
Feature.Avatar.Label.AddManage,Ekle/Yönet
Feature.Avatar.Label.AddManage2,
Feature.Avatar.Label.AllAvatarSets,
Feature.Avatar.Label.AllFolders,
Feature.Avatar.Label.AllHeads,Tüm Kafalar
Feature.Avatar.Label.AnimationFullSet,Tam Set
Feature.Avatar.Label.AvatarAdjustment,Avatar Ayarlaması
Feature.Avatar.Label.AvatarBackground,Avatar Arka Planı
Feature.Avatar.Label.Avatars,
Feature.Avatar.Label.Back,Arka Taraf
Feature.Avatar.Label.Backgrounds,
Feature.Avatar.Label.Blocky,Bloksu
Feature.Avatar.Label.BodyColorAdvancedView,Gelişmiş
Feature.Avatar.Label.BodyColorAllLimbs,
Feature.Avatar.Label.BodyColorHead,Kafa
Feature.Avatar.Label.BodyColorLeftArm,Sol Kol
Feature.Avatar.Label.BodyColorLeftLeg,Sol Bacak
Feature.Avatar.Label.BodyColorRightArm,Sağ Kol
Feature.Avatar.Label.BodyColorRightLeg,Sağ Bacak
Feature.Avatar.Label.BodyColorStandardView,Standart
Feature.Avatar.Label.BodyColorTorso,Gövde
Feature.Avatar.Label.BodyParts,Vücut Bölümleri: {bodyPart}
Feature.Avatar.Label.BodySize,Vücut Ölçüsü
Feature.Avatar.Label.BodyType,Vücut Tipi
Feature.Avatar.Label.Bodysuits,Tulumlar
Feature.Avatar.Label.Bottom,Alt
Feature.Avatar.Label.Bottoms,Altlar
Feature.Avatar.Label.Build,Yapı
Feature.Avatar.Label.BuyAvatarQuestion,Bu avatarı satın almak ister misin?
Feature.Avatar.Label.BuyLookQuestion,Bu kıyafeti satın almak ister misin?
Feature.Avatar.Label.BuyMakeupQuestion,Bu makyaj görünümünü satın almak ister misin?
Feature.Avatar.Label.BuyOutfitLuobuMultiple,Lütfen eğlenceni ve tüketimini aşırılığa kaçmadan ve mantıklı bir şekilde yap. [{numItems}] öğe satın almak ister misin?
Feature.Avatar.Label.BuyOutfitLuobuSingle,Lütfen eğlenceni ve tüketimini aşırılığa kaçmadan ve mantıklı bir şekilde yap. [[1]] öğe satın almak ister misin?
Feature.Avatar.Label.BuyOutfitMultiple,[{numItems}] öğe satın almak ister misin?
Feature.Avatar.Label.BuyOutfitSingle,[1] öğe satın almak ister misin?
Feature.Avatar.Label.By,Oluşturan:
Feature.Avatar.Label.ClassicFaces,Klasik Yüzler
Feature.Avatar.Label.ClassicHeads,Klasik Kafalar
Feature.Avatar.Label.ClassicPants,Klasik Pantolonlar
Feature.Avatar.Label.ClassicShirts,Klasik Gömlekler
Feature.Avatar.Label.ClassicTShirts,Klasik Tişörtler
Feature.Avatar.Label.ClearByCategory,{category} kategorisini temizle
Feature.Avatar.Label.Climb,Tırmanma
Feature.Avatar.Label.ClimbAnimations,Tırmanma Animasyonları
Feature.Avatar.Label.CostumeWarning,"Kostüm adı yalnızca harfler, sayılar ve boşluklar içerebilir"
Feature.Avatar.Label.CountSelected,{itemCount} Öğe Seçildi
Feature.Avatar.Label.Creations,Yaratımlar
Feature.Avatar.Label.CurrentlyWearing,Şu anda giyilen
Feature.Avatar.Label.DefaultBody,Varsayılan Gövde
Feature.Avatar.Label.DeleteSetBody,Bu set silindiğinde içindeki kıyafetler silinmez.
Feature.Avatar.Label.Details,Detaylar ({quantity})
Feature.Avatar.Label.DetailsButton,Ayrıntılar
Feature.Avatar.Label.DressesAndSkirts,Elbiseler ve Etekler
Feature.Avatar.Label.DuplicateMakeupLookDialog,"Bu görünümü zaten ""{lookName}"" olarak ekledin. Tekrar eklemek istiyor musun?"
Feature.Avatar.Label.DynamicHead,Dinamik Kafa
Feature.Avatar.Label.DynamicHeads,Dinamik Kafalar
Feature.Avatar.Label.Emote,İfade
Feature.Avatar.Label.EnterCostumeName,Bu yeni karakter için bir ad gir
Feature.Avatar.Label.EnterNewCostumeName,Bu karakter için yeni bir ad gir
Feature.Avatar.Label.EyeMakeup,Gözler
Feature.Avatar.Label.Eyebrows,Kaşlar
Feature.Avatar.Label.Eyelashes,Kirpikler
Feature.Avatar.Label.Face,Yüz
Feature.Avatar.Label.FaceMakeup,
Feature.Avatar.Label.FacialAnimation,Yüz Animasyonu
Feature.Avatar.Label.Fall,Düşme
Feature.Avatar.Label.FallAnimations,Düşme Animasyonları
Feature.Avatar.Label.Front,Ön Taraf
Feature.Avatar.Label.FullBody,Tüm Vücut
Feature.Avatar.Label.FullMasks,Tam Maskeler
Feature.Avatar.Label.FullPair,Tam Çift
Feature.Avatar.Label.Gear,Teçhizat
Feature.Avatar.Label.GenericSetError,
Feature.Avatar.Label.GetLookQuestion,Bu kıyafeti ücretsiz bir şekilde almak ister misin?
Feature.Avatar.Label.GetOutfitMultiple,[{numItems}] öğeyi ücretsiz bir şekilde almak ister misin?
Feature.Avatar.Label.GetOutfitOne,[1] öğeyi ücretsiz bir şekilde almak ister misin?
Feature.Avatar.Label.Hair,Saç
Feature.Avatar.Label.HandAndArm,El ve Kol
Feature.Avatar.Label.Hat,Şapka
Feature.Avatar.Label.Head,
Feature.Avatar.Label.HeadBody,Kafa ve Vücut
Feature.Avatar.Label.HeadRefinement.Adjust.Title,Kafa Ayarlaması
Feature.Avatar.Label.HeadRefinement.Adjust.Tooltip,Kafayı buradan ayarla!
Feature.Avatar.Label.HeadRefinement.CombinedCategories.Tooltip,Tüm Klasikler artık Kafalar kategorisinde
Feature.Avatar.Label.HeadRefinement.DH.Title,Klasik Şekiller
Feature.Avatar.Label.HeadRefinement.Description,Klasik yüzünle kullanmak için bir kafa stili seç.
Feature.Avatar.Label.HeadRefinement.Description.Unsupported,Düzenlemeler bu kafa stilinde kullanılamıyor.
Feature.Avatar.Label.HeadRefinement.FacialAnimation,
Feature.Avatar.Label.HeadRefinement.Title,Kafa Şekli
Feature.Avatar.Label.HeadSize,Kafa Boyutu
Feature.Avatar.Label.Heads,Kafalar
Feature.Avatar.Label.Idle,Boşta durma
Feature.Avatar.Label.IdleAnimations,Boşta Durma Animasyonları
Feature.Avatar.Label.Jacket,Ceket
Feature.Avatar.Label.Jackets,Ceketler
Feature.Avatar.Label.Jump,Zıplama
Feature.Avatar.Label.JumpAnimations,Zıplama Animasyonları
Feature.Avatar.Label.LayeredClothingR15Warning,Bu öğeyi etkinleştirmek için vücut tipini R15 olarak güncelle.
Feature.Avatar.Label.LayeredClothingSwitchR6Warning,R6 karakterlerinin sınırlamaları vardır. Geçiş yaparsan desteklenmeyen tüm öğeler kaldırılacak.
Feature.Avatar.Label.LeftArm,
Feature.Avatar.Label.LeftArms,Sol Kollar
Feature.Avatar.Label.LeftInitial,Sol
Feature.Avatar.Label.LeftLeg,
Feature.Avatar.Label.LeftLegs,Sol Bacaklar
Feature.Avatar.Label.LeftShoe,Sol Ayakkabı
Feature.Avatar.Label.LeftShoes,Sol Ayakkabılar
Feature.Avatar.Label.LipMakeup,Dudaklar
Feature.Avatar.Label.LoadingSets,Setler yükleniyor
Feature.Avatar.Label.Looks,Görünümler
Feature.Avatar.Label.Makeup,Makyaj
Feature.Avatar.Label.MakeupLayer,Katman {layerIndex}
Feature.Avatar.Label.MakeupLooks,Makyaj Görünümleri
Feature.Avatar.Label.ManageItems,Öğeleri yönet
Feature.Avatar.Label.Message.BlockingSavePrompt,Şimdi kaydetmezsen tüm değişiklikleri kaybedeceksin.
Feature.Avatar.Label.Message.DeleteAvatars,Bu işlem geri alınamaz.
Feature.Avatar.Label.Message.DuplicateAvatar,Daha önce benzer bir avatar kaydetmişsin gibi görünüyor:
Feature.Avatar.Label.ModerationFailed,Denetimden Geçmedi
Feature.Avatar.Label.Mood,Duygu
Feature.Avatar.Label.MultiNoLongerAvailableInCollection,Bu varlıklar artık bu koleksiyonda mevcut olmayacak:
Feature.Avatar.Label.MyPostedAvatars.Tooltip,Gönderilen Avatarlar herkese açık bir şekilde Pazar Yeri'nde görüntülenecek
Feature.Avatar.Label.Name,
Feature.Avatar.Label.Neck,Boyun
Feature.Avatar.Label.Newest,En yeni
Feature.Avatar.Label.NoExpiredItems,Süresi dolmuş {itemType} yok
Feature.Avatar.Label.NoItems,{itemType} yok
Feature.Avatar.Label.NoLongerAvailableInCollection,Artık bu koleksiyonda bulunmayacaklar
Feature.Avatar.Label.NoSets,Henüz set yok
Feature.Avatar.Label.Outerwear,Dış Giyim
Feature.Avatar.Label.OutfitIncomplete,Oluşturduğun kıyafet satın alınmadı ve deneyimde gösterilmeyecek
Feature.Avatar.Label.OutfitPurchaseFailure,Üzgünüz! [{numItems}] satın alım başarısız oldu!
Feature.Avatar.Label.OutfitPurchaseSuccess,[{numItems}] öğe satın alındı!
Feature.Avatar.Label.PPEEmoteR15Warning,İfadeleri etkinleştirmek ve avatarına poz verdirmek için vücut tipini R15 olarak güncelle.
Feature.Avatar.Label.PPEFinalBody,Her iki görünüm de uygulama genelinde profil fotoğrafın olarak kullanılacaktır.
Feature.Avatar.Label.PPEFinalHeader,Ön İzleme
Feature.Avatar.Label.PPEFinalSubheader,İyi görünüyorsun!
Feature.Avatar.Label.PPEFinishedToast,Profil resmi değiştirildi!
Feature.Avatar.Label.PPEPositionCameraHeader,Kamerayı Konumlandır
Feature.Avatar.Label.PPEViewCloseupButton,Yakından Görüntüle
Feature.Avatar.Label.PPEViewFullButton,Tam Avatarı Görüntüle
Feature.Avatar.Label.Pants,Pantolonlar
Feature.Avatar.Label.PantsClassic,Pantolon Klasik
Feature.Avatar.Label.Photobooth,Fotoğraf Kabini
Feature.Avatar.Label.ProfileFrames,Çerçeveler
Feature.Avatar.Label.ProfileFramesUnlockBanner,Plus ile çerçevelerin kilidini aç
Feature.Avatar.Label.Props,Dekorlar
Feature.Avatar.Label.Purchased,Satın Alınan
Feature.Avatar.Label.QuickMenuCustomizeTitle,Özelleştirme Seçenekleri
Feature.Avatar.Label.QuickMenuLandingPageTitle,Avatar Seçenekleri
Feature.Avatar.Label.R15,R15
Feature.Avatar.Label.R6,R6
Feature.Avatar.Label.R6R15,R6/R15
Feature.Avatar.Label.RecentlyWorn,Yakın zamanda giyilen
Feature.Avatar.Label.RemoveFromSetBody,Bu avatarlar bu setten kaldırılacak ancak silinmeyecek.
Feature.Avatar.Label.Replace,Değiştir
Feature.Avatar.Label.ResetToNewCharacter,Yeni bir karaktere geçiş yapıyorsun. Tüm kıyafet öğelerini sıfırlamak mı yoksa saklamak mı istersin?
Feature.Avatar.Label.Right,Sağ
Feature.Avatar.Label.RightArm,
Feature.Avatar.Label.RightArms,Sağ Kollar
Feature.Avatar.Label.RightInitial,
Feature.Avatar.Label.RightLeg,
Feature.Avatar.Label.RightLegs,Sağ Bacaklar
Feature.Avatar.Label.RightShoe,Sağ Ayakkabı
Feature.Avatar.Label.RightShoes,Sağ Ayakkabılar
Feature.Avatar.Label.Run,Koşma
Feature.Avatar.Label.RunAnimations,Koşma Animasyonları
Feature.Avatar.Label.SavedSimilarCharacter,Daha önce benzer bir karakter kaydetmişsin gibi görünüyor:
Feature.Avatar.Label.SavedSimilarCharacterNoName,Daha önce benzer bir karakter kaydetmişsin gibi görünüyor
Feature.Avatar.Label.Scenes,Sahneler
Feature.Avatar.Label.SearchLandingPage.Title.RecentSearches,Son Aramalar
Feature.Avatar.Label.SearchLandingPage.Title.RecentlyViewedItems,Son Görüntülenenler
Feature.Avatar.Label.SearchLandingPage.Title.RecentlyViewedSearchItems,Şunun için alışverişe devam et:
Feature.Avatar.Label.SelectItem,Öğe seç
Feature.Avatar.Label.SetAvatarCount,{itemCount} avatar
Feature.Avatar.Label.SetLimitReachedBody,En fazla {setLimit} setin olabilir. Yer açmak için birini sil
Feature.Avatar.Label.SetNameDuplicateBody,"Bu ada sahip bir setin zaten var, farklı bir ad seç"
Feature.Avatar.Label.SetNameNotAllowedBody,Lütfen başka bir ad seç
Feature.Avatar.Label.SharePublicAvatar.Tooltip,Avatarları Pazar Yeri'nde Paylaş
Feature.Avatar.Label.Shirt,Gömlek
Feature.Avatar.Label.ShirtClassic,Gömlek Klasik
Feature.Avatar.Label.Shirts,Gömlekler
Feature.Avatar.Label.ShoeL,Ayakkabı (Sol)
Feature.Avatar.Label.ShoeR,Ayakkabı (Sağ)
Feature.Avatar.Label.Shoes,Ayakkabılar
Feature.Avatar.Label.Shorts,Şort
Feature.Avatar.Label.Shoulder,Omuz
Feature.Avatar.Label.Skin,Cilt
Feature.Avatar.Label.Sweater,Kazak
Feature.Avatar.Label.Sweaters,Kazaklar
Feature.Avatar.Label.Swim,Yüzme
Feature.Avatar.Label.SwimAnimations,Yüzme Animasyonları
Feature.Avatar.Label.SwitchToR15,R15'e geç
Feature.Avatar.Label.TShirt,Tişört
Feature.Avatar.Label.TShirtClassic,Tişört Klasik
Feature.Avatar.Label.Title.AccessoryAdjustment,
Feature.Avatar.Label.Title.AddNewAvatar,Yeni Avatar Olarak Ekle
Feature.Avatar.Label.Title.AddToMyAvatars,Avatarlarıma ekle
Feature.Avatar.Label.Title.AddToMyMakeupLooks,Makyaj görünümlerime ekle
Feature.Avatar.Label.Title.AvatarName,Avatar Adını Gir
Feature.Avatar.Label.Title.AvatarSwitcher,Avatarlarım
Feature.Avatar.Label.Title.BlockingSavePrompt,Avatar kaydedilsin mi?
Feature.Avatar.Label.Title.BodyShape,Vücut Şekli
Feature.Avatar.Label.Title.ClothingLayering,Kıyafet Katmanlama
Feature.Avatar.Label.Title.DeleteMultipleAvatars,{count} Avatar Silinsin Mi?
Feature.Avatar.Label.Title.DeleteSingleAvatar,Bu Avatar Silinsin Mi?
Feature.Avatar.Label.Title.DuplicateAvatar,Avatarı Kopyala
Feature.Avatar.Label.Title.Emotes,
Feature.Avatar.Label.Title.HeadAdjustment,
Feature.Avatar.Label.Title.Inventory,
Feature.Avatar.Label.Title.MakeupLayering,Makyaj Katmanlama
Feature.Avatar.Label.Title.ManageAvatars,Avatarları Yönet
Feature.Avatar.Label.Title.MyInventory,Envanterim
Feature.Avatar.Label.Title.ProfilePhoto,Profil Fotoğrafı
Feature.Avatar.Label.Title.ReplaceAvatar,Avatarı Değiştir
Feature.Avatar.Label.Title.Save,
Feature.Avatar.Label.Title.SaveToMyAvatars,Avatarlarıma kaydet
Feature.Avatar.Label.Title.UpdateAvatar,Mevcut Avatarı Değiştir
Feature.Avatar.Label.Title.WearAfterPurchase,Satın aldıktan sonra öğeyi giy
Feature.Avatar.Label.Title.WearAndSaveAfterPurchase,Satın aldıktan sonra giy ve kaydet
Feature.Avatar.Label.Top,Üst
Feature.Avatar.Label.Torso,
Feature.Avatar.Label.Torsos,Gövdeler
Feature.Avatar.Label.TropicalRunway,Tropik Podyum
Feature.Avatar.Label.TryOnFail,Öğeyi üstünde deneme başarısız. Daha sonra tekrar dene.
Feature.Avatar.Label.TryOnManagerDescriptor,Toplam: {numItems} öğe
Feature.Avatar.Label.Unavailable,YOK
Feature.Avatar.Label.UsedNameLong,"Görünüşe göre bu adı daha önce kullanmışsın, yine de kaydetmek istiyor musun?"
Feature.Avatar.Label.Waist,Bel
Feature.Avatar.Label.Walk,Yürüme
Feature.Avatar.Label.WalkAnimations,Yürüme Animasyonları
Feature.Avatar.Label.WholeBody,Tam Vücut
Feature.Avatar.Message.AddAvatarAgain,"Bu avatarı zaten ""{prevAvatar}"" olarak ekledin. Tekrar eklemek istiyor musun?"
Feature.Avatar.Message.AdjustAndFit,Öğelerini avatarına göre ayarla
Feature.Avatar.Message.AlreadyAcquired,Bu öğeyi zaten satın aldın.
Feature.Avatar.Message.AvatarAdded,"""{avatarName}"" eklendi"
Feature.Avatar.Message.AvatarDeleted,Avatar silindi
Feature.Avatar.Message.AvatarRenamed,Avatar yeniden adlandırıldı
Feature.Avatar.Message.AvatarUpdated,"""{avatarName}"" güncellendi"
Feature.Avatar.Message.BulkDeleteMakeupLook,{count} makyaj görünümü silindi
Feature.Avatar.Message.CameraFacialAnimationPaused,İfadeler kullanılırken kamera geçici olarak devre dışı bırakılır
Feature.Avatar.Message.ClassicHeadAndR6CameraWarning,"Klasik Kafalar ve R6 Avatarlar, Yüz Animasyonunu desteklemiyor"
Feature.Avatar.Message.ClearAccessories,"Bu işlem, taktığın tüm aksesuarları kaldırır."
Feature.Avatar.Message.ClearAnimations,"Bu işlem, kullandığın tüm animasyonları kaldırır."
Feature.Avatar.Message.ClearBody,"Bu işlem, vücudunun altına giymekte olduğun her şeyi kaldırır."
Feature.Avatar.Message.ClearClothes,"Bu işlem, giydiğin tüm kıyafetleri kaldırır."
Feature.Avatar.Message.ClearMakeupConfirmation,"Bu işlem, tüm makyaj öğelerini kaldırır"
Feature.Avatar.Message.DeepLinkEquipFailed,Donanmaya çalıştığın öğe artık kullanılamıyor
Feature.Avatar.Message.EnhancedAvatarHeads,Klasik kafalar artık yüz animasyonlarını destekliyor. Tüm kafalarını Kafalar bölümünde bulabilir ve Kafa Ayarlaması bölümünde kafa şeklini ve yüz animasyonlarını ayarlayabilirsin.
Feature.Avatar.Message.EquipCostumeConfirmation,Bu karakteri kaydetmedin. Karakter değiştirmek istediğinden emin misin?
Feature.Avatar.Message.ErrorNotAuthorized,Kullanıcının bu eylemi gerçekleştirme izni yok
Feature.Avatar.Message.FTUXSelfieViewClosedTooltip,Kamera ve kendi görüntün ayarlarını burada bulabilirsin
Feature.Avatar.Message.FTUXSelfieViewOpenedTooltip,Avatarının tıpkı senin gibi gülümsemesini ve hareket etmesini sağlamak için kameranı kullan
Feature.Avatar.Message.FaceNotVisible,Seçilen yüz bu kafada görünmüyor.
Feature.Avatar.Message.FailedAvatarRename,Avatar yeniden adlandırılamadı
Feature.Avatar.Message.FailedDeleteCostume,Kostüm silinemedi.
Feature.Avatar.Message.FailedRenameCostume,Karakterin adı değiştirilemedi
Feature.Avatar.Message.FailedToLoadAvatar,Avatar yüklenemedi
Feature.Avatar.Message.FailedUpdateOutfit,Kıyafet güncellenemedi
Feature.Avatar.Message.FailedWritePPE,Profil fotoğrafı güncellenemedi
Feature.Avatar.Message.HatLimitTooltip,En fazla 3 şapka giyebilirsin
Feature.Avatar.Message.InvalidAssetsEquipped,Donandığın bazı öğeler artık mevcut değil.
Feature.Avatar.Message.InvalidItem,Bu öğe mevcut değil.
Feature.Avatar.Message.InvalidName,
Feature.Avatar.Message.LCSortClassicWarning,Klasik öğeler düzenlenemez
Feature.Avatar.Message.LCSortEntry,Kıyafet sırasını ayarla
Feature.Avatar.Message.LCSortListTooltip,Katman sırasını düzenlemek için öğe küçük resmini sürükleyip bırak
Feature.Avatar.Message.LCSortNoEquipped,Donanılan Hiç 3 boyutlu Kıyafet Öğesi Yok. Düzenlemek İçin Öğeyi Donan
Feature.Avatar.Message.LCSortResetBody,Ayarlaman iptal edilecek. Yine de ilerlemek istiyor musun?
Feature.Avatar.Message.LCSortUnequipBody,Bu öğeyi donanmayı bırakmak ister misin?
Feature.Avatar.Message.LayeredMakeupSortNoEquipped,Donanılan Hiç Katmanlı Makyaj Öğesi Yok. Düzenlemek için Öğeyi Donan.
Feature.Avatar.Message.LeaveAccessoryAdjustmentWarning,Ayarlaman henüz uygulanmadı. Ayrılmak istediğine emin misin?
Feature.Avatar.Message.LeavingComposerWithoutSave,Ayrılırsan yaptığın değişiklikler kaydedilmeyecek.
Feature.Avatar.Message.LooksAvatarSaved,"Avatar adını, özelleştirmede her zaman düzenleyebilirsin"
Feature.Avatar.Message.LooksCharacterSaved,"Karakter adını, özelleştirmede her zaman düzenleyebilirsin"
Feature.Avatar.Message.LooksPurchaseFailedNetworkError,"Ağ hatası, lütfen daha sonra tekrar dene"
Feature.Avatar.Message.LooksPurchasePartialSuccessGenericPP,{numSuccessItems} öğe satın alındı ve {numFailureItems} öğenin satın alımı başarısız oldu
Feature.Avatar.Message.LooksPurchasePartialSuccessGenericPS,
Feature.Avatar.Message.LooksPurchasePartialSuccessGenericSP,
Feature.Avatar.Message.LooksPurchasePartialSuccessGenericSS,
Feature.Avatar.Message.LooksPurchaseSuccessPlural,{numItems} Öğe Satın Alındı!
Feature.Avatar.Message.LooksPurchaseSuccessSingular,
Feature.Avatar.Message.MakeupLookAdded,Makyaj görünümü eklendi
Feature.Avatar.Message.MakeupLookRenamed,Makyaj görünümü yeniden adlandırıldı
Feature.Avatar.Message.MakeupLookSaved,"Makyaj görünümü adını, özelleştirmede dilediğin zaman düzenleyebilirsin"
Feature.Avatar.Message.MakeupLookUpdated,Makyaj görünümü güncellendi
Feature.Avatar.Message.MakeupSortNoEquipped,Donanılan Hiç Makyaj Öğesi Yok. Düzenlemek İçin Öğeyi Donan
Feature.Avatar.Message.MakeupSortResetBody,
Feature.Avatar.Message.MakeupSortUnequipBody,
Feature.Avatar.Message.ModerationFailed,"Bir ya da daha fazla avatar, topluluk kurallarımıza uymuyor."
Feature.Avatar.Message.MultiAvatarDeleted,Avatarlar silindi
Feature.Avatar.Message.NewControlLocationFullBody,"Tam Vücutlar (daha önce Satın Alınmış Karakterler) artık ""Tam Vücut"" yuvasında yer alıyor."
Feature.Avatar.Message.NewControlLocationProfile,"Profil fotoğrafı artık ""Daha Fazla Menüsü""nde."
Feature.Avatar.Message.NewCustomize,"Avatarınızı şekillendirmek artık daha hızlı ve daha kolay. Bazı şeylerin yeri değişti, bu yüzden farklı yerlere dokun ve yenilikleri gör."
Feature.Avatar.Message.NoAccessoriesEquipped,Ayarlanabilir aksesuar yok.
Feature.Avatar.Message.OutfitCleared,Kıyafet Temizlendi
Feature.Avatar.Message.PostToMarketplaceTooltip,Gönderin herkese açık bir şekilde Pazar Yeri'nde görüntülenecek
Feature.Avatar.Message.R15AnimationsPrompt,Animasyonları etkinleştirmek için vücut tipini R15 olarak güncelle.
Feature.Avatar.Message.R15EmotesPrompt,İfadeleri etkinleştirmek için vücut tipini R15 olarak güncelle.
Feature.Avatar.Message.R15StylesPrompt,Vücut Stillerini özelleştirmek için vücut tipini R15 olarak güncelle.
Feature.Avatar.Message.ReachedMaxOutfits,Maksimum kıyafet sayısına ulaştın.
Feature.Avatar.Message.RenameCostumeSuccess,Ad Değiştirildi!
Feature.Avatar.Message.ResetAdjustment,
Feature.Avatar.Message.RestoredLastSaved,Son kaydedilen geri yüklendi
Feature.Avatar.Message.RevertToDefault,Profil resmin varsayılan görünüme geri değiştirilsin mi?
Feature.Avatar.Message.SaveFailure,Avatarın kaydedilemedi. Lütfen daha sonra tekrar dene.
Feature.Avatar.Message.SaveSuccess,Avatar kaydedildi
Feature.Avatar.Message.SaveSuccessWithInvalidAssets,Avatar kaydedildi. Şu anda mevcut olmadıkları için bazı öğeler kaldırıldı.
Feature.Avatar.Message.SaveThrottled,Tekrar kaydetmeden önce lütfen birkaç saniye bekle
Feature.Avatar.Message.SelectEmote,Avatarına poz verdirmek için bir ifade seç!
Feature.Avatar.Message.ShareAvatarWithCommunity,Avatarlarını Pazar Yeri'nde Paylaş
Feature.Avatar.Message.ShareAvatarWithCommunityDisclaimer,Denetim tamamlandığında bağlantılar erişilebilir hâle gelecek
Feature.Avatar.Message.SharePublicAvatar,Etkileşimini artırmak ve yaratıcılığını sergilemek için avatarını sosyal medya hesaplarında paylaş
Feature.Avatar.Message.TryOnCameraHeadWarning,"Klasik Kafalar, Yüz Animasyonunu desteklemiyor"
Feature.Avatar.Message.UnknownErrorCreatingMakeupLook,Bilinmeyen bir hata oluştu. Makyaj görünümü oluşturulmadı.
Feature.Avatar.Message.UnknownErrorCreatingOutfit,Bilinmeyen bir hata oluştu. Kıyafet oluşturulmadı.
Feature.Avatar.Message.UpdateOutfitSuccess,Güncellendi!
Feature.Avatar.Message.UpdateRequired,Güncelleme gerekli. Bu öğeyi görüntülemek için lütfen Roblox'u en son sürüme güncelle.
Feature.Avatar.Placeholder.NameYourAvatar,Avatarına bir ad ver
Feature.Avatar.Placeholder.WriteAvatarCaption,Avatarın için bir açıklama yaz (İsteğe Bağlı)
Feature.Avatar.RevokedItems.BodyText,"{category} ""{item}"" öğesi bu kayıtlı avatardan kaldırıldı, bu nedenle ödediğin ilk tutarı iade ettik.{lineBreak}Daha fazla ayrıntı için gelen kutunu görüntüle."
Feature.Avatar.RevokedItems.BodyTextMultiple,"Aşağıdaki öğeler bu kayıtlı avatardan kaldırıldı, bu nedenle ödediğin ilk tutarı iade ettik.{lineBreak}{items}{lineBreak}Daha fazla ayrıntı için gelen kutunu görüntüle."
Feature.Avatar.RevokedItems.ViewInbox,Gelen Kutusunu Görüntüle
Feature.Avatar.SetNameDuplicate,
Feature.Avatar.Text.MakeupLayeringTooltip,Makyajını katmanla
Feature.Avatar.Title.AvatarRefinement,Avatar Düzeltme
Feature.Avatar.Title.BulkDeleteMakeupLooks,{count} makyaj görünümü silinsin mi?
Feature.Avatar.Title.BuyAvatar,Avatar Satın Al
Feature.Avatar.Title.BuyMakeup,Makyaj Görünümü Satın Al
Feature.Avatar.Title.BuyOutfit,Kıyafet Satın Al
Feature.Avatar.Title.ClearAccessoriesConfirmation,Tüm aksesuarlar temizlensin mi?
Feature.Avatar.Title.ClearAnimationsConfirmation,Tüm animasyonlar temizlensin mi?
Feature.Avatar.Title.ClearBodyConfirmation,Vücut temizlensin mi?
Feature.Avatar.Title.ClearClothesConfirmation,Tüm kıyafetler temizlensin mi?
Feature.Avatar.Title.ClearMakeupConfirmation,Tüm makyaj temizlensin mi?
Feature.Avatar.Title.CreateSet,
Feature.Avatar.Title.DeleteSet,
Feature.Avatar.Title.DuplicateMakeupLook,Yinelenen Görünüm
Feature.Avatar.Title.EnhancedAvatarHeads,Geliştirilmiş Avatar Kafaları
Feature.Avatar.Title.FindYourStyle,Stilini Bul
Feature.Avatar.Title.GetOutfit,Kıyafet Al
Feature.Avatar.Title.LCSortPage,Kıyafet Sıralaması
Feature.Avatar.Title.LCSortReset,Varsayılana sıfırla
Feature.Avatar.Title.LCSortUnequip,Öğeyi Donanmayı Bırak
Feature.Avatar.Title.LayeredMakeupSortPage,
Feature.Avatar.Title.LooksWidget,Kıyafet İlhamları
Feature.Avatar.Title.MakeupIntroFtux,Karşınızda makyaj
Feature.Avatar.Title.MakeupSortPage,
Feature.Avatar.Title.MakeupSortReset,
Feature.Avatar.Title.MakeupSortUnequip,
Feature.Avatar.Title.Move,
Feature.Avatar.Title.NameAvatarOutfit,Avatarına ad ver
Feature.Avatar.Title.NewCustomizeLook,Özelleştir Yeni Bir Görünüme Kavuştu!
Feature.Avatar.Title.NewToMarketplaceItemWidget,Pazar Yerinde Yeniler
Feature.Avatar.Title.OutfitIncomplete,Tamamlanmamış Kıyafet
Feature.Avatar.Title.Preview,
Feature.Avatar.Title.RemoveFromSet,
Feature.Avatar.Title.RenameMakeupLook,Makyaj görünümünü yeniden adlandır
Feature.Avatar.Title.RenameSet,
Feature.Avatar.Title.ResetToDefault,
Feature.Avatar.Title.ResetToNewCharacter,Yeni Karakter
Feature.Avatar.Title.RevertToDefault,Varsayılana geri döndür
Feature.Avatar.Title.SaveMakeupLook,Görünümüne ad ver
Feature.Avatar.Title.SavedAvatarsLocation,Kaydedilen Avatarların burada
Feature.Avatar.Title.SelectEmoteForAvatar,Avatarına poz verdirmek için bir ifade seç
Feature.Avatar.Title.SelectMakeupLookForUpdate,Bir makyaj görünümü seç
Feature.Avatar.Title.SelectMakeupLooks,Görünüm seç
Feature.Avatar.Title.SelectSet,Set seç
Feature.Avatar.Title.SingleDeleteOutfit,"""{outfitName}"" silinsin mi?"
Feature.Avatar.Title.TrendingItemWidget,Popüler Öğeler
Feature.Avatar.Title.TrendingLooksWidget,Popüler Tarzlar
Feature.Avatar.Title.UnsavedChanges,Kaydedilmemiş Değişiklikler
Feature.Avatar.Title.UpdateMakeupLook,Bu görünüm güncellensin mi?
Feature.Avatar.Title.YourTryOns,Üstünde Denediklerin
Feature.Avatar.Toast.AvatarCaptionExceedMaximum,Açıklamalar 1.000 karakterle sınırlıdır
Feature.Avatar.Toast.AvatarPostSuccessfully,Başarıyla paylaşıldı
Feature.Avatar.Toast.AvatarTitleExceedMaximum,Başlıklar 50 karakterle sınırlıdır
Feature.Avatar.Toast.ComposeWithoutClothing,Avatar en az bir Kıyafet veya Aksesuar öğesi giyiyor olmalı
Feature.Avatar.Toast.MaxOutfitsSelected,En fazla {maxSelectCount} tane seçebilirsin
Feature.Avatar.Toast.PostWithParticleEffect,"Parçacık efektleri, paylaşımdan sonraki son küçük resimde görünür olacak."
Feature.Avatar.Tooltip.CustomizeOverhaulSubcategories,Kategorileri değiştirmek için buraya dokun
Feature.Avatar.UnavailableItems.BodyText,"{category} ""{item}"" inceleniyor ve şu anda kullanılamıyor.{lineBreak}Öğe Roblox'tan kaldırılırsa bir hafta içinde para iadesi alırsın."
Feature.Avatar.UnavailableItems.BodyTextMultiple,Aşağıdaki öğeler inceleniyor ve şu anda kullanılamıyor.{lineBreak}{items}{lineBreak}Öğe Roblox'tan kaldırılırsa bir hafta içinde para iadesi alırsın.
Feature.Avatar.UnavailableItems.ConfirmText,
Feature.Avatar.UnavailableItems.TitleText,Öğe Kullanılamıyor
Feature.Avatar.tooltip.ExpiredItemsFilter,Zamanı dolan süreli öğe seçeneklerini bul
Feature.AvatarSwitcher.Action.Continue,
Feature.AvatarSwitcher.Action.OK,
Feature.AvatarSwitcher.Action.Respawn,
Feature.AvatarSwitcher.Action.RespawnLater,Bir dahaki sıfırlama için kaydet
Feature.AvatarSwitcher.Heading.AvatarSwitchedConfirmation,"Avatar ""{avatarName}"" olarak değiştirildi"
Feature.AvatarSwitcher.Heading.PresetAvatars,Bu deneyim ön ayarlı avatarları kullanır
Feature.AvatarSwitcher.Heading.RespawnToSwitch,Avatarı değiştirmek için sıfırla
Feature.AvatarSwitcher.Heading.SwitchAvatar,Avatar değiştir
Feature.AvatarSwitcher.Heading.UnknownSupport,Bu deneyimde önceden ayarlanmış avatarlar kullanılabilir
Feature.AvatarSwitcher.Heading.Unsupported,Roblox avatarları desteklenmiyor
Feature.AvatarSwitcher.Label.RespawnLater,İstersen bir sonraki yeniden doğuşun için kaydedebilirsin. Avatarın Roblox genelinde güncellenecektir.
Feature.AvatarSwitcher.Message.AddAvatars,Özelleştir sekmesinden daha fazla avatar ekleyebilirsin.
Feature.AvatarSwitcher.Message.ExpiredItems,Avatar süresi dolmuş öğeler içeriyor
Feature.AvatarSwitcher.Message.NoAvatars,Kullanılabilir avatar yok
Feature.AvatarSwitcher.Message.PartiallyUnsupported,"Bu deneyim, bu avatarın bazı kısımlarını desteklemiyor."
Feature.AvatarSwitcher.Message.RespawnNotAllowed,"Bu deneyim şu anda yeniden doğuşa izin vermiyor. Güncellenmiş avatarını yeniden doğduktan, deneyimden ayrıldıktan veya başka bir deneyime katıldıktan sonra göreceksin."
Feature.AvatarSwitcher.Message.SelectAvatar,Bir avatar seç
Feature.AvatarSwitcher.Message.SwitchingDeferred,Bu avatarı bir dahaki sıfırlamadan sonra veya bir deneyime katıldığında göreceksin. İstediğin zaman başka bir avatara geçebilirsin.
Feature.AvatarSwitcher.Message.UnknownSupport,Avatarını yine de değiştirebilirsin ancak bu deneyimde doğru şekilde görünmeyebilir.
Feature.AvatarSwitcher.Message.Unsupported,Bu deneyim özel bir avatar kullanıyor ve Roblox avatarlarını desteklemiyor.
Feature.BiometricChallenge.Action.Cancel,
Feature.BiometricChallenge.Action.Continue,
Feature.BiometricChallenge.Content.LivenessHostedPrompt,İnsan olduğunu onaylamak için haricî tarayıcını aç ve hızlı bir selfie çek.
Feature.BiometricChallenge.Content.Loading,Yükleniyor...
Feature.BiometricChallenge.Content.QRHelpFull,{prompt} Roblox uygulamasını mobil cihazına indir ve oradan tekrar dene.
Feature.BiometricChallenge.Content.QRHelpPrompt,Okutamıyor musun?
Feature.BiometricChallenge.Content.ScanQR,Hesabının kilidini açmak için telefonunda veya tabletinde bu QR kodunu okut.
Feature.BiometricChallenge.Title.ConfirmHuman,İnsan olduğunu onayla
Feature.BiometricChallenge.Title.QRHandoff,Mobil uygulama ile insan olduğunu onayla
Feature.BlockingModal.Action.Block,
Feature.BlockingModal.Action.BlockAndReport,Engelle ve şikâyet et
Feature.BlockingModal.Action.Cancel,
Feature.BlockingModal.Heading.BlockUser,{DisplayName} engellensin mi?
Feature.BlockingModal.Message.BlockConfirmation,"Bu kullanıcıyı engellersen Etkileşim Ağından veya takipçi listenden kaldırılır. Sana mesaj, istek veya davet gönderemez.<br /><br />Onu engellediğin konusunda bilgilendirilmez."
Feature.BlockingModal.Message.BlockConfirmation.FriendsRename,"Bu kullanıcıyı engellersen arkadaş veya takipçi listenden kaldırılır. Sana mesaj, istek veya davet gönderemez.<br /><br />Onu engellediğin konusunda bilgilendirilmez."
Feature.Build.Action.Add,
Feature.Build.Action.AddFriends,Arkadaş ekle
Feature.Build.Action.AddPlaytester,Oynanış testçisi ekle
Feature.Build.Action.AddPlaytesters,Oynanış testçileri ekle
Feature.Build.Action.AddToPlaytest,Oynanış testine ekle
Feature.Build.Action.Archive,Arşivle
Feature.Build.Action.ArchiveGame,Oyunu arşivle
Feature.Build.Action.Build,
Feature.Build.Action.Buy,
Feature.Build.Action.BuyRobux,
Feature.Build.Action.Cancel,
Feature.Build.Action.CopyText,Metni kopyala
Feature.Build.Action.Create,
Feature.Build.Action.CreateDeveloperProduct,
Feature.Build.Action.Delete,
Feature.Build.Action.Dismiss,
Feature.Build.Action.DontAskAgain,Bir daha sorma
Feature.Build.Action.DontShowAgain,Tekrar gösterme
Feature.Build.Action.EarnRobux,Robux kazan
Feature.Build.Action.Edit,Düzenle
Feature.Build.Action.HideAutosaved,Otomatik kaydedilenleri gizle
Feature.Build.Action.ManageLimit,Sınırı yönet
Feature.Build.Action.Next,Sonraki
Feature.Build.Action.NotNow,Şimdi değil
Feature.Build.Action.NotifyMe,Bana haber ver
Feature.Build.Action.OK,
Feature.Build.Action.OpenSettings,Ayarları aç
Feature.Build.Action.Play,Oyna
Feature.Build.Action.Playtest,Oynanış testi
Feature.Build.Action.Preview,
Feature.Build.Action.Publish,
Feature.Build.Action.PublishLatest,En sonuncuyu yayınla
Feature.Build.Action.Reject,Reddet
Feature.Build.Action.Restore,Geri Yükle
Feature.Build.Action.Resume,Sürdür
Feature.Build.Action.Retry,Tekrar Dene
Feature.Build.Action.Revert,Geri döndür
Feature.Build.Action.Save,
Feature.Build.Action.SetDailyLimit,Günlük sınır belirle
Feature.Build.Action.SetLimit,Sınır belirle
Feature.Build.Action.Settings,
Feature.Build.Action.Share,
Feature.Build.Action.ShareLink,Bağlantıyı paylaş
Feature.Build.Action.ShowMore,
Feature.Build.Action.Stats,İstatistikler
Feature.Build.Action.Submit,
Feature.Build.Action.UpdateRating,Derecelendirmeyi güncelle
Feature.Build.Action.UpdateWithChanges,Değişikliklerle güncelle
Feature.Build.Action.View,
Feature.Build.Action.ViewUsage,Kullanımı görüntüle
Feature.Build.Analytics.AnalyzeChatPrompt,Son {days} gün için {analyzeName} değerim nedir?
Feature.Build.Analytics.AnalyzeName.Arppu,ödeme yapan kullanıcı başına ortalama gelir
Feature.Build.Analytics.AnalyzeName.D1Retention,1. gün deneyimde tutma
Feature.Build.Analytics.AnalyzeName.DailyActiveUsers,günlük aktif kullanıcılar
Feature.Build.Analytics.AnalyzeName.PayerConversion,ödeme yapan kişiye dönüşüm
Feature.Build.Analytics.AnalyzeName.PlaythroughRate,oynama oranı
Feature.Build.Analytics.AnalyzeName.TotalPlaytime,toplam oynama süresi
Feature.Build.Analytics.Description.Arppu,"Ödeme yapan kullanıcı başına ortalama gelir, kazanılan toplam Robux'un ödeme yapan oyuncu sayısına bölünmesiyle elde edilir. Her alıcının ortalama ne kadar harcadığını gösterir."
Feature.Build.Analytics.Description.D1Retention,"1. gün deneyimde tutma, ilk kez oynayan kaç oyuncunun bir gün sonra geri döndüğünü ölçer. Deneyiminin ne kadar ilgi çekici olduğuna dair erken bir işarettir."
Feature.Build.Analytics.Description.DailyActiveUsers,"Günlük aktif kullanıcılar, her gün deneyimini başlatan farklı oyuncuların sayısıdır. Kaç kişinin tekrar tekrar döndüğünü görmek ve artış veya düşüşü tespit etmek için bunu takip et."
Feature.Build.Analytics.Description.PayerConversion,"Ödeme yapan kişiye dönüşüm, deneyiminde Robux harcayan oyuncuların yüzdesidir. Bunu, gelir elde etme stratejinin oyuncuları alıcıya dönüştürmede ne kadar başarılı olduğunu ölçmek için kullan."
Feature.Build.Analytics.Description.PlaythroughRate,"Oynama oranı, tam bir oyun oturumunun tamamlandığı ziyaretlerin yüzdesidir. Daha yüksek oranlar, oyuncuların deneyimini başlaması kolay ve bitirmeye değer bulduğunu gösterir."
Feature.Build.Analytics.Description.TotalPlaytime,"Toplam oynama süresi, tüm oyuncuların belirli bir süre boyunca deneyiminde geçirdiği sürenin toplamıdır. Oynama süresinin artması genellikle daha ilgi çekici oturumlara işaret eder."
Feature.Build.Analytics.DurationHours,{number} sa.
Feature.Build.Analytics.KeyStats,Önemli istatistikler
Feature.Build.Analytics.LastMonth,Geçen ay
Feature.Build.Analytics.LastWeek,
Feature.Build.Analytics.Likes,Beğeniler
Feature.Build.Analytics.Month.Apr,Nis
Feature.Build.Analytics.Month.Aug,Ağu
Feature.Build.Analytics.Month.Dec,
Feature.Build.Analytics.Month.Feb,Şub
Feature.Build.Analytics.Month.Jan,Oca
Feature.Build.Analytics.Month.Jul,Tem
Feature.Build.Analytics.Month.Jun,Haz
Feature.Build.Analytics.Month.Mar,Mar
Feature.Build.Analytics.Month.May,May
Feature.Build.Analytics.Month.Nov,Kas
Feature.Build.Analytics.Month.Oct,Eki
Feature.Build.Analytics.Month.Sep,Eyl
Feature.Build.Analytics.NoData,Kullanılabilir veri yok
Feature.Build.Analytics.Overview,Genel Bakış
Feature.Build.Analytics.Percent,Yüzde {number}
Feature.Build.Analytics.Players,Oyuncular
Feature.Build.Analytics.Sheet.Analyze,Analiz et
Feature.Build.Analytics.Sheet.ViewInOverview,Genel Bakışta Görüntüle
Feature.Build.Analytics.Summary.Arppu,Ödeme yapan oyuncu başına kazanılan ortalama Robux.
Feature.Build.Analytics.Summary.D1Retention,Ertesi gün geri dönen yeni oyuncuların oranı.
Feature.Build.Analytics.Summary.DailyActiveUsers,Seçilen dönemde katılan benzersiz oyuncular.
Feature.Build.Analytics.Summary.PayerConversion,Satın alma işlemi yapan oyuncuların oranı.
Feature.Build.Analytics.Summary.PlaythroughRate,Oyunun tamamlandığı oturumların oranı.
Feature.Build.Analytics.Summary.TotalPlaytime,Oyuncuların deneyiminde geçirdiği toplam saat.
Feature.Build.Analytics.Title.Arppu,ARPPU (Ödeme Yapan Oyuncu Başına Ortalama Gelir)
Feature.Build.Analytics.Title.ConcurrentUsers,Toplam oyuncu sayısı
Feature.Build.Analytics.Title.D1Retention,D1 deneyimde tutma
Feature.Build.Analytics.Title.DailyActiveUsers,Günlük aktif kullanıcılar
Feature.Build.Analytics.Title.PayerConversion,Ödeme yapan kişiye dönüşüm
Feature.Build.Analytics.Title.PlaythroughRate,Oynama oranı
Feature.Build.Analytics.Title.TotalPlaytime,Toplam oynama süresi
Feature.Build.Analytics.Visits,Ziyaretler
Feature.Build.Content.NewGame,Yeni oyun
Feature.Build.Description.ActivateDeveloperProduct,Geliştirici ürününü ({PRODUCT_ID}) satışa çıkar.
Feature.Build.Description.AdCampaignModerationReview,Tüm reklam kampanyaları Roblox moderasyonu tarafından incelenir. Bu işlem 24 saate kadar sürebilir.
Feature.Build.Description.AdCampaignSheetRunDates,{startDate}-{endDate} arasında yayınlanır
Feature.Build.Description.AdvertisingAgreement,Devam ederek {advertisingTermsStart}Roblox Reklam Koşulları{advertisingTermsEnd} ve {advertisingStandardsStart}Reklam Standartları{advertisingStandardsEnd}'nı kabul etmiş olursun.
Feature.Build.Description.ArchiveRemoval,Bu oyunu arşivlersen oyun İnşa Et'ten kaldırılır. Yaratıcı Merkezi'nde veya Roblox Studio'da oyuna erişmeye ve oyunu geri yüklemeye devam edebilirsin.
Feature.Build.Description.AutoBuyUsage,Bir şeyler oluştururken otomatik olarak ek İnşa Et kullanım hakkı satın almak için Robux'unu kullan. İstediğin zaman günlük harcama limiti belirleyebilirsin.
Feature.Build.Description.BoostAudienceForPlays,Daha fazla oyun için kitleni genişlet.
Feature.Build.Description.BuildIdeaGame,Fikirlerini oyuna dönüştür
Feature.Build.Description.BuildReplyNotif,İnşa Et'ten sana bir yanıt geldiğinde haberdar ol.
Feature.Build.Description.BuyRobuxToCreate,Bir şeyler oluşturmaya devam etmek için daha fazla Robux satın al veya ücretsiz İnşa Et kullanım hakkının yarın sıfırlanmasını bekle.
Feature.Build.Description.BuyUsageOrWait,Robux ile daha fazla İnşa Et kullanım hakkı satın al veya günlük sınırının sıfırlanmasını bekle.
Feature.Build.Description.CampaignRunDates,Kampanyanız {startDate}-{endDate} arasında yayınlanacak
Feature.Build.Description.ChoosePlaytesters,Oynanış testinde sana yardımcı olacak arkadaşları seç.
Feature.Build.Description.EarnedRobuxAppliedFirst,Robux kazandıysan bunlar öncelikle reklam kampanyasının maliyetine uygulanacak.
Feature.Build.Description.EnableBuildNotifs,İnşa Et'ten güncellemeler almak için cihaz ayarlarında bildirimleri aç.
Feature.Build.Description.FriendsLinkOnly,Bu bağlantıya yalnızca arkadaşların erişebilir. Daha fazla insanın oynamasını istiyorsan oyununun Kitle ayarını değiştir.
Feature.Build.Description.GameCreationDone,Oyununun oluşturulmasını ve yayınlanmasını tamamladım. Oynanış testini yapmak için açabilirsin.
Feature.Build.Description.GameSavedPlaytest,Oyununun oluşturulmasını tamamladım ve yeni bir versiyon kaydettim. Oynanış testini yapmak için açabilirsin.
Feature.Build.Description.HubSettings,Yaratıcı Merkezi'nde tüm ayarları yönet
Feature.Build.Description.InviteFriendLimit,"En fazla {MAX_INVITES} arkadaş seç, ardından oyunun bağlantısını paylaş."
Feature.Build.Description.MakeAudienceAvail,Bu kitleye sunmak için deneyimini yayınla.
Feature.Build.Description.ManageAppearance,Oyununun başkalarına nasıl görüneceğini yönet.
Feature.Build.Description.PlayAfterPublish,Bu deneyimi yayınladıktan sonra kimlerin oynayabileceğini seç.
Feature.Build.Description.PlaytestLatest,En son versiyonunda oynanış testi yapıyorsun. Paylaşmaya hazır olduğunda yayınla.
Feature.Build.Description.PlaytestLocked,İlk oyununu oluşturduktan sonra oynanış testine başlayabilirsin.
Feature.Build.Description.PlaytesterAccess,Arkadaşlarını oynanış testçisi olarak ekle veya daha fazla insanın oynamasına izin vermek için oyununun Kitle ayarını değiştir.
Feature.Build.Description.PrivateShare,Oyununu paylaşmak için Kitle ayarını değiştir.
Feature.Build.Description.PromoteGameWithAdCampaign,{durationDays} günlük bir reklam kampanyasıyla kitleni genişlet ve oyununun keşfedilmesini sağla.
Feature.Build.Description.RaiseLimitOrWait,Bir şeyler oluşturmaya devam etmek için günlük Robux sınırını artır veya yarın sıfırlanmasını bekle.
Feature.Build.Description.RatingAgreement,Yayınlayarak bu içerik derecelendirmesinin doğru olduğunu kabul etmiş olursun.
Feature.Build.Description.RestoreLatest,"Bu versiyon, en son yayınlanan versiyonun olacak."
Feature.Build.Description.RevertToVersion,En son değişikliği geri döndürmek ve {VERSION} versiyonuna geri dönmek için onayla.
Feature.Build.Description.ShareLatest,En son versiyonunda nelerin değiştiğini paylaş.
Feature.Build.Description.UpdateDeveloperProduct,Geliştirici ürününü ({PRODUCT_ID}) güncelle.
Feature.Build.Description.VersionChanges,Oyunculara bu versiyonda nelerin değiştiğini söyle.
Feature.Build.Error.DeveloperProductNameTooLong,Ad 50 karakter veya daha kısa olmalıdır.
Feature.Build.Error.DeveloperProductPriceInvalid,Fiyat 1 ile 1.000.000.000 Robux arasında bir tam sayı olmalıdır.
Feature.Build.Error.DeveloperProductTextModerated,Roblox denetimi bu ürünün metnini değiştirdi. Farklı bir ifade dene.
Feature.Build.Header.AccessSharing,Erişim ve paylaşım
Feature.Build.Header.AllVersions,Tüm versiyonlar
Feature.Build.Header.ContentMaturity,İçerik Olgunluk Düzeyi
Feature.Build.Header.CustomAnswer,Özel yanıt
Feature.Build.Header.GameDetails,Oyun ayrıntıları
Feature.Build.Header.Overview,
Feature.Build.Header.PastCampaigns,Geçmiş kampanyalar
Feature.Build.Header.UpdateDetails,Güncelleme ayrıntıları
Feature.Build.Label.Access,Erişim
Feature.Build.Label.AdClicks,Reklam tıklamaları
Feature.Build.Label.AdViews,Reklam görüntülemeleri
Feature.Build.Label.AdditionalUsage,Ek İnşa Et kullanım hakkı
Feature.Build.Label.AdditionalUsed,{USED}/{LIMIT} kullanıldı
Feature.Build.Label.AdsManager,Reklam Yöneticisi
Feature.Build.Label.All,
Feature.Build.Label.AmountAvailable,{AMOUNT} mevcut
Feature.Build.Label.Autosaved,Otomatik kaydedildi
Feature.Build.Label.Available,mevcut
Feature.Build.Label.AvailableForPurchase,Satın alınabilir
Feature.Build.Label.BackToBuild,Oluşturmaya Dön
Feature.Build.Label.Building,İnşa ediliyor...
Feature.Build.Label.CaptureLibrary,Yakalama kütüphanesi
Feature.Build.Label.CaptureSelectionCount,{SELECTED_COUNT}/{MAX_SELECTIONS} seçildi
Feature.Build.Label.ContentRating,İçerik derecelendirmesi
Feature.Build.Label.Created,Oluşturma Tarihi
Feature.Build.Label.CreatedDate,{DAY} {MONTH} {YEAR}
Feature.Build.Label.CreatorHub,Yaratıcı Merkezi
Feature.Build.Label.DateRange,{startDate}-{endDate}
Feature.Build.Label.DefaultDeveloperProduct,Ürün ({PRODUCT_ID})
Feature.Build.Label.DefaultDeveloperProductName,geliştirici ürünü
Feature.Build.Label.Deleted,Silindi
Feature.Build.Label.DescribeIdea,Fikrini tarif et
Feature.Build.Label.Description,
Feature.Build.Label.DeveloperProductDescription,Açıklama: {DESCRIPTION}
Feature.Build.Label.DeveloperProductName,"Ad: ""{NAME}"""
Feature.Build.Label.DeveloperProductPrice,Fiyat: {PRICE} Robux
Feature.Build.Label.DeveloperProductPriceUnavailable,?
Feature.Build.Label.Done,
Feature.Build.Label.EasyPerformanceReport,Kolay performans raporu
Feature.Build.Label.Error,Sorun
Feature.Build.Label.Free,Ücretsiz
Feature.Build.Label.FreeBuildUsage,Ücretsiz İnşa Et kullanım hakkı
Feature.Build.Label.Friends,
Feature.Build.Label.FriendsOnly,Yalnızca arkadaşlar
Feature.Build.Label.GamePlays,Oyun oynama sayısı
Feature.Build.Label.GetMoreBuildUsage,Daha fazla İnşa Et kullanım hakkı al
Feature.Build.Label.Hi,Merhaba
Feature.Build.Label.IconThumbnails,Simge ve küçük resimler
Feature.Build.Label.Images2D,2 Boyutlu Görseller
Feature.Build.Label.InProgress,Devam ediyor
Feature.Build.Label.InputNeeded,Giriş gerekli
Feature.Build.Label.InviteCount,{COUNT}/{MAX_INVITES}
Feature.Build.Label.Limited,Sınırlı
Feature.Build.Label.Live,Canlı
Feature.Build.Label.Loading,
Feature.Build.Label.MaximizeForGamePlays,Oyun oynama sayısını en üst düzeye çıkar
Feature.Build.Label.Models3D,3 Boyutlu Modeller
Feature.Build.Label.Name,
Feature.Build.Label.NoLimit,Sınır yok
Feature.Build.Label.NotStarted,Başlamadı
Feature.Build.Label.OffSale,Satışa kapalı
Feature.Build.Label.OnSale,Satılık
Feature.Build.Label.Pending,Beklemede
Feature.Build.Label.PercentUsed,Yüzde {PERCENT} kullanıldı
Feature.Build.Label.PlayTime,Oynama süresi
Feature.Build.Label.PreviouslyPublished,Daha önce yayınlanan
Feature.Build.Label.Price,Fiyat
Feature.Build.Label.Pricing,Fiyatlandırma
Feature.Build.Label.Private,
Feature.Build.Label.Public,Herkese Açık
Feature.Build.Label.PubliclyUnavailable,Herkese açık değil
Feature.Build.Label.Published,Yayınlandı
Feature.Build.Label.Purchased,
Feature.Build.Label.Ready,Hazır
Feature.Build.Label.RegionalPricing,Bölgesel fiyatlandırma
Feature.Build.Label.ResetsDaily,Her gün sıfırlanır
Feature.Build.Label.RestoredVersion,{VERSION} geri yüklendi
Feature.Build.Label.RobuxUsage,{USED}/{LIMIT}
Feature.Build.Label.Search,
Feature.Build.Label.SearchAssets,Varlık ara
Feature.Build.Label.SearchGames,Oyun ara
Feature.Build.Label.SearchTasks,Görev ara
Feature.Build.Label.SelectOption,Bir seçenek belirle
Feature.Build.Label.ShareAddedFriends,Eklediğin arkadaşlarla paylaş
Feature.Build.Label.Shared,Paylaşıldı
Feature.Build.Label.Sounds,Sesler
Feature.Build.Label.TargetAllRobloxPlayers,Tüm Roblox oyuncularını hedefle
Feature.Build.Label.Thinking,Düşünüyor
Feature.Build.Label.Title,Başlık
Feature.Build.Label.TitleDescription,Başlık ve açıklama
Feature.Build.Label.Tool,araç
Feature.Build.Label.ToolAssetDone,Varlık eklendi
Feature.Build.Label.ToolAssetFailed,Varlık eklenemedi
Feature.Build.Label.ToolAssetRunning,Varlık ekleniyor
Feature.Build.Label.ToolAssetSearchDone,Varlık kütüphanesi arandı
Feature.Build.Label.ToolAssetSearchFailed,Varlık kütüphanesi aranamadı
Feature.Build.Label.ToolAssetSearchRunning,Varlık kütüphanesi aranıyor
Feature.Build.Label.ToolClientDMDone,İstemci DataModel'i arandı
Feature.Build.Label.ToolClientDMFailed,İstemci DataModel'i aranamadı
Feature.Build.Label.ToolClientDMRunning,İstemci DataModel'i aranıyor
Feature.Build.Label.ToolGameInfoDone,Oyun bilgileri güncellendi
Feature.Build.Label.ToolGameInfoFailed,Oyun bilgileri güncellenemedi
Feature.Build.Label.ToolGameInfoRunning,Oyun bilgileri güncelleniyor
Feature.Build.Label.ToolGameSaveDone,Oyun kaydedildi
Feature.Build.Label.ToolGameSaveFailed,Oyun kaydedilemedi
Feature.Build.Label.ToolGameSaveRunning,Oyun kaydediliyor
Feature.Build.Label.ToolImageDone,Görsel oluşturuldu
Feature.Build.Label.ToolImageFailed,Görsel oluşturulamadı
Feature.Build.Label.ToolImageRunning,Görsel oluşturuluyor
Feature.Build.Label.ToolInspectDone,İstemci durumu incelendi
Feature.Build.Label.ToolInspectFailed,İstemci durumu incelenemedi
Feature.Build.Label.ToolInspectRunning,İstemci durumu inceleniyor
Feature.Build.Label.ToolLogsDone,Talep edilen kayıtlar
Feature.Build.Label.ToolLogsFailed,Kayıtlar talep edilemedi
Feature.Build.Label.ToolLogsRunning,Kayıtlar talep ediliyor
Feature.Build.Label.ToolLuauDone,Luau çalıştırıldı
Feature.Build.Label.ToolLuauFailed,Luau çalıştırılamadı
Feature.Build.Label.ToolLuauRunning,Luau çalıştırılıyor
Feature.Build.Label.ToolModelDone,3 boyutlu model oluşturuldu
Feature.Build.Label.ToolModelFailed,3 boyutlu model oluşturulamadı
Feature.Build.Label.ToolModelRunning,3 boyutlu model oluşturuluyor
Feature.Build.Label.ToolPlanPresentDone,Plan sunuldu
Feature.Build.Label.ToolPlanPresentFailed,Plan sunulamadı
Feature.Build.Label.ToolPlanPresentRunning,Plan sunuluyor
Feature.Build.Label.ToolPlanUpdateDone,Plan güncellendi
Feature.Build.Label.ToolPlanUpdateFailed,Plan güncellenemedi
Feature.Build.Label.ToolPlanUpdateRunning,Plan güncelleniyor
Feature.Build.Label.ToolPrimitiveDone,Temel şekil oluşturuldu
Feature.Build.Label.ToolPrimitiveFailed,Temel şekil oluşturulamadı
Feature.Build.Label.ToolPrimitiveRunning,Temel şekil oluşturuluyor
Feature.Build.Label.ToolQuestionDone,Bir soru soruldu
Feature.Build.Label.ToolQuestionFailed,Soru sorulamadı
Feature.Build.Label.ToolQuestionRunning,Bir soru soruluyor
Feature.Build.Label.ToolReqUpdateDone,Gereklilikler güncellendi
Feature.Build.Label.ToolReqUpdateFailed,Gereklilikler güncellenemedi
Feature.Build.Label.ToolReqUpdateRunning,Gereklilikler güncelleniyor
Feature.Build.Label.ToolScriptDone,Komut dosyası çalıştırıldı
Feature.Build.Label.ToolScriptFailed,Komut dosyası çalıştırılamadı
Feature.Build.Label.ToolScriptRunning,Komut dosyası çalıştırılıyor
Feature.Build.Label.ToolSkillLoadDone,Beceri yüklendi
Feature.Build.Label.ToolSkillLoadFailed,Beceri yüklenemedi
Feature.Build.Label.ToolSkillLoadRunning,Beceri yükleniyor
Feature.Build.Label.ToolSkillsDone,Mevcut beceriler listelendi
Feature.Build.Label.ToolSkillsFailed,Mevcut beceriler listelenemedi
Feature.Build.Label.ToolSkillsRunning,Mevcut beceriler listeleniyor
Feature.Build.Label.ToolTasksPlanDone,Görevler planlandı
Feature.Build.Label.ToolTasksPlanFailed,Görevler planlanamadı
Feature.Build.Label.ToolTasksPlanRunning,Görevlerin planlanıyor
Feature.Build.Label.ToolThumbnailDone,Oyun küçük resmini ayarla
Feature.Build.Label.ToolThumbnailFailed,Oyun küçük resmi ayarlanamadı
Feature.Build.Label.ToolThumbnailRunning,Oyun küçük resmi ayarlanıyor
Feature.Build.Label.UniverseNumber,Evren {UNIVERSE_ID}
Feature.Build.Label.Unknown,Bilinmeyen
Feature.Build.Label.UnlimitedUsed,{USED} kullanıldı • Sınır yok
Feature.Build.Label.UpdateTitleDesc,Başlığı ve açıklamayı güncelle
Feature.Build.Label.Updated,Güncelleme Tarihi
Feature.Build.Label.Usage,Kullanım
Feature.Build.Label.UsageUsed,{USED} kullanıldı
Feature.Build.Label.UsernameHandle,@{USERNAME}
Feature.Build.Label.Version,Sürüm
Feature.Build.Label.VersionCompact,v{VERSION_NUMBER}
Feature.Build.Label.VersionDate,{VERSION} · {CREATED_DATE}
Feature.Build.Label.VersionPadded,v0{VERSION_NUMBER}
Feature.Build.Label.VersionTitleDesc,Versiyon başlığı ve açıklaması
Feature.Build.Label.Video,Video
Feature.Build.Message.AccountRequirements,"Hesabın, İnşa Et'i kullanma gerekliliklerini karşılamıyor."
Feature.Build.Message.AccountTooNew,Hesabın yayınlanamayacak kadar yeni. 2 günü doldurduğunda tekrar dene.
Feature.Build.Message.AdCampaignCreateFailed,Kampanyan oluşturulamadı. Lütfen tekrar dene.
Feature.Build.Message.AdCampaignCreated,Reklam kampanyası oluşturuldu
Feature.Build.Message.AdPerformanceLoadFailed,Reklam performansı yüklenemedi
Feature.Build.Message.AdsPromotionBannerSubtitle,Kitleni ücretsiz olarak genişlet
Feature.Build.Message.AdsPromotionBannerTitle,{promotionCount} ücretsiz promosyonun kaldı
Feature.Build.Message.AdsPromotionBannerTitleSingular,1 ücretsiz promosyonun kaldı
Feature.Build.Message.AdsStatsEmpty,Bir reklam kampanyasıyla kitleni genişlet ve oyununun keşfedilmesini sağla
Feature.Build.Message.AdsStatsEmptyFree,Ücretsiz bir reklam kampanyasıyla kitleni genişlet ve oyununun keşfedilmesini sağla
Feature.Build.Message.AllFriendsAdded,Tüm arkadaşlarını oynanış testçisi olarak ekledin.
Feature.Build.Message.AnswerBuildQuestion,İnşa Et'in sorusunu aşağıda yanıtla.
Feature.Build.Message.AssetDetailsUnavailable,Varlık ayrıntıları kullanılamıyor.
Feature.Build.Message.AssetsLoadFailed,Varlıklar yüklenemiyor.
Feature.Build.Message.AudienceIneligible,Bu kitle için gerekli şartları karşılamıyor
Feature.Build.Message.BuildAccountBlocked,İnşa Et şu anda hesabında kullanılamıyor.
Feature.Build.Message.BuildBusy,İnşa Et meşgul. Bir dakika bekle ve tekrar dene.
Feature.Build.Message.BuildConnectFailed,İnşa Et bağlanamadı. Tekrar dene.
Feature.Build.Message.BuildInternalError,İnşa Et bir sorunla karşılaştı. Tekrar dene.
Feature.Build.Message.BuildResponseFailed,İnşa Et yanıt veremedi. Tekrar dene.
Feature.Build.Message.BuildStillWorking,"Üzerinde çalışıyor. Beklerken uygulamadan çıkabilir, Roblox oynayabilir veya başka bir projeye başlayabilirsin."
Feature.Build.Message.BuildStopped,İnşa Et'i durdurdun.
Feature.Build.Message.BuildTemporarilyDown,İnşa Et geçici olarak kullanım dışı. Bir dakika içinde tekrar dene.
Feature.Build.Message.CompletedTasks,{COUNT} tamamlanan görev
Feature.Build.Message.ConversationGone,Bu sohbet artık mevcut değil. Yeni bir sohbet başlat.
Feature.Build.Message.ConversationNotFound,Bu sohbet bulunamadı. Yeni bir sohbet başlat.
Feature.Build.Message.CreateGameToUseBuild,İnşa Et'i kullanmaya başlamak için yeni bir oyun oluştur.
Feature.Build.Message.CreatedRevertedVer,Geri döndürülmüş bir versiyon oluşturuldu.
Feature.Build.Message.ErrorCodeText,({ERROR_CODE}) {ERROR_TEXT}
Feature.Build.Message.ExpandAudience,Yaratıcı Merkezi'nde gerekli şartları karşılama açısından kitleni genişlet
Feature.Build.Message.ExperiencesLoadFailed,Deneyimler yüklenemedi
Feature.Build.Message.FailedTitle,{TITLE} başarısız oldu
Feature.Build.Message.FinishedTitle,{TITLE} tamamlandı
Feature.Build.Message.FriendsLoadFailed,Arkadaşlar yüklenemedi. Tekrar dene.
Feature.Build.Message.GameNotCreated,Oyunun oluşturulmadı. Tekrar dene.
Feature.Build.Message.GamePublishFailed,Oyunun yayınlanamadı. Tekrar dene.
Feature.Build.Message.GameShared,Oyun paylaşıldı
Feature.Build.Message.GameSharedWith,Oyun {DISPLAY_NAME} ile paylaşıldı
Feature.Build.Message.HiDisplayName,Merhaba {DISPLAY_NAME}
Feature.Build.Message.ImageUploadFailed,Görsellerin yüklenemedi. Tekrar dene.
Feature.Build.Message.InvalidMessage,Mesajınla ilgili bir şeyler yanlış gitti. Düzenle ve tekrar dene.
Feature.Build.Message.InvitesLoadFailed,Davetler yüklenemedi
Feature.Build.Message.LimitBelowSpend,"Sınır, bugün harcanmış olan {ALREADY_SPENT} Robux'un altında olamaz."
Feature.Build.Message.LinkCopied,"Bağlantı, panoya kopyalandı."
Feature.Build.Message.LoadingVersions,Sürüm geçmişi yükleniyor...
Feature.Build.Message.NoAssetsFound,Varlık bulunamadı.
Feature.Build.Message.NoCapturesAvailable,Hiç yakalanan yok
Feature.Build.Message.NoDescriptionProvided,Açıklama sağlanmadı.
Feature.Build.Message.NoFriendsToAdd,Henüz ekleyecek arkadaşın yok. Önce Roblox'ta bağlantı kurabileceğin insanlar bul.
Feature.Build.Message.NoResults,
Feature.Build.Message.NoVersionHistory,Henüz sürüm geçmişi yok.
Feature.Build.Message.OneTaskCompleted,1 görev tamamlandı
Feature.Build.Message.OutOfBuildUsage,İnşa Et kullanım hakkın tükendi. Bir şeyler oluşturmaya devam etmek için Robux kullanma seçeneklerini görüntüle.
Feature.Build.Message.PlaytestersAdded,{INVITED_COUNT}/{MAX_INVITES} oynanış testçisi eklendi
Feature.Build.Message.PublicPublishFailed,Oyunun yayınlandı ancak herkese açık hâle getirilemedi. Tekrar dene.
Feature.Build.Message.PublishExpandAudience,Kitleni genişletmek için yayınla
Feature.Build.Message.PublishNotReverted,Yayınlaman geri döndürülmedi. Tekrar dene.
Feature.Build.Message.PublishPromotionUpsell,Oyununu yayınladığın için tebrikler! Roblox'ta daha fazla oyuncu kazanmak için {promotionCount} ücretsiz promosyonun var.
Feature.Build.Message.PublishPromotionUpsellSingular,Oyununu yayınladığın için tebrikler! Roblox'ta daha fazla oyuncu kazanmak için 1 ücretsiz promosyonun var.
Feature.Build.Message.PublishReverted,Yayınlama geri döndürüldü.
Feature.Build.Message.QuestionnaireNeeded,Bu oyun İnşa Et dışında düzenlendi. Yayınlamak için içerik anketini tamamla.
Feature.Build.Message.ReadyToPlay,Oyunun Roblox'ta oynamaya hazır!
Feature.Build.Message.ResetHours,{HOURS} saat içinde sıfırlanacak
Feature.Build.Message.ResetOneHour,1 saat içinde sıfırlanacak
Feature.Build.Message.RestoreVersionFailed,Bu versiyon geri yüklenemedi. Tekrar dene.
Feature.Build.Message.RevertVersionFail,Geri döndürülmüş bir versiyon oluşturulmadı. Tekrar dene.
Feature.Build.Message.RunningTitle,{title} çalıştırılıyor
Feature.Build.Message.SafetyPolicy,Bu mesaj güvenlik politikamıza aykırı. Düzenle ve tekrar dene.
Feature.Build.Message.SaveChangesFailed,Değişiklikler kaydedilemedi. Tekrar dene.
Feature.Build.Message.ShareExperience,{EXPERIENCE_NAME} deneyimini paylaş
Feature.Build.Message.ShareLinkFailed,Paylaşım bağlantısı oluşturulamadı. Tekrar dene.
Feature.Build.Message.SignedOut,Çıkış yaptın. Giriş yapıp tekrar dene.
Feature.Build.Message.TasksCompleted,{NUM_COMPLETED_TASKS} görev tamamlandı
Feature.Build.Message.ThinkingSeconds,{SECONDS} saniyedir düşünülüyor
Feature.Build.Message.TryAgain,Tekrar dene.
Feature.Build.Message.TurnToPortrait,Oyunun üzerinde çalışmaya devam etmek için cihazını portre moduna getir.
Feature.Build.Message.VersionHistoryLoad,Versiyon geçmişi yüklenemedi.
Feature.Build.Message.WhatToCreate,Bugün ne yaratmak istiyorsun?
Feature.Build.Message.WorkedMinutesSeconds,{MINUTES} dk. {REM_SECONDS} sn. çalışıldı
Feature.Build.Message.WorkedSeconds,{SECONDS} sn. çalışıldı
Feature.Build.Message.WorkingOnTasks,Görevlerin üzerinde çalışıyor
Feature.Build.Notification.Message.Continue,Devam etmek için İnşa Et sohbetine geri dön.
Feature.Build.Notification.Message.Review,Sonucu incelemek için İnşa Et sohbetine geri dön.
Feature.Build.Notification.Title.Finished,İnşa Et tamamlandı
Feature.Build.Notification.Title.NeedInput,İnşa Et için girdin gerekiyor
Feature.Build.Prompt.CreateDeveloperProduct,"Bir geliştirici ürünü oluşturmak, oyuna bağlamak, değişiklikleri doğrulayıp yayınlamak ve satın alınabilir hâle getirmek konusunda bana yardımcı ol."
Feature.Build.Title.AdCampaignActive,Reklam kampanyası aktif
Feature.Build.Title.AdCampaignDuration,{durationDays} günlük reklam kampanyası
Feature.Build.Title.AddFriendsToPlaytest,Oynanış testinde sana yardımcı olacak arkadaşları ekle
Feature.Build.Title.AddImages,Görsel ekle
Feature.Build.Title.AdsStatsEmpty,Bir kampanya başlat
Feature.Build.Title.AdsStatsEmptyFree,İlk kampanyanı başlat
Feature.Build.Title.ArchiveThisGame,Bu oyun arşivlensin mi?
Feature.Build.Title.AssetLibrary,Kütüphane
Feature.Build.Title.Audience,Kitle
Feature.Build.Title.BuildQuestion,İnşa Et'in bir sorusu var
Feature.Build.Title.BuildQuestions,İnşa Et'in bazı soruları var
Feature.Build.Title.BuildUnavailable,İnşa Et kullanılamıyor
Feature.Build.Title.BuildUsage,İnşa Et kullanımı
Feature.Build.Title.ChangesNotLive,Değişikliklerin henüz aktif değil
Feature.Build.Title.ChatBuildUnavailable,İnşa Et kullanılamıyor.
Feature.Build.Title.Content,İçerik
Feature.Build.Title.DailyRobuxReached,Günlük Robux sınırına ulaşıldı
Feature.Build.Title.ExperienceAudience,Deneyim kitlesi
Feature.Build.Title.FreeUsageReached,Ücretsiz İnşa Et kullanım sınırına ulaşıldı
Feature.Build.Title.FriendsOnlyPlay,Yalnızca arkadaşlar oynayabilir
Feature.Build.Title.GameCreationDone,Oyun oluşturma tamamlandı
Feature.Build.Title.GamePrivate,Bu oyun özeldir
Feature.Build.Title.GenericError,Bir şeyler ters gitti
Feature.Build.Title.GetUsers,Kullanıcıları al
Feature.Build.Title.NoRobuxForUsage,İnşa Et kullanım hakkı için Robux kalmadı
Feature.Build.Title.Playtesters,Oynanış Testçileri
Feature.Build.Title.PlaytestersOnlyPlay,Yalnızca oynanış testçileri oynayabilir
Feature.Build.Title.PromoteGame,Oyununun tanıtımını yap
Feature.Build.Title.PromoteGameFree,Oyununun tanıtımını ücretsiz yap
Feature.Build.Title.PushNotifications,Anlık bildirimler
Feature.Build.Title.RevertLastChange,Son değişiklik geri döndürülsün mü?
Feature.Build.Title.Tasks,Görevler
Feature.Build.Title.TurnActivity,Etkinliği aç
Feature.Build.Title.VersionHistory,Sürüm geçmişi
Feature.Build.Title.VersionInfo,Versiyon bilgileri
Feature.Build.Title.VersionInformation,Versiyon Bilgileri
Feature.Build.Title.VersionNumber,Sürüm {VERSION}
Feature.Build.Title.Versions,Versiyonlar
Feature.Build.Title.WhatsIncluded,Neler dâhil?
Feature.Call.Error.Description.Generic,
Feature.Captures.Action.Allow,İzin ver
Feature.Captures.Action.AllowPhotoAccessAccepted,İzin Ver
Feature.Captures.Action.AllowPhotoAccessDeclined,
Feature.Captures.Action.CancelSelectAllCaptures,
Feature.Captures.Action.Create,
Feature.Captures.Action.DeleteCaptureWarningCancel,
Feature.Captures.Action.DeleteCaptureWarningConfirm,
Feature.Captures.Action.DontAllow,İzin verme
Feature.Captures.Action.NoThanks,"Hayır, teşekkürler"
Feature.Captures.Action.OpenInFiles,Dosyalarda Aç
Feature.Captures.Action.Save,
Feature.Captures.Action.SelectAllCaptures,Tümünü Seç
Feature.Captures.Action.Share,
Feature.Captures.Action.ShareYourCapture,Yakalamanı paylaş
Feature.Captures.Action.ViewCapture,
Feature.Captures.Body.AllowAccessToCaptures,"Bu deneyim, yakalananları görüntülemek ve kullanmak istiyor."
Feature.Captures.Body.SaveCapturesPrompt,Yakalamalarını kaydetmek ister misin?
Feature.Captures.Body.ShareCapturePrompt,Yakalamanı paylaşmak ister misin?
Feature.Captures.Control.Off,
Feature.Captures.Control.On,
Feature.Captures.Control.StartRecordingVideo,Video Kaydet
Feature.Captures.Control.StopRecordingVideo,Kaydı Durdur
Feature.Captures.Description.AllowPhotoAccessInfo,Yakalamalarını kaydetmek için Roblox'un cihazının kamerasına erişmesi gerekiyor.
Feature.Captures.Description.DiscoverPostWatch,"Anlar'da destansı Roblox oyunlarını keşfet, paylaş ve izle."
Feature.Captures.Description.MomentProcessing,Yakında Anlar'da görüntüleyebilirsin
Feature.Captures.Description.ShareCTA,Yakalamanı arkadaşlarınla paylaş!
Feature.Captures.Label.CaptureCounts,{numberOfCaptures} Yakalama
Feature.Captures.Label.CaptureStorageTooltipLabel,"Roblox, yakalamaları depolamak için uygulama depolama alanını kullanır. Yer açmak için yakalamaları silebilirsin."
Feature.Captures.Label.DeleteCaptureInfo,"Bu işlem, yakalamayı kalıcı olarak siler."
Feature.Captures.Label.DeleteCaptureWarningOptOut,Bunu tekrar gösterme.
Feature.Captures.Label.DeleteCapturesWarning,"Bu işlem, yakalamalarını kalıcı olarak siler"
Feature.Captures.Label.EducationalText,"Favori Roblox anlarını yakala, görüntüle ve paylaş."
Feature.Captures.Label.HotkeyEducationalText,"En sevdiğin Roblox anlarını yakala, görüntüle ve paylaş. Klavye kısayolu: {keyOne} + {keyTwo}."
Feature.Captures.Label.MultipleCapturesSelected,{numberOfCaptures} yakalama seçildi
Feature.Captures.Label.NothingHereYet,Burada henüz hiçbir şey yok... İlk yakalamalarını aldıktan sonra incelemeye dön ve arkadaşlarınla paylaş.
Feature.Captures.Label.OneCapture,1 Yakalama
Feature.Captures.Label.OneCaptureSelected,1 yakalama seçildi
Feature.Captures.Label.SelectCapture,Yakalama Seç
Feature.Captures.Label.VideoCaptureVoiceChatMutedTooltip,Diğer oyuncuları duyamazsın ama onlar seni duymaya devam edebilir. Kayıt durduğunda sesli sohbet devam eder.
Feature.Captures.Label.VideoEducationalText,"""Video Kaydet"" düğmesine tıkladığında menü kapanır ve ekranını kaydetmeye başlar."
Feature.Captures.Prompt.Subtitle.VoiceChatRecordingTrustedFriendsAgeGroup,Güvenilir arkadaşlar ve benzer yaş gruplarındaki insanlar için sesli sohbet ve ses kaydı etkinleştirilmiştir. Sesin paylaşılabilir.
Feature.Captures.Title.AllowAccessToCaptures,Yakalananlara erişim izni verilsin mi?
Feature.Captures.Title.AllowPhotoAccessInfo,Fotoğraflara Erişime İzin Ver
Feature.Captures.Title.CaptureScreenshotTooltip,Ekran Görüntüsü Yakalama
Feature.Captures.Title.CaptureStorageTooltipTitle,Yakalama Deposu
Feature.Captures.Title.CaptureVideoTooltip,Video Yakala
Feature.Captures.Title.Captures,Yakalamalar
Feature.Captures.Title.DeleteCaptureWarning,Yakalamayı sil
Feature.Captures.Title.DeleteMultipleCapturesWarning,Yakalamaları Sil
Feature.Captures.Title.Gallery,Galeri
Feature.Captures.Title.SaveCapturesPrompt,Yakalamaları Kaydet
Feature.Captures.Title.ShareCapturePrompt,Yakalamayı Paylaş
Feature.Captures.Title.VideoCTA,
Feature.Captures.Title.VideoCaptureInProgressTooltip,Video yakalama zaten devam ediyor
Feature.Captures.Title.VideoCaptureVoiceChatMutedTooltip,"Sesli sohbet, yakalama esnasında sessize alınır"
Feature.Captures.Toast.CaptureSaved,Yakalama kaydedildi
Feature.Captures.Toast.CaptureSavedToDevice,Cihaza Kaydedildi
Feature.Captures.Toast.CapturesEnabled,Yakalamalar Etkin
Feature.Captures.Toast.CreateMoment2,Kaydedildi! Bunu bir Ana dönüştür.
Feature.Captures.Toast.MomentProcessing,An'ını işliyoruz
Feature.Captures.Toast.VideoCaptureFailed,Video yakalama kaydedilemedi.
Feature.Captures.Toast.VideoCaptureInitializationCapturingAlreadyError,
Feature.Captures.Toast.VideoCaptureInitializationNoDeviceSupportError,Cihaz video yakalamayı desteklemiyor
Feature.Captures.Toast.VideoCaptureInitializationNoSpaceOnDeviceError,Cihazda video yakalamak için yeterli alan yok
Feature.Captures.Toast.VideoCaptureInitializationOtherError,Video başlatılırken bir hata oluştu
Feature.Captures.Toast.VideoCaptureOtherError,Video kaydedilirken bir hata oluştu
Feature.Catalog.Action.Buy,
Feature.Catalog.Action.Cancel,
Feature.Catalog.Action.Checkout.GoToCustomize,Özelleştir'e git
Feature.Catalog.Action.Checkout.ManageInCustomize,Özelleştir'de yönet
Feature.Catalog.Action.Checkout.UnavailableItems,
Feature.Catalog.Action.Checkout.Wear,Giy
Feature.Catalog.Action.CheckoutPlural,Ödeme Adımını Görüntüle ({count})
Feature.Catalog.Action.CheckoutSingular,1 öğe için ödeme yap
Feature.Catalog.Action.CloseDetails,Ayrıntıları Kapat
Feature.Catalog.Action.CopyLink,Bağlantıyı Kopyala
Feature.Catalog.Action.Customize,Özelleştir
Feature.Catalog.Action.Delete,
Feature.Catalog.Action.DeleteAvatar,Avatarı Sil
Feature.Catalog.Action.DescribeAvatar,Avatarını tarif et (İsteğe Bağlı)
Feature.Catalog.Action.Favorite,Favori
Feature.Catalog.Action.Favorites.BrowseMarketplace,Pazar Yerine Göz At
Feature.Catalog.Action.GoBack,
Feature.Catalog.Action.ItemOptions,Öğe Seçenekleri
Feature.Catalog.Action.LoadMore,Daha Fazlasını Yükle
Feature.Catalog.Action.Next,
Feature.Catalog.Action.OpenDetails,Ayrıntıları Aç
Feature.Catalog.Action.Owned,Sahip olunan: {count}
Feature.Catalog.Action.Post,
Feature.Catalog.Action.PreviewAndPost,
Feature.Catalog.Action.Remove,
Feature.Catalog.Action.RemoveFavorite,
Feature.Catalog.Action.Rent,Kirala
Feature.Catalog.Action.Replace,
Feature.Catalog.Action.Report,Bildirim
Feature.Catalog.Action.Sell,Sat
Feature.Catalog.Action.ShareVia,Paylaş...
Feature.Catalog.Action.Submit,
Feature.Catalog.Action.Try,Dene
Feature.Catalog.Action.Upgrade,Yükselt
Feature.Catalog.Action.ViewDetailsPage,Ayrıntılar Sayfasını Görüntüle
Feature.Catalog.Action.ViewExperienceDetails,Deneyim Detaylarını Görüntüle
Feature.Catalog.Action.ViewTerms,Koşulları görüntüle
Feature.Catalog.ActionSeeAll,Tümünü Gör
Feature.Catalog.AvatarWidgetTitle,Tarzları keşfet
Feature.Catalog.Checkout.Title.PurchasedFailedPlural,{count} öğe satın alınamadı
Feature.Catalog.Checkout.WearAfterPurchase,
Feature.Catalog.Description.AttributionAlertBody,Bu bölgeden ayrılacak ve {experienceName} deneyimine katılacaksın.
Feature.Catalog.Feature.Catalog.Label.ClassicShirt,Klasik Gömlek
Feature.Catalog.Feature.Catalog.Label.ClassicTShirt,Klasik Tişört
Feature.Catalog.Feature.Catalog.Label.TotalItems,Toplam: {itemCount} öğe
Feature.Catalog.Feature.Catalog.Label.TotalItemsParenthesis,Toplam: ({itemCount} öğe)
Feature.Catalog.Header.Checkout,Ödeme adımı
Feature.Catalog.Header.InvalidOutfit,Geçersiz Kıyafet
Feature.Catalog.Header.PostAvatar,
Feature.Catalog.Heading.AvailableItems,Mevcut Öğeler
Feature.Catalog.Heading.BuyItem,
Feature.Catalog.Heading.FreeItemConfirmation,Öğeyi Al
Feature.Catalog.Heading.GoToExperience,Deneyime Katılım yapılsın mı?
Feature.Catalog.Heading.HoldingPolicy,Bekletme Politikası
Feature.Catalog.Heading.InExperienceOnly,Deneyimde Kullanılabilir
Feature.Catalog.Heading.InsufficientFunds,Yetersiz Robux
Feature.Catalog.Heading.ItemInfo,Öğe Bilgisi
Feature.Catalog.Heading.ItemRemoved,Öğe Kaldırıldı
Feature.Catalog.Heading.ItemsOnSale,Satılık Öğeler
Feature.Catalog.Heading.NotForSale,
Feature.Catalog.Heading.Overview,
Feature.Catalog.Heading.PremiumOnly,Yalnızca Roblox Plus
Feature.Catalog.Heading.QuantityLimitReached,Yaratıcı Limitine Ulaşıldı
Feature.Catalog.Heading.QuickMenu,Hızlı Menü
Feature.Catalog.Heading.Resellers,Satıcılar
Feature.Catalog.Heading.SellItem,Öğeyi Sat
Feature.Catalog.Heading.Sellers,
Feature.Catalog.Heading.SetPrice,Fiyat Belirle
Feature.Catalog.Heading.ShowBodyParts,Vücut Bölümlerini Göster
Feature.Catalog.Heading.ShowHeadType,Kafa Tipini Göster
Feature.Catalog.Heading.ShowShoes,Ayakkabıları Göster
Feature.Catalog.Heading.TakeOffSale,Satıştan Kaldır
Feature.Catalog.HeroWidget.BundleTitle,Korblox Pactbreaker geldi
Feature.Catalog.HeroWidget.CapsuleDescription,
Feature.Catalog.HeroWidget.CapsulePoolDescription,
Feature.Catalog.HeroWidget.CapsulePoolTitle,
Feature.Catalog.HeroWidget.CapsuleTitle,
Feature.Catalog.Label.Adjustable,Ayarlanabilir
Feature.Catalog.Label.AdvancedMaterials,Gelişmiş malzemeler
Feature.Catalog.Label.AllItems,Tüm Öğeler
Feature.Catalog.Label.AlreadyOwned,Zaten sahip olunan öğe
Feature.Catalog.Label.Animation,Animasyon
Feature.Catalog.Label.Attributes,Özellikler
Feature.Catalog.Label.Attribution,Şurada oluşturuldu:
Feature.Catalog.Label.AvailableForSale,Satışa Hazır
Feature.Catalog.Label.AvailableToPremiumMembers,Premium'a sahip olduğun için kullanılabilir
Feature.Catalog.Label.Avatar,
Feature.Catalog.Label.AvatarEmoteSelection,
Feature.Catalog.Label.AvatarTitle,Avatar Başlığı
Feature.Catalog.Label.Avatars,
Feature.Catalog.Label.AveragePrice,Ortalama Fiyat
Feature.Catalog.Label.AveragePriceColon,Ortalama Fiyat:
Feature.Catalog.Label.BackAccessories,Arka Taraf Aksesuarları
Feature.Catalog.Label.Backgrounds,
Feature.Catalog.Label.Bestselling,En Çok Satan
Feature.Catalog.Label.Body,Vücut
Feature.Catalog.Label.Bundle,
Feature.Catalog.Label.Bundles,Setler
Feature.Catalog.Label.BuyConfirmation,{creatorName} adlı yaratıcıdan {itemName} satın almak ister misin?
Feature.Catalog.Label.BuyConfirmationIncludingWarning,Lütfen eğlenceni ve tüketimini aşırılığa kaçmadan ve mantıklı bir şekilde yap. {creatorName} adlı yaratıcıdan {itemName} satın almak ister misin?
Feature.Catalog.Label.BuyItems,Öğe satın al
Feature.Catalog.Label.BuyPrice,Şu Fiyata Satın Al:
Feature.Catalog.Label.BuyRobux,
Feature.Catalog.Label.Category,Kategori
Feature.Catalog.Label.CategoryType,Tip
Feature.Catalog.Label.Characters,Karakterler
Feature.Catalog.Label.Checkout.CheckoutButtonFtuxTooltip,Denediğin öğeleri burada görüntüle ve kaldır
Feature.Catalog.Label.Checkout.ClearAllItemsOnAvatarBody,"Bu işlem, avatarında giydiğin ve sahibi olmadığın tüm öğeleri kaldırır."
Feature.Catalog.Label.Checkout.DontWarnAgainText,Beni bir daha uyarma
Feature.Catalog.Label.Checkout.GoToCustomizeBody,Sahip olduğun öğeleri yalnızca Özelleştir görünümünde giyebilir veya çıkarabilirsin.
Feature.Catalog.Label.Checkout.InExperienceOnly,Sadece Deneyimde
Feature.Catalog.Label.Checkout.ItemReplacedOnAvatarBody,Her kategoride yalnızca bir öğe giyebilirsin. Yeni bir öğe her zaman şu anda giydiğin öğenin yerini alır.
Feature.Catalog.Label.Checkout.LimitReached,Sınıra Ulaşıldı
Feature.Catalog.Label.Checkout.OffSale,
Feature.Catalog.Label.Checkout.OutOfStock,
Feature.Catalog.Label.Checkout.PriceChanged,Fiyat Değişti
Feature.Catalog.Label.Checkout.SoldOut,
Feature.Catalog.Label.Checkout.Unavailable,Kullanılamıyor
Feature.Catalog.Label.Checkout.WearAvatarReplaceAllItemsBody,"Bu avatar giyildiğinde, giymekte olduğun tüm öğelerin yerine geçer."
Feature.Catalog.Label.ClassicShirt,
Feature.Catalog.Label.ClassicTShirt,
Feature.Catalog.Label.Clothing,
Feature.Catalog.Label.CreatorName,Yaratıcı Adı
Feature.Catalog.Label.CurrentBalance,Mevcut bakiye:
Feature.Catalog.Label.CustomizeAvatar,Avatarı Özelleştir
Feature.Catalog.Label.DeleteAvatarConfirmationPromptMessage,Silersen bu eylemi geri alamazsın.
Feature.Catalog.Label.Details,
Feature.Catalog.Label.DynamicHeads,
Feature.Catalog.Label.Emissive,Yayıcı
Feature.Catalog.Label.EmissiveInfo,"Yayıcı öğe parlar ve kendi ışığını yayar, böylece karanlık ortamlarda bile parlak ve görünür kalır."
Feature.Catalog.Label.Emotes,
Feature.Catalog.Label.EyeMakeup,
Feature.Catalog.Label.Eyebrow,Kaş
Feature.Catalog.Label.EyebrowMakeup,
Feature.Catalog.Label.Eyebrows,
Feature.Catalog.Label.Eyelash,Kirpik
Feature.Catalog.Label.EyelashMakeup,
Feature.Catalog.Label.Eyelashes,
Feature.Catalog.Label.FaceAccessories,Yüz Aksesuarları
Feature.Catalog.Label.FaceMakeup,
Feature.Catalog.Label.Favorites,
Feature.Catalog.Label.Fee,%{feePercentage} Komisyon:
Feature.Catalog.Label.Filter.Creator,Yaratıcı
Feature.Catalog.Label.Filter.Curator,Küratör
Feature.Catalog.Label.Filter.Filters,
Feature.Catalog.Label.Filter.Hide,Gizle
Feature.Catalog.Label.Filter.PriceMax,Maks.
Feature.Catalog.Label.Filter.PriceMin,Min.
Feature.Catalog.Label.Filter.SalesType,Satış Türü
Feature.Catalog.Label.Filter.Show,Göster
Feature.Catalog.Label.Filter.Sorts,Türler
Feature.Catalog.Label.Filter.TotalValue,Toplam Değer
Feature.Catalog.Label.Filter.UnavailableItems,Kullanılamayan Öğeler
Feature.Catalog.Label.FreeItemConfirmation,{creatorName} adlı yaratıcıdan ücretsiz bir şekilde {itemName} almak ister misin?
Feature.Catalog.Label.FreeUpperCase,ÜCRETSİZ
Feature.Catalog.Label.FromPrice,En Ucuz Fiyat {itemPrice}
Feature.Catalog.Label.FrontAccessories,Ön Taraf Aksesuarları
Feature.Catalog.Label.FullBodies,Tam Vücutlar
Feature.Catalog.Label.FullBody,
Feature.Catalog.Label.Gear,
Feature.Catalog.Label.Get,Al
Feature.Catalog.Label.GetPremiumAndPrice,Premium alarak şu fiyata satın al 
Feature.Catalog.Label.HD,HD
Feature.Catalog.Label.Hair,
Feature.Catalog.Label.HeadShape,
Feature.Catalog.Label.HighDefinitionInfo,"HD öğeler; ayrıntılar, malzemeler ve uyum açısından üst düzey ustalıkla üretilir."
Feature.Catalog.Label.Holding,Bekletme
Feature.Catalog.Label.InExperienceOnly,Bu öğenin orijinal satışı yalnızca deneyimde mevcuttur.
Feature.Catalog.Label.InMultipleExperiences,{NUM_EXPERIENCES} deneyimde
Feature.Catalog.Label.InSingleExperience,Deneyimde
Feature.Catalog.Label.InSpecificExperience,{EXPERIENCE_NAME} deneyiminde
Feature.Catalog.Label.IncludedParts,Dâhil Olan Parçalar
Feature.Catalog.Label.InsufficientFunds,Bu öğeyi satın almak için yeterli Robux'ın yok.
Feature.Catalog.Label.ItemCount,{itemCount} öğe
Feature.Catalog.Label.ItemExperienceLimitReached,"Yaratıcının bu öğe için belirlediği satın alım sınırına ulaştın. Daha fazlasını elde edemeyeceksin, yine de [{EXPERIENCE_NAME}] deneyimine katılmak istiyor musun?"
Feature.Catalog.Label.ItemExperienceLimitReachedTitle,Satın Alım Sınırına Ulaşıldı
Feature.Catalog.Label.ItemExperienceSoldOut,"Deneyimde orijinal kopya tükendi, yine de [{EXPERIENCE_NAME}] deneyimine katılmak istiyor musun?"
Feature.Catalog.Label.ItemExperienceSoldOutTitle,Öğe Tükendi
Feature.Catalog.Label.ItemInAHold,Bir öğe askıda mı?
Feature.Catalog.Label.ItemOwnedCount,Sahip Olunan Öğelerin Sayısı ({itemCount})
Feature.Catalog.Label.ItemsCount,
Feature.Catalog.Label.LeftArm,
Feature.Catalog.Label.Limited,Sınırlı Sayıda Üretilmiş
Feature.Catalog.Label.LimitedU,Sınırlı Sayıda Üretilmiş E
Feature.Catalog.Label.LipMakeup,
Feature.Catalog.Label.Makeup,
Feature.Catalog.Label.Makeup.MakeupMax6LayersPromptBody,"Yeni makyaj katmanları, sen bir katman yeri boşaltana kadar daima en üste gelir ve en alttaki katman kaldırılır."
Feature.Catalog.Label.MakeupCartDescriptionText,"Herhangi 6 göz, dudak ve yüzün yanı sıra 1 kirpik ve 1 kaş"
Feature.Catalog.Label.MakeupLooks,
Feature.Catalog.Label.MarketplaceToAvatarPage,Avatarını özelleştirmek için pazar yerinden ayrılıyorsun.
Feature.Catalog.Label.MaxPerUser,Kullanıcı Başına Maks.
Feature.Catalog.Label.MinimumAmount,Minimum miktar 0'ın üzerinde olmalı.
Feature.Catalog.Label.MinimumAmountCustom,Minimum tutar {minimumAmount} üzerinde olmalıdır.
Feature.Catalog.Label.MostFavorited,En Çok Favorilenen
Feature.Catalog.Label.MostPopular,En Popüler
Feature.Catalog.Label.NA,
Feature.Catalog.Label.NeckAccessories,Boyun Aksesuarları
Feature.Catalog.Label.New,Yeni
Feature.Catalog.Label.NewCollectibles,Yeni Toplanabilir Parçalar!
Feature.Catalog.Label.No,
Feature.Catalog.Label.NoLongerAvailable,Bu öğe artık mevcut değil
Feature.Catalog.Label.NoSellersWarning,"Üzgünüz, bu öğeyi satan kimse yok"
Feature.Catalog.Label.None,Hiçbiri
Feature.Catalog.Label.NotAvailable,Bu öğe şu anda mevcut değil
Feature.Catalog.Label.OfferApplied,Teklif Uygulandı
Feature.Catalog.Label.OnSale,
Feature.Catalog.Label.OriginalPrice,Orijinal Fiyat
Feature.Catalog.Label.OutOfStock,
Feature.Catalog.Label.Owned,Sahip Olunan
Feature.Catalog.Label.PBR,Malzemeler
Feature.Catalog.Label.PBR.false,Temel
Feature.Catalog.Label.PBR.true,
Feature.Catalog.Label.PBRInfo,"Gelişmiş malzemeler içeren avatar öğeleri, gerçek hayatta olduğu gibi değişen ve parlayan ışık ve gölgelerle daha doğal görünmek için fiziksel tabanlı işleme (PBR) kullanır."
Feature.Catalog.Label.PBRInfoTitle,Fiziksel Tabanlı İşleme (PBR)
Feature.Catalog.Label.ParticleEffects,Parçacık Efektleri
Feature.Catalog.Label.ParticleEffectsInfo,"Parçacık efektlerine sahip bir öğe, animasyonlu görseller yayarak dinamik ve canlı bir his sağlar."
Feature.Catalog.Label.Placement,Yerleşim
Feature.Catalog.Label.PrePremiumPrice,(Öğe Fiyatı:
Feature.Catalog.Label.Premium,
Feature.Catalog.Label.PremiumDiscount,Premium ile %{percent} tasarruf ediyorsun
Feature.Catalog.Label.PremiumOnly,Yalnızca Premium kullanıcılar için mevcut
Feature.Catalog.Label.Price,
Feature.Catalog.Label.PriceColon,Fiyat:
Feature.Catalog.Label.PriceFromResale,Yeniden Satıştan {itemPrice}
Feature.Catalog.Label.PriceHighToLow,Fiyat yüksekten düşüğe
Feature.Catalog.Label.PriceLowToHigh,Fiyat düşükten yükseğe
Feature.Catalog.Label.PriceRange,Fiyat Aralığı
Feature.Catalog.Label.PriceUnavailable,
Feature.Catalog.Label.PurchaseConfirmation,{creatorName} adlı yaratıcıdan {itemPrice} karşılığında {itemName} satın almak ister misin?
Feature.Catalog.Label.Purchased,Satın Alındı!
Feature.Catalog.Label.QuantityLimitReached,"Yaratıcının, tek bir kullanıcının kendisinden satın alabileceği kopya sayısı konusunda sınırlamaları var."
Feature.Catalog.Label.QuantitySold,Satılan Miktar
Feature.Catalog.Label.QuickMenuMarketplaceTitle,Pazar Yeri Seçenekleri
Feature.Catalog.Label.RecentlyCreated,Yakın Zamanda Oluşturulan
Feature.Catalog.Label.RecentlyPublished,Yakında Yayınlanan
Feature.Catalog.Label.Recommendations,Bunları da Beğenebilirsin
Feature.Catalog.Label.Redeemed,Başarıyla Alındı!
Feature.Catalog.Label.Relevance,Alaka
Feature.Catalog.Label.RentOption,Kiralama seçeneği
Feature.Catalog.Label.RentOptionInfo,"Bu ürünü 3 gün boyunca daha düşük bir fiyata dene. Zamanın, alım gerçekleştikten itibaren işlemeye başlar."
Feature.Catalog.Label.ReportItem,Öğeyi Bildir
Feature.Catalog.Label.ResaleFeePolicy,Yeniden Satış Komisyonu Politikası
Feature.Catalog.Label.Resellable,Yeniden Satılabilir
Feature.Catalog.Label.RobuxFee,%{feePercentage} Komisyondan Sonra:
Feature.Catalog.Label.Sale,Satış
Feature.Catalog.Label.SalePrice,Satış Fiyatı:
Feature.Catalog.Label.SaveAsCharacter,Karakter olarak kaydet
Feature.Catalog.Label.SaveOptions,Kaydetme Seçenekleri
Feature.Catalog.Label.Search,
Feature.Catalog.Label.SearchSuggestions,Şunu arıyor olabilirsin:
Feature.Catalog.Label.SellCut,Kazancın:
Feature.Catalog.Label.SellPageUpsell,Satış yapabilme yalnızca Roblox Plus üyeliğine sahip kullanıcılar için geçerlidir.
Feature.Catalog.Label.SellSuccess,Öğe Satışta
Feature.Catalog.Label.SerialNumberColon,Seri Numarası:
Feature.Catalog.Label.ShoulderAccessories,Omuz Aksesuarları
Feature.Catalog.Label.SoldOut,
Feature.Catalog.Label.SupportsHeadShapes,Kafa Şekillerini Destekler
Feature.Catalog.Label.TakeOffResaleConfirmation,Bu öğeyi yeniden satışa sunmayı bırakmak istediğine emin misin?
Feature.Catalog.Label.TimedOptions,Zamanlanmış Seçenekler
Feature.Catalog.Label.Timer.Day.Plural,{number} gün kaldı
Feature.Catalog.Label.Timer.Day.Singular,1 gün kaldı
Feature.Catalog.Label.Timer.Hour.Plural,{number} saat kaldı
Feature.Catalog.Label.Timer.Hour.Singular,1 saat kaldı
Feature.Catalog.Label.Timer.Minute.Plural,{number} dakika kaldı
Feature.Catalog.Label.Timer.Minute.Singular,1 dakika kaldı
Feature.Catalog.Label.Timer.Second.Plural,{number} saniye kaldı
Feature.Catalog.Label.Timer.Second.Singular,1 saniye kaldı
Feature.Catalog.Label.Tops,Üstler
Feature.Catalog.Label.Torso,
Feature.Catalog.Label.TotalItemsParenthesis,
Feature.Catalog.Label.TotalUnformatted,Toplam
Feature.Catalog.Label.Tradable,Takas Edilebilir
Feature.Catalog.Label.TryOns,Üstüne Deneyebildiklerin
Feature.Catalog.Label.TryOnsMultiple,Üstüne Deneyebildiklerin ({numItems})
Feature.Catalog.Label.Unlimited,Sınırsız
Feature.Catalog.Label.Username,Kullanıcı adı
Feature.Catalog.Label.UsingBundleParts,{count} set parçası içerir
Feature.Catalog.Label.WaistAccessories,Bel Aksesuarları
Feature.Catalog.Label.WearAfterPurchase,
Feature.Catalog.Label.WearAvatarAfterPurchase,Satın aldıktan sonra avatarı donan
Feature.Catalog.Label.WearOutfitAfterPurchase,Satın aldıktan sonra kıyafeti giy
Feature.Catalog.Label.Yes,
Feature.Catalog.LabelAccessories,
Feature.Catalog.LabelAccessoryHats,Şapkalar
Feature.Catalog.LabelAllCreators,Tüm Yaratıcılar
Feature.Catalog.LabelAllHeads,
Feature.Catalog.LabelAllTime,Tüm Zamanlar
Feature.Catalog.LabelAnyPrice,Tüm Fiyatlar
Feature.Catalog.LabelClassicHeads,
Feature.Catalog.LabelCollectibles,Toplanabilir Parçalar
Feature.Catalog.LabelContentDeleted,İçerik Silindi
Feature.Catalog.LabelFree,
Feature.Catalog.LabelNoResellers,Satıcı Yok
Feature.Catalog.LabelOffSale,Satışa Kapalı
Feature.Catalog.LabelPants,
Feature.Catalog.LabelPastDay,Geçmiş Gün
Feature.Catalog.LabelPastWeek,Geçen Hafta
Feature.Catalog.LabelShirts,
Feature.Catalog.LabelTShirts,Tişörtler
Feature.Catalog.Message.AvatarModerated,"Bu Avatar, topluluk kurallarımıza uymuyor, lütfen farklı bir avatar paylaşmayı dene."
Feature.Catalog.Message.AvatarModerationModerated,Topluluk kurallarına uymuyor
Feature.Catalog.Message.AvatarModerationPending,İnceleniyor
Feature.Catalog.Message.AvatarNotAvailable,Bu avatar artık mevcut değil
Feature.Catalog.Message.AvatarSharePanel,
Feature.Catalog.Message.AvatarUnderReview,"Avatar değerlendiriliyor, değerlendirme tamamlandıktan sonra avatarını paylaşabilirsin."
Feature.Catalog.Message.BodyCategoryTooltip,Kafa ve saçları burada bulabilirsin
Feature.Catalog.Message.CannotBeResold,Bu öğe yeniden satılamaz
Feature.Catalog.Message.CaptionLimit,
Feature.Catalog.Message.Checkout.PurchaseFailed,Devam etmek için öğeleri incele veya kaldır
Feature.Catalog.Message.Checkout.UnavailableItems,Bir veya daha fazla öğe satın alınamıyor. Devam etmeden önce lütfen bunları kaldır.
Feature.Catalog.Message.CollectiblesInfo,"Koleksiyon öğeleri, belirli bir elde tutma süresinden sonra orijinal stok tükenmese bile kullanıcıdan kullanıcıya yeniden satılabilir. Roblox Plus aboneleri, Koleksiyon öğelerini yeniden satış için listeleyebilir."
Feature.Catalog.Message.FTUXFavoritePillTooltip,Bunu favorilerine ekle
Feature.Catalog.Message.Favorites.CategoryEmpty,Bu kategoride henüz hiçbir şey kaydetmedin.
Feature.Catalog.Message.Favorites.Empty,Henüz hiçbir şey kaydetmedin.
Feature.Catalog.Message.HighDefinitionCategoryTooltip,Roblox'taki en usta işi öğeleri keşfet
Feature.Catalog.Message.HoldingPolicyL1,"Yeniden satışlar {days} güne kadar bekletilir. Öğe ancak bu bekletme süresi sona erdikten sonra yeniden satılabilir. Yalnızca Plus kullanıcıları, öğeleri bekletme süresine takılmadan yeniden satabilir."
Feature.Catalog.Message.HoldingPolicyL2,"Satın alım sonrasında orijinal satışlar {purchaseDays} güne kadar askıya alınır. Öğe ancak bu bekletme süresi sona erdikten sonra yeniden satılabilir. Yeniden satışlar {resaleDays} güne kadar bekletilir. Yalnızca premium kullanıcılar, öğeleri bekletme süresine takılmadan yeniden satabilir."
Feature.Catalog.Message.MustWearClothing,
Feature.Catalog.Message.ParticleEffectsWarning,
Feature.Catalog.Message.PriceCouldBeDifferent,"Öğe tipi, bir öğenin fiyatlandırma kurallarını belirler"
Feature.Catalog.Message.ReportCatalogItemPhrase,Denetim ekibimize bir bildirim gönderebilirsin. Öğeyi inceleyip gerekli işlemi yapacağız.
Feature.Catalog.Message.ResaleFeePolicy,"Yeniden satışlar da dâhil olmak üzere tüm Pazar yeri işlemlerinden elde edilen gelir, Roblox ile bu işleme katılan kullanıcılar arasında paylaşılır. Bu, yeniden satışlar söz konusu olduğunda bir kullanıcı senin fiyatını kabul ettiğinde ödediği Robux'ın %{yourSharePercent} kadarının satıcı olarak sana geleceği anlamına gelir. Geriye kalan %{robloxFeePercent}, Roblox'a ve öğeyi oluşturan kişi dâhil diğer kullanıcılara gidecek."
Feature.Catalog.Message.SuccessfullyPosted,
Feature.Catalog.Message.TitleLimit,
Feature.Catalog.RFYFeedTitle,Göz atmaya devam et
Feature.Catalog.RFYWidgetTitle,Senin için Önerilen
Feature.Catalog.Response.GenericError,Bir hata oluştu. Lütfen daha sonra tekrar dene.
Feature.Catalog.Response.NoItemsFound,Öğe bulunamadı.
Feature.Catalog.Response.PlacedOnSaleSuccess,Başarıyla satışa sunuldu
Feature.Catalog.Response.ReportSubmitted,Bildirim gönderildi ve kısa süre içinde ekibimiz tarafından incelenecek.
Feature.Catalog.Response.TakenOffSaleSuccess,Başarıyla satıştan kaldırıldı
Feature.Catalog.Search.LandingPage.Empty,"Renklere, türlere, temalara vb. göre ara"
Feature.Catalog.Search.Placeholder,"Öğeleri, kıyafetleri ara"
Feature.Catalog.Text.OfferAppliedToHighestItem,Teklif en yüksek fiyatlı öğeye uygulandı
Feature.Catalog.Title.AvatarSharePanel,Avatarın paylaşmaya hazır
Feature.Catalog.Title.Checkout,
Feature.Catalog.Title.Checkout.ClearAllItemsOnAvatarTitle,Tüm öğeler temizlensin mi?
Feature.Catalog.Title.Checkout.GoToCustomizeTitle,Düzenlemek için Özelleştir'e git
Feature.Catalog.Title.Checkout.ItemRemovedSingular,
Feature.Catalog.Title.Checkout.ItemReplacedOnAvatarTitle,Öğe Değiştirildi
Feature.Catalog.Title.Checkout.ItemsPurchased,{count} Öğe Satın Alındı
Feature.Catalog.Title.Checkout.OfferFailedToFetch,"Mevcut teklifler getirilemedi, lütfen daha sonra tekrar dene."
Feature.Catalog.Title.Checkout.OfferFailedToUpdate,"Teklif değiştirilemedi, lütfen daha sonra tekrar dene."
Feature.Catalog.Title.Checkout.PurchaseFailedPlural,
Feature.Catalog.Title.Checkout.PurchaseFailedSingular,1 öğe satın alınamadı
Feature.Catalog.Title.Checkout.TryOnMultipleItemsFtuxBody,"Dokunduğunda öğeler avatarında birikecek, böylece eksiksiz bir görünüm oluşturabileceksin. Her kategoride yalnızca bir tane giyebilirsin."
Feature.Catalog.Title.Checkout.TryOnMultipleItemsFtuxTitle,Aynı anda birden fazla öğeyi dene
Feature.Catalog.Title.Checkout.UnavailableItems,
Feature.Catalog.Title.Checkout.WearAvatarReplaceAllItemsTitle,Avatar giyilsin mi?
Feature.Catalog.Title.CheckoutPlural,{count} öğe için ödeme yap
Feature.Catalog.Title.CheckoutSingular,
Feature.Catalog.Title.Makeup.MakeupMax6LayersPromptTitle,Alttaki katman yenisiyle değiştirilsin mi?
Feature.Catalog.Title.RentalFtuxText,Bir ürünü 3 günlüğüne denemek için kirala
Feature.Catalog.Toast.AddedToFavorites,Favorilere eklendi
Feature.Catalog.Toast.AvatarPriceChangedBecauseOfOwned,{number} öğeye sahip olduğun için fiyat değişti
Feature.Catalog.Toast.AvatarUnderReview,"Avatar değerlendiriliyor
Değerlendirme tamamlandıktan sonra avatarını paylaşabilirsin"
Feature.Catalog.Toast.FavoritedLook,Avatar favorilere eklendi!
Feature.Catalog.Toast.LinkCopied,"Bağlantı, panoya kopyalandı"
Feature.Catalog.Toast.RemovedFromFavorites,Favorilerden kaldırıldı
Feature.Catalog.Toast.UnfavoritedLook,Avatar favorilerden kaldırıldı
Feature.Catalog.TrustedConnection.Label.Trusted,
Feature.Chat.Action.Add,
Feature.Chat.Action.Cancel,
Feature.Chat.Action.Confirm,
Feature.Chat.Action.Continue,
Feature.Chat.Action.Copy,Kopyala
Feature.Chat.Action.Create,
Feature.Chat.Action.Delete,
Feature.Chat.Action.Edit,
Feature.Chat.Action.GroupOSADoNotJoin,Katılma
Feature.Chat.Action.GroupOSAJoin,
Feature.Chat.Action.LearnMore,
Feature.Chat.Action.Leave,
Feature.Chat.Action.MuteVoice,Sesi sustur
Feature.Chat.Action.Remove,
Feature.Chat.Action.RemoveFromGroup,Gruptan Çıkar
Feature.Chat.Action.RemoveUser,Kullanıcıyı Çıkar
Feature.Chat.Action.Reply,Yanıtla
Feature.Chat.Action.Report,
Feature.Chat.Action.ReportUser,Kullanıcıyı Bildir
Feature.Chat.Action.Save,
Feature.Chat.Action.StartChatWithFriends,
Feature.Chat.Action.Stay,
Feature.Chat.Action.Translate,Çevir
Feature.Chat.Action.UnmuteVoice,Sesi aç
Feature.Chat.Action.ViewAssetDetails,Ayrıntıları Görüntüle
Feature.Chat.Description.ConversationInviteGroupCreatedOn,"Grup, {creation_date} tarihinde oluşturuldu"
Feature.Chat.Description.CreateUnfilteredChatCell,Bu gruptaki herkes davet edilecek ama yalnızca uygun şartları sağlayan üyeler katılabilecek.
Feature.Chat.Description.CreateUnfilteredChatDialog,"Genişletilmiş sohbet özellikleriyle filtresiz sohbet edebilirsin.

Bu grubun tüm üyeleri davet edilecek ama yalnızca uygun şartları sağlayan üyeler katılabilecek."
Feature.Chat.Description.CreateUnfilteredChatWithVoice,"Genişletilmiş sohbet özellikleriyle filtresiz sohbet edebilir ve sesli sohbeti kullanabilirsin.

Bu grubun tüm üyeleri davet edilecek ama yalnızca uygun şartları sağlayan üyeler katılabilecek."
Feature.Chat.Description.ExpressiveChatLearnMore,"Açık sohbet özellikleri, filtresiz sohbet ve parti sesini içerir.

Açık sohbete erişim, tüm üyeler uygun şartları sağlayana ve sohbetin yükseltilene kadar sınırlıdır."
Feature.Chat.Description.InlineContextCardDescription,Yabancılarla sohbet ederken dikkatli ol. Kişisel bilgilerini paylaşmaktan veya başka bir sohbet uygulamasına geçmekten kaçın. İstediğin kişiyi o kişinin profilinden engelleyebilir veya raporlayabilirsin.
Feature.Chat.Description.NameGroup,Grubunu adlandır
Feature.Chat.Description.NameGroupChat,Sohbet grubunu adlandır
Feature.Chat.Description.OSAContextCardDescription,Güvenliğin bizim için önemli. Kendini rahat hissetmiyor musun? Bu kişiyi dilediğin zaman profilinden engelleyebilir veya raporlayabilirsin.
Feature.Chat.Description.OSAGroupDescriptionWithLinker,Güvenliğin bizim için önemli. Bir kişiyi dilediğin zaman profilinden engelleyebilir veya rapor edebilirsin. <a href='{osaViewDetailsUrl}'>Ayrıntıları görüntüle.</a>
Feature.Chat.Description.SnoozeDescription,Ertelemeyi deneyim menüsünden kapatabilirsin
Feature.Chat.Drawer.Join,
Feature.Chat.Heading.ChatWithConnections,Bağlantılarla Sohbet
Feature.Chat.Heading.ChatWithFriends,Arkadaşlarla Sohbet Et
Feature.Chat.Heading.CreateUnfilteredChatDialog,Genişletilmiş sohbet özelliklerine sahip yeni grup oluşturulsun mu?
Feature.Chat.Heading.ExpressiveChat,Açık sohbet
Feature.Chat.Heading.FailedToLeaveGroup,Gruptan Ayrılma Başarısız
Feature.Chat.Heading.FailedToRemoveUser,Kullanıcı Çıkarılamadı
Feature.Chat.Heading.FirstConversationWith,{displayName} ile ilk sohbet
Feature.Chat.Heading.FirstConversationWithThisUser,Bu kişiyle ilk sohbet
Feature.Chat.Heading.FirstInteractionWith,{displayName} ile ilk etkileşim
Feature.Chat.Heading.FirstInteractionWithThisPerson,Bu kişiyle ilk etkileşim
Feature.Chat.Heading.LeaveGroup,Gruptan Ayrıl
Feature.Chat.Heading.PartyWithConnections,Bağlantılarla Parti
Feature.Chat.Heading.PartyWithFriends,Arkadaşlarla Parti
Feature.Chat.Heading.SafeChattingWithThisUser,Bu kişiyle sohbet ederken dikkatli ol
Feature.Chat.Heading.SafeChattingWithUsername,{displayName} ile sohbet ederken dikkatli ol
Feature.Chat.Heading.UserInvitedYouToJoin,{combinedName} seni katılmaya davet etti
Feature.Chat.Heading.UserInvitedYouToJoinAGroup,{combinedName} seni bir gruba katılmaya davet etti
Feature.Chat.Heading.YouWereInvitedToGroup,Gruba katılmaya davet edildin
Feature.Chat.Label.AddConnections,
Feature.Chat.Label.AddFriends,
Feature.Chat.Label.Available,Mevcut
Feature.Chat.Label.Blocked,
Feature.Chat.Label.ChatDetails,Sohbet Ayrıntıları
Feature.Chat.Label.ChatDisabled,
Feature.Chat.Label.ChatGroupName,Sohbet Grubu Adı
Feature.Chat.Label.ChatInputPlaceholder,Bir şeyler söyle
Feature.Chat.Label.ContentLoadingFailed,Bu içeriği yükleyemedik
Feature.Chat.Label.CreateUnfilteredChat,Genişletilmiş sohbet özelliklerine sahip grup oluştur
Feature.Chat.Label.Details,
Feature.Chat.Label.ExpandedChatFeatures,Açık sohbet özellikleri
Feature.Chat.Label.General,
Feature.Chat.Label.Group.ThemRepliedToOther,"{DISPLAY_NAME_1}, {DISPLAY_NAME_2} adlı kişiye yanıt verdi"
Feature.Chat.Label.Group.ThemRepliedToThem,{DISPLAY_NAME} kendisine yanıt verdi
Feature.Chat.Label.Group.ThemRepliedToYou,{DISPLAY_NAME} sana yanıt verdi
Feature.Chat.Label.Group.YouRepliedToThem,{DISPLAY_NAME} adlı kişiye yanıt verdin
Feature.Chat.Label.GroupName,Grup adı
Feature.Chat.Label.HoverToReplyTooltip,Yanıtlamak için üzerine gel
Feature.Chat.Label.InGameFriendsChatNotifications,Oyun içi arkadaş sohbeti bildirimleri
Feature.Chat.Label.Loading,
Feature.Chat.Label.LongPressToReplyTooltip,Yanıtlamak için uzun bas
Feature.Chat.Label.Members,Üyeler
Feature.Chat.Label.MessageNotAvailable,Bu mesaj gösterilemiyor
Feature.Chat.Label.MuteInGameChatToastNotifications,Oyun içi sohbet bildirimlerini sustur
Feature.Chat.Label.MuteInGamePartyToastNotifications,Oyun içi parti bildirimlerini sustur
Feature.Chat.Label.New,
Feature.Chat.Label.NoChatFound,Sohbet bulunamadı
Feature.Chat.Label.NoDescriptionYet,Henüz açıklama yok.
Feature.Chat.Label.NotImplementedMessageType,Bu mesaj görüntülenemedi.
Feature.Chat.Label.NotSet,Ayarlanmadı
Feature.Chat.Label.OneToOne.ThemRepliedToThem,Kendisine yanıt verdi
Feature.Chat.Label.OneToOne.ThemRepliedToYou,Sana yanıt verdi
Feature.Chat.Label.OneToOne.YouRepliedToThem,Yanıt verdin
Feature.Chat.Label.Pending,
Feature.Chat.Label.PrivacySettings,Gizlilik Ayarları
Feature.Chat.Label.ReplyChatInputPlaceholder,{DISPLAY_NAME} adlı kişiye yanıt ver
Feature.Chat.Label.ReplyToYourselfChatInputPlaceholder,Kendine yanıt ver
Feature.Chat.Label.ReplyingToOthers,{DISPLAY_NAME} şöyle dedi:
Feature.Chat.Label.ReplyingToYourself,Şöyle demiştin:
Feature.Chat.Label.SearchConnections,Bağlantı ara
Feature.Chat.Label.SearchFriends,Arkadaş ara
Feature.Chat.Label.SearchWord,
Feature.Chat.Label.SnoozeChatNotifications,Deneyim içi sohbet bildirimlerini sustur:
Feature.Chat.Label.SnoozePartyNotifications,Deneyim içi parti bildirimlerini sustur:
Feature.Chat.Label.SwipeToReplyTooltip,Yanıtlamak için kaydır
Feature.Chat.Label.TimestampDaysAbbreviatedPlural,{num_days} gün
Feature.Chat.Label.TimestampHoursAbbreviatedPlural,{num_hours} sa.
Feature.Chat.Label.TimestampMinutesAbbreviatedPlural,{num_minutes} dk.
Feature.Chat.Label.TimestampNow,Şimdi
Feature.Chat.Label.TimestampOneDayAbbreviated,1 gün
Feature.Chat.Label.TimestampOneHourAbbreviated,1 sa.
Feature.Chat.Label.TimestampOneMinuteAbbreviated,1 ay
Feature.Chat.Label.TimestampOneWeekAbbreviated,1 hafta
Feature.Chat.Label.TimestampWeeksAbbreviatedPlural,{num_weeks} hafta
Feature.Chat.Label.Unavailable,
Feature.Chat.Label.UnfilteredChat,Filtrelenmemiş sohbet
Feature.Chat.Label.UnknownUser,bilinmeyen kullanıcı
Feature.Chat.Label.User,Kullanıcı
Feature.Chat.Label.ViewProfile,Profili Görüntüle
Feature.Chat.Label.YouRepliedToYou,Kendine yanıt verdin
Feature.Chat.Message.AddConnectionsLimit,Sohbet grubunda en fazla {connectionsNum} bağlantı bulunabilir.
Feature.Chat.Message.AddConnectionsPartyLimit,Partide en fazla {connectionsNum} bağlantı bulunabilir.
Feature.Chat.Message.AddConnectionsPartyLimitSingular,Gizlilik ayarların nedeniyle yalnızca 1 bağlantıyla Parti oluşturabiliyorsun.
Feature.Chat.Message.AddFriendsLimit,Sohbet grubunda en fazla {connectionsNum} arkadaş bulunabilir.
Feature.Chat.Message.AddFriendsPartyLimit,Partide en fazla {connectionsNum} arkadaş bulunabilir.
Feature.Chat.Message.AddFriendsPartyLimitSingular,Gizlilik ayarların nedeniyle yalnızca 1 arkadaşınla parti oluşturabiliyorsun.
Feature.Chat.Message.CannotBeDisplayedThirdPerson,{displayName} gösterilemeyen bir mesaj gönderdi
Feature.Chat.Message.ChatIsDisabledByPrivacySetting,Sohbet devre dışı. Gizlilik ayarlarından etkinleştirebilirsin.
Feature.Chat.Message.ChatUnavailableRegion,"Sohbet, şu anda bulunduğun bölgede kullanılamıyor."
Feature.Chat.Message.ChatUnavailableWithUser,Bu kullanıcı şu anda sohbeti kullanamıyor.
Feature.Chat.Message.Default,Bu sohbetteki bazı kişiler mesajını göremez.
Feature.Chat.Message.EnableChat,Bağlantılarla sohbet etmek için Gizlilik Ayarları'nda sohbet ayarını aç.
Feature.Chat.Message.EnableChat.FriendsRename,Arkadaşlarınla sohbet etmek için Gizlilik Ayarlarında sohbet ayarını aç.
Feature.Chat.Message.EnableParty,Bağlantılarınla Parti oluşturmak için Gizlilik Ayarlarında Parti ayarını aç.
Feature.Chat.Message.EnableParty.FriendsRename,Arkadaşlarınla Parti oluşturmak için Gizlilik Ayarlarında Parti ayarını aç.
Feature.Chat.Message.FailedToLeaveGroup,{CONVERSATION_TITLE} başlıklı konuşmadan çıkarılamadın.
Feature.Chat.Message.FailedToLeaveGroup.V2,{CONVERSATION_TITLE} adlı gruptan çıkarılamadın.
Feature.Chat.Message.FailedToRemoveUser,{USERNAME} adlı kullanıcı {CONVERSATION_TITLE} başlıklı konuşmadan çıkarılamadı.
Feature.Chat.Message.FailedToRemoveUser.V2,{USERNAME} adlı kullanıcı {CONVERSATION_TITLE} adlı gruptan çıkarılamadı.
Feature.Chat.Message.FailedToRenameConversation,"{EXISTING_NAME} başlıklı konuşma, {NEW_NAME} olarak yeniden adlandırılamadı."
Feature.Chat.Message.FailedToRenameConversation.V2,"{EXISTING_NAME} olan grup adı, {NEW_NAME} olarak yeniden adlandırılamadı."
Feature.Chat.Message.GroupConnectionLimitSingular,Sohbete yalnızca 1 bağlantı ekleyebilirsin.
Feature.Chat.Message.GroupFriendLimitSingular,Sohbete yalnızca 1 arkadaş ekleyebilirsin.
Feature.Chat.Message.LeaveGroup,Bu grupla konuşmaya devam edemeyeceksin.
Feature.Chat.Message.LeaveGroup.V2,Gruptan ayrılmak istediğine emin misin?
Feature.Chat.Message.MakeConnectionsToChat,Birlikte sohbet etmeye başlamak için Roblox'ta bağlantılar kur
Feature.Chat.Message.MakeConnectionsToParty,Birlikte Parti oluşturmaya başlamak için Roblox'ta bağlantılar kur
Feature.Chat.Message.MakeFriendsToChat,Birlikte sohbet etmeye başlamak için Roblox'ta arkadaş edin
Feature.Chat.Message.MakeFriendsToParty,Birlikte Parti yapmaya başlamak için Roblox'ta arkadaş edin
Feature.Chat.Message.MessageContentModerated,Mesajın denetlendi ve gönderilmedi.
Feature.Chat.Message.MessageUnavailable,Mesaj kullanılamıyor
Feature.Chat.Message.OneUserTyping,{DISPLAY_NAME} yazıyor...
Feature.Chat.Message.PartyUnavailableRegion,"Parti, şu anda bulunduğun bölgede kullanılamıyor."
Feature.Chat.Message.PartyUnavailableWithUser,Bu kullanıcı şu anda Partiyi kullanamıyor.
Feature.Chat.Message.RemoveUser,{USERNAME} adlı kullanıcıyı bu sohbet grubundan çıkarmak istediğine emin misin?
Feature.Chat.Message.RemoveUser.V2,{USERNAME} adlı kullanıcıyı bu gruptan çıkarmak istediğine emin misin?
Feature.Chat.Message.RemovedFromConversation,Gruptan çıkarıldın.
Feature.Chat.Message.SeveralUsersTyping,Birkaç kullanıcı yazıyor...
Feature.Chat.Message.TurnOnChat,
Feature.Chat.Message.TurnOnParty,
Feature.Chat.Message.TwoUsersTyping,{DISPLAY_NAME_1} ve {DISPLAY_NAME_2} yazıyor...
Feature.Chat.PresetChat.Disclaimer,"Hızlı Sözler, her yaştan oyuncunun oyunu koordine etmesini sağlar."
Feature.Chat.Response.ChatNameFullyModerated,Sohbet grubunun adı denetlendi.
Feature.Chat.Response.ChatNameFullyModerated.V2,Grup adı denetlendi.
Feature.Chat.Response.NetworkError,Ağ Hatası
Feature.Chat.RobloxConnectUnavailableWithUser,Bu kullanıcı şu anda Roblox Connect kullanamıyor.
Feature.Chat.ShareGameToChat.Favorites,
Feature.Chat.ShareGameToChat.FriendActivity,Arkadaş Etkinliği
Feature.Chat.ShareGameToChat.NoFavoriteGames,Hiç favorilenmiş deneyim yok
Feature.Chat.ShareGameToChat.NoFriendActivity,Hiç arkadaş etkinliğin yok
Feature.Chat.ShareGameToChat.NoPopularGames,Hiç popüler deneyim yok
Feature.Chat.ShareGameToChat.NoRecentGames,Hiç en son oynanan deneyim yok
Feature.Chat.ShareGameToChat.Popular,Popüler
Feature.Chat.ShareGameToChat.Recent,En Son Oynanan
Feature.Chat.Text.NoConnections,Henüz bağlantı eklemedin. Başlamak için Roblox'ta bağlantı bul ve ekle.
Feature.Chat.Text.NoFriends,Henüz arkadaş eklemedin. Başlamak için Roblox'ta arkadaşlarını bul ve ekle.
Feature.Chat.Title.FriendsChat,Arkadaş sohbeti
Feature.Chat.Title.MuteChatNotifications,Oyun sırasında arkadaşlardan gelen sohbet bildirimlerini sustur
Feature.Chat.Title.NewChat,Yeni sohbet
Feature.Chat.Toast.Error.InvalidUserSelected,Listedeki bir veya daha fazla kişi eklenemiyor
Feature.ContactUpsell.Action.Continue,
Feature.ContactUpsell.Heading.LetFriendsFindYou,Arkadaşlarının Seni Bulmasına İzin Ver
Feature.Contacts.Action.Invite,Davet Et
Feature.Contacts.Action.Search,Rehber'de Ara
Feature.Contacts.Description.AddFromContactsDescription,Roblox'ta bağlantı kurmak için kişiler ekle. Her iki kullanıcının da yaş kontrolü yapılmış ve 13 yaş üstü olması durumunda birbirinizin Güvenilir Etkileşim Ağlarına ekleneceksiniz.
Feature.Contacts.Description.AddFromContactsTrustedFriends,Roblox'ta bağlantı kurmak için kişiler ekle. Her iki kullanıcının da yaş kontrolü tamamlanmış ve 13 yaş üstü olması durumunda güvenilir arkadaşlar olursunuz.
Feature.Contacts.Description.ContactsList,Roblox'u kiminle keşfetmek istersin? Roblox'ta arkadaş olmak için ona bir davet bağlantısı gönder!
Feature.Contacts.Description.ContactsListDescription,Daha fazla eğlencenin kapısını aralamak için etkileşim ağına bağlantılar ekle veya kişilerine etkileşim ağına katılma talebi gönder.
Feature.Contacts.Description.ContactsMixedList,Roblox'u kiminle keşfetmek istersin? Roblox'ta arkadaş ekle veya rehberindeki kişilere bir arkadaşlık isteği bağlantısı gönder.
Feature.Contacts.Description.ContactsProfileView,Rehberindeki {contactName} adlı kişi Roblox'ta. Arkadaş olduğunda bu kişinin tam profilini görebileceksin.
Feature.Contacts.FindFriendsBanner.Button,Arkadaş Bul
Feature.Contacts.FindFriendsBanner.Description,Telefon numaranı ekleyerek arkadaşlarından hangilerinin Roblox'ta olduğunu gör.
Feature.Contacts.FindFriendsBanner.DescriptionPV,Roblox'ta olan kişiler uygun olduğunda burada görünecek.
Feature.Contacts.FindFriendsBanner.DescriptionV2,Bir telefon numarası ekleyerek arkadaşlarınla bağlantı kurmamıza yardımcı ol.
Feature.Contacts.Heading.HelpFriendsFindYou,Arkadaşlarının Seni Bulmasına Yardım Et
Feature.Contacts.Heading.LetFriendsFindYou,
Feature.Contacts.Heading.SettingSaved,Ayar kaydedildi.
Feature.Contacts.Label.DiscoverabilityOptIn,Telefon numaramı temel alarak beni Roblox kullanıcılarına öner.
Feature.Contacts.Label.Invite,Roblox'a Davet Et
Feature.Contacts.Label.OnRoblox,Roblox'ta
Feature.Contacts.Message.AddFriends,
Feature.Contacts.Message.ContactDiscoverable,"Arkadaş edinmene yardımcı olmak için, telefon numaranı rehberinde bulunduran Roblox kullanıcıları seni ekleyebilecek ve adın bu kişilere, telefonlarında kayıtlı olduğu şekliyle görünecek."
Feature.Contacts.Message.ContactsSyncWarning,"Rehberindeki kişiler düzenli olarak senkronize edilir. Diğer Roblox kullanıcılarıyla yapılan eşleştirmeler, arkadaş bulmanda sana yardımcı olmak için saklanır. Bu seçimi, cihaz ayarlarından istediğin zaman yönetebilirsin."
Feature.Contacts.Message.InviteToRoblox,"Birlikte deneyimler oluşturabilmemiz, paylaşabilmemiz ve keşfedebilmemiz için beni Roblox'ta arkadaş olarak ekle."
Feature.Contacts.Message.NoResults,Sonuç yok.
Feature.DeveloperProducts.Label.Product,
Feature.DisplayName.ErrorMessage.AgedUpNameContainPII,"Ad, özel bilgiler içerebilir"
Feature.DisplayName.ErrorMessage.AgedUpNameHasChanged,Adın son 7 gün içinde zaten değiştirildi
Feature.DisplayName.ErrorMessage.AgedUpNameInappropriate,"Ad, Roblox için uygun değil"
Feature.DisplayName.ErrorMessage.AgedUpNameNotAvailable,Ad kullanılamıyor
Feature.DisplayName.ErrorMessage.AgedUpNameTooLong,"Ad, en fazla 20 karakter olmalı"
Feature.DisplayName.ErrorMessage.AgedUpNameTooShort,"Ad, en az 3 karakterden oluşmalı"
Feature.DisplayName.ErrorMessage.AgedUpNameUnsupportedChars,"Ad, desteklenmeyen karakterler içeriyor"
Feature.DisplayName.ErrorMessage.NameContainPII,"Görünen ad, özel bilgiler içerebilir"
Feature.DisplayName.ErrorMessage.NameHasChanged,"Görünen adın, son 7 gün içinde zaten değiştirildi"
Feature.DisplayName.ErrorMessage.NameInappropriate,"Görünen ad, Roblox için uygun değil"
Feature.DisplayName.ErrorMessage.NameMoreThanOneCharacterKind,Adlar birden fazla karakter türüne sahip olamaz
Feature.DisplayName.ErrorMessage.NameNotAvailable,Görünen ad kullanılamıyor
Feature.DisplayName.ErrorMessage.NameTooLong,"Görünen ad, en fazla 20 karakter olmalı"
Feature.DisplayName.ErrorMessage.NameTooShort,"Görünen ad, en az 3 karakterden oluşmalı"
Feature.DisplayName.ErrorMessage.NameUnsupportedChars,"Görünen ad, desteklenmeyen karakterler içeriyor"
Feature.DisplayName.ErrorMessage.SomethingWentWrong,
Feature.Durables.BottomBar.RentalDuration,{num} gün için
Feature.Durables.BottomBar.RentalDurationPlural,
Feature.Durables.FTUX.Tooltip,"Öğeye kaç gün sahip olmak istediğini seç. Zamanlayıcı, satın alma işleminden sonra başlar."
Feature.Durables.InfoModal.Description,"Bir öğeyi ne kadar süre elinde tutacağını seçebilirsin. Saat simgesi, daha düşük fiyatlara daha fazla esneklik sunan, zamana dayalı seçenekleri gösterir."
Feature.Durables.InfoModal.Title,Zamanlanmış seçeneklerle tanış
Feature.Durables.ItemDetails.WearTimeOptions.Button.Infinite,Kalıcı
Feature.Durables.ItemDetails.WearTimeOptions.Button.XDay,{num} gün
Feature.Durables.ItemDetails.WearTimeOptions.Button.XDays,
Feature.Durables.ItemDetails.WearTimeOptions.Title,Seçenekler
Feature.Durables.Label.ItemExpires,Öğe sona erme tarihi:
Feature.Durables.PartiallyExpiredItems.BodyText,Bu kayıtlı avatardaki bazı öğelerin süresi doldu ve bu öğeler kaldırıldı.
Feature.Durables.PartiallyExpiredItems.TitleText,Öğelerin süresi doldu
Feature.Durables.UnifiedBuyModal.Subtitle.TimedOptionText,{days} gün (satın alımdan sonra başlar)
Feature.DynamicUI.Translation.Reporting.IllegalContentEUBody,
Feature.EmptyStatePage.Message.NoInternet,İnternet bağlantısı yok
Feature.EnhancedVideo.Label.Ad,Reklam
Feature.ExperienceDetails.Action.ExitFullScreen,Tam Ekrandan Çık
Feature.ExperienceDetails.Action.FullScreen,
Feature.ExperienceDetails.Action.Mute,Sustur
Feature.ExperienceDetails.Action.Unmute,Susturmayı bitir
Feature.ExperienceDetails.AskYourParentModal.Action.AskNow,Hemen iste
Feature.ExperienceDetails.AskYourParentModal.Action.Cancel,
Feature.ExperienceDetails.AskYourParentModal.Label.Body,
Feature.ExperienceDetails.AskYourParentModal.Label.Title,
Feature.ExperienceDetails.AskYourParentToAllowGameModal.Label.Body,Bu oyuna katılabilmen için ebeveyn izni gerekiyor.
Feature.ExperienceDetails.Label.NotPlayable,Oynanabilir Değil
Feature.ExperienceDetails.PlayButtonMessage.AgreeToNotice,Bu deneyimi oynayarak notları kabul ediyorum
Feature.ExperienceDetails.PlayButtonText.ActionNeeded,
Feature.ExperienceDetails.PlayButtonText.Buy,Satın al
Feature.ExperienceDetails.PlayButtonText.Play,
Feature.ExperienceDetails.PlayButtonText.PlayDemo,Demoyu Oyna
Feature.ExperienceDetails.PlayButtonText.Unavailable,
Feature.ExperienceDetails.PlayButtonText.Unlock,Kilidini Aç
Feature.ExperienceDetails.RestrictedUnplayableModal.Action.Ok,
Feature.ExperienceDetails.RestrictedUnplayableModal.Label.Body,Kısıtlanmış deneyimlere yalnızca 18 yaş ve üzeri yetişkinler erişebilir.
Feature.ExperienceDetails.RestrictedUnplayableModal.Label.Title,İçerik kısıtlı
Feature.ExperienceDetails.UnplayableError.AccountRestricted,İçerik olgunluk düzeyi ayarların nedeniyle bu deneyime erişilemiyor
Feature.ExperienceDetails.UnplayableError.ComplianceBlocked,Bu deneyim şu anda mevcut değil
Feature.ExperienceDetails.UnplayableError.ContextualPlayabilityAgeGated,Yaş kısıtlamaları nedeniyle bu deneyime erişilemiyor
Feature.ExperienceDetails.UnplayableError.ContextualPlayabilityAgeGatedByDescriptor,
Feature.ExperienceDetails.UnplayableError.ContextualPlayabilityAgeRecommendationParentalControls,Bu deneyime katılabilmek için içerik olgunluk düzeyi ayarını güncelle.
Feature.ExperienceDetails.UnplayableError.ContextualPlayabilityExperienceBlockedParentalControls,"Bu deneyim, ebeveynin tarafından engellendi. Deneyime katılmak için Ayarlar bölümünde ebeveyninden izin iste."
Feature.ExperienceDetails.UnplayableError.ContextualPlayabilityRegionalAvailability,Bu deneyim şu anda bölgende mevcut değil
Feature.ExperienceDetails.UnplayableError.ContextualPlayabilityRegionalCompliance,
Feature.ExperienceDetails.UnplayableError.ContextualPlayabilityUnrated,Derecelendirilmemiş olduğundan bu deneyime erişilemiyor
Feature.ExperienceDetails.UnplayableError.DeviceRestrictedCustom,Bu deneyim {device} cihazı için şu anda mevcut değil
Feature.ExperienceDetails.UnplayableError.DeviceRestrictedDefault,Bu deneyim mevcut cihazın için şu anda mevcut değil
Feature.ExperienceDetails.UnplayableError.FiatPurchaseDeviceRestricted,Bu deneyim bu cihazda satın alınamaz
Feature.ExperienceDetails.UnplayableError.GameUnapproved,
Feature.ExperienceDetails.UnplayableError.IncorrectConfiguration,
Feature.ExperienceDetails.UnplayableError.InsufficientPermissionFriendsOnly,Şu anda bu deneyime erişimin yok
Feature.ExperienceDetails.UnplayableError.InsufficientPermissionGroupOnly,
Feature.ExperienceDetails.UnplayableError.PlaceHasNoPublishedVersion,
Feature.ExperienceDetails.UnplayableError.TemporarilyUnavailable,
Feature.ExperienceDetails.UnplayableError.UnderReview,Bu deneyim şu anda inceleme altında
Feature.ExperienceDetails.UnplayableError.UniverseRootPlaceIsPrivate,Bu deneyim özel olarak ayarlandı
Feature.ExperienceDetails.UnplayableError.UnplayableOther,
Feature.ExperienceDetails.UpdateMaturitySettingModal.Action.Cancel,
Feature.ExperienceDetails.UpdateMaturitySettingModal.Action.GoToSettings,
Feature.ExperienceDetails.UpdateMaturitySettingModal.Console.Action.Ok,
Feature.ExperienceDetails.UpdateMaturitySettingModal.Console.Label.Body,Bu deneyime katılabilmek için önce web veya yardımcı cihaz üzerinden içerik olgunluk düzeyi ayarını güncelle.
Feature.ExperienceDetails.UpdateMaturitySettingModal.Console.Label.Title,İçeriğe erişilemiyor
Feature.ExperienceDetails.UpdateMaturitySettingModal.Label.Body,Bu deneyime erişebilmek için önce içerik olgunluk düzeyi ayarını güncelle.
Feature.ExperienceDetails.UpdateMaturitySettingModal.Label.Title,
Feature.FAE.Action.Continue,
Feature.FAE.Action.Unlock,
Feature.FAE.Action.UnlockChat,
Feature.FAE.CheckIfYouCanJoinGame,Haydi bu oyuna katılabilecek misin öğrenelim.
Feature.FAE.Label.ChatWithFriends,Arkadaşlarla sohbet et
Feature.FAE.Label.DayLeft,
Feature.FAE.Label.DaysLeft,{daysLeft} gün kaldı
Feature.FAE.Label.GetASecureAgeCheckToUnlockChatAndAddTrustedFriends,Sohbetin kilidini açmak ve güvenilir arkadaşları eklemek için güvenli bir yaş kontrolünden geç.
Feature.FAE.Label.LetsCheckYourAge,
Feature.FAE.Label.LetsCheckYourAgeSoYouCanUseChat,Sohbeti kullanabilmen için yaşını kontrol edelim
Feature.FAE.Label.ModalBodyInApp,"Selfie çekmek, yaşını belirlememize yardımcı olur. Bu selfie'yi yalnızca yaş kontrolü için kullanacağız. Bu işlem, Roblox'u herkes için daha güvenli bir yer hâline getirmeye yönelik çalışmalarımız kapsamında önemli bir adımdır."
Feature.FAE.Label.ModalBodyInAppV3,"Bir selfie çek. Bunu yalnızca yaşını tahmin etmek için kullanacağız. Bu, sohbeti seninle birlikte herkes için daha güvenli hâle getirmeye yardımcı olur."
Feature.FAE.Label.ModalBodyTFUnlock,Güvenilir arkadaşlar eklemek için önce yaş kontrolünü tamamla.
Feature.FAE.Label.ThisAllowsYouToChatSafelyItOnlyTakesAMoment,"Bu süreç, güvenli bir şekilde sohbet etmeni sağlar ve yalnızca bir dakikanı alır."
Feature.FAE.Label.ThisHelpsYouToChatSafelyItOnlyTakesAMoment,"Yaş kontrolü, güvenli bir şekilde sohbet etmeni sağlar ve yalnızca bir dakikanı alır."
Feature.FAE.Label.ToKeepChattingLetsCheckYourAge,Sohbete devam etmen için yaşını kontrol edelim
Feature.FAE.Label.YouNeedAnAgeCheckToUseChatThisMakesChatSafer,"Sohbeti kullanmak için yaş kontrolünden geçmen gerekiyor. Bu, sohbeti seninle birlikte herkes için daha güvenli hâle getirir."
Feature.FAE.Label.YoullSoonNeedAnAgeCheckToChat,Yakında sohbet etmek için yaş kontrolünden geçmen gerekecek
Feature.FAE.Label.YourSafetyMattersLetsCheckYourAge,Güvenliğin önemlidir; şimdi yaşını kontrol edelim.
Feature.FaceChat.Heading.FacialAnimation,
Feature.FaceChat.Heading.LowPerformanceDetected,Düşük Performans Tespit Edildi
Feature.FaceChat.Heading.NotAvailable,Yüz Animasyonu Kullanılamıyor
Feature.FaceChat.Heading.PromptNoDynamicHeadEquipped,
Feature.FaceChat.Heading.UnableToAccessCamera,Kameraya erişilemiyor
Feature.FaceChat.Heading.VideoPerformancePromptDisable,Cihaz Performansı Düşük
Feature.FaceChat.Heading.VideoUnsupported,Cihaz Kamerası Desteklenmiyor
Feature.FaceChat.Message.PlaceUnavailable,Bu dünya geçici olarak kullanılamıyor. Lütfen daha sonra tekrar dene.
Feature.FaceChat.Subtitle.FeatureDisabled,Yüz animasyonu geçici olarak kullanılamıyor. Lütfen daha sonra tekrar dene.
Feature.FaceChat.Subtitle.NotAvailable,Lütfen ayrılıp tekrar katılmayı dene.
Feature.FaceChat.Subtitle.PromptNoDynamicHeadEquipped,"Avatarın, yüz animasyonunu desteklemeyen bir kafaya sahip. Uyumlu kafalar, envanterinde ve Avatar Mağazasında mevcut."
Feature.FaceChat.Subtitle.UnableToAccessCamera,Kamera kullanarak avatarını canlandırmak için İşletim Sistemi Ayarlarına giderek Roblox'un kamerayı kullanmasına izin ver
Feature.FaceChat.Subtitle.UnsupportedDevice,"Donanımın, kameranı kullanarak avatarını canlandırmaya yönelik gereksinimleri karşılamıyor."
Feature.FaceChat.Subtitle.VideoPerformancePromptDisable,Kameranı kapatmak deneyim performansını artırabilir.
Feature.FaceChat.Subtitle.VideoUnsupported,"Roblox, avatarını canlandırmak için kameranı kullanamıyor."
Feature.Favorites.Label.Favorite,Favorile
Feature.FlyoutSidePanel.Action.ContinuePlaying,Oynamaya Devam Et
Feature.FlyoutSidePanel.Label.TooltipBody,"Profilin, içeriğin ve ayarların yeni bir konuma taşındı."
Feature.FlyoutSidePanel.Label.TooltipTitle,<b>{itemName}</b> taşındı
Feature.Friends.Action.AcceptFriend,Arkadaşı kabul et
Feature.Friends.Action.AccountDeleted,Hesap silindi
Feature.Friends.Action.Add,
Feature.Friends.Action.Block,
Feature.Friends.Action.Close,
Feature.Friends.Action.ConnectionAdded,Bağlantı Eklendi
Feature.Friends.Action.ConnectionRequestSent,Bağlantı Talebi Gönderildi
Feature.Friends.Action.EditProfile,Profili düzenle
Feature.Friends.Action.FriendAdded,Arkadaş Eklendi
Feature.Friends.Action.FriendRemoved,Arkadaşlıktan Çıkarıldı
Feature.Friends.Action.FriendRequestSent,Arkadaşlık İsteği Gönderildi
Feature.Friends.Action.GetStarted,
Feature.Friends.Action.GoToAddFriends,Arkadaş Ekle Sayfasına Git
Feature.Friends.Action.InviteFriends,Rehberindeki kişileri Roblox'ta arkadaş olmaya davet et.
Feature.Friends.Action.PendingRequest,Bekleyen istek
Feature.Friends.Action.ShareQR,QR Kodunu Paylaş
Feature.Friends.Action.ShowMore,
Feature.Friends.Action.Unblock,Engellemeyi Kaldır
Feature.Friends.Action.Unfriend,
Feature.Friends.Action.ViewMore,Daha fazlasını görüntüle
Feature.Friends.Action.ViewPlatformProfile,Oyuncu Kartını Görüntüle
Feature.Friends.Button.AddViaLink,Bağlantı üzerinden ekle
Feature.Friends.Button.GotIt,
Feature.Friends.Description.ContactsModal,Rehberindeki kişiler Roblox'ta! Tam avatarlarını ve profillerini görmek için arkadaş ol. Tanıyor olabileceğin daha fazla kişiyi görmek için Arkadaş Ekle sayfasına git.
Feature.Friends.Description.DoMoreWithTrustedConnections,Güvenilir Etkileşim Ağı ile Roblox'ta daha fazlasını yap. Yalnızca tanıdığın ve güvendiğin insanları ekle.
Feature.Friends.Description.DoMoreWithTrustedFriends,Güvenilir arkadaşlarınla Roblox'ta daha fazlasını yap. Yalnızca tanıdığın ve güvendiğin insanları ekle.
Feature.Friends.Description.FromContacts,Rehberden
Feature.Friends.Description.FromContactsV2,Rehberindeki {contactName}
Feature.Friends.Description.FromQrCode,QR kodundan
Feature.Friends.Description.NoMutualFriends,Ortak arkadaş yok
Feature.Friends.Description.NotAFriend,Arkadaş değil
Feature.Friends.Description.TrustedConnectionExpiredLink,Lütfen Etkileşim Ağındaki kişiden bağlantıyı tekrar göndermesini iste. Bağlantıya 30 gün içinde tıkla.
Feature.Friends.Description.TrustedConnectionsUnavailable,"Güvenilir Etkileşim Ağı özelliği, bulunduğun bölgede henüz kullanılamıyor."
Feature.Friends.Description.TrustedFriendsExpiredLink,Lütfen arkadaşından bağlantıyı tekrar göndermesini iste. Bağlantıya 30 gün içinde tıkla.
Feature.Friends.Description.TrustedFriendsInvalidLink,"Doğru hesapla giriş yapıp yapmadığını kontrol et, ardından tekrar dene."
Feature.Friends.Description.TrustedFriendsRequestModalBody,Yalnızca tanıdığın ve güvendiğin insanları ekle. Bu arkadaşını dilediğin zaman profilinden yönetebilirsin.
Feature.Friends.Description.TrustedFriendsUnavailable,"Güvenilir arkadaşlar özelliği, bulunduğun bölgede henüz kullanılamıyor."
Feature.Friends.Description.YouCanDoMoreWithTrustedFriends,Güvenilir arkadaşlarınla Roblox'ta daha fazlasını yapabilirsin. Bu arkadaşını dilediğin zaman profilinden yönetebilirsin.
Feature.Friends.Error.AlreadyFriendError,Bu kullanıcı zaten arkadaşın.
Feature.Friends.Error.DefaultFriendingError,Arkadaşlık isteği gönderilemiyor. Lütfen daha sonra tekrar dene.
Feature.Friends.Error.InvalidNicknameError,Bu kullanıcının geçersiz bir takma adı var.
Feature.Friends.Error.InvalidTargetUserError,Bu kullanıcı geçersiz veya yok.
Feature.Friends.Error.MaxFriendsError,Maksimum arkadaş sınırına ulaştın.
Feature.Friends.Error.ParentalControlUnblockError,Ebeveynin bu kullanıcıyı engelledi. Ayarlar sayfasında ebeveyninden bu kullanıcının engelini kaldırmasını iste.
Feature.Friends.Error.TargetAlreadyBlockedError,Bu kullanıcı zaten engellendi.
Feature.Friends.Error.UnauthorizedError,Bu işlemi gerçekleştirme yetkin yok.
Feature.Friends.Error.UnblockTargetBlockedOnPlatform,Bu kullanıcı başka bir platformda engellendi.
Feature.Friends.Error.UnblockTargetNotBlockedError,Bu kullanıcı engellenmemiş. Her şey yolunda!
Feature.Friends.Error.UserBannedError,Bu işlemi gerçekleştirmen yasaklandı.
Feature.Friends.Error.UserBlockedError,Bu işlemi gerçekleştirmen engellendi.
Feature.Friends.Error.UserNotPassedCaptcha,Captcha'yı geçemedin.
Feature.Friends.Feature.Friends.Heading.AddFriends,
Feature.Friends.Heading.FilterBy,Filtrele
Feature.Friends.Label.AddConnectionVPC,Bu kişiyi Güvenilir Etkileşim Ağına eklemek için ebeveyn iznine ihtiyacın var.
Feature.Friends.Label.AddConnectionsHint,Roblox'u eğlenceli kılan şey bağlantılardır!
Feature.Friends.Label.AddConnectionsHintBody,Hâlihazırda tanıdığın kişileri ekle veya yeni Bağlantılar keşfet
Feature.Friends.Label.AddFriendVPC,Bu kişiyi güvenilir arkadaş olarak eklemek için ebeveyn iznine ihtiyacın var.
Feature.Friends.Label.All,
Feature.Friends.Label.AllowContactsAccess,Roblox'ta arkadaşlarınla bağlantı kurmak için rehberine erişilmesine izin ver!
Feature.Friends.Label.Ask,Sor
Feature.Friends.Label.AskYourParent,
Feature.Friends.Label.Cancel,
Feature.Friends.Label.ConnectWithFriends,Arkadaşlarınla Bağlan
Feature.Friends.Label.ConnectedNumDays,{num} gündür arkadaşlar
Feature.Friends.Label.ConnectedNumMonths,{num} aydır arkadaşlar
Feature.Friends.Label.ConnectedNumYears,{num} yıldır arkadaşlar
Feature.Friends.Label.ConnectedOneDay,1 gündür arkadaşlar
Feature.Friends.Label.ConnectedOneMonth,1 aydır arkadaşlar
Feature.Friends.Label.ConnectedOneYear,1 yıldır arkadaşlar
Feature.Friends.Label.ConnectionRecentlyPlayed,<b>Etkileşim ağındaki 1 kişi</b> yakın zamanda oynadı
Feature.Friends.Label.ConnectionRemoved,Bağlantı kaldırıldı
Feature.Friends.Label.ConnectionRequest,Arkadaşlık isteği
Feature.Friends.Label.ConnectionsCount,Bağlantılar ({connectionCount})
Feature.Friends.Label.ConnectionsPlayed,{numberOfConnections} kişi oynadı
Feature.Friends.Label.ConnectionsRecentlyPlayed,<b>Etkileşim Ağındaki {numberOfConnections} kişi</b> yakın zamanda oynadı
Feature.Friends.Label.ContactsCaption,"Senin ve arkadaşlarının birbirinizi Roblox'ta bulmanıza yardımcı olmak için Roblox, rehberini düzenli olarak senkronize eder ve hangi kullanıcılarla eşleştiğini kaydeder. Bunu hesap ayarlarından istediğin zaman değiştirebilirsin."
Feature.Friends.Label.FewestInteractions,En Az Etkileşim
Feature.Friends.Label.FindFriendsHintBody,Hâlihazırda tanıdığın arkadaşlarınla bağlantı kur veya yeni arkadaşlar keşfet.
Feature.Friends.Label.Follower,Takipçi
Feature.Friends.Label.Followers,Takipçiler
Feature.Friends.Label.Following,Takip Edilen
Feature.Friends.Label.FollowsYou,Seni Takip Ediyor
Feature.Friends.Label.Frequent,Beraber oynadınız
Feature.Friends.Label.Friend,
Feature.Friends.Label.FriendInvite,Seni Roblox'ta arkadaş olmaya davet etti
Feature.Friends.Label.FriendRecentlyPlayed,<b>1 Arkadaşın</b> yakın zamanda oynadı
Feature.Friends.Label.FriendRequest,
Feature.Friends.Label.Friends,
Feature.Friends.Label.FriendsAreNowConnections,Arkadaşlar artık Etkileşim Ağı oldu!
Feature.Friends.Label.FriendsHintBold,Hadi oynayalım!
Feature.Friends.Label.FriendsHintPlain,Bir arkadaş ekleyerek başla.
Feature.Friends.Label.FriendsPlayed,{numberOfConnections} arkadaşın oynadı
Feature.Friends.Label.FriendsRecentlyPlayed,<b>{numberOfConnections} Arkadaşın</b> yakın zamanda oynadı
Feature.Friends.Label.InGame,
Feature.Friends.Label.IntroducingConnections,Karşınızda Bağlantılar
Feature.Friends.Label.JoinedInYear,{year} yılında katıldı 
Feature.Friends.Label.ManageFriendsList,Arkadaş Listeni Yönet
Feature.Friends.Label.ManageFriendsListCaption,Arkadaş listeni güncel tutmak için en az etkileşimde bulunduğun arkadaşlarını incele.
Feature.Friends.Label.MutualConnection,1 ortak bağlantı
Feature.Friends.Label.MutualConnectionTitle,Etkileşim Ağında 1 Ortak Kişi
Feature.Friends.Label.MutualConnections,{numConnections} ortak bağlantı
Feature.Friends.Label.MutualConnectionsTitle,Etkileşim Ağında {numConnections} Ortak Kişi
Feature.Friends.Label.MutualFriendTitle,1 ortak arkadaş
Feature.Friends.Label.MutualFriends,Ortak Arkadaşlar
Feature.Friends.Label.MutualFriendsTitle,{numConnections} ortak arkadaş
Feature.Friends.Label.NewConnection,Yeni etkileşim ağı
Feature.Friends.Label.NewFriend,Yeni Arkadaş
Feature.Friends.Label.NewFriendRequestsMax,{maxRequestsCount}+
Feature.Friends.Label.NoFriendsYet,{name} henüz hiç arkadaşa sahip değil.
Feature.Friends.Label.NowTrusted,{username} artık güvenilir arkadaşın
Feature.Friends.Label.PYMK,Tanıyor Olabileceğin Kişiler
Feature.Friends.Label.Pending,Bekliyor
Feature.Friends.Label.PlayedByUser,<b>{name}</b> oynadı
Feature.Friends.Label.PlayedByUserAndOneOther,<b>{name}</b> ve <b>Etkileşim Ağındaki diğer 1 kişi</b> oynadı
Feature.Friends.Label.PlayedByUserAndOneOther.FriendsRename,<b>{name}</b> ve <b>diğer 1 arkadaş</b> oynadı
Feature.Friends.Label.PlayedByUserAndOthers,<b>{name}</b> ve <b>Etkileşim Ağındaki diğer {numOfOthers} kişi</b> oynadı
Feature.Friends.Label.PlayedByUserAndOthers.FriendsRename,<b>{name}</b> ve <b>diğer {numOfOthers} arkadaş oynadı</b>
Feature.Friends.Label.RenameInfoText,"Roblox'ta arkadaşları artık etkileşim ağı olarak adlandırıyoruz. Tanıdığın kişileri bu ağa eklersen kimin çevrim içi olduğunu kolayca görebilir, bir parti başlatabilir ve ağındaki kişilerle birlikte oynayabilirsin. <br /><br />Yaşı kontrol edilerek en az 13 yaşında olduğu belgelenmiş olan kullanıcılar artık ağlarındaki uygun kişilerle açık sohbet özelliklerinin kilidini açabilir. Yakında daha fazla özellik ekleniyor!"
Feature.Friends.Label.Request,Talep
Feature.Friends.Label.SearchFriends,Arkadaş Ara
Feature.Friends.Label.SentFromWithContext,{gameName} oyunundan gönderildi
Feature.Friends.Label.SingularMutualFriend,ortak arkadaş
Feature.Friends.Label.Suggested,Önerilen
Feature.Friends.Label.Unfollowed,Takipten çıkıldı
Feature.Friends.Label.YourLinkedParent,Bağlantılı ebeveynin
Feature.Friends.LinkText.LearnMore,
Feature.Friends.Message.DiscoverableSettings,Telefon numaranı bilen Roblox kullanıcılarına tavsiye edilmek ister misin?
Feature.Friends.Message.EmptyState,Rehberin kullanılabilir olduğunda rehberindeki kişileri Arkadaş Ekle sayfasında bulabileceksin.
Feature.Friends.Message.FloodLimitExceededError,Bu eylemi çok sık gerçekleştiriyorsun. Lütfen bir dakika bekleyip tekrar dene.
Feature.Friends.Message.FriendAdded,Arkadaş eklendi
Feature.Friends.Message.NameFromContacts,"Roblox'u kullanırken; telefon numaranı bilen kullanıcılar, adını cihazlarında kayıtlı olduğu şekliyle görecek."
Feature.Friends.Message.RevokedContacts,Bu özelliği kullanmak için cihazının uygulama ayarlarında Roblox'a git ve rehberi etkinleştir.
Feature.Friends.Message.UploadContactsFailure,"İçerik yüklenirken bir sorun oluştu. ""Arkadaş Ekle"" sayfasından daha sonra tekrar dene."
Feature.Friends.Message.ViewAndConnectHint,Bağlantı taleplerini görüntüle ve zaten tanıdığın kişileri ekle
Feature.Friends.Message.ViewAndConnectTooltip,Arkadaşlık isteklerini görüntüle ve hâlihazırda tanıdığın arkadaşlarınla bağlantı kur.
Feature.Friends.Mutual,Ortak
Feature.Friends.Mutuals,
Feature.Friends.OneMutualConnection,ortak bağlantı
Feature.Friends.OneMutualFriend,
Feature.Friends.OneOtherMutualConnection,diğer ortak bağlantı
Feature.Friends.OneOtherMutualFriend,diğer ortak arkadaş
Feature.Friends.PluralMutualConnections,ortak bağlantılardır
Feature.Friends.PluralMutualFriends,ortak arkadaşlar
Feature.Friends.PluralOtherMutualConnections,
Feature.Friends.PluralOtherMutualFriends,
Feature.Friends.TCEducation.Modal.TextIntro,"Roblox tanıdığın insanlarla daha eğlenceli. QR kodu veya Kişiler aracılığıyla eklediğin yaş kontrolü yapılmış kullanıcılar, Güvenilir etkileşim ağı hâline gelir ve şunun gibi ekstra avantajların kilidini açar:"
Feature.Friends.TCEducation.Modal.TextIntro.EighteenPlus,"Yaşı kontrol edilmiş 18 yaşından büyük bir kullanıcı olarak, yaşı kontrol edilmiş 18 yaşından büyük Etkileşim Ağları ve Güvenilir Etkileşim Ağlarınla daha fazlasını yapabilirsin."
Feature.Friends.TCEducation.Modal.TextOutro,Başkalarını Güvenilir etkileşim ağı olarak eklemenin yeni yolları yakında geliyor. Etkileşim ağını yöneterek kimlerin seninle iletişim kurabileceğini kontrol et.
Feature.Friends.TCEducation.Modal.TextOutro.EighteenPlus,"QR kodu veya Kişiler aracılığıyla yaş kontrolü yapılmış başka bir kullanıcı eklediğinde, bu kullanıcı Güvenilir Etkileşim Ağına dâhil edilir. Yakında daha fazla seçenek sunulacaktır."
Feature.Friends.TCEducation.Title,Tanıdığın insanları ekle
Feature.Friends.TCFeature.AndMore,ve daha fazlası geliyor
Feature.Friends.TCFeature.ChatWithoutFilters,Filtresiz sohbet etme
Feature.Friends.TCFeature.PartyVoice,Parti sesi
Feature.Friends.TFEducation.Modal.TextIntro,"Roblox tanıdığın insanlarla daha eğlenceli. QR kodu veya Kişiler aracılığıyla eklediğin yaş kontrolü tamamlanmış kullanıcılar, güvenilir arkadaş olur ve şunun gibi ekstra avantajların kilidini açar:"
Feature.Friends.TFEducation.Modal.TextIntro.EighteenPlus,"Yaş kontrolünü tamamlamış 18 yaşından büyük bir kullanıcı olarak, yaş kontrolünü tamamlamış 18 yaşından büyük arkadaşların ve güvenilir arkadaşlarınla daha fazlasını yapabilirsin."
Feature.Friends.TFEducation.Modal.TextOutro,Başkalarını güvenilir arkadaş olarak eklemenin yeni yolları yakında geliyor. Arkadaşlarını yöneterek kimlerin seninle iletişim kurabileceğini kontrol et.
Feature.Friends.TFEducation.Modal.TextOutro.EighteenPlus,"QR kodu veya Kişiler aracılığıyla yaş kontrolünü tamamlamış başka bir kullanıcı eklediğinde, bu kullanıcı güvenilir arkadaşın olur. Yakında daha fazla seçenek sunulacaktır."
Feature.Friends.Text.IsPlaying,oynuyor
Feature.Friends.Text.NoConnections,Henüz bağlantı eklemedin. Başlamak için bağlantı bul ve ekle.
Feature.Friends.Text.NoFriends,
Feature.Friends.Title.TrustedFriendsExpiredLink,Bağlantının süresi doldu
Feature.Friends.Title.TrustedFriendsInvalidLink,Bağlantı geçerli değil
Feature.Friends.TrustedConnection.AcceptTrustedRequest,Güvenilir Etkileşim Ağına kabul et
Feature.Friends.TrustedConnection.Action.RemoveTrustedConnection,Güvenilir etkileşim ağından kaldır
Feature.Friends.TrustedConnection.Label.AddTrustedConnection,Güvenilir Etkileşim Ağına Ekle
Feature.Friends.TrustedConnection.Label.Trusted,
Feature.Friends.TrustedConnection.Toast.TrustedConnectionRemoved,Güvenilir etkileşim ağından kaldırıldı
Feature.Friends.TrustedFriend.AcceptTrustedRequest,Güvenilir arkadaş olma talebini kabul et
Feature.Friends.TrustedFriend.Action.RemoveTrustedFriend,Güvenilir arkadaşlardan kaldır
Feature.Friends.TrustedFriend.AddBack.Header,Güvenilir arkadaş olma talebi
Feature.Friends.TrustedFriend.Info.Modal.Header,Yeni güvenilir arkadaş
Feature.Friends.TrustedFriend.Label.AddTrustedFriend,Güvenilir arkadaş olarak ekle
Feature.Friends.TrustedFriend.Toast.IsATrustedFriendNow,{name} artık güvenilir arkadaşın
Feature.Friends.TrustedFriend.Toast.TrustedFriendRemoved,Güvenilir arkadaş kaldırıldı
Feature.Friends.TrustedFriend.Toast.TrustedFriendRequestSent,Güvenilir arkadaş olma talebi gönderildi
Feature.FriendsActivityFeed.Label.ViewRecentActivity,Son Etkinlikleri Görüntüle
Feature.FriendsMenu.Label.SearchForConnections,
Feature.FriendsMenu.Label.SelectedConnectionsCount,{numerator}/{denominator} Bağlantı seçildi
Feature.FriendsMenu.Label.SelectedConnectionsCountNoLimit,{selectedCount} Bağlantı seçildi
Feature.FriendsMenu.Label.SelectedFriendsCount,{numerator}/{denominator} arkadaş seçildi
Feature.FriendsMenu.Label.SelectedFriendsCountNoLimit,{selectedCount} arkadaş seçildi
Feature.GameDetails.Action.GameDetails,
Feature.GameDetails.Action.GiveFeedback,Geri dönüş gönder
Feature.GameDetails.Action.NotInterested,İlgilenmiyorum
Feature.GameDetails.Action.Report,
Feature.GameDetails.Action.ReportAd,Reklamı bildir
Feature.GameDetails.Action.Undo,Geri Al
Feature.GameDetails.Action.Unlock,
Feature.GameDetails.Action.WhyThisAd,Neden bu reklam?
Feature.GameDetails.Heading.PurchaseGame,Bu Deneyimin Kilidini Aç
Feature.GameDetails.Label.By,
Feature.GameDetails.Label.DontLikeGame,Bu oyunu beğenmedim
Feature.GameDetails.Label.DontLikeImage,Bu görseli beğenmedim
Feature.GameDetails.Label.FriendsSeparator,", "
Feature.GameDetails.Label.InappropriateContent,Uygunsuz içerik
Feature.GameDetails.Label.LearnMore,Daha Fazla Bilgi Edin
Feature.GameDetails.Label.LowercaseNumberPlaying,{numActivePlayers} aktif
Feature.GameDetails.Label.NineAndOver,9 Yaş ve Üzeri
Feature.GameDetails.Label.No,
Feature.GameDetails.Label.ProvideFeedbackTitle,Geri Bildirimde Bulunun
Feature.GameDetails.Label.SomethingElse,Başka bir şey
Feature.GameDetails.Label.Store,Mağaza
Feature.GameDetails.Label.TellUsMorePlaceholder,Bize daha fazla bilgi ver
Feature.GameDetails.Label.TooRepetitive,Çok fazla tekrar içeriyor
Feature.GameDetails.Label.Updated,Son Güncelleme Tarihi
Feature.GameDetails.Label.VoiceChat,
Feature.GameDetails.Label.WhyThisAd,
Feature.GameDetails.Label.Yes,
Feature.GameDetails.Message.AdPreferences,Reklam Tercihleri
Feature.GameDetails.Message.AnonymousFeedbackTermsOfUse,Yanıtlar anonim bir şekilde paylaşılır ve {underlineStart}Roblox Kullanım Şartları{underlineEnd} uyarınca geri dönüş anlamına gelir.
Feature.GameDetails.Message.HelpImproveExperience,Deneyimini iyileştirmemize yardımcı ol
Feature.GameDetails.Message.HidingExperienceQuestion,Bu deneyimi neden gizliyorsun?
Feature.GameDetails.Message.PurchaseGameV2,{X} Robux karşılığında {gameName} oyununa erişimin kilidi açılsın mı?
Feature.GameDetails.Message.SponsoredDisclosure.Error,Geçici bir hata nedeniyle sponsorluk bilgileri görüntülenemedi.
Feature.GameDetails.Message.SponsoredDisclosure.O18NonPersonalizedNoLink,"Bu sponsorlu içeriği, sana uygun içeriği sunmak için kullandığımız cihaz bilgileri, konum ve yaş gibi kişiselleştirilmemiş faktörlere dayalı olarak görüyorsun. Deneyim {CreatorName} tarafından yaratıldı. Sponsorluk için {PayerName} ödeme yaptı. Daha fazla bilgi edinmek için lütfen hesabındaki Ayarlar'ın altında bulunan ""Gizlilik ve İçerik Olgunluk Düzeyi"" sayfasını ziyaret et:"
Feature.GameDetails.Message.SponsoredDisclosure.O18PersonalizedNoLink,"Bu sponsorlu içeriği, sana alakalı içerik sunmak için kullandığımız konum, cihaz bilgileri, yaş ve platform davranışı gibi farklı faktörlere dayalı olarak görüyorsun. Deneyim {CreatorName} tarafından yaratıldı. Sponsorluk için {PayerName} ödeme yaptı. Daha fazla bilgi edinmek için lütfen hesabındaki Ayarlar'ın altında bulunan ""Gizlilik ve İçerik Olgunluk Düzeyi"" sayfasını ziyaret et:"
Feature.GameDetails.Message.SponsoredDisclosure.U18,"Bu sponsorlu içeriği, sana uygun içeriği sunmak için kullandığımız cihaz bilgileri, konum ve yaş gibi kişiselleştirilmemiş faktörlere dayalı olarak görüyorsun. Deneyim {CreatorName} tarafından yaratıldı. Sponsorluk için {PayerName} ödeme yaptı."
Feature.GameDetails.Message.SponsoredDisclosureNoUniverse.O18NonPersonalNoLink,"Bu sponsorlu içeriği, sana uygun içeriği sunmak için kullandığımız cihaz bilgileri, konum ve yaş gibi kişiselleştirilmemiş faktörlere dayalı olarak görüyorsun. Sponsorluk için {PayerName} ödeme yaptı. Daha fazla bilgi edinmek için lütfen hesabındaki Ayarlar'ın altında bulunan ""Gizlilik ve İçerik Olgunluk Düzeyi"" sayfasını ziyaret et:"
Feature.GameDetails.Message.SponsoredDisclosureNoUniverse.O18PersonalizedNoLink,"Bu sponsorlu içeriği, sana alakalı içerik sunmak için kullandığımız konum, cihaz bilgileri, yaş ve platform davranışı gibi farklı faktörlere dayalı olarak görüyorsun. Sponsorluk için {PayerName} ödeme yaptı. Daha fazla bilgi edinmek için lütfen hesabındaki Ayarlar'ın altında bulunan ""Gizlilik ve İçerik Olgunluk Düzeyi"" sayfasını ziyaret et:"
Feature.GameDetails.Message.SponsoredDisclosureNoUniverse.U18,"Bu sponsorlu içeriği, sana uygun içeriği sunmak için kullandığımız cihaz bilgileri, konum ve yaş gibi kişiselleştirilmemiş faktörlere dayalı olarak görüyorsun. Sponsorluk için {PayerName} ödeme yaptı."
Feature.GameDetails.Message.SuggestLessOften,Bunu daha az sıklıkta önereceğiz
Feature.GameDetails.RatingPercentOnly,Değerlendirme % {percentRating}
Feature.GameDetails.Toast.LinkCopied,
Feature.GameFollows.LabelNotifications,Bana Bildir
Feature.GameFollows.TooltipFollowLimitReached,Sınıra ulaşıldı. Bu deneyimi takip etmek için lütfen diğer deneyimleri takip etmeyi bırak.
Feature.GameFollows.TooltipNotificationsLimitReached,Sınıra ulaşıldı. Lütfen önce diğer deneyimlerin bildirimlerini kapat.
Feature.GameFollows.TooltipTurnedOffNotifications,{experienceName} için bildirimler kapatıldı
Feature.GameFollows.TooltipTurnedOnNotifications,{experienceName} için bildirimler açıldı
Feature.GamePage.Action.BackToTop,Başa dön
Feature.GamePage.Label.Ad,
Feature.GamePage.Label.Sponsored,
Feature.GamePage.QuickLaunch.LaunchError.ContextualPlayabilityUnverifiedSeventeenPlusUser,"Bu deneyim, yaş doğrulama durumun nedeniyle kullanılamıyor."
Feature.GamePage.QuickLaunch.LaunchError.GuestProhibited,Misafirler bu deneyime katılamaz.
Feature.GamePage.QuickLaunch.LaunchError.PurchaseRequired,Bu deneyimi ziyaret etmek için satın alım gerekiyor.
Feature.GamePage.QuickLaunch.LaunchError.RequestFailed,Ağ isteği başarısız.
Feature.GamePage.QuickLaunch.LaunchError.TemporarilyUnavailable,Bu deneyim şu anda ziyaret edilemiyor.
Feature.GamepadDisconnect.Label.Message,"""%s"" adlı kullanıcının kontrol cihazı bağlantısı kesildi, lütfen kullanmak istediğin kontrol cihazı ""%s"" tuşuna bas."
Feature.GamepadDisconnect.Label.MessageGeneric,"""%s"" adlı kullanıcının kontrol cihazı bağlantısı kesildi. Lütfen kontrol cihazı yeniden bağla."
Feature.GamepadDisconnect.Label.Title,Kontrol cihazı Yok
Feature.Groups.Action.Cancel,
Feature.Groups.Action.CancelRequest,Talebi iptal et
Feature.Groups.Action.Close,
Feature.Groups.Action.Continue,
Feature.Groups.Action.CreateGroup,Topluluk oluştur
Feature.Groups.Action.Follow,Takip Et
Feature.Groups.Action.JoinGroup,Topluluğa katıl
Feature.Groups.Action.LeaveGroup,Topluluktan ayrıl
Feature.Groups.Action.MakePrimary,Ana Grup Yap
Feature.Groups.Action.More,more
Feature.Groups.Action.NotNow,
Feature.Groups.Action.RemovePrimary,Ana Grubu Kaldır
Feature.Groups.Action.SeeAll,
Feature.Groups.Action.Unfollow,Takipten Çık
Feature.Groups.Action.ViewGroup,Topluluğu görüntüle
Feature.Groups.Description.JoinGroupPending,Katılma isteğin topluluk tarafından incelenmeyi bekliyor.
Feature.Groups.Description.NotEligibleToJoin,Hesabın bu topluluğa katılamaz.
Feature.Groups.Description.PremiumMaxGroups,Maksimum sayıda topluluğa katıldın.
Feature.Groups.Description.RequiresAccountTenureTooltipOneDay,Bu topluluğa katılabilmek için 1 gün önce bir hesabının bulunuyor olması gerekir.
Feature.Groups.Description.RequiresAccountTenureTooltipOneMonth,Bu topluluğa katılabilmek için 30 gün önce bir hesabının bulunuyor olması gerekir.
Feature.Groups.Description.RequiresAccountTenureTooltipOneWeek,Bu topluluğa katılabilmek için 7 gün önce bir hesabının bulunuyor olması gerekir.
Feature.Groups.Description.RequiresAccountTenureTooltipThreeDays,Bu topluluğa katılabilmek için 3 gün önce bir hesabının bulunuyor olması gerekir.
Feature.Groups.Description.RequiresAccountTenureTooltipThreeMonths,Bu topluluğa katılabilmek için 90 gün önce bir hesabının bulunuyor olması gerekir.
Feature.Groups.Heading.Community,Topluluk
Feature.Groups.Heading.Followers,
Feature.Groups.Heading.Groups,
Feature.Groups.Heading.Members,
Feature.Groups.Heading.MyGroups,Topluluklarım
Feature.Groups.Heading.Primary,Ana
Feature.Groups.Heading.SocialLinksNew,Sosyal bağlantılar
Feature.Groups.Heading.SocialMedia,Sosyal Medya
Feature.Groups.Heading.VerificationRequired,Hesap doğrulaması gerekli
Feature.Groups.Heading.Videos,Videolar
Feature.Groups.Label.ByOwnerWithFormat,Oluşturan: {ownerName}
Feature.Groups.Label.Follower,takipçi
Feature.Groups.Label.FollowerCapital,
Feature.Groups.Label.FollowerCapitalPlural,
Feature.Groups.Label.FollowerPlural,takipçiler
Feature.Groups.Label.GroupClosed,Topluluk kapalı
Feature.Groups.Label.GroupLocked,Bu topluluk kilitlendi
Feature.Groups.Label.Member,Üye
Feature.Groups.Label.MemberCapitalPlural,
Feature.Groups.Label.MemberLowerCase,üye
Feature.Groups.Label.MemberLowerCasePlural,üyeler
Feature.Groups.Label.Owned,
Feature.Groups.Label.PreviousNames,Önceki adlar
Feature.Groups.Label.SearchMyGroups,Topluluklarımı ara
Feature.Groups.Message.BannedFromGroup,Topluluk tarafından engellendin.
Feature.Groups.Message.GroupClosed,Kapalı bir topluluğa katılamazsın.
Feature.Groups.Message.LoadGroupListError,Topluluk listesi yüklenemiyor.
Feature.Groups.Message.NoGroupsFound,Topluluk bulunamadı.
Feature.Groups.Message.NotInAnyGroups,Herhangi bir topluluğun üyesi değilsiniz.
Feature.Groups.Message.PinLocked,Bu işlemi kilitli bir pin ile gerçekleştiremezsin. Hesap Ayarları sayfasında PIN'inin kilidini aç.
Feature.Groups.Modal.ContentTextHigh,"Bu topluluğa katılmak için hesabını doğrula.

1. Hesap Bilgileri > Yaşımı Doğrula'ya git
2. Doğrulama işlemini tamamla"
Feature.Groups.Modal.ContentTextLow,"Bu topluluğa katılmak için hesabını doğrula.

1. Hesap Bilgileri'ne git.
2. Bir doğrulama seçeneği belirle:
   - Telefon Ekle
   - E-posta Ekle  
- Yaşımı Doğrula
3. Doğrulama işlemini tamamla"
Feature.Groups.Modal.ContentTextMedium,"Bu topluluğa katılmak için hesabını doğrula.

1. Hesap Bilgileri'ne git.
2. Bir doğrulama seçeneği belirle:
   - Telefon Ekle VE E-posta Ekle
   - Yaşımı Doğrula
3. Doğrulama işlemini tamamla"
Feature.Groups.Notification.FailedToFollow,Profil takip edilemedi. Lütfen daha sonra tekrar dene.
Feature.Groups.Notification.FailedToJoin,Topluluğa katılım başarısız oldu. Lütfen daha sonra tekrar dene.
Feature.Groups.Notification.FailedToLoad,Topluluk yüklenemedi. Lütfen daha sonra tekrar dene.
Feature.Groups.Notification.Following,{groupName} takip ediliyor.
Feature.Groups.Notification.GroupDoesNotExist,Topluluk mevcut değil.
Feature.Groups.Notification.GroupModerated,Bu topluluk şu anda denetleniyor.
Feature.Groups.Notification.JoinRequestPending,{groupName} grubuna katılma isteği gönderildi.
Feature.Groups.Notification.Joined,{groupName} grubuna katıldın.
Feature.Groups.Title.AlreadyFollowing,{groupName} grubunu zaten takip ediyorsun
Feature.Groups.Title.AlreadyMember,{groupName} grubunun zaten bir üyesisin
Feature.Groups.Title.Follow,{groupName} grubunu takip et
Feature.Groups.Title.Join,{groupName} grubuna katıl
Feature.Groups.Title.RequestedToJoin,{groupName} grubuna zaten katılma isteğinde bulundun
Feature.Groups.Title.UnableToJoin,{groupName} grubuna katılamadın
Feature.Home.ActionSeeAll,
Feature.Home.ClientCacheFallbackBanner.Action.Refresh,
Feature.Home.ClientCacheFallbackBanner.Label.Error,
Feature.Home.ClientCacheFallbackBanner.Label.ErrorRefreshingToastTitle,Lütfen tekrar dene
Feature.Home.ClientCacheFallbackBanner.Label.RefreshPageToLoadContents,İçeriği yüklemek için sayfayı yenile
Feature.Home.HeadingFriends,Arkadaşlar ({friendCount})
Feature.Home.Label.HappeningNow,Şu anda gerçekleşiyor
Feature.Home.PeopleList.ChatWith,{username} ile sohbet et
Feature.Home.Robux,
Feature.InExperienceIntervention.Action.LetUsKnow,Bizi bilgilendir
Feature.InExperienceIntervention.Action.Understand,
Feature.InExperienceIntervention.Description.BeRespectful,Gelecekte lütfen kurallara uy ve saygılı ol.
Feature.InExperienceIntervention.Description.CannotSend,{number} dakikalığına metin sohbeti mesajı gönderemezsin.
Feature.InExperienceIntervention.Description.CannotSend1Day,1 gün boyunca yazılı sohbet mesajı gönderemezsin.
Feature.InExperienceIntervention.Description.CannotSend1Hour,1 saat boyunca yazılı sohbet mesajı gönderemezsin.
Feature.InExperienceIntervention.Description.CannotSend1Min,1 dakikalığına metin sohbeti mesajı gönderemezsin.
Feature.InExperienceIntervention.Description.CannotSendDays,{number} gün boyunca yazılı sohbet mesajı gönderemezsin.
Feature.InExperienceIntervention.Description.CannotSendHours,{number} saat boyunca yazılı sohbet mesajı gönderemezsin.
Feature.InExperienceIntervention.Description.CantUsePartyChat,Şu anda mesaj yollayamazsın. Kuralları tekrar çiğnemen hâlinde hesabına erişimi kaybedebilirsin.
Feature.InExperienceIntervention.Description.ChatDisabled,Roblox Topluluk Standartlarının tekrarlanan ihlali nedeniyle sohbete mesaj gönderebilme özelliğini geçici olarak devre dışı bıraktık.
Feature.InExperienceIntervention.Description.ChatIncludes,Sohbet mesajın şunları içeriyor:
Feature.InExperienceIntervention.Description.ChatSuspension.Day.Expired,{number} günlük sohbetin askıya alınma süresi sona erdi. Kuralları tekrar çiğnemen hâlinde engellenebilirsin.
Feature.InExperienceIntervention.Description.ChatSuspension.Days,Mesajlarından biri veya daha fazlası kuralları çiğnediği için {number} gün boyunca sohbeti kullanamazsın. Kuralları tekrar çiğnemen hâlinde engellenebilirsin.
Feature.InExperienceIntervention.Description.ChatSuspension.Hour.Expired,{number} saatlik sohbetin askıya alınma süresi sona erdi. Kuralları tekrar çiğnemen hâlinde engellenebilirsin.
Feature.InExperienceIntervention.Description.ChatSuspension.Hours,Mesajlarından biri veya daha fazlası kuralları çiğnediği için {number} saat boyunca sohbeti kullanamazsın. Kuralları tekrar çiğnemen hâlinde engellenebilirsin.
Feature.InExperienceIntervention.Description.ChatSuspension.Minute.Expired,{number} dakikalık sohbetin askıya alınma süresi sona erdi. Kuralları tekrar çiğnemen hâlinde engellenebilirsin.
Feature.InExperienceIntervention.Description.ChatSuspension.Minutes,Mesajlarından biri veya daha fazlası kuralları çiğnediği için {number} dakika boyunca sohbeti kullanamazsın. Kuralları tekrar çiğnemen hâlinde engellenebilirsin.
Feature.InExperienceIntervention.Description.Disclaimer,Bir hata mı yaptık? {startLink}Bizi bilgilendir{endLink}
Feature.InExperienceIntervention.Description.FeedbackHelps,"Geri bildirimin, sistemlerimizin gelişmesine yardımcı olur."
Feature.InExperienceIntervention.Description.LoseAccess,Bu durumun tekrarlanması hâlinde hesabına erişimi kaybedebilirsin.
Feature.InExperienceIntervention.Description.MayLoseAccess,Kuralları tekrar çiğnemen hâlinde hesabına erişimi kaybedebilirsin.
Feature.InExperienceIntervention.Description.Mistake,Bir hata mı yaptık?
Feature.InExperienceIntervention.Description.PartyChatMayBeSuspended,Roblox'ta kişisel bilgilerin paylaşılmasına izin verilmez. Kuralları tekrar çiğnersen sohbeti kullanma erişimin askıya alınabilir.
Feature.InExperienceIntervention.Description.TextChatMayBeSuspended,Kuralları tekrar çiğnersen metin sohbeti kullanma erişimin askıya alınabilir.
Feature.InExperienceIntervention.Heading.CannotChat,{number} dakikalığına sohbete mesaj gönderemezsin
Feature.InExperienceIntervention.Heading.ChatBreaksRules,"Sohbet mesajın, kuralları çiğniyor"
Feature.InExperienceIntervention.Heading.ChatSuspended,Sohbet kullanımı {number} dakikalığına askıya alındı
Feature.InExperienceIntervention.Heading.ChatSuspension.1Day,Sohbet 1 günlüğüne askıya alındı
Feature.InExperienceIntervention.Heading.ChatSuspension.1Hour,Sohbet 1 saatliğine askıya alındı
Feature.InExperienceIntervention.Heading.ChatSuspension.1Minute,Sohbet 1 dakikalığına askıya alındı
Feature.InExperienceIntervention.Heading.ChatSuspension.Expired,Sohbeti tekrar kullanabilirsin
Feature.InExperienceIntervention.Heading.ChatSuspension.MultiHour,Sohbet {number} saat süreyle askıya alındı
Feature.InExperienceIntervention.Heading.ChatSuspension.MultiMinute,Sohbet {number} dakikalığına askıya alındı
Feature.InExperienceIntervention.Heading.ChatSuspension.Plural,Sohbet {number} gün süreyle askıya alındı
Feature.InExperienceIntervention.Heading.DontSharePersonalInformation,Kişisel bilgiler paylaşma
Feature.InExperienceIntervention.Heading.PartyChatSuspended,Sohbetin {remainingTime} süreliğine askıya alındı
Feature.InExperienceIntervention.Heading.TakeALook,Sohbeti inceleyeceğiz
Feature.InExperienceIntervention.Heading.TextChatSuspension,Metin sohbeti uzaklaştırması
Feature.InExperienceIntervention.Label.Complete,Tamamlandı
Feature.InExperienceIntervention.Label.EndsOn,Sona erme tarihi:
Feature.InExperienceIntervention.Label.Player,{username}: {evidence}
Feature.InExperienceIntervention.Label.TimeLeft.Day.Plural,
Feature.InExperienceIntervention.Label.TimeLeft.Day.Singular,
Feature.InExperienceIntervention.Label.TimeLeft.Hours,{time} kaldı
Feature.InExperienceShop.Label.BonusItem,Bonus öğe
Feature.InExperienceShop.Label.DescriptionWithTime,{description} {timeRemaining}
Feature.InExperienceShop.Label.EndTime,{timeRemaining} sonra sona erecek
Feature.InExperienceShop.Label.NoDescription,Açıklama Yok
Feature.InExperienceShop.Label.OfferEndTime,"{offer}, {timeRemaining} sonra sona erecek"
Feature.InExperienceShop.Label.PreviewBanner,"Bu, Roblox Studio'daki Mağazanın bir ön izlemesidir. Oyuncular bu ön izlemeyi görmez."
Feature.InExperienceShop.Label.Timer.Day.Plural,{number} gün
Feature.InExperienceShop.Label.Timer.Day.Singular,
Feature.InExperienceShop.Label.Timer.Hour.Plural,{number} saat
Feature.InExperienceShop.Label.Timer.Hour.Singular,1 saat
Feature.InExperienceShop.Label.Timer.Minute.Plural,{number} dakika
Feature.InExperienceShop.Label.Timer.Minute.Singular,1 dakika
Feature.InExperienceShop.Label.Timer.Second.Plural,{number} saniye
Feature.InExperienceShop.Label.Timer.Second.Singular,1 saniye
Feature.Item.Label.DeleteFromInventoryConfirmUndercaseDelete,Bu öğeyi envanterinden kalıcı olarak silmek istediğine emin misin? Fikrini değiştirirsen öğeyi bir deneyimde tekrar kazanman gerekecek.
Feature.Item.Label.DeleteItemUndercase,Öğeyi sil
Feature.LegallySensitiveContent.Action.FriendDiscovery.NotNow,
Feature.LegallySensitiveContent.Action.FriendDiscovery.TurnOn,
Feature.LegallySensitiveContent.Description.PhoneNumberDiscoverabilityUpsellConsent.FRnm,Telefon numaranı bilen insanların seni Roblox'ta arkadaş olarak eklemesini kolaylaştır
Feature.LegallySensitiveContent.Heading.TurnOnFriendDiscovery,Arkadaş keşfini aç
Feature.Moments.Action.AddMusic,Müzik Ekle
Feature.Moments.Action.AddSticker,Çıkartma Ekle
Feature.Moments.Action.AddText,Metin Ekle
Feature.Moments.Action.AddVoice,Ses Ekle
Feature.Moments.Action.Back,
Feature.Moments.Action.Cancel,
Feature.Moments.Action.Continue,
Feature.Moments.Action.Delete,
Feature.Moments.Action.Done,
Feature.Moments.Action.Expand,Genişlet
Feature.Moments.Action.GenerateText,Metin Oluştur
Feature.Moments.Action.GenerateTextFeedbackNotHelpful,Yararlı değil
Feature.Moments.Action.GenerateTextFeedbackPolicy,Uygunsuz veya Kural Dışı
Feature.Moments.Action.Hide,Ayrıntıları gizle
Feature.Moments.Action.HowToCapture,Nasıl Yakalama Yapılır?
Feature.Moments.Action.Join,
Feature.Moments.Action.Leave,
Feature.Moments.Action.Minimize,Küçült
Feature.Moments.Action.Ok,
Feature.Moments.Action.Play,
Feature.Moments.Action.Post,
Feature.Moments.Action.Report,Raporla
Feature.Moments.Action.Retry,
Feature.Moments.Action.Return,Galeriye dön
Feature.Moments.Action.ReturnToEditing,Düzenlemeye dön
Feature.Moments.Action.ShowDetails,Ayrıntıları göster
Feature.Moments.Action.ShowMore,
Feature.Moments.Action.TrimVideo,Videoyu Kırp
Feature.Moments.Description.CommunityStandards,Ne söyleyip söyleyemeyeceğin hakkında daha fazla bilgi için Topluluk Standartlarını kontrol et.
Feature.Moments.Description.EmptyCapturesLibrary,Yakalamaların burada görünecektir.
Feature.Moments.Description.GenerateTextFeedbackDisclosure,Yapay zekâ tarafından oluşturuldu. Yayınlamadan önce gözden geçir; yayınlananlardan sen sorumlusun.
Feature.Moments.Description.HowToCaptureStep1,Yakalamaların etkin olduğu bir Deneyime katıl ve hamburger menüsünü seç
Feature.Moments.Description.HowToCaptureStep2,Yakalama denetimlerini etkinleştir
Feature.Moments.Description.HowToCaptureStep3,Oynanışın fotoğraflarını ve videolarını yakala
Feature.Moments.Description.LeaveMomentsCreation,Tüm değişikliklerini kaybedeceksin ancak yakalanan bu ekran görüntüsünü <b>Yakalananlar</b> galerinde bulabilirsin.
Feature.Moments.Description.NoMusicResults,Müzik bulunamadı
Feature.Moments.Description.NonInfiniteScrollEndBody,Anlar'da bir durma noktasına ulaştın. İzlemeye devam etmek için aşağıya dokun.
Feature.Moments.Description.NothingHereYet,Burada henüz bir şey yok...
Feature.Moments.Description.PublishMoment,Anını anlat
Feature.Moments.Description.StayFriendly,Dostça davranalım
Feature.Moments.Description.TooManyUploads,Bugün çok fazla video yükledin. Yarın tekrar dene.
Feature.Moments.Disclaimer.EveryoneMoments,Anlardaki herkes yayınlananları görüntüleyebilir
Feature.Moments.Label.All,
Feature.Moments.Label.AttemptingJoinExperience,{placeName} dünyasına katılmaya çalışılıyor. Bu işlem birkaç saniye sürebilir.
Feature.Moments.Label.CaptureLibrary,Yakalama kütüphanen
Feature.Moments.Label.DeleteMomentBody,Bir An silindikten sonra onu kurtarmak mümkün olmaz.
Feature.Moments.Label.DeleteMomentTitle,An silinsin mi?
Feature.Moments.Label.Error,
Feature.Moments.Label.FeedEndBody,Daha sonra tekrar kontrol et veya kendi Anını oluştur.
Feature.Moments.Label.FeedEndTitle,Yeni bir şey yok
Feature.Moments.Label.FeedFailedToLoad,Sayfa yüklenemedi
Feature.Moments.Label.FeedMyMoments,Anlarım
Feature.Moments.Label.FeedTrending,
Feature.Moments.Label.HowToUseCaptureTitle,Yakalama nasıl kullanılır?
Feature.Moments.Label.LinkCopied,Bağlantı kopyalandı.
Feature.Moments.Label.LinkCopyFailed,Bağlantı kopyalanamadı.
Feature.Moments.Label.ModeratedRodeoBody,Topluluk Standartlarımıza aykırı olduğu için bu Anı kaldırdık. Anlarının görünür kalması için kuralları öğrenip uygulamaya özen göstermelisin.
Feature.Moments.Label.MomentDeletedBody,
Feature.Moments.Label.MomentDeletedTitle,
Feature.Moments.Label.MomentFailedToPostBody,Bir şeyler ters gitti.
Feature.Moments.Label.MomentFailedToPostTitle,An paylaşılamadı
Feature.Moments.Label.MomentPublishedBody,Anın başarıyla yayımlandı.
Feature.Moments.Label.MomentPublishedTitle,An yayımlandı
Feature.Moments.Label.MomentUnavailable,An kullanılamıyor
Feature.Moments.Label.MomentUnavailableDefault,Bu An kullanılamıyor.
Feature.Moments.Label.MomentsExperienceName,
Feature.Moments.Label.Music,
Feature.Moments.Label.NonInfiniteScrollEndTitle,Şimdilik yeni bir şey yok
Feature.Moments.Label.Photos,Fotoğraflar
Feature.Moments.Label.PostDeleted,An silindi
Feature.Moments.Label.PostRemovedBody,"Paylaştığın An, Topluluk Standartlarımıza aykırı."
Feature.Moments.Label.PublishingRodeoBody,Bu işlem pek uzun sürmez.
Feature.Moments.Label.Reactions,Tepkiler
Feature.Moments.Label.ReportReason.BreaksRules,Bu paylaşım kurallara aykırı
Feature.Moments.Label.ReportReason.IntellectualProperty,Bu paylaşım fikrî mülkiyetimi ihlal ediyor
Feature.Moments.Label.ReportSubmittedBody,Geri dönüşün için teşekkürler.
Feature.Moments.Label.ReportSubmittedTitle,Rapor gönderildi
Feature.Moments.Label.RobloxPartnerContent,Roblox iş ortağı içeriği
Feature.Moments.Label.RodeoPublishingTitle,Anın yayınlanıyor
Feature.Moments.Label.Search,
Feature.Moments.Label.ShareLinkTitle,Roblox'taki Anlar
Feature.Moments.Label.StayFriendlyModeration,
Feature.Moments.Label.TextGenerateInProgressBody,Bindirmeyi manuel olarak düzenlemeden önce lütfen yapay zekâ tarafından oluşturulan metni bekle.
Feature.Moments.Label.TextGenerateInProgressTitle,Oluşturma Devam Ediyor
Feature.Moments.Label.TextGenerateOverrideBody,"Oluşturma, mevcut metin bindirmenizin ve açıklamanızın yerini alacaktır."
Feature.Moments.Label.TextGenerateOverrideTitle,Metin Değiştirilecek
Feature.Moments.Label.TextGeneratedBody,Yapay zekâ tarafından oluşturulan metin bindirmesi ve açıklama eklendi
Feature.Moments.Label.TextGeneratedTitle,Metin Oluşturuldu
Feature.Moments.Label.TextGenerationFailedBody,Metin oluşturulamadı. Lütfen tekrar dene.
Feature.Moments.Label.TextGenerationFailedTitle,Oluşturma Başarısız
Feature.Moments.Label.TextGenerationFilteredBody,"Bu yakalanan video için oluşturma işlemi gerçekleştirilemiyor, içerik filtrelendi."
Feature.Moments.Label.TextGenerationFilteredTitle,Oluşturma Filtrelendi
Feature.Moments.Label.Tone,Üslup
Feature.Moments.Label.Tone.Cinematic,Sinematik
Feature.Moments.Label.Tone.Funny,Komik
Feature.Moments.Label.Tone.Hype,Heyecan verici
Feature.Moments.Label.Tone.Neutral,Nötr
Feature.Moments.Label.Videos,
Feature.Moments.Title.GenerateTextFeedbackReason,Ne yanlış gitti?
Feature.Moments.Title.GenerateTextOptions,
Feature.Moments.Title.LeaveMomentCreation,An yaratmadan çıkılsın mı?
Feature.Moments.Title.MomentRemoved,An kaldırıldı
Feature.Moments.Title.ReportPost,Paylaşımı raporla
Feature.Moments.Tooltip.Creation,"Deneyimdeki herkes, Anlarını görüntüleyebilir."
Feature.NativeAds.Label.Ad,
Feature.NotApproved.Action.ReportMistake,Bir hata raporla
Feature.NotApproved.Label.AbuseType.Advertising,
Feature.NotApproved.Label.AbuseType.Chargeback,Ters İbraz
Feature.NotApproved.Label.AbuseType.CheatandExploits,Hile ve İstismar
Feature.NotApproved.Label.AbuseType.ChildEndangerment,Çocuğun Tehlikeye Atılması
Feature.NotApproved.Label.AbuseType.ChildEndangerment.V2,Çocuk İstismarı
Feature.NotApproved.Label.AbuseType.ChildEndangerment.V3,Zararlı İçerik/Davranış
Feature.NotApproved.Label.AbuseType.Commerce,Alışveriş
Feature.NotApproved.Label.AbuseType.ContestsandSweepstakes,Yarışmalar ve Çekilişler
Feature.NotApproved.Label.AbuseType.DMCA,Dijital Milenyum Telif Hakkı Yasası
Feature.NotApproved.Label.AbuseType.Dating,
Feature.NotApproved.Label.AbuseType.DirectingUsersOffPlatform.V2,Kullanıcıların Platform Dışına Yönlendirilmesi
Feature.NotApproved.Label.AbuseType.DiscriminatoryContent,Ayrımcı İçerik
Feature.NotApproved.Label.AbuseType.DisruptiveAudio,Rahatsız Edici Ses
Feature.NotApproved.Label.AbuseType.EncouragingDangerousBehavior,Tehlikeli Davranışı Teşvik Etme
Feature.NotApproved.Label.AbuseType.ExtortionandBlackmail,Zorlama ve Şantaj
Feature.NotApproved.Label.AbuseType.Harassment,Taciz
Feature.NotApproved.Label.AbuseType.IllegalandRegulatedContent,Yasa Dışı ve Düzenlemeye Tabi İçerik
Feature.NotApproved.Label.AbuseType.Impersonation,Başkasının Kimliğine Bürünme
Feature.NotApproved.Label.AbuseType.IpViolation,Fikrî Mülkiyet İhlali
Feature.NotApproved.Label.AbuseType.IrlDangerousActivities,Gerçek Hayattaki Tehlikeli Faaliyetler
Feature.NotApproved.Label.AbuseType.MisusingRobloxSystems,Roblox Sistemlerinin Kötüye Kullanılması
Feature.NotApproved.Label.AbuseType.OffPlatformSpeechandBehavior,Platform Dışı Konuşma ve Davranış
Feature.NotApproved.Label.AbuseType.Other,
Feature.NotApproved.Label.AbuseType.PoliticalContent,Siyasi İçerik
Feature.NotApproved.Label.AbuseType.PoliticalContent.V2,Siyasi Figürler ve Oluşumlar
Feature.NotApproved.Label.AbuseType.PrivacyAskingforPII,Gizlilik: Tanımlayıcı Kişisel Bilgiler (PII) İstemek
Feature.NotApproved.Label.AbuseType.PrivacyGivingPII,Gizlilik: Tanımlayıcı Kişisel Bilgiler (PII) Vermek
Feature.NotApproved.Label.AbuseType.Profanity,
Feature.NotApproved.Label.AbuseType.RealLifeThreats,Gerçek Hayat Tehditleri
Feature.NotApproved.Label.AbuseType.RealLifeTragedy,Gerçek Hayattaki Trajedi
Feature.NotApproved.Label.AbuseType.RealLifeTragedy.V2,Gerçek Dünyadaki Hassas Olaylar
Feature.NotApproved.Label.AbuseType.RobloxEconomy,Roblox Ekonomisi
Feature.NotApproved.Label.AbuseType.Scamming,
Feature.NotApproved.Label.AbuseType.SexualContent,Cinsel İçerik
Feature.NotApproved.Label.AbuseType.Spam,Spam
Feature.NotApproved.Label.AbuseType.SuicideSelfHarm,İntihar/Kendine Zarar Verme
Feature.NotApproved.Label.AbuseType.Swearing,
Feature.NotApproved.Label.AbuseType.TerrorismExtremism,Terörizm/Aşırılık
Feature.NotApproved.Label.AbuseType.ThreatsOrAbuseOfRobloxEmployeesOrAffiliates,Roblox Çalışanlarına veya Roblox'a Bağlı Kuruluşlara Yönelik Tehdit veya Suistimal
Feature.NotApproved.Label.AbuseType.Trademark,Ticari Marka İhlali
Feature.NotApproved.Label.AbuseType.ViolentContentAndGore,Şiddet İçeriği ve Vahşet İçeriği
Feature.NotApproved.Label.AbuseType.VirtualCasino,Sanal Kumarhane
Feature.NotApproved.Label.ModeratorNote,Denetimci notu
Feature.NotApproved.Label.Reason,Sebep
Feature.NotApproved.Label.Sublabel.FraudAbuseOfTheAffiliateSystem,Roblox'a Bağlı Kuruluşlar Sistemine Yönelik Kötüye Kullanım
Feature.NotApproved.Label.Sublabel.FraudAttemptedUnauthorizedPaymentMethodUse,Yetkisiz Ödeme Yöntemi Kullanma Girişimi
Feature.NotApproved.Label.Sublabel.FraudPaymentAbuse,Ödemenin Kötüye Kullanımı
Feature.NotApproved.Label.Sublabel.FraudRepeatedRefundRequests,Tekrarlanan İade Talepleri
Feature.NotApproved.Label.Sublabel.FraudSuspiciousAccountPatterns,Şüpheli Hesap Davranışları
Feature.NotApproved.Label.Sublabel.FraudSuspiciousRefundRequests,Şüpheli İade Talepleri
Feature.NotApproved.Label.Sublabel.FraudUnauthorizedPurchase,Yetkisiz Satın Alım
Feature.NotApproved.Label.Sublabel.FraudUseOfUnauthorizedOffPlatformTransactions,Roblox İçeriği için Yetkisiz Platform Dışı İşlemlerin Kullanımı
Feature.NotApproved.Label.Sublabel.FraudVirtualEconomyAbuse,Sanal Ekonominin Kötüye Kullanımı
Feature.Notifications.Action.PushUpsellAllow,
Feature.Notifications.Action.PushUpsellNotNow,
Feature.Notifications.Action.SnoozeFifteenMinutes,15 dakika
Feature.Notifications.Action.SnoozeFourHours,4 saat
Feature.Notifications.Action.SnoozeOneDay,
Feature.Notifications.Action.SnoozeOneHour,
Feature.Notifications.Action.UntilITurnItBackOn,Ben tekrar açana kadar
Feature.Notifications.Heading.PushUpsellChat,Bağlantıda kal
Feature.Notifications.Heading.PushUpsellGeneric,Kaçırma
Feature.Notifications.Heading.RemoveSnoozeFeedback,{title} bildirimlerinin sesi açıldı
Feature.Notifications.Heading.SnoozeFeedback,{title} bildirimleri {duration} süresince sessize alındı
Feature.Notifications.Heading.TurnOnNotifications,Bildirimleri Aç
Feature.Notifications.Label.GetUpdatesFromExperience,Uzaktayken {experienceName} deneyiminden bildirimler almak ister misin?
Feature.Notifications.Label.PushUpsellChat,"Sohbetler, Parti davetleri, içerik önerileri ve daha fazlası hakkında güncellemeler almak için anlık bildirimlere izin ver."
Feature.Notifications.Label.PushUpsellGeneric,"Sohbet mesajları, davetler, arkadaş istekleri ve daha fazlası gibi etkinlikler için bildirim al."
Feature.Notifications.Label.ReceiveActivityUpdates,Uzaktayken etkinlikle ilgili güncellemeler al
Feature.Notifications.Label.SecondsAbbreviated,sn.
Feature.Notifications.Response.NotificationsEnabled,Bu deneyim için bildirimler açıldı
Feature.Notifications.Response.NotificationsEnabledForExperience,
Feature.PaidAccessPurchases.Webview.Title.Checkout,Ödeme
Feature.PaidAccessRefunds.Webview.Title.RequestRefund,İade talep et
Feature.Parents.Action.SendEmail,E-posta gönder
Feature.Parents.Description.EnterParentEmail.ChildInstructions,Ebeveyninden bu adımda sana yardımcı olmasını iste. Yaşını doğrulamak için ebeveynine bir e-posta gönderip senin hesabınla bağlantısını kuracağız.
Feature.Parents.Description.EnterParentEmail.NoPC,Değerli ebeveynler; hesabınız bağlandıktan sonra çocuğunuz adına belirli eylemleri onaylayabileceksiniz.
Feature.Parents.Description.EnterParentEmail.PC,"Değerli ebeveynler; hesabınız bağlandıktan sonra ebeveyn denetimlerine ve çocuğunuzun ekran süresi, harcamaları ve daha fazlası hakkında ayrıntılı bilgilere erişebileceksiniz."
Feature.Parents.Description.EnterParentEmailV4,"Bu adımı doldururken ebeveynlerinden yardım iste.{lineBreak}Ebeveynine yaşını doğrulamak için bir e-posta gönderip senin hesabınla bağlantısını sağlayacağız.{lineBreak}Ebeveynler: Bağlantıdan sonra ebeveyn denetimlerine ve çocuğunuzun ekran süresine, arkadaşlarına ve daha fazlasına erişebileceksiniz."
Feature.Parents.Description.EnterParentEmailWithoutParentalControl,"Bu adımı doldururken ebeveynlerinden yardım iste.{lineBreak}Ebeveynine yaşını doğrulamak için bir e-posta gönderip senin hesabınla bağlantısını sağlayacağız.{lineBreak}Ebeveynler, bağlantıdan sonra çocuğunuz adına belirli eylemleri onaylayabileceksiniz."
Feature.Parents.Description.ParentalEmailFooter,"Bu e-posta adresi, ebeveyn ayrıcalıklarına sahip Roblox hesabınızla ilişkilendirilecek. Veri uygulamalarımız hakkında daha fazla bilgi edinmek için lütfen {linkStart}Gizlilik Politikamıza{linkEnd} göz atın."
Feature.Parents.Label.Email,e-posta
Feature.Parents.Label.ParentEmail,Ebeveyn e-postası
Feature.Parents.Message.ConflictingPendingConsent,Zaten izin istedin. Yeni bir talepte bulunmak için önce Ayarlar üzerinden ilk talebini iptal et.
Feature.Parents.Message.EmailIneligible,Bu e-posta uygun değil. Roblox'ta ebeveyn izni istemek için farklı bir e-posta kullan.
Feature.Parents.Message.InvalidEmail,Geçersiz e-posta adresi
Feature.Parents.Message.RequestCreatedEmailNotSent,"Bir Roblox hesabı bağladıktan sonra ebeveynin, bu talebi ebeveyn denetimlerinde görecek."
Feature.Parents.Message.SomethingWentWrong,
Feature.Parents.Message.TooManyAttemptAskParent,Çok fazla girişimde bulunuldu. Zaten izin istediysen ebeveyninden e-postasını kontrol etmesini iste.
Feature.Parents.Message.TooManyAttempts,Çok fazla girişimde bulunuldu. Daha sonra tekrar deneyin.
Feature.Parents.Title.EnterParentEmailV2,Ebeveyn e-postası gir
Feature.Parents.Title.SomethingWentWrong,
Feature.PlayerSearchResults.Action.AddFriend,
Feature.PlayerSearchResults.Label.FromSearch,Aramadan
Feature.PlayerSearchResults.Label.Previously,Önceki Adı
Feature.PlayerSearchResults.Label.ThisIsYou,Bu sensin
Feature.PlayerSearchResults.Label.YouAreFollowing,Takip ediyorsun
Feature.Profile.Action.AboutThisProfile,Bu profil hakkında
Feature.Profile.Action.Accept,
Feature.Profile.Action.AcceptFriends,
Feature.Profile.Action.Add,
Feature.Profile.Action.AddNickname,Ad Ekle
Feature.Profile.Action.Chat,
Feature.Profile.Action.CopyProfileLink,Profil Bağlantısını Kopyala
Feature.Profile.Action.EditAppearance,Görünümü düzenle
Feature.Profile.Action.EditAvatar,Avatarı düzenle
Feature.Profile.Action.EditBackground,Arka planı düzenle
Feature.Profile.Action.EditEmotes,İfadeleri düzenle
Feature.Profile.Action.EditLook,
Feature.Profile.Action.JoinGame,
Feature.Profile.Action.Pending,
Feature.Profile.Action.Save,
Feature.Profile.Action.ShareProfile,Profili paylaş
Feature.Profile.Action.ShareProfileLink,Profil Bağlantısını Paylaş
Feature.Profile.Action.SkipAddNickname,
Feature.Profile.Action.SwitchAvatar,
Feature.Profile.Action.ToQRCode,QR kodunu paylaş
Feature.Profile.Action.UserBlocked,Kullanıcı Engellendi
Feature.Profile.Action.ViewFullProfile,Profilin tamamını görüntüle
Feature.Profile.Action.ViewProfile,Profili görüntüle
Feature.Profile.Description.AboutModalCaption,"Başkalarının seni daha iyi tanımasına izin ver. Güvenliğini koru, kişisel bilgilerini paylaşma."
Feature.Profile.Description.EnterNicknameTextbox,Takma adını gir
Feature.Profile.Description.InspectAndBuy,Görünümlerini görmek ve satın almak için tıkla.
Feature.Profile.Description.NicknamePrivacy,Bunu yalnızca {displayName} görecek.
Feature.Profile.Description.NicknamePrivacyNoDisplayName,Bunu sadece bu kullanıcı görecek.
Feature.Profile.Description.QrCodeDescription,Başkalarının Roblox'ta bağlantı kurmak için QR kodunu okutmasına izin ver. Canlı QR okutma yoluyla bağlanan ve yaş kontrolü tamamlanmış 13 yaş üstü kullanıcılar birbirlerinin Güvenilir Arkadaşı olacak.
Feature.Profile.Description.QrCodeDescription.FriendsRename,Başkalarının Roblox'ta bağlantı kurmak için QR kodunu okutmasına izin ver. Canlı QR okutma yoluyla bağlanan ve yaş kontrolü tamamlanmış 13 yaş ve üstü kullanıcılar birbirlerinin güvenilir arkadaşları olacak.
Feature.Profile.Description.QrCodeScanning,Başkalarının seni hızlı bir şekilde arkadaş olarak ekleyebilmeleri için QR Tarayıcı ile Roblox QR kodunu taramaları için arkadaşlarına izin ver!
Feature.Profile.Description.RecognizeConnectionsByCustomName,Özel bir ad ayarlayarak arkadaşlarını daha kolay tanı. Rehberinden içe aktarılan adları ve özel adları yalnızca sen görebilirsin.
Feature.Profile.Description.RecognizeFriendsByCustomName,
Feature.Profile.Description.SaySomething,
Feature.Profile.Description.ScanQR,Tanıdığın insanlara QR kodunu tarayarak seni ekleme imkânı ver.
Feature.Profile.Description.SelectNicknameDropdown,Bir ad seç
Feature.Profile.Description.SetCustomName,"<font weight=""medium"">{displayName}</font> için özel bir ad ayarla."
Feature.Profile.Description.SetCustomNameNoDisplayName,Özel bir ad ayarla.
Feature.Profile.Description.SetNicknamePrompt,{displayName} adlı kullanıcının seni tanıması için bir ad ekle.
Feature.Profile.Description.SetNicknamePromptNoDisplayName,Bu kullanıcının seni tanıması için bir ad ekle.
Feature.Profile.Description.SocialNetworksCaptionEveryone,Şu anda herkes tarafından görülebilir.
Feature.Profile.Description.SocialNetworksCaptionFollowers,"Şu anda arkadaşların, takip ettiğin kullanıcılar ve takipçilerin tarafından görülebilir."
Feature.Profile.Description.SocialNetworksCaptionFollowing,Şu anda arkadaşların ve takip ettiğin kullanıcılar tarafından görülebilir.
Feature.Profile.Description.SocialNetworksCaptionFriends,Şu anda arkadaşların tarafından görülebilir.
Feature.Profile.Description.SocialNetworksCaptionNoOne,Şu anda kimse tarafından görülemez.
Feature.Profile.Description.UsernameInsufficientFunds,Kullanıcı adını değiştirmek için {rbx}{icon} daha gerekli. Daha fazla Robux satın almak ister misin?
Feature.Profile.Description.UsernamePrice,1.000
Feature.Profile.Header.BuyWholeLook,Tüm görünümü satın al
Feature.Profile.Header.InspectAndBuy,{username} Adlı Kişinin Avatarı
Feature.Profile.Header.InspectAndBuy.BuySection,Toplam ({numberOfSelectedItems}/{totalNumberOfItems} öğe)
Feature.Profile.Header.InspectAndBuy.Tooltip,Avatar satın al
Feature.Profile.Header.Inventory,
Feature.Profile.Header.Store,
Feature.Profile.Heading.AgedUpDisplayName,
Feature.Profile.Heading.AgedUpDisplayNameUpdated,Ad Güncellendi.
Feature.Profile.Heading.DisplayName,Görünen Ad
Feature.Profile.Heading.DisplayNameUpdated,Görünen Ad Güncellendi
Feature.Profile.Heading.EditAgedUpDisplayName,Adı Düzenle
Feature.Profile.Heading.EditDisplayName,Görünen Adı Düzenle
Feature.Profile.Heading.InsufficientFunds,Yetersiz Kaynak
Feature.Profile.Heading.NicknameRequestSent,
Feature.Profile.Heading.ProfileFrame,Profil çerçevesi
Feature.Profile.Heading.ProfilePictureSaved,Profil resmi başarıyla kaydedildi
Feature.Profile.Heading.ProfileQRCode,
Feature.Profile.Heading.Statistics,
Feature.Profile.Heading.Username,
Feature.Profile.Heading.UsernameUpdated,Kullanıcı Adı Güncellendi
Feature.Profile.Label.AboutDetailsHeading,{name} hakkında
Feature.Profile.Label.AboutPlaceholder,Bir şeyler söyle...
Feature.Profile.Label.AddFriend,
Feature.Profile.Label.AgedUpDisplayNameCaption,"Bu, diğer kullanıcıların Roblox'ta seni göreceği öncelikli genel addır. Arkadaşlarının seni tanıyabileceği bir ad seç; mesela gerçek adın gibi."
Feature.Profile.Label.AgedUpDisplayNameConnectionsCaption,"Bu, herkese açık birincil adındır ve Roblox'ta diğer kullanıcılar seni bu adla görür. Arkadaşlarının seni tanımasını sağlayacak bir ad seç; örneğin gerçek adını kullanabilirsin."
Feature.Profile.Label.AgedUpDisplayNameFailed,"Ad kaydedilemedi. Başka bir ad dene.
"
Feature.Profile.Label.AgedUpDisplayNameFriendsCaption,"Bu, diğer kullanıcıların Roblox'ta seni göreceği öncelikli herkese açık addır. Arkadaşlarının seni tanıyabileceği bir ad seç; mesela gerçek adın gibi."
Feature.Profile.Label.AgedUpDisplayNameModalCaption,"Adın yalnızca 7 günde bir kez değiştirilebilir.
"
Feature.Profile.Label.AgedUpDisplayNameTooShort,Ad en az 3 karakterden oluşmalı.
Feature.Profile.Label.Cancel,
Feature.Profile.Label.CustomName,Özel Ad
Feature.Profile.Label.CustomNicknameDropdown,Özel Bir Ad Ayarla
Feature.Profile.Label.CustomizeName,Adı özelleştir
Feature.Profile.Label.CustomizeNamePlaceholder,
Feature.Profile.Label.DisplayNameCaption,"Bu, diğer kullanıcıların Roblox'ta seni göreceği öncelikli genel addır."
Feature.Profile.Label.DisplayNameFailed,Görünen ad kaydedilemiyor. Tekrar dene.
Feature.Profile.Label.DisplayNameModalCaption,Görünen adın yalnızca 7 günde bir kez değiştirilebilir.
Feature.Profile.Label.DisplayNameTooShort,Görünen ad en az 3 karakterden oluşmalı.
Feature.Profile.Label.EditBackground,
Feature.Profile.Label.NicknameErrorMessageInvalid,Ad geçerli değil.
Feature.Profile.Label.NicknameErrorMessageInvalidCharacters,"Ad, desteklenmeyen karakterler içeriyor."
Feature.Profile.Label.NicknameErrorMessageModerated,"Ad, Roblox için uygun değil."
Feature.Profile.Label.NicknameErrorMessageThrottled,Adını bugün zaten değiştirdin.
Feature.Profile.Label.NicknameErrorMessageTooLong,"Ad, en fazla 20 karakterden oluşmalı."
Feature.Profile.Label.NicknameErrorMessageTooShort,"Ad, en az 2 karakterden oluşmalı."
Feature.Profile.Label.NoBioYet,Henüz biyografi yok
Feature.Profile.Label.NoPreviousName,Önceki ad yok
Feature.Profile.Label.NoSocialLink,Henüz sosyal bağlantı yok
Feature.Profile.Label.PlayedTogetherInGameDescription,{experience_name} deneyiminde beraber oynadınız
Feature.Profile.Label.PlayingExperience,<b>{experienceName}</b> oynuyor
Feature.Profile.Label.QRCodeFriendRequest,QR kodun kullanılarak gönderildi
Feature.Profile.Label.RecentAgedUpDisplayName,"Adın çok yakın bir tarihte değiştirildi. Adın yalnızca 7 günde bir kez değiştirilebilir.
"
Feature.Profile.Label.RecentDisplayName,Görünen adın çok yakın bir tarihte değiştirildi. Görünen adın yalnızca 7 günde bir kez değiştirilebilir.
Feature.Profile.Label.TimeToChangeNickname,Adını {hours} saat sonra değiştirebilirsin.
Feature.Profile.Label.UnableToJoin,Katılamıyor
Feature.Profile.Label.UserIsPlayingExperience,"<b>{userName}</b>, <b>{experienceName}</b> oynuyor"
Feature.Profile.Label.UsernameDescription,"Bu kullanıcı adı, Roblox'taki benzersiz adındır. {price}{icon} karşılığında kullanıcı adını değiştirebilirsin."
Feature.Profile.Label.ViewDetails,
Feature.Profile.Message.BlockError,Kullanıcı engellenemiyor. Çok fazla kişiyi engellemiş olabilirsin.
Feature.Profile.Message.FriendAdded,
Feature.Profile.Message.InvalidAliasError,Ad kaydedilemedi. Başka bir ad dene.
Feature.Profile.Message.NoExperienceAccess,"{name}, erişiminin olmadığı bir deneyimde."
Feature.Profile.Message.QRLoadFailed,Yüklenemedi.
Feature.Profile.Message.QRNofificationRequest,QR kodunu kullanarak sana bir arkadaşlık isteği gönderdi
Feature.Profile.Message.QRNotificationRequest,QR kodunu kullanarak sana bir arkadaşlık talebi gönderdi
Feature.Profile.Message.QRNotificationRequest.FriendsRename,
Feature.Profile.Title.QrScanner,QR Tarayıcı
Feature.Profile.Tooltip.CurrencyTransfer.Body,Artık Robux gönderebilirsin.
Feature.Profile.Tooltip.CustomNameProfile,Özel bir ad ayarlayarak arkadaşlarını daha kolay tanı.
Feature.Profile.Tooltip.DisplayName,Arkadaşlarının seni tanıyabilmesine yardımcı olmak için adını güncelle.
Feature.Profile.Tooltip.QrScanner,Arkadaşını Roblox'ta hızlı bir şekilde eklemek için onun QR kodunu tara.
Feature.ProfileBadges.VerifiedBadgeInfo,"Bu rozet, sahibinin dikkate değer ve özgün bir yaratıcı, marka veya tanınmış bir kişi olduğunu doğrular."
Feature.ProfileBadges.VerifiedBadgeInfoLink,
Feature.ProfileBadges.VerifiedBadgeInfoTitle,Doğrulanmış Rozet
Feature.ProfileBadges.action.close,
Feature.QualtricsSurveyPrompt.Action.Close,"Hayır, Teşekkürler"
Feature.QualtricsSurveyPrompt.Action.Continue,
Feature.QualtricsSurveyPrompt.Action.Done,
Feature.QualtricsSurveyPrompt.Action.Next,
Feature.QualtricsSurveyPrompt.Action.Retry,
Feature.QualtricsSurveyPrompt.Action.Send,
Feature.QualtricsSurveyPrompt.Description.Error,
Feature.QualtricsSurveyPrompt.Description.TakeAQuickSurvey,Roblox'un gelişmesine yardımcı olmak için kısa bir ankete katıl.
Feature.QualtricsSurveyPrompt.Heading.GiveUsFeedback,Bize geri dönüş bildir
Feature.QualtricsSurveyPrompt.Response.SurveySubmitted,
Feature.ReportAbuse.Action.AttachScreenshot,Ekran Görüntüsü Ekle
Feature.ReportAbuse.Action.BackToExperience,Deneyime Dön
Feature.ReportAbuse.Action.BuildAReport,Metin modu
Feature.ReportAbuse.Action.Close,
Feature.ReportAbuse.Action.Continue,
Feature.ReportAbuse.Action.ContinueReport,Bildirmeye devam et
Feature.ReportAbuse.Action.EnterChatLineReporting,Kötüye kullanım bildir
Feature.ReportAbuse.Action.EnterSceneReporting,Vurgula moduna geç
Feature.ReportAbuse.Action.ErrorModalGoBack,
Feature.ReportAbuse.Action.HighlightScene,Ekran Görüntüsünü Vurgula
Feature.ReportAbuse.Action.Next,
Feature.ReportAbuse.Action.Retake,Yeniden Çek
Feature.ReportAbuse.Action.RetakeScene,Sahneyi Yeniden Çek
Feature.ReportAbuse.Action.ReturnToExperience,Deneyime dön
Feature.ReportAbuse.Action.SelectInScene,Vurgula modu
Feature.ReportAbuse.Action.Submit,
Feature.ReportAbuse.Action.TextMute,Sohbetlerden engelle: {name}
Feature.ReportAbuse.DSAIllegal.ReportLink,AB Dijital Hizmetler Yasası uyarınca yasa dışı içeriği bildir.
Feature.ReportAbuse.DSAIllegal.ReportPageTitle,Yasa Dışı İçeriği Bildir
Feature.ReportAbuse.Description.IpInfringementReportModal,"<b>Bu kodu kaydet.</b> Buna, <b>Yaratıcı Merkezi</b>'ndeki <b>Fikrî Mülkiyet</b> araçlarını kullanarak veya e-posta yoluyla <b>Kaldırma İsteğini</b> tamamlamak için ihtiyacın olacak <i>(Kullanım Koşulları'ndaki ayrıntılara bak)</i>. <b>Bu kod yalnızca 48 saat geçerli olacak.</b>"
Feature.ReportAbuse.Heading.ReportAbuse,
Feature.ReportAbuse.Heading.ReportUsingSelectInScene,Vurgula modunu kullanarak raporla
Feature.ReportAbuse.Heading.SelectInSceneErrorTitle,Hata: Maksimum 5 daire
Feature.ReportAbuse.Label.Avatar,Avatar
Feature.ReportAbuse.Label.CantSelectSubtitle,"Deneyimin tamamını raporlamak için ""Sonraki"" seçeneğini kullanabilirsin."
Feature.ReportAbuse.Label.CantSelectTitle,Seçim/vurgulama yapamıyor musun?
Feature.ReportAbuse.Label.CategoryBullyingV2,"Zorbalık, Taciz, Ayrımcılık"
Feature.ReportAbuse.Label.CategoryContent,"Uygunsuz İçerik - Dünya, Görüntü, Model"
Feature.ReportAbuse.Label.CategoryDating,
Feature.ReportAbuse.Label.CategoryInappropriate,Uygunsuz Dil - Küfür ve Yetişkin İçeriği
Feature.ReportAbuse.Label.CategoryOther,Diğer kural ihlali
Feature.ReportAbuse.Label.CategoryPrivateInfo,Kişisel Bilgi Talep Etme veya Verme
Feature.ReportAbuse.Label.CategoryScamming,"İstismar, Hile, Dolandırıcılık"
Feature.ReportAbuse.Label.CategoryTheft,"Hesap Hırsızlığı - Kimlik Hırsızlığı, Hacking, Takas"
Feature.ReportAbuse.Label.CategoryThreats,Gerçek Hayat Tehditleri ve İntihar Tehditleri
Feature.ReportAbuse.Label.ChooseOne,Birini seç
Feature.ReportAbuse.Label.Content,Uygunsuz İçerik
Feature.ReportAbuse.Label.Experience,
Feature.ReportAbuse.Label.FinishChatReport,Sohbet raporunu tamamla
Feature.ReportAbuse.Label.GenericReportIllegalContentMessage,
Feature.ReportAbuse.Label.HighlightProblem,Problemi dairelerle vurgula
Feature.ReportAbuse.Label.HighlightProblemPrecise,Sorunu vurgula
Feature.ReportAbuse.Label.Optional,İsteğe bağlı
Feature.ReportAbuse.Label.Person,Kişi
Feature.ReportAbuse.Label.PleaseSelectOne,Lütfen birini seç.
Feature.ReportAbuse.Label.Report,
Feature.ReportAbuse.Label.ReportSubmitted,Bildirim gönderildi
Feature.ReportAbuse.Label.ReportType,Deneyim mi Kişi mi?
Feature.ReportAbuse.Label.SelectChatLine,Bildirmek için bir sohbet seç
Feature.ReportAbuse.Label.SelectInSceneComplete,"Bildirimini, Roblox'u herkes için eğlenceli ve güvenli bir yer hâline getirmek için kullanacağız."
Feature.ReportAbuse.Label.SelectInSceneDescription1,Sorunu vurgulamak için 5'e kadar daire kullan.
Feature.ReportAbuse.Label.SelectInSceneDescription2,Bunun neden bir sorun oluşturduğunu bize anlat
Feature.ReportAbuse.Label.SelectInSceneDescription3,Bildirimini gönder
Feature.ReportAbuse.Label.SelectInSceneDescriptionPrecise1,"Sorunu vurgulamak için dokun, sürükle veya tıkla"
Feature.ReportAbuse.Label.SelectInSceneErrorDescription,"Sorunu vurgulamak için en fazla 5 daire kullanabilirsin. Daireleri kaldırmak için ""geri al"" düğmesini kullan."
Feature.ReportAbuse.Label.SelectPerson,Ekran Görüntüsündeki Kişiyi Seç
Feature.ReportAbuse.Label.SelectProblem,Ekran Görüntüsündeki Sorunu Seç
Feature.ReportAbuse.Label.SentInAnotherChat,Başka bir sohbette gönderildi
Feature.ReportAbuse.Label.SentPrivately,Özel olarak gönderildi
Feature.ReportAbuse.Label.TakeItDownCopy,47 Amerika Birleşik Devletleri Kanunu Madde 223(a)'da tanımlanan şekilde rızaya dayalı olmayan mahrem görüntüleri raporla.
Feature.ReportAbuse.Label.TellUsWhatHappened,Neler olduğunu bize anlat. (İsteğe Bağlı)
Feature.ReportAbuse.Label.TellUsWhatHappenedNoOptional,Neler olduğunu anlat:
Feature.ReportAbuse.Label.TextChat,
Feature.ReportAbuse.Label.UserTextMuted,{name} adlı kişiyi sohbetlerden engelledik
Feature.ReportAbuse.Label.UserTextMutedError,{name} adlı kişiyi sohbetlerden engelleyemedik
Feature.ReportAbuse.Label.WhatWasWrong,Sorun nedir?
Feature.ReportAbuse.Label.WhereDidItHappen,Olay nerede gerçekleşti?
Feature.ReportAbuse.Label.YourReportCode,Benzersiz raporlama kodun:
Feature.ReportAbuse.Message.ChatLineReportingInfoText,"Bildirimin, seçtiğin mesaj da dâhil olmak üzere bu kanaldaki tüm mesajları dâhil edecek."
Feature.ReportAbuse.Message.ErrorSubmit,Bildirin gönderilirken bir sorun oluştu.
Feature.ReportAbuse.Message.OSACopy1,Yaptığın bildirimi inceleyerek gerekli işlemi yapacağız. Bildirdiğin hiçbir kullanıcıyla bilgilerini paylaşmayacağız.
Feature.ReportAbuse.Message.OSACopy2,Bildirdiğin kullanıcı veya içerik otomatik olarak engellenmez. Bir kullanıcıyla etkileşimini sınırlamak istersen kendin onu engelleyebilirsin.
Feature.ReportAbuse.Message.OSACopy3,Birleşik Krallık Çevrim İçi Güvenlik Yasası uyarınca yasa dışı içeriği de bildirebilirsin.
Feature.ReportAbuse.Message.OSACopy4,Yasa dışı ve/veya çocuklara zararlı içeriği raporla.
Feature.ReportAbuse.Message.OSACopyReadOnly,Yasa dışı ve/veya çocuklara zararlı içeriği bildirmek için şu adresi ziyaret et: https://www.roblox.com/illegal-content-reporting
Feature.ReportAbuse.Message.ProblemNotInScene,"Sorun bu görüntüde mevcut değilse ekran görüntüsünü ""Yeniden Çekebilirsin""."
Feature.ReportAbuse.Message.ReportInformationCopy,"Raporunu inceleyip gerekli işlemi yapacağız. Raporladığın hiçbir kullanıcıyla bilgilerini paylaşmayız. Bir kullanıcıyı veya içeriği raporlamak, bu kullanıcıyı veya içeriği otomatik olarak engellemez."
Feature.ReportAbuse.Message.RetakeScene,"Etrafında olup biteni anlamamıza yardımcı ol. ""Bildir"" düğmesine tıkladığın anda ekran görüntüsü alacağız."
Feature.ReportAbuse.Message.Success,Bildirin gönderildi.
Feature.ReportAbuse.Message.ThankYouReport,"Teşekkürler. Bildirimini, Roblox'u herkes için eğlenceli ve güvenli bir yer hâline getirmek için kullanacağız."
Feature.ReportAbuse.Message.UserTextMuted,Bu deneyimde bu oyuncudan metin mesajı almayacaksın.
Feature.ReportAbuse.Message.UserTextMutedErrorDoesNotExist,{name} adlı kullanıcıyı bulamadık. Deneyimden ayrılmış olabilir.
Feature.ReportAbuse.Message.UserTextMutedErrorSelf,Kendini sohbetlerden engelleyemezsin.
Feature.ReportAbuse.Message.UserTextMutedSystem,"""{name}"" adlı kullanıcı sessize alındı. İşlemi geri almak için ""/unmute {name}"" komutunu kullan."
Feature.ReportAbuse.Problem.Bullying,
Feature.ReportAbuse.Problem.Cheating,Hile
Feature.ReportAbuse.Problem.Dating,Flört etme/Seks
Feature.ReportAbuse.Problem.Hate,Nefret söylemi
Feature.ReportAbuse.Problem.IpInfringement,
Feature.ReportAbuse.Problem.Links,Site dışı bağlantılar
Feature.ReportAbuse.Problem.Personal,Kişisel bilgiler
Feature.ReportAbuse.Problem.Scamming,
Feature.ReportAbuse.Problem.Spamming,
Feature.ReportAbuse.Problem.Swearing,
Feature.ReportAbuse.Problem.Violence,Şiddet
Feature.ReportAbuse.ProblemDescription.Bullying,"Zorbalık, taciz veya tehdit"
Feature.ReportAbuse.ProblemDescription.Cheating,Kuralların ihlali veya hile ya da kod kullanarak oyunun istismarı
Feature.ReportAbuse.ProblemDescription.Dating,"Flört, romantizm veya seks"
Feature.ReportAbuse.ProblemDescription.Hate,"Nefret, hakaret veya ayrımcılık"
Feature.ReportAbuse.ProblemDescription.IpInfringement,İçeriğimin izinsiz kullanımı
Feature.ReportAbuse.ProblemDescription.Links,Roblox dışında bir uygulamaya veya web sitesine bağlantı
Feature.ReportAbuse.ProblemDescription.Personal,Kişisel bilgi talep etme veya verme
Feature.ReportAbuse.ProblemDescription.Scamming,"Dolandırıcılık, sahtekârlık veya düzmece ticaret"
Feature.ReportAbuse.ProblemDescription.Spamming,Spam veya tekrarlı mesaj göndermek
Feature.ReportAbuse.ProblemDescription.Swearing,"Hakaret, kaba dil, küfür"
Feature.ReportAbuse.ProblemDescription.Violence,Aşırı şiddet veya vahşet
Feature.ReportAbuse.ProblemSurface.Avatar,Avatar kıyafeti veya aksesuarı
Feature.ReportAbuse.ProblemSurface.DrawingOrCreation,Çizim veya yaratım
Feature.ReportAbuse.ProblemSurface.Experience,Oyun veya deneyim
Feature.ReportAbuse.ProblemSurface.ItemOrAsset,Öğe veya varlık
Feature.ReportAbuse.ProblemSurface.Movement,Oyuncu hareketi veya ifadesi
Feature.ReportAbuse.ProblemSurface.MusicOrSoundEffect,Müzik veya ses efekti
Feature.ReportAbuse.ProblemSurface.TextChat,Metin
Feature.ReportAbuse.ProblemSurface.Username,
Feature.ReportAbuse.Title.SelectInSceneContinueYourReport,Raporlamana devam et
Feature.ReportAbuse.Title.SelectInSceneFinishYourReport,Bildirimini tamamla
Feature.ReportAbuse.Title.SelectInSceneIpReport,FM İhlali raporlamanı başlattığın için teşekkür ederiz
Feature.ReportAbuse.Title.SelectInSceneThankYou,Bildirimin için teşekkürler
Feature.RobloxSubscription.Action.Subscribe,Abone Ol
Feature.RobloxSubscription.Action.TryItForFree,Ücretsiz dene
Feature.RobloxSubscription.Body.AlreadySubscribed,Plus aboneliğin zaten oyun içi avantajlar sağlıyor.
Feature.RobloxSubscription.Body.GenericError,İşlemi şu anda tamamlayamadık. Lütfen tekrar dene.
Feature.RobloxSubscription.Body.UnsupportedPlatform,Bu abonelik bu cihazda satın alınamaz.
Feature.RobloxSubscription.Description.AgeCheckTrial,Yaş kontrolüyle yaşını doğrula ve bizden sana bir teşekkür hediyesi olarak 1 haftalık ücretsiz Roblox Plus kullanım hakkı kazan. Bu ücretsiz denemeden yararlanmak için herhangi bir ödeme şekli gerekmez.
Feature.RobloxSubscription.Description.Benefit.Customize,Profil çerçeveleri ve uygulama temaları ile özelleştir
Feature.RobloxSubscription.Description.Benefit.DiscountV2,"İlk 60 gün %10 indirim, ardından öğeler ve avatarlarda %20 indirim"
Feature.RobloxSubscription.Description.ExclusiveBenefits,Daha az Robux karşılığında daha fazla eğlence. Roblox Plus'a abone ol.
Feature.RobloxSubscription.Disclosure.BlackbirdTermsAgreement,"\u{201C}{ctaText}\u{201D} düğmesine tıklayarak <a href=""{termsUrl}"">Roblox Abonelik Koşulları</a>'nı kabul etmiş olursun. Sen iptal edene kadar her ay otomatik tahsilat yapılır."
Feature.RobloxSubscription.Label.BlackbirdPSDiscount,Ücretsiz özel sunucular
Feature.RobloxSubscription.Label.BlackbirdPriceTag,{price}/{periodType}
Feature.RobloxSubscription.Label.BlackbirdTr,Ücretsiz Robux gönder
Feature.RobloxSubscription.Label.BlackbirdUpsellBanner,Roblox Plus ile yüzde {discountPercentage} indirimden yararlan
Feature.RobloxSubscription.Label.BlackbirdVTDiscountFirst,"Oyun içi öğeler, avatarlar ve daha fazlasında yüzde {discountPercent} indirim"
Feature.RobloxSubscription.Label.BlackbirdVTDiscountSecond,{periodIndex} {periodType} sonrasında bu öğelerde yüzde {discountPercent} indirim
Feature.RobloxSubscription.Label.FreeTrialDisclosureShort,"""Devam Et"" düğmesine tıklayarak {linkStart}Roblox Abonelik Koşulları{linkEnd}'nı kabul etmiş olursun."
Feature.RobloxSubscription.Label.FreeTrialDisclosureV2,"""Ücretsiz dene"" düğmesine tıklayarak {linkStart}Roblox Abonelik Koşulları{linkEnd}'nı kabul etmiş olursun. Ücretsiz deneme süren 1 ay içinde sona erer ve ondan sonra her ay senden otomatik olarak ücret alınır. Dilediğin zaman iptal edebilirsin."
Feature.RobloxSubscription.Label.FreeTrialText,Ücretsiz deneme al
Feature.RobloxSubscription.Label.RobloxPlusPriceRowV2,"{boldStart}1 ay ücretsiz,{boldEnd} sonrasında {price}/{periodType}"
Feature.RobloxSubscription.Label.month,ay
Feature.RobloxSubscription.Label.months,
Feature.RobloxSubscription.Title.AgeCheckTrial,1 haftalık ücretsiz Plus kullanım hakkı kazan
Feature.RobloxSubscription.Title.AlreadySubscribed,İyi haberlerimiz var
Feature.RobloxSubscription.Title.GenericError,
Feature.RobloxSubscription.Title.GetBlackbird,Roblox Plus'a geç
Feature.RobloxSubscription.Title.UnsupportedPlatform,Roblox Plus burada kullanılamıyor
Feature.SafetyDashboard.Heading.AccountStatus.V2,"Hesap durumu, ihlaller ve itirazlar"
Feature.Schools.Label.Classmates,Sınıf arkadaşları
Feature.Screentime.Content.ScreentimeLimitDialog,Günlük ekran süresi sınırına ulaştın. Roblox'a erişebilmek için yarın tekrar gel.
Feature.SecurityFeedback.Header.NewLogin,Yeni Etkinlik Uyarısı
Feature.Settings.Label.Error,
Feature.SettingsHub.Action.AllowInSettings,Ayarlardan izin ver
Feature.SettingsHub.Action.Block,
Feature.SettingsHub.Action.Cancel,
Feature.SettingsHub.Action.CancelSearch,
Feature.SettingsHub.Action.CaptureScene,Sahneyi Yakala
Feature.SettingsHub.Action.ConnectVoiceChat,Sesli Sohbete Bağlan
Feature.SettingsHub.Action.InviteFriend,
Feature.SettingsHub.Action.InviteFriendsBack,
Feature.SettingsHub.Action.MuteAll,Tümünü Sessize Al
Feature.SettingsHub.Action.NotNow,
Feature.SettingsHub.Action.Ok,
Feature.SettingsHub.Action.OpenSettings,Ayarları Aç
Feature.SettingsHub.Action.Report.Done,
Feature.SettingsHub.Action.TurnOn,
Feature.SettingsHub.Action.Unblock,Engeli Kaldır
Feature.SettingsHub.Action.UnmuteAll,Tümünün Sesini Aç
Feature.SettingsHub.Chat.ChatLanguageSelectionLabel,Sohbet Çeviri Dili
Feature.SettingsHub.Chat.TranslationSetting,Otomatik Sohbet Çevirisi
Feature.SettingsHub.Chat.TranslationToggleSetting,Çevrilmemiş Mesajı Görüntüleme Seçeneği
Feature.SettingsHub.Default.DynamicThumbstick,Varsayılan (Dinamik Kontrol Çubuğu)
Feature.SettingsHub.Description.CameraPermissionRequestQRCode,QR kodunu tarayabilmen için kamerana erişmemiz gerekiyor.
Feature.SettingsHub.Description.ChatWithVoiceDisabledUntil,"Sesli sohbete erişimin, Topluluk Standartlarımızı ihlal edebilecek davranışlar nedeniyle {dateTime} tarihine kadar devre dışı bırakıldı."
Feature.SettingsHub.Description.ContactsPermissionAndroid,"1. İzinler seçeneğini seç
2. Rehberi seç
3. Rehberine erişebilmesi için Roblox'a izin ver"
Feature.SettingsHub.Description.ContactsPermissionAndroidDeeplinkNotSupported,"1. Ayarlar > İzinler menüsüne git.
2. Kişiler'i seç.
3. Kişilerine erişebilmesi için Roblox'a izin ver."
Feature.SettingsHub.Description.ContactsPermissionIOS,Arkadaşlarla iletişim kurabilmek için Roblox'un kameraya erişmesine izin ver.
Feature.SettingsHub.Description.ContactsPermissionRequest,Arkadaşlarınla bağlantı kurabilmen için kişiler listene erişmemiz gerekiyor.
Feature.SettingsHub.Description.PeoplesNames,Rozetlerini oyunlardaki diğer insanlar için gizle veya göster.
Feature.SettingsHub.Description.QRCodeCameraPermissionAndroid,"1. İzinler seçeneğini seç
2. Kamerayı seç
3. Kamerana erişebilmesi için Roblox'a izin ver"
Feature.SettingsHub.Description.QRCodeCameraPermissionAndroidDeeplinkNotSupported,"1. Ayarlar > İzinler menüsüne git
2. Kamerayı seç
3. Kamerana erişebilmesi için Roblox'a izin ver"
Feature.SettingsHub.Description.QRCodeCameraPermissionIOS,QR kodunu taramak için lütfen Roblox'a kamera erişim izni ver.
Feature.SettingsHub.Description.SelectAvatarToCheckoutItems,Diğer oyuncuların öğelerine göz atmak için bir avatar seç.
Feature.SettingsHub.Description.SelectUsernameToViewProfile,Bir ad seçerek profilleri görüntüle.
Feature.SettingsHub.GameSettings.DisplayBadges,Rozetlerimi göster
Feature.SettingsHub.GameSettings.FramerateCapDefaultEntry,Varsayılan ({Frames} FPS)
Feature.SettingsHub.GameSettings.FramerateEntry,{Frames} FPS
Feature.SettingsHub.GameSettings.GuiVisibility.Freecam,Serbest Kamera
Feature.SettingsHub.GameSettings.GuiVisibility.ShowGuiType,"Grafik Kullanıcı Arayüzünü Göster: ""{GuiType}"""
Feature.SettingsHub.GameSettings.InputDevice,Giriş Cihazı
Feature.SettingsHub.GameSettings.MaximumFramerate,Maksimum Kare Hızı
Feature.SettingsHub.GameSettings.MaximumFramerate.Description,Daha akıcı bir oyun deneyimi için kare hızını ayarla. Daha yüksek kare hızları daha fazla güç tüketir ve ekranının yenileme hızını aşan kareler gösterilmez.
Feature.SettingsHub.GameSettings.MicroProfiler,MicroProfiler
Feature.SettingsHub.GameSettings.MyBadges,Rozetlerim
Feature.SettingsHub.GameSettings.OutputDevice,Çıkış Cihazı
Feature.SettingsHub.GameSettings.PeopleNames,Kişilerin Adlarını Göster
Feature.SettingsHub.GameSettings.PeopleNames.Description,Oyunlarda insanların üzerlerinde adlarını göster veya gizle. Bazı oyunlarda tercihini geçersiz kılan özel ayarlar olabilir.
Feature.SettingsHub.GameSettings.PeoplesNames,İnsanların Adları
Feature.SettingsHub.Heading.InviteFriends,
Feature.SettingsHub.Heading.InviteUser,{DisplayName} davet edilsin mi?
Feature.SettingsHub.Heading.Report.ThanksForReport,Bildirimde bulunduğun için teşekkürler!
Feature.SettingsHub.Label.AttachScreenshot,Ekran Görüntüsü Eklensin mi? (isteğe bağlı)
Feature.SettingsHub.Label.Captures,
Feature.SettingsHub.Label.ChooseOne,Birini Seç
Feature.SettingsHub.Label.Connect,Bağlan
Feature.SettingsHub.Label.Connected,Bağlanıldı
Feature.SettingsHub.Label.ConnectionsListLoadErrorMessage,Bağlantılar yüklenemiyor. Daha sonra tekrar dene.
Feature.SettingsHub.Label.DefaultInviteMessage,{DisplayName} adlı kullanıcıyı sana katılması için davet etmek ister misin?
Feature.SettingsHub.Label.Disconnect,Bağlantıyı Kes
Feature.SettingsHub.Label.Disconnected,Bağlantı kesildi
Feature.SettingsHub.Label.DontLeaveButton,
Feature.SettingsHub.Label.FriendsListLoadErrorMessage,Arkadaşlar yüklenemiyor. Daha sonra tekrar dene.
Feature.SettingsHub.Label.GameInviteError,Deneyim daveti gönderilemedi. Lütfen daha sonra tekrar dene.
Feature.SettingsHub.Label.Hide,
Feature.SettingsHub.Label.InviteSearchNoResults,
Feature.SettingsHub.Label.Invited,Davet Edildi
Feature.SettingsHub.Label.LeaveButton,
Feature.SettingsHub.Label.LoadingFriendsListFailed,"Bir hata oluştu, lütfen daha sonra tekrar dene."
Feature.SettingsHub.Label.MethodOfAbuse,Kötüye Kullanım Türü Nedir?
Feature.SettingsHub.Label.Moderated,Denetlendi
Feature.SettingsHub.Label.ModeratedInviteError,Deneyim daveti denetlendi ve gönderilmedi.
Feature.SettingsHub.Label.Mute,
Feature.SettingsHub.Label.NoConnectionsPageMessage,Birlikte keşfedebilmek için Bağlantılar ekle.
Feature.SettingsHub.Label.NoConnectionsScreen,Sana katılmaları için davet edebilmek üzere Bağlantılar edin!
Feature.SettingsHub.Label.NoFriendsPageMessage,Beraber keşfedebilmek için arkadaşlarını ekle.
Feature.SettingsHub.Label.NoFriendsScreen,Sana katılmaları için davet edebilmek adına arkadaşlar edin!
Feature.SettingsHub.Label.QuitButton,
Feature.SettingsHub.Label.ReasonForAbuse,Kötüye Kullanımın Nedeni Nedir?
Feature.SettingsHub.Label.Report.BlockDisplayName,{DISPLAY_NAME} (@{RBX_NAME}) adlı kullanıcıyı engelle
Feature.SettingsHub.Label.Report.OtherActionsHeader,Atabileceğin Diğer Adımlar
Feature.SettingsHub.Label.Report.ReceivedReportBody,"Yaptığın bildirim bize ulaştı ve gerekirse harekete geçeceğiz. Geri bildirimin, topluluğumuzun güvende kalmasına yardımcı oluyor."
Feature.SettingsHub.Label.ReportComment,
Feature.SettingsHub.Label.SceneCaptured,Yakalanan Sahne
Feature.SettingsHub.Label.SearchForFriendsPlaceholder,Etkileşim ağında kişi ara
Feature.SettingsHub.Label.SearchForFriendsPlaceholder.FriendsRename,
Feature.SettingsHub.Label.Sending,Gönderiliyor
Feature.SettingsHub.Label.Show,
Feature.SettingsHub.Label.Unmute,
Feature.SettingsHub.Label.VoiceChat,Sesli sohbet
Feature.SettingsHub.Label.WhichPlayer,Kim?
Feature.SettingsHub.LanguageSelection.SettingLabel,Deneyim Dili
Feature.SettingsHub.LanguageSelection.Unavailable,
Feature.SettingsHub.Message.InviteToGameTitle,{PLACENAME} dünyasında bana katıl
Feature.SettingsHub.MethodOfAbuse.AvatarSubtitle,"Bu kişinin avatarı, uygunsuz kıyafetler giyiyor"
Feature.SettingsHub.MethodOfAbuse.Other.Subtitle,
Feature.SettingsHub.MethodOfAbuse.Other.Title,
Feature.SettingsHub.MethodOfAbuse.Text.Subtitle,Bu kişi metin sohbetinde kötü bir kelime yazdı
Feature.SettingsHub.MethodOfAbuse.VoiceChat.Subtitle,Bu kişi var gücüyle çığlık atıyordu
Feature.SettingsHub.MethodOfAbuse.VoiceChat.Title,
Feature.SettingsHub.PageTitle.InThisServer,Bu sunucuda
Feature.SettingsHub.Prompt.AllowAccessToCamera,Kameraya erişim izni verilsin mi?
Feature.SettingsHub.Prompt.AllowAccessToContacts,Kişilere erişim izni verilsin mi?
Feature.SettingsHub.Prompt.AndroidWithDeeplink,<b>1. İzni seç<br />2. Mikrofonu seç<br />Roblox'un Mikrofonuna erişmesine izin ver</b>
Feature.SettingsHub.Prompt.AndroidWithoutDeeplink,<b>1. Ayarlar > Gizlilik > İzinler bölümüne git<br />2. Mikrofonu seç<br />Roblox'un Mikrofonuna erişmesine izin ver</b>
Feature.SettingsHub.Prompt.BuyWhatTheyreWearing,Giydiklerini satın al
Feature.SettingsHub.Prompt.CameraUnavailable,Kamera Kullanılamıyor
Feature.SettingsHub.Prompt.ChangeYourMind,Fikrini değiştirirsen
Feature.SettingsHub.Prompt.Connecting,Ses Hâlâ Bağlanıyor
Feature.SettingsHub.Prompt.GetVoiceChat,
Feature.SettingsHub.Prompt.GotIt,
Feature.SettingsHub.Prompt.IncorrectNudge,Bir hata mı yaptık?<br /><u>Bizi bilgilendir.</u>
Feature.SettingsHub.Prompt.IncorrectNudgeV2,Yanlış mı anladık?<br /><u>Bir hata raporla</u>
Feature.SettingsHub.Prompt.JoinedVoiceChat,Sesli Sohbete Katıldın
Feature.SettingsHub.Prompt.JoinedVoiceChatV2,
Feature.SettingsHub.Prompt.JoinedVoiceChatV3,Sesli Sohbete bağlandın
Feature.SettingsHub.Prompt.LeaveVoiceChat,Sesli sohbet bağlantısı kesildi
Feature.SettingsHub.Prompt.LeaveVoiceChatV2,Sesli Sohbet bağlantın kesildi
Feature.SettingsHub.Prompt.MicAndCameraUseSuspended,Mikrofon ve Kamera Kullanımı Askıya Alındı
Feature.SettingsHub.Prompt.MicUseSuspended,Mikrofon kullanımı askıya alındı
Feature.SettingsHub.Prompt.MicrophonePermission,
Feature.SettingsHub.Prompt.NeedCameraAccess,Kamera Erişimi Gerekli
Feature.SettingsHub.Prompt.NeedContactsAccess,Rehber Erişimi Gerekli
Feature.SettingsHub.Prompt.NeedMicrophoneAccess,Mikrofon Erişimi Gerekli
Feature.SettingsHub.Prompt.NotAudible,Sesli Sohbet Duyulmuyor
Feature.SettingsHub.Prompt.Place,Maksimum Oyuncu Sayısını Aştı
Feature.SettingsHub.Prompt.RememberRules,Politikalarımızı unutma
Feature.SettingsHub.Prompt.RememberRulesVoiceChat,Sesli sohbete erişimini askıya alabiliriz
Feature.SettingsHub.Prompt.RestartOnMicAccessChange,Mikrofon erişim değişikliklerinin uygulanabilmesi için uygulamayı yeniden başlatman gerekiyor.
Feature.SettingsHub.Prompt.Subtitle.AllowMicrophoneAccess,Başkalarıyla sesli sohbet edebilmek için Roblox'un mikrofona erişmesine izin ver.
Feature.SettingsHub.Prompt.Subtitle.CameraUnavailable,Bu cihazdaki deneyim performansını geliştirmek adına kamerayı devre dışı bıraktık. Başka bir cihazla deneyebilirsin. Daha fazla bilgi edinmek için dokun.
Feature.SettingsHub.Prompt.Subtitle.Connecting,Ses hâlâ bağlanmaya devam ediyor. Bu biraz sürebilir.
Feature.SettingsHub.Prompt.Subtitle.DisconnectOrMute,İstediğin zaman Sesle olan bağlantıyı kesebilir veya herhangi birini susturabilirsin.
Feature.SettingsHub.Prompt.Subtitle.DisconnectOrMuteHere,İstediğin zaman sesle olan bağlantıyı kesebilir veya herhangi birini buradan susturabilirsin
Feature.SettingsHub.Prompt.Subtitle.EffectiveUntil,Geçerlilik süresi:
Feature.SettingsHub.Prompt.Subtitle.FutureViolations,"Gelecekteki ihlaller, hesabınla ilgili ilave işlemler yapılmasıyla sonuçlanabilir."
Feature.SettingsHub.Prompt.Subtitle.GoToAccountInfo,Ayarlar > Hesap bilgileri bölümüne git.
Feature.SettingsHub.Prompt.Subtitle.InExpVoiceUpsell1,"Başkalarıyla konuşarak daha fazla eğlen. Konuşmak için Roblox'a mikrofonuna erişim izni ver. Kontrol sende, kendini veya bir başkasını istediğin zaman susturabilirsin."
Feature.SettingsHub.Prompt.Subtitle.InExpVoiceUpsell2,"Başkalarıyla konuşarak daha fazla eğlen. Kontrol sende, kendini veya bir başkasını istediğin zaman susturabilirsin."
Feature.SettingsHub.Prompt.Subtitle.JoinVoiceLater,Daha sonra istediğin her zaman Roblox Menüsünden Sesli Sohbete katılabilirsin.
Feature.SettingsHub.Prompt.Subtitle.MicAndCamera,"Sistemlerimiz, Topluluk Standartlarımızı ihlal edebilecek davranışlar tespit etti. Önlem olarak sesli sohbet etme ve avatarın olarak sohbet etme erişimini geçici olarak devre dışı bıraktık."
Feature.SettingsHub.Prompt.Subtitle.Microphone,"Sistemlerimiz, Topluluk Standartlarımızı ihlal edebilecek davranışlar tespit etti. Önlem olarak sesli sohbet etme erişimini geçici olarak devre dışı bıraktık."
Feature.SettingsHub.Prompt.Subtitle.MicrophonePermission,Sesli sohbet etmek için Roblox'un mikrofonu kullanmasına izin vermek üzere İşletim Sistemi Ayarlarına git
Feature.SettingsHub.Prompt.Subtitle.MuteAnyoneAnytime,Herhangi birini istediğin zaman susturabilirsin.
Feature.SettingsHub.Prompt.Subtitle.NotAudible,"Oyun ses seviyesi, ayarlarda ""0"" olarak ayarlandı. Sesi duymak için lütfen ses seviyesini artır."
Feature.SettingsHub.Prompt.Subtitle.NotAudibleVoiceChatVolume,"Sesli sohbet ses seviyesi, ayarlarda ""0"" olarak ayarlandı. Sesi duymak için lütfen ses seviyesini artır."
Feature.SettingsHub.Prompt.Subtitle.Place,"Konumsal sesli sohbet, yalnızca Maksimum Oyuncu sayısı 30 veya daha az olan dünyalarda kullanılabilir."
Feature.SettingsHub.Prompt.Subtitle.Respect,Lütfen başkalarına saygılı davranarak Roblox'un eğlenceli kalmasına yardımcı ol.
Feature.SettingsHub.Prompt.Subtitle.Retry,
Feature.SettingsHub.Prompt.Subtitle.Revoked,Topluluk Standartlarımızın birden fazla ihlali nedeniyle Beta Sürümü aşaması sona erene kadar sesli sohbete erişimini geçici olarak iptal ettik.
Feature.SettingsHub.Prompt.Subtitle.SelectingTurnOn,"""Aç""ı seçerek, ses hizmetlerini etkinleştirmek ve hizmetlerimiz ile araçlarımızın denetlenmesi, güvenliği ve iyileştirilmesi amacıyla Roblox'un; ses kaydımı toplamasına, kullanmasına ve saklamasına izin veriyorum."
Feature.SettingsHub.Prompt.Subtitle.TalkAgeGroupTrustedConnectionsUpdate,Artık benzer yaş gruplarındaki insanlarla ve Güvenilir Etkileşim Ağındaki kişilerle konuşabilirsin.
Feature.SettingsHub.Prompt.Subtitle.TalkAgeGroupTrustedFriendsUpdate,Artık benzer yaş gruplarındaki insanlarla ve güvenilir arkadaşlarınla konuşabilirsin.
Feature.SettingsHub.Prompt.Subtitle.TalkInAgeGroupTrustedConnections,Yalnızca benzer yaş gruplarındaki insanlar ve Güvenilir Etkileşim Ağındaki kişiler seninle konuşabilir.
Feature.SettingsHub.Prompt.Subtitle.TalkInAgeGroupTrustedFriends,Yalnızca benzer yaş gruplarındaki insanlar ve güvenilir arkadaşların seninle konuşabilir.
Feature.SettingsHub.Prompt.Subtitle.TalkInAgeGroupV2,Yalnızca benzer yaş gruplarındaki kişiler seninle sohbet edebilir.
Feature.SettingsHub.Prompt.Subtitle.TemporarySuspension2,Topluluk Standartlarımızın ihlali nedeniyle sesli sohbet etme erişimini aşağıdaki tarihe kadar geçici olarak iptal ettik:
Feature.SettingsHub.Prompt.Subtitle.TemporaryVoiceBan1,Roblox Topluluk Standartları'na aykırı bir dil kullanmış olabileceğinden sesli sohbeti geçici olarak kapattık.
Feature.SettingsHub.Prompt.Subtitle.TemporaryVoiceBan1V2,Kuralları ihlal eden bir dil kullanmaya veya arka planda çok fazla gürültü yapmaya devam ettin.
Feature.SettingsHub.Prompt.Subtitle.TemporaryVoiceBan2,
Feature.SettingsHub.Prompt.Subtitle.TemporaryVoiceBan2V2,Kuralları ihlal etmeye devam edersen Roblox'a erişmeni yasaklayabiliriz.
Feature.SettingsHub.Prompt.Subtitle.ThanksForLettingUsKnow,"Geri bildirimin, sistemlerimizi geliştirmemize yardımcı olur."
Feature.SettingsHub.Prompt.Subtitle.ThanksForVoiceData,Ses verilerinle Roblox'un Sesli Sohbet hizmetlerini iyileştirmesine yardımcı olduğun için teşekkürler. Bu tercihi daha sonra ayarlardan değiştirebilirsin.
Feature.SettingsHub.Prompt.Subtitle.User,"Bu hesap, Konumsal Sesli Sohbeti kullanmak için uygun değil."
Feature.SettingsHub.Prompt.Subtitle.VoiceToxicityModal,Roblox'un Topluluk Standartlarını ihlal edebilecek bir ifade tespit ettik.<br /><br />Birden fazla ihlalden sonra Sesli Sohbet Etme erişimini kaybedebilirsin.
Feature.SettingsHub.Prompt.Subtitle.VoiceToxicityModalV2,Kuralları ihlal eden bir dil kullandığın veya arka planda çok fazla gürültü olduğu anlaşılıyor.<br /><br />Devam edersen sesli sohbete erişimini askıya alacağız.
Feature.SettingsHub.Prompt.Subtitle.VoiceToxicityToast,Roblox'un Topluluk Standartlarını ihlal edebilecek bir ifade tespit ettik. Birden fazla ihlalden sonra Sesli Sohbet Etme erişimini kaybedebilirsin.
Feature.SettingsHub.Prompt.Subtitle.VoiceToxicityToastV2,Kuralları ihlal eden bir dil kullandığın veya arka planda çok fazla gürültü olduğu anlaşılıyor. Devam edersen sesli sohbete erişimini askıya alacağız.
Feature.SettingsHub.Prompt.TeleportBlock.Subtitle,Menü kapatıldığında ışınlanma devam edecek.
Feature.SettingsHub.Prompt.TeleportBlock.Title,Işınlanma Durduruldu
Feature.SettingsHub.Prompt.ThankYouForFeedback,Bizi bilgilendirdiğin için teşekkürler
Feature.SettingsHub.Prompt.Title.AgeCheckForVoiceToast,Yaş kontrolü ile Sesli Sohbetin kilidini aç
Feature.SettingsHub.Prompt.Title.ImproveVoiceChat,Sesli Sohbeti iyileştir
Feature.SettingsHub.Prompt.Understand,
Feature.SettingsHub.Prompt.UpdateToVoiceChat,Sesli Sohbet Güncellemesi
Feature.SettingsHub.Prompt.User,Ses için Uygun Değil
Feature.SettingsHub.Prompt.VoiceChatSuspended,Sesli sohbet askıya alındı
Feature.SettingsHub.Prompt.VoiceChatSuspendedV2,Sesli sohbete erişimini askıya aldık
Feature.SettingsHub.Prompt.VoiceChatWithOthers,Başkalarıyla Sesli Sohbet
Feature.SettingsHub.Prompt.VoiceUserAgency.JoinMuted,"Hayır, diğerlerini sessize al"
Feature.SettingsHub.Prompt.VoiceUserAgency.JoinUnmuted,"Evet, diğerlerini duy"
Feature.SettingsHub.Prompt.VoiceUserAgency.JoinUnmuted.Description,Başkalarının konuşmasını duyabileceksin ancak sen sohbet etmeye hazır olana kadar mikrofonunun sesi kapalı kalacak.
Feature.SettingsHub.Prompt.VoiceUserAgency.JoinUnmuted.Title,Ses Açık şekilde mi katılmak istiyorsun?
Feature.SettingsHub.Prompt.VoiceUserAgency.Remember,Bu deneyim için hatırla.
Feature.SettingsHub.Prompt.WindowsWithDeeplink,<b>1. Uygulamaların mikrofununa erişmesine izin ver seçeneğini aç<br />2. Roblox'un Mikrofonuna erişmesine izin ver</b>
Feature.SettingsHub.Prompt.WindowsWithoutDeeplink,<b>1. Ayarlar > Gizlilik > Mikrofon bölümüne git<br />2. Uygulamaların mikrofununa erişmesine izin ver seçeneğini aç<br />3. Roblox'un Mikrofonuna erişmesine izin ver</b>
Feature.SettingsHub.Prompt.XMinuteSuspension,Askıya alınma süresi: {banDurationInMinutes} dakika
Feature.SettingsHub.Prompt.XMinuteSuspensionV2,{banDurationInMinutes} dk. askıya alma
Feature.SettingsHub.ReportSubmitted.BlockPlayer,{Player} adlı oyuncuyu engelle
Feature.SettingsHub.ReportSubmitted.BlockedSubtitleText,Sen ve {Player} artık birbirinizle iletişim kuramayacaksınız.
Feature.SettingsHub.ReportSubmitted.Label.MuteAndBlockPlayer,{DisplayName} sessize alınıp engellensin mi?
Feature.SettingsHub.ReportSubmitted.Label.MuteAndBlockWarning,
Feature.SettingsHub.ReportSubmitted.MutePlayer,{Player} adlı oyuncuyu sessize al
Feature.SettingsHub.ReportSubmitted.MutedSubtitleText,{Player} adlı oyuncuyu duyamayacaksın
Feature.SettingsHub.ReportSubmitted.ThankYou,"Yaptığın bildirim bize ulaştı ve gerektiği takdirde daha fazla eylem alacağız. Geri bildirimin, topluluğumuzun güvende kalmasına yardımcı oluyor."
Feature.SettingsHub.TouchMovementMode.ClassicThumbstick,Klasik Kontrol Çubuğu
Feature.SettingsHub.Video.SystemDefault,Sistem Varsayılanı
Feature.SettingsHub.Video.VideoCamera,Video Kamera
Feature.SettingsHub.VoiceUserAgency.JoinUnmuted.Description,Başkalarını duyabileceksin ancak sen sohbet etmeye hazır olana kadar mikrofonunun sesi kapalı kalacak.
Feature.SocialContextToast.Action.InviteBack,Geri Davet Et
Feature.SocialContextToast.Action.JoinFriend,
Feature.SocialContextToast.Message.FollowedFriendInOtherUniverse,{FRIEND_NAME} adlı arkadaşın ayrıldı ve {EXPERIENCE_NAME} deneyimine katıldı
Feature.SocialContextToast.Message.FollowedFriendNotInGame,{FRIEND_NAME} adlı arkadaşın bu deneyimden ayrıldı
Feature.SocialContextToast.Message.FriendInNonRootPlace,"{FRIEND_NAME}, bu deneyimde bulunan kısıtlamaya sahip bir bölgeye gitti"
Feature.SocialContextToast.Message.FriendJoinedYou,"{FRIEND_NAME}, sana katıldı"
Feature.SocialContextToast.Message.InvitationConfirmation,Davet gönderildi
Feature.SocialContextToast.Message.InvitationFailure,Davet gönderme sorunu
Feature.SocialContextToast.Message.InviteeJoinedYou,{INVITEE_NAME} davetin aracılığıyla sana katıldı!
Feature.SocialContextToast.Message.YouJoinedManyFriends,{FRIEND_NAME} ve {FRIEND_COUNT} diğer arkadaşına katıldın
Feature.SocialContextToast.Message.YouJoinedOneFriend,{FRIEND_NAME} adlı arkadaşına katıldın
Feature.SocialContextToast.Message.YouJoinedTwoFriends,{FRIEND_NAME_ONE} ve {FRIEND_NAME_TWO} adlı arkadaşlarına katıldın
Feature.SocialShare.Action.CopyLink,
Feature.SocialShare.Action.Share,
Feature.SocialShare.Label.Copied,Kopyalandı
Feature.SocialShare.Label.CopyLinkToShareWithPeople,Tanıdığın kişilerle paylaşmak için bağlantıyı kopyala
Feature.SocialShare.Label.ShareServerLink,Davet Bağlantısını Paylaş
Feature.SocialShare.ShareWithPeopleYouKnow,Tanıdığın kişilerle paylaş
Feature.SocialTab.Label.AddFriendHintBody,Roblox'u eğlenceli kılan şey arkadaşlardır!
Feature.SocialTab.Label.CreateAndExploreGroups,Topluluklar oluştur ve keşfet
Feature.SocialTab.Label.Groups,
Feature.SongDetails.Action.Favorite,
Feature.SongDetails.Action.Report,
Feature.SongDetails.Action.ReportAudio,Sesi Bildir
Feature.SongDetails.Label.InappropriateAudio,Uygunsuz Ses
Feature.SongDetails.Label.InappropriateThumbnail,Uygunsuz Küçük Resim
Feature.SongDetails.Label.SongPreview,Şarkı Ön İzlemesi
Feature.Squads.Action.Add,
Feature.Squads.Action.AddOthers,Başkalarını ekle
Feature.Squads.Action.ConnectToVoice,Sese bağlan
Feature.Squads.Action.ContinueWithoutVoice,Ses olmadan devam et
Feature.Squads.Action.Delete,
Feature.Squads.Action.DisconnectFromVoice,Ses bağlantısını kes
Feature.Squads.Action.DontJoin,
Feature.Squads.Action.Edit,
Feature.Squads.Action.Invite,
Feature.Squads.Action.InviteAgain,Tekrar davet et
Feature.Squads.Action.Join,
Feature.Squads.Action.JoinWithParty,Partiyle katıl
Feature.Squads.Action.Ok,
Feature.Squads.Action.Party,Parti
Feature.Squads.Action.Remove,Çıkar
Feature.Squads.Action.Retry,
Feature.Squads.Action.ScheduleAParty,Bir Parti Planla
Feature.Squads.Action.ScheduleParty,Parti Planla
Feature.Squads.Action.Start,Başlat
Feature.Squads.Action.Switch,
Feature.Squads.Action.TapToStartNewParty,Yeni bir Parti başlatmak için dokun
Feature.Squads.Action.View,
Feature.Squads.Action.VoiceErrorGeneral,
Feature.Squads.Action.VoiceErrorPartyNotVoiceEligible,Devam
Feature.Squads.Action.VoiceErrorUserIneligible,
Feature.Squads.Action.WaitingForParty,Parti bekleniyor
Feature.Squads.Action.Yes,
Feature.Squads.Description.AddFriends,Eklediğin arkadaşlar bu gruptaki geçmiş tüm mesajları görebilecek
Feature.Squads.Description.AlreadyJoined,Partiye zaten katıldın
Feature.Squads.Description.DeleteScheduledSquad,Planlanmış partiyi silmek istediğine emin misin?
Feature.Squads.Description.DisconnectVoiceDueToLowMemory,Cihazının belleği düşük. Roblox'un çökmesini önlemek için ses bağlantını kes. Partide kalmaya devam edeceksin.
Feature.Squads.Description.FailedToJoin,Partiye katılmaya çalışırken bir şeyler ters gitti. Lütfen tekrar dene.
Feature.Squads.Description.Going,Gidiyor
Feature.Squads.Description.Interested,İlgilenen
Feature.Squads.Description.InviteConnectionsToParty,"Parti daveti, bu bağlantıların gruba da davet edilmesine yol açacak. Bağlantılar, sohbet geçmişini görebilecek."
Feature.Squads.Description.InviteFriendsToParty,"Parti daveti, bu arkadaşların gruba da davet edilmesine yol açacak. Arkadaşlar, sohbet geçmişini görebilecek."
Feature.Squads.Description.Invited,
Feature.Squads.Description.InvitedToExperience,Biri seni zaten bir deneyime davet ediyor. Davet sona erdikten sonra tekrar deneyebilirsin.
Feature.Squads.Description.JoinAnotherParty,Şu anda etkin bir Partidesin. Şu anki Partiden ayrılıp bu Partiye geçmek istiyor musun?
Feature.Squads.Description.JoinWithLowMemory,"Cihazının belleği düşük. Ses olmadan katılmak, Roblox'un çökmesini önleyecek."
Feature.Squads.Description.LuckyRecommendationRevealed,Tüm grup katılabilir
Feature.Squads.Description.LuckyRecommendationRolling,Grubun için uygun bir oyun bulunuyor
Feature.Squads.Description.LuckyRecommendationRow,Haydi başlayalım
Feature.Squads.Description.ManyPeopleActive,{userCount} etkin kişi
Feature.Squads.Description.NoResponse,Yanıt Yok
Feature.Squads.Description.NotGoing,Gitmiyor
Feature.Squads.Description.OneOnOneExpandedChatFeaturesActivePartyError,"Genişletilmiş özelliklere sahip bire bir sohbetler, bir parti etkin durumdayken grup sohbetine dönüştürülemez."
Feature.Squads.Description.OnePersonActive,1 aktif kişi
Feature.Squads.Description.PartyEnded,Parti sona erdi. Yeni bir Parti başlatmak istiyor musun?
Feature.Squads.Description.PartyFull,Parti şu anda dolu. Yeniden katılmayı denemek ister misin?
Feature.Squads.Description.PleaseTryAgain,
Feature.Squads.Description.RemoveFromChat,Bu kullanıcıyı gruptan çıkarmak istediğinden emin misin?
Feature.Squads.Description.RemoveFromParty,{displayName} grup sohbetinden çıkarılacak.
Feature.Squads.Description.ScheduledPartyAlreadyExists,Seçilen saat için zaten bir Parti planlanmış
Feature.Squads.Description.Title,
Feature.Squads.Description.User,
Feature.Squads.Description.YouAddedMoreThanTwoToChat,{username} ve {userCountMinusOne} kullanıcı daha gruba eklendi
Feature.Squads.Description.YouAddedToChat,{username} gruba eklendi
Feature.Squads.Description.YouAddedTwoToChat,{username1} ve {username2} gruba eklendi
Feature.Squads.Description.YouHaveNoScheduledParties,Yaklaşan partin yok
Feature.Squads.Description.upsellInviteText,Yanıt yok. Tekrar davet gönderebilirsin
Feature.Squads.Label.AddFriends,Arkadaş eklensin mi?
Feature.Squads.Label.Audio,
Feature.Squads.Label.Connecting,Bağlanıyor
Feature.Squads.Label.DeleteScheduledParty,Planlanmış Partiyi Sil
Feature.Squads.Label.DeletedScheduledParty,Silinen Planlanmış Parti
Feature.Squads.Label.Error,
Feature.Squads.Label.Experience,
Feature.Squads.Label.FailedToJoin,Partiye katılım başarısız
Feature.Squads.Label.FindExperiences,Deneyim bul
Feature.Squads.Label.FindExperiencesPlayTogether,Arkadaşlarınla birlikte oynayabileceğin deneyimler bul
Feature.Squads.Label.FriendJoinedYourParty,{combinedName} Partine katıldı
Feature.Squads.Label.InviteConnectionsConfirmation,Bu Bağlantılar gruba davet edilsin mi?
Feature.Squads.Label.InviteFriendsConfirmation,Arkadaşlar gruba davet edilsin mi?
Feature.Squads.Label.InviteToSquad,Ekibe Davet Et
Feature.Squads.Label.InvitedToExperience,Deneyime davetli
Feature.Squads.Label.JoinAnotherParty,Parti değiştir
Feature.Squads.Label.JoinExperiencesTogether,Deneyimlere birlikte katıl
Feature.Squads.Label.JoinParty,Partiye katıl
Feature.Squads.Label.LeaveParty,Gruptan ayrıl
Feature.Squads.Label.Loading,
Feature.Squads.Label.LowMemory,Düşük bellek
Feature.Squads.Label.LuckyRecommendationRevealed,Bunu dene
Feature.Squads.Label.LuckyRecommendationRolling,Bir oyun seçiliyor
Feature.Squads.Label.LuckyRecommendationRow,Ne oynayacağından emin değil misin?
Feature.Squads.Label.MultiplePeopleJoinedYourParty,Partine birden fazla kişi katıldı
Feature.Squads.Label.MuteMic,Mikrofonu sustur
Feature.Squads.Label.Party,
Feature.Squads.Label.PartyCountStatus,Partide {partyCount} kişi var
Feature.Squads.Label.PartyEnded,Parti sona erdi
Feature.Squads.Label.PartyEndedText,
Feature.Squads.Label.PartyFull,Parti dolu
Feature.Squads.Label.PartyOperationFailed,Parti işlemi başarısız
Feature.Squads.Label.PartyStartedText,Parti başladı
Feature.Squads.Label.PartyVolume,
Feature.Squads.Label.RemoveFromChat,Gruptan çıkarılsın mı?
Feature.Squads.Label.RemoveFromParty,Partiden çıkar
Feature.Squads.Label.ScheduledParty,Planlanmış Parti
Feature.Squads.Label.StartParty,Parti başlat
Feature.Squads.Label.StartTime,Başlama zamanı
Feature.Squads.Label.ThisFieldIsRequired,Bu alan gereklidir
Feature.Squads.Label.TwoFriendsJoinedYourParty,{combinedName1} ve {combinedName2} Partine katıldı
Feature.Squads.Label.UnmuteMic,Mikrofonun sesini aç
Feature.Squads.Label.UpcomingParties,Yaklaşan Partiler
Feature.Squads.Label.UserDropdownMenuVoiceErrorUserIneligible,Bu kişinin ses erişimi yok
Feature.Squads.Label.UsersParty,{displayName} tarafından düzenlenen Parti
Feature.Squads.Label.ViewChat,Sohbeti görüntüle
Feature.Squads.Label.ViewParty,Partiyi görüntüle
Feature.Squads.Label.VoiceChats,Sesli sohbetler
Feature.Squads.Label.VoiceErrorGeneral,Sese bağlı değilsin
Feature.Squads.Label.VoiceErrorPartyNotVoiceEligible,Bu Partide ses kullanılamıyor. Sesli sohbet ve daha az filtreyle yeni bir grup oluşturabilirsin.
Feature.Squads.Label.VoiceErrorUserIneligible,Şu anda Parti sesli sohbetine erişimin yok
Feature.Squads.Label.Volume,
Feature.Squads.Label.WaitingForCombinedName,{combinedName} katılsın diye bekleniyor
Feature.Squads.Label.WaitingForOthers,Diğerlerinin katılması bekleniyor
Feature.Squads.Label.WillYouJoinScheduledParty,{displayName} tarafından düzenlenen Partiye katılacak mısın?
Feature.Squads.Label.YouJoinedFriendParty,{combinedName} adlı arkadaşının partisine katıldın
Feature.Subscription.Action.Subscribe,
Feature.Subscription.Action.SubscribePayAnotherWay,Başka bir yöntemle öde
Feature.Subscription.Action.SubscribeWithCreditDebitCard,Kredi/banka kartı ile abone ol
Feature.Subscription.Action.SubscribeWithRobloxCredit,Roblox Kredisi ile Abone Ol
Feature.Subscription.Error.GenericSubscribeError,Abone olmaya çalışırken bir şeyler ters gitti. Lütfen daha sonra tekrar dene.
Feature.Subscription.Footer.PurchasePromptLegalText,"""Abone ol""a tıklayarak Kullanım Koşulları'nı kabul etmiş olursun. Sen iptal edene kadar her ay senden otomatik olarak ücret alınır."
Feature.Subscription.Message.MonthlySpendRestrictionsMonthlyLimitExceed,Ebeveyn Denetimlerinde belirlenmiş olan aylık satın alım sınırına ulaştın. Gelecek aya kadar yeni bir satın alım işlemi yapamayacaksın.
Feature.Subscription.Text.PerMonth,/aylık
Feature.Timeout.Label.OK,
Feature.Timeout.Prompt.BodyText,Avatarın {rule} nedeniyle sıfırlandı. Pazar yerini kullanmaya devam edebilirsin ancak avatarındaki değişiklikler {time} tarihine kadar kaydedilmeyecek.
Feature.Timeout.Prompt.SaveTitleText,Kaydetme işlevi şimdilik devre dışı bırakıldı
Feature.Timeout.Prompt.TitleText,Avatarını sıfırladık
Feature.Timeout.WarningBanner.DisabledMessage,Avatar kaydetme devre dışı bırakıldı
Feature.Timeout.WarningBanner.DisabledUntilMessage,Avatar kaydetme {time} tarihine kadar devre dışı bırakıldı
Feature.Toast.Heading.PurchaseMessage.Success,Kilidi Açıldı
Feature.Toast.Message.PurchaseMessage.SuccessV3,{gameName} oyununa erişimin kilidini {price} Robux karşılığında başarıyla açtın.
Feature.Toast.NetworkingError.Forbidden,Yetersiz izin.
Feature.Toast.NetworkingError.NotFound,İçerik bulunamadı.
Feature.Toast.NetworkingError.ServiceUnavailable,
Feature.Toast.NetworkingError.SomethingIsWrong,
Feature.Toast.NetworkingError.Timeout,Zaman aşımı. Lütfen tekrar dene.
Feature.Toast.NetworkingError.TooManyRequests,Sunucu meşgul. Lütfen daha sonra tekrar dene.
Feature.Toast.NetworkingError.UnableToConnect,Bağlanılamadı. Lütfen daha sonra tekrar dene.
Feature.Toast.NetworkingError.Unauthorized,Artış giriş yapmış durumda değilsin. Lütfen tekrar giriş yap.
Feature.Toast.Username.Copied,Kullanıcı adı panoya kopyalandı.
Feature.Toast.VoteError.AssetNotVoteable,Deneyim oylanmayabilir.
Feature.Toast.VoteError.Default,Eylem kullanılamıyor.
Feature.Toast.VoteError.FloodCheckThresholdMet,Çok hızlı oy veriyorsun.
Feature.Toast.VoteError.PlayGame,Değerlendirmeden önce bu deneyimi ziyaret etmelisin.
Feature.UniversalFeatureRestrictions.AbuseVector.AgeVerification.DialogBody.Suspended,Topluluk Standartlarımızı defalarca ihlal ettiğin için şu anda yaşını kontrol edemezsin. Kısıtlama sona erdikten sonra tekrar deneyebilirsin.
Feature.UniversalFeatureRestrictions.AbuseVector.AgeVerification.DialogTitle.Suspended,Yaş kontrolleri askıya alındı
Feature.UniversalFeatureRestrictions.AbuseVector.RobloxKick.DialogBody.Banned,Tekrarlanan veya ciddi kural ihlali nedeniyle bu oyunu oynaman yasaklandı.
Feature.UniversalFeatureRestrictions.AbuseVector.RobloxKick.DialogBody.Suspended,Davranışın kuralları ihlal ettiği için bu oyunu oynayamazsın.
Feature.UniversalFeatureRestrictions.AbuseVector.RobloxKick.DialogTitle.Banned,Roblox bu oyuna erişimini yasakladı
Feature.UniversalFeatureRestrictions.AbuseVector.RobloxKick.DialogTitle.Suspended.Day,Roblox bu oyuna erişimini 1 günlüğüne askıya aldı
Feature.UniversalFeatureRestrictions.AbuseVector.RobloxKick.DialogTitle.Suspended.Days,Roblox bu oyuna erişimini {number} günlüğüne askıya aldı
Feature.UniversalFeatureRestrictions.AbuseVector.RobloxKick.DialogTitle.Suspended.Hour,Roblox bu oyuna erişimini 1 saatliğine askıya aldı
Feature.UniversalFeatureRestrictions.AbuseVector.RobloxKick.DialogTitle.Suspended.Hours,Roblox bu oyuna erişimini {number} saatliğine askıya aldı
Feature.UniversalFeatureRestrictions.AbuseVector.RobloxKick.DialogTitle.Suspended.Minute,Roblox bu oyuna erişimini 1 dakikalığına askıya aldı
Feature.UniversalFeatureRestrictions.AbuseVector.RobloxKick.DialogTitle.Suspended.Minutes,Roblox bu oyuna erişimini {number} dakikalığına askıya aldı
Feature.VerificationUpsell.Action.AddPhone,Telefon Ekle
Feature.VerificationUpsell.Action.AddPhoneNumber,Telefon Numarası Ekle
Feature.VerificationUpsell.Action.AddPhoneVoice,Sesli Sohbet için Telefon ekle
Feature.VerificationUpsell.Action.ChangePhoneNumber,Telefon Numarasını Değiştir
Feature.VerificationUpsell.Action.CodeResent,Kod Gönderildi
Feature.VerificationUpsell.Action.ConfirmLeave,Ayrılmayı onayla
Feature.VerificationUpsell.Action.Continue,
Feature.VerificationUpsell.Action.DontLeave,
Feature.VerificationUpsell.Action.EditPhoneNumber,Telefon Numarasını Düzenle
Feature.VerificationUpsell.Action.EnableVoice,Sesli Sohbeti Etkinleştir
Feature.VerificationUpsell.Action.Next,
Feature.VerificationUpsell.Action.NotNow,
Feature.VerificationUpsell.Action.NotNow.2,
Feature.VerificationUpsell.Action.Ok,
Feature.VerificationUpsell.Action.Privacy,
Feature.VerificationUpsell.Action.PrivacyPolicy,
Feature.VerificationUpsell.Action.ResendCode,Kodu Tekrar Gönder
Feature.VerificationUpsell.Action.ReturnWithVoice,Sesli Sohbet etkin şekilde dön
Feature.VerificationUpsell.Action.SMSTerms,SMS Koşulları
Feature.VerificationUpsell.Action.TermsOfUse,
Feature.VerificationUpsell.Action.TurnOn,
Feature.VerificationUpsell.Description.AddPhoneBody,WhatsApp veya SMS aracılığıyla tek kullanımlık bir kod alacaksın. Mesaj ve veri ücretleri uygulanabilir.
Feature.VerificationUpsell.Description.AddPhoneBodyVoice,
Feature.VerificationUpsell.Description.IDVerificationAddEmailText,Yaşını doğrulamadan önce lütfen e-posta adresini gir. Hesabına erişimini kaybetmen durumunda kurtarma yöntemin bu olacak.	
Feature.VerificationUpsell.Description.PhoneNumberNeverPublic,
Feature.VerificationUpsell.Description.RecoverAccountEasily,Şifreni unutman durumunda hesabını kolayca kurtarmak için bir telefon numarası ekle. Telefon numaran hiçbir zaman herkese açık olarak gösterilmeyecek.
Feature.VerificationUpsell.Description.ShortCodeLegalDisclaimerUA,"""Devam Et"" düğesine tıklayarak telefon numaranı paylaşırsın ve SMS Kullanım Koşullarımızı ve Gizlilik Politikamızı kabul etmiş olursun. Sana tek kullanımlık doğrulama kodu göndereceğiz. Mesaj ve veri ücretleri uygulanabilir. Yardım için HELP yazarak yanıtla."
Feature.VerificationUpsell.Description.UnlockVoiceChatBody,Sesli Sohbeti etkinleştirmek için bir telefon numarası ekle. Telefon numaran hiçbir zaman herkese açık olarak gösterilmeyecek.
Feature.VerificationUpsell.Description.VerificationCodeSmsFeesMayApply,
Feature.VerificationUpsell.Description.VoiceLegalConsent,"Ses hizmetlerini etkinleştirmek, Roblox hizmetlerinin ve araçlarının denetlenmesi, güvenliği ve iyileştirilmesi amacıyla Roblox'un; ses kaydımı toplamasına, kullanmasına ve saklamasına izin veriyorum."
Feature.VerificationUpsell.Description.VoiceLegalConsent2,
Feature.VerificationUpsell.Description.VoiceLegalDisclaimer,"""Sesli Sohbeti Etkinleştir""i seçerek; ses hizmetlerini etkinleştirmek, Roblox hizmetlerinin ve araçlarının denetlenmesi, güvenliği ve iyileştirilmesi amacıyla Roblox'un; ses kaydımı toplamasına, kullanmasına ve saklamasına izin veriyorum."
Feature.VerificationUpsell.Description.VoiceLegalDisclaimer2,"""{buttonText}"" seçeneğini seçerek; ses hizmetlerini etkinleştirmek, Roblox hizmetlerinin ve araçlarının denetlenmesi, güvenliği ve iyileştirilmesi amacıyla Roblox'un; ses kaydımı toplamasına, kullanmasına ve saklamasına izin veriyorum."
Feature.VerificationUpsell.Description.VoiceLegalDisclaimer3,"""Doğrula""yı seçerek; hem ses hizmetlerinin etkinleştirilmesi hem de Roblox hizmetlerinin ve araçlarının denetlenmesi, güvenliği ve iyileştirilmesi amacıyla Roblox'un benden ses kaydı toplamasına, bunları kullanmasına ve saklamasına onay veriyorum."
Feature.VerificationUpsell.Heading.AddEmail,Önce Hesabını Doğrula
Feature.VerificationUpsell.Heading.DontLoseAccess,Hesabına erişimi kaybetme
Feature.VerificationUpsell.Heading.PhoneNumberVerified,Telefon numarası doğrulandı!
Feature.VerificationUpsell.Heading.TryVoiceChat,Sesli sohbeti dene
Feature.VerificationUpsell.Heading.UnlockVoiceChat,Sesli Sohbetin Kilidini Aç
Feature.VerificationUpsell.Heading.VerificationCode,Doğrulama Kodu
Feature.VerificationUpsell.Heading.VerifiedSuccessfully.V2,Başarıyla doğrulandı!
Feature.VerificationUpsell.Heading.VerifyYourPhone,Telefonunu Doğrula
Feature.VerificationUpsell.Heading.VoiceChatEnabledMobile,Sesli Sohbet etkinleştirildi! Şimdi bir deneyimde dene.
Feature.VerificationUpsell.Heading.VoiceChatError,Telefon eklendi! Ayarlar > Gizlilik > Mikrofon ve Kamera Girişi'nden Sesli Sohbeti aç.
Feature.VerificationUpsell.Heading.VoiceChatJoinFailed,Şu anda Sesli Sohbete katılım sağlanamıyor. Lütfen tekrar dene.
Feature.VerificationUpsell.Heading.VoiceChatTurnedOn,Sesli Sohbet etkin
Feature.VerificationUpsell.Label.EnterCode,Az önce {phoneNumber} numarasına gönderdiğimiz kodu gir
Feature.VerificationUpsell.Label.PhoneNumber,Telefon numarası
Feature.VerificationUpsell.Label.SixDigitCode,6 Basamaklı Kod
Feature.VerificationUpsell.Label.Verifying,Doğrulanıyor
Feature.VerificationUpsell.Message.InvalidSmsCode,Kod geçersiz.
Feature.VerificationUpsell.Response.ErrorPhoneFormatInvalid,Bu telefon numarası formatı geçersiz. Lütfen kontrol edip tekrar dene.
Feature.VerificationUpsell.Response.ErrorTryAgain,
Feature.VerificationUpsell.Response.InvalidPhoneNumberError,Bu telefon numarası kullanılamıyor. Lütfen farklı bir telefon numarası gir.
Feature.VerificationUpsell.Response.PhoneHasTooManyAssociatedAccounts,Bir telefon numarasına bağlı maksimum hesap sayısına ulaştın.
Feature.VerificationUpsell.Response.TooManyAttemptsTryAgainLater,
Feature.VirtualEvents.AttendanceBeforeEvent,
Feature.VirtualEvents.AttendanceDuringEvent,Şu Anda Katılan
Feature.VirtualEvents.DescriptionLabel,
Feature.VirtualEvents.EnableNotificationsModalBody,Roblox'ta olmasan bile etkinlikler hakkında güncellemeler al.
Feature.VirtualEvents.EnableNotificationsModalTitle,Etkinlik Anlık Bildirimleri
Feature.VirtualEvents.EventCancelledText,Bu etkinlik iptal edildi.
Feature.VirtualEvents.EventNotFound,Etkinlik bulunamadı
Feature.VirtualEvents.EventsListTitle,Etkinlikler
Feature.VirtualEvents.GetNotifiedButton,Etkinleştir
Feature.VirtualEvents.GoHome,Ana Sayfaya Git
Feature.VirtualEvents.HostedByLabel,Etkinlik Sahibi:
Feature.VirtualEvents.Join,
Feature.VirtualEvents.JoinEvent,Etkinliğe Katıl
Feature.VirtualEvents.Label.Challenge,Mücadele
Feature.VirtualEvents.Label.DateAtTime,{date} {time}
Feature.VirtualEvents.Label.EarlyAccess,Erken erişim
Feature.VirtualEvents.Label.Ended,Sona Erdi
Feature.VirtualEvents.Label.Expansion,Genişleme
Feature.VirtualEvents.Label.Festival,Festival
Feature.VirtualEvents.Label.HappeningNow,
Feature.VirtualEvents.Label.InDays,{number} gün içinde
Feature.VirtualEvents.Label.ItemDrop,Düşecek öğeler
Feature.VirtualEvents.Label.MoreLevels,Daha fazla seviye
Feature.VirtualEvents.Label.NewContent,Yeni içerik
Feature.VirtualEvents.Label.NewFeature,Yeni özellik
Feature.VirtualEvents.Label.NewLocation,Yeni konum
Feature.VirtualEvents.Label.NewMap,Yeni harita
Feature.VirtualEvents.Label.NewSeason,Yeni sezon
Feature.VirtualEvents.Label.Quest,Görev
Feature.VirtualEvents.Label.Rating,% {rating} Derecelendirme
Feature.VirtualEvents.Label.ReminderSetForEventTime,{eventTime} için ayarlanan {eventName} hatırlatması.
Feature.VirtualEvents.Label.StartsInHours,{number} sa. içinde
Feature.VirtualEvents.Label.StartsInMinutes,{number} dk. içinde
Feature.VirtualEvents.Label.StartsInOneDay,1 gün içinde
Feature.VirtualEvents.Label.StartsInOneHour,1 sa. içinde
Feature.VirtualEvents.Label.StartsNow,Şimdi başlıyor
Feature.VirtualEvents.NotNowButton,
Feature.VirtualEvents.NotifyMe,Bana Haber Ver
Feature.VirtualEvents.ShareModalBody,İnsanları bu etkinliğe davet etmek veya etkinliği sohbette paylaşmak için aşağıdaki etkinlik bağlantısını kopyala.
Feature.VirtualEvents.ShareModalCallToAction,Sohbet yoluyla Paylaş...
Feature.VirtualEvents.ShareModalLinkCopy,
Feature.VirtualEvents.ShareModalTitle,Bu Etkinliği Paylaş
Feature.VirtualEvents.UnfollowEvent,Etkinliği Takip Etmeyi Bırak
Features.OnDemandAds.Get_Reward_In,Ödül almaya kalan süre
Features.OnDemandAds.Reward_Earned,Kazanılan Ödül
Features.Transfers.Action.BuyRobux,
Features.Transfers.Action.Continue,
Features.Transfers.Action.Ok,
Features.Transfers.Action.TurnOnTwoStepVerification,2 Aşamalı Doğrulamayı Aç
Features.Transfers.Action.VPC.Ask,
Features.Transfers.Action.VPC.AskParentBodyReceive,Robux kabul edebilmek için ebeveyn iznine ihtiyacın var.
Features.Transfers.Action.VPC.AskParentBodySend,Robux gönderebilmek için ebeveyn iznine ihtiyacın var.
Features.Transfers.Action.VPC.AskParentTitle,
Features.Transfers.Body.DailyLimitExceededError,Günlük Robux gönderme sınırını aştın. Tekrar denemek için daha sonra kontrol et.
Features.Transfers.Body.DailyLimitTwoStepVerificationUpsell,Günlük Robux gönderme limitine ulaştın. Limiti yükseltip yükseltemeyeceğini görmek için 2 aşamalı doğrulama özelliğini aç.
Features.Transfers.Body.ExpiredTransferError,Hiçbir işlem yapılmaması nedeniyle @{username} tarafından gönderilen Robux'un süresi doldu.
Features.Transfers.Body.GenericReceiveError,Hesabın şu anda Robux kabul edemiyor.
Features.Transfers.Body.GenericSentError,Bir şeyler ters gitti ve Robux gönderilmedi. Bağlantını kontrol edip tekrar dene.
Features.Transfers.Body.MonthlyLimitExceededError,Aylık Robux gönderme sınırını aştın. Tekrar denemek için daha sonra kontrol et.
Features.Transfers.Body.MonthlyLimitTwoStepVerificationUpsell,Aylık Robux gönderme limitine ulaştın. Limiti yükseltip yükseltemeyeceğini görmek için 2 aşamalı doğrulama özelliğini aç.
Features.Transfers.Body.ReceiverLimitHitError,Kullanıcı şu anda bu tutarı alamıyor. Daha az gönder veya daha sonra tekrar dene.
Features.Transfers.Body.TransferAmountBelowMinimumError,En az {minAmount} Robux gönder.
Features.Transfers.Body.TransferAmountExceedsMaximumError,En fazla {maxAmount} Robux gönderebilirsin.
Features.Transfers.Body.UnableReceiveRobuxError,
Features.Transfers.Body.UnableSendRobuxError,Hesabın şu anda Robux gönderemiyor.
Features.Transfers.Error.GreaterThanMaxAmount,En fazla {amount} Robux gönderebilirsin.
Features.Transfers.Error.InsufficientBalance,Bu işlemi tamamlamak için {amount} Robux satın al.
Features.Transfers.Error.LowerThanMinAmount,En az {amount} Robux gönder.
Features.Transfers.Label.ConnectedDays,{amount} gündür etkileşim ağında
Features.Transfers.Label.ConnectedDaysSingular,
Features.Transfers.Label.ConnectedMonths,{amount} aydır etkileşim ağında
Features.Transfers.Label.ConnectedMonthsSingular,
Features.Transfers.Label.ConnectedSince,{year} yıldır bağlı
Features.Transfers.Notification.ReceiveSuccess,Robux'u zaten kabul ettin
Features.Transfers.RobuxTransfer.Action.Edit,
Features.Transfers.RobuxTransfer.Action.Next,
Features.Transfers.RobuxTransfer.Action.Send,
Features.Transfers.RobuxTransfer.Action.TryAgain,
Features.Transfers.RobuxTransfer.Disclaimer.AgeEstimationTransfer,Robux göndermek için yaş kontrolünden geçmen veya ebeveyninden izin alman gerekiyor. Gönderdikten sonra işlemi iptal edemezsin.
Features.Transfers.RobuxTransfer.Error.ReceiverNotAllowed,@{username} şu anda Robux alamıyor.
Features.Transfers.RobuxTransfer.Heading.SendRobux,Robux Gönder
Features.Transfers.RobuxTransfer.Label.JoinedInYear,{year} yılında katıldı
Features.Transfers.RobuxTransfer.Label.MutualConnection,{amount} ortak Arkadaş
Features.Transfers.RobuxTransfer.Label.MutualConnectionSingular,{amount} ortak arkadaş
Features.Transfers.RobuxTransfer.Label.NewConnection,Yeni arkadaş
Features.Transfers.RobuxTransfer.Label.RecipientWillGet,"Alıcı, ücretler düşüldükten sonra {amount} Robux alacak."
Features.Transfers.RobuxTransfer.Label.RecipientWillGetInApp,Alıcı {amount} Robux alacak.
Features.Transfers.RobuxTransfer.Label.RecipientWillGetInGame,"Alıcı, ücretler düşüldükten sonra {amount} Robux alacak. Oyun içi transferlere yüzde % {commissionPercentage}oranında yaratıcı ücreti dâhildir."
Features.Transfers.RobuxTransfer.SentInstantNoFee,Robux ücretsiz olarak anında gönderilir
Features.Transfers.RobuxTransfers.Label.SuccessNotification,{amount} Robux gönderdin
Features.Transfers.Title.UpsellSubscription,
Features.Transfers.Transfer.Block.RequireReceiverFAE,Robux kabul edebilmen için yaşını kontrol edelim
Features.Transfers.Transfer.Block.RequireSenderFAE,Robux gönderebilmen için yaşını kontrol edelim
Features.Transfers.Transfer.Body.RequireFAE,Böylece Robux alıp göndermek sen ve başka herkes için güvenli hâle gelir.
Features.Transfers.Transfers.Label.ReceivedNotification,Sana {amount} Robux geldi
IAPExperience.BuyRobux.Alert.SuccessfulMessage,Başarıyla Robux satın aldın!
IAPExperience.BuyRobux.Banner.Text,"Robux, avatarın için yükseltmeler veya deneyimlerde özel yetenekler satın almana olanak tanır"
IAPExperience.BuyRobux.Banner.Title,Robux'ın kilidini aç
IAPExperience.BuyRobux.Text.MoreRobux2,{robux} Robux daha
IAPExperience.InsufficientRobux.Action.BuyRobux,
IAPExperience.InsufficientRobux.Action.Cancel,
IAPExperience.InsufficientRobux.Action.RobuxStore,Robux Mağazası'na Git
IAPExperience.InsufficientRobux.Text.BuyRobux,Bu öğeyi ancak {robux} ile satın alabilirsin
IAPExperience.InsufficientRobux.Text.CurrentBalance,Mevcut Bakiye
IAPExperience.InsufficientRobux.Text.DontHaveEnough,
IAPExperience.InsufficientRobux.Text.MissingRobux,Eksik Robux
IAPExperience.InsufficientRobux.Text.YouNeed,{robux} Robux'a daha ihtiyacın var. Lütfen daha fazla Robux Paketi satın alıp deneyime dön.
IAPExperience.InsufficientRobux.Title.InsufficientRobux,
IAPExperience.LeaveRoblox.Action.Cancel,
IAPExperience.LeaveRoblox.Action.Continue,
IAPExperience.LeaveRoblox.Text.ExternalWebsiteWarning,"""Devam et"" düğmesine tıkladığında Roblox'a ait olmayan veya Roblox tarafından işletilmeyen bir web sitesine yönlendirileceksin. Bu web sitesi, farklı koşullara ve gizlilik politikasına sahip olabilir."
IAPExperience.LeaveRoblox.Title.LeavingRoblox,Roblox'tan Çıkılıyor
IAPExperience.Loading.Text.PurchasingItem,Öğe satın alınıyor...
IAPExperience.Loading.Text.PurchasingRobux,Robux satın alınıyor...
IAPExperience.Loading.Text.WaitingForPurchase,Satın alım için bekleniyor...
IAPExperience.Loading.Text.WaitingForRobux,Robux'ın verilmesi bekleniyor...
IAPExperience.PremiumUpsell.Action.Subscribe,
IAPExperience.PremiumUpsell.Body.RobuxDiscount,Robux satın alırken %10 bonus
IAPExperience.PremiumUpsell.Label.AvatarShopBenefits,Avatar mağazasında özel ve indirimli öğelere erişim
IAPExperience.PremiumUpsell.Label.Disclosure,Aylık <b>{price}{currencySymbol} karşılığında abone ol. İstediğin zaman iptal et.</b> Roblox Kullanım Koşulları ve Gizlilik Politikası geçerlidir.
IAPExperience.PremiumUpsell.Label.PremiumBenefitListDesc,Roblox Premium sana şunları kazandırır:
IAPExperience.PremiumUpsell.Label.PremiumOnlyBenefits,Yalnızca Premium'a özel avantajlara erişim
IAPExperience.PremiumUpsell.Label.PremiumPolicy,Aylık olarak yenilenir. İstediğin zaman iptal edebilirsin.
IAPExperience.PremiumUpsell.Label.PremiumPrice,<b>{currencySymbol}{price}</b>/aylık
IAPExperience.PremiumUpsell.Label.RobloxPremium,Roblox Premium
IAPExperience.PremiumUpsell.Label.RobuxPerMonth,Ayda {robux}
IAPExperience.PremiumUpsell.Label.ShortDisclosure,Roblox Kullanım Koşulları ve Gizlilik Politikası geçerlidir.
IAPExperience.PurchaseError.AlreadyPremium,Görünüşe göre geliştirici senden Roblox Premium satın almanı istiyor ama sen zaten bir Premium üyesin!
IAPExperience.PurchaseError.Text.AlreadyOwn,
IAPExperience.PurchaseError.Text.AlreadySubscribed,Aboneliklerini Ayarlar > Abonelikler sayfasından yönetebilirsin.
IAPExperience.PurchaseError.Text.EconomicRestrictionsDays,Şu ihlal nedeniyle bu satın alma işlemini yapamazsın: {violation}. Lütfen {day} gün sonra tekrar dene.
IAPExperience.PurchaseError.Text.EconomicRestrictionsDaysGeneral,Şu ihlal nedeniyle bu işlemi yapamazsın: {violation}. {day} gün sonra tekrar deneyebilirsin.
IAPExperience.PurchaseError.Text.EconomicRestrictionsHours,Şu ihlal nedeniyle bu satın alma işlemini yapamazsın: {violation}. Lütfen {hour} saat sonra tekrar dene.
IAPExperience.PurchaseError.Text.EconomicRestrictionsHoursGeneral,Şu ihlal nedeniyle bu işlemi yapamazsın: {violation}. {hour} saat sonra tekrar deneyebilirsin.
IAPExperience.PurchaseError.Text.FailedGrant,Ödemen alındı ancak Robux'ını henüz almadın. Lütfen daha sonra tekrar dene.
IAPExperience.PurchaseError.Text.FailedGrantUnknown,Öğe satın alım işlemin başarısız olduğu için hesabından Robux tutarı düşülmedi. Lütfen tekrar dene.
IAPExperience.PurchaseError.Text.FailedRobuxPurchase,Satın alım işlemin başarısız oldu ve senden ödeme alınmadı. Lütfen tekrar dene.
IAPExperience.PurchaseError.Text.Limited,Bu sınırlı öğenin başka kopyası yok. Hesabından ücret alınmadı.
IAPExperience.PurchaseError.Text.NotEnoughRobux,"Bu öğenin fiyatı, sahip olunan Robux'tan daha fazla. Lütfen bu deneyimden ayrıl ve daha fazla Robux satın almak için Robux ekranına git."
IAPExperience.PurchaseError.Text.NotForSale,
IAPExperience.PurchaseError.Text.NotForSaleExperience,
IAPExperience.PurchaseError.Text.Ok,
IAPExperience.PurchaseError.Text.ParentalLimit,Hesap sahibinin ebeveyninin belirlediği aylık satın alım sınırlaması nedeniyle işlemin tamamlanamıyor. Ebeveyn denetim ayarları değiştirilmediği sürece gelecek aya kadar yeni bir satın alım işlemi yapamazsın.
IAPExperience.PurchaseError.Text.ParentalRestrictionSubscription,"Aylık Harcama Kısıtlamalarına sahip hesaplar, aboneliklerden yararlanamaz"
IAPExperience.PurchaseError.Text.PremiumOnly,
IAPExperience.PurchaseError.Text.PremiumPlatformUnavailable,"Kullandığın platform, Roblox Premium satın alımını desteklemiyor. Premium'u satın almak için lütfen masaüstünü kullan."
IAPExperience.PurchaseError.Text.PurchaseLimit,Satın alım sınırına ulaştığın için işlemin tamamlanamıyor. Lütfen işlemini 24 - 72 saat içinde tekrar dene. İşleminin tamamlanması başarısız olursa yeni bir satın alım işlemi gerçekleştirmek için bir sonraki aya kadar beklemen gerekebilir. Satın alım sınırları değiştirilemez ve kaldırılamaz.
IAPExperience.PurchaseError.Text.RestrictedUser,Bu deneyimdeki içeriğe erişemezsin.
IAPExperience.PurchaseError.Text.SubscriptionNotForSale,Bu abonelik şu anda satın alınamıyor
IAPExperience.PurchaseError.Text.SubscriptionUnsupportedLocale,Bu abonelik şu anda ülkende mevcut değil
IAPExperience.PurchaseError.Text.SubscriptionUnsupportedPlatform,Bu abonelik buradan satın alınamaz
IAPExperience.PurchaseError.Text.ThirdPartyDisabled,
IAPExperience.PurchaseError.Text.Under13,
IAPExperience.PurchaseError.Text.UnknownError,
IAPExperience.PurchaseError.Text.VpcRequired,Bu deneyimin Biletler ve Abonelikler sayfasından veya Mağaza sayfasından bir ebeveynin yardımıyla abone olabilirsin.
IAPExperience.PurchaseError.Title.AlreadySubscribed,Zaten Abonesin
IAPExperience.PurchaseError.Title.CantSubscribe,Abone Olunamıyor
IAPExperience.PurchaseError.Title.Error,
IAPExperience.PurchaseError.Title.RobuxPurchaseFailed,Robux Alınamıyor
IAPExperience.PurchasePrompt.Action.Buy,
IAPExperience.PurchasePrompt.Action.Cancel,
IAPExperience.PurchasePrompt.Body.PurchaseCompleted,{ITEM_NAME} satın aldın.
IAPExperience.PurchasePrompt.Body.PurchaseItemsSuccess,Öğelerini başarıyla satın aldın.
IAPExperience.PurchasePrompt.BuyRobuxAndExperience,Robux ve deneyim satın al
IAPExperience.PurchasePrompt.BuyRobuxAndSubscription,Robux ve abonelik satın al
IAPExperience.PurchasePrompt.Header.BuyAvatar,
IAPExperience.PurchasePrompt.Header.BuyRobuxAndAvatar,Robux ve avatar satın al
IAPExperience.PurchasePrompt.Label.BlackbirdDiscount,Plus avantajı (yüzde {discountPercentage} indirim)
IAPExperience.PurchasePrompt.Label.BlackbirdDiscountNoPercent,Plus avantajı
IAPExperience.PurchasePrompt.Label.BlackbirdSummary,Plus ile {savingsAmount} {robuxIcon} tasarruf
IAPExperience.PurchasePrompt.Label.GenericDiscount,İndirim (yüzde {discountPercentage} daha uygun)
IAPExperience.PurchasePrompt.Label.GenericDiscountNoPercent,İndirim
IAPExperience.PurchasePrompt.Label.Subtotal,Ara Toplam
IAPExperience.PurchasePrompt.Label.SubtotalWithItemCount,Ara toplam ({itemCount} öğe)
IAPExperience.PurchasePrompt.Label.Total,
IAPExperience.PurchasePrompt.Label.TotalPriceV2,Toplam fiyat
IAPExperience.PurchasePrompt.Text.BuyItemQuestion,"""{name}"" satın almak ister misin?"
IAPExperience.PurchasePrompt.Text.BuyItemQuestionIncludingWarning,Lütfen eğlenceni ve tüketimini aşırılığa kaçmadan ve mantıklı bir şekilde yap. {name} satın almak ister misin?
IAPExperience.PurchasePrompt.Text.Loading,
IAPExperience.PurchasePrompt.Text.RemainingBalance,Bu işlemden sonra bakiyen:
IAPExperience.PurchasePrompt.Text.RemainingBalanceV2,Bu işlemden sonra bakiyen {robux} olacak
IAPExperience.PurchasePrompt.Text.TestPurchase,Bu bir deneme satın alımıdır. Hesabından ücret alınmayacak.
IAPExperience.PurchasePrompt.Title.BuyExperience,Deneyim satın al
IAPExperience.PurchasePrompt.Title.BuyGamepass,Oyun Bileti Satın Al
IAPExperience.PurchasePrompt.Title.BuyItem,
IAPExperience.PurchasePrompt.Title.BuyItemV2,
IAPExperience.PurchasePrompt.Title.BuyItems,
IAPExperience.PurchasePrompt.Title.BuyRobuxAndItem,Robux ve öğe satın al
IAPExperience.PurchasePrompt.Title.BuyRobuxAndItems,
IAPExperience.PurchasePrompt.Title.BuyRobuxOnly,
IAPExperience.PurchasePrompt.Title.PurchaseCompleted,Satın alma tamamlandı
IAPExperience.PurchaseSuccess.Action.BackToGame,
IAPExperience.PurchaseSuccess.Action.BackToShop,Mağazaya Dön
IAPExperience.PurchaseSuccess.Action.Equip,Avatarımı Donan
IAPExperience.PurchaseSuccess.Text.BalanceNow,Şu anki bakiyen {robux}.
IAPExperience.PurchaseSuccess.Text.YouOwn,Artık {name} sahibisin!
IAPExperience.PurchaseSuccess.Title.PurchaseSucceeded,Satın Alım Başarılı
IAPExperience.RobuxUpsell.Action.BuyRobux,
IAPExperience.RobuxUpsell.Action.BuyRobuxAndItem,Robux ve Öğe Satın Al
IAPExperience.RobuxUpsell.Action.Cancel,
IAPExperience.RobuxUpsell.Text.AdditionalRobux,İlave {robux} ihtiyacın var.
IAPExperience.RobuxUpsell.Text.BestValue,En iyi fiyat/performans oranı
IAPExperience.RobuxUpsell.Text.BetterValue,Aynı fiyata daha iyi değer
IAPExperience.RobuxUpsell.Text.Bonus,Bonus
IAPExperience.RobuxUpsell.Text.BonusBannerInfo,"Bilgisayar, web ve hediye kartı aracılığıyla gerçekleştirilen her satın alım, %25'e kadar daha fazla Robux kazandırır"
IAPExperience.RobuxUpsell.Text.BonusBannerV1,🎉 Bilgisayar kullanarak aldığın için fazladan {robux} dâhil!
IAPExperience.RobuxUpsell.Text.BuyRobuxQuestion,Satın almak ister misin:
IAPExperience.RobuxUpsell.Text.DisclosurePayment,Ödeme yönteminden tahsil edilecek.
IAPExperience.RobuxUpsell.Text.DisclosureTerms,Roblox Kullanım Koşulları geçerlidir.
IAPExperience.RobuxUpsell.Text.DisclosureTermsURL,Roblox {termsofuse} geçerlidir.
IAPExperience.RobuxUpsell.Text.ForYou,Senin için
IAPExperience.RobuxUpsell.Text.LastPurchased,Son Satın Alınan
IAPExperience.RobuxUpsell.Text.Loading,
IAPExperience.RobuxUpsell.Text.MoreRobux,Aynı fiyata daha fazla Robux
IAPExperience.RobuxUpsell.Text.NeedMoreRobux,Daha fazla Robux'a ihtiyacın var
IAPExperience.RobuxUpsell.Text.PopularItem,
IAPExperience.RobuxUpsell.Text.PurchaseNotAvailableOnHeadSet,VR başlığı türündeki cihazlardan Robux satın alımı henüz desteklenmiyor. Lütfen başka bir cihazda dene.
IAPExperience.RobuxUpsell.Text.RemainingBalance,"Kalan {robux} Robux, bakiyene aktarılacak."
IAPExperience.RobuxUpsell.Text.TermsOfUse,
IAPExperience.RobuxUpsell.Text.VNGDisclosureTerms,Roblox-VNG Kullanım Koşulları geçerlidir.
IAPExperience.RobuxUpsell.Text.VNGDisclosureTermsURL,Roblox-VNG {termsofuse} geçerlidir.
IAPExperience.RobuxUpsell.Text.WouldYouBuy,Bir {robux} paketi satın almak ister misin?
IAPExperience.RobuxUpsell.Title.InsufficientFunds,
IAPExperience.RobuxUpsell.Title.InsufficientRobux,
IAPExperience.SubscriptionPurchasePrompt.Label.GetSubscription,Abonelik al
IAPExperience.SubscriptionPurchasePrompt.Label.TestFlowDisclaimer,"Bu iletişim kutusu, aboneliğinin açıklamasının senin kullanıcıların tarafından nasıl görüleceğini gösteren bir ön izlemedir. Abone Ol düğmesine tıklarsan senden ücret alınmaz."
IAPExperience.U13Confirm.Action.Cancel,
IAPExperience.U13Confirm.Action.Confirm,
IAPExperience.U13Confirm.Text.ParentalConsentWarningPaymentModal13To17,Hesap sahibinin ebeveyni veya yasal vasisi olduğumu kabul ediyorum. Bu satın alım işlemine izin veriyorum ve Kullanım Koşullarını kabul ediyorum.
IAPExperience.U13Confirm.Text.U13MonthlyThreshold1Modal,
IAPExperience.U13Confirm.Text.U13MonthlyThreshold2Modal,
IAPExperience.U13Confirm.Text.U13PaymentModal,"Bu satın alım işlemi, gerçek para ile gerçekleşir. En az 18 yaşında olduğumu ve hesap sahibinin ebeveyni veya yasal vasisi olduğumu kabul ediyorum. Bu satın alım işlemine izin veriyorum ve Kullanım Koşullarını kabul ediyorum."
IAPExperience.U13Confirm.Title.Warning,Uyarı!
InGame.Chat.ErrorMessageAnimationPlaying,İfadeleri bu eylem sırasında oynatamazsın.
InGame.Chat.ErrorMessageSwitchToR15,İfadeleri oynatmak için R15 avatarına geç.
InGame.Chat.Label.From,Gönderen:
InGame.Chat.Label.SystemMessagePrefix,
InGame.Chat.Label.TeamMessagePrefix,Takım
InGame.Chat.Label.To,Alıcı:
InGame.Chat.Response.EmoteNotAvailable,Bu İfadeyi kullanamazsın.
InGame.Chat.Response.EmotesNotSupported,Burada İfade kullanamazsın.
InGame.Chat.Response.EmotesTemporarilyUnavailable,Şu anda İfade kullanamazsın.
InGame.Chat.Response.EmotesWrongAvatarType,Yalnızca R15 avatarları İfade kullanabilir.
InGame.CommonUI.Badge.Popup.LearnMoreLink,
InGame.CommonUI.Button.KeepPlaying,
InGame.CommonUI.Button.Ok,
InGame.CommonUI.Button.Retry,
InGame.CommonUI.Label.Custom,
InGame.CommonUI.Label.CustomOld,Özel Eski
InGame.CommonUI.Label.Default,
InGame.CommonUI.Label.MicOff,Mikrofon Kapalı
InGame.CommonUI.Label.MicOnRecording,Mikrofon Açık (ses kaydediyor)
InGame.CommonUI.Label.Off,
InGame.CommonUI.Label.On,
InGame.CommonUI.Label.PossiblyCustom,Muhtemelen Özel
InGame.CommonUI.Label.ReturnFallback,Önceki deneyime dön
InGame.CommonUI.Label.ReturnTo,"""{placeName}"" dünyasına dön"
InGame.CommonUI.Message.LuobuGameJoinWarning,Lütfen tehlikeli oyun içi davranışları taklit etme ve herhangi bir olumsuz davranışla karşılaşırsan lütfen bunu bildir.
InGame.CommonUI.Title.Error,
InGame.CommonUI.Title.Warning,Uyarı
InGame.ConnectionError.Action.Continue,
InGame.ConnectionError.Action.JoinNewServer,Yeni sunucuya katıl
InGame.ConnectionError.Action.JoinTheLine,Sıraya katıl
InGame.ConnectionError.Action.Ok,
InGame.ConnectionError.Action.Restart,Yeniden Başlat
InGame.ConnectionError.Action.ViewCollaborators,İş birlikçileri görüntüle
InGame.ConnectionError.AndroidAnticheatKick,Roblox eksik veya bozuk dosyalar olduğunu tespit etti. Lütfen Roblox uygulamasını kaldırıp resmî bir uygulama mağazasından yeniden yükle.
InGame.ConnectionError.AndroidEmulatorKick,Dünya düzenleme erişimi olmayan hesaplar için emülatörlere izin vermiyoruz. Bir emülatör kullanmıyorsan bunu bize bildirmek için bu hata koduyla müşteri desteğine ulaş.
InGame.ConnectionError.Button.Reconnect,Yeniden Bağlan
InGame.ConnectionError.Button.ReconnectNow,Şimdi Yeniden Bağlan
InGame.ConnectionError.ConnectErrors,Deneyime bağlanılamadı. Lütfen tekrar dene.
InGame.ConnectionError.ConnectionBanned,Deneyime bağlanılamadı. Bu deneyimden yasaklandın.
InGame.ConnectionError.ConnectionFailedRobloxVersion,Deneyime bağlanılamadı. Roblox sürümü güncel değil. Lütfen güncelle ve tekrar dene.
InGame.ConnectionError.ConnectionFailedWaitAndTry,Deneyime bağlanılamadı. Lütfen bekle ve tekrar dene.
InGame.ConnectionError.CreatorBanDaysPlural,{RBX_TIME_DAYS} gün
InGame.ConnectionError.CreatorBanDaysSingular,
InGame.ConnectionError.CreatorBanHoursPlural,{RBX_TIME_HOURS} saat
InGame.ConnectionError.CreatorBanHoursSingular,
InGame.ConnectionError.CreatorBanMessage,"Denetleme mesajı:

{RBX_STR}"
InGame.ConnectionError.CreatorBanMinutesPlural,{RBX_TIME_MINUTES} dakika
InGame.ConnectionError.CreatorBanMinutesSingular,
InGame.ConnectionError.CreatorBanNoTime,Bu deneyim veya denetimcileri tarafından yasaklandın.
InGame.ConnectionError.CreatorBanWithTime,Bu deneyim veya denetimcileri tarafından {RBX_TIME_REMAINING} boyunca yasaklandın.
InGame.ConnectionError.Description.AgeCheckRequired,Bu oyunu oynayabilecek misin öğrenmek için yaş kontrolünü tamamla.
InGame.ConnectionError.Description.CollaborationRequiresTrustedFriends,"Bu oyunun oynanış testini yapmak için tüm iş birlikçiler arasında bir güven ilişkisi olması gerekir.

Oynanış testine devam etmek için güvenilir arkadaş ekle."
InGame.ConnectionError.Description.DontWantToWait,Beklemek istemiyor musun?
InGame.ConnectionError.Description.FriendsServerIsFullJoiningNewServer,Arkadaşının sunucusu dolu. Yeni sunucuya katılıyorsun.
InGame.ConnectionError.Description.FriendsServerIsFullWaitingToJoin,Arkadaşının sunucusu dolu. Katılmak için bekleniyor.
InGame.ConnectionError.Description.LockedByAge,Yaşın nedeniyle bu oyuna erişemezsin.
InGame.ConnectionError.Description.ParentalApprovalRequired,Ebeveyninden bu oyunun kilidini senin için açmasını iste.
InGame.ConnectionError.Description.VipOwnerNotPresent,Sunucu sahibi bu özel sunucuya bağlandığında sen de katılabilirsin.
InGame.ConnectionError.Description.WantToJoinYourFriend,Arkadaşına katılmak ister misin?
InGame.ConnectionError.DisconnectBadhash,Bir hata nedeniyle bağlantı kesildi.
InGame.ConnectionError.DisconnectBlockedConnection,Deneyimle bağlantı kesildi. Bağlantı engellendi.
InGame.ConnectionError.DisconnectClientFailure,Deneyimle bağlantı kesildi. Önemli bir hata oluştu.
InGame.ConnectionError.DisconnectClientRequest,İstemci bağlantı kesme işlemini başlattı.
InGame.ConnectionError.DisconnectCloudEditKick,Team Create ile bağlantı kesildi. Lütfen yeniden bağlan. 
InGame.ConnectionError.DisconnectCollaboratorPermissionRevoked,"Deneyimle bağlantı kesildi. TeamCreate izni, sahibi tarafından geri alındı."
InGame.ConnectionError.DisconnectCollaboratorUnderage,"Deneyimle bağlantı kesildi. TeamCreate izni, deneyimde yapılan yaş önerisi değişikliği nedeniyle kaybedildi."
InGame.ConnectionError.DisconnectConnectionLost,İnternet bağlantını kontrol edip tekrar dene.
InGame.ConnectionError.DisconnectDevMaintenance,"Deneyimin geliştiricisi, deneyimin sunucusunu geçici olarak kapattı. Lütfen tekrar dene."
InGame.ConnectionError.DisconnectDuplicatePlayer,"Aynı hesap, deneyimi farklı cihazlardan başlattı. Diğer cihazda deneyimden ayrıl ve tekrar dene."
InGame.ConnectionError.DisconnectDuplicateTicket,Bir hata nedeniyle bağlantı kesildi. Aynı hesaptan gelen birden fazla bağlantı tespit edildi.
InGame.ConnectionError.DisconnectErrors,Bilinmeyen bir hata nedeniyle bağlantı kesildi. Lütfen yeniden bağlan.
InGame.ConnectionError.DisconnectEvicted,"Deneyim, aynı hesap tarafından farklı bir cihazdan başlatıldı. Bu cihazı kullanmayı tercih ediyorsan yeniden bağlan."
InGame.ConnectionError.DisconnectHashTimeout,Bağlantın zaman aşımına uğradı. İnternet bağlantını kontrol edip tekrar dene.
InGame.ConnectionError.DisconnectIdle,{RBX_NUM} dakika boyunca boşta durduğun için bağlantın kesildi
InGame.ConnectionError.DisconnectIllegalTeleport,Geçersiz bir ışınlanma nedeniyle bağlantı kesildi. 
InGame.ConnectionError.DisconnectLuaKick,Bu deneyim veya denetimcileri tarafından atıldın.
InGame.ConnectionError.DisconnectLuaKickWithMessage,"Bu deneyim veya denetimcileri tarafından atıldın. Denetim mesajı:

{RBX_STR}"
InGame.ConnectionError.DisconnectNewSecurityKeyMismatch,
InGame.ConnectionError.DisconnectOnRemoteSysStats,Beklenmedik istemci davranışları nedeniyle atıldın.
InGame.ConnectionError.DisconnectOutOfMemoryKeepPlayingLeave,"Cihazının belleği düşük. Şimdi ayrılmak, durumunu kurtaracak ve Roblox'un çökmesini önleyecek."
InGame.ConnectionError.DisconnectPlayerless,Bağlanmaya çalıştığında sunucu kapanıyordu. Lütfen tekrar dene.
InGame.ConnectionError.DisconnectPrivateServerKickout,Bu özel sunucuya artık erişimin olmadığı için bağlantın kesildi.
InGame.ConnectionError.DisconnectProtocolMismatch,Roblox sürümün güncel olmayabilir. Lütfen Roblox'u güncelleyip tekrar dene.
InGame.ConnectionError.DisconnectRaknetErrors,Deneyime bağlanılamadı. Sunucudan yanıt alınamadı. Lütfen tekrar dene.
InGame.ConnectionError.DisconnectReceivePacketError,"Veri alınırken bir sorun oluştu, lütfen yeniden bağlan."
InGame.ConnectionError.DisconnectReceivePacketStreamError,"Veri akışında bir sorun oluştu, lütfen yeniden bağlan."
InGame.ConnectionError.DisconnectRejoin,"Deneyim, aynı hesap tarafından farklı cihazdan başlatıldı. Bu cihazı kullanmayı tercih ediyorsan yeniden bağlan."
InGame.ConnectionError.DisconnectRobloxMaintenance,"Roblox, bakım için sunucuyu kapattı. Lütfen tekrar dene."
InGame.ConnectionError.DisconnectSecurityKeyMismatch,
InGame.ConnectionError.DisconnectSendPacketError,"Veri gönderilirken bir sorun oluştu, lütfen yeniden bağlan."
InGame.ConnectionError.DisconnectTimeout,
InGame.ConnectionError.DisconnectTryAgain,Deneyimle bağlantı kesildi. Lütfen yeniden bağlan.
InGame.ConnectionError.DisconnectVerboselyModeratedGame,"Güvenliğini korumak için, insanlar kuralları çok fazla kez ihlal ettikten sonra bu sunucunun bağlantısını kestik. Topluluk Standartlarımızdaki kuralları öğrenerek Roblox'u güvende tutmaya yardımcı olabilirsin."
InGame.ConnectionError.DisconnectWrongVersion,
InGame.ConnectionError.Heading.VRDisconnected,Başlık Bağlantısı Kesildi
InGame.ConnectionError.Joining,Sunucuya katılıyor
InGame.ConnectionError.Message.ChannelName,Kanal: {CHANNEL_NAME}
InGame.ConnectionError.Message.ErrorCode,Hata Kodu: {ERROR_CODE}
InGame.ConnectionError.Message.RestartApp,Oynamaya devam etmek için uygulamayı yeniden başlat.
InGame.ConnectionError.PlacelaunchDeviceBlock,Cihazın bu deneyim veya denetimcileri tarafından yasaklandı.
InGame.ConnectionError.PlacelaunchDisabled,"Hedef dünya, kısıtlamaya sahip. Lütfen başka bir dünyayı dene veya daha sonra tekrar dene."
InGame.ConnectionError.PlacelaunchError,Katılmaya çalıştığın sunucu bulunamıyor. Lütfen daha sonra tekrar dene.
InGame.ConnectionError.PlacelaunchErrors,Deneyime katılırken bir hata oluştu. Lütfen tekrar dene.
InGame.ConnectionError.PlacelaunchFlooded,Sunucu şu anda meşgul. Lütfen tekrar dene.
InGame.ConnectionError.PlacelaunchGameEnded,Bu deneyim sona erdi veya bir sistem hatası nedeniyle sunucu beklenmedik bir şekilde kullanılamaz duruma geldi
InGame.ConnectionError.PlacelaunchGameFull,İstenilen deneyim dolu
InGame.ConnectionError.PlacelaunchHashException,Bu deneyim şu anda kullanılamıyor. Lütfen daha sonra tekrar dene.
InGame.ConnectionError.PlacelaunchHashExpired,
InGame.ConnectionError.PlacelaunchHttpError,Bir Http hatası oluştu. Lütfen istemciyi kapatıp tekrar dene.
InGame.ConnectionError.PlacelaunchOtherError,Bazı teknik sıkıntılar yaşıyoruz. Lütfen daha sonra tekrar dene.
InGame.ConnectionError.PlacelaunchPartyCannotFit,"Grubun, bu deneyime katılamayacak kadar büyük. Farklı bir deneyime katılmayı dene."
InGame.ConnectionError.PlacelaunchRestricted,Deneyimin durumu değişti ve bu deneyime artık erişimin yok. Lütfen daha sonra tekrar dene.
InGame.ConnectionError.PlacelaunchUnauthorized,Bu deneyime katılmak için iznin yok.
InGame.ConnectionError.PlacelaunchUserLeft,Katılmaya çalıştığın kullanıcı deneyimden ayrıldı.
InGame.ConnectionError.PlacelaunchUserPrivacyUnauthorized,Gizlilik ayarların bu sunucuya katılmanı engelliyor.
InGame.ConnectionError.Queue,{POSITION}. sıradasın
InGame.ConnectionError.ReconnectFailed,Yeniden bağlanma başarısız oldu. Lütfen tekrar dene.
InGame.ConnectionError.ReconnectingAttempt,Yeniden bağlanılıyor ({RBX_ATTEMPT}. girişim)...
InGame.ConnectionError.ReconnectingAttemptInSecond,1 saniye içinde yeniden bağlanılıyor ({RBX_ATTEMPT}. girişim)...
InGame.ConnectionError.ReconnectingAttemptInSeconds,{RBX_SECONDS} saniye içinde yeniden bağlanılıyor ({RBX_ATTEMPT}. girişim)...
InGame.ConnectionError.RemoteAttestationBootValidationFailure,Bu oyun için güvenilir bir işletim sistemi gerekiyor. Lütfen desteklenen bir cihazda Roblox'u çalıştır ve önyükleyicinin kilitli olmasına dikkat et.
InGame.ConnectionError.RemoteAttestationGeneralFailure,"Roblox, uygulamanın orijinalliğini doğrulayamadı. Lütfen işletim sisteminin güvenilir ve güncel olup olmadığını kontrol et, ardından resmî bir indirme konumundan Roblox'u yeniden yükle."
InGame.ConnectionError.RemoteAttestationOSOutOfDate,Bu yer için güncel bir Android kurulumu gerekiyor. Lütfen işletim sisteminin güncelliğini kontrol et.
InGame.ConnectionError.RemoteAttestationTimeout,"Roblox, bir ağ sorunu nedeniyle oyunun orijinalliğini doğrulayamadı. Lütfen yeniden bağlan."
InGame.ConnectionError.RemoteAttestationUnsupported,Bu oyun için donanım güvenliğiyle ilgili ek gereklilikler söz konusu. Lütfen desteklenen bir cihazda Roblox'u çalıştır.
InGame.ConnectionError.ServerShutdown,Deneyimle bağlantı kesildi. Sunucu kapatıldı.
InGame.ConnectionError.TeleportErrors,Beklenmedik bir hata nedeniyle ışınlanma başarısız oldu. Lütfen tekrar ışınlanmayı dene.
InGame.ConnectionError.TeleportFailure,
InGame.ConnectionError.TeleportFlooded,Çok fazla ışınlanma talebinde bulunuldu. Lütfen daha sonra tekrar dene.
InGame.ConnectionError.TeleportGameEnded,Sunucu artık kullanılamıyor. Lütfen farklı bir sunucuyu dene veya daha sonra tekrar dene.
InGame.ConnectionError.TeleportGameFull,Sunucu dolu. Lütfen daha sonra tekrar dene veya başka bir sunucu kullan.
InGame.ConnectionError.TeleportGameNotFound,Hedef dünya bulunamıyor. Lütfen bir kez daha kontrol edip tekrar dene.
InGame.ConnectionError.TeleportUnauthorized,Kısıtlamaya sahip bir dünyaya ışınlanmaya çalışıldı.
InGame.ConnectionError.Title.ConnectionFailed,Bağlantı kurulamadı
InGame.ConnectionError.Title.Disconnected,
InGame.ConnectionError.Title.JoinError,Katılım Hatası
InGame.ConnectionError.Title.LowMemoryWarning,Düşük Bellek Uyarısı
InGame.ConnectionError.Title.TeleportFailed,Işınlanma Başarısız
InGame.ConnectionError.UnknownError,Bilinmeyen hata.
InGame.EmotesMenu.EmotesDisabled,Bu deneyimde ifadeler devre dışı bırakıldı.
InGame.EmotesMenu.ErrorMessageAnimationPlaying,
InGame.EmotesMenu.ErrorMessageNoMatchingEmote,
InGame.EmotesMenu.ErrorMessageNotSupported,
InGame.EmotesMenu.ErrorMessageR15Only,
InGame.EmotesMenu.ErrorMessageSwitchToR15,
InGame.EmotesMenu.ErrorMessageTemporarilyUnavailable,
InGame.EmotesMenu.NoEmotesEquipped,Donanılmış hiç İfade yok
InGame.EmotesMenu.SelectAnEmote,Bir İfade Seç
InGame.EmotesMenu.VisitShopToGetEmotes,Hiç ifaden yok. İfade almak için Mağazayı ziyaret et!
InGame.FriendPlayerPrompt.Action.Send,
InGame.FriendPlayerPrompt.Title.SendFriendRequest,Arkadaşlık İsteği Gönderilsin mi?
InGame.FriendPlayerPrompt.Title.SendFriendRequest.FriendsRename,Arkadaşlık isteği gönderilsin mi?
InGame.GameplayPaused.Body,Oyun duraklatıldı: Oyun içeriği yüklenirken lütfen bekle.
InGame.GameplayPaused.Title,Oyun Duraklatıldı
InGame.HelpMenu.Controls.ToggleGameMenu,Oyun Menüsü Geçişi
InGame.HelpMenu.DownArrow,Aşağı Ok Tuşu
InGame.HelpMenu.Label.ClientCoreScriptVersion,İstemci CoreScript Sürümü:
InGame.HelpMenu.Label.ClientVersion,İstemci Sürümü:
InGame.HelpMenu.Label.PlaceVersion,Dünya Sürümü:
InGame.HelpMenu.Label.PlaySessionId,PlaySessionId: {RBX_STR}
InGame.HelpMenu.Label.PlayerScripts,Oyuncu Kodlamaları:
InGame.HelpMenu.Label.ServerChannel,Sunucu Kanalı:
InGame.HelpMenu.Label.ServerVersion,Sunucu Sürümü:
InGame.HelpMenu.LeftArrow,Sol Ok Tuşu
InGame.HelpMenu.RightArrow,Sağ Ok Tuşu
InGame.HelpMenu.UpArrow,Yukarı Ok Tuşu
InGame.InspectMenu.Action.Cancel,
InGame.InspectMenu.Action.Confirm,
InGame.InspectMenu.Action.Favorite,
InGame.InspectMenu.Action.FromResale,Yeniden Satıştan {PRICE}
InGame.InspectMenu.Action.Go,Git
InGame.InspectMenu.Action.LimitReached,Öğe Sınırına Ulaşıldı
InGame.InspectMenu.Action.SoldOut,
InGame.InspectMenu.Action.TakeOff,
InGame.InspectMenu.Action.TryOn,
InGame.InspectMenu.Action.Unfavorite,Favorilerden Çıkar
InGame.InspectMenu.Action.View,
InGame.InspectMenu.Attribution.GoToDescription,Bu bölgeden ayrılacak ve {EXPERIENCE_NAME} deneyimine gideceksin.
InGame.InspectMenu.Attribution.GoToExperience,Deneyime gidilsin mi?
InGame.InspectMenu.Description.LayeredClothingR6,"R6 vücut tipi, bu öğeyi desteklemiyor."
InGame.InspectMenu.Description.LimitedNotice,"Bu öğe, yalnızca Katalogdaki satıcılardan satın alınabilir."
InGame.InspectMenu.Description.MultipleBundlesNotice,"Bu öğe, birden fazla paketin bir parçasıdır."
InGame.InspectMenu.Description.NoInventoryNotice,"Bu kullanıcı, inceleyebileceğin herhangi bir öğe giymiyor."
InGame.InspectMenu.Description.SingleBundleNotice,"Bu öğe, bir paketin parçasıdır."
InGame.InspectMenu.Label.Avatar,{PLAYER_NAME} Adlı Oyuncunun Avatarı
InGame.InspectMenu.Label.Limited,
InGame.InspectMenu.Label.LimitedItems,Sınırlı öğe
InGame.InspectMenu.Label.Offsale,
InGame.InspectMenu.Label.Owned,
InGame.InspectMenu.Label.OwnedItems,Sahip Olunan Öğelerin Sayısı ({QUANTITY})
InGame.InspectMenu.Label.PremiumOnly,Premium'a Özel
InGame.InspectMenu.Label.VerifiedAvatar,{PLAYER_NAME}{VERIFIED_BADGE} Adlı Oyuncunun Avatarı
InGame.NotificationScrip2.onCurrentGraphicsQualityLevelChanged.Decreased,{RBX_NUMBER}. seviyeye düşürüldü
InGame.NotificationScrip2.onCurrentGraphicsQualityLevelChanged.Increased,{RBX_NUMBER}. seviyeye çıkarıldı
InGame.NotificationScript2.Capture.Fail.ToastText,Yakalama Başarısız
InGame.NotificationScript2.Capture.Permission.AlertButtonText,
InGame.NotificationScript2.Capture.Permission.AlertText,"Bu özelliği kullanabilmek için fotoğraf izinlerini etkinleştirmen gerekiyor. Bu ayar, cihazının ayarlarından değiştirilebilir."
InGame.NotificationScript2.Capture.Permission.AlertTextAndroid,"Yakalamaları, fotoğraf kitaplığına kaydetmek için Ayarlar > Roblox > İzinler'e git ve Depolama'yı etkinleştir."
InGame.NotificationScript2.Capture.Permission.AlertTextIOS,"Ayarlar > Gizlilik > Fotoğraflar'a git ve Roblox'un, yakalamalarını galerine kaydetmesini etkinleştir."
InGame.NotificationScript2.Capture.Permission.AlertTitle,Kaydetme İzinlerini Etkinleştir
InGame.NotificationScript2.Capture.Success.ToastText,Yakalama Kaydedildi
InGame.NotificationScript2.FriendRequestEvent.Accept,Artık {RBX_NAME} ile arkadaşsın!
InGame.NotificationScript2.Message.ConnectionRequestEvent.Accepted,
InGame.NotificationScript2.Message.ConnectionRequestEvent.Sent,Sana bir arkadaşlık isteği gönderdi!
InGame.NotificationScript2.Message.FriendRequestEvent.Accepted,
InGame.NotificationScript2.Message.FriendRequestEvent.Sent,
InGame.NotificationScript2.Screenshot.ButtonText,Klasörü Aç
InGame.NotificationScript2.Screenshot.Description,Ekran görüntüsünü görmek için ekran görüntüleri klasörüne göz at.
InGame.NotificationScript2.Screenshot.Title,Ekran Görüntüsü Alındı
InGame.NotificationScript2.UINavigation.Text,Değiştirmek için ters eğik çizgi (\)
InGame.NotificationScript2.UINavigation.Title,Kullanıcı Arayüzü Gezinmesi Etkin
InGame.NotificationScript2.Video.ButtonText,
InGame.NotificationScript2.Video.Description,Videoyu görmek için video klasörüne göz at.
InGame.NotificationScript2.Video.Title,Video Kaydedildi
InGame.NotificationScript2.onBadgeAwardedDetail,"{RBX_NAME}, {CREATOR_NAME} adlı yaratıcının ""{BADGE_NAME}"" rozetini kazandı!"
InGame.NotificationScript2.onBadgeAwardedTitle,Ödüllendirilen Rozet
InGame.NotificationScript2.onPointsAwarded.multiple,{RBX_NUMBER} puan kazandın!
InGame.NotificationScript2.onPointsAwarded.single,
InGame.PlayerDropDown.Accept,
InGame.PlayerDropDown.Action.ConnectionRequest,Arkadaşlık İsteği
InGame.PlayerDropDown.Block,
InGame.PlayerDropDown.CancelRequest,İsteği İptal Et
InGame.PlayerDropDown.ConfirmUnfriend,Arkadaşlıktan çıkarmayı onaylamak için dokun
InGame.PlayerDropDown.Decline,
InGame.PlayerDropDown.Examine,
InGame.PlayerDropDown.OtherPlayerFriendLimit,"{RBX_NAME}, maksimum arkadaş sınırına ulaşmış durumda."
InGame.PlayerDropDown.Report,
InGame.PlayerDropDown.UnBlock,
InGame.PlayerDropDown.Unfriend,
InGame.PlayerList.FooterLastUpdated,En son {minutes} dakika önce güncellendi
InGame.PlayerList.FooterUnableToLoad,Yüklenemiyor
InGame.PlayerList.FriendsEmpty,Henüz hiçbir arkadaşın bu deneyimi oynamadı.
InGame.PlayerList.Leaderboard,
InGame.PlayerList.LeaderboardUnavailable,Liderlik tablosu kullanılamıyor. Lütfen daha sonra tekrar dene.
InGame.PlayerList.Players,
InGame.PlayerList.RankHeader,Rütbe
InGame.PlayerList.Retry,
InGame.Presence.Label.InGame,
InGame.Presence.Label.InStudio,Studio'da
InGame.Presence.Label.Offline,
InGame.Presence.Label.Online,
InGame.UnknownNamespace.BACKPACK_SEARCH,
InGame.UnknownNamespace.GameChat.FriendChatNotifier.JoinMessage,Arkadaşın {RBX_NAME} deneyime katıldı.
InGame.UnknownNamespace.GameChat_ChatCommandsTeller_MuteCommand,/mute <speaker>: bir konuşmacıyı sessize al.
InGame.UnknownNamespace.GameChat_ChatCommandsTeller_TeamCommand,/team <message> veya /t <message>: takımındaki kişilere takım sohbeti gönder.
InGame.UnknownNamespace.GameChat_ChatCommandsTeller_UnMuteCommand,/unmute <speaker>: bir konuşmacının sesini aç.
InGame.UnknownNamespace.GameChat_ChatCommandsTeller_WhisperCommand,/whisper <speaker> veya /w <speaker>: bir konuşmacı ile özel mesaj kanalı aç.
InGame.UnknownNamespace.GameChat_FriendChatNotifier_JoinMessage,Etkileşim ağında bulunan {RBX_NAME} deneyime katıldı.
InGame.UnknownNamespace.GameChat_PrivateMessaging_CannotWhisperToSelf,Kendinle bir özel mesaj kanalı açamazsın.
InGame.UnknownNamespace.GameChat_TeamChat_NowInTeam,"Artık ""{RBX_NAME}"" takımındasın."
InGame.UnknownNamespace.Network,(Ağ bağlantısı)
InGame.UnknownNamespace.Received,Alındı
InGame.UnknownNamespace.Sent,
Notifications.NotificationStream.Bundle.ShowLess,Daha azını göster
Notifications.NotificationStream.Bundle.ShowMoreV2,{notificationCount} daha
Notifications.NotificationStream.Label.AllCaughtUp,Tüm bildirimleri okudun!
Notifications.NotificationStream.Label.Notifications,
Notifications.SafetyAvatarModeration.Description.NotificationTypeInExpWarnMsg,"Lütfen avatarını değiştir. Yakında, Topluluk Standartlarımızı ihlal eden avatarları olan oyuncuların bu oyuna erişimi askıya alınacak."
Notifications.SafetyAvatarModeration.Label.NotificationTypeInExpWarn,Avatarın kuralları ihlal etti
Notifications.SquadRegroupPrompt.ToastAction.Dismiss,
Notifications.SquadRegroupPrompt.ToastAction.Join,
Notifications.SquadRegroupPrompt.ToastLabel.ContinuePlayingTogether,Birlikte oynamaya devam et
Notifications.SquadRegroupPrompt.ToastLabel.JoinANewServer,Yeni bir sunucuya katıl
Notifications.ToastNotifications.Label.LeaveExperienceConfirmation,Bu deneyimden ayrılıp başka bir deneyime katılmak istediğine emin misin?
Notifications.ToastNotifications.Title.LeavingExperience,Deneyimden Ayrılıyorsun
PlayerFeedbacks.VoteForm.Message.Action.Report,
PlayerFeedbacks.VoteForm.Message.MaxLengthCharacters,{count} karakterden az olmalı.
PlayerFeedbacks.VoteForm.Message.MinLengthCharacters,{count} karakterden fazla olmalı.
PlayerFeedbacks.VoteForm.Message.ReportAbuseInsteadLong,Güvenlik ile ilgili bir sorun mu var? <u>Kötüye kullanımı buradan bildir</u>.
PlayerFeedbacks.VoteForm.Message.SubmitSuccess,
PlayerFeedbacks.VoteForm.PromptBanner.GiveFeedbackButton,Geri bildirim gönder
PlayerFeedbacks.VoteForm.PromptBanner.Message,Yanıtın yaratıcı ile isimsiz bir şekilde paylaşılacak
PlayerFeedbacks.VoteForm.PromptBanner.Title,Bu deneyimi geliştirmeye destek ol
PlayerFeedbacks.VoteForm.PromptBanner.TitleOnly,Yaratıcının bu deneyimi geliştirmesine destek ol
Purchasing.PurchaseDialog.Heading.PendingDeveloperProductLimitReached,
Purchasing.PurchaseDialog.Message.PendingDeveloperProductLimitReached,Daha fazla ürün almadan önce satın alımlarını elde etmek için deneyime katıl.
Roblox.ReferralRewards.AdditionalCreatorTerms,Ek İçerik Oluşturucu Şartları
Roblox.ReferralRewards.Expires,
Roblox.ReferralRewards.ReferralProgramTerms,Yönlendirme Programı Koşulları
Roblox.ReferralRewards.RewardBannerBody,"Bir arkadaşını davet edersen {gameName}, ödül olarak sana {rewardName} verir. Koşullar geçerlidir."
Roblox.ReferralRewards.RewardBannerHeader,{rewardName} seni bekliyor!
Roblox.ReferralRewards.RewardBannerModalCreatorSupport,Bu ödül {creatorName} tarafından sağlanmaktadır. Destek ve soruların için lütfen doğrudan kendisiyle iletişime geç.
Roblox.ReferralRewards.RewardBannerModalRewardDetails,Ödül Ayrıntıları
Roblox.ReferralRewards.RewardBannerModalTitle,Arkadaş Yönlendirme Ödülü
Translation.PlayerChoiceSettings.GameSettings.PlayerChoiceSettingDescription,Seçtiğin dil desteklenmediğinde tüm deneyimleri otomatik olarak çevir
Translation.PlayerChoiceSettings.GameSettings.PlayerChoiceSettingLabel,Otomatik Çeviriler
Verification.Identity.Label.AgeVerifyPrompt,Roblox'tan en iyi şekilde yararlanmak için yaşını doğrula!
Verification.Identity.Label.ConnectingToMobile,Cep telefonuna bağlanılıyor
Verification.Identity.Label.HavingTroubleScanCode,Sorun mu yaşıyorsun? Doğrulama sürecini yeniden başlatmak için yukarıdaki QR kodunu tara.
Verification.Identity.Label.PleaseDoNotClose,Doğrulama işlemi tamamlanana kadar lütfen bu pencereyi kapatma.
Verification.Identity.Label.UpdatingRoblox,Roblox profilin güncelleniyor
Verification.Identity.Label.VerificationWaitingForResults,Sonuçlar bekleniyor
Verification.Identity.Label.VerifyInBrowser,Devam etmek için lütfen mobil tarayıcında doğrulama akışını tamamla.
Verification.Identity.Label.VerifyingYou,Doğrulanıyorsun
