Key,Value
AccountIdentity.AgeCheck.Label.AgeBandOver13,13 歲以上
AccountIdentity.AgeCheck.Label.AgeBandOver13Checked,已驗證年齡為 13 歲以上
AccountIdentity.AgeCheck.Label.AgeBandOver18,18 歲以上
AccountIdentity.AgeCheck.Label.AgeBandOver18Checked,已驗證年齡為 18 歲以上
AccountIdentity.AgeCheck.Label.AgeBandUnder13,13 歲以下
AccountIdentity.AgeCheck.Label.AgeGroup13To15,13 至 15 歲
AccountIdentity.AgeCheck.Label.AgeGroup16To17,16 至 17 歲
AccountIdentity.AgeCheck.Label.AgeGroup18To20,18 至 20 歲
AccountIdentity.AgeCheck.Label.AgeGroup18To24,18 到 24 歲
AccountIdentity.AgeCheck.Label.AgeGroup9To12,9 至 12 歲
AccountIdentity.AgeCheck.Label.AgeGroupOver21,21 歲以上
AccountIdentity.AgeCheck.Label.AgeGroupOver25,25 歲以上
AccountIdentity.AgeCheck.Label.AgeGroupUnder9,5 至 8 歲
Amp.AccountSettingsUpsell.Email.Button.Cancel,取消
Amp.AccountSettingsUpsell.Email.Button.Settings,設定
Amp.AccountSettingsUpsell.Email.Modal.ContentText,"請驗證電子郵件地址以存取此功能

1. 前往設定中的帳號資訊
2. 選擇新增電子郵件地址
3. 完成驗證過程"
Amp.AccountSettingsUpsell.Email.Modal.Title,需要通過電子郵件驗證
Amp.AccountSettingsUpsell.Phone.Button.Cancel,
Amp.AccountSettingsUpsell.Phone.Button.Settings,
Amp.AccountSettingsUpsell.Phone.Modal.ContentText,"請驗證手機號碼以參與此體驗。

1. 前往設定中的帳號資訊
2. 選擇新增手機號碼
3. 完成驗證過程"
Amp.AccountSettingsUpsell.Phone.Modal.Title,需要通過手機號碼驗證
Amp.ErrorScreen.BodyText,無法擷取您的存取狀態
Amp.ErrorScreen.Cancel,
Amp.ErrorScreen.Retry,重試
Amp.ErrorScreen.Title,發生錯誤
Amp.ErrorScreen.UserMismatchBody,這是其他帳號的 QR 碼。請切換帳號並再次掃描以繼續。
Amp.ErrorScreen.UserMismatchTitle,錯誤的帳號
Amp.FAEUpsell.Modal.ExternalLink.ButtonCancel,
Amp.FAEUpsell.Modal.ExternalLink.ButtonStart,繼續
Amp.FAEUpsell.Modal.ExternalLink.Text,如此可解鎖更多遊戲和聊天等功能。
Amp.FAEUpsell.Modal.ExternalLink.Title,請驗證你的年齡
Amp.FAEUpsell.Modal.Failed.ButtonClose,關閉
Amp.FAEUpsell.Modal.Failed.ButtonRetry,
Amp.FAEUpsell.Modal.Failed.Text,發生錯誤，請稍後再試。
Amp.FAEUpsell.Modal.Failed.Title,確認年齡時發生錯誤
Amp.FAEUpsell.Modal.Loading.ButtonCancel,
Amp.FAEUpsell.Modal.Loading.Text,這可能需要一些時間。若取消，可能無法驗證你的年齡。
Amp.FAEUpsell.Modal.Loading.Title,正在確認你的年齡
Amp.FAEUpsell.Modal.QRCode.Description,完成年齡驗證，即可解鎖更多遊戲和功能。請使用手機或平板電腦掃描此 QR 碼。
Amp.FAEUpsell.Modal.QRCode.Footer,不想掃描嗎？請在行動裝置上下載 Roblox App，依序前往「設定」>「帳號資訊」
Amp.FAEUpsell.Modal.QRCode.Title,使用行動裝置 App 完成年齡驗證
Amp.IDVErrorScreen.Close,
Amp.IDVErrorScreen.Declined,對不起，您的驗證因安全原因遭拒。請等幾天後再重新嘗試。
Amp.IDVErrorScreen.Retry,發生錯誤，請重新整理頁面再試一次。
Amp.IDVErrorScreen.Timeout,抱歉，驗證時間太長。請重新整理頁面後再試一次。
Amp.IDVErrorScreen.Title,驗證失敗
Amp.IDVUpsell.Button.Cancel,
Amp.IDVUpsell.Button.StartVerification,開始驗證
Amp.IDVUpsell.Directions.IDBody,駕照、護照、身分證、居留證
Amp.IDVUpsell.Directions.IDHeader,準備有效證件
Amp.IDVUpsell.Directions.PhoneBody,您必須使用智慧型手機才可繼續
Amp.IDVUpsell.Directions.PhoneHeader,使用智慧型手機
Amp.IDVUpsell.Modal.Disclaimer,請注意：您即將開始進行我們的第三方服務供應商提供的 ID 驗證程序。此過程中收集的資訊將用於維護您的帳號安全和/或啟用 Roblox 功能。
Amp.IDVUpsell.Modal.PrivacyLinkText,Roblox 生物辨識隱私權布告
Amp.IDVUpsell.Modal.QRHeaderText,掃描 QR 碼即開始
Amp.IDVUpsell.Modal.Title,需要驗證年齡
Amp.IDVUpsell.PrivacyPageHeader,隱私權政策
Amp.Upsell.Action.AskNow,立即詢問
Amp.Upsell.Description.PrologueEnablePurchase,由於地區限制，您需要家長許可才能進行此購買。
Amp.Upsell.Description.PrologueJoinExperience,需要取得家長許可，才能加入此體驗。
Amp.Upsell.Description.PrologueTextVpc,您需要家長的許可。
Amp.Upsell.Description.PrologueUnblockUser,您需要家長許可才能解除封鎖「{displayName}」
Amp.Upsell.Message.EmailSent,我們已傳送電子郵件至 {parentEmail}
Amp.Upsell.Message.EmailSentPluralParent,我們已傳送電子郵件給您連結的家長
Amp.Upsell.Title.AskYourParent,詢問您的家長
Amp.Upsell.Title.RequestSent,已傳送請求
Application.Logout.Action.Logout,登出
Application.Logout.Message.Confirmation,確定登出？
Authentication.AccountSwitch.Action.SwitchAccount,切換帳戶
Authentication.AccountSwitch.Header.SwitchAccountSentenceCase,切換帳號
Authentication.CrossDevice.Heading.QuickLogin,快速登入
Authentication.Login.Action.QuickSignIn,
Authentication.Login.Button.CloseAndSwitchPlatformAccount,離開 Roblox 以切換成 {platformAccountName} 帳號
Authentication.Login.Button.UseDifferentRobloxAccount,使用其他 Roblox 帳號
Authentication.Login.Error.PasskeyOnlyAccount,您的帳號只有一組密碼金鑰可用於登入。請嘗試使用密碼金鑰登入或恢復帳號。
Authentication.Login.Error.PlatformAccountConnectionFailure,無法驗證平台帳號，請稍後再試。
Authentication.Login.Heading.IncompatibleAccounts,帳號不相容
Authentication.Login.Label.LearnMore,了解更多
Authentication.Login.LinkIllegalChildAccountLinking,此 Roblox 帳號無法連結至 Xbox 兒童帳號。請嘗試使用其他帳號，或檢查你的設定。
Authentication.Login.Response.AlreadyLinked,這個 Roblox 帳號已連結到 {platform} 上的其他帳號。請嘗試使用其他 Roblox 帳號登入。
Authentication.Login.Response.IncorrectEmailOrPassword,電子郵件或密碼不正確。
Authentication.Login.Response.IncorrectOtpCode,驗證碼不正確，請檢查後重新嘗試。
Authentication.Login.Response.IncorrectPhoneOrPassword,手機或密碼不正確。
Authentication.Login.Response.IncorrectUsernamePassword,使用者名稱或密碼不正確。
Authentication.Login.Response.InvalidPasskeyCredential,無法使用此密碼金鑰登入。如要重新獲得存取權，請前往「忘記密碼或使用者名稱」。
Authentication.Login.Response.MoreThanOneUsername,有多組帳號加入此電子郵件地址，請以您的使用者名稱登入。
Authentication.Login.Response.PlatformAlreadyLinked,此 {platform} 帳號已連結到其他 Roblox 帳號。請使用已連結的 Roblox 帳號登入。
Authentication.Login.Response.RelinkingFreeze,這個 Roblox 帳號在過去 90 天內已連結到 {platform} 的其他帳號。請嘗試用其他 Roblox 帳號登入。
Authentication.Login.Response.Require2FA,主機上不支持兩步驗證。請按照右邊的指示安全登入。
Authentication.Login.Response.Require2FAGeneric,此裝置不支援必要的額外驗證。請按照右邊指示安全登入。
Authentication.Login.Response.ServiceUnavailable,無法使用服務，請稍後再試。
Authentication.Login.Response.SomethingWentWrong,
Authentication.Login.Response.UnknownErrorLoginWithDifferentMethod,發生錯誤。請嘗試以其他方法登入。
Authentication.Login.Response.UnverifiedEmailLoginWithUsername,您的電子郵件未驗證，請以您的使用者名稱登入。
Authentication.Login.WeChat.AntiAddictionText,抵制劣質與抄襲體驗！玩遊戲有益身心，但過度沉迷會對身體造成影響。控制遊戲時間，享受健康人生！
Authentication.SignUp.Button.RetryLogIn,重試登入
Authentication.SignUp.Description.AccountAlreadyLinked,你的 {platformAccountName} 帳號已與 Roblox 帳號綁定。請試著重新登入。
Authentication.SignUp.Description.VerificationLinkingText.VariableButtonName,您的 Roblox 帳號將連結到您在 {platform} 的帳號。您可以隨時從設定畫面取消連結。成功連結到 {platform} 上的另一個帳號之前，可能會有一段時間的等待期。按一下「{ctaButton}」即表示您同意使用條款（包括仲裁條款），並瞭解隱私權政策。
Authentication.SignUp.Heading.CountryCodeSelector,選擇國家
Authentication.SignUp.Heading.RetryLogIn,
Authentication.SignUp.Response.ErrorTryAgain,
Authentication.TwoStepVerification.Action.GoToSecurity,
Authentication.TwoStepVerification.Label.TwoStepRequired,繼續交易之前需要進行雙步驟驗證。請前往設定 > 安全完成雙步驟驗證。
Authentication.TwoStepVerification.Response.TooManyAttempts,嘗試次數過多，請稍後再試。
Authentication.TwoStepVerification.Title.VerificationRequired,需要驗證
AvatarGeneration.SelfieConsent.AgreeButton,同意
AvatarGeneration.SelfieConsent.BodyTextLink,上傳圖片即代表您確認自己有權使用該圖片，並同意 Roblox 收集、使用及分享圖片的 Gen AI 成像，以供創作者進行虛擬人偶創作。
AvatarGeneration.SelfieConsent.CancelButton,
AvatarGeneration.SelfieConsent.PrivacyLinkText,
AvatarGeneration.SelfieConsent.QRBody,{fontStart}使用手機掃描 QR 碼並拍攝自拍照。{fontEnd}
AvatarGeneration.SelfieConsent.QRErrorBody,{fontStart}若要取得新的 QR 碼，請從遊戲或體驗中重新開始。{fontEnd}
AvatarGeneration.SelfieConsent.QRErrorTitle,{fontStart}作業逾時{fontEnd}
AvatarGeneration.SelfieConsent.QRTitle,{fontStart}掃描 QR 碼即可開始{fontEnd}
AvatarGeneration.SelfieConsent.Title,使用圖片生成我的虛擬人偶。
Common.GameSorts.Label.Favorites,最愛
Common.Presence.Label.InExperience,體驗中
Common.Presence.Label.Invisible,隱藏
Common.Presence.Label.Offline,離線
Common.Presence.Label.Online,在線
Common.Presence.Label.RobloxStudio,Roblox Studio
Common.UGCValidation.ErrorLabel.AQSFail_AnimationTooLong,動畫太長（{duration} 秒）。動作動畫最長只能 {maxLength} 秒。
Common.UGCValidation.ErrorLabel.AQSFail_AnimationTooShort,動畫太短（{duration} 秒）。動作動畫必須超過 {minLength} 秒。
Common.UGCValidation.ErrorLabel.AQSFail_MeshIslandML,你的身體包含小型未連接的網格元件（網格島）。請移除浮動幾何，並確保所有網格部位皆已正確連接。
Common.UGCValidation.ErrorLabel.AQSFail_TooManyDisconnectedComponents,素材品質：{partName} 有 {num_disconnected_components} 個未連接的元件，超過 {max_disconnected_components} 個的上限。
Common.UGCValidation.ErrorLabel.AQSInputDataError,由於輸入資料不正確或不完整，無法正確計算品質分數。請檢查你的模型或提交錯誤報告
Common.UGCValidation.ErrorLabel.AQSInternalError,由於資產品質錯誤，無法產生分數。請檢查輸入資料的正確性，然後再試一次，或提交錯誤報告。
Common.UGCValidation.ErrorLabel.AQSWarn_CageMeshDistance,素材品質警告：圍籠與網格之間的距離分數為 {score}。外部圍籠與網格之間的最長距離為 {max_distance}，{negative_sdf_percent}% 的外部圍籠頂點位於成像網格內部。
Common.UGCValidation.ErrorLabel.AQSWarn_CageMeshDistanceAvatar,素材品質警告：身體圍籠距離分數為 {score}。身體圍籠與網格之間的最長距離為 {max_distance}，{negative_sdf_percent}% 的身體圍籠頂點位於身體網格內部。
Common.UGCValidation.ErrorLabel.AQSWarn_CageMeshDistanceHead,素材品質警告：頭部圍籠距離分數為 {score}。頭部圍籠與網格之間的最長距離為 {max_distance}，{negative_sdf_percent}% 的頭部圍籠頂點位於頭部網格內部。
Common.UGCValidation.ErrorLabel.AQSWarn_CageRelevancy,素材品質警告：圍籠相關性分數為 {score}。已修改的外部圍籠頂點中，有 {irrelevant_percent}% 未覆蓋飾品。
Common.UGCValidation.ErrorLabel.AQSWarn_CageUV,素材品質警告：圍籠 {cage_name} 的 UV 分數為 {score}。UV 數量不正確：{incorrect_uv_count}。
Common.UGCValidation.ErrorLabel.AQSWarn_DegenTriangles,素材品質：{partName} 有 {degenerate_triangle_percent}% 的退化三角形（分數：{score}）。
Common.UGCValidation.ErrorLabel.AQSWarn_DynamicHead,素材品質警告：動態頭部表情分數為 {score}。
Common.UGCValidation.ErrorLabel.AQSWarn_JointNumber,素材品質：關節設定分數為 {score}（關節：{joint_number}，左手：{left_hand_joint_number}，右手：{right_hand_joint_number}）。
Common.UGCValidation.ErrorLabel.AQSWarn_MeshIslandVolume,素材品質：在 {num_disconnected_components} 個元件中，{partName} 有 {num_small_volume_islands} 個小型未連接的島嶼（分數：{score}）。
Common.UGCValidation.ErrorLabel.AQSWarn_MeshManifold,素材品質：{partName} 有網格流形問題（分數：{score}）。
Common.UGCValidation.ErrorLabel.AQSWarn_MeshNotWatertight,素材品質：{partName} 網格非密封（{boundary_edges_percent}% 邊界邊緣）。
Common.UGCValidation.ErrorLabel.AQSWarn_MeshOutsideOuterCage,素材品質警告：網格圍阻分數為 {score}。{mesh_outside_outer_cage_percent}% 的網格頂點位於外部圍籠之外。
Common.UGCValidation.ErrorLabel.AQSWarn_MissingData,由於輸入資料不完整或無效，因此無法計算 {measureName} 的素材品質分數。這並不會使你無法上傳。
Common.UGCValidation.ErrorLabel.AQSWarn_TextureComplexity,素材品質：紋理 {textureName} 的複雜度低（分數：{score}）。
Common.UGCValidation.ErrorLabel.AQSWarn_TextureResolution,素材品質：紋理 {textureName} 的解析度為 {texture_width} x {texture_height}（分數：{score}）。
Common.UGCValidation.ErrorLabel.AQSWarn_TriangleIntersection,素材品質：{partName} 有 {intersecting_tri_face_percent}% 的相交三角形面（分數：{score}）。
Common.UGCValidation.ErrorLabel.AQSWarn_UVBound,素材品質：{partName} 有 {uv_outside_bound_vert_percent}% 的 UV 頂點超出界限（分數：{score}）。
Common.UGCValidation.ErrorLabel.AQSWarn_VertexSimilarity,素材品質：{partName} 有 {similar_vertex_percent}% 的相似頂點（分數：{score}）。
Common.UGCValidation.ErrorLabel.AccessoryAttachmentOutOfBounds,「{PartName}」中的飾品附件「{AttachmentName}」，必須放置在網格表面附近。目前位置 [{CurrentPosition}] 超出有效區域。請將其移動至更靠近 [{ClosestValidPosition}] 的位置。
Common.UGCValidation.ErrorLabel.AccessorySkinning_ExtraJoint,手把已蒙皮至關節 {jointName}，但該關節不屬於允許的結構。僅允許使用標準 R15 關節和蒙皮轉移關節。
Common.UGCValidation.ErrorLabel.AccessorySkinning_MissingTransferJoint,{assetType} 必須使用蒙皮轉移，但你缺少必要的關節 {requiredJointName}。
Common.UGCValidation.ErrorLabel.AccessorySkinning_NotLeaderOrFollower,手把已蒙皮至關節 {jointName}，但此素材必須使用自動蒙皮。僅可蒙皮至 {validJointNameList}。
Common.UGCValidation.ErrorLabel.AccessorySkinning_RequiredSkinningTransfer,{assetType} 必須使用蒙皮轉移，請將 WrapLayer.AutoSkin 設為 EnabledOverride。
Common.UGCValidation.ErrorLabel.AccessorySkinning_RigidIsSkinned,剛性飾品包含不支援的蒙皮資料。請確保骨骼未隨網格一併匯入。
Common.UGCValidation.ErrorLabel.AccessorySkinning_TransferJointWithoutAutoSkin,手把包含關節 {jointName}，這只有在 WrapLayer.AutoSkin 設定為 EnabledOverride 時才允許。
Common.UGCValidation.ErrorLabel.AccessorySkinning_WeightNotFull,已蒙皮至轉移關節的頂點必須完全加權。
Common.UGCValidation.ErrorLabel.AnimationPack_DuplicateAnimationId,動畫包組合中的多個片段使用了重複的動畫編號「{animationId}」：{instancePaths}。每個動畫片段都必須各自引用不同的動畫素材。
Common.UGCValidation.ErrorLabel.AnimationPack_InvalidR15AnimChildren,動畫包組合缺少預期的動畫類型：{missingAnimationTypes}。每個動畫類型都必須有一個 R15Anim 資料夾，其中包含其預期的 StringValue 子資料夾。
Common.UGCValidation.ErrorLabel.Animation_WeightNotPositive,動畫「{animationName}」的 Weight 值為 {weight}，但 Weight 必須大於 0。請修正此動畫。
Common.UGCValidation.ErrorLabel.AssetSchemaMissingItem,無法在 {ParentPath} 中找到名為 {ExpectedName}、類型為 {ExpectedClass} 的必要項目
Common.UGCValidation.ErrorLabel.AssetSchemaUnexpectedItems,以下個體不屬於已核准的結構定義，應予以移除：{UnexpectedDescendantPaths}。
Common.UGCValidation.ErrorLabel.AssetSchemaWrongRootClass,上傳的素材應為 {ExpectedClass}，但實際上為 {RootClass}。
Common.UGCValidation.ErrorLabel.AssetSchemaWrongRootName,上傳的素材應命名為 {ExpectedClass}，但實際上命名為 {RootClass}。
Common.UGCValidation.ErrorLabel.ContentNotEditable,{InstanceFullName}.{FieldName} 仍有未儲存的可編輯內容。請在發佈前將其儲存為素材，然後再試一次。
Common.UGCValidation.ErrorLabel.CurveAnim_BodyPartHasPosition,CurveAnimation 中的身體部位「{bodyPartName}」包含位移（平移）軌道。動畫身體部位僅可旋轉；不允許使用位移軌道。請移除此身體部位的位移軌道。
Common.UGCValidation.ErrorLabel.CurveAnim_BodyPartTranslationExceedsThreshold,CurveAnimation 中的身體部位「{bodyPartName}」從起始位置移動 {distance} 個磚塊。允許的最大平移距離為 {maxDistance} 個磚塊。請減少身體部位的位移。
Common.UGCValidation.ErrorLabel.CurveAnim_BodyPartWithBoneHasPosition,CurveAnimation 包含 HRD/DRD 骨骼，且身體部位「{bodyPartName}」包含位移（平移）軌道。當動畫中存在任何骨骼時，任何身體部位都不得平移，以防止關節分離。請移除身體部位中的所有位移軌道。
Common.UGCValidation.ErrorLabel.CurveAnim_BonePositionNotAllowed,CurveAnimation 中的骨骼 {boneName} 包含位移（平移）軌道。HRD/DRD 骨骼僅可旋轉；位移軌道會導致關節分離，因此不允許使用。請移除此骨骼的位移動畫。
Common.UGCValidation.ErrorLabel.CurveAnim_BoneTranslationExceedsThreshold,CurveAnimation 中的骨骼「{boneName}」從起始位置移動 {distance} 個磚塊。允許的最大平移距離為 {maxDistance} 個磚塊。請減少骨骼的位移。
Common.UGCValidation.ErrorLabel.CurveAnim_BonesNotAllowed,CurveAnimation 包含尚未支援的 HRD/DRD 骨骼資料夾。請在上傳前移除所有骨骼子資料夾。
Common.UGCValidation.ErrorLabel.CurveAnim_BoundsExceeded,CurveAnimation 中的身體部位不能低於距 HumanoidRootPart 高度 {minHeight} 個磚塊的位置，也不能高於距 HumanoidRootPart 高度 {maxDistance} 個磚塊的位置。請修正此動畫。
Common.UGCValidation.ErrorLabel.CurveAnim_ChildrenOnMarkerOrRig,CurveAnimation 的子資料夾類型 MarkerCurves 和 AnimationRigData 不得有子資料夾
Common.UGCValidation.ErrorLabel.CurveAnim_ContainsScripts,CurveAnimation 層級包含 Scripts、LocalScripts 或 ModuleScripts。請將之移除。
Common.UGCValidation.ErrorLabel.CurveAnim_FetchFailed,無法載入 CurveAnimation 資料。動畫素材可能無效或無法存取。
Common.UGCValidation.ErrorLabel.CurveAnim_InvalidBodyPartHierarchy,CurveAnimation 包含具有無效層級的身體部位資料夾 {folderName}（其子資料夾不被允許或設定不正確）
Common.UGCValidation.ErrorLabel.CurveAnim_InvalidBoneName,CurveAnimation 中的資料夾「{boneName}」並非可辨識的 HRD/DRD 骨骼名稱。動畫子資料夾必須為有效的 R15 身體部位，或可辨識的骨骼名稱（例如：HeadBase、Spine、Chest、LeftClavicle、RightClavicle、LeftToeBase、RightToeBase，或 LeftHandIndex1 等手指骨骼）。
Common.UGCValidation.ErrorLabel.CurveAnim_InvalidCurveData,CurveAnimation 包含具有無效 Time 或 Value 的 Curve。請修正此動畫。
Common.UGCValidation.ErrorLabel.CurveAnim_InvalidInstanceTypes,CurveAnimation 層級只能包含 {allowedTypes}。請移除任何其他實例類型。
Common.UGCValidation.ErrorLabel.CurveAnim_InvalidLength,CurveAnimation 的長度必須介於 {minLength} 到 {maxLength} 秒之間。請修正此動畫。
Common.UGCValidation.ErrorLabel.CurveAnim_InvalidMarkerData,CurveAnimation 包含具有無效 Time 或 Value 的 MarkerCurve，或者 Value 過長。請修正動畫。
Common.UGCValidation.ErrorLabel.CurveAnim_InvalidNumericalData,CurveAnimation 包含具有無效數值資料的 Curve。請修正此動畫。
Common.UGCValidation.ErrorLabel.CurveAnim_InvalidRigData,AnimationRigData 未通過內部驗證。請確認 AnimationRigData 已正確設定。
Common.UGCValidation.ErrorLabel.CurveAnim_InvalidRigDataR15Plus,AnimationRigData 未通過 R15+ 內部驗證。請確認 AnimationRigData 已正確設定，可用於骨骼動畫。
Common.UGCValidation.ErrorLabel.CurveAnim_InvalidTags,CurveAnimation 只能包含單一時間戳記標註。請移除所有其他標註。
Common.UGCValidation.ErrorLabel.CurveAnim_JointRotationExceeded,在 CurveAnimation 中的第 {time} 秒，關節{bodyPart}相對於靜止姿勢具有 {rotation} 度的旋轉角度。允許的最大值為 {maxRotation} 度。請修正此動畫。
Common.UGCValidation.ErrorLabel.CurveAnim_KeysTooClose,CurveAnimation 包含 Curve {curvePath}，其索引鍵在時間上過於接近，不及動畫的影格率上限 {maxFPS}。請修正此動畫。
Common.UGCValidation.ErrorLabel.CurveAnim_LoopingNotEnabled,CurveAnimation「{animationName}」未啟用循環。上傳到市集的動畫必須循環。請啟用循環屬性。
Common.UGCValidation.ErrorLabel.CurveAnim_MultipleBodyRoots,CurveAnimation 包含多個身體部位或 HumanoidRootPart 子資料夾。請確保只有一個子資料夾以身體部位或 HumanoidRootPart 命名。
Common.UGCValidation.ErrorLabel.CurveAnim_MultipleRigData,CurveAnimation 包含多個 AnimationRigData 子資料夾類型。請確保只有一個 AnimationRigData 子資料夾類型。
Common.UGCValidation.ErrorLabel.CurveAnim_NegativeKeyTime,CurveAnimation 包含 Curve {curvePath}，其索引鍵具有負值的時間。請修正此動畫。
Common.UGCValidation.ErrorLabel.CurveAnim_NoBodyRoot,CurveAnimation 不包含任何以身體部位或 HumanoidRootPart 命名的子資料夾。請確保只有一個以身體部位或 HumanoidRootPart 命名的子資料夾。
Common.UGCValidation.ErrorLabel.CurveAnim_NoJointManipulation,CurveAnimation 不含任何關節操作。
Common.UGCValidation.ErrorLabel.CurveAnim_NoRigData,CurveAnimation 不包含任何 AnimationRigData 子資料夾類型。請確保只有一個 AnimationRigData 子資料夾類型。
Common.UGCValidation.ErrorLabel.CurveAnim_NotCurveAnimation,參考的動畫不是 CurveAnimation。請確認動畫已正確上傳。
Common.UGCValidation.ErrorLabel.CurveAnim_PartTooFar,在 CurveAnimation 中的第 {time} 秒，身體部位 {bodyPart} 位於距 HumanoidRootPart 高度 {distance} 個磚塊的位置。身體部位不能高於距 HumanoidRootPart 高度 {maxDistance} 個磚塊的位置。請修正此動畫。
Common.UGCValidation.ErrorLabel.CurveAnim_PartTooLow,在 CurveAnimation 中的第 {time} 秒，身體部位 {bodyPart} 位於距 HumanoidRootPart 高度 {height} 個磚塊的位置。身體部位不能低於距 HumanoidRootPart 高度 {minHeight} 個磚塊的位置。請修正此動畫。
Common.UGCValidation.ErrorLabel.CurveAnim_PositionSeparation,CurveAnimation 包含位置分離的身體部位。只有 LowerTorso 可以變更位置，其他身體部位只能變更其方向。身體部位 {bodyPart} 從其父元素移動的距離超過 {maxMovement} 個磚塊。請修正此動畫。
Common.UGCValidation.ErrorLabel.CurveAnim_RotationTooFast,在 CurveAnimation 中的第 {time} 秒，身體部位 {bodyPart} 以每秒 {speed} 度的旋轉速度移動。每秒最多可旋轉 {maxSpeed} 度。請修正此動畫。
Common.UGCValidation.ErrorLabel.CurveAnim_SpeedTooFast,在 CurveAnimation 中的第 {time} 秒，身體部位 {bodyPart} 以每秒 {speed} 個磚塊的速度移動。每秒最多可移動 {maxSpeed} 個磚塊。請修正此動畫。
Common.UGCValidation.ErrorLabel.CurveAnim_SpeedTooFastLegacy,CurveAnimation 中的身體部位 {bodyPart}，在不同影格之間移動的距離超過 {maxMovement} 個磚塊。請修正此動畫。
Common.UGCValidation.ErrorLabel.CurveAnim_TooManyDescendants,CurveAnimation 具有 {count} 個後代（上限為 {maxAllowed} 個）。請減少後代數量。
Common.UGCValidation.ErrorLabel.CurveAnim_TooManyKeys,CurveAnimation 包含的 Curve 含有過多索引鍵（每個 Curve 的上限為 {maxAllowed} 個）。請修正此動畫。
Common.UGCValidation.ErrorLabel.CurveAnim_TooManyMarkerCurves,CurveAnimation 包含 {maxAllowed} 個以上的 MarkerCurve。請確保 MarkerCurve 後代的數量不超過 {maxAllowed} 個。
Common.UGCValidation.ErrorLabel.CurveAnim_TooManyMarkers,CurveAnimation 包含一個含有 {count} 個 Marker 的 MarkerCurve（每個 MarkerCurve 的上限為 {maxAllowed} 個）。請修正此動畫。
Common.UGCValidation.ErrorLabel.CurveAnim_UnexpectedChild,CurveAnimation 包含未預期的子資料夾類型：{childName}
Common.UGCValidation.ErrorLabel.DynamicHeadCageMisaligned,市集上的動態頭部必須妥善置於圍籠中，以便圍籠上的眼睛和嘴巴頂點與網格頂點對齊。請改善置於圍籠及其與網格的對齊情況。
Common.UGCValidation.ErrorLabel.DynamicHeadHappyNotShown,無法偵測到動態頭部微笑的表情。請根據嘴巴在頭部上的位置，調整嘴巴的圍籠地標，並確保嘴巴是微笑的狀態。
Common.UGCValidation.ErrorLabel.DynamicHeadLeftEyeNotClose,無法偵測到動態頭部閉上左眼的表情。請根據左眼在頭部上的位置，調整左眼的圍籠地標，並確保眼睛是閉上的狀態。
Common.UGCValidation.ErrorLabel.DynamicHeadMISSINGCAGE,市集上的動態頭部沒有頭部圍籠。請為動態頭部建立頭部圍籠。
Common.UGCValidation.ErrorLabel.DynamicHeadMouthNotOpen,無法偵測到動態頭部張嘴的表情。請根據嘴巴在頭部上的位置，調整嘴巴的圍籠地標，並確保嘴巴是打開的狀態。
Common.UGCValidation.ErrorLabel.DynamicHeadNOFACS,市集上的動態頭部必須要能夠活動，但這個頭部沒有 FACS 資料。
Common.UGCValidation.ErrorLabel.DynamicHeadRightEyeNotClose,無法偵測到動態頭部閉上右眼的表情。請根據右眼在頭部上的位置，調整右眼的圍籠地標，並確保眼睛是閉上的狀態。
Common.UGCValidation.ErrorLabel.DynamicHeadSadNotShown,無法偵測到動態頭部皺眉的表情。請根據嘴巴在頭部上的位置，調整嘴巴的圍籠地標，並確保是皺眉的表情。
Common.UGCValidation.ErrorLabel.EmissiveMap_NotAllowed,此素材使用僅供「信任創作者計畫」中的創作者使用的發光貼圖。請移除所有發光貼圖內容，或在上傳前加入該計畫。
Common.UGCValidation.ErrorLabel.EmoteAnimation_InvalidMaxPartTranslationAttribute,已發佈的動畫缺少有效的部位最大平移距離值。請重新發佈此動畫。
Common.UGCValidation.ErrorLabel.EmoteAnimation_InvalidUGCAttribute,已發佈的動畫缺少有效的 UGC 動作標記。請重新發佈此動畫。
Common.UGCValidation.ErrorLabel.EmoteAnimation_MaxPartTranslationCalcFailed,無法從已發佈的動畫資料中，計算部位的最大平移距離。請重新發佈此動畫。
Common.UGCValidation.ErrorLabel.EmoteAnimation_MaxPartTranslationMismatch,已發佈的動畫指定部位的最大平移距離為 {taggedTranslation} 個磚塊，但其動畫資料計算出為 {calculatedTranslation} 個磚塊。請重新發佈此動畫。
Common.UGCValidation.ErrorLabel.FaceControlsOverrideFACSNotEmpty,FaceControls 上的 InternalOverrideFACSData 屬性在上傳時，必須為空。
Common.UGCValidation.ErrorLabel.FacsExpandsHead,FACS 偵測到你的頭部被放大至 {modPercent}%，但更改頭部的行為違反了市集的臉部動畫政策。
Common.UGCValidation.ErrorLabel.FacsShrinksHead,FACS 偵測到你的頭部被縮小至 {modPercent}%，但更改頭部的行為違反了市集的臉部動畫政策。
Common.UGCValidation.ErrorLabel.FailureWithoutReason,驗證失敗，原因不明。請再試一次，如果問題仍然存在，請開啟錯誤報告。
Common.UGCValidation.ErrorLabel.FolderStructureMismatch,上傳格式不符合預期的資料夾結構。請再試一次或提交錯誤報告。
Common.UGCValidation.ErrorLabel.HeadNotDynamic,市集上的動態頭部必須先行設定，才能正確地展現主要臉部動作，但我們的偵測並無發現重大變化。
Common.UGCValidation.ErrorLabel.HrdBone_OutOfBounds,骨骼 {bonePath} 距離網格零件 {partName} 過遠，請將其移動至靠近網格零件的尺寸邊界處。
Common.UGCValidation.ErrorLabel.HrdBone_TooCloseToParent,骨骼 {bonePath} 與其父骨骼距離過近。請稍微調整該骨骼的位置。
Common.UGCValidation.ErrorLabel.HrdBone_TransformNotIdentity,骨骼 {bonePath} 具有 transform 屬性，但市集上傳功能尚未啟用此設定。請將其重置為 identity CFrame。
Common.UGCValidation.ErrorLabel.HrdCheck_BoneNotMappedInHRD,可使用骨骼 {boneName}，但你必須在 HumanoidRigDescription 或 DigitRigDescription 中明確指定映射。
Common.UGCValidation.ErrorLabel.HrdCheck_BoneWithoutHrd,已在 {bonePath} 找到骨骼，但你必須使用 HumanoidRigDescription 才能使用骨骼。
Common.UGCValidation.ErrorLabel.HrdCheck_DrdInvalidSide,「{partName}」中的 DigitsRigDescription 應在第 {expectedSide} 頁，但屬性值為 {foundSide}。
Common.UGCValidation.ErrorLabel.HrdCheck_DrdWithoutHrd,若未包含 HumanoidRigDescription，則無法加入 DigitsRigDescription
Common.UGCValidation.ErrorLabel.HrdCheck_DuplicateInstance,實例 {instName} 重複出現，但在骨骼階層中只能存在一次。
Common.UGCValidation.ErrorLabel.HrdCheck_ImproperParent,實例 {instName} 位於 {parentName} 之下，但根據現有的骨骼，其應位於 {expectedParentName} 之下。
Common.UGCValidation.ErrorLabel.HrdCheck_TempR15BonesUploadNotAllowed,目前身體上傳尚未支援 HumanoidRigDescription 與額外骨骼。
Common.UGCValidation.ErrorLabel.HrdCheck_UndefinedInstanceInBoneTree,類別 {className} 的實例 {instName} 位於骨骼樹中，但不屬於已定義的 R15plus 結構。
Common.UGCValidation.ErrorLabel.HrdImproperJointMapping,選用關節 {jointName} 在 HRD 中的對應不正確。此關節必須對應至名為 {boneName} 的骨骼。
Common.UGCValidation.ErrorLabel.HrdMissingStandardJoint,關節 {jointName} 是標準的 R15 關節，但骨架附件未連接至 HRD。請確保虛擬人偶下方的 HRD 連結的是 AttachmentConstraint，而非 Motor6d。
Common.UGCValidation.ErrorLabel.HrdProperties_MinAboveMax,{jointName} 在 HRD 中已設定範圍，但其最小範圍中的某個元件大於最大範圍，因此該範圍無效。
Common.UGCValidation.ErrorLabel.HrdProperties_OriginOutsideBounds,HumanoidRigDescription 的 originOffset 超出範圍。OriginOffset 不能旋轉，且必須介於 {valueMin} 與 {valueMax} 之間。
Common.UGCValidation.ErrorLabel.HrdProperties_PropertyOutOfRange,HRD/DRD 中的 {jointName} {propertyName} 已設為 {currentValue}。可接受的範圍為 {valueMin} 至 {valueMax}。
Common.UGCValidation.ErrorLabel.HrdProperties_UncontainedJoint,{foundMeshName} 內的實例引用了 HRD {jointName}，但該屬性不在包含清單中。若你是從 Studio 發佈，且 HRD/DRD 僅位於虛擬人偶層級，請提交錯誤回報。
Common.UGCValidation.ErrorLabel.HrdTposePosition,關節 {jointName} 的 TposeAdjustment 位置超出可接受的範圍。請將偏移值縮小至 +/-({offsetLimit}) 以內。
Common.UGCValidation.ErrorLabel.HrdTposeRotation,關節 {jointName} 的 TposeAdjustment 與建議方向 {expectedOrientation} 相差超過 {degLimit} 度。
Common.UGCValidation.ErrorLabel.InstanceTagsFound,以下個體帶有標註，但市集素材不得包含任何標註：{ProblematicDescendantPaths}
Common.UGCValidation.ErrorLabel.InternalError,由於內部錯誤，系統無法正確驗證你的素材。如果問題仍然存在，請建立錯誤報告。ValidationJobId：{ValidationJobId}
Common.UGCValidation.ErrorLabel.JointRotAtt_Moved,{instPath} 的 jointRotation 已移動，但市集上傳功能可能尚未調整此實例。請將位置重置為 {expectedPosition}。
Common.UGCValidation.ErrorLabel.JointRotAtt_MultipleAttachments,實例 {parentPath} 最多只能有 1 個 JointRotation 子物件。
Common.UGCValidation.ErrorLabel.JointRotAtt_Rotated,{instPath} 的 jointRotation 已旋轉，但市集上傳功能可能尚未調整此實例。請將方向重置為 {expectedOrientation}。
Common.UGCValidation.ErrorLabel.JointRotAtt_UnrecognizedParent,實例 {parentPath} 含有 JointRotation 子物件，但這不符合 R15plus 結構的要求。
Common.UGCValidation.ErrorLabel.JointRotAtt_WrongInstanceClass,實例 {instPath} 的名稱為 JointRotation，但 JointRotation 為保留名稱，僅可用於作為附件子物件的附件。
Common.UGCValidation.ErrorLabel.LCDeformTooLarge,多層次穿搭套用至虛擬人偶身上時，其變形程度超出了可接受的 {maxSize} 尺寸範圍。
Common.UGCValidation.ErrorLabel.LeaderVertsNearCageIslands,睫毛上有套用 RBX_Leader 蒙皮的頂點，這些頂點距離內部圍籠上的眼睛參考點太遠。請確保所有套用 RBX_Leader 蒙皮的頂點，皆位於更靠近內部圍籠的眼睛區域
Common.UGCValidation.ErrorLabel.MeasureCageMeshDistanceAvatar_CageInsideMesh,身體圍籠與身體網格相交。有 {negtiveSDFPercent}% 的身體圍籠頂點位於身體網格內部。
Common.UGCValidation.ErrorLabel.MeasureCageMeshDistanceAvatar_CageTooFar,身體圍籠與身體網格之間的距離過遠。身體圍籠與網格之間的最大距離為 {max_sdf}，已超過允許的門檻值 {max_sdf_threshold}
Common.UGCValidation.ErrorLabel.MeasureCageMeshDistanceHead_CageInsideMesh,頭部圍籠與頭部網格相交。有 {negtiveSDFPercent}% 的頭部圍籠頂點位於頭部網格內部。
Common.UGCValidation.ErrorLabel.MeasureCageMeshDistanceHead_CageTooFar,頭部圍籠與頭部網格之間的距離太遠。頭部圍籠與網格之間的最長距離為 {max_sdf}，已超過允許上限 {max_sdf_threshold}
Common.UGCValidation.ErrorLabel.MeasureCageMeshDistance_CageInsideMesh,外部圍籠與成像網格相交。有 {negtiveSDFPercent}% 的外部圍籠頂點位於渲染網格內部。
Common.UGCValidation.ErrorLabel.MeasureCageMeshDistance_CageTooFar,外部圍籠與成像網格之間的距離過遠。外部圍籠與網格之間的最大距離為 {max_sdf}，已超過允許的門檻值 {max_sdf_threshold}
Common.UGCValidation.ErrorLabel.MeasureCageRelevancy,已修改的外部圍籠頂點中，有 {outer_cage_face_irrelevant_percent}% 未覆蓋飾品。請確保僅在必要的位置移動外部圍籠。
Common.UGCValidation.ErrorLabel.MeasureCageUV,圍籠 {cage_name} 中有 {incorrect_uv_count} 個 UV 值不正確或不屬於該範本。請更正圍籠的 UV。
Common.UGCValidation.ErrorLabel.MeasureMeshOutsideOuterCage,配件的網格頂點中，有 {mesh_outside_outer_cage_percent}% 位於其外部圍籠之外。請進行調整，讓更多的飾品位於兩個圍籠之間。
Common.UGCValidation.ErrorLabel.MeshPartBounds_TooLarge,「{partName}」網格在 {axis} 軸上的大小為 {currentSize} 個磚塊，大於允許的單一零件最大尺寸 {maxSize} 個磚塊。請縮小網格。
Common.UGCValidation.ErrorLabel.MeshPartBounds_TooSmall,「{partName}」網格在 {axis} 軸上的大小為 {currentSize} 個磚塊，小於允許的單一零件最小尺寸 {minSize} 個磚塊。請放大網格。
Common.UGCValidation.ErrorLabel.MissingRequiredAttachment,附件 {attName} 必須且只能在 {partName} 的後代中出現一次。
Common.UGCValidation.ErrorLabel.NoAttributes,「{RootInstanceName}」（或其子物件）包含屬性。請從以下項目中移除屬性：{InstanceNameList}
Common.UGCValidation.ErrorLabel.PropertiesNotSensible,{ClassName}「{InstancePath}」具有無效的屬性：{ProblematicProperties}。屬性超過顯示的位元組上限（上限為 0 表示屬性必須為空白）；其他屬性則包含 NaN/Inf 值，或超過其預設大小上限。
Common.UGCValidation.ErrorLabel.RigAttachmentOutOfBounds,「{PartName}」中的骨架附件「{AttachmentName}」，必須放置在該身體部位與相鄰部位連接的關節邊界附近。目前位置 [{CurrentPosition}] 與連接平面距離過遠。請將其移動至更靠近 [{ClosestValidPosition}] 的位置。
Common.UGCValidation.ErrorLabel.SelectionCountNotOne,若要將素材上傳至 Roblox，你必須選擇 1 個實例和關聯的上傳類型。
Common.UGCValidation.ErrorLabel.SerializedAssetTooLarge,此素材太大，無法上傳（{sizeBytes} 位元組，超過 {maxSizeBytes} 位元組的上限）。請縮小大小，然後再試一次。
Common.UGCValidation.ErrorLabel.TagsFoundOnSingleInstance,個體{ProblematicDescendantPath}不應有標註。
Common.UGCValidation.ErrorLabel.TestWorkflowMessageV2,第二個測試錯誤字串，用於驗證 Hub-first 翻譯同步工作流程的端到端程序。
Common.UGCValidation.ErrorLabel.UnallowedFacsJoints,頭部網格零件包含 {jointName} 的臉部動畫，但該關節無法用於 FACs。請重新命名此關節，然後重新匯入頭部。
Common.UGCValidation.ErrorLabel.UnallowedJointSkinned,身體部位 {partName} 已蒙皮至虛擬關節 {jointName}，但該關節不屬於 R15plus 結構。
Common.VerifiedParentalConsent.Action.Cancel,
Common.VerifiedParentalConsent.Action.Close,
Common.VerifiedParentalConsent.Action.GoToSettings,前往設定
Common.VerifiedParentalConsent.Description.SpendingRestrictionWithSettings,由於地區限制，您需要家長許可才能進行購買。請在「設定」>「消費」中請求家長許可。
Common.VerifiedParentalConsent.Description.SpendingRestrictionWithoutSettings,由於地區限制，您需要家長許可才能進行購買。請造訪網站或隨附裝置，於「設定」>「消費」中請求家長許可。
Common.VerifiedParentalConsent.Label.AskParent,詢問家長
Common.VisitGame.Label.Play,加入
CommonUI.Controls.Action.Accept,接受
CommonUI.Controls.Action.Apply,套用
CommonUI.Controls.Action.Back,返回
CommonUI.Controls.Action.Cancel,
CommonUI.Controls.Action.Confirm,確認
CommonUI.Controls.Action.Continue,
CommonUI.Controls.Action.Done,完成
CommonUI.Controls.Action.Next,下一個
CommonUI.Controls.Action.OK,確定
CommonUI.Controls.Action.Refresh,重新整理
CommonUI.Controls.Action.ResetAll,重置全部
CommonUI.Controls.Action.Search,搜尋
CommonUI.Controls.Action.ShowMore,顯示更多
CommonUI.Controls.Action.Submit,提交
CommonUI.Controls.Action.Yes,是
CommonUI.Controls.Birthdaypicker.Label.Date,日期
CommonUI.Controls.Input.Optional,{inputLabel}（選填）
CommonUI.Controls.Label.April,4 月
CommonUI.Controls.Label.AprilAbbreviated,
CommonUI.Controls.Label.August,8 月
CommonUI.Controls.Label.AugustAbbreviated,
CommonUI.Controls.Label.Day,日
CommonUI.Controls.Label.December,12 月
CommonUI.Controls.Label.DecemberAbbreviated,
CommonUI.Controls.Label.February,2 月
CommonUI.Controls.Label.FebruaryAbbreviated,
CommonUI.Controls.Label.Friday,星期五
CommonUI.Controls.Label.FridayAbbreviated,週五
CommonUI.Controls.Label.InvalidDateFormat,日期格式無效
CommonUI.Controls.Label.January,1 月
CommonUI.Controls.Label.JanuaryAbbreviated,
CommonUI.Controls.Label.July,7 月
CommonUI.Controls.Label.June,6 月
CommonUI.Controls.Label.LastWeek,上週
CommonUI.Controls.Label.LastYear,去年
CommonUI.Controls.Label.March,3 月
CommonUI.Controls.Label.MarchAbbreviated,
CommonUI.Controls.Label.May,5 月
CommonUI.Controls.Label.Monday,星期一
CommonUI.Controls.Label.MondayAbbreviated,週一
CommonUI.Controls.Label.November,11 月
CommonUI.Controls.Label.NovemberAbbreviated,
CommonUI.Controls.Label.October,10 月
CommonUI.Controls.Label.OctoberAbbreviated,
CommonUI.Controls.Label.PageCount,第 {current:int} 步（共 {total:int} 步）
CommonUI.Controls.Label.Saturday,星期六
CommonUI.Controls.Label.SaturdayAbbreviated,週六
CommonUI.Controls.Label.SelectDate,選擇日期
CommonUI.Controls.Label.SelectTheTime,選擇時間
CommonUI.Controls.Label.September,9 月
CommonUI.Controls.Label.SeptemberAbbreviated,
CommonUI.Controls.Label.Sunday,星期日
CommonUI.Controls.Label.SundayAbbreviated,週日
CommonUI.Controls.Label.ThisMonth,本月
CommonUI.Controls.Label.ThisWeek,本週
CommonUI.Controls.Label.ThisYear,今年
CommonUI.Controls.Label.Thursday,星期四
CommonUI.Controls.Label.ThursdayAbbreviated,週四
CommonUI.Controls.Label.Today,今天
CommonUI.Controls.Label.Tuesday,星期二
CommonUI.Controls.Label.TuesdayAbbreviated,週二
CommonUI.Controls.Label.Wednesday,星期三
CommonUI.Controls.Label.WednesdayAbbreviated,週三
CommonUI.Controls.Label.Year,年
CommonUI.Controls.NoResultsFound,找不到結果
CommonUI.Features.Action.Close,
CommonUI.Features.Action.Continue,
CommonUI.Features.Action.LearnMore,瞭解詳情
CommonUI.Features.Action.LessLowercase,更少
CommonUI.Features.Action.MoreLowercase,更多
CommonUI.Features.Action.Send,傳送
CommonUI.Features.Label.About,關於
CommonUI.Features.Label.AcceptConnection,接受聯繫對象
CommonUI.Features.Label.AcceptFriend,接受邀請
CommonUI.Features.Label.Add,新增
CommonUI.Features.Label.AddConnection,新增聯繫對象
CommonUI.Features.Label.AddConnections,
CommonUI.Features.Label.AddFriend,新增好友
CommonUI.Features.Label.Badges,徽章
CommonUI.Features.Label.Charts,圖表
CommonUI.Features.Label.Chat,聊天
CommonUI.Features.Label.Connect,好友
CommonUI.Features.Label.Connection,聯繫對象
CommonUI.Features.Label.Connections,
CommonUI.Features.Label.ControllerBar.HoldPrefix,按住
CommonUI.Features.Label.ControllerBar.Search,
CommonUI.Features.Label.ControllerBar.ToPlaySuffix,開始遊戲
CommonUI.Features.Label.CreateGames,創作
CommonUI.Features.Label.Friends,
CommonUI.Features.Label.Game,體驗
CommonUI.Features.Label.GiftCards,購買禮品卡
CommonUI.Features.Label.Groups,社群
CommonUI.Features.Label.HelpAndSafety,協助和安全
CommonUI.Features.Label.Home,首頁
CommonUI.Features.Label.Inventory,道具欄
CommonUI.Features.Label.InviteConnections,邀請聯繫對象
CommonUI.Features.Label.Learn,學習
CommonUI.Features.Label.Messages,訊息
CommonUI.Features.Label.Moments,美好時光
CommonUI.Features.Label.More,
CommonUI.Features.Label.Premium,Premium
CommonUI.Features.Label.Privacy,隱私權
CommonUI.Features.Label.PrivacyPolicy,
CommonUI.Features.Label.Profile,個人檔案
CommonUI.Features.Label.RM,
CommonUI.Features.Label.Redeem,兌換代碼
CommonUI.Features.Label.RemoveConnection,移除好友
CommonUI.Features.Label.ReportLogs,回報記錄
CommonUI.Features.Label.ReportLogsSentenceCase,
CommonUI.Features.Label.Sent,已傳送
CommonUI.Features.Label.Settings,
CommonUI.Features.Label.Terms,條款
CommonUI.Features.Label.TermsOfUse,使用條款
CommonUI.Features.Label.Thanks,感謝
CommonUI.Features.Label.TheHunt,Roblox 活動
CommonUI.Features.Label.Trades,交易
CommonUI.Features.Label.Unchecked,尚未驗證
CommonUI.Features.Label.X,Roblox Plus
CommonUI.Features.Label.sGroups,
CommonUI.Features.Labels.ConnectTo,連結到
CommonUI.Features.Labels.Retry,
CommonUI.Features.NavBar.Build,組建
CommonUI.Features.StudioCTA.Tooltip.Body,免費下載 Studio！
CommonUI.Features.StudioCTA.Tooltip.Title,開始在 Roblox 創作
CommonUI.Messages.Action.Apply,
CommonUI.Messages.Action.Dismiss,
CommonUI.Messages.Action.OK,
CommonUI.Messages.Action.Reset,重置
CommonUI.Messages.Response.NoResults,沒有結果
CommonUI.Messages.Response.PageError,載入頁面時發生錯誤
CommonUI.Messages.Response.SomethingWentWrong,
CommonUI.Messages.SystemMessage.AndroidDeprecationBodyPhase1,Roblox 很快就會停止支援 Android 6 和 7。若想繼續遊玩，請將裝置升級至 Android 8 以上。
CommonUI.Messages.SystemMessage.AndroidDeprecationBodyPhase2,{date}開始，Roblox 將停止支援 Android 6 和 7。若想繼續遊玩，請將裝置升級至 Android 8 以上。
CommonUI.Messages.SystemMessage.AndroidDeprecationBodyPhase2Fallback,2025 年 7 月 19 日開始，Roblox 將停止支援 Android 6 和 7。若想繼續遊玩，請將裝置升級至 Android 8 以上。
CommonUI.Messages.SystemMessage.AndroidDeprecationBodyPhase3,Roblox 已停止支援 Android 6 和 7。若想繼續遊玩，請將裝置升級至 Android 8 以上。
CommonUI.Messages.SystemMessage.AndroidDeprecationSystemRequirementsLinkLabel,行動裝置系統要求
CommonUI.Messages.SystemMessage.AndroidDeprecationTitlePhase1,需進行動作：更新裝置
CommonUI.Messages.SystemMessage.AndroidDeprecationTitlePhase2,
CommonUI.Messages.SystemMessage.AndroidDeprecationTitlePhase3,
CommonUI.Messages.SystemMessage.DeprecationMobileSystemRequirementsLinkLabel,
CommonUI.Messages.SystemMessage.DeprecationTitle,
CommonUI.Messages.SystemMessage.IosDeprecationBodyPhase1,Roblox 未來將停止支援 iOS 13。若要繼續遊玩，請將裝置升級至 iOS 14 以上。
CommonUI.Messages.SystemMessage.IosDeprecationBodyPhase2Fallback,自 2026 年 6 月 5 日起，Roblox 將不再支援 iOS 13。若要繼續遊玩，請將裝置升級至 iOS 14 以上
CommonUI.Messages.SystemMessage.IosDeprecationBodyPhase3,Roblox 已停止支援 iOS 13。若要繼續遊玩，請將裝置升級至 iOS 14 以上。
CommonUI.Messages.SystemMessage.PS4onPS5DeprecationBody,請安裝並遊玩新推出的 PlayStation®5 版 Roblox。自 {date}起，PlayStation®5 將不再支援 PlayStation®4 版 Roblox。
CommonUI.Messages.SystemMessage.PS4onPS5DeprecationTitle,Roblox 現已在 PlayStation®5 上推出
CommonUI.Messages.SystemMessage.PS4onPS5HardDeprecationBody,PlayStation®5 不再支援 PlayStation®4 版 Roblox。若要繼續遊玩，請下載 PlayStation®5 版的全新 Roblox App。
CoreScripts.Ads.Action.Close,
CoreScripts.Ads.ImmersiveBrandedAds.WhyThisAd,此體驗中的使用者會看到這項非個人化廣告。{AdvertiserName} 是支付此廣告費用的廣告商。
CoreScripts.Ads.Label.IllegalContentReportingLink,檢舉非法內容或對兒童有害的內容
CoreScripts.Ads.Label.InExperienceDisclosureDynamic,Roblox 不會使用行為資訊來投放此廣告。您會看到此廣告，是根據裝置類型、位置及年齡，所提供的適當相關廣告。廣告主為 {AdvertiserName}。
CoreScripts.Ads.Label.InExperienceDisclosureDynamicWithPayer,Roblox 不會使用行為資訊來投放此廣告。您會看到此廣告，是根據裝置類型、位置及年齡，所提供的適當相關廣告。廣告主為 {AdvertiserName}。此廣告出資者為 {PayerName}。
CoreScripts.Ads.Label.InExperienceDisclosureStatic,Roblox 不會使用行為資訊來投放此廣告。您會看到此廣告，是根據裝置類型、位置及年齡，所提供的適當相關廣告。
CoreScripts.Ads.Label.InappropriateAd,不當廣告
CoreScripts.Ads.Label.ReportAd,檢舉廣告
CoreScripts.Ads.Label.RewardedVideoEligibleDisclaimer,這是測試廣告。您的體驗中會顯示真實廣告。
CoreScripts.Ads.Label.RewardedVideoExitConfirmation,您就快要獲得獎勵了！確定要退出嗎？
CoreScripts.Ads.Label.RewardedVideoIneligibleDisclaimer,這是測試廣告。由於您的體驗不符合條件，因此不會顯示真實廣告。
CoreScripts.Ads.Label.SponsoredAds,贊助
CoreScripts.Ads.Label.SponsoredAdsDisclosureStatic,贊助體驗是由創作者支付。針對歐盟的使用者，可能會依據裝置類型、位置和人口統計資訊等一般資訊來向您顯示。針對歐盟外的使用者，廣告可能也會根據額外資訊向您顯示。
CoreScripts.Ads.Label.Teleporting,正在傳送……
CoreScripts.Ads.Label.WhyThisAd,為什麼是這個廣告？
CoreScripts.AssetPreviewView.Action.ResetView,重設檢視
CoreScripts.AssetPreviewView.Label.LoadingFailed,載入失敗
CoreScripts.AvatarEditorPrompts.Adding,新增：
CoreScripts.AvatarEditorPrompts.CreateOutfitPromptNo,否
CoreScripts.AvatarEditorPrompts.CreateOutfitPromptText,將此角色儲存到 Roblox？
CoreScripts.AvatarEditorPrompts.CreateOutfitPromptTitle,儲存虛擬人偶角色
CoreScripts.AvatarEditorPrompts.CreateOutfitPromptYes,
CoreScripts.AvatarEditorPrompts.DeleteOutfitPromptNo,
CoreScripts.AvatarEditorPrompts.DeleteOutfitPromptText,確定從 Roblox 刪除角色 {RBX_NAME}？
CoreScripts.AvatarEditorPrompts.DeleteOutfitPromptTextNoName,確定從 Roblox 刪除此角色 ？
CoreScripts.AvatarEditorPrompts.DeleteOutfitPromptTitle,刪除虛擬人偶角色
CoreScripts.AvatarEditorPrompts.DeleteOutfitPromptYes,刪除
CoreScripts.AvatarEditorPrompts.DisabledRenameOutfitPromptOkay,
CoreScripts.AvatarEditorPrompts.DisabledRenameOutfitPromptText,重新命名角色功能已停用
CoreScripts.AvatarEditorPrompts.DisabledRenameOutfitPromptTitle,重新命名角色已停用
CoreScripts.AvatarEditorPrompts.EnterOutfitNamePromptNo,
CoreScripts.AvatarEditorPrompts.EnterOutfitNamePromptTitle,角色名稱
CoreScripts.AvatarEditorPrompts.EnterOutfitNamePromptYes,
CoreScripts.AvatarEditorPrompts.FavouriteItemPromptNo,
CoreScripts.AvatarEditorPrompts.FavouriteItemPromptText,確定將 {RBX_NAME} 加到最愛？
CoreScripts.AvatarEditorPrompts.FavouriteItemPromptTitle,最愛道具
CoreScripts.AvatarEditorPrompts.FavouriteItemPromptYes,
CoreScripts.AvatarEditorPrompts.GameNamePlaceHolder,未知體驗名稱
CoreScripts.AvatarEditorPrompts.InventoryReadAccessPromptNo,
CoreScripts.AvatarEditorPrompts.InventoryReadAccessPromptText,{RBX_NAME} 想存取您的虛擬人偶的道具
CoreScripts.AvatarEditorPrompts.InventoryReadAccessPromptTitle,存取道具？
CoreScripts.AvatarEditorPrompts.InventoryReadAccessPromptYes,
CoreScripts.AvatarEditorPrompts.ItemsListLoadingFailed,
CoreScripts.AvatarEditorPrompts.NoChangedAssets,道具沒有變更
CoreScripts.AvatarEditorPrompts.OutfitNamePlaceholder,輸入角色名稱
CoreScripts.AvatarEditorPrompts.Removing,移除：
CoreScripts.AvatarEditorPrompts.RenameOutfitNamePromptTitle,重新命名角色
CoreScripts.AvatarEditorPrompts.RenameOutfitPromptText,為角色 {RBX_NAME} 輸入新的名稱：
CoreScripts.AvatarEditorPrompts.SaveAvatarPromptNo,
CoreScripts.AvatarEditorPrompts.SaveAvatarPromptText,{RBX_NAME} 想要為您的虛擬人偶進行以下變更：
CoreScripts.AvatarEditorPrompts.SaveAvatarPromptTitle,為虛擬人偶裝備道具
CoreScripts.AvatarEditorPrompts.SaveAvatarPromptYes,
CoreScripts.AvatarEditorPrompts.UnfavouriteItemPromptText,確定將 {RBX_NAME} 解除最愛？
CoreScripts.AvatarEditorPrompts.UnfavouriteItemPromptTitle,解除最愛道具
CoreScripts.AvatarEditorPrompts.UpdateOutfitPromptNo,
CoreScripts.AvatarEditorPrompts.UpdateOutfitPromptText,更新角色 {RBX_NAME}？
CoreScripts.AvatarEditorPrompts.UpdateOutfitPromptTextNoOutfitName,更新儲存的角色？
CoreScripts.AvatarEditorPrompts.UpdateOutfitPromptTitle,更新角色？
CoreScripts.AvatarEditorPrompts.UpdateOutfitPromptYes,
CoreScripts.BulkPurchasePrompt.CompletedPrompt.DismissCTA,
CoreScripts.BulkPurchasePrompt.CompletedPrompt.ErrorHeading,購買失敗
CoreScripts.BulkPurchasePrompt.CompletedPrompt.ErrorPrompt.ErrorReason2SV,進行此交易之前需要進行雙步驟驗證。請前往「設定」>「安全」完成雙步驟驗證。
CoreScripts.BulkPurchasePrompt.CompletedPrompt.ErrorPrompt.ErrorReasonAlreadyOwned,您已擁有這些道具，因此無法完成購買。
CoreScripts.BulkPurchasePrompt.CompletedPrompt.ErrorPrompt.ErrorReasonGeneric,目前無法完成購買。
CoreScripts.BulkPurchasePrompt.CompletedPrompt.ErrorPrompt.ErrorReasonInsufficientMembership,您需要 Roblox Premium 才能購買這些道具，因此無法完成購買。
CoreScripts.BulkPurchasePrompt.CompletedPrompt.ErrorPrompt.ErrorReasonInsufficientRobux,您沒有足夠的 Robux，因此無法完成購買。
CoreScripts.BulkPurchasePrompt.CompletedPrompt.ErrorPrompt.ErrorReasonNotAvailableForPurchaser,您不得購買此類型的道具，因此無法完成購買。
CoreScripts.BulkPurchasePrompt.CompletedPrompt.ErrorPrompt.ErrorReasonNotAvailableInExperience,這些道具無法在此體驗中使用，因此無法完成購買。
CoreScripts.BulkPurchasePrompt.CompletedPrompt.ErrorPrompt.ErrorReasonNotForSale,這些道具是非賣品，因此無法完成購買。
CoreScripts.BulkPurchasePrompt.CompletedPrompt.ErrorPrompt.ErrorReasonPriceMismatch,價格已變更，因此無法完成購買。
CoreScripts.BulkPurchasePrompt.CompletedPrompt.ErrorPrompt.ErrorReasonPurchaserIsSeller,您不得購買自己的道具，因此無法完成購買。
CoreScripts.BulkPurchasePrompt.CompletedPrompt.ErrorPrompt.ErrorReasonQuantityLimitExceeded,您已達到這些道具的擁有上限，因此無法完成購買。
CoreScripts.BulkPurchasePrompt.CompletedPrompt.ErrorPrompt.ErrorReasonQuotaExceeded,您已達到每分鐘 9 次的交易上限，因此無法完成購買。
CoreScripts.BulkPurchasePrompt.CompletedPrompt.ErrorPrompt.ErrorReasonSoldOut,這些道具已售完，因此無法完成購買。
CoreScripts.BulkPurchasePrompt.CompletedPrompt.ErrorPrompt.TryAgainLater,您並未被收取任何 Robux。請稍後再試。
CoreScripts.BulkPurchasePrompt.CompletedPrompt.ErrorPrompt.TryAgainMoreRobux,您並未被收取任何 Robux。請購買更多然後再試一次。
CoreScripts.BulkPurchasePrompt.CompletedPrompt.ErrorPrompt.TryAgainNow,您並未被收取任何 Robux。請再試一次。
CoreScripts.BulkPurchasePrompt.CompletedPrompt.ErrorPrompt.TryAgainOtherItems,您並未被收取任何 Robux。請購買其他道具然後再試一次。
CoreScripts.BulkPurchasePrompt.CompletedPrompt.ErrorPrompt.TryAgainWait,您並未被收取任何 Robux。請稍後再試一次。
CoreScripts.BulkPurchasePrompt.CompletedPrompt.SuccessHeading,購買完成
CoreScripts.BulkPurchasePrompt.PartialPurchaseCompletedPrompt.Heading,部分購買已完成
CoreScripts.BulkPurchasePrompt.PartialPurchaseCompletedPrompt.ItemListSuccessfulCount,{itemCount} 個道具
CoreScripts.BulkPurchasePrompt.PartialPurchaseCompletedPrompt.ItemListSuccessfulHeading,成功
CoreScripts.BulkPurchasePrompt.PartialPurchaseCompletedPrompt.ItemListUnsuccessfulCount,
CoreScripts.BulkPurchasePrompt.PartialPurchaseCompletedPrompt.ItemListUnsuccessfulHeading,失敗
CoreScripts.BulkPurchasePrompt.PartialPurchaseCompletedPrompt.ItemStatusAlreadyOwned,已擁有
CoreScripts.BulkPurchasePrompt.PartialPurchaseCompletedPrompt.ItemStatusGeneric,無法使用
CoreScripts.BulkPurchasePrompt.PartialPurchaseCompletedPrompt.ItemStatusInsufficientMembership,需要 Premium
CoreScripts.BulkPurchasePrompt.PartialPurchaseCompletedPrompt.ItemStatusInsufficientRobux,Robux 不足
CoreScripts.BulkPurchasePrompt.PartialPurchaseCompletedPrompt.ItemStatusNotAvailableForPurchaser,
CoreScripts.BulkPurchasePrompt.PartialPurchaseCompletedPrompt.ItemStatusNotForSale,非賣品
CoreScripts.BulkPurchasePrompt.PartialPurchaseCompletedPrompt.ItemStatusPlaceInvalid,無法在此體驗中使用
CoreScripts.BulkPurchasePrompt.PartialPurchaseCompletedPrompt.ItemStatusPriceMismatch,價格變動
CoreScripts.BulkPurchasePrompt.PartialPurchaseCompletedPrompt.ItemStatusPurchaserIsSeller,賣家是買家
CoreScripts.BulkPurchasePrompt.PartialPurchaseCompletedPrompt.ItemStatusQuantityLimitExceeded,已達上限
CoreScripts.BulkPurchasePrompt.PartialPurchaseCompletedPrompt.ItemStatusQuotaExceeded,已達請求上限
CoreScripts.BulkPurchasePrompt.PartialPurchaseCompletedPrompt.ItemStatusSoldOut,已售完
CoreScripts.BulkPurchasePrompt.PartialPurchaseCompletedPrompt.ItemStatusSuccess,已購買
CoreScripts.BulkPurchasePrompt.PartialPurchaseCompletedPrompt.Notice,目前無法購買某些道具，請稍後再試。
CoreScripts.BulkPurchasePrompt.PartialPurchaseCompletedPrompt.PriceBox.CurrentBalance,目前餘額
CoreScripts.BulkPurchasePrompt.PartialPurchaseCompletedPrompt.PriceBox.DismissCTA,
CoreScripts.BulkPurchasePrompt.PartialPurchaseCompletedPrompt.PriceBox.RobuxSpent,花費的 Robux
CoreScripts.BulkPurchasePrompt.RequestPrompt.Heading,概要
CoreScripts.BulkPurchasePrompt.RequestPrompt.ItemListPurchaseCount,
CoreScripts.BulkPurchasePrompt.RequestPrompt.ItemListPurchaseHeading,購買總道具數
CoreScripts.BulkPurchasePrompt.RequestPrompt.ItemOwned,已擁有 {ownedCount} 個
CoreScripts.BulkPurchasePrompt.RequestPrompt.PriceBox.BuyRobuxCTA,購買 Robux
CoreScripts.BulkPurchasePrompt.RequestPrompt.PriceBox.ConfirmCTA,付款
CoreScripts.BulkPurchasePrompt.RequestPrompt.PriceBox.CurrentBalance,
CoreScripts.BulkPurchasePrompt.RequestPrompt.PriceBox.MissingRobux,缺少 Robux
CoreScripts.BulkPurchasePrompt.RequestPrompt.PriceBox.NewBalance,購買後餘額
CoreScripts.BulkPurchasePrompt.RequestPrompt.PriceBox.TotalCost,訂單總數
CoreScripts.BulkPurchasePrompt.SuccessPrompt.Body,您已成功購買 {itemCount} 個道具。在道具欄中找到這些道具。
CoreScripts.BulkPurchasePrompt.SuccessPrompt.Heading,
CoreScripts.CancelUserSubscriptionPrompt.Error.ButtonText,
CoreScripts.CancelUserSubscriptionPrompt.ErrorCancellingPrompt.Body,發生錯誤，因此未取消續訂。請再試一次。
CoreScripts.CancelUserSubscriptionPrompt.ErrorCancellingPrompt.Heading,錯誤
CoreScripts.CancelUserSubscriptionPrompt.ExpiringPrompt.Body,您的訂閱已成功取消。無需進一步動作。
CoreScripts.CancelUserSubscriptionPrompt.ExpiringPrompt.Heading,已取消
CoreScripts.CancelUserSubscriptionPrompt.RequestPrompt.Body,就算現在取消訂閱，您在 {date} 結束前仍可以進入。
CoreScripts.CancelUserSubscriptionPrompt.RequestPrompt.DontCancelButton,不取消
CoreScripts.CancelUserSubscriptionPrompt.RequestPrompt.Heading,取消訂閱
CoreScripts.CancelUserSubscriptionPrompt.RequestPrompt.YesCancelButton,確定取消
CoreScripts.CancelUserSubscriptionPrompt.SuccessPrompt.Heading,您的訂閱已成功取消
CoreScripts.CancelUserSubscriptionPrompt.UnsubscribedPrompt.Body,您目前並未訂閱。
CoreScripts.CancelUserSubscriptionPrompt.UnsubscribedPrompt.Heading,無法取消
CoreScripts.CommercePurchasePrompt.ErrorPrompt.Body.AccountNotSupported,您的帳號因有年齡或區域限制而無法進行購買
CoreScripts.CommercePurchasePrompt.ErrorPrompt.Body.DeviceNotSupported,無法以此類型裝置進行購買。請使用其他裝置再試一次。
CoreScripts.CommercePurchasePrompt.ErrorPrompt.Body.ErrorLoading,嘗試載入此道具時發生錯誤。請稍後再試一次。
CoreScripts.CommercePurchasePrompt.ErrorPrompt.CantBuy,無法購買
CoreScripts.CommercePurchasePrompt.ErrorPrompt.DismissCTA,
CoreScripts.CommercePurchasePrompt.ErrorPrompt.GenericError,嘗試購買此道具時發生錯誤。請稍後再試一次。
CoreScripts.CommercePurchasePrompt.ErrorPrompt.NotPurchasable,此產品目前不開放購買。
CoreScripts.CommercePurchasePrompt.ErrorPrompt.Title.AccountNotSupported,不支援此帳號
CoreScripts.CommercePurchasePrompt.ErrorPrompt.Title.DeviceNotSupported,不支援此裝置
CoreScripts.CommercePurchasePrompt.ProductNotAvailable,無法購買此產品
CoreScripts.CommercePurchasePrompt.SuccessToast.GrantPending,授予虛擬人偶道具需要一些時間。系統很快就會完成授予。
CoreScripts.CommercePurchasePrompt.SuccessToast.Granted,已成功授予虛擬人偶道具！
CoreScripts.EmoteThumbnailEditor.Action.Cancel,
CoreScripts.EmoteThumbnailEditor.Action.Update,更新
CoreScripts.EmoteThumbnailEditor.Heading.EditThumbnail,編輯縮圖
CoreScripts.EmoteThumbnailEditor.Label.Rotation,旋轉
CoreScripts.EmoteThumbnailEditor.Label.Time,時間
CoreScripts.FTUX.Description.WhiteMenuPlaytestMode,白色 Roblox 選單表示你正在試玩。請務必遵守 Roblox 社群標準。
CoreScripts.FTUX.Heading.CheckOutRobloxConnect,全新：查看 Roblox Connect！
CoreScripts.FTUX.Heading.CheckOutRobloxParty,新推出：查看 Roblox Party 功能！
CoreScripts.FTUX.Heading.InExperienceShop,新商店
CoreScripts.FTUX.Heading.JoinVoice,加入語音聊天
CoreScripts.FTUX.Heading.LeaveRespawn,離開並重生
CoreScripts.FTUX.Heading.NewAvatarSwitcher,新功能：虛擬人偶切換器
CoreScripts.FTUX.Heading.NewTiltOnboarding,選單在此處
CoreScripts.FTUX.Heading.NewTiltUpdate,全新選單
CoreScripts.FTUX.Heading.ReadyToPlaytest,準備好試玩了嗎？
CoreScripts.FTUX.Heading.SideSheetUpdate,集中一處管理所有操作
CoreScripts.FTUX.Heading.SocialOnboarding,社交功能
CoreScripts.FTUX.Label.AvatarSwitcherDescription,隨時切換至已儲存的虛擬人偶。
CoreScripts.FTUX.Label.ChatWithYourFriendsAnytime,隨時與好友聊天。
CoreScripts.FTUX.Label.InExperienceShopDescription,查看為你精選的道具
CoreScripts.FTUX.Label.JoinVoiceDescription,聆聽並與他人交談
CoreScripts.FTUX.Label.LeaveRespawn,你可以在此輕鬆離開遊戲或重新生成虛擬人偶。
CoreScripts.FTUX.Label.NewTiltOnboarding,遊戲選單包含遊戲內動作以及你的遊戲設定。
CoreScripts.FTUX.Label.NewTiltUpdate,漢堡選單的物品已移到此處。
CoreScripts.FTUX.Label.PartyWithYourFriendsAnytime,隨時與好友一起利用 Party 同樂。
CoreScripts.FTUX.Label.SideSheetOnboarding,選單包含所有基本功能，邀請好友、試用動作、控制音樂等。
CoreScripts.FTUX.Label.SideSheetUpdate,選單仍舊包含所有基本功能。
CoreScripts.FTUX.Label.SocialOnboarding,從頂端列輕鬆存取聊天等社交功能。
CoreScripts.Feedback.EntryPoint.ButtonText,給予回饋
CoreScripts.Feedback.EntryPoint.OptionText,給予翻譯回饋
CoreScripts.Feedback.FeedbackBar.ExitFeedbackButton,離開
CoreScripts.Feedback.FeedbackBar.HelpButton,協助
CoreScripts.Feedback.FeedbackBar.MainLabel,
CoreScripts.Feedback.FeedbackReportDialog.AdditionalCommentsHeader,請在下方提供其他留言
CoreScripts.Feedback.FeedbackReportDialog.AdditionalCommentsPlaceholder,請在這裡輸入您的其他留言
CoreScripts.Feedback.FeedbackReportDialog.Cancel,
CoreScripts.Feedback.FeedbackReportDialog.CorrectTranslationHeader,正確的翻譯應該是什麼？*
CoreScripts.Feedback.FeedbackReportDialog.CorrectTranslationObjectPlaceholder,體驗物件：{ObjectType}
CoreScripts.Feedback.FeedbackReportDialog.CorrectTranslationPlaceholder,請在這裡輸入正確的翻譯
CoreScripts.Feedback.FeedbackReportDialog.ImageSelectionHeader,已選擇的圖片
CoreScripts.Feedback.FeedbackReportDialog.MainHeader,
CoreScripts.Feedback.FeedbackReportDialog.OriginalTextHeader,原始文字（{SourceLanguage}）
CoreScripts.Feedback.FeedbackReportDialog.ProblemDropdownSelectionHeader,這個翻譯有什麼問題？
CoreScripts.Feedback.FeedbackReportDialog.ProblemOption.AccuracyIssue,正確性問題
CoreScripts.Feedback.FeedbackReportDialog.ProblemOption.InappropriateOrDerogatory,不當或具有貶義
CoreScripts.Feedback.FeedbackReportDialog.ProblemOption.SpellingOrGrammarIssue,拼字或文法錯誤
CoreScripts.Feedback.FeedbackReportDialog.ProblemOption.Untranslated,未翻譯
CoreScripts.Feedback.FeedbackReportDialog.SubmitFeedback,
CoreScripts.Feedback.FeedbackReportDialog.TextSelectionHeader,已選擇文字
CoreScripts.Feedback.Help.Instructions,選取任何文字，對不正確或缺少的翻譯提供回饋。
CoreScripts.Feedback.Help.MainHeader,
CoreScripts.Feedback.Onboarding.Cancel,
CoreScripts.Feedback.Onboarding.Instructions,
CoreScripts.Feedback.Onboarding.MainHeader,告訴我們有什麼問題
CoreScripts.Feedback.Onboarding.Start,開始
CoreScripts.Feedback.SubmissionToastBody,Roblox 會利用這些資訊協助改善此體驗的翻譯品質
CoreScripts.Feedback.SubmissionToastHeader,感謝您的回饋！
CoreScripts.FeedbackPrompt.FeedbackPrompt.Footer,系統會以匿名方式分享回應，並根據 Roblox 使用條款將回應視為回饋。
CoreScripts.FeedbackPrompt.FeedbackPrompt.Intro,請分享你的使用體驗。
CoreScripts.FeedbackPrompt.FeedbackPrompt.Placeholder,請告訴我們你的想法…
CoreScripts.FeedbackPrompt.FeedbackPrompt.Submit,
CoreScripts.FeedbackPrompt.FeedbackPrompt.Submitting,正在提交…
CoreScripts.FeedbackPrompt.FeedbackPrompt.Title,分享回饋
CoreScripts.FeedbackPrompt.FeedbackPrompt.Unavailable.Header.Default,目前無法提交回饋。
CoreScripts.FeedbackPrompt.FeedbackPrompt.Unavailable.Header.RateLimited,你目前已達到回饋上限。
CoreScripts.FeedbackPrompt.FeedbackPrompt.Unavailable.Header.Under13,此帳號無法使用回饋功能。
CoreScripts.FeedbackPrompt.FeedbackPrompt.Unavailable.Hint.Default,請稍後再試。
CoreScripts.FeedbackPrompt.FeedbackPrompt.Unavailable.Hint.RateLimited,感謝你分享想法。請稍後再試。
CoreScripts.FeedbackPrompt.FeedbackPrompt.Unavailable.Hint.Under13,為了保護未成年玩家，使用者年齡未滿 13 歲的帳號無法傳送回饋。
CoreScripts.FeedbackPrompt.FeedbackPrompt.Unavailable.OkayButton,
CoreScripts.FeedbackPrompt.FeedbackPrompt.Unavailable.Title,無法提交回饋
CoreScripts.FeedbackPrompt.PlayerSupportPrompt.Add,
CoreScripts.FeedbackPrompt.PlayerSupportPrompt.BackButton,
CoreScripts.FeedbackPrompt.PlayerSupportPrompt.Cancel,
CoreScripts.FeedbackPrompt.PlayerSupportPrompt.Captures.Add,新增截圖
CoreScripts.FeedbackPrompt.PlayerSupportPrompt.Captures.EditSelection,編輯選取內容
CoreScripts.FeedbackPrompt.PlayerSupportPrompt.Captures.Empty,沒有可用的截圖。
CoreScripts.FeedbackPrompt.PlayerSupportPrompt.Captures.Heading,截圖（{count} 個，共 {max} 個）
CoreScripts.FeedbackPrompt.PlayerSupportPrompt.Captures.Hint,協助創作者瞭解你的問題。
CoreScripts.FeedbackPrompt.PlayerSupportPrompt.Captures.Loading,正在載入截圖...
CoreScripts.FeedbackPrompt.PlayerSupportPrompt.Captures.Picker.DateTime,{date} - {time}
CoreScripts.FeedbackPrompt.PlayerSupportPrompt.Captures.Picker.NumSelected,已選擇 {count} 個，共 {max} 個
CoreScripts.FeedbackPrompt.PlayerSupportPrompt.Captures.UploadError,你有一或多個截圖無法上傳。
CoreScripts.FeedbackPrompt.PlayerSupportPrompt.Category.BugReport,錯誤報告
CoreScripts.FeedbackPrompt.PlayerSupportPrompt.Category.DataRestoreRequest,道具或資料還原
CoreScripts.FeedbackPrompt.PlayerSupportPrompt.Category.Label,類別*
CoreScripts.FeedbackPrompt.PlayerSupportPrompt.Category.Other,其他
CoreScripts.FeedbackPrompt.PlayerSupportPrompt.Category.Placeholder,選擇類別
CoreScripts.FeedbackPrompt.PlayerSupportPrompt.Category.PurchasingIssue,購買問題
CoreScripts.FeedbackPrompt.PlayerSupportPrompt.Description.CharacterLimitHint,最多 {MAX} 個字元
CoreScripts.FeedbackPrompt.PlayerSupportPrompt.Description.Label,詳細資訊*
CoreScripts.FeedbackPrompt.PlayerSupportPrompt.Deselect,取消選擇
CoreScripts.FeedbackPrompt.PlayerSupportPrompt.Placeholder.BugReport,請提供與問題相關的所有資訊，例如遊戲版本和重現問題的步驟。
CoreScripts.FeedbackPrompt.PlayerSupportPrompt.Placeholder.DataRestoreRequest,請描述遺失的物品，以及最後一次看到該物品的時間。若帳號遭到駭客入侵，請提供你的 Roblox 客服票證編號，以及任何相關的詳細資訊。
CoreScripts.FeedbackPrompt.PlayerSupportPrompt.Placeholder.Other,請在此描述你的請求或問題。請盡可能提供詳細資訊，以利我們瞭解情況。
CoreScripts.FeedbackPrompt.PlayerSupportPrompt.Placeholder.PurchasingIssue,請告訴我們你嘗試購買的商品、購買時間以及總價值（例如 500 Robux／$4.99），並附上你看到的任何錯誤訊息。
CoreScripts.FeedbackPrompt.PlayerSupportPrompt.ReportAbuse.Lead,想檢舉濫用嗎？
CoreScripts.FeedbackPrompt.PlayerSupportPrompt.ReportAbuse.Link,<u>改為提交檢舉。</u>
CoreScripts.FeedbackPrompt.PlayerSupportPrompt.Select,選擇
CoreScripts.FeedbackPrompt.PlayerSupportPrompt.Send,
CoreScripts.FeedbackPrompt.PlayerSupportPrompt.ShareUserId.Hint,這有助於創作者為正確的帳號提供支援。
CoreScripts.FeedbackPrompt.PlayerSupportPrompt.ShareUserId.Label,與創作者分享使用者資訊
CoreScripts.FeedbackPrompt.PlayerSupportPrompt.ShareUserId.LabelRequired,與創作者分享使用者資訊（必填）
CoreScripts.FeedbackPrompt.PlayerSupportPrompt.Title,創作者可以如何提供協助？
CoreScripts.FeedbackPrompt.PlayerSupportPrompt.Toast.Failed,我們無法傳送你的請求，請稍後再試。
CoreScripts.FeedbackPrompt.PlayerSupportPrompt.Toast.Submitted,已傳送支援請求
CoreScripts.FeedbackPrompt.PlayerSupportPrompt.Unavailable.Default.Body,玩家支援目前無法使用，請稍後再試。
CoreScripts.FeedbackPrompt.PlayerSupportPrompt.Unavailable.Default.Title,玩家支援無法使用
CoreScripts.FeedbackPrompt.PlayerSupportPrompt.Unavailable.NotRecentlyVisited.Body,若要提出支援請求，你必須最近曾玩過這項體驗。
CoreScripts.FeedbackPrompt.PlayerSupportPrompt.Unavailable.NotRecentlyVisited.Title,造訪此體驗以提出請求
CoreScripts.FeedbackPrompt.PlayerSupportPrompt.Unavailable.OpenTicketLimit.Body,請等候創作者回覆你現有的請求，然後再提交另一個請求。
CoreScripts.FeedbackPrompt.PlayerSupportPrompt.Unavailable.OpenTicketLimit.Title,
CoreScripts.FeedbackPrompt.PlayerSupportPrompt.Unavailable.RateLimited.Body,玩家支援暫時無法使用，請於幾分鐘後再試一次。
CoreScripts.FeedbackPrompt.PlayerSupportPrompt.Unavailable.RateLimited.Title,玩家支援暫時無法使用
CoreScripts.FeedbackPrompt.PlayerSupportPrompt.Unavailable.TextFilter.Body,你的提交內容違反 Roblox 社群標準。想檢舉濫用嗎？
CoreScripts.FeedbackPrompt.PlayerSupportPrompt.Unavailable.TextFilter.Title,提交失敗
CoreScripts.FeedbackPrompt.PlayerSupportPrompt.Unavailable.Under13.Body,13 歲以下使用者無法提出玩家支援請求。
CoreScripts.FeedbackPrompt.PlayerSupportPrompt.Unavailable.Under13.Title,功能無法使用
CoreScripts.InGameMenu.Action.DontLeaveGame,不要離開
CoreScripts.InGameMenu.Action.DontResetCharacter,不要重置
CoreScripts.InGameMenu.Action.DontRespawnCharacter,不要重生
CoreScripts.InGameMenu.Action.ResetCharacter,
CoreScripts.InGameMenu.Actions.AcceptFriend,接受好友邀請
CoreScripts.InGameMenu.Actions.AddFriend,
CoreScripts.InGameMenu.Actions.BlockPlayer,封鎖玩家
CoreScripts.InGameMenu.Actions.CancelFriend,取消好友邀請
CoreScripts.InGameMenu.Actions.Continue,
CoreScripts.InGameMenu.Actions.ReportAbuse,檢舉濫用
CoreScripts.InGameMenu.Actions.UnblockPlayer,解除封鎖玩家
CoreScripts.InGameMenu.Actions.Unfriend,刪除好友
CoreScripts.InGameMenu.Actions.ViewAvatar,檢視人偶
CoreScripts.InGameMenu.Cancel,
CoreScripts.InGameMenu.ConfirmLeaveGame,確定離開？
CoreScripts.InGameMenu.ControllerBar.Back,
CoreScripts.InGameMenu.ControllerBar.Cancel,
CoreScripts.InGameMenu.ControllerBar.CloseMoreMenu,關閉更多選項選單
CoreScripts.InGameMenu.ControllerBar.Leave,
CoreScripts.InGameMenu.ControllerBar.OpenMoreMenu,開啟更多選項選單
CoreScripts.InGameMenu.ControllerBar.Respawn,重生
CoreScripts.InGameMenu.ControllerBar.RespawnCharacter,重生角色
CoreScripts.InGameMenu.Controls.AccessoriesTitle,飾品
CoreScripts.InGameMenu.Controls.BackExitLabel,返回 / 結束
CoreScripts.InGameMenu.Controls.BackGamepad,
CoreScripts.InGameMenu.Controls.Backpack,背包
CoreScripts.InGameMenu.Controls.Backspace,退格鍵
CoreScripts.InGameMenu.Controls.CameraMovementTitle,攝影機移動
CoreScripts.InGameMenu.Controls.CameraZoomGamepad,攝影機縮放
CoreScripts.InGameMenu.Controls.CharacterMovementTitle,角色移動
CoreScripts.InGameMenu.Controls.Chat,
CoreScripts.InGameMenu.Controls.DevConsole,開發主機
CoreScripts.InGameMenu.Controls.DownArrow,向下箭號
CoreScripts.InGameMenu.Controls.DropTool,放置工具
CoreScripts.InGameMenu.Controls.EquipUnequipTools,裝上／卸下工具
CoreScripts.InGameMenu.Controls.FirstPersonCameraLabel,（按一下）FP / TP 相機
CoreScripts.InGameMenu.Controls.GameMenuToggle,遊戲選單切換
CoreScripts.InGameMenu.Controls.GameMenuToggleGamepad,UI 選項切換
CoreScripts.InGameMenu.Controls.GamepadTitle,控制器
CoreScripts.InGameMenu.Controls.GraphicsLevel,圖像等級
CoreScripts.InGameMenu.Controls.GraphicsLevelDown,圖像等級下降
CoreScripts.InGameMenu.Controls.GraphicsLevelUp,圖像等級上升
CoreScripts.InGameMenu.Controls.Jump,跳躍
CoreScripts.InGameMenu.Controls.JumpSelectLabel,跳躍 / 選取
CoreScripts.InGameMenu.Controls.KeyboardAndMouseTitle,鍵盤與滑鼠
CoreScripts.InGameMenu.Controls.LeftArrow,向左箭號
CoreScripts.InGameMenu.Controls.LeftMouseButton,左滑鼠鍵
CoreScripts.InGameMenu.Controls.MenuItemsTitle,選單項目
CoreScripts.InGameMenu.Controls.MenuLabel,選單
CoreScripts.InGameMenu.Controls.MenuNavigationGamepad,選單導覽
CoreScripts.InGameMenu.Controls.MiscellaneousTitle,
CoreScripts.InGameMenu.Controls.MouseLock,滑鼠鎖定
CoreScripts.InGameMenu.Controls.MouseWheel,滑鼠滾輪
CoreScripts.InGameMenu.Controls.MoveBackward,倒退
CoreScripts.InGameMenu.Controls.MoveForward,向前
CoreScripts.InGameMenu.Controls.MoveGamepad,移動
CoreScripts.InGameMenu.Controls.MoveLeft,向左移動
CoreScripts.InGameMenu.Controls.MoveRight,向右移動
CoreScripts.InGameMenu.Controls.NextTab,下一個分頁
CoreScripts.InGameMenu.Controls.PerformanceStats,效能統計資料
CoreScripts.InGameMenu.Controls.Playerlist,排行榜
CoreScripts.InGameMenu.Controls.Playerlist.Friends,
CoreScripts.InGameMenu.Controls.Playerlist.Global,全域
CoreScripts.InGameMenu.Controls.Playerlist.Here,此處
CoreScripts.InGameMenu.Controls.PreviousTab,上一個分頁
CoreScripts.InGameMenu.Controls.RecordVideo,錄影
CoreScripts.InGameMenu.Controls.ResetCameraLabel,移動 / 重設相機
CoreScripts.InGameMenu.Controls.RightArrow,向右箭號
CoreScripts.InGameMenu.Controls.RightMouseButton,右滑鼠鍵
CoreScripts.InGameMenu.Controls.RobloxMenu,Roblox 選單
CoreScripts.InGameMenu.Controls.RotateCamera,
CoreScripts.InGameMenu.Controls.RotateCameraGamepad,旋轉攝影機
CoreScripts.InGameMenu.Controls.Screenshot,截圖
CoreScripts.InGameMenu.Controls.SelectItemLabel,選擇項目
CoreScripts.InGameMenu.Controls.Shift,Shift
CoreScripts.InGameMenu.Controls.Space,空格
CoreScripts.InGameMenu.Controls.SwitchToolGamepad,切換工具
CoreScripts.InGameMenu.Controls.ToggleCameraView,切換攝影機檢視
CoreScripts.InGameMenu.Controls.ToggleFullscreen,全螢幕
CoreScripts.InGameMenu.Controls.UpArrow,向上箭號
CoreScripts.InGameMenu.Controls.UseTool,使用工具
CoreScripts.InGameMenu.Controls.VrControllerTitle,VR 控制器
CoreScripts.InGameMenu.Controls.ZoomInCamera,放大
CoreScripts.InGameMenu.Controls.ZoomInOutCamera,放大／縮小
CoreScripts.InGameMenu.Controls.ZoomOutCamera,縮小
CoreScripts.InGameMenu.EducationalPopup.MenuIconTooltip,在找更多體驗嗎？
CoreScripts.InGameMenu.EducationalPopup.UINavigation.Description,某些體驗可使用 UI 導覽模式，該模式可用選擇框或虛擬游標與體驗中的 UI 進行互動。
CoreScripts.InGameMenu.EducationalPopup.UINavigation.Title,如何切換 UI 導覽模式
CoreScripts.InGameMenu.ExitModal.ActionExit,關閉 Roblox
CoreScripts.InGameMenu.ExitModal.ActionHome,返回首頁
CoreScripts.InGameMenu.ExitModal.BodyTextClickHome,按下首頁圖示
CoreScripts.InGameMenu.ExitModal.BodyTextOpenMenu,開啟 Roblox 選單
CoreScripts.InGameMenu.ExitModal.OptionDontShow,不要再顯示
CoreScripts.InGameMenu.ExitModal.Subtitle,留在 App 中繼續探索新體驗
CoreScripts.InGameMenu.ExitModal.Title,初次使用 Roblox App
CoreScripts.InGameMenu.GameSettings.AIRephraseMessages,經過重新改寫的訊息
CoreScripts.InGameMenu.GameSettings.AIRephraseMessagesDescription,Roblox 可能會重新改寫違反安全規則的訊息。
CoreScripts.InGameMenu.GameSettings.AdvancedSettingsTitle,進階設定
CoreScripts.InGameMenu.GameSettings.AudioHeader,音訊
CoreScripts.InGameMenu.GameSettings.AutoGraphicsQuality,自動品質模式
CoreScripts.InGameMenu.GameSettings.CameraMode,相機模式
CoreScripts.InGameMenu.GameSettings.CameraModeCameraToggle,鎖定游標
CoreScripts.InGameMenu.GameSettings.CameraModeClassic,經典
CoreScripts.InGameMenu.GameSettings.CameraModeFollow,追蹤
CoreScripts.InGameMenu.GameSettings.CameraSensitivity,相機靈敏度
CoreScripts.InGameMenu.GameSettings.CameraTitle,相機
CoreScripts.InGameMenu.GameSettings.ChatSummaries,聊天摘要
CoreScripts.InGameMenu.GameSettings.ChatSummariesDescription,Roblox 會自動生成玩家訊息的摘要。
CoreScripts.InGameMenu.GameSettings.ClientCoreScriptVersion,用戶端 CoreScript 版本：{CLIENT_CORESCRIPT_VERSION}
CoreScripts.InGameMenu.GameSettings.ClientVersion,用戶端版本：{CLIENT_VERSION}
CoreScripts.InGameMenu.GameSettings.ComfortSettingComfort,舒適
CoreScripts.InGameMenu.GameSettings.ComfortSettingCustom,自訂
CoreScripts.InGameMenu.GameSettings.ComfortSettingExpert,專業
CoreScripts.InGameMenu.GameSettings.ComfortSettingNormal,預設
CoreScripts.InGameMenu.GameSettings.ComfortSettingsDescription,透過調整動作與視野來減輕暈動症狀
CoreScripts.InGameMenu.GameSettings.ComputerMoveModeClickToMove,點擊移動
CoreScripts.InGameMenu.GameSettings.ComputerMoveModeKeyboardMouse,
CoreScripts.InGameMenu.GameSettings.ControlsAudio,操作與聲音
CoreScripts.InGameMenu.GameSettings.Default,
CoreScripts.InGameMenu.GameSettings.DeveloperConsole,開發者控制台
CoreScripts.InGameMenu.GameSettings.DisplayHeader,顯示與圖像
CoreScripts.InGameMenu.GameSettings.Friend,
CoreScripts.InGameMenu.GameSettings.FullScreen,
CoreScripts.InGameMenu.GameSettings.GiveFeedback,提供回饋
CoreScripts.InGameMenu.GameSettings.GiveTranslationFeedback,提供翻譯回饋
CoreScripts.InGameMenu.GameSettings.GraphicsTitle,圖像
CoreScripts.InGameMenu.GameSettings.Haptics,觸覺
CoreScripts.InGameMenu.GameSettings.InvertedCamera,反轉相機
CoreScripts.InGameMenu.GameSettings.LanguageHeader,聊天與語言
CoreScripts.InGameMenu.GameSettings.LockedByDeveloper,已被開發人員鎖定
CoreScripts.InGameMenu.GameSettings.MainVolume,主音量
CoreScripts.InGameMenu.GameSettings.ManualGraphicsQuality,品質等級
CoreScripts.InGameMenu.GameSettings.MovementMode,移動模式
CoreScripts.InGameMenu.GameSettings.Open,開啟
CoreScripts.InGameMenu.GameSettings.PlaceVersion,空間版本：{PLACE_VERSION}
CoreScripts.InGameMenu.GameSettings.PlaceVersionWithLatest,空間版本：{PLACE_VERSION}（最新：{LATEST_PLACE_VERSION}）
CoreScripts.InGameMenu.GameSettings.ReadOnlyView,唯讀檢視模式
CoreScripts.InGameMenu.GameSettings.ReadOnlyViewDescription,這是根據你的角色權限，以創作者身分聊天的畫面。
CoreScripts.InGameMenu.GameSettings.ReduceMotionDescription,停止或減少動態效果
CoreScripts.InGameMenu.GameSettings.ReduceMotionLabel,減少動態效果
CoreScripts.InGameMenu.GameSettings.RequestSent,請求已傳送
CoreScripts.InGameMenu.GameSettings.RestartPending,準備重新開啟
CoreScripts.InGameMenu.GameSettings.SafetyBubbleModeAnyone,任何人
CoreScripts.InGameMenu.GameSettings.SafetyBubbleModeDescription,無需淡出就能決定誰可以接近您
CoreScripts.InGameMenu.GameSettings.SafetyBubbleModeNoOne,沒有人
CoreScripts.InGameMenu.GameSettings.SafetyBubbleModeOnlyFriends,僅限朋友
CoreScripts.InGameMenu.GameSettings.SafetyBubbleModeTitle,安全泡泡
CoreScripts.InGameMenu.GameSettings.ServerVersion,伺服器版本：{SERVER_VERSION}
CoreScripts.InGameMenu.GameSettings.ShiftLock,Shift Lock 開關
CoreScripts.InGameMenu.GameSettings.ShowMicroProfiler,顯示 MicroProfiler
CoreScripts.InGameMenu.GameSettings.ShowPerfStats,顯示效能數據
CoreScripts.InGameMenu.GameSettings.SwitchToAdvancedSettings,
CoreScripts.InGameMenu.GameSettings.SwitchToVRComfortSettings,自訂設定
CoreScripts.InGameMenu.GameSettings.UINavToggle,UI 導覽切換
CoreScripts.InGameMenu.GameSettings.UINavToggleDescription,"使用 ""\ 鍵以進入和退出 UI 導覽模式"""""""
CoreScripts.InGameMenu.GameSettings.UIScale,使用者介面比例
CoreScripts.InGameMenu.GameSettings.UIScaleLargest,最大
CoreScripts.InGameMenu.GameSettings.UIScaleMode,使用者介面縮放模式
CoreScripts.InGameMenu.GameSettings.UIScaleModeAuto,自動
CoreScripts.InGameMenu.GameSettings.UIScaleModeManual,手動
CoreScripts.InGameMenu.GameSettings.UIScaleSmallest,最小
CoreScripts.InGameMenu.GameSettings.VREnabled,VR 模式
CoreScripts.InGameMenu.GameSettings.VRSmoothRotationEnabled,已啟用 VR 平順旋轉
CoreScripts.InGameMenu.GameSettings.VRSteppedRotationEnabled,已啟用 VR 階段式旋轉
CoreScripts.InGameMenu.GameSettings.VRThirdPersonFixedCamEnabled,第三人稱固定視角鏡頭
CoreScripts.InGameMenu.GameSettings.ViewandControlsHeader,檢視與控制
CoreScripts.InGameMenu.GameSettings.VignetteEnabled,已啟用 VR 暈影
CoreScripts.InGameMenu.GameSettings.VoiceChatVolume,語音聊天音量
CoreScripts.InGameMenu.GameSettings.Volume,音量
CoreScripts.InGameMenu.GameSettings.VrControlsTitle,VR 控制選項
CoreScripts.InGameMenu.InviteFriends.ErrorOccured,發生錯誤，請重新嘗試。
CoreScripts.InGameMenu.InviteFriends.Loading,正在載入！
CoreScripts.InGameMenu.InviteFriends.MakeFriendsNow,開始結交好友
CoreScripts.InGameMenu.InviteFriends.NoFriends,您沒有好友，請前往帳號清單傳送好友邀請。
CoreScripts.InGameMenu.InviteFriends.Search,
CoreScripts.InGameMenu.Label.TouchpadButton,觸控板按鈕
CoreScripts.InGameMenu.Label.ViewButton,檢視按鈕
CoreScripts.InGameMenu.Leave,
CoreScripts.InGameMenu.LeaveGame,
CoreScripts.InGameMenu.LeaveGameQuestion,離開？
CoreScripts.InGameMenu.Ok,
CoreScripts.InGameMenu.PageTitle.Controls,操作……
CoreScripts.InGameMenu.PageTitle.GameSettings,
CoreScripts.InGameMenu.PageTitle.InviteFriends,邀請好友
CoreScripts.InGameMenu.PageTitle.Players,帳號
CoreScripts.InGameMenu.PageTitle.Report,檢舉
CoreScripts.InGameMenu.PageTitle.VRComfortSettings,舒適度設定
CoreScripts.InGameMenu.PeoplePage.SwitchServer,切換伺服器
CoreScripts.InGameMenu.Prompt.BackToHome,是，返回首頁
CoreScripts.InGameMenu.Prompt.ConfirmLeaveGame,確定要離開遊戲？
CoreScripts.InGameMenu.Prompt.ConfirmResetCharacter,確定要重置角色？
CoreScripts.InGameMenu.Prompt.ConfirmRespawnCharacter,確定要重生角色嗎？
CoreScripts.InGameMenu.Prompt.LeaveGame,是，離開
CoreScripts.InGameMenu.Prompt.LeaveGameBodyText,若您離開體驗，未儲存的進度可能會遺失。
CoreScripts.InGameMenu.Prompt.LeaveGameTitle,離開此體驗？
CoreScripts.InGameMenu.Prompt.ResumeGame,
CoreScripts.InGameMenu.Prompt.VRFTUXLeaveGameBodyText,您是否確定要離開體驗？您可以在選單的「更多」選項處再次存取教學。
CoreScripts.InGameMenu.QuickActions.MuteSelf,將自己靜音
CoreScripts.InGameMenu.QuickActions.Report,
CoreScripts.InGameMenu.QuickActions.Respawn,
CoreScripts.InGameMenu.QuickActions.UnmuteSelf,將自己解除靜音
CoreScripts.InGameMenu.Report.AbuseBullying,霸凌
CoreScripts.InGameMenu.Report.AbuseDating,約會
CoreScripts.InGameMenu.Report.AbuseDetailsPlaceHolder,請自行描述不當的事項。
CoreScripts.InGameMenu.Report.AbuseExploiting,作弊 / 外掛
CoreScripts.InGameMenu.Report.AbuseOffsiteLink,站外連結
CoreScripts.InGameMenu.Report.AbusePersonalQuestion,私人問題
CoreScripts.InGameMenu.Report.AbuseScamming,詐騙
CoreScripts.InGameMenu.Report.AbuseSwearing,髒話謾罵
CoreScripts.InGameMenu.Report.AbuseTypePlaceHolder,選擇濫用類型
CoreScripts.InGameMenu.Report.AbuseUsername,使用者名稱不當
CoreScripts.InGameMenu.Report.AdditionalDetails,在此輸入詳細資料
CoreScripts.InGameMenu.Report.Block,封鎖
CoreScripts.InGameMenu.Report.BlockDescription,對方將無法和您加入相同伺服器、與您交流或新增您為好友。
CoreScripts.InGameMenu.Report.Category.Description.Experience,此體驗有不當內容。
CoreScripts.InGameMenu.Report.Category.Description.Other,此人在跟蹤我、穿著不當的衣物等。
CoreScripts.InGameMenu.Report.Category.Description.Text,此人在文字聊天使用了惡意字眼。
CoreScripts.InGameMenu.Report.Category.Description.Voice,此人在語音聊天叫得異常大聲。
CoreScripts.InGameMenu.Report.Category.Header.Experience,
CoreScripts.InGameMenu.Report.Category.Header.Other,
CoreScripts.InGameMenu.Report.Category.Header.Text,文字聊天
CoreScripts.InGameMenu.Report.Category.Header.Voice,語音聊天
CoreScripts.InGameMenu.Report.Confirm,
CoreScripts.InGameMenu.Report.Confirmation.Blocked,已封鎖
CoreScripts.InGameMenu.Report.Confirmation.Muted,已靜音
CoreScripts.InGameMenu.Report.Confirmation.MutedAndBlocked,已靜音和封鎖
CoreScripts.InGameMenu.Report.Confirmation.MutedAndBlockedDescriptionWithUser,您將無法與 @{RBX_NAME} 交流
CoreScripts.InGameMenu.Report.Confirmation.MutedDescriptionWithUser,您將無法聽到 @{RBX_NAME}
CoreScripts.InGameMenu.Report.Confirmation.ThanksForReport,感謝您的檢舉
CoreScripts.InGameMenu.Report.Confirmation.ThanksForReportDescription,我們將會審查您的報告並採取適當行動。
CoreScripts.InGameMenu.Report.DSAFooter,若要依據歐盟數位服務法（EU Digital Services Act）檢舉違法內容，請造訪：https://www.roblox.com/illegal-content-reporting
CoreScripts.InGameMenu.Report.Done,
CoreScripts.InGameMenu.Report.FlagingGame,您正在檢舉 {RBX_NAME} 發佈不當內容。
CoreScripts.InGameMenu.Report.MenuTitle,您要檢舉什麼事項？
CoreScripts.InGameMenu.Report.Mute,靜音
CoreScripts.InGameMenu.Report.MuteDescription,您將無法聽到對方
CoreScripts.InGameMenu.Report.OtherStepsTitle,其他可以採取的行動：@{RBX_NAME}
CoreScripts.InGameMenu.Report.ReportExperience,檢舉體驗
CoreScripts.InGameMenu.Report.ReportGameTitle,檢舉 {RBX_NAME}
CoreScripts.InGameMenu.Report.ReportPlayerTitle,檢舉使用者
CoreScripts.InGameMenu.Report.ReportTitle,
CoreScripts.InGameMenu.Report.ReportingGame,您正在檢舉 {RBX_NAME} 發布不當內容。
CoreScripts.InGameMenu.Report.SelectAbuseType,
CoreScripts.InGameMenu.Report.SendReport,
CoreScripts.InGameMenu.Report.ThanksForReport,
CoreScripts.InGameMenu.Report.ThanksForReportDescription,我們將會審查您的報告並採取適當行動。我們有了您的幫助才能維護社群的安全。
CoreScripts.InGameMenu.Report.Title.Experience,體驗檢舉
CoreScripts.InGameMenu.Report.Title.Other,其他檢舉
CoreScripts.InGameMenu.Report.Title.TextChat,文字聊天檢舉
CoreScripts.InGameMenu.Report.Title.VoiceChat,語音聊天檢舉
CoreScripts.InGameMenu.Report.WillReviewBody,我們的管理員將會進行審查並做出決定。
CoreScripts.InGameMenu.RespawnCharacter,
CoreScripts.InGameMenu.RespawnCharacterDialogBody,您的角色將會在生出點重生。
CoreScripts.InGameMenu.RespawnCharacterDialogConfirm,
CoreScripts.InGameMenu.RespawnCharacterDialogTitle,重生角色？
CoreScripts.InGameMenu.SwitchServer.ConfirmBody,你即將離開此伺服器，並切換至另一個伺服器。
CoreScripts.InGameMenu.SwitchServer.ConfirmHeader,你要離開了嗎？
CoreScripts.InGameMenu.Traversal.HistoryDescription,加入先前造訪過的遊戲
CoreScripts.InGameMenu.Traversal.LeaveBody,你即將離開此遊戲，並返回「{PREVIOUS_EXPERIENCE}」。
CoreScripts.InGameMenu.Traversal.LeaveHeader,
CoreScripts.InGameMenu.Vibration,震動
CoreScripts.InGameMenu.VirtualCursorHintPostIcon,來切換選單導航
CoreScripts.InGameMenu.VirtualCursorHintPreIcon,某些體驗需要按
CoreScripts.InGameMenu.VoiceChatVolumeLower,
CoreScripts.PremiumModal.Title.Error,
CoreScripts.PublishAssetPrompt.AssetDescriptionPlaceholder,說明
CoreScripts.PublishAssetPrompt.Cancel,
CoreScripts.PublishAssetPrompt.Description,
CoreScripts.PublishAssetPrompt.DisclaimerAvatar,我同意此體驗會將我的虛擬人偶道具送進審查過程並上傳到我的作品。
CoreScripts.PublishAssetPrompt.DisclaimerEmote,我同意此體驗會將我的動作送進審查過程並上傳到我的作品。
CoreScripts.PublishAssetPrompt.DisclaimerImage,我同意讓這項體驗提交我的圖片以供審查，並上傳至「我的創作」。
CoreScripts.PublishAssetPrompt.DisclaimerModel,建立的道具會經過審核，如果您的道具因不符合社群標準而被拒絕，您不會收到退款。
CoreScripts.PublishAssetPrompt.InvalidDescription,無效說明
CoreScripts.PublishAssetPrompt.InvalidName,無效名稱
CoreScripts.PublishAssetPrompt.Name,名稱
CoreScripts.PublishAssetPrompt.NoUserInput,有地方出錯，請再試一次。
CoreScripts.PublishAssetPrompt.PackagesDefaultName,來自{RBX_NAME}的包套
CoreScripts.PublishAssetPrompt.PublishFailed,
CoreScripts.PublishAssetPrompt.PublishFailedTitle,無法送出
CoreScripts.PublishAssetPrompt.PublishSuccessMessage,您可以在道具欄找到此道具。
CoreScripts.PublishAssetPrompt.PublishSuccessTitle,成功！
CoreScripts.PublishAssetPrompt.ResultModalOk,
CoreScripts.PublishAssetPrompt.Submit,
CoreScripts.PublishAssetPrompt.TitleTextClothing,送出服飾
CoreScripts.PublishAssetPrompt.TitleTextEmote,送出動作
CoreScripts.PublishAssetPrompt.TitleTextImage,提交圖片
CoreScripts.PublishAssetPrompt.TitleTextModel,送出套件
CoreScripts.PublishAssetPrompt.TitleTextPackage,
CoreScripts.PublishAssetPrompt.UndefinedError,有地方出錯，請再試一次。錯誤代碼：{RESULT_TYPE}
CoreScripts.PublishAvatarPrompt.BodyName,身體名稱
CoreScripts.PublishAvatarPrompt.BuyCreation,購買作品
CoreScripts.PublishAvatarPrompt.Close,
CoreScripts.PublishAvatarPrompt.LeaveCreationTitle,是否退出創作？
CoreScripts.PublishAvatarPrompt.Pan,平移
CoreScripts.PublishAvatarPrompt.PurchaseCompleteDescription,道具完成後，就能在道具欄找到您的道具。
CoreScripts.PublishAvatarPrompt.ResetView,重置檢視
CoreScripts.PublishAvatarPrompt.Rotate,
CoreScripts.PublishAvatarPrompt.Zoom,縮放
CoreScripts.PublishCommon.Disclaimer,
CoreScripts.PublishCommon.Leave,
CoreScripts.PublishCommon.Stay,
CoreScripts.PublishCommon.UnsavedWarning,未儲存的變更可能會遺失
CoreScripts.PurchasePrompt.Button.OK,
CoreScripts.PurchasePrompt.Button.Settings,
CoreScripts.PurchasePrompt.CancelPurchase.Cancel,
CoreScripts.PurchasePrompt.ItemType.Bundle,組合
CoreScripts.PurchasePrompt.ProductType.Product,商品
CoreScripts.PurchasePrompt.PurchaseDetails.ScaryModalOne,"此購買將會涉及到真實金錢交易。

我同意我滿 18 歲，並是帳號所有人的家長或法定監護人。我批准此筆購買並同意服務條款。"
CoreScripts.PurchasePrompt.PurchaseDetails.ScaryModalParental,您本月已在 Roblox 消費大量金錢。此筆購買和日後購賣的收據將會傳送到此帳號經驗證的家長電子郵件地址。
CoreScripts.PurchasePrompt.PurchaseDetails.ScaryModalTwo,您本月已在 Roblox 消費大量金錢，確定繼續？此購買將會涉及到真實金錢交易。您必須是帳號主人的家長或法定監護人才可批准此筆購買。
CoreScripts.PurchasePrompt.PurchaseFailed.AlreadyOwn,您已擁有此道具，您的帳號餘額維持不變。
CoreScripts.PurchasePrompt.PurchaseFailed.CannotGetBalance,目前無法取得您的餘額。您的帳號餘額維持不變，請稍後再試。
CoreScripts.PurchasePrompt.PurchaseFailed.CannotGetItemPrice,目前無法取得道具價格。您的帳號餘額維持不變，請稍後再試。
CoreScripts.PurchasePrompt.PurchaseFailed.Enable2SV,
CoreScripts.PurchasePrompt.PurchaseFailed.Enable2SVLogout,必須完成雙步驟驗證才可繼續進行交易。請前往設定 > 安全完成雙步驟驗證。您啟用雙步驟驗證時將會登出目前的作業。
CoreScripts.PurchasePrompt.PurchaseFailed.InvalidFunds,您的 Robux 不足，無法購買。您的帳號餘額維持不變。
CoreScripts.PurchasePrompt.PurchaseFailed.Limited,此限量道具已售完，請前往 www.roblox.com 向其他使用者購買。您的帳號餘額維持不變。
CoreScripts.PurchasePrompt.PurchaseFailed.NotEnoughRobux,此道具的 Robux 價格超過您可以購買的 Robux 金額，請前往 www.roblox.com 購買更多 Robux。
CoreScripts.PurchasePrompt.PurchaseFailed.NotEnoughRobuxNoUpsell,您的 Robux 不足，無法購買此道具。
CoreScripts.PurchasePrompt.PurchaseFailed.NotEnoughRobuxXbox,您的 Robux 不足，無法購買此道具。請離開此體驗，前往 Robux 畫面加購 Robux。
CoreScripts.PurchasePrompt.PurchaseFailed.NotForSale,此道具目前為非賣品。您的帳號餘額維持不變。
CoreScripts.PurchasePrompt.PurchaseFailed.NotForSaleHere,此道具無法在此體驗中販售，您的帳號未被收費。
CoreScripts.PurchasePrompt.PurchaseFailed.PremiumOnly,若要購買此道具，請訂閱 Roblox Premium。
CoreScripts.PurchasePrompt.PurchaseFailed.PurchaseDisabled,體驗內購買暫時停用，無法購買。您的帳號餘額維持不變，請稍後再試。
CoreScripts.PurchasePrompt.PurchaseFailed.ThirdPartyDisabled,此地點的第三方買賣目前停用，您的帳號餘額維持不變。
CoreScripts.PurchasePrompt.PurchaseFailed.Under13,您的帳號為 13 歲以下，不允許購買此道具。您的帳號餘額維持不變。
CoreScripts.PurchasePrompt.PurchaseFailed.UnknownFailure,購買過程發生錯誤，無法購買 {ITEM_NAME}。您的帳號餘額維持不變，請稍後再試。
CoreScripts.PurchasePrompt.PurchaseFailed.UnknownFailureNoItemName,購買過程發生錯誤，無法購買。您的帳號餘額維持不變，請稍後再試。
CoreScripts.PurchasePrompt.PurchaseMessage.Succeeded,成功購買 {ITEM_NAME}！
CoreScripts.PurchasePrompt.Title.BuyItem,購買道具
CoreScripts.PurchasePrompt.Title.VerificationRequired,
CoreScripts.ScreenshotHud.Action.Cancel,
CoreScripts.ScreenshotHud.Action.TakePhoto,拍照
CoreScripts.TextChat.Action.SendQuickWords,傳送簡短文字
CoreScripts.TextChat.ChannelTabs.Friends,
CoreScripts.TextChat.ChannelTabs.Global2,全球
CoreScripts.TextChat.ChannelTabs.Here,
CoreScripts.TextChat.ChannelTabs.System,系統
CoreScripts.TextChat.ChannelTabs.Team,團隊
CoreScripts.TextChat.ChatCommands.Mute.Description,/mute <speaker>：將這名使用者靜音。
CoreScripts.TextChat.ChatCommands.Unmute.Description,/unmute <speaker>：取消某位發言者的靜音。
CoreScripts.TextChat.ChatTranslation.ChatWindow.SystemMessageNew,Roblox 會在聊天中自動翻譯支援的語言
CoreScripts.TextChat.ChatTranslation.FTUX.TitleNew,已開啟支援語言的聊天翻譯
CoreScripts.TextChat.ChatWindow.ChatDisabled.AskForPermission,你只能在此檢視系統訊息。請在通訊交流設定中請求家長許可，以開啟聊天功能。
CoreScripts.TextChat.ChatWindow.ChatDisabled.AskForPermissionToAgeCheck,你只能在此檢視系統訊息。請在通訊交流設定中請求家長許可，以執行年齡驗證。
CoreScripts.TextChat.ChatWindow.ChatDisabled.CheckAgeInAccountInfo,你只能在此檢視系統訊息。若要解鎖聊天功能，請在「設定」>「帳號資訊」中驗證年齡。
CoreScripts.TextChat.ChatWindow.ChatDisabled.CheckAgeInSettings,你只能在此檢視系統訊息。若要聊天，請在「通訊交流」設定中進行年齡驗證。
CoreScripts.TextChat.ChatWindow.ChatDisabled.DontMissMessages,別錯過任何訊息！若要解鎖聊天功能，請完成年齡驗證。
CoreScripts.TextChat.ChatWindow.ChatDisabled.GetAnAgeCheck,你只能在此檢視系統訊息。請進行年齡驗證即可聊天。
CoreScripts.TextChat.ChatWindow.ChatDisabled.OnlyViewSystemMessages,你只能在此檢視系統訊息。
CoreScripts.TextChat.ChatWindow.ChatDisabled.RegionUnavailable,所在地區無法使用聊天功能，你只能在此檢視系統訊息。
CoreScripts.TextChat.ChatWindow.ChatDisabled.SettingOff,你只能在此檢視系統訊息。請更新通訊交流設定，以開啟聊天功能。
CoreScripts.TextChat.ChatWindow.ChatEnabled.ChatInRegion,你可以檢視系統訊息，聊天對象則僅限位於你所在地區的使用者。
CoreScripts.TextChat.ChatWindow.ChatEnabled.ChatWithAgeGroupAAndTF,只有年齡相近的人員及信任的聯絡對象才能與你聊天。
CoreScripts.TextChat.ChatWindow.ChatEnabled.ChatWithAgeGroupAndTC,只有年齡相近的人員和信任的聯絡對象才能跟你聊天。
CoreScripts.TextChat.ChatWindow.ChatEnabled.ChatWithOnlinePlayers.BelowThreshold,向所有正在遊玩的玩家打個招呼吧！
CoreScripts.TextChat.ChatWindow.ChatEnabled.ChatWithOnlinePlayers.Local.WithCount,其他 {RBX_COUNT} 位玩家正在聊天。打個招呼吧！
CoreScripts.TextChat.ChatWindow.ChatEnabled.ChatWithOnlinePlayers.V3,👋 向所有正在遊玩的玩家打個招呼吧！
CoreScripts.TextChat.ChatWindow.ChatEnabled.ChatWithTF,只有信任的聯絡對象才能與你聊天。
CoreScripts.TextChat.ChatWindow.ChatEnabled.Global2,在此遊戲中與更多人員聊天。只有年齡相近的人員才能與你聊天。
CoreScripts.TextChat.ChatWindow.ChatWithOnlinePlayers.Local.Friendly,✨ 加入同樂吧！向所有正在遊玩的玩家打個招呼！
CoreScripts.TextChat.ChatWindow.ChatWithOnlinePlayers.Local.WithCount,👋 {RBX_COUNT} 位玩家正在聊天。打個招呼吧！
CoreScripts.TextChat.ChatWindow.HandFreeTranscriptionFTUX,按住以切換至免持模式
CoreScripts.TextChat.ChatWindow.RephrasedLabel,已重新表達
CoreScripts.TextChat.ChatWindow.RephrasedReason.Description,Roblox 會重新表達違反安全規則的訊息。
CoreScripts.TextChat.ChatWindow.RewrittenLabel,已重寫
CoreScripts.TextChat.ChatWindow.SummarySystemMessage,
CoreScripts.TextChat.ChatWindow.Transcribing,正在轉錄…
CoreScripts.TextChat.ChatWindow.TranscriptionFailed,我們沒聽清楚，請再試一次。
CoreScripts.TextChat.ChatWindow.TranscriptionLanguageUnsupported,我們尚未支援該語言。
CoreScripts.TextChat.ChatWindow.TranscriptionNoMicAccessToastBody,若要使用麥克風，請輕觸此處以更新裝置設定。
CoreScripts.TextChat.ChatWindow.TranscriptionNoMicAccessToastBodyAlternate,若要使用麥克風，請前往裝置設定，並授予 Roblox 麥克風權限。
CoreScripts.TextChat.ChatWindow.TranscriptionNoMicAccessToastHeader,無法存取麥克風
CoreScripts.TextChat.ChatWindow.TranscriptionU13MicAccessToastBody,若要使用語音傳送訊息，我們會依據《隱私權政策》處理你的音訊，並立即將其刪除。
CoreScripts.TextChat.ChatWindow.TranscriptionU13MicAccessToastHeader,你已啟用語音轉文字聊天
CoreScripts.TextChat.ChatWindow.TrustedLabel,受信任
CoreScripts.TextChat.ChatWindows.RewrittenReasonLabel,Roblox 會重寫違反安全規則的訊息。
CoreScripts.TextChat.Clear.Help.Description,/clear 或 /cls：清除聊天視窗中的訊息 
CoreScripts.TextChat.Description.AskYourParentForPermissionToChat,請在「隱私權」>「通訊交流」設定中請求家長許可，以開啟聊天功能。
CoreScripts.TextChat.Description.RobloxSummarizesMessagesFromAllPlayers,Roblox 會彙整所有年齡層玩家的訊息。
CoreScripts.TextChat.Description.TurnOnChatInSettings,在「隱私權」>「通訊交流」設定中開啟聊天功能。
CoreScripts.TextChat.Description.UnlockChatPrivacyCommunications,在「隱私權」>「通訊交流」設定中完成年齡驗證，即可解鎖聊天功能。
CoreScripts.TextChat.Description.UnlockChatWithAnAgeCheck,完成年齡驗證，即可解鎖聊天功能。
CoreScripts.TextChat.Emote.Error.DoesNotExist,動作不存在。
CoreScripts.TextChat.Emote.Error.NotEnabled,無法在此使用該動作。
CoreScripts.TextChat.Emote.Error.NotEquipped,您沒有裝備該動作。
CoreScripts.TextChat.Emote.Error.NotOwnedGeneric,您未擁有該動作。
CoreScripts.TextChat.EnableChatButton.Label.UnlockChat,解鎖聊天功能
CoreScripts.TextChat.Error.NoChannelAccess,你無法存取此聊天頻道
CoreScripts.TextChat.Error.NoChannelSelected,未選擇聊天頻道
CoreScripts.TextChat.Error.ReadOnlyChannel,唯讀的聊天頻道
CoreScripts.TextChat.Help.FirstLine,以下是基本聊天室指令：
CoreScripts.TextChat.InputBar.Hint.ChatUnavailable,無法使用聊天功能
CoreScripts.TextChat.InputBar.Hint.Gamepad,使用選單中的「{CHAT_BUTTON}」按鈕來聊天
CoreScripts.TextChat.InputBar.Hint.GamepadConnected,按下「{CONFIRM_KEY}」以輸入
CoreScripts.TextChat.InputBar.Hint.GamepadConnectedConfirm,
CoreScripts.TextChat.InputBar.Hint.MouseKeyboard,若要聊天，請按下此處或「{KEY}」鍵
CoreScripts.TextChat.InputBar.Hint.PrivacySettingsDisabled,您的聊天設定導致您無法傳送和接收訊息。
CoreScripts.TextChat.InputBar.Hint.Touch,輕觸聊天
CoreScripts.TextChat.MessageStatus.Warning.Floodchecked,請稍後再傳送訊息。
CoreScripts.TextChat.MessageStatus.Warning.InvalidPrivacySettings,
CoreScripts.TextChat.MessageStatus.Warning.MessageTooLong,您的訊息超過長度限制。
CoreScripts.TextChat.MessageStatus.Warning.ModerateChatOff,唯讀檢視已關閉。
CoreScripts.TextChat.MessageStatus.Warning.ModerateChatOn,已開啟唯讀檢視。根據你的角色權限，部分訊息為唯讀。
CoreScripts.TextChat.MessageStatus.Warning.ModerationTimeout,您目前無法傳送聊天訊息。沒有使用者會看到您的訊息。
CoreScripts.TextChat.MessageStatus.Warning.TextFilterFailed,文字過濾系統發生問題，訊息可能會延遲顯示。
CoreScripts.TextChat.MessageStatus.Warning.Unknown,無法送出訊息。
CoreScripts.TextChat.Mute.Error.CannotMuteSelf,您無法將自己靜音。
CoreScripts.TextChat.Mute.Error.MultipleMatches,下列使用者擁有此顯示名稱：{RBX_LIST_NAMES}
CoreScripts.TextChat.Mute.Error.TargetDoesNotExist,使用者「{RBX_NAME}」不存在。
CoreScripts.TextChat.Mute.Success,已將使用者「{RBX_NAME}」靜音。
CoreScripts.TextChat.Notification.WhisperChat.Created,您正在與 {RBX_NAME} 私聊。
CoreScripts.TextChat.Online.Help.Description3,/online：你可以在此頻道聊天的使用者人數。
CoreScripts.TextChat.Online.Success.Plural,{RBX_COUNT} 位玩家目前在線上，可以聊天
CoreScripts.TextChat.Online.Success.Plural2,其他 {RBX_COUNT} 位玩家在線上，可以聊天。
CoreScripts.TextChat.Online.Success.Singular,
CoreScripts.TextChat.Online.Success.Singular3,
CoreScripts.TextChat.TeamChat.Error.NotOnTeam,若您不在隊伍中，您無法使用隊伍頻道。
CoreScripts.TextChat.TeamChat.PrefixText,【隊伍】
CoreScripts.TextChat.Toast.ModerateChatOff.Subtitle,你只能與年齡相近的人員及信任的聯絡對象聊天。
CoreScripts.TextChat.Toast.ModerateChatOff.Subtitle.FriendsRename,
CoreScripts.TextChat.Toast.ModerateChatOff.Title,唯讀檢視已關閉
CoreScripts.TextChat.Toast.ModerateChatOn.Subtitle,根據你的角色權限，部分訊息為唯讀。
CoreScripts.TextChat.Toast.ModerateChatOn.Title,唯讀檢視已開啟
CoreScripts.TextChat.Tooltip.Global.Body,在此處與人員聊天，或在此遊戲中與更多人員聊天。
CoreScripts.TextChat.Tooltip.Global.Header,與更多人員聊天
CoreScripts.TextChat.Tooltip.QuickWords.Body,與所有年齡層的玩家合作。
CoreScripts.TextChat.Tooltip.QuickWords.Header,使用簡短文字一起遊玩
CoreScripts.TextChat.Unmute.Success,已將使用者「{RBX_NAME}」解除靜音。
CoreScripts.TextChat.Version.Success,{RBX_VERSION}
CoreScripts.TextChat.Whisper.Error.CannotChat,您無法與此使用者聊天。
CoreScripts.TextChat.WhisperChat.PrefixText.Incoming,[自 {RBX_NAME}]
CoreScripts.TextChat.WhisperChat.PrefixText.Outgoing,[對 {RBX_NAME}]
CoreScripts.TopBar.Back,
CoreScripts.TopBar.Chat,
CoreScripts.TopBar.ControlMessageMotion,動作追蹤
CoreScripts.TopBar.ControlMessageOff,
CoreScripts.TopBar.ControlMessageOn,
CoreScripts.TopBar.ControlMessageSound,聲音追蹤
CoreScripts.TopBar.DynamicAvatarMissingErrorBody,虛擬人偶 › 自訂 › 頭部與身體
CoreScripts.TopBar.DynamicAvatarMissingErrorHeader,裝備動態頭部以眨眼！
CoreScripts.TopBar.Emotes,動作
CoreScripts.TopBar.GameNamePlaceHolder,
CoreScripts.TopBar.HideChat,隱藏聊天
CoreScripts.TopBar.Inventory,
CoreScripts.TopBar.JoinVoice,開始語音聊天
CoreScripts.TopBar.Label.UILessHintDescription,按下 ESC 以開啟 Roblox 選單
CoreScripts.TopBar.Label.UILessHintTitle,觸發 Roblox 選單的新方式
CoreScripts.TopBar.Leaderboard,
CoreScripts.TopBar.Leave,
CoreScripts.TopBar.LoadingScreen.AutoTranslate,已自動翻譯
CoreScripts.TopBar.Menu,
CoreScripts.TopBar.Mic,麥克風
CoreScripts.TopBar.MoreMenu,更多選單
CoreScripts.TopBar.Music,音樂
CoreScripts.TopBar.MusicLoading,沒有播放中的音訊
CoreScripts.TopBar.MusicNotVerified,播放中的音訊未經驗證
CoreScripts.TopBar.Respawn,
CoreScripts.TopBar.RobloxMenu,
CoreScripts.TopBar.RobloxMenuReferralRewardTooltip,邀請好友以便獲得 {referralRewardName}
CoreScripts.TopBar.RobloxPermissionErrorBody,Roblox 設定 › 隱私 › 麥克風和相機輸入
CoreScripts.TopBar.RobloxPermissionErrorBodyTwo,Roblox 設定 › 隱私和成年適宜內容 › 通訊 › 相機輸入
CoreScripts.TopBar.RobloxPermissionErrorHeader,允許相機存取
CoreScripts.TopBar.SelfViewLabel,個人視角
CoreScripts.TopBar.ShowChat,顯示聊天
CoreScripts.TopBar.Title.ExperienceControls,體驗控制
CoreScripts.TopBar.ToggleMic,將自己靜音 / 解除靜音
CoreScripts.TopBar.Traversal.BackButtonDefault,上一個體驗
CoreScripts.TopBar.Traversal.History,紀錄
CoreScripts.VRFTUX.Action.Next,下一步
CoreScripts.VRFTUX.Action.Skip,跳過
CoreScripts.VRFTUX.Description.Movement.Body1,若要在體驗中移動，請使用<b>左</b>控制器的拇指搖桿。
CoreScripts.VRFTUX.Description.Movement.Body2,按 <b>A</b> 鍵即可跳躍。
CoreScripts.VRFTUX.Description.Movement.Body3,若要在原地轉身，使用<b>右</b>拇指搖桿即可左移或右移。
CoreScripts.VRFTUX.Description.OtherSettings.Body1,您還可以在體驗選單中變更其他「舒適度」和「沉浸度」設定。
CoreScripts.VRFTUX.Description.OtherSettings.Body2,"以上就是本教學的所有內容！現在您已準備好開始享受 Roblox 的樂趣了！
請使用底部列的離開按鈕離開此體驗。"
CoreScripts.VRFTUX.Description.Perspective.Body1,請藉由按下<b>右</b>控制器的拇指搖桿，嘗試在第一人稱和第三人稱視角之間來回切換。
CoreScripts.VRFTUX.Description.Perspective.Body2,您在 Roblox 中的視角預設為第三人稱視角，但您仍可以選擇以沉浸式的第一人稱視角體驗 Roblox。
CoreScripts.VRFTUX.Description.SafetyBubble.Body1,為了確保您在使用 VR 時的安全，我們推出了一項稱為<b>安全泡泡</b>的功能。
CoreScripts.VRFTUX.Description.SafetyBubble.Body2,這個隱形的泡泡會籠罩著您，在無需淡出的情況下，由您自行決定誰可以接近您。您可以在<b>體驗選單</b>中調整這類控制選項。
CoreScripts.VRFTUX.Heading.Header,歡迎來到 Roblox
CoreScripts.VRFTUX.Heading.Movement,移動控制選項
CoreScripts.VRFTUX.Heading.OtherSettings.Title,其他設定
CoreScripts.VRFTUX.Heading.Perspective,切換您的視角
CoreScripts.VRFTUX.Heading.SafetyBubble.Title,
CoreScripts.VRFTUX.Label.Footer,希望您玩得開心！
Corescripts.AvatarContextMenu.AcceptFriendRequest,
Corescripts.AvatarContextMenu.AddFriend,
Corescripts.AvatarContextMenu.Chat,
Corescripts.AvatarContextMenu.ChatDisabled,聊天停用中
Corescripts.AvatarContextMenu.FriendRequestPending,好友邀請待處理
Corescripts.AvatarContextMenu.Friends,
Corescripts.AvatarContextMenu.PlayerBlocked,已封鎖使用者
Corescripts.AvatarContextMenu.Wave,揮手
Feature.AbuseReportDialog.Label.GeneralError,
Feature.Accessibility.Action.ScrollDown,往下捲動
Feature.Accessibility.Action.ScrollUp,往上捲動
Feature.Accessibility.Description.PreferredTextSize,根據您的喜好調整 Roblox 上的文字大小
Feature.Accessibility.Description.PreferredTransparency,通過調整某些背景的透明度來改善對比度
Feature.Accessibility.Description.ReducedMotion,
Feature.Accessibility.Description.UiNavigationKeyBind,使用 {uiNavigationKey} 鍵以進入和退出 UI 導航模式
Feature.Accessibility.Header.Haptics,
Feature.Accessibility.Heading.PreferredTextSize,文字大小
Feature.Accessibility.Heading.PreferredTransparency,背景透明度
Feature.Accessibility.Heading.ReducedMotion,
Feature.Accessibility.Heading.UiNavigationKeyBind,
Feature.Accessibility.PreferredTextSize.Default,
Feature.Accessibility.PreferredTextSize.Largest,
Feature.Accessibility.PreferredTransparency.Opaque,不透明
Feature.Accessibility.PreferredTransparency.Transparent,透明
Feature.AccountSecurityPrompt.Message.Error.Pin.IncorrectPin,PIN 碼錯誤。
Feature.AccountSettings.Action.Verify,驗證
Feature.AccountSettings.Description.AddPhoneNumber,新增電話號碼以協助你登入、與好友聯繫，並進行更多操作。
Feature.AccountSettings.Description.NotShownPublicly,我們絕不會公開你的手機號碼。
Feature.AccountSettings.Example.Facebook,例如 www.facebook.com/Roblox
Feature.AccountSettings.Example.Guilded,例：guilded.gg/roblox
Feature.AccountSettings.Example.Twitch,例如 www.twitch.tv/roblox/profile
Feature.AccountSettings.Example.Twitter,例如 @Roblox
Feature.AccountSettings.Example.YouTube,例如 www.youtube.com/user/roblox
Feature.AccountSettings.Heading.SocialNetworks,社交網路
Feature.AccountSettings.Heading.Tab.Notifications,通知
Feature.AccountSettings.Heading.Tab.Privacy,隱私
Feature.AccountSettings.Heading.Tab.Robux,Robux
Feature.AccountSettings.Heading.Tab.Security,安全
Feature.AccountSettings.Label.Discord,Discord
Feature.AccountSettings.Label.DropDown.Everyone,所有人
Feature.AccountSettings.Label.DropDown.FollowersV3,好友、追蹤中、追蹤者
Feature.AccountSettings.Label.DropDown.FollowingV2,好友及我追蹤的使用者
Feature.AccountSettings.Label.DropDown.Friends,
Feature.AccountSettings.Label.DropDown.NoOne,
Feature.AccountSettings.Label.Facebook,Facebook
Feature.AccountSettings.Label.Guilded,Guilded
Feature.AccountSettings.Label.SocialLinksVisibility,顯示對象：
Feature.AccountSettings.Label.Twitch,Twitch：
Feature.AccountSettings.Label.X,X
Feature.AccountSettings.Label.YouTube,YouTube
Feature.AccountSettings.Message.Error.InvalidFacebookUrl,Facebook 個人檔案網址無效。
Feature.AccountSettings.Message.Error.InvalidGuildedUrl,Guilded 個人檔案網址無效。
Feature.AccountSettings.Message.Error.InvalidTwitchUrl,Twitch 網址無效。
Feature.AccountSettings.Message.Error.InvalidXUrl,X 使用者名稱無效。
Feature.AccountSettings.Message.Error.InvalidYouTubeUrl,YouTube 網址無效。
Feature.AddFriends.Action.IgnoreConnectionRequest,忽略聯繫對象邀請
Feature.AddFriends.Action.IgnoreFriendRequest,忽略好友邀請
Feature.AddFriends.Action.IgnoreTrustedFriendRequest,忽略信任的好友邀請
Feature.AddFriends.Action.RequestIgnored,已忽略邀請
Feature.AddFriends.Label.AgedUpSearchForFriendsPrompt,搜尋使用者名稱或名字，在 Roblox 找到其他人。
Feature.AddFriends.Label.ConnectWithContacts,邀請聯絡人或與已經在 Roblox 的好友交流！
Feature.AddFriends.Label.InputPlaceholder.SearchForPeople,搜尋帳號
Feature.AddFriends.Label.InputPlaceholder.SearchForPeopleAltCapitalization,搜尋人員
Feature.AddFriends.Label.SearchForFriendsPrompt,搜尋使用者名稱或顯示名稱，在 Roblox 找到其他人。
Feature.AddFriends.Label.SyncWithContacts,同步聯絡人以尋找及邀請好友！
Feature.AddFriends.Title.ConnectWithContacts,透過聯絡人新增
Feature.AgeVerificationUpsell.Body.AgeSettingsRedirect,解鎖更多內容和功能。
Feature.AgeVerificationUpsell.Button.Cancel,
Feature.AgeVerificationUpsell.Button.Continue,
Feature.AgeVerificationUpsell.Button.Settings,驗證我的年齡
Feature.AgeVerificationUpsell.Modal.ContentText,"請驗證年齡，再存取此體驗。

1. 前往「帳戶資訊」>「驗證我的年齡」
2. 完成驗證過程
"
Feature.AgeVerificationUpsell.Modal.Title,
Feature.AgeVerificationUpsell.Title.AgeSettingsRedirect,在設定中進行年齡驗證
Feature.AppealsPortal.Action.OK,
Feature.AppealsPortal.Label.ReportAndAppeals,違規和上訴
Feature.Avatar.Action.AddNewMakeupLook,新增外觀
Feature.Avatar.Action.Cancel,
Feature.Avatar.Action.CancelSelection,清除選擇
Feature.Avatar.Action.Clear,清除
Feature.Avatar.Action.ComposerPost,張貼
Feature.Avatar.Action.ComposerPreviewAndPost,預覽並張貼
Feature.Avatar.Action.CreateSet,建立
Feature.Avatar.Action.CreateSetFirstRun,建立組合
Feature.Avatar.Action.Default,
Feature.Avatar.Action.DefaultView,預設檢視模式
Feature.Avatar.Action.Delete,
Feature.Avatar.Action.DeleteAvatars,刪除虛擬人偶
Feature.Avatar.Action.DeleteSet,刪除組合
Feature.Avatar.Action.Discard,捨棄
Feature.Avatar.Action.EditProfilePicture,編輯個人檔案圖片
Feature.Avatar.Action.GoBack,
Feature.Avatar.Action.GotIt,了解
Feature.Avatar.Action.Keep,保留
Feature.Avatar.Action.Leave,
Feature.Avatar.Action.ManageCharacters,管理角色
Feature.Avatar.Action.ManageMakeupLooks,管理外觀
Feature.Avatar.Action.Marketplace,市集
Feature.Avatar.Action.MyPublishedAvatars,已發佈的虛擬人偶
Feature.Avatar.Action.MySharedAvatars,我已張貼的虛擬人偶
Feature.Avatar.Action.Next,
Feature.Avatar.Action.NotNow,下次再說
Feature.Avatar.Action.Pan,
Feature.Avatar.Action.Posting,張貼中
Feature.Avatar.Action.Remove,移除
Feature.Avatar.Action.RemoveAll,移除全部
Feature.Avatar.Action.RemoveFromSet,從組合中移除
Feature.Avatar.Action.Rename,更名
Feature.Avatar.Action.RenameSet,重新命名組合
Feature.Avatar.Action.Reset,重設
Feature.Avatar.Action.RestoreLastSaved,還原上次儲存的虛擬人偶
Feature.Avatar.Action.Revert,還原
Feature.Avatar.Action.Rotate,
Feature.Avatar.Action.Save,儲存
Feature.Avatar.Action.SaveAsNew,儲存為新裝扮
Feature.Avatar.Action.Select,
Feature.Avatar.Action.SelectMultipleItems,選擇多個道具
Feature.Avatar.Action.SelectSlot,選擇欄位
Feature.Avatar.Action.Share,分享
Feature.Avatar.Action.ShareAvatar,張貼虛擬人偶
Feature.Avatar.Action.ShareCurrentAvatar,張貼目前的虛擬人偶
Feature.Avatar.Action.Shop,商店
Feature.Avatar.Action.ShopForMore,前往商店
Feature.Avatar.Action.ShowMore,
Feature.Avatar.Action.SlotEmote,插入動作
Feature.Avatar.Action.Stay,
Feature.Avatar.Action.Switch,切換
Feature.Avatar.Action.TryOn,試穿
Feature.Avatar.Action.Unequip,解除裝備
Feature.Avatar.Action.Unselect,
Feature.Avatar.Action.UnslotEmote,移除動作
Feature.Avatar.Action.Update,
Feature.Avatar.Action.UpdateExistingCharacter,更新現有角色
Feature.Avatar.Action.UpdateExistingMakeupLook,更新現有外觀
Feature.Avatar.Action.UpdateMakeupLook,更新外觀
Feature.Avatar.Action.Zoom,
Feature.Avatar.AvatarWidgetTitle,探索造型
Feature.Avatar.BackgroundGeneration.Action.Cancel,
Feature.Avatar.BackgroundGeneration.Action.DeleteBackground,
Feature.Avatar.BackgroundGeneration.Action.DiscardDialogCancel,
Feature.Avatar.BackgroundGeneration.Action.DiscardDialogConfirm,
Feature.Avatar.BackgroundGeneration.Action.Okay,
Feature.Avatar.BackgroundGeneration.Action.Publish,發佈
Feature.Avatar.BackgroundGeneration.Action.Upload,上傳
Feature.Avatar.BackgroundGeneration.Action.View,檢視
Feature.Avatar.BackgroundGeneration.Action.ViewExclusiveBackgrounds,
Feature.Avatar.BackgroundGeneration.Description.CreateBackgroundsWithPlus,透過 Plus 建立背景。
Feature.Avatar.BackgroundGeneration.Description.DiscardDialog,您的背景尚未發佈。現在離開將會失去背景。
Feature.Avatar.BackgroundGeneration.Description.ReadyToUse,你的創作已可使用。
Feature.Avatar.BackgroundGeneration.Description.ReviewBeforePublish,此背景是由 AI 生成。發佈即表示您確認此背景符合 Roblox 社群標準，且未使用您無權使用的內容。此背景顯示在您的道具欄前會先經過審核，且已發佈的物品無法編輯。
Feature.Avatar.BackgroundGeneration.Description.ReviewBeforeUpload,此背景由 AI 生成。上傳即表示您確認此背景符合 Roblox 社群標準，且未使用您無權使用的內容。此背景顯示在您的道具欄之前會先經過審核。已上傳的物品無法編輯。
Feature.Avatar.BackgroundGeneration.Description.UnlockExclusiveBackgrounds,透過 Plus 解鎖免費專屬背景。
Feature.Avatar.BackgroundGeneration.Description.ViewExclusiveBackgrounds,查看您的免費 Plus 專屬背景。
Feature.Avatar.BackgroundGeneration.Error.CouldntPublish,道具不符合社群標準
Feature.Avatar.BackgroundGeneration.Error.LimitReached,你已達到使用量上限。若要繼續自訂，請稍後再試。
Feature.Avatar.BackgroundGeneration.Error.LimitReachedDay,你已達到使用量上限。若要繼續自訂，請於明天再試。
Feature.Avatar.BackgroundGeneration.Error.LimitReachedHour,你已達到使用量上限。若要繼續自訂，請於 1 小時後再試。
Feature.Avatar.BackgroundGeneration.Error.LimitReachedMinute,你已達到使用量上限。若要繼續自訂，請於 1 分鐘後再試。
Feature.Avatar.BackgroundGeneration.Error.Moderation,該提示不符合我們的準則。請嘗試描述其他內容。
Feature.Avatar.BackgroundGeneration.Error.ModerationFailed,此背景不符合 Roblox 社群標準，因此未新增到你的道具欄。請嘗試生成新背景。
Feature.Avatar.BackgroundGeneration.Error.System,生成背景時發生錯誤，請再試一次。
Feature.Avatar.BackgroundGeneration.Label.CharacterCount,{count}／{max}
Feature.Avatar.BackgroundGeneration.Label.Description,
Feature.Avatar.BackgroundGeneration.Label.ExclusiveWithPlus,Plus 專屬
Feature.Avatar.BackgroundGeneration.Label.Name,
Feature.Avatar.BackgroundGeneration.PromptPlaceholder,描述你的背景…
Feature.Avatar.BackgroundGeneration.Status.Generating,正在生成你的背景…
Feature.Avatar.BackgroundGeneration.Status.Preparing,正在準備你的背景…
Feature.Avatar.BackgroundGeneration.Title,建立背景
Feature.Avatar.BackgroundGeneration.Title.DiscardDialog,要直接離開，而不發佈？
Feature.Avatar.BackgroundGeneration.Title.PublishBackground,
Feature.Avatar.BackgroundGeneration.Title.PublishToInventory,發佈至道具欄
Feature.Avatar.BackgroundGeneration.Title.UploadBackground,
Feature.Avatar.BackgroundGeneration.Title.UploadToInventory,上傳至道具欄
Feature.Avatar.BackgroundGeneration.Tooltip.CreateBackground,透過 Plus 免費建立背景！
Feature.Avatar.BackgroundGeneration.Tooltip.PublishBackground,
Feature.Avatar.Backgrounds.Title,背景
Feature.Avatar.ColorAdjustmentPage.AdjustmentNotAvailableForBody,無法針對這個身體造型進行調整。
Feature.Avatar.ColorAdjustmentPage.Label.SelectDefaultColors,預設為原始膚色
Feature.Avatar.ColorAdjustmentPage.Title,膚色
Feature.Avatar.ComposerPosting,
Feature.Avatar.Description.MakeupIntroFtux,自由搭配組合妝容，玩出專屬個性造型。
Feature.Avatar.EmoteAlreadyAssigned,此動作已在欄位裡
Feature.Avatar.Feature.Avatar.BackgroundGeneration.Title,
Feature.Avatar.Feature.DisplayName.ErrorMessage.SomethingWentWrong,
Feature.Avatar.Generic.Error,
Feature.Avatar.GetInspired,找尋靈感
Feature.Avatar.Header.Post,
Feature.Avatar.Heading.AccessoryAdjustmentTitle,飾品調整
Feature.Avatar.Heading.Active,有效
Feature.Avatar.Heading.All,全部
Feature.Avatar.Heading.Animations,動畫
Feature.Avatar.Heading.AvatarLooksWidget,虛擬人偶
Feature.Avatar.Heading.BodyParts,身體部位
Feature.Avatar.Heading.Clothing,服裝
Feature.Avatar.Heading.DeleteAssets,刪除素材
Feature.Avatar.Heading.DeleteCharacter,刪除此角色？
Feature.Avatar.Heading.DuplicateCharacter,角色重複
Feature.Avatar.Heading.Emotes,
Feature.Avatar.Heading.Expired,已過期
Feature.Avatar.Heading.Filter,篩選器
Feature.Avatar.Heading.Filters,
Feature.Avatar.Heading.LooksAvatarSaved,已儲存虛擬人偶！
Feature.Avatar.Heading.LooksCharacterSaved,已儲存角色！
Feature.Avatar.Heading.LooksPurchaseFailed,
Feature.Avatar.Heading.LooksPurchasePartialSuccess,部分成功
Feature.Avatar.Heading.MakeupLookSaved,已儲存妝容造型！
Feature.Avatar.Heading.Manage,管理
Feature.Avatar.Heading.MySharedAvatarsTitle,
Feature.Avatar.Heading.Outfits,服飾
Feature.Avatar.Heading.RenameCharacter,
Feature.Avatar.Heading.SaveCostume,儲存角色
Feature.Avatar.Heading.SelectToUpdate,選擇要更新的素材
Feature.Avatar.Heading.SetLimitReached,已達組合上限
Feature.Avatar.Heading.SetNameDuplicate,名稱重複
Feature.Avatar.Heading.SetNameNotAllowed,不允許使用此名稱
Feature.Avatar.Heading.SetUpdateFailed,無法更新組合
Feature.Avatar.Heading.SharePublicAvatar,分享您的虛擬人偶
Feature.Avatar.Heading.SortBy,排序方式：
Feature.Avatar.Heading.UsedName,名稱已使用
Feature.Avatar.Heading.WearConfirmation,穿戴道具
Feature.Avatar.HeroWidget.BundleTitle,Korblox Pactbreaker
Feature.Avatar.HeroWidget.CapsuleDescription,Roblox 原創的三種全新演繹
Feature.Avatar.HeroWidget.CapsulePoolDescription,三款全新道具，讓你盡情玩水
Feature.Avatar.HeroWidget.CapsulePoolTitle,泳池派對
Feature.Avatar.HeroWidget.CapsuleTitle,經典再現
Feature.Avatar.ItemDidNotMeetRobloxCommunityStandards.BodyText,因為違反 Roblox 社群標準，系統已移除{category}「{item}」。{lineBreak}請前往「違規與上訴」頁面，瞭解詳情或要求再次審核。
Feature.Avatar.ItemDidNotMeetRobloxCommunityStandards.TitleText,道具不符合 Roblox 社群標準
Feature.Avatar.ItemsRemovedFromAvatar.TitleText,已從虛擬人偶身上移除道具
Feature.Avatar.Label,
Feature.Avatar.Label.AbyssBlue,深淵藍
Feature.Avatar.Label.AbyssBlueDark,深淵藍（深色）
Feature.Avatar.Label.AbyssBlueLight,深淵藍（淺色）
Feature.Avatar.Label.Accessory,
Feature.Avatar.Label.AccessoryAdjustment.Entry.Tooltip,調整飾品的契合度！
Feature.Avatar.Label.AccessoryAdjustment.Items.Tooltip,選擇要調整的道具
Feature.Avatar.Label.AccessoryCannotBeAdjustedWarning,這個項目無法進行調整...
Feature.Avatar.Label.Add,
Feature.Avatar.Label.AddEdit,新增／編輯
Feature.Avatar.Label.AddManage,新增／管理
Feature.Avatar.Label.AddManage2,
Feature.Avatar.Label.AllAvatarSets,
Feature.Avatar.Label.AllFolders,
Feature.Avatar.Label.AllHeads,所有頭部
Feature.Avatar.Label.AnimationFullSet,全套
Feature.Avatar.Label.AvatarAdjustment,虛擬人偶調整
Feature.Avatar.Label.AvatarBackground,虛擬人偶背景
Feature.Avatar.Label.Avatars,
Feature.Avatar.Label.Back,背面
Feature.Avatar.Label.Backgrounds,
Feature.Avatar.Label.Blocky,塊狀
Feature.Avatar.Label.BodyColorAdvancedView,進階
Feature.Avatar.Label.BodyColorAllLimbs,
Feature.Avatar.Label.BodyColorHead,頭部
Feature.Avatar.Label.BodyColorLeftArm,左臂
Feature.Avatar.Label.BodyColorLeftLeg,左腿
Feature.Avatar.Label.BodyColorRightArm,右臂
Feature.Avatar.Label.BodyColorRightLeg,右腿
Feature.Avatar.Label.BodyColorStandardView,標準
Feature.Avatar.Label.BodyColorTorso,軀幹
Feature.Avatar.Label.BodyParts,身體部位：{bodyPart}
Feature.Avatar.Label.BodySize,身體大小
Feature.Avatar.Label.BodyType,體型
Feature.Avatar.Label.Bodysuits,連身衣
Feature.Avatar.Label.Bottom,下半身
Feature.Avatar.Label.Bottoms,褲裙
Feature.Avatar.Label.Build,
Feature.Avatar.Label.BuyAvatarQuestion,您要購買此虛擬人偶嗎？
Feature.Avatar.Label.BuyLookQuestion,您要購買此服裝嗎？
Feature.Avatar.Label.BuyMakeupQuestion,要購買此化妝造型嗎？
Feature.Avatar.Label.BuyOutfitLuobuMultiple,娛樂適當就好，注意消費金額。購買 [{numItems}] 個道具？
Feature.Avatar.Label.BuyOutfitLuobuSingle,娛樂適當就好，注意消費金額。購買 [1] 個道具？
Feature.Avatar.Label.BuyOutfitMultiple,購買 [{numItems}] 個道具？
Feature.Avatar.Label.BuyOutfitSingle,購買 [1] 個道具？
Feature.Avatar.Label.By,創作者 :
Feature.Avatar.Label.ClassicFaces,經典臉部
Feature.Avatar.Label.ClassicHeads,經典頭部
Feature.Avatar.Label.ClassicPants,經典褲子
Feature.Avatar.Label.ClassicShirts,經典上衣
Feature.Avatar.Label.ClassicTShirts,經典 T 恤
Feature.Avatar.Label.ClearByCategory,清除{category}
Feature.Avatar.Label.Climb,攀爬
Feature.Avatar.Label.ClimbAnimations,攀爬動畫
Feature.Avatar.Label.CostumeWarning,名稱只能含有字母、數字及空格。
Feature.Avatar.Label.CountSelected,已選擇 {itemCount} 個道具
Feature.Avatar.Label.Creations,作品
Feature.Avatar.Label.CurrentlyWearing,目前穿戴
Feature.Avatar.Label.DefaultBody,預設身體
Feature.Avatar.Label.DeleteSetBody,刪除此組合不會刪除其中的服裝。
Feature.Avatar.Label.Details,詳情（{quantity}）
Feature.Avatar.Label.DetailsButton,詳細資料
Feature.Avatar.Label.DressesAndSkirts,裙子
Feature.Avatar.Label.DuplicateMakeupLookDialog,已將此造型新增為「{lookName}」。要再次新增嗎？
Feature.Avatar.Label.DynamicHead,動態頭部
Feature.Avatar.Label.DynamicHeads,
Feature.Avatar.Label.Emote,
Feature.Avatar.Label.EnterCostumeName,為新角色輸入名稱
Feature.Avatar.Label.EnterNewCostumeName,為角色輸入新名稱
Feature.Avatar.Label.EyeMakeup,眼睛
Feature.Avatar.Label.Eyebrows,眉毛
Feature.Avatar.Label.Eyelashes,睫毛
Feature.Avatar.Label.Face,臉部
Feature.Avatar.Label.FaceMakeup,
Feature.Avatar.Label.FacialAnimation,臉部動畫
Feature.Avatar.Label.Fall,跌落
Feature.Avatar.Label.FallAnimations,跌落動畫
Feature.Avatar.Label.Front,正面
Feature.Avatar.Label.FullBody,全身
Feature.Avatar.Label.FullMasks,全臉面具
Feature.Avatar.Label.FullPair,完整配對
Feature.Avatar.Label.Gear,裝備
Feature.Avatar.Label.GenericSetError,發生錯誤，請再試一次。
Feature.Avatar.Label.GetLookQuestion,免費取得此服裝？
Feature.Avatar.Label.GetOutfitMultiple,免費獲得 [{numItems}] 個道具？
Feature.Avatar.Label.GetOutfitOne,免費獲得 [1] 個道具？
Feature.Avatar.Label.Hair,髮型
Feature.Avatar.Label.HandAndArm,手部與手臂
Feature.Avatar.Label.Hat,帽子
Feature.Avatar.Label.Head,
Feature.Avatar.Label.HeadBody,頭部和軀幹
Feature.Avatar.Label.HeadRefinement.Adjust.Title,頭部調整
Feature.Avatar.Label.HeadRefinement.Adjust.Tooltip,在此調整頭部！
Feature.Avatar.Label.HeadRefinement.CombinedCategories.Tooltip,所有經典頭部現在都將列於頭部類別中
Feature.Avatar.Label.HeadRefinement.DH.Title,經典形狀
Feature.Avatar.Label.HeadRefinement.Description,選擇要與您經典臉部搭配使用的頭部造型。
Feature.Avatar.Label.HeadRefinement.Description.Unsupported,這個頭部造型無法進行調整。
Feature.Avatar.Label.HeadRefinement.FacialAnimation,
Feature.Avatar.Label.HeadRefinement.Title,頭部形狀
Feature.Avatar.Label.HeadSize,頭部大小
Feature.Avatar.Label.Heads,
Feature.Avatar.Label.Idle,閒置
Feature.Avatar.Label.IdleAnimations,閒置動畫
Feature.Avatar.Label.Jacket,夾克
Feature.Avatar.Label.Jackets,
Feature.Avatar.Label.Jump,
Feature.Avatar.Label.JumpAnimations,跳躍動畫
Feature.Avatar.Label.LayeredClothingR15Warning,若要啟用此道具，請將體型更新為 R15。
Feature.Avatar.Label.LayeredClothingSwitchR6Warning,R6 角色有部分限制，切換時所有未支援的道具將被移除。
Feature.Avatar.Label.LeftArm,
Feature.Avatar.Label.LeftArms,
Feature.Avatar.Label.LeftInitial,左
Feature.Avatar.Label.LeftLeg,
Feature.Avatar.Label.LeftLegs,
Feature.Avatar.Label.LeftShoe,左鞋
Feature.Avatar.Label.LeftShoes,
Feature.Avatar.Label.LipMakeup,嘴唇
Feature.Avatar.Label.LoadingSets,正在載入組合
Feature.Avatar.Label.Looks,造型
Feature.Avatar.Label.Makeup,妝容
Feature.Avatar.Label.MakeupLayer,圖層 {layerIndex}
Feature.Avatar.Label.MakeupLooks,妝容造型
Feature.Avatar.Label.ManageItems,管理道具
Feature.Avatar.Label.Message.BlockingSavePrompt,若不立即儲存，將會失去所有變更。
Feature.Avatar.Label.Message.DeleteAvatars,此動作無法復原。
Feature.Avatar.Label.Message.DuplicateAvatar,您之前已儲存類似的虛擬人偶：
Feature.Avatar.Label.ModerationFailed,審核失敗
Feature.Avatar.Label.Mood,心情
Feature.Avatar.Label.MultiNoLongerAvailableInCollection,以下素材將不再出現在此收藏中：
Feature.Avatar.Label.MyPostedAvatars.Tooltip,張貼的虛擬人偶將在市集公開
Feature.Avatar.Label.Name,
Feature.Avatar.Label.Neck,頸部
Feature.Avatar.Label.Newest,最新
Feature.Avatar.Label.NoExpiredItems,沒有過期的{itemType}
Feature.Avatar.Label.NoItems,沒有{itemType}
Feature.Avatar.Label.NoLongerAvailableInCollection,它將不再出現在此收藏中
Feature.Avatar.Label.NoSets,尚無組合
Feature.Avatar.Label.Outerwear,外衣
Feature.Avatar.Label.OutfitIncomplete,您尚未購買創作的服飾，服飾不會在體驗中顯示
Feature.Avatar.Label.OutfitPurchaseFailure,很抱歉！無法購買 [{numItems}] 個道具！
Feature.Avatar.Label.OutfitPurchaseSuccess,已購買 [{numItems}] 個道具！
Feature.Avatar.Label.PPEEmoteR15Warning,若要啟用動作和虛擬人偶姿勢，請將體型更新成 R15。
Feature.Avatar.Label.PPEFinalBody,大頭照和全身照都會用作 App 上的個人照。
Feature.Avatar.Label.PPEFinalHeader,預覽
Feature.Avatar.Label.PPEFinalSubheader,很棒喔！
Feature.Avatar.Label.PPEFinishedToast,已變更個人照！
Feature.Avatar.Label.PPEPositionCameraHeader,調整鏡頭
Feature.Avatar.Label.PPEViewCloseupButton,檢視大頭照
Feature.Avatar.Label.PPEViewFullButton,檢視全身照
Feature.Avatar.Label.Pants,褲子
Feature.Avatar.Label.PantsClassic,
Feature.Avatar.Label.Photobooth,Photobooth
Feature.Avatar.Label.ProfileFrames,外框
Feature.Avatar.Label.ProfileFramesUnlockBanner,訂閱 Plus 即可解鎖外框
Feature.Avatar.Label.Props,道具
Feature.Avatar.Label.Purchased,
Feature.Avatar.Label.QuickMenuCustomizeTitle,自訂選項
Feature.Avatar.Label.QuickMenuLandingPageTitle,虛擬人偶選項
Feature.Avatar.Label.R15,R15
Feature.Avatar.Label.R6,R6
Feature.Avatar.Label.R6R15,R6 / R15
Feature.Avatar.Label.RecentlyWorn,最近穿戴
Feature.Avatar.Label.RemoveFromSetBody,這些虛擬人偶將從此組合中移除，但不會遭刪除。
Feature.Avatar.Label.Replace,取代
Feature.Avatar.Label.ResetToNewCharacter,您即將切換到新角色，您想重置還是保留所有服飾道具？
Feature.Avatar.Label.Right,右
Feature.Avatar.Label.RightArm,
Feature.Avatar.Label.RightArms,
Feature.Avatar.Label.RightInitial,
Feature.Avatar.Label.RightLeg,
Feature.Avatar.Label.RightLegs,
Feature.Avatar.Label.RightShoe,右鞋
Feature.Avatar.Label.RightShoes,
Feature.Avatar.Label.Run,奔跑
Feature.Avatar.Label.RunAnimations,奔跑動畫
Feature.Avatar.Label.SavedSimilarCharacter,您之前已儲存相似角色。
Feature.Avatar.Label.SavedSimilarCharacterNoName,
Feature.Avatar.Label.Scenes,場景
Feature.Avatar.Label.SearchLandingPage.Title.RecentSearches,近期搜尋
Feature.Avatar.Label.SearchLandingPage.Title.RecentlyViewedItems,最近檢視
Feature.Avatar.Label.SearchLandingPage.Title.RecentlyViewedSearchItems,繼續選購物品：
Feature.Avatar.Label.SelectItem,選擇道具
Feature.Avatar.Label.SetAvatarCount,{itemCount} 個虛擬人偶
Feature.Avatar.Label.SetLimitReachedBody,最多只能有 {setLimit} 個組合。請刪除一個組合以騰出空間
Feature.Avatar.Label.SetNameDuplicateBody,你已有一個同名的組合，請選擇其他名稱
Feature.Avatar.Label.SetNameNotAllowedBody,請選擇其他名稱
Feature.Avatar.Label.SharePublicAvatar.Tooltip,將虛擬人偶張貼到市集
Feature.Avatar.Label.Shirt,襯衫
Feature.Avatar.Label.ShirtClassic,經典襯衫
Feature.Avatar.Label.Shirts,
Feature.Avatar.Label.ShoeL,鞋子（左）
Feature.Avatar.Label.ShoeR,鞋子（右）
Feature.Avatar.Label.Shoes,鞋子
Feature.Avatar.Label.Shorts,短褲
Feature.Avatar.Label.Shoulder,肩膀
Feature.Avatar.Label.Skin,
Feature.Avatar.Label.Sweater,外套
Feature.Avatar.Label.Sweaters,
Feature.Avatar.Label.Swim,游泳
Feature.Avatar.Label.SwimAnimations,游泳動畫
Feature.Avatar.Label.SwitchToR15,切換到 R15
Feature.Avatar.Label.TShirt,T 恤
Feature.Avatar.Label.TShirtClassic,
Feature.Avatar.Label.Title.AccessoryAdjustment,
Feature.Avatar.Label.Title.AddNewAvatar,新增為新的虛擬人偶
Feature.Avatar.Label.Title.AddToMyAvatars,新增至我的虛擬人偶
Feature.Avatar.Label.Title.AddToMyMakeupLooks,新增至我的妝容造型
Feature.Avatar.Label.Title.AvatarName,輸入虛擬人偶名稱
Feature.Avatar.Label.Title.AvatarSwitcher,我的虛擬人偶
Feature.Avatar.Label.Title.BlockingSavePrompt,要儲存虛擬人偶嗎？
Feature.Avatar.Label.Title.BodyShape,
Feature.Avatar.Label.Title.ClothingLayering,服裝分層
Feature.Avatar.Label.Title.DeleteMultipleAvatars,要刪除 {count} 個虛擬人偶嗎？
Feature.Avatar.Label.Title.DeleteSingleAvatar,要刪除此虛擬人偶嗎？
Feature.Avatar.Label.Title.DuplicateAvatar,重複的虛擬人偶
Feature.Avatar.Label.Title.Emotes,
Feature.Avatar.Label.Title.HeadAdjustment,
Feature.Avatar.Label.Title.Inventory,
Feature.Avatar.Label.Title.MakeupLayering,妝容分層
Feature.Avatar.Label.Title.ManageAvatars,管理虛擬人偶
Feature.Avatar.Label.Title.MyInventory,我的道具欄
Feature.Avatar.Label.Title.ProfilePhoto,個人檔案相片
Feature.Avatar.Label.Title.ReplaceAvatar,取代虛擬人偶
Feature.Avatar.Label.Title.Save,
Feature.Avatar.Label.Title.SaveToMyAvatars,儲存至我的虛擬人偶
Feature.Avatar.Label.Title.UpdateAvatar,取代現有虛擬人偶
Feature.Avatar.Label.Title.WearAfterPurchase,購買後直接穿戴
Feature.Avatar.Label.Title.WearAndSaveAfterPurchase,購買後直接穿戴並儲存
Feature.Avatar.Label.Top,上半身
Feature.Avatar.Label.Torso,
Feature.Avatar.Label.Torsos,
Feature.Avatar.Label.TropicalRunway,熱帶伸展台
Feature.Avatar.Label.TryOnFail,無法試穿道具，請稍後再試。
Feature.Avatar.Label.TryOnManagerDescriptor,合計：{numItems} 個道具
Feature.Avatar.Label.Unavailable,不適用
Feature.Avatar.Label.UsedNameLong,您已使用過此名稱，繼續儲存？
Feature.Avatar.Label.Waist,腰部
Feature.Avatar.Label.Walk,步行
Feature.Avatar.Label.WalkAnimations,步行動畫
Feature.Avatar.Label.WholeBody,
Feature.Avatar.Message.AddAvatarAgain,已將此虛擬人偶新增為「{prevAvatar}」。要再次新增嗎？
Feature.Avatar.Message.AdjustAndFit,調整道具配置
Feature.Avatar.Message.AlreadyAcquired,您已擁有此道具。
Feature.Avatar.Message.AvatarAdded,已新增「{avatarName}」
Feature.Avatar.Message.AvatarDeleted,已刪除虛擬人偶
Feature.Avatar.Message.AvatarRenamed,已重新命名虛擬人偶
Feature.Avatar.Message.AvatarUpdated,已更新「{avatarName}」
Feature.Avatar.Message.BulkDeleteMakeupLook,{count} 個妝容造型已刪除
Feature.Avatar.Message.CameraFacialAnimationPaused,觸發表情時，會暫時停用鏡頭
Feature.Avatar.Message.ClassicHeadAndR6CameraWarning,經典頭像和 R6 虛擬人偶不支援臉部動畫
Feature.Avatar.Message.ClearAccessories,這會移除你目前穿戴的所有飾品。
Feature.Avatar.Message.ClearAnimations,這會移除你目前套用的所有動畫。
Feature.Avatar.Message.ClearBody,這會移除你目前在身體下方穿戴的所有物品。
Feature.Avatar.Message.ClearClothes,這會移除你目前穿上的所有服裝。
Feature.Avatar.Message.ClearMakeupConfirmation,這麼做會移除所有妝容道具
Feature.Avatar.Message.DeepLinkEquipFailed,您嘗試裝備的道具已無法使用
Feature.Avatar.Message.EnhancedAvatarHeads,經典頭部現已支援臉部動畫。你可以在「頭部」類別中查看所有頭部，並在「頭部調整」中調整頭部形狀和臉部動畫。
Feature.Avatar.Message.EquipCostumeConfirmation,您尚未儲存此角色，確定切換角色？
Feature.Avatar.Message.ErrorNotAuthorized,未授權使用者執行此操作
Feature.Avatar.Message.FTUXSelfieViewClosedTooltip,您可以在此找到相機和自我檢視控制項
Feature.Avatar.Message.FTUXSelfieViewOpenedTooltip,使用相機讓您的虛擬人偶跟著您微笑及移動
Feature.Avatar.Message.FaceNotVisible,選取的臉部無法在此頭部上顯示。
Feature.Avatar.Message.FailedAvatarRename,無法為虛擬人偶重新命名
Feature.Avatar.Message.FailedDeleteCostume,無法刪除此裝扮。
Feature.Avatar.Message.FailedRenameCostume,無法為角色更名。
Feature.Avatar.Message.FailedToLoadAvatar,無法載入虛擬人偶
Feature.Avatar.Message.FailedUpdateOutfit,無法更新此服飾
Feature.Avatar.Message.FailedWritePPE,無法更新個人檔案圖片
Feature.Avatar.Message.HatLimitTooltip,您最多可以戴上 3 頂帽子
Feature.Avatar.Message.InvalidAssetsEquipped,部分裝備的道具已無法使用。
Feature.Avatar.Message.InvalidItem,此道具不存在。
Feature.Avatar.Message.InvalidName,名稱無效
Feature.Avatar.Message.LCSortClassicWarning,無法編輯經典道具
Feature.Avatar.Message.LCSortEntry,調整服飾排序
Feature.Avatar.Message.LCSortListTooltip,拖放道具縮圖即可編輯層次排序
Feature.Avatar.Message.LCSortNoEquipped,未裝備 3D 服飾道具，裝備後即可編輯
Feature.Avatar.Message.LCSortResetBody,您的調整將會被捨棄，確定繼續？
Feature.Avatar.Message.LCSortUnequipBody,解除裝備道具？
Feature.Avatar.Message.LayeredMakeupSortNoEquipped,未裝備分層妝容道具，裝備後即可編輯。
Feature.Avatar.Message.LeaveAccessoryAdjustmentWarning,您尚未套用調整。確定要離開嗎？
Feature.Avatar.Message.LeavingComposerWithoutSave,若您離開，您所做的變更將不會儲存。
Feature.Avatar.Message.LooksAvatarSaved,你可以在自訂項目中隨時編輯虛擬人偶名稱
Feature.Avatar.Message.LooksCharacterSaved,您可以在自訂中隨時編輯角色名稱
Feature.Avatar.Message.LooksPurchaseFailedNetworkError,網路錯誤，請稍後再試一次
Feature.Avatar.Message.LooksPurchasePartialSuccessGenericPP,已成功購買 {numSuccessItems} 個道具，無法購買 {numFailureItems} 個道具
Feature.Avatar.Message.LooksPurchasePartialSuccessGenericPS,
Feature.Avatar.Message.LooksPurchasePartialSuccessGenericSP,
Feature.Avatar.Message.LooksPurchasePartialSuccessGenericSS,
Feature.Avatar.Message.LooksPurchaseSuccessPlural,已購買 {numItems} 個道具！
Feature.Avatar.Message.LooksPurchaseSuccessSingular,
Feature.Avatar.Message.MakeupLookAdded,已新增妝容造型
Feature.Avatar.Message.MakeupLookRenamed,已重新命名妝容造型
Feature.Avatar.Message.MakeupLookSaved,你可以在自訂項目中隨時編輯妝容造型名稱
Feature.Avatar.Message.MakeupLookUpdated,已更新妝容造型
Feature.Avatar.Message.MakeupSortNoEquipped,未裝備妝容道具，裝備後即可編輯
Feature.Avatar.Message.MakeupSortResetBody,你所做的調整將被捨棄，確定要繼續嗎？
Feature.Avatar.Message.MakeupSortUnequipBody,是否要解除裝備的道具？
Feature.Avatar.Message.ModerationFailed,有虛擬人偶未符合我們的社群準則。
Feature.Avatar.Message.MultiAvatarDeleted,虛擬人偶已刪除
Feature.Avatar.Message.NewControlLocationFullBody,全身（先前購買的角色）現在位於「全身」欄位下方。
Feature.Avatar.Message.NewControlLocationProfile,個人檔案相片現已改為顯示在「更多選單」中
Feature.Avatar.Message.NewCustomize,為虛擬人偶設計造型變得更快速簡單了。部分項目的位置已調整，請輕觸周圍來查看更新內容。
Feature.Avatar.Message.NoAccessoriesEquipped,沒有可調整的配件。
Feature.Avatar.Message.OutfitCleared,服飾已清除
Feature.Avatar.Message.PostToMarketplaceTooltip,你的張貼內容將在市集公開
Feature.Avatar.Message.R15AnimationsPrompt,若要啟用動畫，請將體型更新成 R15。
Feature.Avatar.Message.R15EmotesPrompt,若要啟用動作，請將體型更新成 R15。
Feature.Avatar.Message.R15StylesPrompt,若要自訂身體風格，請將體型更新成 R15。
Feature.Avatar.Message.ReachedMaxOutfits,您的服飾數量已達上限。
Feature.Avatar.Message.RenameCostumeSuccess,已更名！
Feature.Avatar.Message.ResetAdjustment,
Feature.Avatar.Message.RestoredLastSaved,已還原上次儲存的內容
Feature.Avatar.Message.RevertToDefault,將您的個人檔案圖片變更回預設外觀嗎？
Feature.Avatar.Message.SaveFailure,無法儲存虛擬人偶。請稍後再試。
Feature.Avatar.Message.SaveSuccess,已儲存虛擬人偶
Feature.Avatar.Message.SaveSuccessWithInvalidAssets,已儲存虛擬人偶。部分道具目前無法使用，已經移除。
Feature.Avatar.Message.SaveThrottled,請稍候片刻，再重新儲存
Feature.Avatar.Message.SelectEmote,選擇動作，為您的虛擬人偶擺個姿勢！
Feature.Avatar.Message.ShareAvatarWithCommunity,將您的虛擬人偶張貼到市集
Feature.Avatar.Message.ShareAvatarWithCommunityDisclaimer,審核完成後即可存取連結
Feature.Avatar.Message.SharePublicAvatar,在社群媒體上分享您的虛擬人偶，增加您的觸及範圍並展現您的創意
Feature.Avatar.Message.TryOnCameraHeadWarning,經典頭像不支援臉部動畫
Feature.Avatar.Message.UnknownErrorCreatingMakeupLook,發生未知錯誤，未建立妝容造型。
Feature.Avatar.Message.UnknownErrorCreatingOutfit,發生未知錯誤，未建立服裝。
Feature.Avatar.Message.UpdateOutfitSuccess,已更新！
Feature.Avatar.Message.UpdateRequired,需要更新。若要查看此物品，請將 Roblox 更新到最新版本。
Feature.Avatar.Placeholder.NameYourAvatar,為您的虛擬人偶命名
Feature.Avatar.Placeholder.WriteAvatarCaption,為您的虛擬人偶撰寫說明 (選填)
Feature.Avatar.RevokedItems.BodyText,{category}「{item}」道具已從這個已儲存的虛擬人偶中移除，因此我們退還了你原先支付的金額。{lineBreak}如需更多詳細資訊，請查看收件箱。
Feature.Avatar.RevokedItems.BodyTextMultiple,以下道具已從這個已儲存的虛擬人偶中移除，因此我們退還了你原先支付的金額。{lineBreak}{items}{lineBreak}如需更多詳細資訊，請查看收件箱。
Feature.Avatar.RevokedItems.ViewInbox,檢視收件箱
Feature.Avatar.SetNameDuplicate,
Feature.Avatar.Text.MakeupLayeringTooltip,疊加妝容
Feature.Avatar.Title.AvatarRefinement,虛擬人偶精緻
Feature.Avatar.Title.BulkDeleteMakeupLooks,要刪除 {count} 個妝容造型嗎？
Feature.Avatar.Title.BuyAvatar,購買虛擬人偶
Feature.Avatar.Title.BuyMakeup,購買妝容造型
Feature.Avatar.Title.BuyOutfit,購買服飾
Feature.Avatar.Title.ClearAccessoriesConfirmation,要清除所有飾品嗎？
Feature.Avatar.Title.ClearAnimationsConfirmation,要清除所有動畫嗎？
Feature.Avatar.Title.ClearBodyConfirmation,要清除身體嗎？
Feature.Avatar.Title.ClearClothesConfirmation,要清除所有服裝嗎？
Feature.Avatar.Title.ClearMakeupConfirmation,要清除所有妝容嗎？
Feature.Avatar.Title.CreateSet,
Feature.Avatar.Title.DeleteSet,
Feature.Avatar.Title.DuplicateMakeupLook,複製造型
Feature.Avatar.Title.EnhancedAvatarHeads,強化虛擬人偶頭部
Feature.Avatar.Title.FindYourStyle,尋找你的風格
Feature.Avatar.Title.GetOutfit,取得服飾
Feature.Avatar.Title.LCSortPage,服飾排序
Feature.Avatar.Title.LCSortReset,重置到預設狀態
Feature.Avatar.Title.LCSortUnequip,解除裝備道具
Feature.Avatar.Title.LayeredMakeupSortPage,
Feature.Avatar.Title.LooksWidget,服裝靈感
Feature.Avatar.Title.MakeupIntroFtux,妝容功能正式推出
Feature.Avatar.Title.MakeupSortPage,
Feature.Avatar.Title.MakeupSortReset,重置為預設
Feature.Avatar.Title.MakeupSortUnequip,解除裝備的道具
Feature.Avatar.Title.Move,
Feature.Avatar.Title.NameAvatarOutfit,為虛擬人偶命名
Feature.Avatar.Title.NewCustomizeLook,自訂功能推出新外觀！
Feature.Avatar.Title.NewToMarketplaceItemWidget,剛開始使用市集
Feature.Avatar.Title.OutfitIncomplete,服飾未完成
Feature.Avatar.Title.Preview,
Feature.Avatar.Title.RemoveFromSet,
Feature.Avatar.Title.RenameMakeupLook,重新命名妝容造型
Feature.Avatar.Title.RenameSet,
Feature.Avatar.Title.ResetToDefault,
Feature.Avatar.Title.ResetToNewCharacter,新角色
Feature.Avatar.Title.RevertToDefault,還原為預設
Feature.Avatar.Title.SaveMakeupLook,為你的造型命名
Feature.Avatar.Title.SavedAvatarsLocation,已儲存的虛擬人偶會顯示在這裡
Feature.Avatar.Title.SelectEmoteForAvatar,選擇動作，為虛擬人偶擺個姿勢
Feature.Avatar.Title.SelectMakeupLookForUpdate,選擇妝容造型
Feature.Avatar.Title.SelectMakeupLooks,選擇造型
Feature.Avatar.Title.SelectSet,選擇組合
Feature.Avatar.Title.SingleDeleteOutfit,要刪除「{outfitName}」嗎？
Feature.Avatar.Title.TrendingItemWidget,熱門項目
Feature.Avatar.Title.TrendingLooksWidget,熱門造型
Feature.Avatar.Title.UnsavedChanges,變更尚未儲存
Feature.Avatar.Title.UpdateMakeupLook,要更新此造型嗎？
Feature.Avatar.Title.YourTryOns,您的試穿
Feature.Avatar.Toast.AvatarCaptionExceedMaximum,"說明長度上限為 1,000 個字元"
Feature.Avatar.Toast.AvatarPostSuccessfully,張貼成功
Feature.Avatar.Toast.AvatarTitleExceedMaximum,標題長度上限為 50 個字元
Feature.Avatar.Toast.ComposeWithoutClothing,虛擬人偶必須至少穿上一件服裝或飾品道具
Feature.Avatar.Toast.MaxOutfitsSelected,最多只能選擇 {maxSelectCount} 個
Feature.Avatar.Toast.PostWithParticleEffect,您張貼後的最終縮圖會顯示粒子效果
Feature.Avatar.Tooltip.CustomizeOverhaulSubcategories,輕觸此處以變更類別
Feature.Avatar.UnavailableItems.BodyText,{category}「{item}」目前在審核中，因此無法使用。{lineBreak}若該道具從 Roblox 中移除，你將在一週內收到退款。
Feature.Avatar.UnavailableItems.BodyTextMultiple,以下道具目前在審核中，因此無法使用。{lineBreak}{items}{lineBreak}若該道具從 Roblox 中移除，你將在一週內收到退款。
Feature.Avatar.UnavailableItems.ConfirmText,
Feature.Avatar.UnavailableItems.TitleText,無法使用的道具
Feature.Avatar.tooltip.ExpiredItemsFilter,尋找已過期的定時選項道具
Feature.AvatarSwitcher.Action.Continue,
Feature.AvatarSwitcher.Action.OK,
Feature.AvatarSwitcher.Action.Respawn,
Feature.AvatarSwitcher.Action.RespawnLater,儲存以供下次重生使用
Feature.AvatarSwitcher.Heading.AvatarSwitchedConfirmation,虛擬人偶已切換至「{avatarName}」
Feature.AvatarSwitcher.Heading.PresetAvatars,此體驗使用預設虛擬人偶
Feature.AvatarSwitcher.Heading.RespawnToSwitch,重生以切換虛擬人偶
Feature.AvatarSwitcher.Heading.SwitchAvatar,切換虛擬人偶
Feature.AvatarSwitcher.Heading.UnknownSupport,此體驗可能會使用預設虛擬人偶
Feature.AvatarSwitcher.Heading.Unsupported,不支援 Roblox 虛擬人偶
Feature.AvatarSwitcher.Label.RespawnLater,或將其儲存，供下次重生時使用。虛擬人偶將會在整個 Roblox 平台同步更新。
Feature.AvatarSwitcher.Message.AddAvatars,你可以在「自訂」分頁中新增更多虛擬人偶。
Feature.AvatarSwitcher.Message.ExpiredItems,虛擬人偶包含過期的道具
Feature.AvatarSwitcher.Message.NoAvatars,沒有可用的虛擬人偶
Feature.AvatarSwitcher.Message.PartiallyUnsupported,目前的體驗不支援此虛擬人偶的部分內容。
Feature.AvatarSwitcher.Message.RespawnNotAllowed,此體驗目前不允許重生。您將在重生、離開或加入其他體驗後看到更新後的虛擬人偶。
Feature.AvatarSwitcher.Message.SelectAvatar,選擇虛擬人偶
Feature.AvatarSwitcher.Message.SwitchingDeferred,下次重生或加入體驗時，將會看到此虛擬人偶。你可以隨時切換其他虛擬人偶。
Feature.AvatarSwitcher.Message.UnknownSupport,你仍可切換虛擬人偶，但可能無法在此體驗中正確顯示。
Feature.AvatarSwitcher.Message.Unsupported,此體驗使用自訂虛擬人偶，不支援 Roblox 虛擬人偶。
Feature.BiometricChallenge.Action.Cancel,
Feature.BiometricChallenge.Action.Continue,
Feature.BiometricChallenge.Content.LivenessHostedPrompt,開啟外部瀏覽器，快速拍攝自拍照，確認你是真人。
Feature.BiometricChallenge.Content.Loading,正在載入...
Feature.BiometricChallenge.Content.QRHelpFull,{prompt}在行動裝置上下載 Roblox App，然後再試一次。
Feature.BiometricChallenge.Content.QRHelpPrompt,不想掃描嗎？
Feature.BiometricChallenge.Content.ScanQR,使用手機或平板電腦掃描此 QR 碼來解鎖帳號。
Feature.BiometricChallenge.Title.ConfirmHuman,確認您是人類
Feature.BiometricChallenge.Title.QRHandoff,使用行動裝置 App 確認你是人類
Feature.BlockingModal.Action.Block,
Feature.BlockingModal.Action.BlockAndReport,封鎖並檢舉
Feature.BlockingModal.Action.Cancel,
Feature.BlockingModal.Heading.BlockUser,要封鎖 {DisplayName} 嗎？
Feature.BlockingModal.Message.BlockConfirmation,封鎖此使用者，系統會一併將對方從「聯絡對象」或「追蹤者」名單移除。移除後將無法向您傳送訊息、請求或邀請。<br /><br />對方不會收到遭你封鎖的通知。
Feature.BlockingModal.Message.BlockConfirmation.FriendsRename,若封鎖此使用者，系統會一併將其從「好友」或「追蹤者」名單移除，對方將無法向你傳送訊息、請求或邀請。<br /><br />對方不會收到遭你封鎖的通知。
Feature.Build.Action.Add,
Feature.Build.Action.AddFriends,
Feature.Build.Action.AddPlaytester,新增遊戲測試員
Feature.Build.Action.AddPlaytesters,
Feature.Build.Action.AddToPlaytest,新增至試玩
Feature.Build.Action.Approve,核准
Feature.Build.Action.Archive,封存
Feature.Build.Action.ArchiveGame,封存遊戲
Feature.Build.Action.Build,
Feature.Build.Action.Buy,購買
Feature.Build.Action.BuyRobux,
Feature.Build.Action.Cancel,
Feature.Build.Action.CopyText,複製文字
Feature.Build.Action.Create,
Feature.Build.Action.CreateDeveloperProduct,
Feature.Build.Action.Delete,
Feature.Build.Action.Dismiss,
Feature.Build.Action.DontAskAgain,不要再詢問
Feature.Build.Action.DontShowAgain,
Feature.Build.Action.EarnRobux,賺取 Robux
Feature.Build.Action.Edit,編輯
Feature.Build.Action.HideAutosaved,隱藏自動儲存
Feature.Build.Action.ManageLimit,管理上限
Feature.Build.Action.Next,
Feature.Build.Action.NotNow,
Feature.Build.Action.NotifyMe,通知我
Feature.Build.Action.OK,
Feature.Build.Action.OpenSettings,開啟設定
Feature.Build.Action.Play,遊玩
Feature.Build.Action.Playtest,試玩
Feature.Build.Action.Preview,
Feature.Build.Action.Publish,
Feature.Build.Action.PublishLatest,發佈最新版本
Feature.Build.Action.Reject,拒絕
Feature.Build.Action.Restore,復原
Feature.Build.Action.Resume,恢復
Feature.Build.Action.Retry,
Feature.Build.Action.Revert,
Feature.Build.Action.Save,
Feature.Build.Action.SetDailyLimit,設定每日上限
Feature.Build.Action.SetLimit,設定上限
Feature.Build.Action.Settings,
Feature.Build.Action.Share,
Feature.Build.Action.ShareLink,分享連結
Feature.Build.Action.ShowMore,
Feature.Build.Action.Stats,統計資料
Feature.Build.Action.Submit,
Feature.Build.Action.UpdateRating,更新分級
Feature.Build.Action.UpdateWithChanges,更新變更
Feature.Build.Action.View,
Feature.Build.Action.ViewUsage,查看使用量
Feature.Build.Analytics.AnalyzeChatPrompt,過去 {days} 天的{analyzeName}是多少？
Feature.Build.Analytics.AnalyzeName.Arppu,每位付費使用者平均收益
Feature.Build.Analytics.AnalyzeName.D1Retention,第 1 天保留率
Feature.Build.Analytics.AnalyzeName.DailyActiveUsers,每日活躍使用者
Feature.Build.Analytics.AnalyzeName.PayerConversion,付費使用者轉換率
Feature.Build.Analytics.AnalyzeName.PlaythroughRate,遊戲完成率
Feature.Build.Analytics.AnalyzeName.TotalPlaytime,總遊玩時間
Feature.Build.Analytics.Description.Arppu,每位付費使用者平均收益是指賺取的 Robux 總金額除以付費玩家人數。此指標顯示每位買家平均消費金額。
Feature.Build.Analytics.Description.D1Retention,第 1 天保留率計算有多少新玩家玩過後會再次遊玩。此指標是體驗的早期黏著度訊號。
Feature.Build.Analytics.Description.DailyActiveUsers,每日活躍使用者是指每天啟動你體驗的不同玩家。追蹤此數值即可瞭解有多少使用者持續遊玩，並發現上升或下降的趨勢。
Feature.Build.Analytics.Description.PayerConversion,付費使用者轉換率是指在體驗中花費 Robux 的玩家百分比。觀察此指標來評估將玩家變成買家的營利化成效。
Feature.Build.Analytics.Description.PlaythroughRate,遊玩完成率是指完成整個遊玩作業的造訪百分比。比例越高代表玩家認為你的體驗越容易上手，而且更有意願通關。
Feature.Build.Analytics.Description.TotalPlaytime,總遊玩時間計算某段時間內，所有玩家在體驗中花費的總時數。遊玩時間增加通常表示作業更具吸引力。
Feature.Build.Analytics.DurationHours,{number} 小時
Feature.Build.Analytics.KeyStats,關鍵統計資料
Feature.Build.Analytics.LastMonth,上個月
Feature.Build.Analytics.LastWeek,
Feature.Build.Analytics.Likes,按讚數
Feature.Build.Analytics.Month.Apr,
Feature.Build.Analytics.Month.Aug,
Feature.Build.Analytics.Month.Dec,
Feature.Build.Analytics.Month.Feb,
Feature.Build.Analytics.Month.Jan,
Feature.Build.Analytics.Month.Jul,
Feature.Build.Analytics.Month.Jun,
Feature.Build.Analytics.Month.Mar,
Feature.Build.Analytics.Month.May,
Feature.Build.Analytics.Month.Nov,
Feature.Build.Analytics.Month.Oct,
Feature.Build.Analytics.Month.Sep,
Feature.Build.Analytics.NoData,沒有可用的資料
Feature.Build.Analytics.Overview,概覽
Feature.Build.Analytics.Percent,{number}%
Feature.Build.Analytics.Players,玩家
Feature.Build.Analytics.Sheet.Analyze,分析
Feature.Build.Analytics.Sheet.ViewInOverview,在概覽中檢視
Feature.Build.Analytics.Summary.Arppu,每位付費玩家的平均 Robux 收入。
Feature.Build.Analytics.Summary.D1Retention,隔天再次遊玩的新玩家比例。
Feature.Build.Analytics.Summary.DailyActiveUsers,在所選期間內加入的不重複玩家。
Feature.Build.Analytics.Summary.PayerConversion,購買玩家的比例。
Feature.Build.Analytics.Summary.PlaythroughRate,完整通關的作業比例。
Feature.Build.Analytics.Summary.TotalPlaytime,玩家在體驗中花費的總時數。
Feature.Build.Analytics.Title.Arppu,每位使用者平均每日支出
Feature.Build.Analytics.Title.ConcurrentUsers,玩家總數
Feature.Build.Analytics.Title.D1Retention,
Feature.Build.Analytics.Title.DailyActiveUsers,
Feature.Build.Analytics.Title.PayerConversion,
Feature.Build.Analytics.Title.PlaythroughRate,
Feature.Build.Analytics.Title.TotalPlaytime,
Feature.Build.Analytics.Visits,造訪次數
Feature.Build.Content.NewGame,新遊戲
Feature.Build.Description.ActivateDeveloperProduct,販售開發者產品 {PRODUCT_ID}。
Feature.Build.Description.AdCampaignModerationReview,所有廣告活動都會由 Roblox 審核。此流程最多可能需要 24 小時。
Feature.Build.Description.AdCampaignSheetRunDates,投放時間 {startDate} – {endDate}
Feature.Build.Description.AdvertisingAgreement,繼續操作，即表示您同意 {advertisingTermsStart}Roblox 廣告條款{advertisingTermsEnd}和{advertisingStandardsStart}廣告標準{advertisingStandardsEnd}。
Feature.Build.Description.ArchiveRemoval,若封存此遊戲，遊戲會從「組建」中移除。你仍可在創作者中心或 Roblox Studio 中，存取並還原遊戲。
Feature.Build.Description.AutoBuyUsage,使用你的 Robux，在你建立時自動購買額外的組建使用量。你可以隨時設定每日消費上限。
Feature.Build.Description.BoostAudienceForPlays,增加受眾，獲得更多遊玩次數。
Feature.Build.Description.BuildIdeaGame,將想法化為遊戲
Feature.Build.Description.BuildReplyNotif,在組建回覆你時收到通知。
Feature.Build.Description.BuyRobuxToCreate,購買更多 Robux 以繼續創作，或等待明天重置的免費組建使用量。
Feature.Build.Description.BuyUsageOrWait,使用 Robux 購買更多組建使用量，或等待每日上限重置。
Feature.Build.Description.CampaignRunDates,你的活動將在 {startDate} – {endDate}期間投放
Feature.Build.Description.ChoosePlaytesters,選擇好友協助你試玩。
Feature.Build.Description.CreateDeveloperProduct,以 {PRICE} Robux 建立「{NAME}」，已下架。
Feature.Build.Description.DeactivateDeveloperProduct,將開發者產品 {PRODUCT_ID} 下架。
Feature.Build.Description.EarnedRobuxAppliedFirst,若已賺取 Robux，這些 Robux 將會優先用於支付廣告活動費用。
Feature.Build.Description.EnableBuildNotifs,在裝置設定中啟用通知，以接收來自組建的最新消息。
Feature.Build.Description.FriendsLinkOnly,只有你的好友能存取此連結。若希望有更多人玩，請變更遊戲的受眾設定。
Feature.Build.Description.GameCreationDone,我已建立完成並發佈你的遊戲。你可以打開遊戲試玩。
Feature.Build.Description.GameSavedPlaytest,我已建立遊戲並儲存了新版本。你可以打開遊戲試玩。
Feature.Build.Description.HubSettings,在創作者中心管理所有設定
Feature.Build.Description.InviteFriendLimit,選擇最多 {MAX_INVITES} 位好友，然後分享遊戲連結。
Feature.Build.Description.MakeAudienceAvail,發佈體驗，讓此受眾可以存取。
Feature.Build.Description.ManageAppearance,管理遊戲向其他人顯示的方式。
Feature.Build.Description.ManageDeveloperProduct,管理開發者產品。
Feature.Build.Description.NoMonetizationProducts,描述你想要建立的物品，以便在遊戲中開始賺取 Robux
Feature.Build.Description.PlayAfterPublish,選擇發佈此體驗後可遊玩的對象。
Feature.Build.Description.PlaytestLatest,你正在試玩最新版本。準備好分享後即可發佈。
Feature.Build.Description.PlaytestLocked,建立第一個遊戲後，即可開始進行遊戲測試。
Feature.Build.Description.PlaytesterAccess,新增好友為遊戲測試員，或變更遊戲的受眾設定，讓更多人玩。
Feature.Build.Description.PrivateShare,變更遊戲的受眾設定以分享。
Feature.Build.Description.PromoteGameWithAdCampaign,透過為期 {durationDays} 天的廣告活動增加受眾，讓遊戲能被他人發現。
Feature.Build.Description.RaiseLimitOrWait,提高每日 Robux 上限以繼續創作，或等待使用量於明天重置。
Feature.Build.Description.RatingAgreement,發佈即表示您同意此內容分級準確無誤。
Feature.Build.Description.RestoreLatest,此版本將成為你的最新發佈版本。
Feature.Build.Description.RevertToVersion,確認以還原最新變更並回到 {VERSION}。
Feature.Build.Description.ShareLatest,分享最新版本的變更內容。
Feature.Build.Description.UpdateDeveloperProduct,更新開發者產品 {PRODUCT_ID}。
Feature.Build.Description.VersionChanges,告訴玩家此版本有哪些變更。
Feature.Build.Error.DeveloperProductDescriptionTooLong,"說明長度不得超過 1,000 個字元。"
Feature.Build.Error.DeveloperProductNameRequired,輸入產品名稱。
Feature.Build.Error.DeveloperProductNameTooLong,名稱長度不得超過 50 個字元。
Feature.Build.Error.DeveloperProductPriceInvalid,"價格須為 1 到 1,000,000,000 Robux 之間的整數。"
Feature.Build.Error.DeveloperProductTextModerated,Roblox 審核人員已變更此產品的文字。請嘗試使用其他文字。
Feature.Build.Header.AccessSharing,存取權與分享
Feature.Build.Header.AllVersions,所有版本
Feature.Build.Header.ContentMaturity,成年適宜內容
Feature.Build.Header.CustomAnswer,自訂答案
Feature.Build.Header.GameDetails,遊戲詳情
Feature.Build.Header.Overview,
Feature.Build.Header.PastCampaigns,過往的廣告活動
Feature.Build.Header.UpdateDetails,更新詳細資訊
Feature.Build.Label.Access,存取權
Feature.Build.Label.AdClicks,廣告點擊次數
Feature.Build.Label.AdViews,廣告觀看次數
Feature.Build.Label.AdditionalUsage,額外組建使用量
Feature.Build.Label.AdditionalUsed,已使用 {USED}，上限 {LIMIT}
Feature.Build.Label.AdsManager,廣告管理工具
Feature.Build.Label.All,
Feature.Build.Label.AmountAvailable,尚有 {AMOUNT} 次可使用
Feature.Build.Label.Autosaved,已自動儲存
Feature.Build.Label.Available,可供使用
Feature.Build.Label.AvailableForPurchase,可供購買
Feature.Build.Label.BackToBuild,返回建立
Feature.Build.Label.Building,建立中...
Feature.Build.Label.CaptureLibrary,截圖資料庫
Feature.Build.Label.CaptureSelectionCount,已選擇 {SELECTED_COUNT} 個，共 {MAX_SELECTIONS} 個
Feature.Build.Label.ContentRating,內容分級
Feature.Build.Label.Created,已建立
Feature.Build.Label.CreatedDate,{MONTH} {DAY}，{YEAR}
Feature.Build.Label.CreatorHub,創作者中心
Feature.Build.Label.DateRange,{startDate} – {endDate}
Feature.Build.Label.DefaultDeveloperProduct,產品 {PRODUCT_ID}
Feature.Build.Label.DefaultDeveloperProductName,開發者產品
Feature.Build.Label.Deleted,已刪除
Feature.Build.Label.DescribeIdea,描述想法
Feature.Build.Label.Description,
Feature.Build.Label.DeveloperProductDescription,說明：{DESCRIPTION}
Feature.Build.Label.DeveloperProductName,名稱：「{NAME}」
Feature.Build.Label.DeveloperProductPrice,價格：{PRICE} Robux
Feature.Build.Label.DeveloperProductPriceUnavailable,?
Feature.Build.Label.Done,
Feature.Build.Label.EasyPerformanceReport,簡單的成效報告
Feature.Build.Label.Error,
Feature.Build.Label.Free,免費
Feature.Build.Label.FreeBuildUsage,免費組建使用量
Feature.Build.Label.Friends,
Feature.Build.Label.FriendsOnly,僅限好友
Feature.Build.Label.GamePlays,遊戲遊玩次數
Feature.Build.Label.GetMoreBuildUsage,取得更多組建使用量
Feature.Build.Label.Hi,嗨
Feature.Build.Label.IconThumbnails,圖示和縮圖
Feature.Build.Label.Images2D,2D 圖片
Feature.Build.Label.InProgress,進行中
Feature.Build.Label.InputNeeded,必須輸入內容
Feature.Build.Label.InviteCount,{COUNT}/{MAX_INVITES}
Feature.Build.Label.Limited,受限
Feature.Build.Label.Live,已發布
Feature.Build.Label.Loading,
Feature.Build.Label.MaximizeForGamePlays,最大化遊戲遊玩次數
Feature.Build.Label.Models3D,3D 模型
Feature.Build.Label.Name,
Feature.Build.Label.NoLimit,無上限
Feature.Build.Label.NotStarted,尚未開始
Feature.Build.Label.OffSale,下架
Feature.Build.Label.OnSale,販售中
Feature.Build.Label.Pending,擱置
Feature.Build.Label.PercentUsed,已使用 {PERCENT}%
Feature.Build.Label.PlayTime,遊玩時間
Feature.Build.Label.PreviouslyPublished,先前已發佈
Feature.Build.Label.Price,價格
Feature.Build.Label.PriceUnavailable,--
Feature.Build.Label.Pricing,
Feature.Build.Label.Private,私人
Feature.Build.Label.Public,公開
Feature.Build.Label.PubliclyUnavailable,尚未開放大眾遊玩
Feature.Build.Label.Published,已發佈
Feature.Build.Label.Purchased,
Feature.Build.Label.Ready,就緒
Feature.Build.Label.RegionalPricing,區域定價
Feature.Build.Label.ResetsDaily,每日重置
Feature.Build.Label.RestoredVersion,已還原 {VERSION}
Feature.Build.Label.RobuxUsage,{USED}/{LIMIT}
Feature.Build.Label.Search,
Feature.Build.Label.SearchAssets,搜尋素材
Feature.Build.Label.SearchGames,搜尋遊戲
Feature.Build.Label.SearchTasks,搜尋任務
Feature.Build.Label.SelectOption,選擇一個選項
Feature.Build.Label.ShareAddedFriends,與你新增的好友分享
Feature.Build.Label.Shared,已分享
Feature.Build.Label.Sounds,音效
Feature.Build.Label.TargetAllRobloxPlayers,鎖定所有 Roblox 玩家
Feature.Build.Label.Thinking,思考中
Feature.Build.Label.Title,標題
Feature.Build.Label.TitleDescription,標題和說明
Feature.Build.Label.Tool,工具
Feature.Build.Label.ToolAssetDone,已插入素材
Feature.Build.Label.ToolAssetFailed,無法插入素材
Feature.Build.Label.ToolAssetRunning,正在插入素材
Feature.Build.Label.ToolAssetSearchDone,已搜尋素材庫
Feature.Build.Label.ToolAssetSearchFailed,無法搜尋素材庫
Feature.Build.Label.ToolAssetSearchRunning,正在搜尋素材庫
Feature.Build.Label.ToolClientDMDone,已搜尋用戶端 DataModel
Feature.Build.Label.ToolClientDMFailed,無法搜尋用戶端 DataModel
Feature.Build.Label.ToolClientDMRunning,正在搜尋用戶端 DataModel
Feature.Build.Label.ToolGameInfoDone,已更新遊戲資訊
Feature.Build.Label.ToolGameInfoFailed,無法更新遊戲資訊
Feature.Build.Label.ToolGameInfoRunning,正在更新遊戲資訊
Feature.Build.Label.ToolGameSaveDone,已儲存遊戲
Feature.Build.Label.ToolGameSaveFailed,無法儲存遊戲
Feature.Build.Label.ToolGameSaveRunning,正在儲存遊戲
Feature.Build.Label.ToolImageDone,已生成的圖片
Feature.Build.Label.ToolImageFailed,無法生成圖片
Feature.Build.Label.ToolImageRunning,正在生成圖片
Feature.Build.Label.ToolInspectDone,已檢查用戶端實例
Feature.Build.Label.ToolInspectFailed,無法檢查用戶端實例
Feature.Build.Label.ToolInspectRunning,正在檢查用戶端實例
Feature.Build.Label.ToolLogsDone,已請求紀錄
Feature.Build.Label.ToolLogsFailed,無法請求紀錄
Feature.Build.Label.ToolLogsRunning,正在請求紀錄
Feature.Build.Label.ToolLuauDone,已執行 Luau
Feature.Build.Label.ToolLuauFailed,無法執行 Luau
Feature.Build.Label.ToolLuauRunning,正在執行 Luau
Feature.Build.Label.ToolModelDone,已生成的 3D 模型
Feature.Build.Label.ToolModelFailed,無法生成 3D 模型
Feature.Build.Label.ToolModelRunning,正在生成 3D 模型
Feature.Build.Label.ToolPlanPresentDone,已呈現方案
Feature.Build.Label.ToolPlanPresentFailed,無法呈現方案
Feature.Build.Label.ToolPlanPresentRunning,正在呈現方案
Feature.Build.Label.ToolPlanUpdateDone,已更新方案
Feature.Build.Label.ToolPlanUpdateFailed,無法更新方案
Feature.Build.Label.ToolPlanUpdateRunning,正在更新方案
Feature.Build.Label.ToolPrimitiveDone,已生成的原始形狀
Feature.Build.Label.ToolPrimitiveFailed,無法生成原始形狀
Feature.Build.Label.ToolPrimitiveRunning,正在生成原始形狀
Feature.Build.Label.ToolQuestionDone,提出問題
Feature.Build.Label.ToolQuestionFailed,無法提出問題
Feature.Build.Label.ToolQuestionRunning,正在提出問題
Feature.Build.Label.ToolReqUpdateDone,已更新要求
Feature.Build.Label.ToolReqUpdateFailed,無法更新要求
Feature.Build.Label.ToolReqUpdateRunning,正在更新要求
Feature.Build.Label.ToolScriptDone,已執行指令碼
Feature.Build.Label.ToolScriptFailed,無法執行指令碼
Feature.Build.Label.ToolScriptRunning,正在執行指令碼
Feature.Build.Label.ToolSkillLoadDone,已載入的技能
Feature.Build.Label.ToolSkillLoadFailed,無法載入技能
Feature.Build.Label.ToolSkillLoadRunning,正在載入技能
Feature.Build.Label.ToolSkillsDone,已列出可用技能
Feature.Build.Label.ToolSkillsFailed,無法列出可用技能
Feature.Build.Label.ToolSkillsRunning,正在列出可用技能
Feature.Build.Label.ToolTasksPlanDone,已規劃的任務
Feature.Build.Label.ToolTasksPlanFailed,無法規劃任務
Feature.Build.Label.ToolTasksPlanRunning,正在規劃你的任務
Feature.Build.Label.ToolThumbnailDone,設定遊戲縮圖
Feature.Build.Label.ToolThumbnailFailed,無法設定遊戲縮圖
Feature.Build.Label.ToolThumbnailRunning,正在設定遊戲縮圖
Feature.Build.Label.UniverseNumber,宇宙 {UNIVERSE_ID}
Feature.Build.Label.Unknown,未知
Feature.Build.Label.UnlimitedUsed,已使用 {USED} • 無上限
Feature.Build.Label.UpdateTitleDesc,更新標題和說明
Feature.Build.Label.Updated,已更新
Feature.Build.Label.Usage,使用量
Feature.Build.Label.UsageUsed,已使用 {USED}
Feature.Build.Label.UsernameHandle,@{USERNAME}
Feature.Build.Label.Version,版本
Feature.Build.Label.VersionCompact,v{VERSION_NUMBER}
Feature.Build.Label.VersionDate,{VERSION} · {CREATED_DATE}
Feature.Build.Label.VersionPadded,v0{VERSION_NUMBER}
Feature.Build.Label.VersionTitleDesc,版本標題和說明
Feature.Build.Label.Video,影片
Feature.Build.Message.AccountRequirements,你的帳號不符合使用組建的要求。
Feature.Build.Message.AccountTooNew,你的帳號太新，無法發佈。請在 2 天後再試一次。
Feature.Build.Message.AdCampaignCreateFailed,無法建立你的廣告活動，請再試一次。
Feature.Build.Message.AdCampaignCreated,已建立廣告活動
Feature.Build.Message.AdPerformanceLoadFailed,無法載入廣告成效
Feature.Build.Message.AdsPromotionBannerSubtitle,免費拓展受眾
Feature.Build.Message.AdsPromotionBannerTitle,你還有 {promotionCount} 次免費促銷機會
Feature.Build.Message.AdsPromotionBannerTitleSingular,你還有 1 次免費促銷機會
Feature.Build.Message.AdsStatsEmpty,透過廣告活動拓展受眾，讓更多人發現你的遊戲
Feature.Build.Message.AdsStatsEmptyFree,透過免費廣告活動拓展受眾，讓更多人發現你的遊戲
Feature.Build.Message.AllFriendsAdded,你已將所有好友新增為遊戲測試員。
Feature.Build.Message.AnswerBuildQuestion,在下方回答組建的問題。
Feature.Build.Message.AssetDetailsUnavailable,無法取得素材詳細資訊。
Feature.Build.Message.AssetsLoadFailed,無法載入素材。
Feature.Build.Message.AudienceIneligible,不符合向此受眾發佈的資格
Feature.Build.Message.BuildAccountBlocked,你的帳號目前無法使用組建。
Feature.Build.Message.BuildBusy,組建忙碌中。請稍候片刻再試。
Feature.Build.Message.BuildConnectFailed,組建系統無法連線，請再試一次。
Feature.Build.Message.BuildInternalError,組建系統發生問題，請再試一次。
Feature.Build.Message.BuildResponseFailed,組建系統無法回應，請再試一次。
Feature.Build.Message.BuildStillWorking,正在處理。在等待期間，你可以離開 App、玩 Roblox 或開始另一項專案。
Feature.Build.Message.BuildStopped,你已停止組建。
Feature.Build.Message.BuildTemporarilyDown,暫時無法使用組建，請 1 分鐘後再試。
Feature.Build.Message.CompletedTasks,已完成 {COUNT} 項任務
Feature.Build.Message.ConversationGone,此對話已無法使用。請開始新的對話。
Feature.Build.Message.ConversationNotFound,找不到此對話。請開始新的對話。
Feature.Build.Message.CreateGameToUseBuild,建立新遊戲以開始使用組建。
Feature.Build.Message.CreatedRevertedVer,已建立還原的版本。
Feature.Build.Message.ErrorCodeText,({ERROR_CODE}) {ERROR_TEXT}
Feature.Build.Message.ExpandAudience,在創作者中心擴大你的受眾資格
Feature.Build.Message.ExperiencesLoadFailed,無法載入體驗
Feature.Build.Message.FailedTitle,{TITLE}失敗
Feature.Build.Message.FinishedTitle,{TITLE}完成
Feature.Build.Message.FriendsLoadFailed,無法載入好友，請再試一次。
Feature.Build.Message.GameNotCreated,無法建立遊戲，請再試一次。
Feature.Build.Message.GamePublishFailed,無法發佈遊戲，請再試一次。
Feature.Build.Message.GameShared,已分享遊戲
Feature.Build.Message.GameSharedWith,遊戲已分享給 {DISPLAY_NAME}
Feature.Build.Message.HiDisplayName,{DISPLAY_NAME}，你好：
Feature.Build.Message.ImageUploadFailed,無法上傳圖片，請再試一次。
Feature.Build.Message.InvalidMessage,你的訊息發生錯誤。請編輯後再試一次。
Feature.Build.Message.InvitesLoadFailed,無法載入邀請
Feature.Build.Message.LimitBelowSpend,上限不能低於今天已消費的 {ALREADY_SPENT} Robux。
Feature.Build.Message.LinkCopied,連結已複製到剪貼簿。
Feature.Build.Message.LoadingVersions,正在載入版本紀錄...
Feature.Build.Message.NoAssetsFound,找不到素材。
Feature.Build.Message.NoCapturesAvailable,沒有可用的截圖
Feature.Build.Message.NoDescriptionProvided,未提供說明。
Feature.Build.Message.NoFriendsToAdd,你沒有可新增的好友。請先在 Roblox 上尋找可交流的對象。
Feature.Build.Message.NoResults,
Feature.Build.Message.NoVersionHistory,尚無版本紀錄。
Feature.Build.Message.OneTaskCompleted,已完成 1 項任務
Feature.Build.Message.OutOfBuildUsage,你的組建使用量已用完。查看你的選項，使用 Robux 以繼續創作。
Feature.Build.Message.PlaytestersAdded,已新增 {INVITED_COUNT} 位遊戲測試員，共 {MAX_INVITES} 位
Feature.Build.Message.PublicPublishFailed,你的遊戲已發佈，但無法設為公開，請再試一次。
Feature.Build.Message.PublishExpandAudience,發佈以擴大受眾
Feature.Build.Message.PublishNotReverted,無法還原發佈的內容，請再試一次。
Feature.Build.Message.PublishPromotionUpsell,恭喜你發佈遊戲！你有 {promotionCount} 次免費促銷機會，可以在 Roblox 上吸引更多玩家。
Feature.Build.Message.PublishPromotionUpsellSingular,恭喜你發佈遊戲！你有 1 次免費促銷機會，可以在 Roblox 上吸引更多玩家。
Feature.Build.Message.PublishReverted,已還原發佈版本。
Feature.Build.Message.QuestionnaireNeeded,此遊戲是在組建之外編輯的。請完成內容問卷以發佈。
Feature.Build.Message.ReadyToPlay,你的遊戲已可在 Roblox 上遊玩！
Feature.Build.Message.ResetHours,{HOURS} 小時後重置
Feature.Build.Message.ResetOneHour,1 小時後重置
Feature.Build.Message.RestoreVersionFailed,無法還原此版本，請再試一次。
Feature.Build.Message.RevertVersionFail,無法建立還原的版本，請再試一次。
Feature.Build.Message.RunningTitle,執行{title}
Feature.Build.Message.SafetyPolicy,此訊息違反我們的安全政策。請編輯後再試一次。
Feature.Build.Message.SaveChangesFailed,無法儲存變更，請再試一次。
Feature.Build.Message.ShareExperience,分享 {EXPERIENCE_NAME}
Feature.Build.Message.ShareLinkFailed,無法建立分享連結，請再試一次。
Feature.Build.Message.SignedOut,已登出，請登入後再試一次。
Feature.Build.Message.TasksCompleted,已完成 {NUM_COMPLETED_TASKS} 項任務
Feature.Build.Message.ThinkingSeconds,思考了 {SECONDS} 秒
Feature.Build.Message.TryAgain,再試一次。
Feature.Build.Message.TurnToPortrait,將裝置切換為直放模式，以繼續進行遊戲。
Feature.Build.Message.VersionHistoryLoad,無法載入版本歷史紀錄。
Feature.Build.Message.WhatToCreate,今天你想要建立什麼呢？
Feature.Build.Message.WorkedMinutesSeconds,已運作 {MINUTES} 分 {REM_SECONDS} 秒
Feature.Build.Message.WorkedSeconds,已運作 {SECONDS} 秒
Feature.Build.Message.WorkingOnTasks,正在處理你的任務
Feature.Build.Notification.Message.Continue,若要繼續，請恢復組建聊天。
Feature.Build.Notification.Message.Review,若要查看結果，請恢復組建聊天。
Feature.Build.Notification.Title.Finished,組建完成
Feature.Build.Notification.Title.NeedInput,組建需要你的輸入
Feature.Build.Placeholder.DescribeProduct,描述你想要銷售的產品
Feature.Build.Placeholder.DescribeProductUpdate,描述一項更新
Feature.Build.Prompt.CreateDeveloperProduct,協助我建立開發者產品、將其連接到遊戲中、驗證和發佈變更，並開放購買。
Feature.Build.Title.AdCampaignActive,廣告活動已生效
Feature.Build.Title.AdCampaignDuration,為期 {durationDays} 天的廣告活動
Feature.Build.Title.AddFriendsToPlaytest,新增好友協助你試玩
Feature.Build.Title.AddImages,新增圖片
Feature.Build.Title.AdsStatsEmpty,啟動廣告活動
Feature.Build.Title.AdsStatsEmptyFree,啟動你的第一個廣告活動
Feature.Build.Title.ArchiveThisGame,要封存此遊戲嗎？
Feature.Build.Title.AssetLibrary,素材庫
Feature.Build.Title.Audience,受眾
Feature.Build.Title.BuildQuestion,組建有一個問題
Feature.Build.Title.BuildQuestions,組建有一些問題
Feature.Build.Title.BuildUnavailable,無法使用組建
Feature.Build.Title.BuildUsage,組建使用量
Feature.Build.Title.ChangesNotLive,變更的內容尚未發佈
Feature.Build.Title.ChatBuildUnavailable,無法使用組建。
Feature.Build.Title.Content,內容
Feature.Build.Title.DailyRobuxReached,已達每日 Robux 上限
Feature.Build.Title.DeveloperProduct,
Feature.Build.Title.EditDeveloperProduct,編輯產品
Feature.Build.Title.ExperienceAudience,體驗受眾
Feature.Build.Title.FreeUsageReached,已達到免費組建使用量上限
Feature.Build.Title.FriendsOnlyPlay,只有好友可以遊玩
Feature.Build.Title.GameCreationDone,已完成遊戲創作
Feature.Build.Title.GamePrivate,此遊戲僅限私人存取
Feature.Build.Title.GenericError,
Feature.Build.Title.GetUsers,取得使用者
Feature.Build.Title.NoMonetizationProducts,開始在遊戲中賺取收入
Feature.Build.Title.NoRobuxForUsage,沒有剩餘的 Robux 可用於購買組建使用量
Feature.Build.Title.Playtesters,遊戲測試員
Feature.Build.Title.PlaytestersOnlyPlay,只有遊戲測試員可以遊玩
Feature.Build.Title.PromoteGame,宣傳你的遊戲
Feature.Build.Title.PromoteGameFree,免費宣傳你的遊戲
Feature.Build.Title.PushNotifications,推播通知
Feature.Build.Title.RevertLastChange,是否要還原上次的變更？
Feature.Build.Title.Tasks,任務
Feature.Build.Title.TurnActivity,回合活動
Feature.Build.Title.VersionHistory,版本歷史紀錄
Feature.Build.Title.VersionInfo,版本資訊
Feature.Build.Title.VersionInformation,
Feature.Build.Title.VersionNumber,版本 {VERSION}
Feature.Build.Title.Versions,
Feature.Build.Title.WhatsIncluded,包含哪些內容？
Feature.Call.Error.Description.Generic,
Feature.Captures.Action.Allow,允許
Feature.Captures.Action.AllowPhotoAccessAccepted,
Feature.Captures.Action.AllowPhotoAccessDeclined,
Feature.Captures.Action.CancelSelectAllCaptures,
Feature.Captures.Action.Create,
Feature.Captures.Action.DeleteCaptureWarningCancel,
Feature.Captures.Action.DeleteCaptureWarningConfirm,
Feature.Captures.Action.DontAllow,不允許
Feature.Captures.Action.NoThanks,不，謝了
Feature.Captures.Action.OpenInFiles,在檔案中開啟
Feature.Captures.Action.Save,
Feature.Captures.Action.SelectAllCaptures,全部選擇
Feature.Captures.Action.Share,
Feature.Captures.Action.ShareYourCapture,分享您的截圖
Feature.Captures.Action.ViewCapture,
Feature.Captures.Body.AllowAccessToCaptures,這項體驗想要檢視並使用你的截圖。
Feature.Captures.Body.SaveCapturesPrompt,您想儲存您的擷取內容嗎？
Feature.Captures.Body.ShareCapturePrompt,您願意分享您的截圖嗎？
Feature.Captures.Control.Off,
Feature.Captures.Control.On,
Feature.Captures.Control.StartRecordingVideo,
Feature.Captures.Control.StopRecordingVideo,停止錄影
Feature.Captures.Description.AllowPhotoAccessInfo,為了儲存您的擷取內容，Roblox 需要存取您裝置的相機膠卷。
Feature.Captures.Description.DiscoverPostWatch,在「美好時光」上探索、張貼並觀看精彩的 Roblox 遊戲遊玩。
Feature.Captures.Description.MomentProcessing,很快就能在「美好時光」中查看
Feature.Captures.Description.ShareCTA,與朋友分享您的截圖！
Feature.Captures.Label.CaptureCounts,{numberOfCaptures} 個截圖
Feature.Captures.Label.CaptureStorageTooltipLabel,Roblox 使用您的應用程式儲存空間來儲存截圖。您可以刪除截圖以釋放空間。
Feature.Captures.Label.DeleteCaptureInfo,這會永久刪除截圖。
Feature.Captures.Label.DeleteCaptureWarningOptOut,不要再顯示。
Feature.Captures.Label.DeleteCapturesWarning,這會永久刪除截圖
Feature.Captures.Label.EducationalText,擷取、檢視並分享您最愛的 Roblox 時刻。
Feature.Captures.Label.HotkeyEducationalText,擷取、檢視和分享您最喜歡的 Roblox 時刻。鍵盤快捷鍵：{keyOne} + {keyTwo}。
Feature.Captures.Label.MultipleCapturesSelected,已選取 {numberOfCaptures} 個截圖
Feature.Captures.Label.NothingHereYet,這裡沒有東西……目前還沒有。擷取您的第一張截圖，然後回去查看並與您的朋友分享。
Feature.Captures.Label.OneCapture,1 個截圖
Feature.Captures.Label.OneCaptureSelected,已選取 1 個截圖
Feature.Captures.Label.SelectCapture,選擇截圖
Feature.Captures.Label.VideoCaptureVoiceChatMutedTooltip,你無法聽到其他玩家的聲音，但他們仍然可以聽到你的聲音。錄製停止時，語音聊天將恢復。
Feature.Captures.Label.VideoEducationalText,按下「錄影」按鈕後，選單會關閉並開始錄下您的畫面。
Feature.Captures.Prompt.Subtitle.VoiceChatRecordingTrustedFriendsAgeGroup,已啟用與信任的聯絡對象，以及年齡相近的人員進行語音聊天和錄音的功能。他人可能會分享你的語音。
Feature.Captures.Title.AllowAccessToCaptures,要允許存取截圖嗎？
Feature.Captures.Title.AllowPhotoAccessInfo,允許存取相片
Feature.Captures.Title.CaptureScreenshotTooltip,擷取螢幕擷取畫面
Feature.Captures.Title.CaptureStorageTooltipTitle,截圖儲存空間
Feature.Captures.Title.CaptureVideoTooltip,擷取影片
Feature.Captures.Title.Captures,
Feature.Captures.Title.DeleteCaptureWarning,刪除截圖
Feature.Captures.Title.DeleteMultipleCapturesWarning,
Feature.Captures.Title.Gallery,圖庫
Feature.Captures.Title.SaveCapturesPrompt,分享截圖
Feature.Captures.Title.ShareCapturePrompt,
Feature.Captures.Title.VideoCTA,
Feature.Captures.Title.VideoCaptureInProgressTooltip,正在進行影片擷取
Feature.Captures.Title.VideoCaptureVoiceChatMutedTooltip,擷取期間語音聊天會靜音
Feature.Captures.Toast.CaptureSaved,已儲存截圖
Feature.Captures.Toast.CaptureSavedToDevice,儲存到裝置
Feature.Captures.Toast.CapturesEnabled,已啟用截圖功能
Feature.Captures.Toast.CreateMoment2,已儲存！將此內容變成「美好時光」。
Feature.Captures.Toast.MomentProcessing,我們正在處理你的「美好時光」
Feature.Captures.Toast.VideoCaptureFailed,無法儲存影片截圖。
Feature.Captures.Toast.VideoCaptureInitializationCapturingAlreadyError,
Feature.Captures.Toast.VideoCaptureInitializationNoDeviceSupportError,裝置不支援影片截圖
Feature.Captures.Toast.VideoCaptureInitializationNoSpaceOnDeviceError,裝置的儲存空間不足，無法擷取影片
Feature.Captures.Toast.VideoCaptureInitializationOtherError,啟動影片時發生錯誤
Feature.Captures.Toast.VideoCaptureOtherError,錄製影片時發生錯誤
Feature.Catalog.Action.Buy,
Feature.Catalog.Action.Cancel,
Feature.Catalog.Action.Checkout.GoToCustomize,前往「自訂」頁面
Feature.Catalog.Action.Checkout.ManageInCustomize,在「自訂」頁面中管理
Feature.Catalog.Action.Checkout.UnavailableItems,知道了
Feature.Catalog.Action.Checkout.Wear,穿戴
Feature.Catalog.Action.CheckoutPlural,檢視結帳項目（{count} 個）
Feature.Catalog.Action.CheckoutSingular,結帳購買 1 個道具
Feature.Catalog.Action.CloseDetails,關閉詳細資料
Feature.Catalog.Action.CopyLink,複製連結
Feature.Catalog.Action.Customize,
Feature.Catalog.Action.Delete,
Feature.Catalog.Action.DeleteAvatar,
Feature.Catalog.Action.DescribeAvatar,描述您的虛擬人偶（可略）
Feature.Catalog.Action.Favorite,設為最愛
Feature.Catalog.Action.Favorites.BrowseMarketplace,瀏覽市集
Feature.Catalog.Action.GoBack,
Feature.Catalog.Action.ItemOptions,道具選項
Feature.Catalog.Action.LoadMore,載入更多
Feature.Catalog.Action.Next,
Feature.Catalog.Action.OpenDetails,開啟詳細資料
Feature.Catalog.Action.Owned,已擁有 {count} 個
Feature.Catalog.Action.Post,
Feature.Catalog.Action.PreviewAndPost,
Feature.Catalog.Action.Remove,
Feature.Catalog.Action.RemoveFavorite,
Feature.Catalog.Action.Rent,租用
Feature.Catalog.Action.Replace,
Feature.Catalog.Action.Report,
Feature.Catalog.Action.Sell,販賣
Feature.Catalog.Action.ShareVia,分享方式……
Feature.Catalog.Action.Submit,
Feature.Catalog.Action.Try,試用
Feature.Catalog.Action.Upgrade,升級
Feature.Catalog.Action.ViewDetailsPage,檢視詳情頁面
Feature.Catalog.Action.ViewExperienceDetails,查看體驗詳情
Feature.Catalog.Action.ViewTerms,檢視條款
Feature.Catalog.ActionSeeAll,查看全部
Feature.Catalog.AvatarWidgetTitle,
Feature.Catalog.Checkout.Title.PurchasedFailedPlural,無法購買 {count} 件道具
Feature.Catalog.Checkout.WearAfterPurchase,
Feature.Catalog.Description.AttributionAlertBody,您將離開此區域並加入 {experienceName}.
Feature.Catalog.Feature.Catalog.Label.ClassicShirt,
Feature.Catalog.Feature.Catalog.Label.ClassicTShirt,
Feature.Catalog.Feature.Catalog.Label.TotalItems,合計：{itemCount} 個道具
Feature.Catalog.Feature.Catalog.Label.TotalItemsParenthesis,合計（{itemCount} 個物品）
Feature.Catalog.Header.Checkout,結帳
Feature.Catalog.Header.InvalidOutfit,無效的服裝
Feature.Catalog.Header.PostAvatar,
Feature.Catalog.Heading.AvailableItems,可上架道具
Feature.Catalog.Heading.BuyItem,
Feature.Catalog.Heading.FreeItemConfirmation,取得道具
Feature.Catalog.Heading.GoToExperience,加入體驗?
Feature.Catalog.Heading.HoldingPolicy,存放政策
Feature.Catalog.Heading.InExperienceOnly,在體驗中提供
Feature.Catalog.Heading.InsufficientFunds,
Feature.Catalog.Heading.ItemInfo,道具資訊
Feature.Catalog.Heading.ItemRemoved,道具已移除
Feature.Catalog.Heading.ItemsOnSale,上架道具
Feature.Catalog.Heading.NotForSale,
Feature.Catalog.Heading.Overview,
Feature.Catalog.Heading.PremiumOnly,僅限 Roblox Plus
Feature.Catalog.Heading.QuantityLimitReached,已達創作者上限
Feature.Catalog.Heading.QuickMenu,快速選單
Feature.Catalog.Heading.Resellers,轉賣者
Feature.Catalog.Heading.SellItem,販賣物品
Feature.Catalog.Heading.Sellers,賣家
Feature.Catalog.Heading.SetPrice,設定價格
Feature.Catalog.Heading.ShowBodyParts,顯示身體部位
Feature.Catalog.Heading.ShowHeadType,顯示頭部類型
Feature.Catalog.Heading.ShowShoes,顯示鞋子
Feature.Catalog.Heading.TakeOffSale,
Feature.Catalog.HeroWidget.BundleTitle,Korblox Pactbreaker 登場
Feature.Catalog.HeroWidget.CapsuleDescription,
Feature.Catalog.HeroWidget.CapsulePoolDescription,
Feature.Catalog.HeroWidget.CapsulePoolTitle,
Feature.Catalog.HeroWidget.CapsuleTitle,
Feature.Catalog.Label.Adjustable,可調整
Feature.Catalog.Label.AdvancedMaterials,進階材質
Feature.Catalog.Label.AllItems,所有項目
Feature.Catalog.Label.AlreadyOwned,已擁有此道具
Feature.Catalog.Label.Animation,
Feature.Catalog.Label.Attributes,屬性
Feature.Catalog.Label.Attribution,生產於
Feature.Catalog.Label.AvailableForSale,販賣中
Feature.Catalog.Label.AvailableToPremiumMembers,您是 Premium 會員，可以購買
Feature.Catalog.Label.Avatar,
Feature.Catalog.Label.AvatarEmoteSelection,選擇動作，為虛擬人偶擺個姿勢！
Feature.Catalog.Label.AvatarTitle,虛擬人偶名稱
Feature.Catalog.Label.Avatars,
Feature.Catalog.Label.AveragePrice,平均價格
Feature.Catalog.Label.AveragePriceColon,平均價格：
Feature.Catalog.Label.BackAccessories,背面飾品
Feature.Catalog.Label.Backgrounds,
Feature.Catalog.Label.Bestselling,暢銷
Feature.Catalog.Label.Body,身體
Feature.Catalog.Label.Bundle,
Feature.Catalog.Label.Bundles,
Feature.Catalog.Label.BuyConfirmation,您要向 {creatorName} 購買 {itemName} 嗎？
Feature.Catalog.Label.BuyConfirmationIncludingWarning,娛樂適當就好，注意消費金額。購買 {creatorName} 的 {itemName}？
Feature.Catalog.Label.BuyItems,
Feature.Catalog.Label.BuyPrice,購買價格：
Feature.Catalog.Label.BuyRobux,
Feature.Catalog.Label.Category,類別
Feature.Catalog.Label.CategoryType,類型
Feature.Catalog.Label.Characters,角色
Feature.Catalog.Label.Checkout.CheckoutButtonFtuxTooltip,在此查看並移除正在嘗試的物品
Feature.Catalog.Label.Checkout.ClearAllItemsOnAvatarBody,這會移除你在虛擬人偶上穿戴的所有不屬於你的道具。
Feature.Catalog.Label.Checkout.DontWarnAgainText,不要再提醒我
Feature.Catalog.Label.Checkout.GoToCustomizeBody,你只能在「自訂」檢視中穿戴或移除擁有的道具。
Feature.Catalog.Label.Checkout.InExperienceOnly,僅限體驗
Feature.Catalog.Label.Checkout.ItemReplacedOnAvatarBody,每個類別只能穿戴一件道具。新道具將一律取代你目前穿戴的道具。
Feature.Catalog.Label.Checkout.LimitReached,
Feature.Catalog.Label.Checkout.OffSale,
Feature.Catalog.Label.Checkout.OutOfStock,已售罄
Feature.Catalog.Label.Checkout.PriceChanged,價格已變更
Feature.Catalog.Label.Checkout.SoldOut,
Feature.Catalog.Label.Checkout.Unavailable,無法取得
Feature.Catalog.Label.Checkout.WearAvatarReplaceAllItemsBody,穿戴此虛擬人偶將取代你目前穿戴的所有道具。
Feature.Catalog.Label.ClassicShirt,
Feature.Catalog.Label.ClassicTShirt,
Feature.Catalog.Label.Clothing,
Feature.Catalog.Label.CreatorName,創作者名稱
Feature.Catalog.Label.CurrentBalance,目前餘額：
Feature.Catalog.Label.CustomizeAvatar,自訂虛擬人偶
Feature.Catalog.Label.DeleteAvatarConfirmationPromptMessage,若您刪除，您無法復原此動作。
Feature.Catalog.Label.Details,
Feature.Catalog.Label.DynamicHeads,
Feature.Catalog.Label.Emissive,發光效果
Feature.Catalog.Label.EmissiveInfo,發光道具會發光並散發自己的光芒，因此即使在黑暗環境中也能保持明亮且可見。
Feature.Catalog.Label.Emotes,
Feature.Catalog.Label.EyeMakeup,
Feature.Catalog.Label.Eyebrow,
Feature.Catalog.Label.EyebrowMakeup,
Feature.Catalog.Label.Eyebrows,
Feature.Catalog.Label.Eyelash,
Feature.Catalog.Label.EyelashMakeup,
Feature.Catalog.Label.Eyelashes,
Feature.Catalog.Label.FaceAccessories,臉部飾品
Feature.Catalog.Label.FaceMakeup,
Feature.Catalog.Label.Favorites,
Feature.Catalog.Label.Fee,{feePercentage}% 費用：
Feature.Catalog.Label.Filter.Creator,創作者
Feature.Catalog.Label.Filter.Curator,策劃者
Feature.Catalog.Label.Filter.Filters,篩選條件
Feature.Catalog.Label.Filter.Hide,
Feature.Catalog.Label.Filter.PriceMax,最高
Feature.Catalog.Label.Filter.PriceMin,最低
Feature.Catalog.Label.Filter.SalesType,買賣類型
Feature.Catalog.Label.Filter.Show,顯示
Feature.Catalog.Label.Filter.Sorts,排序
Feature.Catalog.Label.Filter.TotalValue,總價值
Feature.Catalog.Label.Filter.UnavailableItems,不開放的道具
Feature.Catalog.Label.FreeItemConfirmation,確定向 {creatorName} 免費取得 {itemName} 嗎？
Feature.Catalog.Label.FreeUpperCase,
Feature.Catalog.Label.FromPrice,自 {itemPrice}
Feature.Catalog.Label.FrontAccessories,正面飾品
Feature.Catalog.Label.FullBodies,
Feature.Catalog.Label.FullBody,
Feature.Catalog.Label.Gear,
Feature.Catalog.Label.Get,領取
Feature.Catalog.Label.GetPremiumAndPrice,訂閱 Premium 後，價格將為 
Feature.Catalog.Label.HD,HD
Feature.Catalog.Label.Hair,
Feature.Catalog.Label.HeadShape,
Feature.Catalog.Label.HighDefinitionInfo,HD 道具在細節、材質和配置方面都經過精心打造，展現出卓越工藝。
Feature.Catalog.Label.Holding,存放中
Feature.Catalog.Label.InExperienceOnly,此物品的原始銷售僅在體驗中提供。
Feature.Catalog.Label.InMultipleExperiences,在 {NUM_EXPERIENCES} 體驗
Feature.Catalog.Label.InSingleExperience,
Feature.Catalog.Label.InSpecificExperience,於 {EXPERIENCE_NAME}
Feature.Catalog.Label.IncludedParts,內含零件
Feature.Catalog.Label.InsufficientFunds,
Feature.Catalog.Label.ItemCount,
Feature.Catalog.Label.ItemExperienceLimitReached,您已達到創作者為此道具設定的購買限額，無法取得更多。您仍想進入 {EXPERIENCE_NAME} 嗎？
Feature.Catalog.Label.ItemExperienceLimitReachedTitle,已達購買上限
Feature.Catalog.Label.ItemExperienceSoldOut,體驗中的原版道具已售完，您仍想進入 {EXPERIENCE_NAME} 嗎？
Feature.Catalog.Label.ItemExperienceSoldOutTitle,道具售完
Feature.Catalog.Label.ItemInAHold,道具存放中？
Feature.Catalog.Label.ItemOwnedCount,已擁有道具（{itemCount}）
Feature.Catalog.Label.ItemsCount,
Feature.Catalog.Label.LeftArm,
Feature.Catalog.Label.Limited,限量
Feature.Catalog.Label.LimitedU,限定 U
Feature.Catalog.Label.LipMakeup,
Feature.Catalog.Label.Makeup,
Feature.Catalog.Label.Makeup.MakeupMax6LayersPromptBody,新的妝容圖層一律會顯示在最上層，並在你騰出空位前持續取代最底層。
Feature.Catalog.Label.MakeupCartDescriptionText,最多可加入 6 個眼部、唇部或臉部妝容，另可加入 1 款睫毛與 1 款眉毛
Feature.Catalog.Label.MakeupLooks,
Feature.Catalog.Label.MarketplaceToAvatarPage,您會離開市集並前往自訂虛擬人偶。
Feature.Catalog.Label.MaxPerUser,每個用戶的最大值
Feature.Catalog.Label.MinimumAmount,最低數量須大於 0。
Feature.Catalog.Label.MinimumAmountCustom,最低金額必須超過 {minimumAmount}。
Feature.Catalog.Label.MostFavorited,最受喜愛
Feature.Catalog.Label.MostPopular,最熱門
Feature.Catalog.Label.NA,
Feature.Catalog.Label.NeckAccessories,頸部飾品
Feature.Catalog.Label.New,
Feature.Catalog.Label.NewCollectibles,新收藏品！
Feature.Catalog.Label.No,無
Feature.Catalog.Label.NoLongerAvailable,此道具已停止販賣。
Feature.Catalog.Label.NoSellersWarning,對不起，沒有人在販賣此道具
Feature.Catalog.Label.None,
Feature.Catalog.Label.NotAvailable,此道具目前無法兌換
Feature.Catalog.Label.OfferApplied,已套用優惠
Feature.Catalog.Label.OnSale,
Feature.Catalog.Label.OriginalPrice,原始價格
Feature.Catalog.Label.OutOfStock,
Feature.Catalog.Label.Owned,
Feature.Catalog.Label.PBR,材質
Feature.Catalog.Label.PBR.false,基本
Feature.Catalog.Label.PBR.true,
Feature.Catalog.Label.PBRInfo,具有進階材質的虛擬人偶物品使用基於物理表現的成像 (PBR)，看起來更自然，不時變化閃耀的光影，彷彿真實存在於現實生活中一般。
Feature.Catalog.Label.PBRInfoTitle,基於物理表現的成像 (PBR)
Feature.Catalog.Label.ParticleEffects,粒子效果
Feature.Catalog.Label.ParticleEffectsInfo,具有粒子效果的道具會產生動態視覺效果，讓人感覺充滿活力和生氣。
Feature.Catalog.Label.Placement,位置
Feature.Catalog.Label.PrePremiumPrice,(道具價格：
Feature.Catalog.Label.Premium,
Feature.Catalog.Label.PremiumDiscount,您是 Premium 會員，已省 {percent}%
Feature.Catalog.Label.PremiumOnly,Premium 使用者限定
Feature.Catalog.Label.Price,
Feature.Catalog.Label.PriceColon,價格：
Feature.Catalog.Label.PriceFromResale,以{itemPrice}轉售
Feature.Catalog.Label.PriceHighToLow,價格由高到低
Feature.Catalog.Label.PriceLowToHigh,價格由低到高
Feature.Catalog.Label.PriceRange,價格範圍
Feature.Catalog.Label.PriceUnavailable,
Feature.Catalog.Label.PurchaseConfirmation,您要以 {itemPrice} 向 {creatorName} 購買 {itemName} 嗎？
Feature.Catalog.Label.Purchased,已購買！
Feature.Catalog.Label.QuantityLimitReached,創作者已對單一使用者能購買的份數設限。
Feature.Catalog.Label.QuantitySold,出售數量
Feature.Catalog.Label.QuickMenuMarketplaceTitle,市集選項
Feature.Catalog.Label.RecentlyCreated,最近創作
Feature.Catalog.Label.RecentlyPublished,最近發布
Feature.Catalog.Label.Recommendations,您可能也喜歡
Feature.Catalog.Label.Redeemed,兌換成功！
Feature.Catalog.Label.Relevance,關聯性
Feature.Catalog.Label.RentOption,租用選項
Feature.Catalog.Label.RentOptionInfo,以較低價格試用此物品 3 天。將在購買後開始計時。
Feature.Catalog.Label.ReportItem,檢舉道具
Feature.Catalog.Label.ResaleFeePolicy,轉賣費政策
Feature.Catalog.Label.Resellable,可轉售
Feature.Catalog.Label.RobuxFee,扣除 {feePercentage}% 費用後：
Feature.Catalog.Label.Sale,促銷
Feature.Catalog.Label.SalePrice,售價：
Feature.Catalog.Label.SaveAsCharacter,另存為角色
Feature.Catalog.Label.SaveOptions,儲存選項
Feature.Catalog.Label.Search,
Feature.Catalog.Label.SearchSuggestions,你可能正在尋找
Feature.Catalog.Label.SellCut,您會賺取：
Feature.Catalog.Label.SellPageUpsell,只有具備 Roblox Plus 會員資格的使用者可使用販賣功能。
Feature.Catalog.Label.SellSuccess,道具販賣中
Feature.Catalog.Label.SerialNumberColon,序列號:
Feature.Catalog.Label.ShoulderAccessories,肩膀飾品
Feature.Catalog.Label.SoldOut,
Feature.Catalog.Label.SupportsHeadShapes,支援頭部形狀
Feature.Catalog.Label.TakeOffResaleConfirmation,確定停止轉賣此道具？
Feature.Catalog.Label.TimedOptions,計時選項
Feature.Catalog.Label.Timer.Day.Plural,剩下 {number} 天
Feature.Catalog.Label.Timer.Day.Singular,剩下 1 天
Feature.Catalog.Label.Timer.Hour.Plural,剩下 {number} 小時
Feature.Catalog.Label.Timer.Hour.Singular,剩下 1 小時
Feature.Catalog.Label.Timer.Minute.Plural,剩下 {number} 分鐘
Feature.Catalog.Label.Timer.Minute.Singular,剩下 1 分鐘
Feature.Catalog.Label.Timer.Second.Plural,剩下 {number} 秒
Feature.Catalog.Label.Timer.Second.Singular,剩下 1 秒
Feature.Catalog.Label.Tops,上衣
Feature.Catalog.Label.Torso,
Feature.Catalog.Label.TotalItemsParenthesis,
Feature.Catalog.Label.TotalUnformatted,合計
Feature.Catalog.Label.Tradable,可交易
Feature.Catalog.Label.Trending,熱門
Feature.Catalog.Label.TryOns,
Feature.Catalog.Label.TryOnsMultiple,試穿（{numItems}）
Feature.Catalog.Label.Unlimited,無限
Feature.Catalog.Label.Username,使用者名稱
Feature.Catalog.Label.UsingBundleParts,使用 {count} 個組合包道具
Feature.Catalog.Label.WaistAccessories,腰部飾品
Feature.Catalog.Label.WearAfterPurchase,
Feature.Catalog.Label.WearAvatarAfterPurchase,購買虛擬人偶後直接使用
Feature.Catalog.Label.WearOutfitAfterPurchase,
Feature.Catalog.Label.Yes,
Feature.Catalog.LabelAccessories,
Feature.Catalog.LabelAccessoryHats,
Feature.Catalog.LabelAllCreators,所有創作者
Feature.Catalog.LabelAllHeads,
Feature.Catalog.LabelAllTime,歷來
Feature.Catalog.LabelAnyPrice,任何價格
Feature.Catalog.LabelClassicHeads,
Feature.Catalog.LabelCollectibles,收藏品
Feature.Catalog.LabelContentDeleted,內容已刪除
Feature.Catalog.LabelFree,
Feature.Catalog.LabelNoResellers,沒有人轉賣
Feature.Catalog.LabelOffSale,
Feature.Catalog.LabelPants,
Feature.Catalog.LabelPastDay,前一日
Feature.Catalog.LabelPastWeek,前一週
Feature.Catalog.LabelShirts,
Feature.Catalog.LabelTShirts,
Feature.Catalog.Message.AvatarModerated,此虛擬人偶未符合我們的社群準則。請嘗試張貼其他虛擬人偶。
Feature.Catalog.Message.AvatarModerationModerated,未遵守社群準則
Feature.Catalog.Message.AvatarModerationPending,正在審核
Feature.Catalog.Message.AvatarNotAvailable,此虛擬人偶已無法使用
Feature.Catalog.Message.AvatarSharePanel,
Feature.Catalog.Message.AvatarUnderReview,虛擬人偶正在審核中。通過審核後，您便可以分享您的虛擬人偶
Feature.Catalog.Message.BodyCategoryTooltip,在此處尋找頭部和髮型
Feature.Catalog.Message.CannotBeResold,此物品無法轉售
Feature.Catalog.Message.CaptionLimit,
Feature.Catalog.Message.Checkout.PurchaseFailed,若要繼續，請審核或移除道具
Feature.Catalog.Message.Checkout.UnavailableItems,無法購買一個以上的道具。繼續前請先移除這些道具。
Feature.Catalog.Message.CollectiblesInfo,收藏道具可在過渡期後轉售給其他使用者，即使道具還有庫存也一樣。Roblox Plus 訂閱者可以轉售收藏道具。
Feature.Catalog.Message.FTUXFavoritePillTooltip,將此新增至「我的最愛」
Feature.Catalog.Message.Favorites.CategoryEmpty,尚未在此類別中儲存任何內容。
Feature.Catalog.Message.Favorites.Empty,尚未儲存任何內容。
Feature.Catalog.Message.HighDefinitionCategoryTooltip,探索 Roblox 上精心打造的優質道具
Feature.Catalog.Message.HoldingPolicyL1,從轉售中購買將被扣留最多 {days} 天。物品只能在此持有期間結束後轉售。只有 Plus 使用者可以轉售物品。
Feature.Catalog.Message.HoldingPolicyL2,"購買後,原始銷售進入保留最多 {purchaseDays} 天。物品只能在這個持有期結束後轉售,轉售將被保留最多 {resaleDays} 天。只有高級用戶可以轉售物品。"
Feature.Catalog.Message.MustWearClothing,
Feature.Catalog.Message.ParticleEffectsWarning,
Feature.Catalog.Message.PriceCouldBeDifferent,物品的定價規則取決於物品類型
Feature.Catalog.Message.ReportCatalogItemPhrase,您可以向管理員團隊送出檢舉報告，我們將會審核該道具並採取進一步行動。
Feature.Catalog.Message.ResaleFeePolicy,所有市集交易的收入（包括轉賣收入）將會由 Roblox 和與交易相關的使用者共享。以轉賣為例，使用者接受您的價格時，您（轉賣者）將會獲得他付的 Robux 金額的 {yourSharePercent}%。Roblox 和其他使用者（包括道具創作者）將會獲得剩下的 {robloxFeePercent}%。
Feature.Catalog.Message.SuccessfullyPosted,
Feature.Catalog.Message.TitleLimit,
Feature.Catalog.RFYFeedTitle,繼續瀏覽
Feature.Catalog.RFYWidgetTitle,推薦給您
Feature.Catalog.Response.GenericError,
Feature.Catalog.Response.NoItemsFound,找不到道具。
Feature.Catalog.Response.PlacedOnSaleSuccess,成功上架
Feature.Catalog.Response.ReportSubmitted,已提交檢舉，我們的團隊很快就會審查。
Feature.Catalog.Response.TakenOffSaleSuccess,成功下架
Feature.Catalog.Search.LandingPage.Empty,按顏色、類型、主題等搜尋
Feature.Catalog.Search.Placeholder,搜尋道具、服裝
Feature.Catalog.Text.OfferAppliedToHighestItem,優惠已套用至最高價的物品
Feature.Catalog.Title.AvatarSharePanel,您的虛擬人偶已可供分享
Feature.Catalog.Title.Checkout,
Feature.Catalog.Title.Checkout.ClearAllItemsOnAvatarTitle,要清除所有道具嗎？
Feature.Catalog.Title.Checkout.GoToCustomizeTitle,前往「自訂」頁面進行編輯
Feature.Catalog.Title.Checkout.ItemRemovedSingular,已移除物品
Feature.Catalog.Title.Checkout.ItemReplacedOnAvatarTitle,已取代道具
Feature.Catalog.Title.Checkout.ItemsPurchased,已購買 {count} 個物品
Feature.Catalog.Title.Checkout.OfferFailedToFetch,無法擷取可用優惠，請稍後再試。
Feature.Catalog.Title.Checkout.OfferFailedToUpdate,無法切換優惠，請稍後再試。
Feature.Catalog.Title.Checkout.PurchaseFailedPlural,
Feature.Catalog.Title.Checkout.PurchaseFailedSingular,無法購買 1 件道具
Feature.Catalog.Title.Checkout.TryOnMultipleItemsFtuxBody,輕觸後，道具將堆疊在虛擬人偶上，以便你打造完整造型。每個類別只能穿戴一件。
Feature.Catalog.Title.Checkout.TryOnMultipleItemsFtuxTitle,一次試穿多件道具
Feature.Catalog.Title.Checkout.UnavailableItems,無法取得的道具
Feature.Catalog.Title.Checkout.WearAvatarReplaceAllItemsTitle,要穿戴虛擬人偶嗎？
Feature.Catalog.Title.CheckoutPlural,結帳購買 {count} 個道具
Feature.Catalog.Title.CheckoutSingular,
Feature.Catalog.Title.Makeup.MakeupMax6LayersPromptTitle,要取代底層嗎？
Feature.Catalog.Title.RentalFtuxText,租借以試用物品 3 天
Feature.Catalog.Toast.AddedToFavorites,已新增至我的最愛
Feature.Catalog.Toast.AvatarPriceChangedBecauseOfOwned,因為您擁有 {number} 個道具，價格已變更
Feature.Catalog.Toast.AvatarUnderReview,"虛擬人偶正在審核中
通過審核後，您便可以分享您的虛擬人偶"
Feature.Catalog.Toast.FavoritedLook,已將虛擬人偶設為最愛！
Feature.Catalog.Toast.LinkCopied,連結已複製到剪貼簿
Feature.Catalog.Toast.RemovedFromFavorites,已從我的最愛中移除
Feature.Catalog.Toast.UnfavoritedLook,已將虛擬人偶從最愛項目中移除
Feature.Catalog.TrustedConnection.Label.Trusted,信任
Feature.Chat.Action.Add,
Feature.Chat.Action.Cancel,
Feature.Chat.Action.Confirm,好
Feature.Chat.Action.Continue,
Feature.Chat.Action.Copy,複製
Feature.Chat.Action.Create,
Feature.Chat.Action.Delete,
Feature.Chat.Action.Edit,
Feature.Chat.Action.GroupOSADoNotJoin,不要加入
Feature.Chat.Action.GroupOSAJoin,
Feature.Chat.Action.LearnMore,
Feature.Chat.Action.Leave,
Feature.Chat.Action.MuteVoice,將語音靜音
Feature.Chat.Action.Remove,
Feature.Chat.Action.RemoveFromGroup,從群組移除
Feature.Chat.Action.RemoveUser,移除使用者
Feature.Chat.Action.Reply,回覆
Feature.Chat.Action.Report,
Feature.Chat.Action.ReportUser,
Feature.Chat.Action.Save,
Feature.Chat.Action.StartChatWithFriends,
Feature.Chat.Action.Stay,
Feature.Chat.Action.Translate,翻譯
Feature.Chat.Action.UnmuteVoice,將語音解除靜音
Feature.Chat.Action.ViewAssetDetails,檢視詳細資料
Feature.Chat.Description.ConversationInviteGroupCreatedOn,群組建立於 {creation_date}
Feature.Chat.Description.CreateUnfilteredChatCell,此群組的所有成員都會收到邀請，但部分成員將不具參加資格。
Feature.Chat.Description.CreateUnfilteredChatDialog,"透過擴充聊天功能，即可在無過濾的情況下聊天。

此群組的所有成員都會收到邀請，但部分成員不具參加資格。"
Feature.Chat.Description.CreateUnfilteredChatWithVoice,"透過擴充聊天功能，你可以在無過濾的情況下聊天，也可以使用語音聊天。

此群組的所有成員都會收到邀請，但部分成員不具參加資格。"
Feature.Chat.Description.ExpressiveChatLearnMore,"暢談功能包含無過濾聊天和 Party 語音。

在所有成員皆符合使用資格且聊天功能升級之前，暢談功能的使用將受到限制。"
Feature.Chat.Description.InlineContextCardDescription,與陌生人聊天時請小心。請勿分享個人資訊或移至其他聊天 App。你可以透過對方的個人檔案，封鎖或檢舉對方。
Feature.Chat.Description.NameGroup,命名群組
Feature.Chat.Description.NameGroupChat,
Feature.Chat.Description.OSAContextCardDescription,你的安全至關重要。感到不舒服嗎？你可以隨時透過對方的個人檔案封鎖或檢舉此人。
Feature.Chat.Description.OSAGroupDescriptionWithLinker,你的安全至關重要。你可以隨時透過對方的個人檔案，封鎖或檢舉此人。<a href='{osaViewDetailsUrl}'>檢視詳細資訊。</a>
Feature.Chat.Description.SnoozeDescription,您可以在體驗選單中關閉擱置功能
Feature.Chat.Drawer.Join,
Feature.Chat.Heading.ChatWithConnections,與聯繫對象聊天
Feature.Chat.Heading.ChatWithFriends,與好友聊天
Feature.Chat.Heading.CreateUnfilteredChatDialog,使用擴充的聊天功能建立新群組？
Feature.Chat.Heading.ExpressiveChat,暢談
Feature.Chat.Heading.FailedToLeaveGroup,無法離開群組
Feature.Chat.Heading.FailedToRemoveUser,無法移除使用者
Feature.Chat.Heading.FirstConversationWith,與 {displayName} 的第一次對話
Feature.Chat.Heading.FirstConversationWithThisUser,與此使用者的第一次對話
Feature.Chat.Heading.FirstInteractionWith,與「{displayName}」的第一次互動
Feature.Chat.Heading.FirstInteractionWithThisPerson,與此使用者的第一次互動
Feature.Chat.Heading.LeaveGroup,離開群組
Feature.Chat.Heading.PartyWithConnections,與聯繫對象組隊同樂
Feature.Chat.Heading.PartyWithFriends,與好友利用 Party 同樂
Feature.Chat.Heading.SafeChattingWithThisUser,與此使用者聊天時請注意安全
Feature.Chat.Heading.SafeChattingWithUsername,與 {displayName} 聊天時請注意安全
Feature.Chat.Heading.UserInvitedYouToJoin,{combinedName} 邀請你加入
Feature.Chat.Heading.UserInvitedYouToJoinAGroup,{combinedName} 邀請你加入群組
Feature.Chat.Heading.YouWereInvitedToGroup,你已受邀加入群組
Feature.Chat.Label.AddConnections,
Feature.Chat.Label.AddFriends,
Feature.Chat.Label.Available,
Feature.Chat.Label.Blocked,
Feature.Chat.Label.ChatDetails,聊天室資料
Feature.Chat.Label.ChatDisabled,
Feature.Chat.Label.ChatGroupName,群組名稱
Feature.Chat.Label.ChatInputPlaceholder,輸入訊息
Feature.Chat.Label.ContentLoadingFailed,無法載入此內容
Feature.Chat.Label.CreateUnfilteredChat,使用擴充的聊天功能建立新群組
Feature.Chat.Label.Details,詳情
Feature.Chat.Label.ExpandedChatFeatures,暢談功能
Feature.Chat.Label.General,一般
Feature.Chat.Label.Group.ThemRepliedToOther,{DISPLAY_NAME_1} 已回覆 {DISPLAY_NAME_2}
Feature.Chat.Label.Group.ThemRepliedToThem,{DISPLAY_NAME} 已回覆給自己
Feature.Chat.Label.Group.ThemRepliedToYou,{DISPLAY_NAME} 已回覆您
Feature.Chat.Label.Group.YouRepliedToThem,您已回覆 {DISPLAY_NAME}
Feature.Chat.Label.GroupName,
Feature.Chat.Label.HoverToReplyTooltip,懸停以回覆
Feature.Chat.Label.InGameFriendsChatNotifications,遊戲內好友聊天通知
Feature.Chat.Label.Loading,
Feature.Chat.Label.LongPressToReplyTooltip,長按以回覆
Feature.Chat.Label.Members,成員
Feature.Chat.Label.MessageNotAvailable,無法存取此訊息
Feature.Chat.Label.MuteInGameChatToastNotifications,將遊戲中的聊天通知靜音
Feature.Chat.Label.MuteInGamePartyToastNotifications,將遊戲中的 Party 通知靜音
Feature.Chat.Label.New,新功能
Feature.Chat.Label.NoChatFound,找不到聊天
Feature.Chat.Label.NoDescriptionYet,尚無說明。
Feature.Chat.Label.NotImplementedMessageType,無法顯示此訊息。
Feature.Chat.Label.NotSet,未設定
Feature.Chat.Label.OneToOne.ThemRepliedToThem,回覆他們自己
Feature.Chat.Label.OneToOne.ThemRepliedToYou,回覆您
Feature.Chat.Label.OneToOne.YouRepliedToThem,您已回覆
Feature.Chat.Label.Pending,資格未定
Feature.Chat.Label.PrivacySettings,隱私設定
Feature.Chat.Label.ReplyChatInputPlaceholder,回覆 {DISPLAY_NAME}
Feature.Chat.Label.ReplyToYourselfChatInputPlaceholder,回覆給自己
Feature.Chat.Label.ReplyingToOthers,{DISPLAY_NAME} 說...
Feature.Chat.Label.ReplyingToYourself,你說…
Feature.Chat.Label.SearchConnections,搜尋聯繫對象
Feature.Chat.Label.SearchFriends,搜尋好友
Feature.Chat.Label.SearchWord,
Feature.Chat.Label.SnoozeChatNotifications,將體驗中的聊天通知靜音：
Feature.Chat.Label.SnoozePartyNotifications,將體驗內的隊伍通知靜音：
Feature.Chat.Label.SwipeToReplyTooltip,滑動以回覆
Feature.Chat.Label.TimestampDaysAbbreviatedPlural,{num_days} 天
Feature.Chat.Label.TimestampHoursAbbreviatedPlural,{num_hours} 小時
Feature.Chat.Label.TimestampMinutesAbbreviatedPlural,{num_minutes} 分
Feature.Chat.Label.TimestampNow,現在
Feature.Chat.Label.TimestampOneDayAbbreviated,1 天
Feature.Chat.Label.TimestampOneHourAbbreviated,1 小時
Feature.Chat.Label.TimestampOneMinuteAbbreviated,1 個月
Feature.Chat.Label.TimestampOneWeekAbbreviated,1 週
Feature.Chat.Label.TimestampWeeksAbbreviatedPlural,{num_weeks} 週
Feature.Chat.Label.Unavailable,
Feature.Chat.Label.UnfilteredChat,無過濾聊天
Feature.Chat.Label.UnknownUser,未知使用者
Feature.Chat.Label.User,使用者
Feature.Chat.Label.ViewProfile,檢視個人檔案
Feature.Chat.Label.YouRepliedToYou,您已回覆給自己
Feature.Chat.Message.AddConnectionsLimit,聊天群組最多可以有 {connectionsNum} 位聯繫對象。
Feature.Chat.Message.AddConnectionsPartyLimit,隊伍中最多可以有 {connectionsNum} 位聯繫對象。
Feature.Chat.Message.AddConnectionsPartyLimitSingular,由於您的隱私設定，您只能與 1 位聯繫對象組成隊伍。
Feature.Chat.Message.AddFriendsLimit,你的聊天群組最多可以有 {connectionsNum} 位好友。
Feature.Chat.Message.AddFriendsPartyLimit,你的 Party 最多可以有 {connectionsNum} 位好友。
Feature.Chat.Message.AddFriendsPartyLimitSingular,由於你的隱私設定，你只能與 1 位好友組成 Party。
Feature.Chat.Message.CannotBeDisplayedThirdPerson,{displayName} 傳送了一則無法顯示的訊息
Feature.Chat.Message.ChatIsDisabledByPrivacySetting,聊天功能已停用。此功能可在隱私設定中啟用。
Feature.Chat.Message.ChatUnavailableRegion,所在地區目前無法使用聊天功能。
Feature.Chat.Message.ChatUnavailableWithUser,此使用者目前無法使用聊天功能。
Feature.Chat.Message.Default,某些在此聊天室的使用者將看不到您的訊息。
Feature.Chat.Message.EnableChat,若要與聯繫對象聊天，請在隱私設定中開啟聊天功能。
Feature.Chat.Message.EnableChat.FriendsRename,若要與好友聊天，請在隱私設定中開啟聊天功能。
Feature.Chat.Message.EnableParty,若要與聯繫對象組成隊伍，請在「隱私設定」中開啟「隊伍」功能。
Feature.Chat.Message.EnableParty.FriendsRename,若要與好友一起使用 Party，請在隱私設定中開啟 Party 功能。
Feature.Chat.Message.FailedToLeaveGroup,無法將您從對話 {CONVERSATION_TITLE} 移除。
Feature.Chat.Message.FailedToLeaveGroup.V2,無法將您從群組 {CONVERSATION_TITLE} 中移除。
Feature.Chat.Message.FailedToRemoveUser,無法將使用者 {USERNAME} 從對話 {CONVERSATION_TITLE} 移除。
Feature.Chat.Message.FailedToRemoveUser.V2,無法將使用者 {USERNAME} 從群組 {CONVERSATION_TITLE} 中移除。
Feature.Chat.Message.FailedToRenameConversation,對話 {EXISTING_NAME} 無法更名為 {NEW_NAME}。
Feature.Chat.Message.FailedToRenameConversation.V2,群組 {EXISTING_NAME} 無法更名為 {NEW_NAME}。
Feature.Chat.Message.GroupConnectionLimitSingular,只能新增 1 位聯繫對象來聊天。
Feature.Chat.Message.GroupFriendLimitSingular,你只能新增 1 位好友進行聊天。
Feature.Chat.Message.LeaveGroup,您將無法在此群組聊天。
Feature.Chat.Message.LeaveGroup.V2,確定要離開群組嗎？
Feature.Chat.Message.MakeConnectionsToChat,在 Roblox 上建立聯繫對象，即可開始一起聊天
Feature.Chat.Message.MakeConnectionsToParty,在 Roblox 上建立聯繫對象，一起組隊遊玩
Feature.Chat.Message.MakeFriendsToChat,在 Roblox 結交好友即可一起聊天
Feature.Chat.Message.MakeFriendsToParty,在 Roblox 上結交朋友來進行隊伍遊玩
Feature.Chat.Message.MessageContentModerated,訊息遭到過濾，無法傳送。
Feature.Chat.Message.MessageUnavailable,無法查看訊息
Feature.Chat.Message.OneUserTyping,{DISPLAY_NAME} 正在輸入訊息……
Feature.Chat.Message.PartyUnavailableRegion,您的地區目前無法使用「隊伍」功能。
Feature.Chat.Message.PartyUnavailableWithUser,此使用者目前無法使用「隊伍」功能。
Feature.Chat.Message.RemoveUser,確定從此群組移除 {USERNAME}？
Feature.Chat.Message.RemoveUser.V2,確定要從此群組中移除 {USERNAME} 嗎？
Feature.Chat.Message.RemovedFromConversation,您已被移出群組。
Feature.Chat.Message.SeveralUsersTyping,多位使用者正在輸入訊息……
Feature.Chat.Message.TurnOnChat,若要與好友聊天，請先在您的隱私設定中開啟聊天功能。
Feature.Chat.Message.TurnOnParty,若要與好友組成隊伍，請在「隱私設定」中開啟「隊伍」功能。
Feature.Chat.Message.TwoUsersTyping,{DISPLAY_NAME_1} 與 {DISPLAY_NAME_2} 正在輸入訊息……
Feature.Chat.PresetChat.Disclaimer,簡短文字讓所有年齡層的玩家都能在遊戲遊玩中合作。
Feature.Chat.Response.ChatNameFullyModerated,群組名稱遭到過濾。
Feature.Chat.Response.ChatNameFullyModerated.V2,群組名稱已審核。
Feature.Chat.Response.NetworkError,網路錯誤
Feature.Chat.RobloxConnectUnavailableWithUser,此使用者目前無法使用 Roblox Connect。
Feature.Chat.ShareGameToChat.Favorites,
Feature.Chat.ShareGameToChat.FriendActivity,好友動態
Feature.Chat.ShareGameToChat.NoFavoriteGames,沒有最愛遊戲
Feature.Chat.ShareGameToChat.NoFriendActivity,暫時沒有好友動態
Feature.Chat.ShareGameToChat.NoPopularGames,無熱門體驗
Feature.Chat.ShareGameToChat.NoRecentGames,沒有近期紀錄
Feature.Chat.ShareGameToChat.Popular,
Feature.Chat.ShareGameToChat.Recent,最近玩過
Feature.Chat.Text.NoConnections,尚未新增任何聯繫對象。若要開始，請尋找並在 Roblox 上新增聯繫對象。
Feature.Chat.Text.NoFriends,你尚未新增任何好友。若要開始，請在 Roblox 上尋找並新增好友。
Feature.Chat.Title.FriendsChat,好友聊天
Feature.Chat.Title.MuteChatNotifications,在遊戲遊玩期間將好友的聊天通知靜音
Feature.Chat.Title.NewChat,新聊天
Feature.Chat.Toast.Error.InvalidUserSelected,此清單中有人員無法新增
Feature.ContactUpsell.Action.Continue,
Feature.ContactUpsell.Heading.LetFriendsFindYou,讓好友找到您
Feature.Contacts.Action.Invite,邀請
Feature.Contacts.Action.Search,搜尋聯絡人
Feature.Contacts.Description.AddFromContactsDescription,新增聯絡對象，即可在 Roblox 上互動交流。若雙方使用者皆年滿 13 歲且已完成年齡驗證，即可成為信任的聯絡對象。
Feature.Contacts.Description.AddFromContactsTrustedFriends,新增聯絡人，即可在 Roblox 上互動交流。若雙方皆為已完成年齡驗證且年滿 13 歲的使用者，將可成為信任的聯絡對象。
Feature.Contacts.Description.ContactsList,想和誰一起探索 Roblox 呢？給他邀請連結，一起在 Roblox 成為好友！
Feature.Contacts.Description.ContactsListDescription,新增聯絡對象，或向聯絡人傳送聯絡對象邀請，一起同樂更好玩！
Feature.Contacts.Description.ContactsMixedList,想和誰一起探索 Roblox 呢？在 Roblox 新增好友或向聯絡人傳送好友邀請連結。
Feature.Contacts.Description.ContactsProfileView,您的聯絡人 {contactName} 是 Roblox 使用者。您和他成為好友後就可以看到他的完整個人檔案。
Feature.Contacts.FindFriendsBanner.Button,尋找好友
Feature.Contacts.FindFriendsBanner.Description,通過添加您的電話號碼查看哪些朋友在Roblox上。
Feature.Contacts.FindFriendsBanner.DescriptionPV,在 Roblox 上的聯繫人將在可用時在此顯示。
Feature.Contacts.FindFriendsBanner.DescriptionV2,新增手機號碼，幫助我們讓您和好友聯繫。
Feature.Contacts.Heading.HelpFriendsFindYou,幫助朋友找到您
Feature.Contacts.Heading.LetFriendsFindYou,
Feature.Contacts.Heading.SettingSaved,已儲存設定。
Feature.Contacts.Label.DiscoverabilityOptIn,根據我的手機號碼將我推薦給 Roblox 使用者。
Feature.Contacts.Label.Invite,邀請到 Roblox
Feature.Contacts.Label.OnRoblox,在 Roblox
Feature.Contacts.Message.AddFriends,
Feature.Contacts.Message.ContactDiscoverable,為了協助您結交朋友，在通訊錄中有您手機號碼的 Roblox 使用者將能新增您為朋友，而且您的顯示名稱和他們手機上所儲存的名稱相同。
Feature.Contacts.Message.ContactsSyncWarning,我們將定期同步你的通訊錄，並儲存與其他 Roblox 使用者的配對結果，以協助你更輕鬆地找到。你可以隨時在裝置設定頁面管理此設定。
Feature.Contacts.Message.InviteToRoblox,在 Roblox 上加我好友，讓我們一起創作、分享並探索體驗。
Feature.Contacts.Message.NoResults,沒有結果。
Feature.DeveloperProducts.Label.Product,產品
Feature.DisplayName.ErrorMessage.AgedUpNameContainPII,名稱可能含有私人資訊
Feature.DisplayName.ErrorMessage.AgedUpNameHasChanged,您的名稱已在過去 7 天之內變更
Feature.DisplayName.ErrorMessage.AgedUpNameInappropriate,Roblox 視此名稱為不當內容
Feature.DisplayName.ErrorMessage.AgedUpNameNotAvailable,名稱無法使用
Feature.DisplayName.ErrorMessage.AgedUpNameTooLong,名稱應含有 20 個字元以下
Feature.DisplayName.ErrorMessage.AgedUpNameTooShort,名稱應至少要有 3 個字元
Feature.DisplayName.ErrorMessage.AgedUpNameUnsupportedChars,名稱含有未支援的字元
Feature.DisplayName.ErrorMessage.NameContainPII,顯示名稱可能含有私人資料
Feature.DisplayName.ErrorMessage.NameHasChanged,您的顯示名稱已在過去 7 天之內變更
Feature.DisplayName.ErrorMessage.NameInappropriate,Roblox 視此顯示名稱為不當內容
Feature.DisplayName.ErrorMessage.NameMoreThanOneCharacterKind,名字只能有一種字元
Feature.DisplayName.ErrorMessage.NameNotAvailable,顯示名稱無法使用
Feature.DisplayName.ErrorMessage.NameTooLong,顯示名稱應含有 20 個字元以下
Feature.DisplayName.ErrorMessage.NameTooShort,顯示名稱至少要有 3 個字元
Feature.DisplayName.ErrorMessage.NameUnsupportedChars,顯示名稱含有未支援的字元
Feature.DisplayName.ErrorMessage.SomethingWentWrong,
Feature.Durables.BottomBar.RentalDuration,{num} 天
Feature.Durables.BottomBar.RentalDurationPlural,
Feature.Durables.FTUX.Tooltip,選擇想擁有該物品的天數。計時器會在購買後開始。
Feature.Durables.InfoModal.Description,你可以選擇保留道具的時間。時鐘圖示會顯示不同時間選項，以更低的價格提供更多彈性。
Feature.Durables.InfoModal.Title,隆重推出計時選項
Feature.Durables.ItemDetails.WearTimeOptions.Button.Infinite,永久
Feature.Durables.ItemDetails.WearTimeOptions.Button.XDay,
Feature.Durables.ItemDetails.WearTimeOptions.Button.XDays,
Feature.Durables.ItemDetails.WearTimeOptions.Title,選項
Feature.Durables.Label.ItemExpires,物品有效期限
Feature.Durables.PartiallyExpiredItems.BodyText,此已儲存虛擬人偶的部分道具已過期並已移除。
Feature.Durables.PartiallyExpiredItems.TitleText,道具已過期
Feature.Durables.UnifiedBuyModal.Subtitle.TimedOptionText,{days} 天（購買後開始計算）
Feature.DynamicUI.Translation.Reporting.IllegalContentEUBody,若要依據歐盟《數位服務法》 檢舉違法內容，請前往：https://www.roblox.com/illegal-content-reporting
Feature.EmptyStatePage.Message.NoInternet,沒有網路連線
Feature.EnhancedVideo.Label.Ad,廣告
Feature.ExperienceDetails.Action.ExitFullScreen,退出全螢幕
Feature.ExperienceDetails.Action.FullScreen,
Feature.ExperienceDetails.Action.Mute,
Feature.ExperienceDetails.Action.Unmute,取消靜音
Feature.ExperienceDetails.AskYourParentModal.Action.AskNow,
Feature.ExperienceDetails.AskYourParentModal.Action.Cancel,
Feature.ExperienceDetails.AskYourParentModal.Label.Body,若要加入此體驗，您需要家長許可。
Feature.ExperienceDetails.AskYourParentModal.Label.Title,請詢問您的家長
Feature.ExperienceDetails.AskYourParentToAllowGameModal.Label.Body,你必須取得家長許可才能加入此遊戲。
Feature.ExperienceDetails.Label.NotPlayable,無法遊玩
Feature.ExperienceDetails.PlayButtonMessage.AgreeToNotice,遊玩這項體驗即表示我同意注意事項
Feature.ExperienceDetails.PlayButtonText.ActionNeeded,
Feature.ExperienceDetails.PlayButtonText.Buy,
Feature.ExperienceDetails.PlayButtonText.Play,
Feature.ExperienceDetails.PlayButtonText.PlayDemo,播放示範
Feature.ExperienceDetails.PlayButtonText.Unavailable,
Feature.ExperienceDetails.PlayButtonText.Unlock,解鎖
Feature.ExperienceDetails.RestrictedUnplayableModal.Action.Ok,
Feature.ExperienceDetails.RestrictedUnplayableModal.Label.Body,僅年滿 18 歲的成人有權存取受限制的體驗。
Feature.ExperienceDetails.RestrictedUnplayableModal.Label.Title,內容遭到限制
Feature.ExperienceDetails.UnplayableError.AccountRestricted,此體驗因您的成年適宜內容設定而無法進入
Feature.ExperienceDetails.UnplayableError.ComplianceBlocked,此體驗目前無法使用
Feature.ExperienceDetails.UnplayableError.ContextualPlayabilityAgeGated,此體驗因為年齡限制的緣故而無法進入
Feature.ExperienceDetails.UnplayableError.ContextualPlayabilityAgeGatedByDescriptor,
Feature.ExperienceDetails.UnplayableError.ContextualPlayabilityAgeRecommendationParentalControls,若要加入此體驗，請更新您的成年適宜內容設定。
Feature.ExperienceDetails.UnplayableError.ContextualPlayabilityExperienceBlockedParentalControls,您的家長已封鎖這項體驗。若要加入這項體驗，請在「設定」中請求家長許可。
Feature.ExperienceDetails.UnplayableError.ContextualPlayabilityRegionalAvailability,此體驗目前在您的地區無法使用
Feature.ExperienceDetails.UnplayableError.ContextualPlayabilityRegionalCompliance,
Feature.ExperienceDetails.UnplayableError.ContextualPlayabilityUnrated,此體驗因尚未經過評級而無法進入
Feature.ExperienceDetails.UnplayableError.DeviceRestrictedCustom,此體驗在{device}上無法使用
Feature.ExperienceDetails.UnplayableError.DeviceRestrictedDefault,此體驗在您的裝置上無法使用
Feature.ExperienceDetails.UnplayableError.FiatPurchaseDeviceRestricted,此體驗無法在此裝置上購買
Feature.ExperienceDetails.UnplayableError.GameUnapproved,
Feature.ExperienceDetails.UnplayableError.IncorrectConfiguration,
Feature.ExperienceDetails.UnplayableError.InsufficientPermissionFriendsOnly,您目前無法進入此體驗
Feature.ExperienceDetails.UnplayableError.InsufficientPermissionGroupOnly,
Feature.ExperienceDetails.UnplayableError.PlaceHasNoPublishedVersion,
Feature.ExperienceDetails.UnplayableError.TemporarilyUnavailable,
Feature.ExperienceDetails.UnplayableError.UnderReview,此體驗正在審核中
Feature.ExperienceDetails.UnplayableError.UniverseRootPlaceIsPrivate,此體驗設為私人
Feature.ExperienceDetails.UnplayableError.UnplayableOther,
Feature.ExperienceDetails.UpdateMaturitySettingModal.Action.Cancel,
Feature.ExperienceDetails.UpdateMaturitySettingModal.Action.GoToSettings,
Feature.ExperienceDetails.UpdateMaturitySettingModal.Console.Action.Ok,
Feature.ExperienceDetails.UpdateMaturitySettingModal.Console.Label.Body,若要加入此體驗，請在網站或隨附裝置上更新您的成年適宜內容設定。
Feature.ExperienceDetails.UpdateMaturitySettingModal.Console.Label.Title,無法存取內容
Feature.ExperienceDetails.UpdateMaturitySettingModal.Label.Body,若要存取此體驗，請先更新您的成年適宜內容設定。
Feature.ExperienceDetails.UpdateMaturitySettingModal.Label.Title,內容無法存取
Feature.FAE.Action.Continue,
Feature.FAE.Action.Unlock,
Feature.FAE.Action.UnlockChat,
Feature.FAE.CheckIfYouCanJoinGame,確認看看你是否可以加入此遊戲。
Feature.FAE.Label.ChatWithFriends,
Feature.FAE.Label.DayLeft,
Feature.FAE.Label.DaysLeft,剩下 {daysLeft} 天
Feature.FAE.Label.GetASecureAgeCheckToUnlockChatAndAddTrustedFriends,進行安全的年齡驗證，即可解鎖聊天功能，並新增信任的聯絡對象。
Feature.FAE.Label.LetsCheckYourAge,請確認你的年齡
Feature.FAE.Label.LetsCheckYourAgeSoYouCanUseChat,請確認年齡以使用聊天功能
Feature.FAE.Label.ModalBodyInApp,拍攝自拍照有助於確認你的年齡，照片僅用於此年齡檢查。我們盡力將 Roblox 打造成給所有人的安全空間，而這是當中的關鍵步驟。
Feature.FAE.Label.ModalBodyInAppV3,請拍攝自拍照。我們只會用來估算你的年齡，不會用於其他用途。這有助於為你和所有人提供更安全的聊天體驗。
Feature.FAE.Label.ModalBodyTFUnlock,若要新增信任的聯絡對象，請先完成年齡驗證。
Feature.FAE.Label.ThisAllowsYouToChatSafelyItOnlyTakesAMoment,這樣你就可以安全地聊天。只需幾分鐘即可完成。
Feature.FAE.Label.ThisHelpsYouToChatSafelyItOnlyTakesAMoment,此功能可助你安全地聊天。只需幾分鐘即可完成。
Feature.FAE.Label.ToKeepChattingLetsCheckYourAge,若要繼續聊天，請先確認你的年齡
Feature.FAE.Label.YouNeedAnAgeCheckToUseChatThisMakesChatSafer,必須進行年齡檢查才能使用聊天功能。這有助於為你和所有人提供更安全的聊天體驗。
Feature.FAE.Label.YoullSoonNeedAnAgeCheckToChat,需要進行年齡檢查才能聊天，請稍後依提示操作
Feature.FAE.Label.YourSafetyMattersLetsCheckYourAge,你的安全至關重要，請確認你的年齡
Feature.FaceChat.Heading.FacialAnimation,
Feature.FaceChat.Heading.LowPerformanceDetected,偵測到效能過低
Feature.FaceChat.Heading.NotAvailable,無法使用臉部動畫
Feature.FaceChat.Heading.PromptNoDynamicHeadEquipped,
Feature.FaceChat.Heading.UnableToAccessCamera,無法存取相機
Feature.FaceChat.Heading.VideoPerformancePromptDisable,裝置效能過低
Feature.FaceChat.Heading.VideoUnsupported,裝置相機不支援
Feature.FaceChat.Message.PlaceUnavailable,此地點暫時無法使用，請稍後再試。
Feature.FaceChat.Subtitle.FeatureDisabled,臉部動畫暫時無法使用，請稍後再試。
Feature.FaceChat.Subtitle.NotAvailable,請嘗試離開並重新加入。
Feature.FaceChat.Subtitle.PromptNoDynamicHeadEquipped,您的虛擬人偶頭部造型不支援臉部動畫。您可以在道具欄與虛擬人偶商店取得相容的頭部造型。
Feature.FaceChat.Subtitle.UnableToAccessCamera,如要使用相機製作動態虛擬人偶，請前往作業系統設定來允許 Roblox 使用相機
Feature.FaceChat.Subtitle.UnsupportedDevice,您的硬體未達要求，無法使用相機製作帶有動作的虛擬人偶動畫。
Feature.FaceChat.Subtitle.VideoPerformancePromptDisable,關閉相機可能會提升體驗效能。
Feature.FaceChat.Subtitle.VideoUnsupported,Roblox 無法使用您的相機製作帶有動作的虛擬人偶動畫。
Feature.Favorites.Label.Favorite,
Feature.FlyoutSidePanel.Action.ContinuePlaying,繼續遊玩
Feature.FlyoutSidePanel.Label.TooltipBody,你的個人檔案、內容和設定已移至新位置。
Feature.FlyoutSidePanel.Label.TooltipTitle,<b>{itemName}</b> 已移動
Feature.Friends.Action.AcceptFriend,
Feature.Friends.Action.AccountDeleted,已刪除帳號
Feature.Friends.Action.Add,
Feature.Friends.Action.Block,
Feature.Friends.Action.Close,
Feature.Friends.Action.ConnectionAdded,已新增聯繫對象
Feature.Friends.Action.ConnectionRequestSent,已傳送聯繫對象邀請
Feature.Friends.Action.EditProfile,編輯個人檔案
Feature.Friends.Action.FriendAdded,已新增好友
Feature.Friends.Action.FriendRemoved,已移除好友
Feature.Friends.Action.FriendRequestSent,已傳送好友邀請
Feature.Friends.Action.GetStarted,
Feature.Friends.Action.GoToAddFriends,前往新增好友
Feature.Friends.Action.InviteFriends,邀請聯絡人成為 Roblox 好友。
Feature.Friends.Action.PendingRequest,待處理的邀請
Feature.Friends.Action.ShareQR,分享 QR 碼
Feature.Friends.Action.ShowMore,
Feature.Friends.Action.Unblock,解除封鎖
Feature.Friends.Action.Unfriend,
Feature.Friends.Action.ViewMore,
Feature.Friends.Action.ViewPlatformProfile,檢視玩家卡
Feature.Friends.Button.AddViaLink,透過連結新增
Feature.Friends.Button.GotIt,
Feature.Friends.Description.ContactsModal,您有在 Roblox 的聯絡人！和他成為好友後，您就可以看到他的完整虛擬人偶和個人檔案。前往新增好友頁面尋找更多可能認識的人。
Feature.Friends.Description.DoMoreWithTrustedConnections,透過「信任的聯絡對象」功能，在 Roblox 享受更多樂趣！請確保新增對象是你認識且信任的人員。
Feature.Friends.Description.DoMoreWithTrustedFriends,與信任的聯絡對象一起在 Roblox 享受更多樂趣！請確保新增對象是你認識且信任的人員。
Feature.Friends.Description.FromContacts,從通訊錄
Feature.Friends.Description.FromContactsV2,通訊錄名稱：{contactName}
Feature.Friends.Description.FromQrCode,來自 QR 碼
Feature.Friends.Description.NoMutualFriends,沒有共同好友
Feature.Friends.Description.NotAFriend,不是好友
Feature.Friends.Description.TrustedConnectionExpiredLink,請你的聯絡對象重新傳送連結。請在 30 天內按一下該連結。
Feature.Friends.Description.TrustedConnectionsUnavailable,你所在的區域尚未支援「信任的聯絡對象」功能。
Feature.Friends.Description.TrustedFriendsExpiredLink,請你的好友重新傳送連結。請在 30 天內按一下該連結。
Feature.Friends.Description.TrustedFriendsInvalidLink,請確認你已登入正確的帳號，然後再試一次。
Feature.Friends.Description.TrustedFriendsRequestModalBody,請僅新增你認識且信任的人員。你可以隨時透過對方的個人檔案管理這位好友。
Feature.Friends.Description.TrustedFriendsUnavailable,
Feature.Friends.Description.YouCanDoMoreWithTrustedFriends,與信任的聯絡對象一起在 Roblox 享受更多樂趣！你可以隨時透過對方的個人檔案管理此好友。
Feature.Friends.Error.AlreadyFriendError,此使用者已經是好友。
Feature.Friends.Error.DefaultFriendingError,無法傳送好友邀請，請稍後再試。
Feature.Friends.Error.InvalidNicknameError,此使用者的暱稱無效。
Feature.Friends.Error.InvalidTargetUserError,此使用者無效或不存在。
Feature.Friends.Error.MaxFriendsError,好友人數已達上限。
Feature.Friends.Error.ParentalControlUnblockError,貴家長已封鎖此使用者。請在「設定」中要求貴家長解鎖此使用者。
Feature.Friends.Error.TargetAlreadyBlockedError,此使用者已被封鎖。
Feature.Friends.Error.UnauthorizedError,你未獲授權，無法執行這項操作。
Feature.Friends.Error.UnblockTargetBlockedOnPlatform,此使用者已在其他平台上遭到封鎖。
Feature.Friends.Error.UnblockTargetNotBlockedError,此使用者沒有被封鎖，您已準備妥當！
Feature.Friends.Error.UserBannedError,你已遭到停權，無法執行這項操作。
Feature.Friends.Error.UserBlockedError,你已遭到封鎖，無法執行這項操作。
Feature.Friends.Error.UserNotPassedCaptcha,尚未通過 Captcha 驗證。
Feature.Friends.Feature.Friends.Heading.AddFriends,
Feature.Friends.Heading.FilterBy,
Feature.Friends.Label.AddConnectionVPC,如要新增信任的聯絡對象，你需要取得家長許可。
Feature.Friends.Label.AddConnectionsHint,人際互動讓 Roblox 更有趣！
Feature.Friends.Label.AddConnectionsHintBody,新增您認識的人員或發現新的聯繫對象
Feature.Friends.Label.AddFriendVPC,如要新增信任的好友，你需要取得家長許可。
Feature.Friends.Label.All,
Feature.Friends.Label.AllowContactsAccess,允許存取通訊錄，找到在 Roblox 的好友！
Feature.Friends.Label.Ask,詢問
Feature.Friends.Label.AskYourParent,
Feature.Friends.Label.Cancel,
Feature.Friends.Label.ConnectWithFriends,
Feature.Friends.Label.ConnectedNumDays,已成為好友 {num} 天
Feature.Friends.Label.ConnectedNumMonths,已成為好友 {num} 個月
Feature.Friends.Label.ConnectedNumYears,已成為好友 {num} 年
Feature.Friends.Label.ConnectedOneDay,已成為好友 1 天
Feature.Friends.Label.ConnectedOneMonth,已成為好友 1 個月
Feature.Friends.Label.ConnectedOneYear,已成為好友 1 年
Feature.Friends.Label.ConnectionRecentlyPlayed,<b>1 位聯絡對象</b>最近玩過
Feature.Friends.Label.ConnectionRemoved,已移除聯絡對象
Feature.Friends.Label.ConnectionRequest,好友邀請
Feature.Friends.Label.ConnectionsCount,聯繫對象（{connectionCount} 人）
Feature.Friends.Label.ConnectionsPlayed,{numberOfConnections} 個人已玩過
Feature.Friends.Label.ConnectionsRecentlyPlayed,<b>{numberOfConnections} 位聯絡對象</b>最近玩過
Feature.Friends.Label.ContactsCaption,為了幫助您和好友在 Roblox 找到彼此，Roblox 將會定期同步您的聯絡人並儲存對應到的 Roblox 使用者。您可以隨時在設定頁面管理此設定。
Feature.Friends.Label.FewestInteractions,互動最少
Feature.Friends.Label.FindFriendsHintBody,尋找您認識的好友或結交新的朋友。
Feature.Friends.Label.Followed,已追蹤
Feature.Friends.Label.Follower,追蹤者
Feature.Friends.Label.Followers,
Feature.Friends.Label.Following,追蹤中
Feature.Friends.Label.FollowsYou,正在追蹤您
Feature.Friends.Label.Frequent,密切玩伴
Feature.Friends.Label.Friend,
Feature.Friends.Label.FriendInvite,已邀請您成為 Roblox 好友
Feature.Friends.Label.FriendRecentlyPlayed,<b>1 位好友</b>最近玩過
Feature.Friends.Label.FriendRequest,
Feature.Friends.Label.Friends,
Feature.Friends.Label.FriendsAreNowConnections,好友現在稱為「聯絡對象」！
Feature.Friends.Label.FriendsHintBold,開始遊玩！
Feature.Friends.Label.FriendsHintPlain,先從新增好友開始。
Feature.Friends.Label.FriendsPlayed,
Feature.Friends.Label.FriendsRecentlyPlayed,<b>{numberOfConnections} 位好友</b>最近玩過
Feature.Friends.Label.InGame,
Feature.Friends.Label.IntroducingConnections,隆重介紹聯絡對象
Feature.Friends.Label.JoinedInYear,加入年份：{year}
Feature.Friends.Label.ManageFriendsList,管理您的朋友清單
Feature.Friends.Label.ManageFriendsListCaption,檢閱最少與您互動的朋友，以將朋友清單保持在最新狀態。
Feature.Friends.Label.MutualConnection,1 位共同聯繫對象
Feature.Friends.Label.MutualConnectionTitle,1 位共同聯絡對象
Feature.Friends.Label.MutualConnections,{numConnections} 位共同聯繫對象
Feature.Friends.Label.MutualConnectionsTitle,{numConnections} 位共同聯絡對象
Feature.Friends.Label.MutualFriendTitle,1 位共同好友
Feature.Friends.Label.MutualFriends,共同好友
Feature.Friends.Label.MutualFriendsTitle,{numConnections} 位共同好友
Feature.Friends.Label.NewConnection,新的聯絡對象
Feature.Friends.Label.NewFriend,新好友
Feature.Friends.Label.NewFriendRequestsMax,{maxRequestsCount}+
Feature.Friends.Label.NoFriendsYet,{name} 還沒有任何好友。
Feature.Friends.Label.NowTrusted,{username} 現已成為信任的聯絡對象
Feature.Friends.Label.PYMK,您可能認識
Feature.Friends.Label.Pending,待處理
Feature.Friends.Label.PlayedByUser,<b>{name}</b>玩過
Feature.Friends.Label.PlayedByUserAndOneOther,<b>{name}</b>和另 <b>1 位聯絡對象</b>玩過
Feature.Friends.Label.PlayedByUserAndOneOther.FriendsRename,<b>{name}</b> 和<b>另 1 位好友</b>玩過
Feature.Friends.Label.PlayedByUserAndOthers,<b>{name}</b>和其他 <b>{numOfOthers} 位聯絡對象</b>玩過
Feature.Friends.Label.PlayedByUserAndOthers.FriendsRename,<b>{name}</b> 和<b>其他 {numOfOthers} 位好友</b>玩過
Feature.Friends.Label.RenameInfoText,Roblox 好友現稱為「聯絡對象」。將你認識的人員新增為「聯絡對象」，就能輕鬆查看誰在線上、發起 Party 組成隊伍並一起遊玩。<br /><br />即日起，經驗證年滿 13 歲的使用者，即可與符合條件的「聯絡對象」解鎖暢談功能，還有更多功能即將推出！
Feature.Friends.Label.Request,
Feature.Friends.Label.SearchFriends,
Feature.Friends.Label.SentFromWithContext,來自 {gameName}
Feature.Friends.Label.SingularMutualFriend,位共同好友
Feature.Friends.Label.Suggested,建議給您
Feature.Friends.Label.Unfollowed,已取消追蹤
Feature.Friends.Label.YourLinkedParent,已連結的家長
Feature.Friends.LinkText.LearnMore,
Feature.Friends.Message.DiscoverableSettings,您想被推薦給其他擁有您的手機號碼的 Roblox 使用者嗎？
Feature.Friends.Message.EmptyState,當我們可以存取通訊錄時，您就可以在新增好友頁面看到聯絡人。
Feature.Friends.Message.FloodLimitExceededError,您執行此動作過於頻繁，請稍後再試。
Feature.Friends.Message.FriendAdded,
Feature.Friends.Message.NameFromContacts,使用 Roblox 時，擁有您的手機號碼的使用者將會看到您在他的裝置上的名稱。
Feature.Friends.Message.RevokedContacts,若要使用此功能，請在裝置的 App 設定中允許 Roblox 存取通訊錄。
Feature.Friends.Message.UploadContactsFailure,載入內容時發生問題。請稍後再前往新增好友頁面。
Feature.Friends.Message.ViewAndConnectHint,檢視聯繫對象的請求，並新增您認識的人員
Feature.Friends.Message.ViewAndConnectTooltip,查看好友邀請，與您認識的人成為好友。
Feature.Friends.Mutual,共同聯絡對象
Feature.Friends.Mutuals,
Feature.Friends.OneMutualConnection,是一位共同聯繫對象
Feature.Friends.OneMutualFriend,是一個共同的朋友
Feature.Friends.OneOtherMutualConnection,其他共同聯繫對象
Feature.Friends.OneOtherMutualFriend,其他共同朋友
Feature.Friends.PluralMutualConnections,是共同的聯繫對象
Feature.Friends.PluralMutualFriends,是共同的朋友
Feature.Friends.PluralOtherMutualConnections,
Feature.Friends.PluralOtherMutualFriends,
Feature.Friends.TCEducation.Modal.TextIntro,與認識的人一起玩 Roblox 更有趣。透過 QR 碼或聯絡人新增為經年齡驗證的使用者，會成為信任的聯絡對象，還可解鎖額外的福利，例如：
Feature.Friends.TCEducation.Modal.TextIntro.EighteenPlus,通過年齡驗證已年滿 18 歲的使用者，可以與其他年齡驗證滿 18 歲的聯絡對象，以及信任的聯絡對象進行更多互動。
Feature.Friends.TCEducation.Modal.TextOutro,即將推出新的方式，讓您能將其他人新增為信任的聯絡對象。透過管理聯絡對象，來控制誰可以與您聯絡。
Feature.Friends.TCEducation.Modal.TextOutro.EighteenPlus,透過 QR 碼或通訊錄新增其他已驗證年齡的使用者時，對方將成為信任的聯絡對象。更多選項即將推出。
Feature.Friends.TCEducation.Title,新增您認識的人
Feature.Friends.TCFeature.AndMore,更多功能即將推出
Feature.Friends.TCFeature.ChatWithoutFilters,
Feature.Friends.TCFeature.PartyVoice,Party 語音
Feature.Friends.TFEducation.Modal.TextIntro,與認識的人一起玩 Roblox 更有趣。透過 QR 碼或通訊錄新增已完成年齡驗證的使用者，便可成為信任的聯絡對象，並解鎖額外的福利，例如：
Feature.Friends.TFEducation.Modal.TextIntro.EighteenPlus,身為已完成年齡驗證且年滿 18 歲的使用者，你可以與其他已完成年齡驗證且年滿 18 歲的好友，以及信任的聯絡對象一起解鎖更多功能。
Feature.Friends.TFEducation.Modal.TextOutro,即將推出全新方式，將其他人新增為信任的聯絡對象。你可以透過管理好友，控制誰能與你聯絡。
Feature.Friends.TFEducation.Modal.TextOutro.EighteenPlus,當你透過 QR 碼或通訊錄新增其他已完成年齡驗證的使用者時，對方將成為信任的好友。更多方式即將推出。
Feature.Friends.Text.IsPlaying,正在玩
Feature.Friends.Text.NoConnections,您尚未新增任何聯繫對象。若要開始，請尋找並新增聯繫對象。
Feature.Friends.Text.NoFriends,您尚未新增任何朋友。若要開始，請在 Roblox 上尋找並新增您的朋友。
Feature.Friends.Title.TrustedFriendsExpiredLink,連結已過期
Feature.Friends.Title.TrustedFriendsInvalidLink,連結無效
Feature.Friends.TrustedConnection.AcceptTrustedRequest,接受信任的聯絡對象
Feature.Friends.TrustedConnection.Action.RemoveTrustedConnection,移除信任的聯絡對象
Feature.Friends.TrustedConnection.Label.AddTrustedConnection,新增信任的聯絡對象
Feature.Friends.TrustedConnection.Label.Trusted,
Feature.Friends.TrustedConnection.Toast.TrustedConnectionRemoved,已移除信任的聯絡對象
Feature.Friends.TrustedFriend.AcceptTrustedRequest,接受信任的好友邀請
Feature.Friends.TrustedFriend.Action.RemoveTrustedFriend,移除信任的好友
Feature.Friends.TrustedFriend.AddBack.Header,信任的好友邀請
Feature.Friends.TrustedFriend.Info.Modal.Header,新的信任好友
Feature.Friends.TrustedFriend.Label.AddTrustedFriend,新增信任的好友
Feature.Friends.TrustedFriend.Toast.IsATrustedFriendNow,{name} 現已成為信任的好友
Feature.Friends.TrustedFriend.Toast.TrustedFriendRemoved,信任的好友已移除
Feature.Friends.TrustedFriend.Toast.TrustedFriendRequestSent,已傳送信任的好友邀請
Feature.FriendsActivityFeed.Label.ViewRecentActivity,檢視近期活動
Feature.FriendsMenu.Label.SearchForConnections,
Feature.FriendsMenu.Label.SelectedConnectionsCount,已選取 {numerator} 位聯繫對象，上限 {denominator} 位
Feature.FriendsMenu.Label.SelectedConnectionsCountNoLimit,已選取 {selectedCount} 位聯繫對象
Feature.FriendsMenu.Label.SelectedFriendsCount,已選取 {numerator}/{denominator} 名好友
Feature.FriendsMenu.Label.SelectedFriendsCountNoLimit,已選取 {selectedCount} 名好友
Feature.GameDetails.Action.GameDetails,
Feature.GameDetails.Action.GiveFeedback,
Feature.GameDetails.Action.NotInterested,沒有興趣
Feature.GameDetails.Action.PauseVideo,暫停影片
Feature.GameDetails.Action.PlayVideo,播放影片
Feature.GameDetails.Action.Report,
Feature.GameDetails.Action.ReportAd,
Feature.GameDetails.Action.Undo,
Feature.GameDetails.Action.Unlock,
Feature.GameDetails.Action.WhyThisAd,為何會顯示這則廣告
Feature.GameDetails.Heading.PurchaseGame,解鎖此體驗
Feature.GameDetails.Label.By,
Feature.GameDetails.Label.DontLikeGame,不喜歡這個遊戲
Feature.GameDetails.Label.DontLikeImage,不喜歡這張圖片
Feature.GameDetails.Label.FriendsSeparator,", "
Feature.GameDetails.Label.InappropriateContent,內容不當
Feature.GameDetails.Label.LearnMore,
Feature.GameDetails.Label.LowercaseNumberPlaying,{numActivePlayers} 位活躍玩家
Feature.GameDetails.Label.NineAndOver,9 歲以上
Feature.GameDetails.Label.No,
Feature.GameDetails.Label.ProvideFeedbackTitle,
Feature.GameDetails.Label.SomethingElse,
Feature.GameDetails.Label.Store,
Feature.GameDetails.Label.TellUsMorePlaceholder,請告訴我們詳情
Feature.GameDetails.Label.TooRepetitive,太過重複
Feature.GameDetails.Label.Updated,更新時間
Feature.GameDetails.Label.VoiceChat,
Feature.GameDetails.Label.WhyThisAd,為何會顯示這則廣告？
Feature.GameDetails.Label.Yes,
Feature.GameDetails.Message.AdPreferences,廣告偏好
Feature.GameDetails.Message.AnonymousFeedbackTermsOfUse,系統會以匿名方式分享回應，並根據 {underlineStart}Roblox 使用條款{underlineEnd}將回應視為回饋。
Feature.GameDetails.Message.HelpImproveExperience,請協助我們改善體驗
Feature.GameDetails.Message.HidingExperienceQuestion,請問你隱藏此體驗的原因為何？
Feature.GameDetails.Message.PurchaseGameV2,要以 {X} Robux 解鎖 {gameName} 嗎？
Feature.GameDetails.Message.SponsoredDisclosure.Error,由於暫時發生錯誤，無法顯示贊助資訊。
Feature.GameDetails.Message.SponsoredDisclosure.O18NonPersonalizedNoLink,目前看到的這項贊助內容，是根據非個人化因素（例如裝置資訊、地點與年齡）所顯示的相關內容。此體驗的創作者為 {CreatorName}，贊助費用由 {PayerName} 支付。如需瞭解詳情，請前往帳號中「設定」下的「隱私與成年適宜內容」頁面：
Feature.GameDetails.Message.SponsoredDisclosure.O18PersonalizedNoLink,目前看到的這項贊助內容，是根據地點、裝置資訊、年齡與平台行為等各種因素，所顯示的相關內容。此體驗的創作者是 {CreatorName}，贊助費用由 {PayerName} 支付。如需瞭解詳情，請前往帳號中「設定」下的「隱私與成年適宜內容」頁面：
Feature.GameDetails.Message.SponsoredDisclosure.U18,目前看到的這項贊助內容，是根據非個人化因素（例如裝置資訊、地點與年齡）所顯示的相關內容。此體驗的創作者為 {CreatorName}，贊助費用由 {PayerName} 支付。
Feature.GameDetails.Message.SponsoredDisclosureNoUniverse.O18NonPersonalNoLink,目前看到的這項贊助內容，是根據非個人化因素（例如裝置資訊、地點與年齡）所顯示的相關內容。贊助費用由 {PayerName} 支付。如要瞭解詳情，請造訪帳號「設定」中的「隱私與成年適宜內容」頁面：
Feature.GameDetails.Message.SponsoredDisclosureNoUniverse.O18PersonalizedNoLink,目前看到的這項贊助內容，是根據地點、裝置資訊、年齡與平台行為等各種因素，所顯示的相關內容。贊助費用由 {PayerName} 支付。如要瞭解詳情，請造訪帳號「設定」中的「隱私與成年適宜內容」頁面：
Feature.GameDetails.Message.SponsoredDisclosureNoUniverse.U18,目前看到的這項贊助內容，是根據非個人化因素（例如裝置資訊、地點與年齡）所顯示的相關內容。贊助費用由 {PayerName} 支付。
Feature.GameDetails.Message.SuggestLessOften,我們會減少推薦此體驗
Feature.GameDetails.RatingPercentOnly,{percentRating}% 評分
Feature.GameDetails.Toast.LinkCopied,
Feature.GameFollows.LabelNotifications,
Feature.GameFollows.TooltipFollowLimitReached,已達上限。若要追蹤此體驗，請先取消追蹤其他體驗。
Feature.GameFollows.TooltipNotificationsLimitReached,已達上限。請先關閉其他體驗的通知。
Feature.GameFollows.TooltipTurnedOffNotifications,{experienceName} 的通知已關閉
Feature.GameFollows.TooltipTurnedOnNotifications,{experienceName} 的通知已開啟
Feature.GamePage.Action.BackToTop,回到頂端
Feature.GamePage.Label.Ad,
Feature.GamePage.Label.Sponsored,
Feature.GamePage.QuickLaunch.LaunchError.ContextualPlayabilityUnverifiedSeventeenPlusUser,您的年齡驗證狀態無法參訪此體驗。
Feature.GamePage.QuickLaunch.LaunchError.GuestProhibited,訪客無法加入此體驗。
Feature.GamePage.QuickLaunch.LaunchError.PurchaseRequired,必須購買此體驗的參訪權。
Feature.GamePage.QuickLaunch.LaunchError.RequestFailed,網路請求失敗。
Feature.GamePage.QuickLaunch.LaunchError.TemporarilyUnavailable,目前無法參訪此體驗。
Feature.GamepadDisconnect.Label.Message,"用戶控制器 ""%s"" 已斷線,請按 '%s在你想繼續使用的控制器上。"
Feature.GamepadDisconnect.Label.MessageGeneric,使用者「%s」的控制器已斷線。請重新連線控制器。
Feature.GamepadDisconnect.Label.Title,缺少控制器
Feature.Groups.Action.Cancel,
Feature.Groups.Action.CancelRequest,取消請求
Feature.Groups.Action.Close,
Feature.Groups.Action.Continue,
Feature.Groups.Action.CreateGroup,建立社群
Feature.Groups.Action.Follow,
Feature.Groups.Action.JoinGroup,加入社群
Feature.Groups.Action.LeaveGroup,離開社群
Feature.Groups.Action.MakePrimary,設為主要群組
Feature.Groups.Action.More,
Feature.Groups.Action.NotNow,
Feature.Groups.Action.RemovePrimary,解除主要群組
Feature.Groups.Action.SeeAll,
Feature.Groups.Action.Unfollow,取消追蹤
Feature.Groups.Action.ViewGroup,檢視社群
Feature.Groups.Description.JoinGroupPending,正在等待社群審核你的加入請求。
Feature.Groups.Description.NotEligibleToJoin,你的帳號無法加入此社群。
Feature.Groups.Description.PremiumMaxGroups,您加入的社群數量已達上限。
Feature.Groups.Description.RequiresAccountTenureTooltipOneDay,必須擁有帳號達 1 天，才能加入此社群。
Feature.Groups.Description.RequiresAccountTenureTooltipOneMonth,必須擁有帳號達 30 天，才能加入此社群。
Feature.Groups.Description.RequiresAccountTenureTooltipOneWeek,必須擁有帳號達 7 天，才能加入此社群。
Feature.Groups.Description.RequiresAccountTenureTooltipThreeDays,必須擁有帳號達 3 天，才能加入此社群。
Feature.Groups.Description.RequiresAccountTenureTooltipThreeMonths,必須擁有帳號達 90 天，才能加入此社群。
Feature.Groups.Heading.Community,
Feature.Groups.Heading.Followers,
Feature.Groups.Heading.Groups,
Feature.Groups.Heading.Members,
Feature.Groups.Heading.MyGroups,我的社群
Feature.Groups.Heading.Primary,主要
Feature.Groups.Heading.SocialLinksNew,社交連結
Feature.Groups.Heading.SocialMedia,社交媒體
Feature.Groups.Heading.VerificationRequired,必須驗證帳號
Feature.Groups.Heading.Videos,
Feature.Groups.Label.ByOwnerWithFormat,所有者：{ownerName}
Feature.Groups.Label.Follower,
Feature.Groups.Label.FollowerCapital,
Feature.Groups.Label.FollowerCapitalPlural,
Feature.Groups.Label.FollowerPlural,
Feature.Groups.Label.GroupClosed,社群已關閉
Feature.Groups.Label.GroupLocked,此社群已被鎖定
Feature.Groups.Label.Member,
Feature.Groups.Label.MemberCapitalPlural,
Feature.Groups.Label.MemberLowerCase,
Feature.Groups.Label.MemberLowerCasePlural,
Feature.Groups.Label.Owned,
Feature.Groups.Label.PreviousNames,先前名稱
Feature.Groups.Label.SearchMyGroups,搜尋我的社群
Feature.Groups.Message.BannedFromGroup,您已被此社群封鎖。
Feature.Groups.Message.GroupClosed,您無法加入封閉的社群。
Feature.Groups.Message.LoadGroupListError,無法載入社群清單。
Feature.Groups.Message.NoGroupsFound,找不到社群。
Feature.Groups.Message.NotInAnyGroups,您不是任何社群的成員。
Feature.Groups.Message.PinLocked,PIN 碼鎖定時無法執行此操作，請在帳號設定頁面解鎖 PIN 碼。
Feature.Groups.Modal.ContentTextHigh,"請驗證帳號以加入此社群。

1. 前往「帳號資訊」>「驗證我的年齡」
2. 完成驗證程序"
Feature.Groups.Modal.ContentTextLow,"若要加入此社群，請先驗證帳號你的帳號。

1. 前往「帳號資訊」
2. 選擇一個驗證選項：
    - 「新增電話號碼」
    - 「新增電子郵件」
    - 「驗證我的年齡」
3. 完成驗證程序"
Feature.Groups.Modal.ContentTextMedium,"若要加入此社群，請先驗證帳號你的帳號。

1. 前往「帳號資訊」
2. 選擇一個驗證選項：
    - 「新增電話號碼」和「新增電子郵件」
    - 「驗證我的年齡」
3. 完成驗證程序"
Feature.Groups.Notification.FailedToFollow,無法追蹤個人檔案，請稍後再試。
Feature.Groups.Notification.FailedToJoin,無法加入社群，請稍後再試。
Feature.Groups.Notification.FailedToLoad,無法載入社群，請稍後再試。
Feature.Groups.Notification.Following,正在追蹤 {groupName}。
Feature.Groups.Notification.GroupDoesNotExist,此社群不存在。
Feature.Groups.Notification.GroupModerated,此社群目前正在審核中。
Feature.Groups.Notification.JoinRequestPending,已請求加入 {groupName}。
Feature.Groups.Notification.Joined,已加入 {groupName}。
Feature.Groups.Title.AlreadyFollowing,你已經在追蹤 {groupName}
Feature.Groups.Title.AlreadyMember,你已經是 {groupName} 的成員
Feature.Groups.Title.Follow,追蹤 {groupName}
Feature.Groups.Title.Join,加入 {groupName}
Feature.Groups.Title.RequestedToJoin,你先前已請求加入 {groupName}
Feature.Groups.Title.UnableToJoin,無法加入 {groupName}
Feature.Home.ActionSeeAll,
Feature.Home.ClientCacheFallbackBanner.Action.Refresh,
Feature.Home.ClientCacheFallbackBanner.Label.Error,
Feature.Home.ClientCacheFallbackBanner.Label.ErrorRefreshingToastTitle,請再試一次
Feature.Home.ClientCacheFallbackBanner.Label.RefreshPageToLoadContents,重新整理頁面以載入內容
Feature.Home.HeadingFriends,好友（{friendCount}）
Feature.Home.Label.HappeningNow,正在進行
Feature.Home.PeopleList.ChatWith,與 {username} 聊天
Feature.Home.Robux,
Feature.InExperienceIntervention.Action.LetUsKnow,若是如此，請告訴我們
Feature.InExperienceIntervention.Action.Understand,我了解
Feature.InExperienceIntervention.Description.BeRespectful,日後敬請遵守規則並尊重他人。
Feature.InExperienceIntervention.Description.CannotSend,您在 {number} 分鐘內將無法傳送文字聊天訊息。
Feature.InExperienceIntervention.Description.CannotSend1Day,你在 1 天內將無法傳送文字聊天訊息。
Feature.InExperienceIntervention.Description.CannotSend1Hour,你在 1 小時內將無法傳送文字聊天訊息。
Feature.InExperienceIntervention.Description.CannotSend1Min,您在 1 分鐘內將無法傳送文字聊天訊息。
Feature.InExperienceIntervention.Description.CannotSendDays,你在 {number} 天內將無法傳送文字聊天訊息。
Feature.InExperienceIntervention.Description.CannotSendHours,你在 {number} 小時內將無法傳送文字聊天訊息。
Feature.InExperienceIntervention.Description.CantUsePartyChat,您目前無法傳送訊息。如果您再次違規，可能會失去帳號存取權。
Feature.InExperienceIntervention.Description.ChatDisabled,由於您屢次違反 Roblox 的社群標準，我們已暫時停用您在聊天室傳送訊息的權限。
Feature.InExperienceIntervention.Description.ChatIncludes,您的文字聊天包含：
Feature.InExperienceIntervention.Description.ChatSuspension.Day.Expired,{number} 天的聊天功能停權期已結束。若再次違規，可能會遭到停權。
Feature.InExperienceIntervention.Description.ChatSuspension.Days,你有一或多則訊息違反規定，因此無法在接下來的 {number} 天使用聊天功能。若再次違規，可能會遭到停權。
Feature.InExperienceIntervention.Description.ChatSuspension.Hour.Expired,{number} 小時的聊天功能停權期已結束。若再次違規，可能會遭到停權。
Feature.InExperienceIntervention.Description.ChatSuspension.Hours,你有一或多則訊息違反規定，因此無法在接下來的 {number} 小時使用聊天功能。若再次違規，可能會遭到停權。
Feature.InExperienceIntervention.Description.ChatSuspension.Minute.Expired,{number} 分鐘的聊天功能停權期已結束。若再次違規，可能會遭到停權。
Feature.InExperienceIntervention.Description.ChatSuspension.Minutes,你有一或多則訊息違反規定，因此無法在接下來的 {number} 分鐘內使用聊天功能。若再次違規，可能會遭到停權。
Feature.InExperienceIntervention.Description.Disclaimer,我們誤會了嗎？{startLink}若是如此，請告訴我們{endLink}
Feature.InExperienceIntervention.Description.FeedbackHelps,您的回饋有助我們改善系統。
Feature.InExperienceIntervention.Description.LoseAccess,如果此情形再次發生，您可能會失去存取帳號的權限。
Feature.InExperienceIntervention.Description.MayLoseAccess,如果您再次違規，可能會失去存取帳號的權限。
Feature.InExperienceIntervention.Description.Mistake,我們誤會了嗎？
Feature.InExperienceIntervention.Description.PartyChatMayBeSuspended,Roblox 上不允許分享個人資訊。若再次違規，您的聊天功能可能會遭到停用。
Feature.InExperienceIntervention.Description.TextChatMayBeSuspended,若您再次違規，系統可能會暫停您的文字聊天功能使用權限。
Feature.InExperienceIntervention.Heading.CannotChat,您在 {number} 分鐘內無法傳送聊天訊息
Feature.InExperienceIntervention.Heading.ChatBreaksRules,您的文字訊息違反規定
Feature.InExperienceIntervention.Heading.ChatSuspended,暫停聊天功能使用權限 {number} 分鐘
Feature.InExperienceIntervention.Heading.ChatSuspension.1Day,暫停聊天功能 1 天
Feature.InExperienceIntervention.Heading.ChatSuspension.1Hour,暫停聊天功能 1 小時
Feature.InExperienceIntervention.Heading.ChatSuspension.1Minute,聊天功能遭停權 1 分鐘
Feature.InExperienceIntervention.Heading.ChatSuspension.Expired,你可以再次使用聊天功能
Feature.InExperienceIntervention.Heading.ChatSuspension.MultiHour,暫停聊天功能 {number} 小時
Feature.InExperienceIntervention.Heading.ChatSuspension.MultiMinute,聊天功能遭停權 {number} 分鐘
Feature.InExperienceIntervention.Heading.ChatSuspension.Plural,暫停聊天功能權限 {number} 天
Feature.InExperienceIntervention.Heading.DontSharePersonalInformation,請勿分享個人資訊
Feature.InExperienceIntervention.Heading.PartyChatSuspended,暫停聊天功能權限 {remainingTime}
Feature.InExperienceIntervention.Heading.TakeALook,我們會著手調查
Feature.InExperienceIntervention.Heading.TextChatSuspension,文字聊天停權
Feature.InExperienceIntervention.Label.Complete,
Feature.InExperienceIntervention.Label.EndsOn,結束時間：
Feature.InExperienceIntervention.Label.Player,{username}：{evidence}
Feature.InExperienceIntervention.Label.TimeLeft.Day.Plural,
Feature.InExperienceIntervention.Label.TimeLeft.Day.Singular,
Feature.InExperienceIntervention.Label.TimeLeft.Hours,剩下 {time}
Feature.InExperienceShop.Label.BonusItem,額外獎勵物品
Feature.InExperienceShop.Label.DescriptionWithTime,{description} {timeRemaining}
Feature.InExperienceShop.Label.EndTime,{timeRemaining}後結束
Feature.InExperienceShop.Label.NoDescription,無說明
Feature.InExperienceShop.Label.OfferEndTime,{offer}將於 {timeRemaining}後結束
Feature.InExperienceShop.Label.PreviewBanner,這是你在 Roblox Studio 中的商店預覽。玩家不會看到此預覽。
Feature.InExperienceShop.Label.Timer.Day.Plural,{number} 天
Feature.InExperienceShop.Label.Timer.Day.Singular,
Feature.InExperienceShop.Label.Timer.Hour.Plural,
Feature.InExperienceShop.Label.Timer.Hour.Singular,
Feature.InExperienceShop.Label.Timer.Minute.Plural,{number} 分鐘
Feature.InExperienceShop.Label.Timer.Minute.Singular,1 分鐘
Feature.InExperienceShop.Label.Timer.Second.Plural,{number} 秒
Feature.InExperienceShop.Label.Timer.Second.Singular,1 秒
Feature.Item.Label.DeleteFromInventoryConfirmUndercaseDelete,確定要從道具欄永久刪除此道具嗎？若日後改變主意，你必須在體驗中重新取得道具。
Feature.Item.Label.DeleteItemUndercase,刪除道具
Feature.LegallySensitiveContent.Action.FriendDiscovery.NotNow,
Feature.LegallySensitiveContent.Action.FriendDiscovery.TurnOn,
Feature.LegallySensitiveContent.Description.PhoneNumberDiscoverabilityUpsellConsent.FRnm,允許他人用你的手機號碼在 Roblox 上將你新增為好友
Feature.LegallySensitiveContent.Heading.TurnOnFriendDiscovery,開啟好友探索設定
Feature.Moments.Action.AddMusic,新增音樂
Feature.Moments.Action.AddSticker,新增貼紙
Feature.Moments.Action.AddText,新增文字
Feature.Moments.Action.AddVoice,新增語音
Feature.Moments.Action.Back,
Feature.Moments.Action.Cancel,
Feature.Moments.Action.Continue,
Feature.Moments.Action.Delete,
Feature.Moments.Action.Done,
Feature.Moments.Action.Expand,展開
Feature.Moments.Action.GenerateText,生成文字
Feature.Moments.Action.GenerateTextFeedbackNotHelpful,沒有幫助
Feature.Moments.Action.GenerateTextFeedbackPolicy,不當或違規
Feature.Moments.Action.Hide,隱藏詳細資訊
Feature.Moments.Action.HowToCapture,如何截圖
Feature.Moments.Action.Join,
Feature.Moments.Action.Leave,
Feature.Moments.Action.Minimize,最小化
Feature.Moments.Action.Ok,
Feature.Moments.Action.Play,
Feature.Moments.Action.Post,
Feature.Moments.Action.Report,
Feature.Moments.Action.Retry,
Feature.Moments.Action.Return,返回圖庫
Feature.Moments.Action.ReturnToEditing,返回編輯
Feature.Moments.Action.ShowDetails,顯示詳細資訊
Feature.Moments.Action.ShowMore,
Feature.Moments.Action.TrimVideo,裁剪影片
Feature.Moments.Description.CommunityStandards,查看社群標準，瞭解哪些內容可以或不能發佈。
Feature.Moments.Description.EmptyCapturesLibrary,這裡會顯示你的截圖。
Feature.Moments.Description.GenerateTextFeedbackDisclosure,AI 生成內容。你必須對發佈的內容負責，張貼前請先審核。
Feature.Moments.Description.HowToCaptureStep1,加入已啟用截圖功能的體驗，並選擇漢堡選單
Feature.Moments.Description.HowToCaptureStep2,啟用截圖控制項
Feature.Moments.Description.HowToCaptureStep3,擷取遊戲遊玩的照片和影片
Feature.Moments.Description.LeaveMomentsCreation,你即將失去所有變更，但仍可在<b>截圖</b>圖庫中找到此截圖。
Feature.Moments.Description.NoMusicResults,找不到音樂
Feature.Moments.Description.NonInfiniteScrollEndBody,你已到達「美好時光」的中斷處。輕觸下方即可繼續觀看。
Feature.Moments.Description.NothingHereYet,這裡還沒有任何內容...
Feature.Moments.Description.PublishMoment,描述你的「美好時光」
Feature.Moments.Description.StayFriendly,讓我們保持友善的互動
Feature.Moments.Description.TooManyUploads,你今天上傳了太多的影片，請明天再試。
Feature.Moments.Disclaimer.EveryoneMoments,參與「美好時光」的所有人皆可檢視已發佈的內容
Feature.Moments.Label.All,
Feature.Moments.Label.AttemptingJoinExperience,正在嘗試加入 {placeName}。這可能需要幾秒鐘。
Feature.Moments.Label.CaptureLibrary,你的截圖資料庫
Feature.Moments.Label.DeleteMomentBody,美好時光一經刪除即無法復原。
Feature.Moments.Label.DeleteMomentTitle,要刪除美好時光嗎？
Feature.Moments.Label.Error,
Feature.Moments.Label.FeedEndBody,請稍後返回查看，或建立自己的美好時光。
Feature.Moments.Label.FeedEndTitle,你已查看所有的通知
Feature.Moments.Label.FeedFailedToLoad,無法載入饋送
Feature.Moments.Label.FeedMyMoments,我的美好時光
Feature.Moments.Label.FeedTrending,
Feature.Moments.Label.HowToUseCaptureTitle,如何使用截圖功能
Feature.Moments.Label.LinkCopied,連結已複製。
Feature.Moments.Label.LinkCopyFailed,無法複製連結。
Feature.Moments.Label.ModeratedRodeoBody,由於違反《社群標準》，我們已將此「美好時光」移除。如要繼續對外顯示「美好時光」，請務必瞭解並遵守規範。
Feature.Moments.Label.MomentDeletedBody,
Feature.Moments.Label.MomentDeletedTitle,
Feature.Moments.Label.MomentFailedToPostBody,發生錯誤。
Feature.Moments.Label.MomentFailedToPostTitle,無法張貼美好時光
Feature.Moments.Label.MomentPublishedBody,「美好時光」已成功發佈。
Feature.Moments.Label.MomentPublishedTitle,「美好時光」已發佈
Feature.Moments.Label.MomentUnavailable,無法載入美好時光
Feature.Moments.Label.MomentUnavailableDefault,無法使用這個美好時光。
Feature.Moments.Label.MomentsExperienceName,
Feature.Moments.Label.Music,
Feature.Moments.Label.NonInfiniteScrollEndTitle,已查看所有目前的通知
Feature.Moments.Label.Photos,相片
Feature.Moments.Label.PostDeleted,美好時光已刪除
Feature.Moments.Label.PostRemovedBody,你張貼的「美好時光」違反了我們的《社群標準》。
Feature.Moments.Label.PublishingRodeoBody,這不會花太久時間。
Feature.Moments.Label.Reactions,反應
Feature.Moments.Label.ReportReason.BreaksRules,此貼文違反規定
Feature.Moments.Label.ReportReason.IntellectualProperty,此貼文侵犯我的智慧財產權
Feature.Moments.Label.ReportSubmittedBody,感謝你的回饋。
Feature.Moments.Label.ReportSubmittedTitle,已提交檢舉內容
Feature.Moments.Label.RobloxPartnerContent,Roblox 合作夥伴內容
Feature.Moments.Label.RodeoPublishingTitle,正在發佈你的「美好時光」
Feature.Moments.Label.Search,
Feature.Moments.Label.ShareLinkTitle,Roblox 上的美好時光
Feature.Moments.Label.StayFriendlyModeration,請保持友善的互動
Feature.Moments.Label.TextGenerateInProgressBody,請等候 AI 生成的文字，然後再手動編輯疊加圖層。
Feature.Moments.Label.TextGenerateInProgressTitle,生成中
Feature.Moments.Label.TextGenerateOverrideBody,生成的內容將取代目前的文字疊加圖層與說明。
Feature.Moments.Label.TextGenerateOverrideTitle,文字將被取代
Feature.Moments.Label.TextGeneratedBody,已新增 AI 生成的文字疊加圖層與說明
Feature.Moments.Label.TextGeneratedTitle,已生成的文字
Feature.Moments.Label.TextGenerationFailedBody,無法生成文字，請再試一次。
Feature.Moments.Label.TextGenerationFailedTitle,生成失敗
Feature.Moments.Label.TextGenerationFilteredBody,無法為此截圖影片執行生成程序，內容已遭到過濾。
Feature.Moments.Label.TextGenerationFilteredTitle,已過濾生成文字
Feature.Moments.Label.Tone,語氣
Feature.Moments.Label.Tone.Cinematic,電影感
Feature.Moments.Label.Tone.Funny,搞笑
Feature.Moments.Label.Tone.Hype,充滿活力
Feature.Moments.Label.Tone.Neutral,中性
Feature.Moments.Label.Videos,
Feature.Moments.Title.GenerateTextFeedbackReason,發生什麼問題了嗎？
Feature.Moments.Title.GenerateTextOptions,
Feature.Moments.Title.LeaveMomentCreation,要離開「美好時光」建立程序嗎？
Feature.Moments.Title.MomentRemoved,「美好時光」已移除
Feature.Moments.Title.ReportPost,檢舉貼文
Feature.Moments.Tooltip.Creation,參與體驗的所有人皆可檢視你的「美好時光」。
Feature.NativeAds.Label.Ad,
Feature.NotApproved.Action.ReportMistake,回報錯誤
Feature.NotApproved.Label.AbuseType.Advertising,
Feature.NotApproved.Label.AbuseType.Chargeback,退款要求
Feature.NotApproved.Label.AbuseType.CheatandExploits,密技和作弊
Feature.NotApproved.Label.AbuseType.ChildEndangerment,兒童危害
Feature.NotApproved.Label.AbuseType.ChildEndangerment.V2,兒童剝削
Feature.NotApproved.Label.AbuseType.ChildEndangerment.V3,有害內容/行為
Feature.NotApproved.Label.AbuseType.Commerce,商務
Feature.NotApproved.Label.AbuseType.ContestsandSweepstakes,比賽和抽獎
Feature.NotApproved.Label.AbuseType.DMCA,DMCA
Feature.NotApproved.Label.AbuseType.Dating,
Feature.NotApproved.Label.AbuseType.DirectingUsersOffPlatform.V2,引導使用者離開平台
Feature.NotApproved.Label.AbuseType.DiscriminatoryContent,歧視內容
Feature.NotApproved.Label.AbuseType.DisruptiveAudio,干擾性音訊
Feature.NotApproved.Label.AbuseType.EncouragingDangerousBehavior,鼓勵危險行為
Feature.NotApproved.Label.AbuseType.ExtortionandBlackmail,勒索
Feature.NotApproved.Label.AbuseType.Harassment,騷擾
Feature.NotApproved.Label.AbuseType.IllegalandRegulatedContent,違法或被管制內容
Feature.NotApproved.Label.AbuseType.Impersonation,冒充
Feature.NotApproved.Label.AbuseType.IpViolation,侵犯智慧財產權
Feature.NotApproved.Label.AbuseType.IrlDangerousActivities,真實世界危險行為
Feature.NotApproved.Label.AbuseType.MisusingRobloxSystems,濫用 Roblox 系統
Feature.NotApproved.Label.AbuseType.OffPlatformSpeechandBehavior,平台外言論和行為
Feature.NotApproved.Label.AbuseType.Other,
Feature.NotApproved.Label.AbuseType.PoliticalContent,政治內容
Feature.NotApproved.Label.AbuseType.PoliticalContent.V2,政治人物與實體
Feature.NotApproved.Label.AbuseType.PrivacyAskingforPII,隱私：請求 PII
Feature.NotApproved.Label.AbuseType.PrivacyGivingPII,隱私：提供 PII
Feature.NotApproved.Label.AbuseType.Profanity,髒話
Feature.NotApproved.Label.AbuseType.RealLifeThreats,現實生活威脅
Feature.NotApproved.Label.AbuseType.RealLifeTragedy,現實災難
Feature.NotApproved.Label.AbuseType.RealLifeTragedy.V2,現實世界敏感事件
Feature.NotApproved.Label.AbuseType.RobloxEconomy,Roblox 經濟體系
Feature.NotApproved.Label.AbuseType.Scamming,
Feature.NotApproved.Label.AbuseType.SexualContent,色情內容
Feature.NotApproved.Label.AbuseType.Spam,無意義內容
Feature.NotApproved.Label.AbuseType.SuicideSelfHarm,自殺 / 自殘
Feature.NotApproved.Label.AbuseType.Swearing,粗口
Feature.NotApproved.Label.AbuseType.TerrorismExtremism,恐怖主義 / 極端主義
Feature.NotApproved.Label.AbuseType.ThreatsOrAbuseOfRobloxEmployeesOrAffiliates,威脅或欺凌 Roblox 員工或夥伴
Feature.NotApproved.Label.AbuseType.Trademark,商標侵權
Feature.NotApproved.Label.AbuseType.ViolentContentAndGore,暴力內容和血腥
Feature.NotApproved.Label.AbuseType.VirtualCasino,虛擬賭場
Feature.NotApproved.Label.ModeratorNote,審核人員說明
Feature.NotApproved.Label.Reason,原因
Feature.NotApproved.Label.Sublabel.FraudAbuseOfTheAffiliateSystem,濫用聯盟系統
Feature.NotApproved.Label.Sublabel.FraudAttemptedUnauthorizedPaymentMethodUse,嘗試使用未經授權的付款方式
Feature.NotApproved.Label.Sublabel.FraudPaymentAbuse,付款濫用
Feature.NotApproved.Label.Sublabel.FraudRepeatedRefundRequests,重複的退款請求
Feature.NotApproved.Label.Sublabel.FraudSuspiciousAccountPatterns,可疑的帳號模式
Feature.NotApproved.Label.Sublabel.FraudSuspiciousRefundRequests,可疑的退款請求
Feature.NotApproved.Label.Sublabel.FraudUnauthorizedPurchase,購買未經授權
Feature.NotApproved.Label.Sublabel.FraudUseOfUnauthorizedOffPlatformTransactions,使用平台以外的未經授權交易處理 Roblox 內容
Feature.NotApproved.Label.Sublabel.FraudVirtualEconomyAbuse,濫用虛擬經濟
Feature.Notifications.Action.PushUpsellAllow,
Feature.Notifications.Action.PushUpsellNotNow,
Feature.Notifications.Action.SnoozeFifteenMinutes,15 分鐘
Feature.Notifications.Action.SnoozeFourHours,4 小時
Feature.Notifications.Action.SnoozeOneDay,
Feature.Notifications.Action.SnoozeOneHour,
Feature.Notifications.Action.UntilITurnItBackOn,直到我重新開啟為止
Feature.Notifications.Heading.PushUpsellChat,保持聯繫
Feature.Notifications.Heading.PushUpsellGeneric,千萬別錯過
Feature.Notifications.Heading.RemoveSnoozeFeedback,{title}通知已取消靜音
Feature.Notifications.Heading.SnoozeFeedback,{title} 通知靜音 {duration}
Feature.Notifications.Heading.TurnOnNotifications,開啟通知
Feature.Notifications.Label.GetUpdatesFromExperience,當您不在時接收「{experienceName}」的通知？
Feature.Notifications.Label.PushUpsellChat,允許推播通知，即可獲得聊天、Party 邀請、內容建議等更新。
Feature.Notifications.Label.PushUpsellGeneric,取得聊天訊息、邀請、好友邀請等活動的通知。
Feature.Notifications.Label.ReceiveActivityUpdates,當您不在時接收活動更新
Feature.Notifications.Label.SecondsAbbreviated,秒
Feature.Notifications.Response.NotificationsEnabled,此體驗的通知已開啟
Feature.Notifications.Response.NotificationsEnabledForExperience,「{experienceName}」的通知已開啟
Feature.PaidAccessPurchases.Webview.Title.Checkout,
Feature.PaidAccessRefunds.Webview.Title.RequestRefund,請求退款
Feature.Parents.Action.SendEmail,傳送電子郵件
Feature.Parents.Description.EnterParentEmail.ChildInstructions,請貴家長協助你完成此步驟。我們會傳送電子郵件給貴家長以驗證年齡，並將家長連結至你的帳號。
Feature.Parents.Description.EnterParentEmail.NoPC,連結帳號後，家長就能核准子女的特定操作。
Feature.Parents.Description.EnterParentEmail.PC,連結帳號後，家長可以使用家長監護功能，並查看孩子的螢幕使用時間、花費等深入分析資訊。
Feature.Parents.Description.EnterParentEmailV4,請尋求家長協助進行此步驟。{lineBreak}我們會傳送電子郵件給您的家長以驗證年齡，並連結到您的帳號。{lineBreak}連結後，家長將可使用家長監護、孩子的螢幕使用時間與好友洞察報告等功能。
Feature.Parents.Description.EnterParentEmailWithoutParentalControl,請尋求家長協助進行此步驟。{lineBreak}我們會傳送電子郵件給您的家長以驗證年齡，並連結到您的帳號。{lineBreak}連結後，家長可核准孩子的特定動作。
Feature.Parents.Description.ParentalEmailFooter,這個電子郵件地址將與您具有家長權限的 Roblox 帳號相連。欲深入了解我們的資料規範，請瀏覽{linkStart}隱私權政策{linkEnd}。
Feature.Parents.Label.Email,電子郵件地址
Feature.Parents.Label.ParentEmail,家長的電子郵件地址
Feature.Parents.Message.ConflictingPendingConsent,您已提出許可請求。若要提交新的請求，請先在「設定」中取消您的請求。
Feature.Parents.Message.EmailIneligible,這個電子郵件地址不符資格。請使用另一個電子郵件地址在 Roblox 申請家長許可。
Feature.Parents.Message.InvalidEmail,電子郵件地址無效
Feature.Parents.Message.RequestCreatedEmailNotSent,連結 Roblox 帳號後，您的家長會在家長監護中看到此要求。
Feature.Parents.Message.SomethingWentWrong,有地方出錯
Feature.Parents.Message.TooManyAttemptAskParent,嘗試次數過多。如果您已提出許可請求，可以請您的家長查看電子郵件。
Feature.Parents.Message.TooManyAttempts,
Feature.Parents.Title.EnterParentEmailV2,輸入家長的電子郵件地址
Feature.Parents.Title.SomethingWentWrong,
Feature.PlayerSearchResults.Action.AddFriend,
Feature.PlayerSearchResults.Label.FromSearch,透過搜尋
Feature.PlayerSearchResults.Label.Previously,之前為
Feature.PlayerSearchResults.Label.ThisIsYou,這是您
Feature.PlayerSearchResults.Label.YouAreFollowing,您在追蹤
Feature.Profile.Action.AboutThisProfile,關於此個人檔案
Feature.Profile.Action.Accept,
Feature.Profile.Action.AcceptFriends,
Feature.Profile.Action.Add,
Feature.Profile.Action.Chat,
Feature.Profile.Action.CopyProfileLink,複製個人檔案連結
Feature.Profile.Action.EditAppearance,編輯外觀
Feature.Profile.Action.EditAvatar,編輯虛擬人偶
Feature.Profile.Action.EditBackground,編輯背景
Feature.Profile.Action.EditEmotes,編輯動作
Feature.Profile.Action.EditLook,編輯造型
Feature.Profile.Action.JoinGame,
Feature.Profile.Action.Pending,
Feature.Profile.Action.Save,
Feature.Profile.Action.ShareProfile,分享個人檔案
Feature.Profile.Action.ShareProfileLink,分享個人檔案連結
Feature.Profile.Action.SwitchAvatar,
Feature.Profile.Action.ToQRCode,
Feature.Profile.Action.UserBlocked,
Feature.Profile.Action.ViewFullProfile,檢視完整個人檔案
Feature.Profile.Action.ViewProfile,
Feature.Profile.Description.AboutModalCaption,讓其他玩家更認識您。請保護自己的安全，不要透露私人的詳細資訊。
Feature.Profile.Description.InspectAndBuy,按一下即可查看並購買他們的造型。
Feature.Profile.Description.QrCodeDescription,讓其他人掃描你的 QR 碼，即可在 Roblox 上互動交流。已完成年齡驗證且年滿 13 歲的使用者透過即時掃描 QR 碼，就能成為信任的好友。
Feature.Profile.Description.QrCodeDescription.FriendsRename,讓其他人掃描你的 QR 碼，即可在 Roblox 上互動交流。已完成年齡驗證且年滿 13 歲的使用者透過即時掃描 QR 碼，便可成為信任的聯絡對象。
Feature.Profile.Description.QrCodeScanning,讓其他人使用 QR 掃描儀掃描您的 Roblox QR 碼，快速新增您為好友！
Feature.Profile.Description.RecognizeConnectionsByCustomName,設定自訂名稱即可更輕鬆辨識好友。從通訊錄匯入的名稱和自訂名稱只會向你顯示。
Feature.Profile.Description.RecognizeFriendsByCustomName,設定自訂名稱即可更輕鬆辨識朋友。從聯絡人輸入的名稱和自訂名稱只會顯示給您本人。
Feature.Profile.Description.SaySomething,
Feature.Profile.Description.ScanQR,讓認識的人掃描你的 QR 碼，將你新增為聯絡對象。
Feature.Profile.Description.SetCustomName,"設定<font weight=""medium"">{displayName}</font>的自訂名稱。"
Feature.Profile.Description.SetCustomNameNoDisplayName,請設定自訂名稱。
Feature.Profile.Description.SocialNetworksCaptionEveryone,目前所有人都能看見。
Feature.Profile.Description.SocialNetworksCaptionFollowers,目前好友、您追蹤的使用者和您的追蹤者可以看見。
Feature.Profile.Description.SocialNetworksCaptionFollowing,目前好友和您追蹤的使用者可以看見。
Feature.Profile.Description.SocialNetworksCaptionFriends,目前好友可以看見。
Feature.Profile.Description.SocialNetworksCaptionNoOne,目前沒有人可以看見。
Feature.Profile.Description.UsernameInsufficientFunds,你需要 {icon}{rbx} 更多更改您的使用者名稱。您想購買更多 Robux 嗎?
Feature.Profile.Description.UsernamePrice,1000
Feature.Profile.Header.BuyWholeLook,購買整體造型
Feature.Profile.Header.InspectAndBuy,{username} 的虛擬人偶
Feature.Profile.Header.InspectAndBuy.BuySection,合計（{numberOfSelectedItems}/{totalNumberOfItems} 個物品）
Feature.Profile.Header.InspectAndBuy.Tooltip,
Feature.Profile.Header.Inventory,
Feature.Profile.Header.Store,
Feature.Profile.Heading.AgedUpDisplayName,
Feature.Profile.Heading.AgedUpDisplayNameUpdated,已更新名稱。
Feature.Profile.Heading.DisplayName,顯示名稱
Feature.Profile.Heading.DisplayNameUpdated,已更新顯示名稱
Feature.Profile.Heading.EditAgedUpDisplayName,編輯名稱
Feature.Profile.Heading.EditDisplayName,編輯顯示名稱
Feature.Profile.Heading.InsufficientFunds,資金不足
Feature.Profile.Heading.ProfileFrame,個人檔案外框
Feature.Profile.Heading.ProfilePictureSaved,已成功儲存個人檔案照片
Feature.Profile.Heading.ProfileQRCode,
Feature.Profile.Heading.Statistics,數據
Feature.Profile.Heading.Username,
Feature.Profile.Heading.UsernameUpdated,使用者名稱已更新
Feature.Profile.Label.AboutDetailsHeading,關於 {name}
Feature.Profile.Label.AboutPlaceholder,說點什麼……
Feature.Profile.Label.AddFriend,
Feature.Profile.Label.AgedUpDisplayNameCaption,這會是您在 Roblox 上向其他使用者顯示的主要公開名稱。請選擇您的好友認得出您的名稱，例如真名。
Feature.Profile.Label.AgedUpDisplayNameConnectionsCaption,這會是您在 Roblox 上向其他使用者顯示的主要公開名稱。請選擇一個易於辨識的名稱，例如真名。
Feature.Profile.Label.AgedUpDisplayNameFailed,"無法儲存名稱。請嘗試其他名稱。
"
Feature.Profile.Label.AgedUpDisplayNameFriendsCaption,這是在 Roblox 上向其他使用者顯示的主要公開名稱。請選擇好友能認得出你的名稱，例如：真名。
Feature.Profile.Label.AgedUpDisplayNameModalCaption,"您的名稱每 7 天只能變更一次。
"
Feature.Profile.Label.AgedUpDisplayNameTooShort,名稱至少要有 3 個字元。
Feature.Profile.Label.Cancel,
Feature.Profile.Label.CustomName,自訂名稱
Feature.Profile.Label.CustomizeName,
Feature.Profile.Label.CustomizeNamePlaceholder,
Feature.Profile.Label.DisplayNameCaption,這會是您在 Roblox 上向其他使用者顯示的主要公開名稱。
Feature.Profile.Label.DisplayNameFailed,無法儲存顯示名稱。請再試一次。
Feature.Profile.Label.DisplayNameModalCaption,您的顯示名稱每 7 天只能變更一次。
Feature.Profile.Label.DisplayNameTooShort,顯示名稱至少要有 3 個字元。
Feature.Profile.Label.EditBackground,
Feature.Profile.Label.NoBioYet,尚無簡介
Feature.Profile.Label.NoPreviousName,沒有先前的名稱
Feature.Profile.Label.NoSocialLink,尚無社交連結
Feature.Profile.Label.PlayedTogetherInGameDescription,曾在「{experience_name}」一起遊玩
Feature.Profile.Label.PlayingExperience,正在遊玩 <b>{experienceName}</b>
Feature.Profile.Label.QRCodeFriendRequest,從您的 QR 碼傳送
Feature.Profile.Label.RecentAgedUpDisplayName,"您近期已變更過名稱。每 7 天只能變更名稱一次。
"
Feature.Profile.Label.RecentDisplayName,近期已變更過顯示名稱。您的顯示名稱每 7 天只能變更一次。
Feature.Profile.Label.UnableToJoin,無法加入
Feature.Profile.Label.UserIsPlayingExperience,<b>{userName}</b> 正在玩<b>{experienceName}</b>
Feature.Profile.Label.UsernameDescription,這是您在 Roblox 上的獨特名稱。變更您的使用者名稱需花費 {icon}{price}。
Feature.Profile.Label.ViewDetails,
Feature.Profile.Message.BlockError,無法封鎖該使用者，您封鎖的人數可能過多。
Feature.Profile.Message.FriendAdded,
Feature.Profile.Message.InvalidAliasError,無法儲存名稱。請嘗試其他名稱。
Feature.Profile.Message.NoExperienceAccess,您沒有權限進入 {name} 所在的體驗。
Feature.Profile.Message.QRLoadFailed,無法載入。
Feature.Profile.Message.QRNofificationRequest,已從 QR 碼向您傳送好友邀請
Feature.Profile.Message.QRNotificationRequest,已透過 QR 碼向你傳送好友邀請
Feature.Profile.Message.QRNotificationRequest.FriendsRename,已從 QR 碼向你傳送好友邀請
Feature.Profile.Title.QrScanner,QR 掃描儀
Feature.Profile.Tooltip.CurrencyTransfer.Body,你現在可以傳送 Robux 了。
Feature.Profile.Tooltip.CustomNameProfile,設定自訂名稱以更輕易地辨識好友。
Feature.Profile.Tooltip.DisplayName,更新名稱，讓好友認出您來。
Feature.Profile.Tooltip.QrScanner,掃描好友的 QR 碼，在 Roblox 上快速將他們加入好友名單。
Feature.ProfileBadges.VerifiedBadgeInfo,認證徽章代表創作者是知名且正牌的創作者、品牌或公眾人物。
Feature.ProfileBadges.VerifiedBadgeInfoLink,
Feature.ProfileBadges.VerifiedBadgeInfoTitle,驗證徽章
Feature.ProfileBadges.action.close,
Feature.QualtricsSurveyPrompt.Action.Close,
Feature.QualtricsSurveyPrompt.Action.Continue,
Feature.QualtricsSurveyPrompt.Action.Done,
Feature.QualtricsSurveyPrompt.Action.Next,
Feature.QualtricsSurveyPrompt.Action.Retry,
Feature.QualtricsSurveyPrompt.Action.Send,
Feature.QualtricsSurveyPrompt.Description.Error,
Feature.QualtricsSurveyPrompt.Description.TakeAQuickSurvey,參與簡短調查，協助改善 Roblox。
Feature.QualtricsSurveyPrompt.Heading.GiveUsFeedback,分享您的回饋
Feature.QualtricsSurveyPrompt.Response.SurveySubmitted,
Feature.ReportAbuse.Action.AttachScreenshot,附加螢幕擷取畫面
Feature.ReportAbuse.Action.BackToExperience,返回「體驗」
Feature.ReportAbuse.Action.BuildAReport,文字模式
Feature.ReportAbuse.Action.Close,
Feature.ReportAbuse.Action.Continue,
Feature.ReportAbuse.Action.ContinueReport,繼續檢舉
Feature.ReportAbuse.Action.EnterChatLineReporting,
Feature.ReportAbuse.Action.EnterSceneReporting,進入醒目模式
Feature.ReportAbuse.Action.ErrorModalGoBack,
Feature.ReportAbuse.Action.HighlightScene,標記場景
Feature.ReportAbuse.Action.Next,
Feature.ReportAbuse.Action.Retake,重新擷取
Feature.ReportAbuse.Action.RetakeScene,重新擷取場景
Feature.ReportAbuse.Action.ReturnToExperience,返回體驗
Feature.ReportAbuse.Action.SelectInScene,醒目模式
Feature.ReportAbuse.Action.Submit,
Feature.ReportAbuse.Action.TextMute,封鎖來自「{name}」的訊息
Feature.ReportAbuse.DSAIllegal.ReportLink,檢舉內容違反歐盟《數位服務法》。
Feature.ReportAbuse.DSAIllegal.ReportPageTitle,檢舉違法內容
Feature.ReportAbuse.Description.IpInfringementReportModal,<b>請儲存此代碼。</b>你需要此代碼才能使用<b>創作者中心</b>的<b>智慧財產權</b>工具，或透過電子郵件完成<b>移除申請</b><i>（詳情請參閱使用條款）</i>。<b>此代碼的有效期僅為 48 小時。</b>
Feature.ReportAbuse.Heading.ReportAbuse,
Feature.ReportAbuse.Heading.ReportUsingSelectInScene,使用醒目模式回報
Feature.ReportAbuse.Heading.SelectInSceneErrorTitle,錯誤：最多 5 個圓圈
Feature.ReportAbuse.Label.Avatar,
Feature.ReportAbuse.Label.CantSelectSubtitle,選擇「下一步」來檢舉整個體驗。
Feature.ReportAbuse.Label.CantSelectTitle,無法醒目顯示某項物品嗎？
Feature.ReportAbuse.Label.CategoryBullyingV2,霸凌、騷擾、歧視
Feature.ReportAbuse.Label.CategoryContent,內容不當：地點、圖像、模型
Feature.ReportAbuse.Label.CategoryDating,
Feature.ReportAbuse.Label.CategoryInappropriate,言語不當：髒話及成人內容
Feature.ReportAbuse.Label.CategoryOther,其他違規行為
Feature.ReportAbuse.Label.CategoryPrivateInfo,索取或提供私人資訊
Feature.ReportAbuse.Label.CategoryScamming,剝削、欺騙、詐騙
Feature.ReportAbuse.Label.CategoryTheft,帳號盜竊：網路釣魚、駭客、交易
Feature.ReportAbuse.Label.CategoryThreats,生命或自殺威脅
Feature.ReportAbuse.Label.ChooseOne,請選擇一項
Feature.ReportAbuse.Label.Content,不當內容
Feature.ReportAbuse.Label.Experience,
Feature.ReportAbuse.Label.FinishChatReport,完成您的聊天檢舉
Feature.ReportAbuse.Label.GenericReportIllegalContentMessage,
Feature.ReportAbuse.Label.HighlightProblem,使用圓圈來標示出問題所在
Feature.ReportAbuse.Label.HighlightProblemPrecise,醒目標示問題
Feature.ReportAbuse.Label.Optional,可選
Feature.ReportAbuse.Label.Person,人員
Feature.ReportAbuse.Label.PleaseSelectOne,請選擇一項。
Feature.ReportAbuse.Label.Report,
Feature.ReportAbuse.Label.ReportSubmitted,已提交檢舉
Feature.ReportAbuse.Label.ReportType,體驗還是人員？
Feature.ReportAbuse.Label.SelectChatLine,選取一個聊天來檢舉
Feature.ReportAbuse.Label.SelectInSceneComplete,我們將運用您的檢舉報告，讓 Roblox 成為所有人都能安全享受樂趣的地方。
Feature.ReportAbuse.Label.SelectInSceneDescription1,使用最多 5 個圓圈來標示問題所在
Feature.ReportAbuse.Label.SelectInSceneDescription2,請告訴我們問題出在哪裡
Feature.ReportAbuse.Label.SelectInSceneDescription3,提交報告
Feature.ReportAbuse.Label.SelectInSceneDescriptionPrecise1,輕觸、拖曳或按一下以醒目標示問題
Feature.ReportAbuse.Label.SelectInSceneErrorDescription,您最多可以放置 5 個圓圈來標示出問題所在。使用復原按鈕可移除圓圈。
Feature.ReportAbuse.Label.SelectPerson,選擇場景裡的人
Feature.ReportAbuse.Label.SelectProblem,選擇場景裡的問題
Feature.ReportAbuse.Label.SentInAnotherChat,於另一個聊天室傳送
Feature.ReportAbuse.Label.SentPrivately,私下傳送
Feature.ReportAbuse.Label.TakeItDownCopy,依美國法典第 47 編第 223a 條定義，檢舉未經同意的私密影像。
Feature.ReportAbuse.Label.TellUsWhatHappened,告訴我們發生了什麼事。（可省略）
Feature.ReportAbuse.Label.TellUsWhatHappenedNoOptional,告訴我們發生了什麼事：
Feature.ReportAbuse.Label.TextChat,
Feature.ReportAbuse.Label.UserTextMuted,我們已封鎖來自「{name}」的訊息
Feature.ReportAbuse.Label.UserTextMutedError,我們無法封鎖來自「{name}」的訊息
Feature.ReportAbuse.Label.WhatWasWrong,發生了什麼狀況？
Feature.ReportAbuse.Label.WhereDidItHappen,是在哪裡發生的？
Feature.ReportAbuse.Label.YourReportCode,你的專屬檢舉代碼：
Feature.ReportAbuse.Message.ChatLineReportingInfoText,您的報告將包含此頻道中的所有訊息，包含您選擇的訊息。
Feature.ReportAbuse.Message.ErrorSubmit,提交檢舉時發生問題。
Feature.ReportAbuse.Message.OSACopy1,我們會審核您的檢舉內容，並採取適當行動。我們不會與您檢舉的使用者分享您的資訊。
Feature.ReportAbuse.Message.OSACopy2,我們不會自動封鎖您檢舉的使用者或內容。若您想限制與特定使用者的互動，可以封鎖對方。
Feature.ReportAbuse.Message.OSACopy3,您也可以根據英國《網路安全法》檢舉非法內容。
Feature.ReportAbuse.Message.OSACopy4,檢舉非法內容和／或對兒童有害的內容。
Feature.ReportAbuse.Message.OSACopyReadOnly,如要檢舉非法內容和／或對兒童有害的內容，請造訪：https://www.roblox.com/illegal-content-reporting
Feature.ReportAbuse.Message.ProblemNotInScene,如果問題不在這個場景裡，您可以「重新擷取」螢幕畫面。
Feature.ReportAbuse.Message.ReportInformationCopy,我們會審核檢舉內容，並採取適當處置。我們不會與你檢舉的使用者分享你的資訊。檢舉使用者或內容不會將對方自動封鎖。
Feature.ReportAbuse.Message.RetakeScene,請協助我們了解您遇到的狀況。只要選擇「檢舉」，我們就會立刻擷取場景。
Feature.ReportAbuse.Message.Success,檢舉已送出。
Feature.ReportAbuse.Message.ThankYouReport,感謝您。我們將運用您的檢舉報告，讓 Roblox 成為所有人都能安全享受樂趣的地方。
Feature.ReportAbuse.Message.UserTextMuted,您將不會在此體驗中收到這名使用者的任何文字訊息。
Feature.ReportAbuse.Message.UserTextMutedErrorDoesNotExist,我們找不到「{name}」。他可能已離開體驗。
Feature.ReportAbuse.Message.UserTextMutedErrorSelf,您無法封鎖自己的訊息。
Feature.ReportAbuse.Message.UserTextMutedSystem,已將使用者「{name}」靜音。輸入「/unmute {name}」可解除靜音。
Feature.ReportAbuse.Problem.Bullying,
Feature.ReportAbuse.Problem.Cheating,作弊
Feature.ReportAbuse.Problem.Dating,約會/性
Feature.ReportAbuse.Problem.Hate,仇恨
Feature.ReportAbuse.Problem.IpInfringement,
Feature.ReportAbuse.Problem.Links,平台外連結
Feature.ReportAbuse.Problem.Personal,個人資訊
Feature.ReportAbuse.Problem.Scamming,
Feature.ReportAbuse.Problem.Spamming,垃圾內容
Feature.ReportAbuse.Problem.Swearing,
Feature.ReportAbuse.Problem.Violence,暴力
Feature.ReportAbuse.ProblemDescription.Bullying,霸凌、騷擾或威脅
Feature.ReportAbuse.ProblemDescription.Cheating,破壞規則，或使用駭客技術或程式碼作弊
Feature.ReportAbuse.ProblemDescription.Dating,約會、浪漫或性愛
Feature.ReportAbuse.ProblemDescription.Hate,仇恨、誹謗或歧視
Feature.ReportAbuse.ProblemDescription.IpInfringement,未經授權使用我的內容
Feature.ReportAbuse.ProblemDescription.Links,連結到 Roblox 外的網站或 App
Feature.ReportAbuse.ProblemDescription.Personal,索取或提供個人資訊
Feature.ReportAbuse.ProblemDescription.Scamming,詐騙、詐欺或假交易
Feature.ReportAbuse.ProblemDescription.Spamming,傳送垃圾郵件或重複訊息
Feature.ReportAbuse.ProblemDescription.Swearing,粗口、謾罵或髒話
Feature.ReportAbuse.ProblemDescription.Violence,嫉妒暴力或血腥
Feature.ReportAbuse.ProblemSurface.Avatar,虛擬人偶服裝或飾品
Feature.ReportAbuse.ProblemSurface.DrawingOrCreation,圖畫或創作
Feature.ReportAbuse.ProblemSurface.Experience,遊戲或體驗
Feature.ReportAbuse.ProblemSurface.ItemOrAsset,道具或素材
Feature.ReportAbuse.ProblemSurface.Movement,玩家行為或動作
Feature.ReportAbuse.ProblemSurface.MusicOrSoundEffect,音樂或音效
Feature.ReportAbuse.ProblemSurface.TextChat,文字
Feature.ReportAbuse.ProblemSurface.Username,
Feature.ReportAbuse.Title.SelectInSceneContinueYourReport,
Feature.ReportAbuse.Title.SelectInSceneFinishYourReport,完成報告
Feature.ReportAbuse.Title.SelectInSceneIpReport,感謝你提出智慧財產權侵權檢舉
Feature.ReportAbuse.Title.SelectInSceneThankYou,
Feature.RobloxSubscription.Action.Subscribe,訂閱
Feature.RobloxSubscription.Action.TryItForFree,免費試用
Feature.RobloxSubscription.Body.AlreadySubscribed,您的 Plus 訂閱已提供遊戲內的福利。
Feature.RobloxSubscription.Body.GenericError,目前無法完成此操作，請再試一次。
Feature.RobloxSubscription.Body.UnsupportedPlatform,此訂閱無法在該裝置上購買。
Feature.RobloxSubscription.Description.AgeCheckTrial,完成年齡驗證，即可免費使用 Roblox Plus 一週，以表我們的謝意。無需提供付款方式，就能免費試用。
Feature.RobloxSubscription.Description.Benefit.Customize,透過個人檔案外框和 App 主題自訂
Feature.RobloxSubscription.Description.Benefit.DiscountV2,前 60 天享道具和虛擬人偶 10% 優惠，之後享 20% 優惠
Feature.RobloxSubscription.Description.ExclusiveBenefits,用更少的 Robux 享受更多樂趣。訂閱 Roblox Plus。
Feature.RobloxSubscription.Disclosure.BlackbirdTermsAgreement,"按一下\u{201C}{ctaText}\u{201D}，即表示您同意 <a href=""{termsUrl}"">Roblox 訂閱條款</a>。系統將每月自動向您收取費用，直到取消訂閱為止。"
Feature.RobloxSubscription.Label.BlackbirdPSDiscount,免費私人伺服器
Feature.RobloxSubscription.Label.BlackbirdPriceTag,{price}/{periodType}
Feature.RobloxSubscription.Label.BlackbirdTr,免費傳送 Robux
Feature.RobloxSubscription.Label.BlackbirdUpsellBanner,使用 Roblox Plus 可享 {discountPercentage}% 折扣
Feature.RobloxSubscription.Label.BlackbirdVTDiscountFirst,遊戲內物品、虛擬人偶等可享 {discountPercent}% 折扣
Feature.RobloxSubscription.Label.BlackbirdVTDiscountSecond,在 {periodIndex} {periodType}後，這些物品可享 {discountPercent}% 折扣
Feature.RobloxSubscription.Label.FreeTrialDisclosureShort,按一下「繼續」，即表示你同意 {linkStart}Roblox 訂閱條款{linkEnd}。
Feature.RobloxSubscription.Label.FreeTrialDisclosureV2,按一下「免費試用」，即表示您同意 {linkStart}Roblox 訂閱條款。{linkEnd}您的免費試用期將於 1 個月後結束，之後系統將每月自動向您收費。您可以隨時取消訂閱。
Feature.RobloxSubscription.Label.FreeTrialText,取得免費試用
Feature.RobloxSubscription.Label.RobloxPlusPriceRowV2,{boldStart}免費試用 1 個月{boldEnd}，之後 {price}／{periodType}
Feature.RobloxSubscription.Label.month,個月
Feature.RobloxSubscription.Label.months,
Feature.RobloxSubscription.Title.AgeCheckTrial,取得 Plus 一週免費使用權
Feature.RobloxSubscription.Title.AlreadySubscribed,好消息
Feature.RobloxSubscription.Title.GenericError,
Feature.RobloxSubscription.Title.GetBlackbird,取得 Roblox Plus
Feature.RobloxSubscription.Title.UnsupportedPlatform,此處無法使用 Roblox Plus
Feature.SafetyDashboard.Heading.AccountStatus.V2,帳號狀態、違規和上訴
Feature.Schools.Label.Classmates,同學
Feature.Screentime.Content.ScreentimeLimitDialog,您已達到每日螢幕使用時間上限。請明天再回來 Roblox。
Feature.SecurityFeedback.Header.NewLogin,新活動提醒
Feature.Settings.Label.Error,
Feature.SettingsHub.Action.AllowInSettings,在「設定」中允許
Feature.SettingsHub.Action.Block,
Feature.SettingsHub.Action.Cancel,
Feature.SettingsHub.Action.CancelSearch,
Feature.SettingsHub.Action.CaptureScene,擷取影像
Feature.SettingsHub.Action.ConnectVoiceChat,連接至語音聊天功能
Feature.SettingsHub.Action.InviteFriend,
Feature.SettingsHub.Action.InviteFriendsBack,
Feature.SettingsHub.Action.MuteAll,全面靜音
Feature.SettingsHub.Action.NotNow,
Feature.SettingsHub.Action.Ok,
Feature.SettingsHub.Action.OpenSettings,
Feature.SettingsHub.Action.Report.Done,
Feature.SettingsHub.Action.TurnOn,
Feature.SettingsHub.Action.Unblock,
Feature.SettingsHub.Action.UnmuteAll,解除全面靜音
Feature.SettingsHub.Chat.ChatLanguageSelectionLabel,聊天翻譯語言
Feature.SettingsHub.Chat.TranslationSetting,自動翻譯聊天
Feature.SettingsHub.Chat.TranslationToggleSetting,檢視未翻譯訊息的選項
Feature.SettingsHub.Default.DynamicThumbstick,預設（動態類比搖桿）
Feature.SettingsHub.Description.CameraPermissionRequestQRCode,我們需要存取你的相機，以便你掃描 QR 碼。
Feature.SettingsHub.Description.ChatWithVoiceDisabledUntil,由於您的行為可能違反社群標準，您的語音聊天使用權已被停用，直到 {dateTime}為止。
Feature.SettingsHub.Description.ContactsPermissionAndroid,"1. 選擇「權限」
2. 選擇「聯絡人」
3. 允許 Roblox 存取您的聯絡人"
Feature.SettingsHub.Description.ContactsPermissionAndroidDeeplinkNotSupported,"1. 前往「設定」>「權限」
2. 選擇「聯絡人」
3. 允許 Roblox 存取聯絡人"
Feature.SettingsHub.Description.ContactsPermissionIOS,請先允許 Roblox 存取您的聯絡人，才能尋找好友。
Feature.SettingsHub.Description.ContactsPermissionRequest,我們需要存取你的通訊錄，以便你與好友交流。
Feature.SettingsHub.Description.PeoplesNames,在遊戲中向其他人員顯示或隱藏你的徽章。
Feature.SettingsHub.Description.QRCodeCameraPermissionAndroid,"1. 選擇「權限」
2. 選擇「相機」
3. 允許 Roblox 存取您的相機"
Feature.SettingsHub.Description.QRCodeCameraPermissionAndroidDeeplinkNotSupported,"1. 前往「設定」>「權限」
2. 選擇「相機」
3. 允許 Roblox 存取您的相機"
Feature.SettingsHub.Description.QRCodeCameraPermissionIOS,請先允許 Roblox 存取您的相機，才能掃描 QR 碼。
Feature.SettingsHub.Description.SelectAvatarToCheckoutItems,選擇一個虛擬人偶，即可查看對方穿戴的道具。
Feature.SettingsHub.Description.SelectUsernameToViewProfile,選擇名稱即可檢視個人檔案。
Feature.SettingsHub.GameSettings.DisplayBadges,顯示我的徽章
Feature.SettingsHub.GameSettings.FramerateCapDefaultEntry,預設 ({Frames} FPS)
Feature.SettingsHub.GameSettings.FramerateEntry,{Frames} FPS
Feature.SettingsHub.GameSettings.GuiVisibility.Freecam,自由視角
Feature.SettingsHub.GameSettings.GuiVisibility.ShowGuiType,顯示 GUI：'{GuiType}'
Feature.SettingsHub.GameSettings.InputDevice,輸入裝置
Feature.SettingsHub.GameSettings.MaximumFramerate,最高畫面播放速率
Feature.SettingsHub.GameSettings.MaximumFramerate.Description,調整影格速率可讓遊戲更順暢。更高影格速率會消耗更多效能，且超過顯示器更新速率的影格將不會顯示。
Feature.SettingsHub.GameSettings.MicroProfiler,MicroProfiler
Feature.SettingsHub.GameSettings.MyBadges,我的徽章
Feature.SettingsHub.GameSettings.OutputDevice,輸出裝置
Feature.SettingsHub.GameSettings.PeopleNames,顯示人員名稱
Feature.SettingsHub.GameSettings.PeopleNames.Description,在遊戲中顯示或隱藏人員上方的名稱。部分遊戲可能設有自訂設定，可覆寫你的偏好設定。
Feature.SettingsHub.GameSettings.PeoplesNames,人員名稱
Feature.SettingsHub.Heading.InviteFriends,
Feature.SettingsHub.Heading.InviteUser,邀請 {DisplayName}？
Feature.SettingsHub.Heading.Report.ThanksForReport,感謝您的檢舉！
Feature.SettingsHub.Label.AttachScreenshot,要附上螢幕截圖嗎？（可選）
Feature.SettingsHub.Label.Captures,
Feature.SettingsHub.Label.ChooseOne,選擇一項
Feature.SettingsHub.Label.Connect,連線
Feature.SettingsHub.Label.Connected,已連接
Feature.SettingsHub.Label.ConnectionsListLoadErrorMessage,無法載入聯繫對象，請稍後再試。
Feature.SettingsHub.Label.DefaultInviteMessage,邀請 {DisplayName} 加入您？
Feature.SettingsHub.Label.Disconnect,中斷連線
Feature.SettingsHub.Label.Disconnected,已連線中斷
Feature.SettingsHub.Label.DontLeaveButton,
Feature.SettingsHub.Label.FriendsListLoadErrorMessage,無法載入好友。請稍後再試。
Feature.SettingsHub.Label.GameInviteError,無法傳送體驗邀請，請稍後再試。
Feature.SettingsHub.Label.Hide,
Feature.SettingsHub.Label.InviteSearchNoResults,
Feature.SettingsHub.Label.Invited,已邀請
Feature.SettingsHub.Label.LeaveButton,
Feature.SettingsHub.Label.LoadingFriendsListFailed,
Feature.SettingsHub.Label.MethodOfAbuse,濫用類型？
Feature.SettingsHub.Label.Moderated,已遭過濾
Feature.SettingsHub.Label.ModeratedInviteError,體驗邀請遭到過濾，無法傳送。
Feature.SettingsHub.Label.Mute,
Feature.SettingsHub.Label.NoConnectionsPageMessage,新增聯繫對象一起探索。
Feature.SettingsHub.Label.NoConnectionsScreen,建立聯繫對象，一起同樂！
Feature.SettingsHub.Label.NoFriendsPageMessage,新增好友一起探索。
Feature.SettingsHub.Label.NoFriendsScreen,結交好友，開始同樂！
Feature.SettingsHub.Label.QuitButton,退出
Feature.SettingsHub.Label.ReasonForAbuse,檢舉濫用的原因？
Feature.SettingsHub.Label.Report.BlockDisplayName,封鎖 {DISPLAY_NAME}（@{RBX_NAME}）
Feature.SettingsHub.Label.Report.OtherActionsHeader,其他可以採取的步驟
Feature.SettingsHub.Label.Report.ReceivedReportBody,我們收到了您的檢舉報告，並會盡快採取行動。我們有了您的幫助才能維護社群的安全。
Feature.SettingsHub.Label.ReportComment,
Feature.SettingsHub.Label.SceneCaptured,影像已擷取
Feature.SettingsHub.Label.SearchForFriendsPlaceholder,搜尋聯絡對象
Feature.SettingsHub.Label.SearchForFriendsPlaceholder.FriendsRename,
Feature.SettingsHub.Label.Sending,正在傳送
Feature.SettingsHub.Label.Show,
Feature.SettingsHub.Label.Unmute,
Feature.SettingsHub.Label.VoiceChat,
Feature.SettingsHub.Label.WhichPlayer,哪一位使用者？
Feature.SettingsHub.LanguageSelection.SettingLabel,遊戲語言
Feature.SettingsHub.LanguageSelection.Unavailable,
Feature.SettingsHub.Message.InviteToGameTitle,來 {PLACENAME} 和我一起同樂吧！
Feature.SettingsHub.MethodOfAbuse.AvatarSubtitle,此人的虛擬人偶穿戴具有冒犯意味的服裝
Feature.SettingsHub.MethodOfAbuse.Other.Subtitle,此人在跟蹤我、穿著不當的衣物等
Feature.SettingsHub.MethodOfAbuse.Other.Title,
Feature.SettingsHub.MethodOfAbuse.Text.Subtitle,此人在文字聊天使用了惡意字眼
Feature.SettingsHub.MethodOfAbuse.VoiceChat.Subtitle,此人在語音聊天叫得異常大聲
Feature.SettingsHub.MethodOfAbuse.VoiceChat.Title,
Feature.SettingsHub.PageTitle.InThisServer,在此伺服器中
Feature.SettingsHub.Prompt.AllowAccessToCamera,要允許存取相機嗎？
Feature.SettingsHub.Prompt.AllowAccessToContacts,要允許存取通訊錄嗎？
Feature.SettingsHub.Prompt.AndroidWithDeeplink,<b>1. 選擇權限<br />2. 選擇麥克風<br />3. 允許 Roblox 存取您的麥克風</b>
Feature.SettingsHub.Prompt.AndroidWithoutDeeplink,<b>1. 前往「設定」>「隱私權」>「權限」<br />2. 選擇麥克風<br />3. 允許 Roblox 存取您的麥克風</b>
Feature.SettingsHub.Prompt.BuyWhatTheyreWearing,購買對方穿戴的道具
Feature.SettingsHub.Prompt.CameraUnavailable,無法使用相機
Feature.SettingsHub.Prompt.ChangeYourMind,若您改變心意
Feature.SettingsHub.Prompt.Connecting,語音功能連線中
Feature.SettingsHub.Prompt.GetVoiceChat,
Feature.SettingsHub.Prompt.GotIt,
Feature.SettingsHub.Prompt.IncorrectNudge,我們誤會了嗎？<br /><u>若是如此，請告訴我們</u>
Feature.SettingsHub.Prompt.IncorrectNudgeV2,我們搞錯了嗎？<br /><u>回報錯誤</u>
Feature.SettingsHub.Prompt.JoinedVoiceChat,您已加入語音聊天
Feature.SettingsHub.Prompt.JoinedVoiceChatV2,
Feature.SettingsHub.Prompt.JoinedVoiceChatV3,你已連接至語音聊天
Feature.SettingsHub.Prompt.LeaveVoiceChatV2,你已中斷語音聊天
Feature.SettingsHub.Prompt.MicAndCameraUseSuspended,麥克風和相機暫時停用
Feature.SettingsHub.Prompt.MicUseSuspended,已禁止麥克風功能
Feature.SettingsHub.Prompt.MicrophonePermission,
Feature.SettingsHub.Prompt.NeedCameraAccess,需要相機存取權
Feature.SettingsHub.Prompt.NeedContactsAccess,需要聯絡人存取權
Feature.SettingsHub.Prompt.NeedMicrophoneAccess,需要麥克風存取權
Feature.SettingsHub.Prompt.NotAudible,無法聽到語音聊天
Feature.SettingsHub.Prompt.Place,超過玩家上限
Feature.SettingsHub.Prompt.RememberRules,請別忘了我們的政策
Feature.SettingsHub.Prompt.RememberRulesVoiceChat,我們可能會暫停你的語音聊天功能
Feature.SettingsHub.Prompt.RestartOnMicAccessChange,您需要重新啟動 App 以套用麥克風存取權變更。
Feature.SettingsHub.Prompt.Subtitle.AllowMicrophoneAccess,請先允許 Roblox 存取您的麥克風，才能與其他人語音聊天。
Feature.SettingsHub.Prompt.Subtitle.CameraUnavailable,我們已停用相機以改善此裝置上的體驗效能。建議您用其他裝置嘗試。輕觸以了解更多。
Feature.SettingsHub.Prompt.Subtitle.Connecting,現正進行語音功能連線，可能需要一段時間才能完成連線。
Feature.SettingsHub.Prompt.Subtitle.DisconnectOrMute,您隨時可以從語音聊天中斷或將任何人靜音。
Feature.SettingsHub.Prompt.Subtitle.DisconnectOrMuteHere,您隨時可以在此從語音聊天中斷或將任何人靜音
Feature.SettingsHub.Prompt.Subtitle.EffectiveUntil,禁用有效期限：
Feature.SettingsHub.Prompt.Subtitle.FutureViolations,往後若發生違規行為可能會導致帳戶遭受額外處置。
Feature.SettingsHub.Prompt.Subtitle.GoToAccountInfo,前往「設定」>「帳號資訊」。
Feature.SettingsHub.Prompt.Subtitle.InExpVoiceUpsell1,與其他人聊天，樂趣更加倍。授予 Roblox 麥克風存取權以開始聊天。一切由您掌控，隨時將自己或他人靜音。
Feature.SettingsHub.Prompt.Subtitle.InExpVoiceUpsell2,和其他人聊天樂趣更加倍。一切由您掌控，隨時將自己或他人靜音。
Feature.SettingsHub.Prompt.Subtitle.JoinVoiceLater,您稍後可在 Roblox 選單中隨時加入語音聊天。
Feature.SettingsHub.Prompt.Subtitle.MicAndCamera,我們的系統偵測到您的行為可能違反了我們的社群標準。為了預防起見，我們已暫時停用您使用語音和虛擬人偶聊天的權限。
Feature.SettingsHub.Prompt.Subtitle.Microphone,我們的系統偵測到您的行為可能違反了我們的社群標準。為了預防起見，我們已暫時停用您使用聊天和語音的權限。
Feature.SettingsHub.Prompt.Subtitle.MicrophonePermission,如要使用語音聊天，請前往作業系統設定來允許 Roblox 使用麥克風
Feature.SettingsHub.Prompt.Subtitle.MuteAnyoneAnytime,您可以隨時將任何人靜音。
Feature.SettingsHub.Prompt.Subtitle.NotAudible,設定裡的遊戲音量為「0」。若要聽到語音，請增加音量。
Feature.SettingsHub.Prompt.Subtitle.NotAudibleVoiceChatVolume,設定裡的語音聊天音量為「0」。若要聽到聲音，請提高音量。
Feature.SettingsHub.Prompt.Subtitle.Place,空間語音只能在玩家上限為 30 以下的地點中使用。
Feature.SettingsHub.Prompt.Subtitle.Respect,請尊重其他人，讓 Roblox 繼續成為一個帶來歡樂的地方。
Feature.SettingsHub.Prompt.Subtitle.Retry,
Feature.SettingsHub.Prompt.Subtitle.Revoked,因您多次違反社群規則，我們已在 Beta 測試階段結束前暫時終止了您使用語音聊天的權利。
Feature.SettingsHub.Prompt.Subtitle.SelectingTurnOn,選擇開啟代表我同意 Roblox 可為了審查、安全及改良服務和工具之目的，而收集、使用及儲存我的錄音，進而啟用語音服務。
Feature.SettingsHub.Prompt.Subtitle.TalkAgeGroupTrustedConnectionsUpdate,現在，你可以與年齡相近的人員及信任的聯絡對象交談了。
Feature.SettingsHub.Prompt.Subtitle.TalkAgeGroupTrustedFriendsUpdate,
Feature.SettingsHub.Prompt.Subtitle.TalkInAgeGroupTrustedConnections,只有年齡相近的人員和信任的聯絡對象才能與你交談。
Feature.SettingsHub.Prompt.Subtitle.TalkInAgeGroupTrustedFriends,只有年齡相近的人員及信任的聯絡對象才能與你交談。
Feature.SettingsHub.Prompt.Subtitle.TemporarySuspension2,我們根據使用者舉報判定了您使用語音聊天時的行為違反了我們的社群規則。我們暫時終止了您使用語音聊天的權利，結束時間為
Feature.SettingsHub.Prompt.Subtitle.TemporaryVoiceBan1,由於您的用語可能違反了 Roblox 社群標準，我們已暫時關閉您的語音聊天功能。
Feature.SettingsHub.Prompt.Subtitle.TemporaryVoiceBan1V2,你持續使用違反規定的語言，或背景噪音太大。
Feature.SettingsHub.Prompt.Subtitle.TemporaryVoiceBan2,如果再次發生，您的帳號可能會減少權限。
Feature.SettingsHub.Prompt.Subtitle.TemporaryVoiceBan2V2,若持續違反規定，我們可能會將你的 Roblox 帳號停權。
Feature.SettingsHub.Prompt.Subtitle.ThanksForLettingUsKnow,您的意見將幫助我們改善系統。
Feature.SettingsHub.Prompt.Subtitle.ThanksForVoiceData,感謝您以自己的語音資料協助 Roblox 改善語音聊天服務。您可以稍後在設定中變更此偏好設定。
Feature.SettingsHub.Prompt.Subtitle.User,此帳號沒有使用空間語音的資格。
Feature.SettingsHub.Prompt.Subtitle.VoiceToxicityModal,我們偵測到可能違反 Roblox 社群標準的言論。<br /><br />如果多次違規，您可能會無法使用語音聊天功能。
Feature.SettingsHub.Prompt.Subtitle.VoiceToxicityModalV2,你似乎使用了違反規定的語言，或背景噪音過大。<br /><br />如果繼續，我們會暫停你的語音聊天功能。
Feature.SettingsHub.Prompt.Subtitle.VoiceToxicityToast,我們偵測到可能違反 Roblox 社群標準的言論。如果多次違規，您可能會無法使用語音聊天功能。
Feature.SettingsHub.Prompt.Subtitle.VoiceToxicityToastV2,你似乎使用了違反規定的語言，或背景噪音過大。如果繼續，我們會暫停你的語音聊天功能。
Feature.SettingsHub.Prompt.TeleportBlock.Subtitle,關閉選單後將會繼續傳送。
Feature.SettingsHub.Prompt.TeleportBlock.Title,已暫停傳送
Feature.SettingsHub.Prompt.ThankYouForFeedback,感謝告知
Feature.SettingsHub.Prompt.Title.AgeCheckForVoiceToast,完成年齡驗證，即可解鎖語音聊天
Feature.SettingsHub.Prompt.Title.ImproveVoiceChat,改善語音聊天
Feature.SettingsHub.Prompt.Understand,我明白
Feature.SettingsHub.Prompt.UpdateToVoiceChat,語音聊天功能更新
Feature.SettingsHub.Prompt.User,沒有使用空間語音的資格
Feature.SettingsHub.Prompt.VoiceChatSuspended,停用語音聊天
Feature.SettingsHub.Prompt.VoiceChatSuspendedV2,我們已暫停你的語音聊天功能
Feature.SettingsHub.Prompt.VoiceChatWithOthers,與其他人語音聊天
Feature.SettingsHub.Prompt.VoiceUserAgency.JoinMuted,不，將他人靜音
Feature.SettingsHub.Prompt.VoiceUserAgency.JoinUnmuted,是，要聽見其他人的音訊
Feature.SettingsHub.Prompt.VoiceUserAgency.JoinUnmuted.Description,您會聽見其他人交談，但您會保持靜音，直到您準備參與聊天為止。
Feature.SettingsHub.Prompt.VoiceUserAgency.JoinUnmuted.Title,要開啟語音加入嗎？
Feature.SettingsHub.Prompt.VoiceUserAgency.Remember,記住本次體驗。
Feature.SettingsHub.Prompt.WindowsWithDeeplink,<b>1. 將「允許應用程式存取您的麥克風」設為開啟<br />2. 允許 Roblox 存取您的麥克風</b>
Feature.SettingsHub.Prompt.WindowsWithoutDeeplink,<b>1. 前往「設定」>「隱私權」>「麥克風」<br />2. 將「允許應用程式存取您的麥克風」設為開啟<br />3. 允許 Roblox 存取您的麥克風</b>
Feature.SettingsHub.Prompt.XMinuteSuspension,暫時停權 {banDurationInMinutes} 分鐘
Feature.SettingsHub.Prompt.XMinuteSuspensionV2,停權 {banDurationInMinutes} 分鐘
Feature.SettingsHub.ReportSubmitted.BlockPlayer,封鎖 {Player}
Feature.SettingsHub.ReportSubmitted.BlockedSubtitleText,您和 {Player} 將無法互相交流。
Feature.SettingsHub.ReportSubmitted.Label.MuteAndBlockPlayer,靜音並封鎖 {DisplayName}？
Feature.SettingsHub.ReportSubmitted.Label.MuteAndBlockWarning,
Feature.SettingsHub.ReportSubmitted.MutePlayer,靜音 {Player}
Feature.SettingsHub.ReportSubmitted.MutedSubtitleText,您將聽不到 {Player} 的語音
Feature.SettingsHub.ReportSubmitted.ThankYou,我們收到了您的檢舉報告，並會盡快採取額外行動。我們有了您的幫助才能維護社群的安全。
Feature.SettingsHub.TouchMovementMode.ClassicThumbstick,經典搖桿
Feature.SettingsHub.Video.SystemDefault,系統預設
Feature.SettingsHub.Video.VideoCamera,攝影機
Feature.SettingsHub.VoiceUserAgency.JoinUnmuted.Description,您會聽見其他人的聲音，但您會保持靜音，直到您準備參與聊天為止。
Feature.SocialContextToast.Action.InviteBack,邀請對方回來
Feature.SocialContextToast.Action.JoinFriend,
Feature.SocialContextToast.Message.FollowedFriendInOtherUniverse,{FRIEND_NAME} 離開並加入 {EXPERIENCE_NAME}
Feature.SocialContextToast.Message.FollowedFriendNotInGame,{FRIEND_NAME} 已離開本次體驗
Feature.SocialContextToast.Message.FriendInNonRootPlace,「{FRIEND_NAME}」在此體驗中已移動到受限制的位置
Feature.SocialContextToast.Message.FriendJoinedYou,{FRIEND_NAME} 已加入您
Feature.SocialContextToast.Message.InvitationConfirmation,邀請已送出
Feature.SocialContextToast.Message.InvitationFailure,無法傳送邀請
Feature.SocialContextToast.Message.InviteeJoinedYou,{INVITEE_NAME}透過您的邀請加入了遊戲！
Feature.SocialContextToast.Message.YouJoinedManyFriends,您已加入 {FRIEND_NAME} 和其他 {FRIEND_COUNT} 位好友
Feature.SocialContextToast.Message.YouJoinedOneFriend,您已加入 {FRIEND_NAME}
Feature.SocialContextToast.Message.YouJoinedTwoFriends,您已加入 {FRIEND_NAME_ONE} 和 {FRIEND_NAME_TWO}
Feature.SocialShare.Action.CopyLink,
Feature.SocialShare.Action.Share,
Feature.SocialShare.Label.Copied,已複製
Feature.SocialShare.Label.CopyLinkToShareWithPeople,複製連結以便與認識的人分享
Feature.SocialShare.Label.ShareServerLink,分享邀請連結
Feature.SocialShare.ShareWithPeopleYouKnow,與認識的人分享
Feature.SocialTab.Label.AddFriendHintBody,Roblox 跟朋友玩才好玩！
Feature.SocialTab.Label.CreateAndExploreGroups,建立和探索社群
Feature.SocialTab.Label.Groups,
Feature.SongDetails.Action.Favorite,
Feature.SongDetails.Action.Report,
Feature.SongDetails.Action.ReportAudio,檢舉音訊
Feature.SongDetails.Label.InappropriateAudio,不當音訊
Feature.SongDetails.Label.InappropriateThumbnail,不當縮圖
Feature.SongDetails.Label.SongPreview,歌曲預覽
Feature.Squads.Action.Add,
Feature.Squads.Action.AddOthers,新增其他人
Feature.Squads.Action.ConnectToVoice,連線到語音
Feature.Squads.Action.ContinueWithoutVoice,繼續而不使用語音
Feature.Squads.Action.Delete,
Feature.Squads.Action.DisconnectFromVoice,中斷語音連線
Feature.Squads.Action.DontJoin,不加入
Feature.Squads.Action.Edit,
Feature.Squads.Action.Invite,
Feature.Squads.Action.InviteAgain,再次邀請
Feature.Squads.Action.Join,
Feature.Squads.Action.JoinWithParty,與 Party 一起加入
Feature.Squads.Action.Ok,
Feature.Squads.Action.Party,Party
Feature.Squads.Action.Remove,
Feature.Squads.Action.Retry,
Feature.Squads.Action.ScheduleAParty,安排隊伍
Feature.Squads.Action.ScheduleParty,安排 Party
Feature.Squads.Action.Start,
Feature.Squads.Action.Switch,
Feature.Squads.Action.TapToStartNewParty,輕觸以開始新的 Party
Feature.Squads.Action.View,
Feature.Squads.Action.VoiceErrorGeneral,連接
Feature.Squads.Action.VoiceErrorPartyNotVoiceEligible,
Feature.Squads.Action.VoiceErrorUserIneligible,
Feature.Squads.Action.WaitingForParty,正在等待 Party
Feature.Squads.Action.Yes,
Feature.Squads.Description.AddFriends,您新增的好友將能看到此群組先前的所有訊息
Feature.Squads.Description.AlreadyJoined,您已加入此 Party
Feature.Squads.Description.DeleteScheduledSquad,確定刪除已排定的 Party？
Feature.Squads.Description.DisconnectVoiceDueToLowMemory,您的裝置的記憶體不足。中斷語音連線能防止 Roblox 當機。您仍會留在 Party 中。
Feature.Squads.Description.FailedToJoin,加入 Party 時發生錯誤，請再試一次。
Feature.Squads.Description.Going,參加
Feature.Squads.Description.Interested,有興趣
Feature.Squads.Description.InviteConnectionsToParty,邀請這些聯繫對象到 Party 也將邀請他們到群組中。他們將能看見聊天紀錄。
Feature.Squads.Description.InviteFriendsToParty,邀請這些好友到 Party 也將邀請他們到群組中。他們將能看見聊天紀錄。
Feature.Squads.Description.Invited,
Feature.Squads.Description.InvitedToExperience,您已被邀請至一項體驗。該邀請完成時，您可以再試一次。
Feature.Squads.Description.JoinAnotherParty,您目前已隸屬一個活動中的 Party。要離開目前的 Party 並切換到這一個嗎？
Feature.Squads.Description.JoinWithLowMemory,您的裝置的記憶體不足。不使用語音加入能防止 Roblox 當機。
Feature.Squads.Description.LuckyRecommendationRevealed,整個群組皆可加入
Feature.Squads.Description.LuckyRecommendationRolling,正在尋找適合你群組的遊戲
Feature.Squads.Description.LuckyRecommendationRow,讓我們來幫你一把
Feature.Squads.Description.ManyPeopleActive,{userCount} 人活動中
Feature.Squads.Description.NoResponse,沒有回應
Feature.Squads.Description.NotGoing,不參加
Feature.Squads.Description.OneOnOneExpandedChatFeaturesActivePartyError,在 Party 功能啟用期間，具有擴展功能的一對一聊天無法轉換為群組聊天。
Feature.Squads.Description.OnePersonActive,1 人活動中
Feature.Squads.Description.PartyEnded,Party 已結束。要開始一個新的 Party 嗎？
Feature.Squads.Description.PartyFull,Party 目前已滿。要嘗試再次加入嗎？
Feature.Squads.Description.PleaseTryAgain,
Feature.Squads.Description.RemoveFromChat,確定要從群組中移除此人嗎？
Feature.Squads.Description.RemoveFromParty,{displayName} 將從群組聊天中移除。
Feature.Squads.Description.ScheduledPartyAlreadyExists,已有其他隊伍安排於所選時段
Feature.Squads.Description.Title,
Feature.Squads.Description.User,
Feature.Squads.Description.YouAddedMoreThanTwoToChat,您已新增 {username} 和其他 {userCountMinusOne} 人到群組中
Feature.Squads.Description.YouAddedToChat,您已新增 {username} 到群組中
Feature.Squads.Description.YouAddedTwoToChat,您已新增 {username1} 和 {username2} 到群組中
Feature.Squads.Description.YouHaveNoScheduledParties,你沒有即將開始的 Party
Feature.Squads.Description.upsellInviteText,尚無回覆，你可以再次邀請對方
Feature.Squads.Label.AddFriends,新增好友？
Feature.Squads.Label.Audio,
Feature.Squads.Label.Connecting,正在連線
Feature.Squads.Label.DeleteScheduledParty,刪除已排定的 Party
Feature.Squads.Label.DeletedScheduledParty,刪除了已安排的隊伍
Feature.Squads.Label.Error,
Feature.Squads.Label.Experience,
Feature.Squads.Label.FailedToJoin,無法加入 Party
Feature.Squads.Label.FindExperiences,尋找體驗
Feature.Squads.Label.FindExperiencesPlayTogether,尋找能夠一起遊玩的體驗
Feature.Squads.Label.FriendJoinedYourParty,{combinedName} 已加入你的 Party
Feature.Squads.Label.InviteConnectionsConfirmation,要邀請這些聯繫對象到群組中嗎？
Feature.Squads.Label.InviteFriendsConfirmation,要邀請這些好友到群組中嗎？
Feature.Squads.Label.InvitedToExperience,已受邀至體驗
Feature.Squads.Label.JoinAnotherParty,切換 Party
Feature.Squads.Label.JoinExperiencesTogether,一起加入體驗
Feature.Squads.Label.JoinParty,加入隊伍
Feature.Squads.Label.LeaveParty,離開隊伍
Feature.Squads.Label.Loading,
Feature.Squads.Label.LowMemory,記憶體不足
Feature.Squads.Label.LuckyRecommendationRevealed,試試這款遊戲
Feature.Squads.Label.LuckyRecommendationRolling,選取遊戲中
Feature.Squads.Label.LuckyRecommendationRow,不確定要玩什麼嗎？
Feature.Squads.Label.MultiplePeopleJoinedYourParty,多位人員已加入你的 Party
Feature.Squads.Label.MuteMic,將麥克風靜音
Feature.Squads.Label.Party,隊伍
Feature.Squads.Label.PartyCountStatus,{partyCount} 人在隊伍中
Feature.Squads.Label.PartyEnded,Party 已結束
Feature.Squads.Label.PartyEndedText,
Feature.Squads.Label.PartyFull,Party 已滿
Feature.Squads.Label.PartyOperationFailed,Party 操作失敗
Feature.Squads.Label.PartyStartedText,Party 已開始
Feature.Squads.Label.PartyVolume,隊伍音量
Feature.Squads.Label.RemoveFromChat,從群組移除？
Feature.Squads.Label.RemoveFromParty,從 Party 中移除
Feature.Squads.Label.ScheduledParty,已排定的 Party
Feature.Squads.Label.StartParty,建立隊伍
Feature.Squads.Label.StartTime,開始時間
Feature.Squads.Label.ThisFieldIsRequired,此欄位必填
Feature.Squads.Label.TwoFriendsJoinedYourParty,{combinedName1} 和 {combinedName2} 已加入你的 Party
Feature.Squads.Label.UnmuteMic,將麥克風解除靜音
Feature.Squads.Label.UpcomingParties,即將開始的隊伍
Feature.Squads.Label.UserDropdownMenuVoiceErrorUserIneligible,對方目前無法存取語音
Feature.Squads.Label.UsersParty,{displayName} 的隊伍
Feature.Squads.Label.ViewChat,檢視聊天
Feature.Squads.Label.ViewParty,檢視隊伍
Feature.Squads.Label.VoiceChats,
Feature.Squads.Label.VoiceErrorGeneral,您尚未連接語音
Feature.Squads.Label.VoiceErrorPartyNotVoiceEligible,此 Party 中無法使用語音。您可以建立一個有語音聊天和較寬鬆篩選器的新群組。
Feature.Squads.Label.VoiceErrorUserIneligible,您目前無法存取 Party 語音聊天
Feature.Squads.Label.Volume,
Feature.Squads.Label.WaitingForCombinedName,正在等待 {combinedName} 加入
Feature.Squads.Label.WaitingForOthers,正在等待其他人加入
Feature.Squads.Label.WillYouJoinScheduledParty,你會加入 {displayName} 的隊伍嗎？
Feature.Squads.Label.YouJoinedFriendParty,你已加入 {combinedName} 的隊伍
Feature.Subscription.Action.Subscribe,
Feature.Subscription.Action.SubscribePayAnotherWay,用其他方式支付
Feature.Subscription.Action.SubscribeWithCreditDebitCard,使用信用卡 / 簽帳金融卡訂閱
Feature.Subscription.Action.SubscribeWithRobloxCredit,使用 Roblox 點數訂閱
Feature.Subscription.Error.GenericSubscribeError,嘗試訂閱時發生錯誤。請稍後再試一次。
Feature.Subscription.Footer.PurchasePromptLegalText,按一下「訂閱」，即表示你同意使用條款。系統將每月自動扣款，你可以隨時取消。
Feature.Subscription.Message.MonthlySpendRestrictionsMonthlyLimitExceed,您已達到家長監護中設定的每月消費限制。您需等到下個月才能進行新的購買。
Feature.Subscription.Text.PerMonth,/ 月
Feature.Timeout.Label.OK,
Feature.Timeout.Prompt.BodyText,由於{rule}，你的虛擬人偶已重置。你仍然可以使用市集，但虛擬人偶的變更將不會儲存，時間持續至 {time} 為止。
Feature.Timeout.Prompt.SaveTitleText,目前已停用儲存功能
Feature.Timeout.Prompt.TitleText,你的虛擬人偶已重置
Feature.Timeout.WarningBanner.DisabledMessage,已停用虛擬人偶儲存功能
Feature.Timeout.WarningBanner.DisabledUntilMessage,虛擬人偶儲存功能已停用，時間持續至 {time} 為止
Feature.Toast.Heading.PurchaseMessage.Success,已解鎖
Feature.Toast.Message.PurchaseMessage.SuccessV3,您已成功以 {price} Robux 解鎖 {gameName} 。
Feature.Toast.NetworkingError.Forbidden,權限不足。
Feature.Toast.NetworkingError.NotFound,找不到內容。
Feature.Toast.NetworkingError.ServiceUnavailable,
Feature.Toast.NetworkingError.SomethingIsWrong,
Feature.Toast.NetworkingError.Timeout,已逾時，請重新嘗試。
Feature.Toast.NetworkingError.TooManyRequests,伺服器忙碌中，請稍後再試。
Feature.Toast.NetworkingError.UnableToConnect,無法連線，請稍後再試。
Feature.Toast.NetworkingError.Unauthorized,您已登出，請重新登入。
Feature.Toast.Username.Copied,使用者名稱已複製到剪貼簿。
Feature.Toast.VoteError.AssetNotVoteable,無法為此體驗投票。
Feature.Toast.VoteError.Default,無法進行此動作。
Feature.Toast.VoteError.FloodCheckThresholdMet,您的投票頻率過高。
Feature.Toast.VoteError.PlayGame,若要評價，請先參訪此體驗。
Feature.UniversalFeatureRestrictions.AbuseVector.AgeVerification.DialogBody.Suspended,由於你屢次違反我們的《社群標準》，目前無法驗證你的年齡。你可以在限制結束後重試。
Feature.UniversalFeatureRestrictions.AbuseVector.AgeVerification.DialogTitle.Suspended,年齡驗證已暫停
Feature.UniversalFeatureRestrictions.AbuseVector.RobloxKick.DialogBody.Banned,由於屢次或嚴重違規，你已遭停權無法玩此遊戲。
Feature.UniversalFeatureRestrictions.AbuseVector.RobloxKick.DialogBody.Suspended,你的行為違反了規範，因此無法玩此遊戲。
Feature.UniversalFeatureRestrictions.AbuseVector.RobloxKick.DialogTitle.Banned,Roblox 已禁止你加入此遊戲
Feature.UniversalFeatureRestrictions.AbuseVector.RobloxKick.DialogTitle.Suspended.Day,Roblox 已暫時禁止你遊玩此遊戲 1 天
Feature.UniversalFeatureRestrictions.AbuseVector.RobloxKick.DialogTitle.Suspended.Days,Roblox 已暫時禁止你遊玩此遊戲 {number} 天
Feature.UniversalFeatureRestrictions.AbuseVector.RobloxKick.DialogTitle.Suspended.Hour,Roblox 已暫時禁止你遊玩此遊戲 1 小時
Feature.UniversalFeatureRestrictions.AbuseVector.RobloxKick.DialogTitle.Suspended.Hours,Roblox 已暫時禁止你遊玩此遊戲 {number} 小時
Feature.UniversalFeatureRestrictions.AbuseVector.RobloxKick.DialogTitle.Suspended.Minute,Roblox 已暫時禁止你遊玩此遊戲 1 分鐘
Feature.UniversalFeatureRestrictions.AbuseVector.RobloxKick.DialogTitle.Suspended.Minutes,Roblox 已暫時禁止你遊玩此遊戲 {number} 分鐘
Feature.VerificationUpsell.Action.AddPhone,新增手機號碼
Feature.VerificationUpsell.Action.AddPhoneNumber,
Feature.VerificationUpsell.Action.AddPhoneVoice,新增手機號碼以使用語音聊天
Feature.VerificationUpsell.Action.ChangePhoneNumber,變更手機號碼
Feature.VerificationUpsell.Action.CodeResent,驗證碼已傳送
Feature.VerificationUpsell.Action.ConfirmLeave,確認離開
Feature.VerificationUpsell.Action.Continue,
Feature.VerificationUpsell.Action.DontLeave,
Feature.VerificationUpsell.Action.EditPhoneNumber,編輯手機號碼
Feature.VerificationUpsell.Action.EnableVoice,啟用語音聊天
Feature.VerificationUpsell.Action.Next,
Feature.VerificationUpsell.Action.NotNow,
Feature.VerificationUpsell.Action.NotNow.2,
Feature.VerificationUpsell.Action.Ok,
Feature.VerificationUpsell.Action.Privacy,
Feature.VerificationUpsell.Action.PrivacyPolicy,
Feature.VerificationUpsell.Action.ResendCode,重新傳送驗證碼
Feature.VerificationUpsell.Action.ReturnWithVoice,啟用語音聊天後返回
Feature.VerificationUpsell.Action.SMSTerms,簡訊條款
Feature.VerificationUpsell.Action.TermsOfUse,
Feature.VerificationUpsell.Action.TurnOn,
Feature.VerificationUpsell.Description.AddPhoneBody,您將透過 WhatsApp 或簡訊收到一次性驗證碼。可能會收取簡訊和網路費用。
Feature.VerificationUpsell.Description.AddPhoneBodyVoice,
Feature.VerificationUpsell.Description.IDVerificationAddEmailText,驗證年齡之前，請先輸入您的電子郵件地址。若您無法登入 Roblox 帳號，您將可以使用電子郵件地址進行帳號復原。
Feature.VerificationUpsell.Description.PhoneNumberNeverPublic,您的手機號碼永遠不會公開。
Feature.VerificationUpsell.Description.RecoverAccountEasily,新增電話號碼，忘記密碼時即可輕鬆取回您的帳號。您的電話號碼絕不會公開顯示。
Feature.VerificationUpsell.Description.ShortCodeLegalDisclaimerUA,您點擊「繼續」即表示您會提供您的手機號碼，並同意我們的簡訊使用條款和隱私權政策。我們會傳送一次性驗證碼給您。您可能會被收取簡訊和流量費用。回覆「HELP」即可獲得協助。
Feature.VerificationUpsell.Description.UnlockVoiceChatBody,新增電話號碼以啟用語音聊天。您的電話號碼將永遠不會公開顯示。
Feature.VerificationUpsell.Description.VerificationCodeSmsFeesMayApply,
Feature.VerificationUpsell.Description.VoiceLegalConsent,我同意 Roblox 可為了啟用語音服務，以及審查、安全及改良 Roblox 服務和工具之目的，進而收集、使用及儲存我的錄音。
Feature.VerificationUpsell.Description.VoiceLegalConsent2,
Feature.VerificationUpsell.Description.VoiceLegalDisclaimer,選擇「啟用語音聊天」代表我同意 Roblox 可為了啟用語音服務，以及審查、安全及改良 Roblox 服務和工具之目的，進而收集、使用及儲存我的錄音。
Feature.VerificationUpsell.Description.VoiceLegalDisclaimer2,選擇「{buttonText}」代表我同意 Roblox 可為了啟用語音服務，以及審查、安全及改良 Roblox 服務和工具之目的，進而收集、使用及儲存我的錄音。
Feature.VerificationUpsell.Description.VoiceLegalDisclaimer3,選擇「驗證」即代表我同意 Roblox 可出於啟用語音服務，以及審查、安全及改良 Roblox 服務和工具之目的，而收集、使用及儲存我的錄音。
Feature.VerificationUpsell.Heading.AddEmail,請先驗證您的帳號
Feature.VerificationUpsell.Heading.DontLoseAccess,別失去對您帳號的存取權限
Feature.VerificationUpsell.Heading.PhoneNumberVerified,已驗證手機號碼！
Feature.VerificationUpsell.Heading.TryVoiceChat,試用語音聊天
Feature.VerificationUpsell.Heading.UnlockVoiceChat,解鎖語音聊天
Feature.VerificationUpsell.Heading.VerificationCode,驗證碼
Feature.VerificationUpsell.Heading.VerifiedSuccessfully.V2,已驗證成功！
Feature.VerificationUpsell.Heading.VerifyYourPhone,驗證手機號碼
Feature.VerificationUpsell.Heading.VoiceChatEnabledMobile,語音聊天已啟用！立即在體驗中試用。
Feature.VerificationUpsell.Heading.VoiceChatError,手機號碼已新增！請在「設定」›「隱私權」›「麥克風和相機輸入」開啟「語音聊天」。
Feature.VerificationUpsell.Heading.VoiceChatJoinFailed,目前無法加入語音聊天。請再試一次
Feature.VerificationUpsell.Heading.VoiceChatTurnedOn,已開啟語音聊天
Feature.VerificationUpsell.Label.EnterCode,請輸入傳送到 {phoneNumber} 的驗證碼
Feature.VerificationUpsell.Label.PhoneNumber,手機號碼
Feature.VerificationUpsell.Label.SixDigitCode,6 位驗證碼
Feature.VerificationUpsell.Label.Verifying,正在驗證
Feature.VerificationUpsell.Message.InvalidSmsCode,驗證碼無效。
Feature.VerificationUpsell.Response.ErrorPhoneFormatInvalid,手機號碼格式無效，請檢查之後重新嘗試。
Feature.VerificationUpsell.Response.ErrorTryAgain,
Feature.VerificationUpsell.Response.InvalidPhoneNumberError,無法使用此手機號碼，請輸入其他手機號碼。
Feature.VerificationUpsell.Response.PhoneHasTooManyAssociatedAccounts,已達單一手機號碼的帳號連接上限。
Feature.VerificationUpsell.Response.TooManyAttemptsTryAgainLater,
Feature.VirtualEvents.AttendanceBeforeEvent,
Feature.VirtualEvents.AttendanceDuringEvent,現在出席
Feature.VirtualEvents.DescriptionLabel,
Feature.VirtualEvents.EnableNotificationsModalBody,獲得活動的消息，即使您不在 Roblox 也一樣。
Feature.VirtualEvents.EnableNotificationsModalTitle,活動推播通知
Feature.VirtualEvents.EventCancelledText,活動已取消。
Feature.VirtualEvents.EventNotFound,找不到事件
Feature.VirtualEvents.EventsListTitle,活動
Feature.VirtualEvents.GetNotifiedButton,啟用
Feature.VirtualEvents.GoHome,
Feature.VirtualEvents.HostedByLabel,主辦者：
Feature.VirtualEvents.Join,
Feature.VirtualEvents.JoinEvent,加入活動
Feature.VirtualEvents.Label.Challenge,挑戰
Feature.VirtualEvents.Label.DateAtTime,{date} {time}
Feature.VirtualEvents.Label.EarlyAccess,搶先體驗
Feature.VirtualEvents.Label.Ended,已結束
Feature.VirtualEvents.Label.Expansion,擴充內容
Feature.VirtualEvents.Label.Festival,節慶
Feature.VirtualEvents.Label.HappeningNow,
Feature.VirtualEvents.Label.InDays,{number} 天後
Feature.VirtualEvents.Label.ItemDrop,物品掉落
Feature.VirtualEvents.Label.MoreLevels,更多關卡
Feature.VirtualEvents.Label.NewContent,新內容
Feature.VirtualEvents.Label.NewFeature,
Feature.VirtualEvents.Label.NewLocation,新地點
Feature.VirtualEvents.Label.NewMap,新地圖
Feature.VirtualEvents.Label.NewSeason,新賽季
Feature.VirtualEvents.Label.Quest,
Feature.VirtualEvents.Label.Rating,{rating}% 評分
Feature.VirtualEvents.Label.ReminderSetForEventTime,「{eventName}」已設定提醒時間在 {eventTime}。
Feature.VirtualEvents.Label.StartsInHours,{number} 小時後
Feature.VirtualEvents.Label.StartsInMinutes,{number} 分鐘後
Feature.VirtualEvents.Label.StartsInOneDay,1 天後
Feature.VirtualEvents.Label.StartsInOneHour,1 小時後
Feature.VirtualEvents.Label.StartsNow,立即開始
Feature.VirtualEvents.NotNowButton,
Feature.VirtualEvents.NotifyMe,
Feature.VirtualEvents.ShareModalBody,複製下方活動連結即可邀請其他人參加活動或在聊天室分享活動。
Feature.VirtualEvents.ShareModalCallToAction,分享到聊天室……
Feature.VirtualEvents.ShareModalLinkCopy,
Feature.VirtualEvents.ShareModalTitle,分享此活動
Feature.VirtualEvents.UnfollowEvent,取消追蹤活動
Features.OnDemandAds.Get_Reward_In,獲取獎勵所需時間
Features.OnDemandAds.Reward_Earned,已獲得獎勵
Features.Transfers.Action.BuyRobux,
Features.Transfers.Action.Continue,
Features.Transfers.Action.Ok,
Features.Transfers.Action.TurnOnTwoStepVerification,開啟雙步驟驗證
Features.Transfers.Action.VPC.Ask,
Features.Transfers.Action.VPC.AskParentBodyReceive,若要接受 Robux，你需要取得家長許可。
Features.Transfers.Action.VPC.AskParentBodySend,若要傳送 Robux，你需要取得家長許可。
Features.Transfers.Action.VPC.AskParentTitle,
Features.Transfers.Body.DailyLimitExceededError,你已超過傳送 Robux 的每日上限。請稍後返回重試。
Features.Transfers.Body.DailyLimitTwoStepVerificationUpsell,你已達到每日傳送 Robux 的上限。開啟雙步驟驗證，查看你是否符合提高上限的資格。
Features.Transfers.Body.ExpiredTransferError,由於閒置的關係，@{username} 傳送的 Robux 已過期。
Features.Transfers.Body.GenericReceiveError,你的帳號目前無法接受 Robux。
Features.Transfers.Body.GenericSentError,發生錯誤，未能傳送 Robux。請檢查連線，然後再試一次。
Features.Transfers.Body.MonthlyLimitExceededError,你已超過傳送 Robux 的每月上限。請稍後返回重試。
Features.Transfers.Body.MonthlyLimitTwoStepVerificationUpsell,你已達到每月傳送 Robux 的上限。開啟雙步驟驗證，查看你是否符合提高上限的資格。
Features.Transfers.Body.ReceiverLimitHitError,此使用者目前無法收到此金額。請嘗試傳送較少金額，或稍後再試。
Features.Transfers.Body.TransferAmountBelowMinimumError,傳送至少 {minAmount} Robux。
Features.Transfers.Body.TransferAmountExceedsMaximumError,你最多可以傳送 {maxAmount} Robux。
Features.Transfers.Body.UnableReceiveRobuxError,
Features.Transfers.Body.UnableSendRobuxError,你的帳號目前無法傳送 Robux。
Features.Transfers.Error.GreaterThanMaxAmount,你最多可以傳送 {amount} Robux。
Features.Transfers.Error.InsufficientBalance,購買 {amount} Robux 以完成此交易。
Features.Transfers.Error.LowerThanMinAmount,傳送至少 {amount} Robux。
Features.Transfers.Label.ConnectedDays,已建立聯繫 {amount} 天
Features.Transfers.Label.ConnectedDaysSingular,
Features.Transfers.Label.ConnectedMonths,已建立聯繫 {amount} 個月
Features.Transfers.Label.ConnectedMonthsSingular,
Features.Transfers.Label.ConnectedSince,已建立聯繫 {year} 年
Features.Transfers.Notification.ReceiveSuccess,你已接受 Robux
Features.Transfers.RobuxTransfer.Action.Edit,
Features.Transfers.RobuxTransfer.Action.Next,
Features.Transfers.RobuxTransfer.Action.Send,
Features.Transfers.RobuxTransfer.Action.TryAgain,重新嘗試
Features.Transfers.RobuxTransfer.Disclaimer.AgeEstimationTransfer,你需要先完成年齡驗證或取得家長同意才能傳送 Robux。傳送後將無法取消。
Features.Transfers.RobuxTransfer.Error.ReceiverNotAllowed,@{username} 目前無法接收 Robux。
Features.Transfers.RobuxTransfer.Heading.SendRobux,傳送 Robux
Features.Transfers.RobuxTransfer.Label.JoinedInYear,
Features.Transfers.RobuxTransfer.Label.MutualConnection,{amount} 位共同好友
Features.Transfers.RobuxTransfer.Label.MutualConnectionSingular,
Features.Transfers.RobuxTransfer.Label.NewConnection,
Features.Transfers.RobuxTransfer.Label.RecipientWillGet,收件人將收到扣除費用後的 {amount} Robux。
Features.Transfers.RobuxTransfer.Label.RecipientWillGetInApp,收件人將收到 {amount} Robux。
Features.Transfers.RobuxTransfer.Label.RecipientWillGetInGame,收件人將收到扣除費用後的 {amount} Robux。遊戲內轉帳會收取 {commissionPercentage}% 的創作者費用。
Features.Transfers.RobuxTransfer.SentInstantNoFee,Robux 將立即傳送，無須支付任何費用
Features.Transfers.RobuxTransfers.Label.SuccessNotification,你傳送了 {amount} Robux
Features.Transfers.Title.UpsellSubscription,
Features.Transfers.Transfer.Block.RequireReceiverFAE,請確認你的年齡，以便接受 Robux
Features.Transfers.Transfer.Block.RequireSenderFAE,請先驗證你的年齡，以便傳送 Robux
Features.Transfers.Transfer.Body.RequireFAE,這有助於為你和所有人，提供更安全的 Robux 傳送和接收體驗。
Features.Transfers.Transfers.Label.ReceivedNotification,你收到了 {amount} Robux
IAPExperience.BuyRobux.Alert.SuccessfulMessage,您已成功購買 Robux！
IAPExperience.BuyRobux.Banner.Text,您可以使用 Roblox 升級虛擬人偶或在體驗中獲得特殊能力
IAPExperience.BuyRobux.Banner.Title,解鎖 Robux
IAPExperience.BuyRobux.Text.MoreRobux2,再 {robux} Robux
IAPExperience.InsufficientRobux.Action.BuyRobux,
IAPExperience.InsufficientRobux.Action.Cancel,
IAPExperience.InsufficientRobux.Action.RobuxStore,前往 Roblox 商店
IAPExperience.InsufficientRobux.Text.BuyRobux,請購買 {robux} 才能購買此道具
IAPExperience.InsufficientRobux.Text.CurrentBalance,
IAPExperience.InsufficientRobux.Text.DontHaveEnough,Robux 不足，無法購買此道具。
IAPExperience.InsufficientRobux.Text.MissingRobux,
IAPExperience.InsufficientRobux.Text.YouNeed,您還需要 {robux}。請購買更多 Robux 組合包再返回體驗。
IAPExperience.InsufficientRobux.Title.InsufficientRobux,
IAPExperience.LeaveRoblox.Action.Cancel,
IAPExperience.LeaveRoblox.Action.Continue,
IAPExperience.LeaveRoblox.Text.ExternalWebsiteWarning,按下「繼續」後，系統會將你導向 Roblox 以外的網站，該網站的條款與隱私權政策可能與 Roblox 不同。
IAPExperience.LeaveRoblox.Title.LeavingRoblox,您即將離開 Roblox
IAPExperience.Loading.Text.PurchasingItem,正在購買道具……
IAPExperience.Loading.Text.PurchasingRobux,正在購買 Robux ……
IAPExperience.Loading.Text.WaitingForPurchase,正在等待購買……
IAPExperience.Loading.Text.WaitingForRobux,正在等待發放 Robux……
IAPExperience.PremiumUpsell.Action.Subscribe,
IAPExperience.PremiumUpsell.Body.RobuxDiscount,購買 Robux 時獲得 10% 紅利
IAPExperience.PremiumUpsell.Label.AvatarShopBenefits,在虛擬人偶商店享有獨家和折扣道具
IAPExperience.PremiumUpsell.Label.Disclosure,訂閱價格為每月 <b>{currencySymbol}{price}。您可以隨時取消。</b>適用 Roblox 使用條款和隱私權政策。
IAPExperience.PremiumUpsell.Label.PremiumBenefitListDesc,Roblox Premium 將會給您：
IAPExperience.PremiumUpsell.Label.PremiumOnlyBenefits,享有 Premium 限定福利
IAPExperience.PremiumUpsell.Label.PremiumPolicy,每月續訂，可隨時取消。
IAPExperience.PremiumUpsell.Label.PremiumPrice,<b>{currencySymbol}{price}</b>/月
IAPExperience.PremiumUpsell.Label.RobloxPremium,Roblox Premium
IAPExperience.PremiumUpsell.Label.RobuxPerMonth,每月 {robux}
IAPExperience.PremiumUpsell.Label.ShortDisclosure,須遵守 Roblox 使用條款和隱私權政策。
IAPExperience.PurchaseError.AlreadyPremium,開發者想要您購買 Roblox Premium，不過您已經是 Premium 會員了！
IAPExperience.PurchaseError.Text.AlreadyOwn,
IAPExperience.PurchaseError.Text.AlreadySubscribed,你可以在「設定」>「訂閱」管理你的訂閱。
IAPExperience.PurchaseError.Text.EconomicRestrictionsDays,由於違反{violation}，無法進行此次購買。請在 {day} 天後重試。
IAPExperience.PurchaseError.Text.EconomicRestrictionsDaysGeneral,由於違反{violation}，無法執行此操作。請在 {day} 天後重試。
IAPExperience.PurchaseError.Text.EconomicRestrictionsHours,由於違反{violation}，無法進行此次購買。請在 {hour} 小時後重試。
IAPExperience.PurchaseError.Text.EconomicRestrictionsHoursGeneral,由於違反{violation}，無法執行此操作。請在 {hour} 小時後重試。
IAPExperience.PurchaseError.Text.FailedGrant,已收到您的付款，但您尚未獲得 Robux。請稍後再試。
IAPExperience.PurchaseError.Text.FailedGrantUnknown,無法購買道具，您的帳號未被收費。請重新嘗試。
IAPExperience.PurchaseError.Text.FailedRobuxPurchase,您購買失敗，且您未支付任何費用。請再試一次。
IAPExperience.PurchaseError.Text.Limited,此限量道具已售完，您的帳號未被收費。
IAPExperience.PurchaseError.Text.NotEnoughRobux,
IAPExperience.PurchaseError.Text.NotForSale,
IAPExperience.PurchaseError.Text.NotForSaleExperience,
IAPExperience.PurchaseError.Text.Ok,
IAPExperience.PurchaseError.Text.ParentalLimit,無法完成交易，帳號所有者的家長已設定單月購買上限。除非家長監護設定變更，您在下個月前將無法完成新的購買。
IAPExperience.PurchaseError.Text.ParentalRestrictionSubscription,有月度花費限制的帳號無法使用訂閱
IAPExperience.PurchaseError.Text.PremiumOnly,
IAPExperience.PurchaseError.Text.PremiumPlatformUnavailable,您的平台不支援購買 Roblox Premium。請使用電腦購買 Premium。
IAPExperience.PurchaseError.Text.PurchaseLimit,您已到達購買上限，無法完成交易。請在 24 到 72 小時候重新嘗試交易。若仍然無法完成交易，您最久可能要到隔月才可以進行新的購買。購買上限無法變更或移除。
IAPExperience.PurchaseError.Text.RestrictedUser,您無法存取此體驗中的內容。
IAPExperience.PurchaseError.Text.SubscriptionNotForSale,此訂閱目前無法購買
IAPExperience.PurchaseError.Text.SubscriptionUnsupportedLocale,此訂閱目前無法在您的國家使用
IAPExperience.PurchaseError.Text.SubscriptionUnsupportedPlatform,此訂閱無法在這裡購買
IAPExperience.PurchaseError.Text.ThirdPartyDisabled,
IAPExperience.PurchaseError.Text.Under13,
IAPExperience.PurchaseError.Text.UnknownError,
IAPExperience.PurchaseError.Text.VpcRequired,您可以在家長的協助下，從此體驗的通行證和訂閱或商店頁面進行訂閱。
IAPExperience.PurchaseError.Title.AlreadySubscribed,已訂閱
IAPExperience.PurchaseError.Title.CantSubscribe,無法訂閱
IAPExperience.PurchaseError.Title.Error,
IAPExperience.PurchaseError.Title.RobuxPurchaseFailed,無法取得 Robux
IAPExperience.PurchasePrompt.Action.Buy,
IAPExperience.PurchasePrompt.Action.Cancel,
IAPExperience.PurchasePrompt.Body.PurchaseCompleted,您已成功購買{ITEM_NAME}。
IAPExperience.PurchasePrompt.Body.PurchaseItemsSuccess,你已成功購買道具。
IAPExperience.PurchasePrompt.BuyRobuxAndExperience,購買 Robux 和體驗
IAPExperience.PurchasePrompt.BuyRobuxAndSubscription,購買 Robux 和訂閱
IAPExperience.PurchasePrompt.Header.BuyAvatar,
IAPExperience.PurchasePrompt.Header.BuyRobuxAndAvatar,購買 Robux 和虛擬人偶
IAPExperience.PurchasePrompt.Label.BlackbirdDiscount,Plus 權益（可享 {discountPercentage}% 折扣）
IAPExperience.PurchasePrompt.Label.BlackbirdDiscountEligibleItems,Plus 權益（符合資格的道具可享 {discountPercentage}% 優惠）
IAPExperience.PurchasePrompt.Label.BlackbirdDiscountNoPercent,Plus 權益
IAPExperience.PurchasePrompt.Label.BlackbirdSummary,透過 Plus 省下 {robuxIcon} {savingsAmount}
IAPExperience.PurchasePrompt.Label.GenericDiscount,折扣（可折 {discountPercentage}%）
IAPExperience.PurchasePrompt.Label.GenericDiscountNoPercent,折扣
IAPExperience.PurchasePrompt.Label.Subtotal,小計
IAPExperience.PurchasePrompt.Label.SubtotalWithItemCount,小計（{itemCount} 個道具）
IAPExperience.PurchasePrompt.Label.Total,
IAPExperience.PurchasePrompt.Label.TotalPriceV2,總價
IAPExperience.PurchasePrompt.Text.BuyItemQuestion,購買「{name}」？
IAPExperience.PurchasePrompt.Text.BuyItemQuestionIncludingWarning,娛樂適當就好，注意消費金額。確定購買「{name}」?
IAPExperience.PurchasePrompt.Text.Loading,正在載入……
IAPExperience.PurchasePrompt.Text.RemainingBalance,您在此交易後的餘額為
IAPExperience.PurchasePrompt.Text.RemainingBalanceV2,您在此交易後的餘額將為 {robux}
IAPExperience.PurchasePrompt.Text.TestPurchase,此為測試性購買，您的帳號餘額維持不變。
IAPExperience.PurchasePrompt.Title.BuyExperience,購買體驗
IAPExperience.PurchasePrompt.Title.BuyGamepass,購買特權證
IAPExperience.PurchasePrompt.Title.BuyItem,
IAPExperience.PurchasePrompt.Title.BuyItemV2,
IAPExperience.PurchasePrompt.Title.BuyItems,
IAPExperience.PurchasePrompt.Title.BuyRobuxAndItem,購買 Robux 和道具
IAPExperience.PurchasePrompt.Title.BuyRobuxAndItems,
IAPExperience.PurchasePrompt.Title.BuyRobuxOnly,
IAPExperience.PurchasePrompt.Title.PurchaseCompleted,
IAPExperience.PurchaseSuccess.Action.BackToGame,返回遊戲
IAPExperience.PurchaseSuccess.Action.BackToShop,返回商店
IAPExperience.PurchaseSuccess.Action.Equip,裝備在虛擬人偶上
IAPExperience.PurchaseSuccess.Text.BalanceNow,您目前的餘額為 {robux}。
IAPExperience.PurchaseSuccess.Text.YouOwn,你獲得了 {name}！
IAPExperience.PurchaseSuccess.Title.PurchaseSucceeded,購買成功
IAPExperience.RobuxUpsell.Action.BuyRobux,
IAPExperience.RobuxUpsell.Action.BuyRobuxAndItem,
IAPExperience.RobuxUpsell.Action.Cancel,
IAPExperience.RobuxUpsell.Text.AdditionalRobux,您還需要 {robux}。
IAPExperience.RobuxUpsell.Text.BestValue,最超值
IAPExperience.RobuxUpsell.Text.BetterValue,更划算
IAPExperience.RobuxUpsell.Text.Bonus,額外獎勵
IAPExperience.RobuxUpsell.Text.BonusBannerInfo,透過電腦版、網頁版和禮品卡購買，每次可獲得高達 25% 的額外 Robux
IAPExperience.RobuxUpsell.Text.BonusBannerV1,🎉使用電腦購買可獲得額外獎勵 {robux}！
IAPExperience.RobuxUpsell.Text.BuyRobuxQuestion,
IAPExperience.RobuxUpsell.Text.DisclosurePayment,我們會向您選擇的付款方式收費。
IAPExperience.RobuxUpsell.Text.DisclosureTerms,交易將受到 Roblox 使用條款規範。
IAPExperience.RobuxUpsell.Text.DisclosureTermsURL,受到 Roblox {termsofuse}規範。
IAPExperience.RobuxUpsell.Text.ForYou,專屬推薦
IAPExperience.RobuxUpsell.Text.LastPurchased,上次購買
IAPExperience.RobuxUpsell.Text.Loading,
IAPExperience.RobuxUpsell.Text.MoreRobux,同樣價格，更多 Robux
IAPExperience.RobuxUpsell.Text.NeedMoreRobux,需要更多 Robux
IAPExperience.RobuxUpsell.Text.PopularItem,
IAPExperience.RobuxUpsell.Text.PurchaseNotAvailableOnHeadSet,目前無法使用頭戴式裝置購買 Robux，請使用其他裝置。
IAPExperience.RobuxUpsell.Text.RemainingBalance,剩餘的 {robux} 將會加到您的餘額。
IAPExperience.RobuxUpsell.Text.TermsOfUse,
IAPExperience.RobuxUpsell.Text.VNGDisclosureTerms,交易將受到 Roblox-VNG 使用條款規範。
IAPExperience.RobuxUpsell.Text.VNGDisclosureTermsURL,交易將受到 Roblox-VNG {termsofuse}規範。
IAPExperience.RobuxUpsell.Text.WouldYouBuy,購買 {robux} 禮包？
IAPExperience.RobuxUpsell.Title.InsufficientFunds,
IAPExperience.RobuxUpsell.Title.InsufficientRobux,
IAPExperience.SubscriptionPurchasePrompt.Label.GetSubscription,取得訂閱
IAPExperience.SubscriptionPurchasePrompt.Label.TestFlowDisclaimer,此對話為預覽畫面，顯示了使用者將看到的訂閱說明。點選「訂閱」並不會向您收費。
IAPExperience.U13Confirm.Action.Cancel,
IAPExperience.U13Confirm.Action.Confirm,
IAPExperience.U13Confirm.Text.ParentalConsentWarningPaymentModal13To17,我確定我是帳號主人的家長或法定監護人。我批准此項購買，並同意使用條款。
IAPExperience.U13Confirm.Text.U13MonthlyThreshold1Modal,
IAPExperience.U13Confirm.Text.U13MonthlyThreshold2Modal,
IAPExperience.U13Confirm.Text.U13PaymentModal,此購買將會涉及到真實金錢交易。我同意我滿 18 歲，並是帳號所有人的家長或法定監護人。我批准此筆購買並同意服務條款。
IAPExperience.U13Confirm.Title.Warning,警告！
InGame.Chat.ErrorMessageAnimationPlaying,無法在此動作執行時使用其他動作。
InGame.Chat.ErrorMessageSwitchToR15,切換成 R15 虛擬人偶即可使用此動作。
InGame.Chat.Label.From,自
InGame.Chat.Label.SystemMessagePrefix,
InGame.Chat.Label.TeamMessagePrefix,
InGame.Chat.Label.To,對
InGame.Chat.Response.EmoteNotAvailable,無法使用該動作。
InGame.Chat.Response.EmotesNotSupported,無法在此體驗使用動作。
InGame.Chat.Response.EmotesTemporarilyUnavailable,現在無法使用動作。
InGame.Chat.Response.EmotesWrongAvatarType,只有 R15 虛擬人偶可以使用動作。
InGame.CommonUI.Badge.Popup.LearnMoreLink,
InGame.CommonUI.Button.KeepPlaying,
InGame.CommonUI.Button.Ok,
InGame.CommonUI.Button.Retry,
InGame.CommonUI.Label.Custom,
InGame.CommonUI.Label.CustomOld,舊版自訂
InGame.CommonUI.Label.Default,
InGame.CommonUI.Label.MicOff,麥克風關閉
InGame.CommonUI.Label.MicOnRecording,麥克風開啟（正在錄音）
InGame.CommonUI.Label.Off,
InGame.CommonUI.Label.On,
InGame.CommonUI.Label.PossiblyCustom,可能自訂
InGame.CommonUI.Label.ReturnFallback,返回上一個體驗
InGame.CommonUI.Label.ReturnTo,返回「{placeName}」
InGame.CommonUI.Message.LuobuGameJoinWarning,請勿在現實中模仿遊戲內危險行為，若發現不良行為或違規內容，請立刻檢舉。
InGame.CommonUI.Title.Error,
InGame.CommonUI.Title.Warning,警告
InGame.ConnectionError.Action.Continue,
InGame.ConnectionError.Action.JoinNewServer,加入新伺服器
InGame.ConnectionError.Action.JoinTheLine,加入佇列
InGame.ConnectionError.Action.Ok,
InGame.ConnectionError.Action.Restart,重新啟動
InGame.ConnectionError.Action.ViewCollaborators,檢視合夥人
InGame.ConnectionError.AndroidAnticheatKick,Roblox 偵測到遺失或損毀的檔案。請先解除安裝，再從官方 App Store 中重新安裝 Roblox。
InGame.ConnectionError.AndroidEmulatorKick,我們不允許沒有地點編輯權限的帳號使用模擬器。如未使用模擬器，請聯絡客服人員，並提供此錯誤代碼。
InGame.ConnectionError.Button.Reconnect,重新連線
InGame.ConnectionError.Button.ReconnectNow,立即重新連線
InGame.ConnectionError.ConnectErrors,無法連線到體驗，請再試一次。
InGame.ConnectionError.ConnectionBanned,無法連線至體驗。已遭到此體驗停權。
InGame.ConnectionError.ConnectionFailedRobloxVersion,無法連線至體驗。Roblox 版本過時，請更新並重試。
InGame.ConnectionError.ConnectionFailedWaitAndTry,無法連線至體驗，請稍後再試。
InGame.ConnectionError.CreatorBanDaysPlural,{RBX_TIME_DAYS} 天
InGame.ConnectionError.CreatorBanDaysSingular,
InGame.ConnectionError.CreatorBanHoursPlural,{RBX_TIME_HOURS} 小時
InGame.ConnectionError.CreatorBanHoursSingular,
InGame.ConnectionError.CreatorBanMessage,"審查訊息：

{RBX_STR}"
InGame.ConnectionError.CreatorBanMinutesPlural,{RBX_TIME_MINUTES} 分鐘
InGame.ConnectionError.CreatorBanMinutesSingular,
InGame.ConnectionError.CreatorBanNoTime,你已遭此體驗或體驗審核人員停權。
InGame.ConnectionError.CreatorBanWithTime,你已遭此體驗或體驗審核人員停權，尚餘時間 {RBX_TIME_REMAINING}。
InGame.ConnectionError.Description.AgeCheckRequired,請完成年齡驗證，確認你是否可以玩此遊戲。
InGame.ConnectionError.Description.CollaborationRequiresTrustedFriends,"所有合夥人都需要建立信任關係才能試玩遊戲。

新增信任的聯絡對象，即可繼續試玩。"
InGame.ConnectionError.Description.DontWantToWait,不想等待嗎？
InGame.ConnectionError.Description.FriendsServerIsFullJoiningNewServer,好友的伺服器已滿，正在加入新伺服器。
InGame.ConnectionError.Description.FriendsServerIsFullWaitingToJoin,好友的伺服器已滿，正在等待加入。
InGame.ConnectionError.Description.LockedByAge,根據你的年齡，你無法存取此遊戲。
InGame.ConnectionError.Description.ParentalApprovalRequired,請家長為你解鎖此遊戲。
InGame.ConnectionError.Description.VipOwnerNotPresent,伺服器擁有者在此私人伺服器時，你才可以加入。
InGame.ConnectionError.Description.WantToJoinYourFriend,要加入好友嗎？
InGame.ConnectionError.DisconnectBadhash,發生錯誤，連線中斷。
InGame.ConnectionError.DisconnectBlockedConnection,體驗連線中斷。連線已封鎖。
InGame.ConnectionError.DisconnectClientFailure,體驗連線中斷。發生嚴重錯誤。
InGame.ConnectionError.DisconnectClientRequest,用戶端主動中斷連線。
InGame.ConnectionError.DisconnectCloudEditKick,中斷與團隊創作的連線，請重新連線。
InGame.ConnectionError.DisconnectCollaboratorPermissionRevoked,體驗連線中斷。擁有者已撤銷 TeamCreate 權限。
InGame.ConnectionError.DisconnectCollaboratorUnderage,體驗連線中斷。由於此體驗變更了建議年齡，你已失去 TeamCreate 權限。
InGame.ConnectionError.DisconnectConnectionLost,請檢查網路連線再重新嘗試。
InGame.ConnectionError.DisconnectDevMaintenance,體驗開發人員已暫時關閉體驗伺服器，請重新嘗試。
InGame.ConnectionError.DisconnectDuplicatePlayer,此帳號已從其他裝置開啟此體驗。請退出另一部裝置上的體驗後再重新嘗試。
InGame.ConnectionError.DisconnectDuplicateTicket,發生錯誤，連線中斷。偵測到多條來自同一帳號的連線。
InGame.ConnectionError.DisconnectErrors,發生錯誤，連線中斷。請重新連線。
InGame.ConnectionError.DisconnectEvicted,此帳號已從其他裝置開啟此體驗。若您想使用此裝置，請重新連線。
InGame.ConnectionError.DisconnectHashTimeout,連線逾時，請檢查您的網路連線後重新嘗試。
InGame.ConnectionError.DisconnectIdle,您已閒置 {RBX_NUM} 分鐘，連線中斷
InGame.ConnectionError.DisconnectIllegalTeleport,傳送無效，連線中斷。
InGame.ConnectionError.DisconnectLuaKick,你已遭此體驗或體驗審核人員踢出。
InGame.ConnectionError.DisconnectLuaKickWithMessage,"你已遭此體驗或體驗審核人員踢出。審核訊息：

{RBX_STR}"
InGame.ConnectionError.DisconnectNewSecurityKeyMismatch,
InGame.ConnectionError.DisconnectOnRemoteSysStats,用戶端異常，您已被踢出。
InGame.ConnectionError.DisconnectOutOfMemoryKeepPlayingLeave,您的裝置的記憶體不足。現在離開將能保持目前狀態並防止 Roblox 當機。
InGame.ConnectionError.DisconnectPlayerless,伺服器在連線過程關閉，請重新嘗試。
InGame.ConnectionError.DisconnectPrivateServerKickout,由於失去存取本私人伺服器的權限，您已中斷連線。
InGame.ConnectionError.DisconnectProtocolMismatch,您的 Roblox 版本可能過時，請更新 Roblox 後重新嘗試。
InGame.ConnectionError.DisconnectRaknetErrors,無法連線至體驗。伺服器無回應，請再試一次。
InGame.ConnectionError.DisconnectReceivePacketError,接收資料時發生錯誤，請重新連線。
InGame.ConnectionError.DisconnectReceivePacketStreamError,資料串流發生錯誤，請重新連線。
InGame.ConnectionError.DisconnectRejoin,
InGame.ConnectionError.DisconnectRobloxMaintenance,即將進行維修，伺服器已關閉。請重新嘗試。
InGame.ConnectionError.DisconnectSecurityKeyMismatch,
InGame.ConnectionError.DisconnectSendPacketError,傳送資料時發生錯誤，請重新連線。
InGame.ConnectionError.DisconnectTimeout,
InGame.ConnectionError.DisconnectTryAgain,體驗連線中斷。請重新連線。
InGame.ConnectionError.DisconnectVerboselyModeratedGame,為了確保安全，我們已在有人多次違反規定後中斷此伺服器的連線。你可以透過瞭解《社群標準》中的規範，協助維護 Roblox 的安全。
InGame.ConnectionError.DisconnectWrongVersion,
InGame.ConnectionError.Heading.VRDisconnected,VR 裝置已解除連接
InGame.ConnectionError.Joining,正在加入伺服器
InGame.ConnectionError.Message.ChannelName,頻道：{CHANNEL_NAME}
InGame.ConnectionError.Message.ErrorCode,錯誤代碼：{ERROR_CODE}
InGame.ConnectionError.Message.RestartApp,若要繼續遊玩，請重新啟動 App。
InGame.ConnectionError.PlacelaunchDeviceBlock,你的裝置已遭此體驗或體驗審核人員停權。
InGame.ConnectionError.PlacelaunchDisabled,目標地點受到限制。請嘗試其他地點或稍後再試。
InGame.ConnectionError.PlacelaunchError,找不到您嘗試加入的伺服器，請稍後再試。
InGame.ConnectionError.PlacelaunchErrors,加入體驗時發生錯誤，請重新嘗試。
InGame.ConnectionError.PlacelaunchFlooded,
InGame.ConnectionError.PlacelaunchGameEnded,此體驗已結束，或伺服器因意外系統錯誤無法使用
InGame.ConnectionError.PlacelaunchGameFull,請求的體驗已額滿
InGame.ConnectionError.PlacelaunchHashException,此體驗目前不開放，請稍後再試。
InGame.ConnectionError.PlacelaunchHashExpired,
InGame.ConnectionError.PlacelaunchHttpError,發生 HTTP 錯誤，請關閉用戶端並重新嘗試。
InGame.ConnectionError.PlacelaunchOtherError,我們遇到技術困難，請稍後再試。
InGame.ConnectionError.PlacelaunchPartyCannotFit,您的隊伍人數過多，無法加入此體驗。請嘗試加入其他體驗。
InGame.ConnectionError.PlacelaunchRestricted,體驗狀態已變更，您已失去此體驗的通行權。請稍後再試。
InGame.ConnectionError.PlacelaunchUnauthorized,您沒有加入此體驗的權限。
InGame.ConnectionError.PlacelaunchUserLeft,您嘗試跟隨的使用者已離開體驗。
InGame.ConnectionError.PlacelaunchUserPrivacyUnauthorized,您的隱私設定不允許您加入此伺服器。
InGame.ConnectionError.Queue,您在隊列的位置：{POSITION}
InGame.ConnectionError.ReconnectFailed,重新連線失敗，請再試一次。
InGame.ConnectionError.ReconnectingAttempt,正在重新連線（第 {RBX_ATTEMPT} 次嘗試）...
InGame.ConnectionError.ReconnectingAttemptInSecond,1 秒後重新連線（第 {RBX_ATTEMPT} 次嘗試）...
InGame.ConnectionError.ReconnectingAttemptInSeconds,{RBX_SECONDS} 秒後重新連線（第 {RBX_ATTEMPT} 次嘗試）...
InGame.ConnectionError.RemoteAttestationBootValidationFailure,此遊戲需要信任的作業系統。請在支援的裝置上執行 Roblox，並確保啟動程式已鎖定。
InGame.ConnectionError.RemoteAttestationGeneralFailure,Roblox 無法驗證 App 的完整性。請確保你使用最新版本且可信任的作業系統，然後從官方下載位置重新安裝 Roblox。
InGame.ConnectionError.RemoteAttestationOSOutOfDate,此遊戲需要安裝最新版本的 Android。請確保你使用最新版本的作業系統。
InGame.ConnectionError.RemoteAttestationTimeout,Roblox 因網路問題而無法驗證 App 的完整性。請重新連線。
InGame.ConnectionError.RemoteAttestationUnsupported,此遊戲已啟用額外的硬體安全要求。請在支援的裝置上執行 Roblox。
InGame.ConnectionError.ServerShutdown,體驗連線中斷。伺服器已關閉。
InGame.ConnectionError.TeleportErrors,發生意外錯誤而傳送失敗。請再傳送一次。
InGame.ConnectionError.TeleportFailure,
InGame.ConnectionError.TeleportFlooded,太多傳送要求，請稍後再試。
InGame.ConnectionError.TeleportGameEnded,伺服器已無法使用。請嘗試另一個伺服器或稍後再試。
InGame.ConnectionError.TeleportGameFull,伺服器已滿。請稍後再試，或使用其他伺服器。
InGame.ConnectionError.TeleportGameNotFound,找不到目的地空間。請仔細確認後再試一次。
InGame.ConnectionError.TeleportUnauthorized,您嘗試傳送的空間受到限制。
InGame.ConnectionError.Title.ConnectionFailed,連線失敗
InGame.ConnectionError.Title.Disconnected,連線中斷
InGame.ConnectionError.Title.JoinError,加入時發生錯誤
InGame.ConnectionError.Title.LowMemoryWarning,記憶體不足警告
InGame.ConnectionError.Title.TeleportFailed,傳送失敗
InGame.ConnectionError.UnknownError,未知錯誤。
InGame.EmotesMenu.EmotesDisabled,此體驗已停用動作。
InGame.EmotesMenu.ErrorMessageAnimationPlaying,
InGame.EmotesMenu.ErrorMessageNoMatchingEmote,
InGame.EmotesMenu.ErrorMessageNotSupported,
InGame.EmotesMenu.ErrorMessageR15Only,
InGame.EmotesMenu.ErrorMessageSwitchToR15,
InGame.EmotesMenu.ErrorMessageTemporarilyUnavailable,
InGame.EmotesMenu.NoEmotesEquipped,未裝備動作
InGame.EmotesMenu.SelectAnEmote,選擇動作
InGame.EmotesMenu.VisitShopToGetEmotes,您沒有動作，前往商店購買動作吧！
InGame.FriendPlayerPrompt.Action.Send,
InGame.FriendPlayerPrompt.Title.SendFriendRequest,傳送好友邀請？
InGame.FriendPlayerPrompt.Title.SendFriendRequest.FriendsRename,要傳送好友邀請嗎？
InGame.GameplayPaused.Body,體驗已暫停，請等候體驗內容完成載入。
InGame.GameplayPaused.Title,體驗已暫停
InGame.HelpMenu.Controls.ToggleGameMenu,
InGame.HelpMenu.DownArrow,↓
InGame.HelpMenu.Label.ClientCoreScriptVersion,用戶端 CoreScript 版本：
InGame.HelpMenu.Label.ClientVersion,用戶端版本：
InGame.HelpMenu.Label.PlaceVersion,空間版本：
InGame.HelpMenu.Label.PlaySessionId,PlaySessionId：{RBX_STR}
InGame.HelpMenu.Label.PlayerScripts,PlayerScripts:
InGame.HelpMenu.Label.ServerChannel,伺服器頻道：
InGame.HelpMenu.Label.ServerVersion,伺服器版本：
InGame.HelpMenu.LeftArrow,←
InGame.HelpMenu.RightArrow,→
InGame.HelpMenu.UpArrow,↑
InGame.InspectMenu.Action.Cancel,
InGame.InspectMenu.Action.Confirm,
InGame.InspectMenu.Action.Favorite,
InGame.InspectMenu.Action.FromResale,轉售價格：{PRICE}
InGame.InspectMenu.Action.Go,前往
InGame.InspectMenu.Action.LimitReached,已達道具上限
InGame.InspectMenu.Action.SoldOut,售完
InGame.InspectMenu.Action.TakeOff,脫下
InGame.InspectMenu.Action.TryOn,
InGame.InspectMenu.Action.Unfavorite,從最愛移除
InGame.InspectMenu.Action.View,查看
InGame.InspectMenu.Attribution.GoToDescription,您將離開此區域並前往：{EXPERIENCE_NAME}。
InGame.InspectMenu.Attribution.GoToExperience,前往體驗？
InGame.InspectMenu.Description.LayeredClothingR6,R6 體型不支援此道具。
InGame.InspectMenu.Description.LimitedNotice,此道具只能在型錄裡透過轉賣者購買。
InGame.InspectMenu.Description.MultipleBundlesNotice,此道具為多個組合的一部分。
InGame.InspectMenu.Description.NoInventoryNotice,此使用者未穿戴可檢視的道具。
InGame.InspectMenu.Description.SingleBundleNotice,此道具為組合的一部分。
InGame.InspectMenu.Label.Avatar,{PLAYER_NAME} 的虛擬人偶
InGame.InspectMenu.Label.Limited,限定
InGame.InspectMenu.Label.LimitedItems,限定道具
InGame.InspectMenu.Label.Offsale,
InGame.InspectMenu.Label.Owned,
InGame.InspectMenu.Label.OwnedItems,擁有的道具（{QUANTITY}）
InGame.InspectMenu.Label.PremiumOnly,Premium 限定
InGame.InspectMenu.Label.VerifiedAvatar,{PLAYER_NAME} {VERIFIED_BADGE} 的虛擬人偶
InGame.NotificationScrip2.onCurrentGraphicsQualityLevelChanged.Decreased,減少到 {RBX_NUMBER}
InGame.NotificationScrip2.onCurrentGraphicsQualityLevelChanged.Increased,增加到 {RBX_NUMBER}
InGame.NotificationScript2.Capture.Fail.ToastText,截圖失敗
InGame.NotificationScript2.Capture.Permission.AlertButtonText,
InGame.NotificationScript2.Capture.Permission.AlertText,若要使用此功能，請啟用相片權限。您可以透過裝置設定變更權限。
InGame.NotificationScript2.Capture.Permission.AlertTextAndroid,若要將截圖儲存到圖片庫，請前往設定 > Roblox > 隱私，並啟用儲存。
InGame.NotificationScript2.Capture.Permission.AlertTextIOS,若要將截圖儲存到相簿，請前往設定 > 隱私 > 照片，並啟用 Roblox。
InGame.NotificationScript2.Capture.Permission.AlertTitle,啟用儲存權限
InGame.NotificationScript2.Capture.Success.ToastText,
InGame.NotificationScript2.FriendRequestEvent.Accept,您已與 {RBX_NAME} 成為好友！
InGame.NotificationScript2.Message.ConnectionRequestEvent.Accepted,
InGame.NotificationScript2.Message.ConnectionRequestEvent.Sent,已向你傳送好友邀請！
InGame.NotificationScript2.Message.FriendRequestEvent.Accepted,
InGame.NotificationScript2.Message.FriendRequestEvent.Sent,已向您傳送好友邀請！
InGame.NotificationScript2.Screenshot.ButtonText,開啟資料夾
InGame.NotificationScript2.Screenshot.Description,前往您的截圖資料夾查看。
InGame.NotificationScript2.Screenshot.Title,已截圖
InGame.NotificationScript2.UINavigation.Text,按下「\」切換
InGame.NotificationScript2.UINavigation.Title,已啟用 UI 導覽
InGame.NotificationScript2.Video.ButtonText,
InGame.NotificationScript2.Video.Description,前往您的影片資料夾查看。
InGame.NotificationScript2.Video.Title,已錄製影片
InGame.NotificationScript2.onBadgeAwardedDetail,{RBX_NAME} 贏得了 {CREATOR_NAME} 的「{BADGE_NAME}」徽章！
InGame.NotificationScript2.onBadgeAwardedTitle,已獲得徽章
InGame.NotificationScript2.onPointsAwarded.multiple,您得到 {RBX_NUMBER} 點！
InGame.NotificationScript2.onPointsAwarded.single,
InGame.PlayerDropDown.Accept,
InGame.PlayerDropDown.Action.ConnectionRequest,
InGame.PlayerDropDown.Block,
InGame.PlayerDropDown.CancelRequest,取消邀請
InGame.PlayerDropDown.ConfirmUnfriend,輕觸以確認解除好友關係
InGame.PlayerDropDown.Decline,
InGame.PlayerDropDown.Examine,
InGame.PlayerDropDown.OtherPlayerFriendLimit,{RBX_NAME} 已達好友人數上限。
InGame.PlayerDropDown.Report,
InGame.PlayerDropDown.UnBlock,
InGame.PlayerDropDown.Unfriend,
InGame.PlayerList.FooterLastUpdated,最後更新時間為 {minutes} 分鐘前
InGame.PlayerList.FooterUnableToLoad,無法載入
InGame.PlayerList.FriendsEmpty,你的好友都沒玩過這項體驗。
InGame.PlayerList.Leaderboard,
InGame.PlayerList.LeaderboardUnavailable,無法使用排行榜，請稍後再試。
InGame.PlayerList.Players,
InGame.PlayerList.RankHeader,排名
InGame.PlayerList.Retry,
InGame.Presence.Label.InGame,
InGame.Presence.Label.InStudio,在 Studio 中
InGame.Presence.Label.Offline,
InGame.Presence.Label.Online,
InGame.UnknownNamespace.BACKPACK_SEARCH,
InGame.UnknownNamespace.GameChat.FriendChatNotifier.JoinMessage,你的好友 {RBX_NAME} 已加入體驗。
InGame.UnknownNamespace.GameChat_ChatCommandsTeller_MuteCommand,/mute <使用者名稱> : 將此使用者靜音。
InGame.UnknownNamespace.GameChat_ChatCommandsTeller_TeamCommand,/team <訊息> 或 /t <訊息> : 傳送訊息給隊伍中的使用者。
InGame.UnknownNamespace.GameChat_ChatCommandsTeller_UnMuteCommand,/unmute <使用者名稱> : 將此使用者解除靜音。
InGame.UnknownNamespace.GameChat_ChatCommandsTeller_WhisperCommand,/whisper <使用者名稱> 或 /w <使用者名稱> : 與此使用者開啟私人訊息頻道。
InGame.UnknownNamespace.GameChat_FriendChatNotifier_JoinMessage,你的聯絡對象 {RBX_NAME} 已加入體驗。
InGame.UnknownNamespace.GameChat_PrivateMessaging_CannotWhisperToSelf,您無法與自己開啟私人頻道。
InGame.UnknownNamespace.GameChat_TeamChat_NowInTeam,您在「{RBX_NAME}」隊伍。
InGame.UnknownNamespace.Network,（網路）
InGame.UnknownNamespace.Received,收到
InGame.UnknownNamespace.Sent,
Notifications.NotificationStream.Bundle.ShowLess,顯示更少
Notifications.NotificationStream.Bundle.ShowMoreV2,其他 {notificationCount} 個
Notifications.NotificationStream.Label.AllCaughtUp,都看完了！
Notifications.NotificationStream.Label.Notifications,
Notifications.SafetyAvatarModeration.Description.NotificationTypeInExpWarnMsg,請變更你的虛擬人偶。不久，使用違反《社群標準》虛擬人偶的玩家將被停權，無法加入此遊戲。
Notifications.SafetyAvatarModeration.Label.NotificationTypeInExpWarn,你的虛擬人偶違反了規定
Notifications.SquadRegroupPrompt.ToastAction.Dismiss,
Notifications.SquadRegroupPrompt.ToastAction.Join,
Notifications.SquadRegroupPrompt.ToastLabel.ContinuePlayingTogether,繼續一起遊玩
Notifications.SquadRegroupPrompt.ToastLabel.JoinANewServer,
Notifications.ToastNotifications.Label.LeaveExperienceConfirmation,確定要離開並加入另一個體驗嗎？
Notifications.ToastNotifications.Title.LeavingExperience,離開體驗
PlayerFeedbacks.VoteForm.Message.Action.Report,
PlayerFeedbacks.VoteForm.Message.MaxLengthCharacters,字元數需少於 {count} 個字元。
PlayerFeedbacks.VoteForm.Message.MinLengthCharacters,字元數需多於 {count} 個字元。
PlayerFeedbacks.VoteForm.Message.ReportAbuseInsteadLong,發現安全性問題？在此<u>檢舉濫用</u>。
PlayerFeedbacks.VoteForm.Message.SubmitSuccess,
PlayerFeedbacks.VoteForm.PromptBanner.GiveFeedbackButton,
PlayerFeedbacks.VoteForm.PromptBanner.Message,您的回應將以匿名形式和創作者分享
PlayerFeedbacks.VoteForm.PromptBanner.Title,協助改善此體驗
PlayerFeedbacks.VoteForm.PromptBanner.TitleOnly,協助創作者改善這項體驗
Purchasing.PurchaseDialog.Heading.PendingDeveloperProductLimitReached,
Purchasing.PurchaseDialog.Message.PendingDeveloperProductLimitReached,購買更多產品之前，請先加入體驗來兌換您先前的購買項目。
Purchasing.PurchaseDialog.Message.PendingDeveloperProductOnHome,加入以兌換購買項目
Roblox.ReferralRewards.AdditionalCreatorTerms,其他創作者條款
Roblox.ReferralRewards.Expires,過期
Roblox.ReferralRewards.ReferralProgramTerms,推薦計畫條款
Roblox.ReferralRewards.RewardBannerBody,邀請好友，{gameName} 將提供{rewardName}給您作為獎勵。須遵守相關條款。
Roblox.ReferralRewards.RewardBannerHeader,領取{rewardName}！
Roblox.ReferralRewards.RewardBannerModalCreatorSupport,此獎勵由 {creatorName} 提供，如需協助或有疑問，請直接聯絡創作者。
Roblox.ReferralRewards.RewardBannerModalRewardDetails,獎勵詳情
Roblox.ReferralRewards.RewardBannerModalTitle,好友推薦獎勵
Translation.PlayerChoiceSettings.GameSettings.PlayerChoiceSettingDescription,系統不支援所選擇的語言時，會自動翻譯所有體驗
Translation.PlayerChoiceSettings.GameSettings.PlayerChoiceSettingLabel,自動翻譯
Verification.Identity.Label.AgeVerifyPrompt,驗證年齡，盡情享受 Roblox！
Verification.Identity.Label.ConnectingToMobile,正在連接到您的行動裝置
Verification.Identity.Label.HavingTroubleScanCode,有問題嗎？掃描上方 QR 碼重新開始驗證過程。
Verification.Identity.Label.PleaseDoNotClose,驗證程序完成之前請勿關閉此視窗。
Verification.Identity.Label.UpdatingRoblox,正在更新 Roblox 個人檔案
Verification.Identity.Label.VerificationWaitingForResults,正在等待結果
Verification.Identity.Label.VerifyInBrowser,請在行動裝置瀏覽器完成驗證流程再繼續。
Verification.Identity.Label.VerifyingYou,正在為您進行驗證
Xbox.Old.ActiveUserLostConnectionPhrase,使用者「%s」已登出，請在您想繼續使用的控制器按下「A」。
Xbox.Old.ActiveUserLostConnectionTitle,活躍使用者已移除
Xbox.Old.AlertOccurredTitle,發生警告
Xbox.Old.CPPWelcomePhrase,"您現在可以在 Xbox One 與使用桌上型電腦、手機、平板電腦等各大平台的人享受 Roblox！

這表示您可以見到更多人，不管好友用什麼裝置都可以一起同樂！此選項可以在帳號設定中更新。"
Xbox.Old.CPPWelcomeTitle,歡迎使用跨平台模式！
Xbox.Old.ControllerLostConnectionPhrase,使用者「%s」的控制器已中斷連線，請在您想繼續使用的控制器按下「A」。
Xbox.Old.ControllerLostConnectionTitle,找不到控制器
Xbox.Old.DefaultAlertPhrase,無法連線到 Roblox，請稍後再試。
Xbox.Old.PlatformLinkInfoMessage,已為您建立新的 Roblox 帳號。所有體驗進度與購買將會儲存到此 Roblox 帳號。現在您可以在任何平台登入並繼續體驗！
Xbox.Old.PlatformLinkInfoTitle,歡迎來到 Roblox！
Xbox.Old.PlayMyPlaceMoreGamesPhrase,登入 Roblox.com 即可創作更多體驗和編輯您的作品！
Xbox.Old.PlayMyPlaceMoreGamesTitle,我的體驗
Xbox.Old.ReauthInvalidSessionPhrase,您已被登出所有目前 Roblox 作業。
Xbox.Old.ReauthMaintenancePhrase,我們正在進行維修，短時間內將重新開放。
Xbox.Old.ReauthMaintenanceTitle,維修中
Xbox.Old.ReauthRemovedPhrase,偵測出活躍使用者變更，請重新登入。
Xbox.Old.ReauthRemovedTitle,使用者已變更
Xbox.Old.ReauthSignedOutPhrase,您已登出 Xbox Live 帳號，請重新登入。
Xbox.Old.ReauthSignedOutTitle,已登出
Xbox.Old.ReauthUnknownPhrase,發生錯誤，您已登出。若要繼續進行體驗，請重新登入。
Xbox.Old.ReauthUnlinkPhrase,您已成功與 Roblox 帳號解除連接。現在您可以選擇重新登入或註冊新的 Roblox 帳號。
Xbox.Old.ReauthUnlinkTitle,帳戶已解除連接
Xbox.Old.ReportPlayer,
Xbox.Old.ResizeScreenInputHint,調整畫面尺寸
Xbox.Old.ResizeScreenPrompt,請使用右搖桿調整白色方塊的邊緣，直到剛好在畫面外為止
Xbox.Old.ScreenSizeWord,螢幕尺寸
Xbox.Old.UnlockedUGCPhrase,"因為您已參訪 5 個精選體驗，您可以參訪所有由像您一樣的社群成員創作的體驗！

前往「探索」畫面，看看所有解鎖的新體驗！"
Xbox.Old.UnlockedUGCTitle,已解鎖全部體驗！
